# https://github.com/mikedh/trimesh
v 0.06406303 0.01446870 0.12507635
v 0.08225818 0.01556357 0.11735299
v 0.08345602 0.01473556 0.11684454
v 0.08068459 0.01172423 0.11802096
v 0.08168443 0.01096522 0.11759653
v 0.08454791 0.01382121 0.11638106
v 0.08245184 0.01027101 0.11727077
v 0.08538258 0.01301095 0.11602677
v 0.08297167 0.00972853 0.11705014
v 0.06020666 0.01009856 0.12671328
v 0.08636855 0.01190111 0.11560825
v 0.08331006 0.00934276 0.11690650
v 0.08363452 0.00894311 0.11676877
v 0.08394456 0.00853017 0.11663717
v 0.08703222 0.01101791 0.11532654
v 0.07813124 0.01741412 0.11910477
v 0.07948909 0.01696356 0.11852840
v 0.07758701 0.01324934 0.11933577
v 0.07875839 0.01279392 0.11883856
v 0.08104028 0.01626554 0.11786996
v 0.07963558 0.01236015 0.11846623
v 0.06546107 0.01547887 0.12448292
v 0.06722214 0.01175706 0.12373539
v 0.06694602 0.01633022 0.12385260
v 0.06850963 0.01251559 0.12318889
v 0.06850259 0.01701398 0.12319188
v 0.06963771 0.01301773 0.12271005
v 0.07511860 0.01796020 0.12038356
v 0.07421792 0.01382799 0.12076588
v 0.07543462 0.01373064 0.12024941
v 0.07678505 0.01773740 0.11967619
v 0.07638676 0.01356695 0.11984527
v 0.09027347 0.00297323 0.11395072
v 0.08544764 0.00605834 0.11599915
v 0.06555565 0.01044852 0.12444273
v 0.06092919 -0.00119679 0.12640659
v 0.05739307 -0.00116177 0.12790757
v 0.06091762 -0.00095506 0.12641149
v 0.06660412 -0.01212197 0.12399773
v 0.07052467 -0.01762251 0.12233356
v 0.07304111 -0.01797644 0.12126539
v 0.07011486 0.01752315 0.12250751
v 0.07080991 0.01340961 0.12221249
v 0.07176631 0.01785253 0.12180652
v 0.07200184 0.01366811 0.12170654
v 0.07299377 0.01379010 0.12128549
v 0.07343993 0.01799871 0.12109611
v 0.05831152 0.00601693 0.12751772
v 0.07192602 -0.01787025 0.12173872
v 0.09042094 0.00176783 0.11388812
v 0.08656579 0.00275264 0.11552452
v 0.06296189 0.01349501 0.12554376
v 0.05933664 0.00853851 0.12708258
v 0.06184212 0.00494006 0.12601908
v 0.05872105 0.00714862 0.12734388
v 0.05797323 0.00485773 0.12766131
v 0.06127256 0.00304492 0.12626084
v 0.06149101 -0.01190109 0.12616811
v 0.06534100 -0.01540060 0.12453389
v 0.07774468 -0.01752316 0.11926885
v 0.08894960 0.00760542 0.11451266
v 0.08755904 0.01024005 0.11510292
v 0.06121751 0.01155500 0.12628420
v 0.06341869 0.00798822 0.12534986
v 0.05735860 0.00005368 0.12792220
v 0.05868208 -0.00704995 0.12736042
v 0.06216536 -0.00644533 0.12588186
v 0.06331163 -0.01382118 0.12539530
v 0.06419479 -0.01456842 0.12502042
v 0.07732608 -0.01404225 0.11944547
v 0.08461092 0.00758551 0.11635395
v 0.08831916 0.00893735 0.11478027
v 0.08398054 0.00848062 0.11662285
v 0.06258048 0.00659516 0.12570566
v 0.05770776 0.00367639 0.12777400
v 0.05739975 0.00126889 0.12790474
v 0.06123924 -0.00357166 0.12627498
v 0.05817890 -0.00560768 0.12757401
v 0.06168718 -0.00520525 0.12608484
v 0.05915497 -0.00815215 0.12715969
v 0.06438953 0.00926302 0.12493777
v 0.06214829 0.01265984 0.12588911
v 0.05773749 -0.00384781 0.12776137
v 0.06267676 -0.00750219 0.12566479
v 0.06441233 -0.01006097 0.12492809
v 0.06247698 -0.01301093 0.12574959
v 0.06552314 -0.01120832 0.12445658
v 0.06918937 -0.01725004 0.12290036
v 0.07086251 -0.01413435 0.12219011
v 0.07252194 -0.01444098 0.12148578
v 0.07639027 -0.01780280 0.11984377
v 0.09005139 0.00416521 0.11404498
v 0.05751631 0.00247828 0.12785526
v 0.06101591 0.00152293 0.12636977
v 0.06090393 0.00015111 0.12641731
v 0.07609417 -0.01432441 0.11996946
v 0.09049318 0.00055429 0.11385746
v 0.05750299 -0.00237190 0.12786091
v 0.05982647 -0.00946020 0.12687466
v 0.06062669 -0.01073431 0.12653499
v 0.07406821 -0.01451815 0.12082943
v 0.08839478 -0.00878342 0.11474817
v 0.09025686 -0.00307905 0.11395777
v 0.08677654 -0.00205766 0.11543507
v 0.08682467 0.00091400 0.11541464
v 0.06340200 -0.00872145 0.12535695
v 0.09041095 -0.00187464 0.11389236
v 0.06784625 -0.01674990 0.12347047
v 0.07527832 -0.01794263 0.12031576
v 0.07518050 -0.01445072 0.12035729
v 0.08781595 -0.00982426 0.11499387
v 0.08540776 -0.00687924 0.11601608
v 0.09002824 -0.00426958 0.11405481
v 0.08938795 0.00648654 0.11432660
v 0.08687426 -0.00067168 0.11539359
v 0.06947305 -0.01368614 0.12277996
v 0.07416026 -0.01800060 0.12079035
v 0.08262972 -0.01080720 0.11719529
v 0.08571129 -0.01265983 0.11588724
v 0.09048984 -0.00066158 0.11385887
v 0.08975578 0.00533805 0.11417046
v 0.08467316 -0.01371206 0.11632790
v 0.08602455 0.00467326 0.11575426
v 0.06658757 -0.01613887 0.12400475
v 0.06852938 -0.01327598 0.12318051
v 0.08016089 -0.01668119 0.11824324
v 0.08334108 -0.01482247 0.11689333
v 0.08902025 -0.00744877 0.11448268
v 0.08963650 -0.00575201 0.11422109
v 0.08653936 -0.00354848 0.11553574
v 0.08355604 -0.00978876 0.11680209
v 0.08717372 -0.01082031 0.11526648
v 0.06797490 -0.01299124 0.12341585
v 0.07911005 -0.01710012 0.11868929
v 0.08023638 -0.01271497 0.11821119
v 0.08118326 -0.01618616 0.11780927
v 0.06729677 -0.01259706 0.12370372
v 0.06751168 -0.01272777 0.12361249
v 0.06769397 -0.01283426 0.12353512
v 0.08606261 -0.00527199 0.11573811
v 0.08647113 -0.01176689 0.11556471
v 0.08217257 -0.01561727 0.11738933
v 0.08159924 -0.01173556 0.11763269
v 0.08452088 -0.00847191 0.11639254
v 0.06387341 0.00432410 0.13080715
v 0.06341236 0.00582640 0.12821763
v 0.08389752 0.00859703 0.11666135
v 0.06591700 0.01063631 0.12464383
v 0.06612237 0.01092193 0.12420315
v 0.06542753 0.01028319 0.12451450
v 0.06499283 0.00970169 0.12505688
v 0.06481132 0.00963492 0.12479054
v 0.06413474 0.00864685 0.12544294
v 0.06429425 0.00901254 0.12502271
v 0.06377676 0.00831008 0.12525646
v 0.06355541 0.00777684 0.12570544
v 0.06313916 0.00705961 0.12589618
v 0.06310681 0.00723486 0.12556151
v 0.06271637 0.00621035 0.12609122
v 0.06253547 0.00608459 0.12582552
v 0.06230144 0.00520464 0.12628501
v 0.06188477 0.00388763 0.12648496
v 0.06205566 0.00486645 0.12605086
v 0.06169738 0.00362487 0.12622373
v 0.06157433 0.00240671 0.12664101
v 0.06138683 0.00191336 0.12638365
v 0.06149497 0.00264865 0.12632597
v 0.06144967 0.00131977 0.12671104
v 0.06140217 0.00045870 0.12674504
v 0.06130430 0.00104946 0.12643232
v 0.06141132 -0.00058264 0.12675622
v 0.06127286 -0.00022676 0.12646526
v 0.06151206 -0.00178355 0.12673250
v 0.06137111 -0.00165445 0.12644266
v 0.06172474 -0.00303921 0.12666309
v 0.06152455 -0.00264240 0.12639594
v 0.06206477 -0.00435018 0.12654025
v 0.06172218 -0.00356620 0.12632713
v 0.06253032 -0.00562724 0.12636500
v 0.06311321 -0.00686371 0.12614056
v 0.06381186 -0.00803164 0.12586559
v 0.06455512 -0.00904809 0.12557081
v 0.06386438 -0.00829099 0.12550323
v 0.06529959 -0.00989802 0.12527238
v 0.06617149 -0.01073776 0.12492166
v 0.06526887 -0.00999846 0.12494304
v 0.06608814 -0.01076825 0.12461256
v 0.06715872 -0.01151872 0.12452356
v 0.06826321 -0.01223029 0.12407766
v 0.06784367 -0.01205173 0.12390363
v 0.06918322 -0.01269837 0.12370439
v 0.06884528 -0.01260060 0.12349862
v 0.06989349 -0.01300366 0.12341649
v 0.06989082 -0.01305063 0.12307457
v 0.07067475 -0.01327707 0.12309904
v 0.07149905 -0.01350500 0.12276410
v 0.07095982 -0.01340053 0.12264024
v 0.07233891 -0.01367219 0.12242239
v 0.07329606 -0.01379132 0.12203244
v 0.07292809 -0.01376618 0.12183959
v 0.07458270 -0.01382745 0.12150696
v 0.07382765 -0.01382452 0.12147196
v 0.07591750 -0.01371284 0.12096271
v 0.07612593 -0.01366039 0.12053446
v 0.07688338 -0.01353090 0.12056987
v 0.07786441 -0.01327023 0.12017129
v 0.07721792 -0.01341891 0.12009056
v 0.07816044 -0.01312464 0.11970786
v 0.07902493 -0.01283225 0.11970022
v 0.07899271 -0.01278949 0.11937038
v 0.08006408 -0.01232496 0.11927892
v 0.07973384 -0.01243273 0.11906973
v 0.08114075 -0.01166019 0.11884368
v 0.08051695 -0.01198374 0.11875324
v 0.08208551 -0.01094394 0.11846203
v 0.08128212 -0.01147066 0.11844483
v 0.08293009 -0.01017427 0.11812233
v 0.08224753 -0.01070122 0.11805477
v 0.08376231 -0.00927299 0.11778880
v 0.08320775 -0.00975980 0.11766894
v 0.08449708 -0.00831155 0.11749603
v 0.08408786 -0.00870820 0.11731679
v 0.08493319 -0.00764278 0.11732384
v 0.08482066 -0.00762796 0.11702621
v 0.08537167 -0.00688801 0.11715181
v 0.08524189 -0.00689091 0.11686197
v 0.08597337 -0.00562406 0.11691978
v 0.08647806 -0.00421023 0.11673057
v 0.08683529 -0.00275995 0.11660272
v 0.08657098 -0.00340824 0.11635901
v 0.08700543 -0.00161831 0.11654857
v 0.08681466 -0.00213194 0.11627614
v 0.08708236 -0.00070508 0.11653021
v 0.08710114 0.00034699 0.11653807
v 0.08695205 -0.00087157 0.11623774
v 0.08697511 0.00044145 0.11624851
v 0.08703871 0.00148225 0.11658262
v 0.08689421 0.00170531 0.11630248
v 0.08688411 0.00264502 0.11666656
v 0.08672889 0.00280322 0.11639042
v 0.08658393 0.00400881 0.11681684
v 0.08654554 0.00366369 0.11648297
v 0.08626410 0.00501308 0.11696970
v 0.08621610 0.00480286 0.11663996
v 0.08596747 0.00579385 0.11710932
v 0.08573231 0.00605427 0.11686898
v 0.08550724 0.00678300 0.11732286
v 0.08494199 0.00778901 0.11758165
v 0.08521608 0.00709916 0.11710684
v 0.08474277 0.00790263 0.11732350
v 0.08422608 0.00866161 0.11755861
v 0.08433151 0.00868537 0.11785869
v 0.08376302 0.00940787 0.11811449
v 0.08357853 0.00947836 0.11784979
v 0.08307476 0.01015899 0.11842294
v 0.08219626 0.01097468 0.11881561
v 0.08279163 0.01031880 0.11820101
v 0.08120985 0.01172035 0.11925509
v 0.08034059 0.01226477 0.11964145
v 0.08095512 0.01181188 0.11901980
v 0.07954027 0.01268038 0.11999686
v 0.07979295 0.01249668 0.11953760
v 0.07853655 0.01310845 0.12044244
v 0.07736996 0.01346760 0.12095918
v 0.07742972 0.01342302 0.12058504
v 0.07634728 0.01368050 0.12141119
v 0.07605149 0.01370912 0.12119424
v 0.07525805 0.01380484 0.12189282
v 0.07488392 0.01381703 0.12170974
v 0.07426597 0.01382542 0.12232988
v 0.07331324 0.01376788 0.12275042
v 0.07369922 0.01381181 0.12223345
v 0.07212472 0.01358649 0.12327529
v 0.07273400 0.01370920 0.12265932
v 0.07193486 0.01356880 0.12301212
v 0.07113719 0.01332925 0.12371266
v 0.07041075 0.01308606 0.12403450
v 0.06951119 0.01270844 0.12443330
v 0.07008217 0.01300912 0.12383332
v 0.06859719 0.01223108 0.12483954
v 0.06884872 0.01244336 0.12437971
v 0.06766487 0.01163697 0.12525421
v 0.06780203 0.01181365 0.12484523
v 0.06691173 0.01116488 0.12524197
v 0.06670026 0.01088684 0.12568410
v 0.06588551 0.01012326 0.12604837
v 0.06517841 0.00934238 0.12636527
v 0.06533062 0.00966598 0.12594892
v 0.06443738 0.00837338 0.12669955
v 0.06384767 0.00765575 0.12661862
v 0.06386859 0.00747339 0.12695839
v 0.06345549 0.00671570 0.12714753
v 0.06300440 0.00573499 0.12735735
v 0.06324458 0.00654236 0.12689496
v 0.06288217 0.00573026 0.12706423
v 0.06253460 0.00442852 0.12757950
v 0.06254661 0.00484729 0.12722145
v 0.06226168 0.00337841 0.12771267
v 0.06218872 0.00361160 0.12739547
v 0.06204880 0.00226149 0.12782179
v 0.06181177 0.00120570 0.12759342
v 0.06193260 0.00230143 0.12752553
v 0.06192697 0.00107225 0.12789241
v 0.06177325 0.00036429 0.12762348
v 0.06189083 -0.00002629 0.12792442
v 0.06196640 -0.00142008 0.12791359
v 0.06178580 -0.00065316 0.12763355
v 0.06213867 -0.00262210 0.12785963
v 0.06208416 -0.00297354 0.12754514
v 0.06241882 -0.00386032 0.12776140
v 0.06231169 -0.00390878 0.12746280
v 0.06281581 -0.00509067 0.12761398
v 0.06268844 -0.00508774 0.12732296
v 0.06329461 -0.00623148 0.12743109
v 0.06378298 -0.00717038 0.12724146
v 0.06346806 -0.00682102 0.12702415
v 0.06429484 -0.00801131 0.12703949
v 0.06396059 -0.00768547 0.12682951
v 0.06497299 -0.00894776 0.12677092
v 0.06572584 -0.00982526 0.12646968
v 0.06551072 -0.00972317 0.12621377
v 0.06642226 -0.01051211 0.12618941
v 0.06621534 -0.01043807 0.12593201
v 0.06713550 -0.01112486 0.12590229
v 0.06709535 -0.01119092 0.12557631
v 0.06785838 -0.01165813 0.12561042
v 0.06860663 -0.01213827 0.12530807
v 0.06870804 -0.01226543 0.12492439
v 0.06957591 -0.01265227 0.12491506
v 0.06946356 -0.01265613 0.12461835
v 0.07035552 -0.01298827 0.12459910
v 0.07106909 -0.01328321 0.12396674
v 0.07123484 -0.01329989 0.12424259
v 0.07186677 -0.01350456 0.12364192
v 0.07224473 -0.01356166 0.12383179
v 0.07331856 -0.01374439 0.12339412
v 0.07278051 -0.01368330 0.12327023
v 0.07377080 -0.01379965 0.12286595
v 0.07460951 -0.01382975 0.12286777
v 0.07487302 -0.01382522 0.12241744
v 0.07560549 -0.01379576 0.12246142
v 0.07654941 -0.01369117 0.12207722
v 0.07586701 -0.01376280 0.12201238
v 0.07687647 -0.01361232 0.12160119
v 0.07741021 -0.01352442 0.12172646
v 0.07834177 -0.01327375 0.12134771
v 0.07804685 -0.01332837 0.12112495
v 0.07951029 -0.01283894 0.12087377
v 0.07912143 -0.01294581 0.12068865
v 0.08042368 -0.01239496 0.12050321
v 0.07994735 -0.01257700 0.12035302
v 0.08115710 -0.01197185 0.12020650
v 0.08213735 -0.01130047 0.11981075
v 0.08103908 -0.01197314 0.11991124
v 0.08301046 -0.01056742 0.11945894
v 0.08288387 -0.01057540 0.11916659
v 0.08371669 -0.00987858 0.11917434
v 0.08375714 -0.00969955 0.11881680
v 0.08452619 -0.00894156 0.11885053
v 0.08437278 -0.00897455 0.11856962
v 0.08526613 -0.00790906 0.11855730
v 0.08500599 -0.00811326 0.11831884
v 0.08595680 -0.00672266 0.11828661
v 0.08562005 -0.00711225 0.11807782
v 0.08608366 -0.00620697 0.11789891
v 0.08652705 -0.00548077 0.11806666
v 0.08698479 -0.00417128 0.11789544
v 0.08643600 -0.00539265 0.11776221
v 0.08676807 -0.00446041 0.11763732
v 0.08725335 -0.00311628 0.11779897
v 0.08706075 -0.00342527 0.11752994
v 0.08746463 -0.00195003 0.11772810
v 0.08728067 -0.00232020 0.11745532
v 0.08757553 -0.00075051 0.11770010
v 0.08740552 -0.00136823 0.11741667
v 0.08759991 0.00026573 0.11770492
v 0.08747787 -0.00006580 0.11740615
v 0.08752913 0.00155138 0.11775511
v 0.08741530 0.00146011 0.11745733
v 0.08739617 0.00253781 0.11782709
v 0.08722085 0.00343030 0.11791644
v 0.08722819 0.00280432 0.11755672
v 0.08700719 0.00379167 0.11766816
v 0.08697664 0.00435378 0.11803519
v 0.08675490 0.00466903 0.11778981
v 0.08666519 0.00528184 0.11818399
v 0.08633411 0.00608803 0.11833871
v 0.08594607 0.00689367 0.11851838
v 0.08590312 0.00673958 0.11818838
v 0.08533147 0.00796112 0.11879962
v 0.08522290 0.00793579 0.11849885
v 0.08459157 0.00899943 0.11913422
v 0.08442865 0.00905080 0.11885847
v 0.08390272 0.00981172 0.11944332
v 0.08353677 0.01007129 0.11925890
v 0.08327813 0.01044405 0.11972279
v 0.08269300 0.01096857 0.11998425
v 0.08266793 0.01088553 0.11964819
v 0.08178008 0.01167255 0.12039119
v 0.08199757 0.01141969 0.11994672
v 0.08060597 0.01239505 0.12091299
v 0.08113708 0.01201490 0.12033088
v 0.08007189 0.01260463 0.12080247
v 0.07961986 0.01286977 0.12135076
v 0.07854538 0.01327652 0.12182735
v 0.07913933 0.01301699 0.12121666
v 0.07797731 0.01340799 0.12173088
v 0.07748319 0.01355682 0.12229775
v 0.07642632 0.01374330 0.12276457
v 0.07691977 0.01364440 0.12219958
v 0.07592123 0.01378244 0.12264011
v 0.07520299 0.01382715 0.12330486
v 0.07484612 0.01382759 0.12311569
v 0.07412506 0.01379597 0.12377972
v 0.07319633 0.01368658 0.12419037
v 0.07368908 0.01377123 0.12362530
v 0.07246628 0.01354804 0.12451321
v 0.07165335 0.01333637 0.12487247
v 0.07231401 0.01354650 0.12423422
v 0.07090671 0.01308439 0.12520387
v 0.07115744 0.01321911 0.12474599
v 0.07014432 0.01277117 0.12554133
v 0.06934832 0.01237220 0.12589522
v 0.06958709 0.01256372 0.12544127
v 0.06861275 0.01193783 0.12622268
v 0.06881307 0.01213715 0.12578579
v 0.06801501 0.01161940 0.12614275
v 0.06777297 0.01135261 0.12659558
v 0.06694985 0.01066732 0.12696343
v 0.06722602 0.01101449 0.12649260
v 0.06647058 0.01033442 0.12683052
v 0.06626654 0.01000300 0.12726926
v 0.06557952 0.00922845 0.12757621
v 0.06570287 0.00952182 0.12717392
v 0.06505341 0.00870807 0.12746546
v 0.06475336 0.00810800 0.12795041
v 0.06450897 0.00791507 0.12771323
v 0.06416435 0.00711873 0.12821916
v 0.06371486 0.00622714 0.12842645
v 0.06397551 0.00700171 0.12795668
v 0.06324709 0.00507522 0.12864513
v 0.06294127 0.00410576 0.12879231
v 0.06299540 0.00469431 0.12841422
v 0.06272322 0.00322858 0.12889929
v 0.06269001 0.00363450 0.12856079
v 0.06253903 0.00220013 0.12899451
v 0.06242016 0.00225076 0.12869964
v 0.06240729 0.00088341 0.12907106
v 0.06229209 0.00098413 0.12877268
v 0.06240363 -0.00064651 0.12909579
v 0.06226667 -0.00010926 0.12880095
v 0.06231823 -0.00117463 0.12879516
v 0.06250229 -0.00174020 0.12907102
v 0.06262555 -0.00256714 0.12903192
v 0.06244678 -0.00224402 0.12875790
v 0.06268310 -0.00342918 0.12867943
v 0.06285031 -0.00360772 0.12895368
v 0.06315921 -0.00465346 0.12884037
v 0.06295570 -0.00441011 0.12857776
v 0.06327814 -0.00532079 0.12845662
v 0.06354153 -0.00567133 0.12869561
v 0.06413448 -0.00691766 0.12846671
v 0.06415429 -0.00717130 0.12811856
v 0.06365821 -0.00621070 0.12831065
v 0.06477008 -0.00797675 0.12821766
v 0.06466346 -0.00800201 0.12791763
v 0.06531780 -0.00875125 0.12800015
v 0.06527401 -0.00886018 0.12767484
v 0.06595689 -0.00953249 0.12774501
v 0.06679293 -0.01040043 0.12740902
v 0.06602549 -0.00974468 0.12737589
v 0.06675499 -0.01047757 0.12708150
v 0.06776371 -0.01122993 0.12701798
v 0.06750215 -0.01111864 0.12678216
v 0.06866809 -0.01186978 0.12665310
v 0.06827566 -0.01169290 0.12646838
v 0.06976478 -0.01250464 0.12620931
v 0.06924701 -0.01229052 0.12607641
v 0.07074343 -0.01294568 0.12581217
v 0.07094527 -0.01307381 0.12538779
v 0.07174569 -0.01330571 0.12540558
v 0.07192433 -0.01339148 0.12498934
v 0.07280411 -0.01357481 0.12497482
v 0.07291827 -0.01362269 0.12458620
v 0.07375864 -0.01373557 0.12458645
v 0.07392936 -0.01376860 0.12417361
v 0.07464867 -0.01381213 0.12422328
v 0.07564229 -0.01382309 0.12381825
v 0.07481897 -0.01382283 0.12381116
v 0.07579263 -0.01381122 0.12341241
v 0.07658175 -0.01375118 0.12343492
v 0.07742324 -0.01362547 0.12309200
v 0.07711401 -0.01366266 0.12287454
v 0.07823576 -0.01344413 0.12276176
v 0.07910479 -0.01318514 0.12240847
v 0.08012782 -0.01278478 0.12199322
v 0.07935944 -0.01304726 0.12196266
v 0.08039874 -0.01260322 0.12153973
v 0.08103169 -0.01233473 0.12162733
v 0.08171478 -0.01193301 0.12135078
v 0.08259079 -0.01133018 0.12099697
v 0.08165850 -0.01189507 0.12103119
v 0.08265631 -0.01118266 0.12062867
v 0.08350692 -0.01057019 0.12062732
v 0.08346844 -0.01049041 0.12030150
v 0.08426951 -0.00981630 0.12032147
v 0.08420261 -0.00975446 0.12000534
v 0.08503203 -0.00893150 0.12001568
v 0.08487583 -0.00896776 0.11973573
v 0.08565294 -0.00806851 0.11976916
v 0.08551216 -0.00809621 0.11948389
v 0.08615335 -0.00726549 0.11957237
v 0.08667483 -0.00627138 0.11936996
v 0.08615772 -0.00704268 0.11922976
v 0.08674088 -0.00585274 0.11900468
v 0.08705262 -0.00539816 0.11922479
v 0.08735725 -0.00455975 0.11911027
v 0.08714571 -0.00481839 0.11884985
v 0.08760495 -0.00371534 0.11901925
v 0.08741879 -0.00394194 0.11874971
v 0.08782531 -0.00275390 0.11894165
v 0.08764737 -0.00302453 0.11866714
v 0.08797401 -0.00181623 0.11889399
v 0.08808132 -0.00065599 0.11886640
v 0.08796825 -0.00034321 0.11857348
v 0.08807791 0.00089611 0.11889183
v 0.08794811 0.00092784 0.11860235
v 0.08796571 0.00204503 0.11895704
v 0.08779271 0.00308931 0.11904726
v 0.08782285 0.00221592 0.11867626
v 0.08752477 0.00417729 0.11917955
v 0.08718685 0.00521701 0.11934110
v 0.08672832 0.00631784 0.11955534
v 0.08671170 0.00607594 0.11921308
v 0.08629025 0.00694798 0.11940796
v 0.08624384 0.00725858 0.11977844
v 0.08583676 0.00793752 0.11996400
v 0.08537587 0.00861475 0.12017336
v 0.08536698 0.00845565 0.11982856
v 0.08483932 0.00930704 0.12041516
v 0.08463041 0.00941255 0.12016029
v 0.08410143 0.01012703 0.12074563
v 0.08379853 0.01030332 0.12053363
v 0.08325676 0.01091239 0.12112282
v 0.08235738 0.01161328 0.12152364
v 0.08287975 0.01112621 0.12094274
v 0.08189676 0.01184186 0.12138130
v 0.08125924 0.01231013 0.12201264
v 0.08022919 0.01282034 0.12246988
v 0.07919065 0.01322693 0.12293092
v 0.07972518 0.01298142 0.12234552
v 0.07816235 0.01351593 0.12338576
v 0.07813642 0.01349289 0.12305062
v 0.07736202 0.01367490 0.12373928
v 0.07622237 0.01379433 0.12389563
v 0.07656405 0.01377726 0.12409226
v 0.07708302 0.01370188 0.12351565
v 0.07570368 0.01382683 0.12447156
v 0.07541457 0.01382783 0.12425255
v 0.07479992 0.01380651 0.12487030
v 0.07390791 0.01371992 0.12526443
v 0.07299332 0.01355538 0.12566792
v 0.07344611 0.01366810 0.12512046
v 0.07199035 0.01328971 0.12611269
v 0.07244928 0.01345554 0.12556260
v 0.07086441 0.01287245 0.12661133
v 0.06995355 0.01243049 0.12701611
v 0.06993034 0.01248784 0.12667831
v 0.06908305 0.01192557 0.12740230
v 0.06818330 0.01128352 0.12780359
v 0.06895645 0.01191998 0.12711215
v 0.06751783 0.01073169 0.12810076
v 0.06793403 0.01119148 0.12756579
v 0.06684893 0.01009222 0.12839925
v 0.06692987 0.01030111 0.12801549
v 0.06618270 0.00935650 0.12869783
v 0.06600941 0.00930125 0.12842724
v 0.06540166 0.00833476 0.12905080
v 0.06532463 0.00839372 0.12873631
v 0.06469270 0.00718244 0.12937338
v 0.06475581 0.00751216 0.12899460
v 0.06417364 0.00614095 0.12961283
v 0.06410773 0.00627735 0.12929273
v 0.06370319 0.00496857 0.12983348
v 0.06368777 0.00525398 0.12949007
v 0.06339146 0.00393577 0.12998323
v 0.06319089 0.00309079 0.13008304
v 0.06337815 0.00433926 0.12963723
v 0.06314331 0.00343540 0.12975226
v 0.06296431 0.00254359 0.12984224
v 0.06302856 0.00214615 0.13016692
v 0.06280480 0.00125840 0.12993202
v 0.06292507 0.00116800 0.13022658
v 0.06288604 0.00016799 0.13025855
v 0.06276416 0.00019422 0.12996487
v 0.06291800 -0.00092105 0.13026132
v 0.06278213 -0.00070268 0.12997100
v 0.06301245 -0.00185070 0.13023567
v 0.06315741 -0.00275984 0.13018902
v 0.06290081 -0.00198242 0.12993929
v 0.06346074 -0.00403938 0.13008119
v 0.06313652 -0.00324965 0.12986071
v 0.06342762 -0.00433325 0.12975497
v 0.06386142 -0.00522748 0.12993209
v 0.06383090 -0.00547182 0.12960456
v 0.06435296 -0.00637449 0.12974381
v 0.06451152 -0.00691517 0.12934149
v 0.06493523 -0.00744737 0.12951671
v 0.06495400 -0.00768301 0.12916843
v 0.06548882 -0.00830647 0.12929839
v 0.06555322 -0.00856879 0.12893170
v 0.06605117 -0.00905339 0.12907457
v 0.06673173 -0.00983948 0.12880242
v 0.06614954 -0.00932261 0.12869302
v 0.06683666 -0.01007729 0.12841738
v 0.06764522 -0.01072469 0.12843508
v 0.06766406 -0.01084446 0.12808525
v 0.06843503 -0.01135959 0.12811653
v 0.06915565 -0.01186470 0.12782514
v 0.06863538 -0.01160150 0.12769295
v 0.07028965 -0.01251951 0.12736661
v 0.06971201 -0.01227306 0.12725813
v 0.07136963 -0.01299879 0.12692859
v 0.07082839 -0.01283032 0.12680472
v 0.07214730 -0.01327196 0.12661268
v 0.07196389 -0.01325462 0.12634503
v 0.07299238 -0.01350672 0.12626927
v 0.07277445 -0.01348159 0.12601523
v 0.07400546 -0.01370119 0.12585662
v 0.07353673 -0.01364500 0.12570422
v 0.07462958 -0.01378916 0.12525953
v 0.07487520 -0.01379505 0.12550274
v 0.07575650 -0.01382972 0.12514286
v 0.07549915 -0.01382533 0.12490519
v 0.07689130 -0.01377307 0.12467913
v 0.07632034 -0.01380724 0.12456935
v 0.07783346 -0.01364035 0.12429648
v 0.07752645 -0.01367674 0.12407750
v 0.07856975 -0.01348565 0.12399651
v 0.07951005 -0.01321566 0.12361420
v 0.07871120 -0.01341809 0.12359654
v 0.08035963 -0.01289568 0.12326987
v 0.07986927 -0.01304742 0.12312701
v 0.08106920 -0.01257321 0.12298197
v 0.08197826 -0.01208025 0.12261370
v 0.08110245 -0.01249756 0.12262613
v 0.08219496 -0.01186754 0.12218399
v 0.08282620 -0.01151790 0.12227132
v 0.08357651 -0.01094334 0.12196851
v 0.08436455 -0.01022579 0.12165127
v 0.08355533 -0.01085236 0.12163567
v 0.08427902 -0.01019125 0.12134282
v 0.08501118 -0.00954751 0.12139167
v 0.08493544 -0.00948869 0.12108005
v 0.08582499 -0.00854257 0.12106736
v 0.08644876 -0.00760060 0.12082017
v 0.08620371 -0.00780278 0.12057491
v 0.08699146 -0.00663919 0.12060803
v 0.08684871 -0.00667068 0.12032260
v 0.08757612 -0.00534243 0.12038323
v 0.08734496 -0.00560207 0.12013168
v 0.08793654 -0.00387259 0.11991115
v 0.08767009 -0.00473080 0.12000912
v 0.08801709 -0.00403211 0.12021880
v 0.08834048 -0.00267273 0.12010443
v 0.08854441 -0.00115793 0.12004184
v 0.08836112 -0.00170759 0.11976625
v 0.08859020 -0.00000007 0.12003966
v 0.08846503 0.00024156 0.11975190
v 0.08896408 -0.00000058 0.12091620
v 0.08727245 0.00593998 0.12035276
v 0.08676610 0.00698302 0.12058620
v 0.08724649 0.00737629 0.12232770
v 0.08678708 0.00812176 0.12254541
v 0.08630853 0.00778225 0.12079561
v 0.08572186 0.00865275 0.12106202
v 0.08512022 0.00941486 0.12133263
v 0.07753912 0.01370977 0.12470143
v 0.07927991 0.01348929 0.12571202
v 0.08065469 0.01279767 0.12332344
v 0.08156965 0.01234054 0.12291678
v 0.08237983 0.01225660 0.12443337
v 0.08261207 0.01169839 0.12245427
v 0.08358970 0.01094570 0.12201743
v 0.08440293 0.01019763 0.12165400
v 0.07665830 0.01381941 0.12690508
v 0.07636047 0.01381722 0.12522242
v 0.07521923 0.01381402 0.12572516
v 0.07421871 0.01370900 0.12616799
v 0.07329929 0.01337308 0.12833137
v 0.07319350 0.01352024 0.12662251
v 0.07204468 0.01318291 0.12712954
v 0.07254058 0.01314113 0.12860451
v 0.07008825 0.01230540 0.12799671
v 0.07175239 0.01283582 0.12891846
v 0.07111162 0.01281566 0.12754304
v 0.07023477 0.01204054 0.12957743
v 0.06450013 0.00603599 0.13051093
v 0.06490731 0.00688720 0.13032178
v 0.06555623 0.00800785 0.13002507
v 0.06607389 0.00874464 0.12979242
v 0.06663012 0.00944320 0.12954101
v 0.06674763 0.00890748 0.13103911
v 0.06810460 0.01092103 0.12888116
v 0.06909645 0.01168315 0.12844051
v 0.06358822 0.00323152 0.13094499
v 0.06379644 0.00093028 0.13232033
v 0.06335006 0.00176693 0.13107170
v 0.06326382 0.00050820 0.13112777
v 0.06377577 -0.00069979 0.13230503
v 0.06387334 -0.00167881 0.13231323
v 0.06328073 -0.00080915 0.13113950
v 0.06341872 -0.00210957 0.13110222
v 0.06412204 -0.00318139 0.13220978
v 0.06395889 -0.00445814 0.13091084
v 0.06446978 -0.00581242 0.13071918
v 0.06528730 -0.00654629 0.13168862
v 0.06570256 -0.00732280 0.13151885
v 0.06492975 -0.00677007 0.13054088
v 0.06539652 -0.00759559 0.13035864
v 0.06599184 -0.00849023 0.13012256
v 0.06664844 -0.00932786 0.12986088
v 0.06752057 -0.01026512 0.12951362
v 0.06824777 -0.01091641 0.12921861
v 0.06927323 -0.01138436 0.13000072
v 0.06893964 -0.01145944 0.12894013
v 0.07062089 -0.01225467 0.12945203
v 0.06999550 -0.01215512 0.12851266
v 0.07436430 -0.01369915 0.12673941
v 0.07506309 -0.01374187 0.12751078
v 0.07335009 -0.01350333 0.12715122
v 0.07234946 -0.01321859 0.12755836
v 0.07268017 -0.01319656 0.12852069
v 0.07124730 -0.01279590 0.12800545
v 0.07155676 -0.01273396 0.12905371
v 0.08035278 -0.01304806 0.12429944
v 0.07936900 -0.01337341 0.12469941
v 0.07839178 -0.01360716 0.12509653
v 0.07874199 -0.01360709 0.12597381
v 0.07740073 -0.01375800 0.12550037
v 0.07654453 -0.01381820 0.12584994
v 0.07555156 -0.01381821 0.12625438
v 0.08147818 -0.01255973 0.12384322
v 0.08331911 -0.01143102 0.12309940
v 0.08417703 -0.01075000 0.12275355
v 0.08584531 -0.00936888 0.12294210
v 0.08518101 -0.00977326 0.12234917
v 0.08813862 0.00322611 0.11993858
v 0.08833786 0.00204631 0.11983357
v 0.08889902 -0.00134703 0.12092219
v 0.08871527 -0.00263796 0.12097983
v 0.08848304 -0.00368499 0.12106245
v 0.08822715 -0.00454898 0.12115567
v 0.08788749 -0.00548930 0.12128254
v 0.08736580 -0.00663544 0.12148594
v 0.08676419 -0.00769503 0.12171873
v 0.08607245 -0.00870812 0.12199308
v 0.06693067 0.01146513 0.12419139
v 0.06780232 0.01205192 0.12380275
v 0.06865066 0.01252975 0.12342623
v 0.06982085 0.01305606 0.12290711
v 0.07098275 0.01342809 0.12239224
v 0.07191280 0.01363869 0.12198105
v 0.07291328 0.01377724 0.12153844
v 0.07387692 0.01382708 0.12111372
v 0.07482537 0.01379930 0.12069548
v 0.07683309 0.01347647 0.11980811
v 0.07590146 0.01367282 0.12021992
v 0.07871611 0.01283140 0.11897361
v 0.07776205 0.01320451 0.11939664
v 0.07954000 0.01243147 0.11860796
v 0.08037495 0.01194426 0.11823682
v 0.08118639 0.01137870 0.11787502
v 0.08194650 0.01075783 0.11753641
v 0.08274663 0.00998789 0.11717889
v 0.08345450 0.00917571 0.11686114
v 0.08327160 0.00939739 0.11694336
v 0.08367280 0.00889953 0.11676262
v 0.06024048 0.00594076 0.13213096
v 0.05990698 0.00477992 0.13227252
v 0.05964639 0.00359729 0.13238313
v 0.05945989 0.00239826 0.13246230
v 0.05934832 0.00118830 0.13250965
v 0.05931220 -0.00002711 0.13252499
v 0.05937042 -0.00155717 0.13250038
v 0.05960015 -0.00336403 0.13240286
v 0.05999697 -0.00513639 0.13223442
v 0.06045222 -0.00656184 0.13204108
v 0.06089519 -0.00767859 0.13185305
v 0.06140655 -0.00876030 0.13163599
v 0.06214096 -0.01006741 0.13132435
v 0.06296811 -0.01127939 0.13097315
v 0.06369850 -0.01220087 0.13066312
v 0.06448451 -0.01306669 0.13032948
v 0.06554542 -0.01407502 0.12987925
v 0.06666861 -0.01496240 0.12940238
v 0.06787051 -0.01576268 0.12889231
v 0.06937950 -0.01656247 0.12825178
v 0.07068000 -0.01709188 0.12769965
v 0.07175401 -0.01743451 0.12724377
v 0.07284686 -0.01769759 0.12677988
v 0.07395358 -0.01787993 0.12631011
v 0.07535907 -0.01799765 0.12571362
v 0.06064533 0.00707444 0.13195911
v 0.06111972 0.00817586 0.13175774
v 0.06179841 0.00949226 0.13146976
v 0.06259495 0.01075569 0.13113154
v 0.06329365 0.01170572 0.13083497
v 0.06404980 0.01260235 0.13051400
v 0.06485994 0.01344147 0.13017012
v 0.06572039 0.01421928 0.12980488
v 0.06662720 0.01493220 0.12941996
v 0.06757624 0.01557699 0.12901712
v 0.06880433 0.01628174 0.12849593
v 0.07035689 0.01697624 0.12783691
v 0.07196614 0.01749654 0.12715383
v 0.07361564 0.01783732 0.12645365
v 0.07501926 0.01797793 0.12585776
v 0.07640805 0.01799765 0.12526835
v 0.07808139 0.01784767 0.12455806
v 0.07973222 0.01751454 0.12385733
v 0.08108705 0.01709188 0.12328214
v 0.08238762 0.01656246 0.12273019
v 0.08389665 0.01576265 0.12208964
v 0.08509843 0.01496240 0.12157942
v 0.08600722 0.01425244 0.12119366
v 0.08686979 0.01347747 0.12082752
v 0.08787277 0.01243381 0.12040188
v 0.08879893 0.01127939 0.12000865
v 0.08947041 0.01030644 0.11972363
v 0.09022040 0.00903661 0.11940538
v 0.09087184 0.00767860 0.11912876
v 0.09141470 0.00628981 0.11889843
v 0.09184674 0.00483212 0.11871494
v 0.09211060 0.00365039 0.11860294
v 0.09230042 0.00245205 0.11852236
v 0.09243568 0.00095037 0.11846505
v 0.09244623 -0.00058085 0.11846047
v 0.09237234 -0.00179429 0.11849184
v 0.09222323 -0.00299944 0.11855513
v 0.09199953 -0.00419108 0.11865008
v 0.09170232 -0.00536345 0.11877624
v 0.09133292 -0.00651136 0.11893304
v 0.09089306 -0.00762953 0.11911975
v 0.09038472 -0.00871287 0.11933553
v 0.08981019 -0.00975652 0.11957940
v 0.08917208 -0.01075569 0.11985026
v 0.08847340 -0.01170570 0.12014683
v 0.08771725 -0.01260233 0.12046779
v 0.08670701 -0.01363765 0.12089672
v 0.08538144 -0.01475725 0.12145939
v 0.08419077 -0.01557700 0.12196469
v 0.08320382 -0.01615072 0.12238363
v 0.08218350 -0.01665073 0.12281673
v 0.08113439 -0.01707478 0.12326205
v 0.08006134 -0.01742092 0.12371753
v 0.07896922 -0.01768758 0.12418110
v 0.07786301 -0.01787353 0.12465066
v 0.07674777 -0.01797793 0.12512405
v 0.06559493 -0.00933664 0.12969623
v 0.06265154 0.00284928 0.13074863
v 0.08879155 -0.00161163 0.11898228
v 0.08825500 -0.00431711 0.11916826
v 0.08402550 -0.01113790 0.12083797
v 0.06696773 0.01143314 0.12738066
v 0.07811684 0.01401153 0.12106544
v 0.08599506 0.00763952 0.11772815
v 0.08641502 0.00671503 0.11736169
v 0.08766660 0.00307357 0.11694280
v 0.08681305 -0.00563482 0.11699910
v 0.08694444 -0.00544843 0.11711900
v 0.07966572 -0.01335838 0.11986367
v 0.08037945 -0.01303760 0.11974461
v 0.07081086 -0.01398825 0.12347460
v 0.06867031 -0.01313237 0.12434560
v 0.06270869 -0.00718520 0.12674209
v 0.06211556 -0.00576796 0.12714271
v 0.06182797 -0.00517776 0.12708227
v 0.06665940 0.01198115 0.12473857
v 0.06733074 -0.01261795 0.12368994
v 0.06746135 -0.01269698 0.12363700
v 0.06782221 -0.01290575 0.12349050
v 0.06899510 -0.01348315 0.12301395
v 0.06980811 -0.01380173 0.12268466
v 0.07062690 -0.01405719 0.12235044
v 0.07158717 -0.01428678 0.12195868
v 0.07268036 -0.01444830 0.12151238
v 0.07350058 -0.01450502 0.12117781
v 0.07434692 -0.01450979 0.12083159
v 0.07538834 -0.01443483 0.12040698
v 0.07655451 -0.01424619 0.11992964
v 0.07775917 -0.01392948 0.11943905
v 0.07835623 -0.01368802 0.11901177
v 0.08004456 -0.01291625 0.11833905
v 0.08054850 -0.01266096 0.11830607
v 0.07888711 -0.01348655 0.11880939
v 0.07959015 -0.01318646 0.11869435
v 0.08095490 -0.01236362 0.11797059
v 0.08137429 -0.01211529 0.11797171
v 0.08244903 -0.01121240 0.11736566
v 0.08304463 -0.01072043 0.11729715
v 0.08173297 -0.01180382 0.11765553
v 0.08206485 -0.01159172 0.11769325
v 0.08329378 -0.01040102 0.11702521
v 0.08405349 -0.00961093 0.11689152
v 0.08490774 -0.00845867 0.11654907
v 0.08414689 -0.00941864 0.11668310
v 0.08474350 -0.00860153 0.11644505
v 0.08570527 -0.00711555 0.11623619
v 0.08521676 -0.00786626 0.11625795
v 0.08626909 -0.00575122 0.11584784
v 0.08660013 -0.00504207 0.11589178
v 0.08617750 -0.00611330 0.11605353
v 0.08577524 -0.00685121 0.11603874
v 0.08660125 -0.00484416 0.11572245
v 0.08720861 -0.00272012 0.11567083
v 0.08695442 -0.00362502 0.11559217
v 0.08722346 -0.00223741 0.11549926
v 0.08744155 -0.00060315 0.11560342
v 0.08736186 -0.00095797 0.11545962
v 0.08739495 0.00043607 0.11546658
v 0.08730154 0.00180765 0.11552593
v 0.08733638 0.00203122 0.11568766
v 0.08707851 0.00324749 0.11564240
v 0.08677586 0.00465730 0.11596530
v 0.08679974 0.00436025 0.11577896
v 0.08648665 0.00534625 0.11592776
v 0.08536759 0.00776599 0.11644500
v 0.08534642 0.00790554 0.11662869
v 0.08589886 0.00688419 0.11637693
v 0.08598644 0.00657076 0.11616153
v 0.08476477 0.00881334 0.11689314
v 0.08482355 0.00863324 0.11669216
v 0.08375934 0.01001933 0.11717038
v 0.08432169 0.00933349 0.11691873
v 0.08423609 0.00951982 0.11713101
v 0.08264810 0.01122000 0.11783875
v 0.08318019 0.01064563 0.11742896
v 0.08257788 0.01122021 0.11769825
v 0.08171404 0.01198132 0.11825703
v 0.08192917 0.01176763 0.11798620
v 0.08086447 0.01256692 0.11863370
v 0.08110318 0.01237138 0.11835402
v 0.07906993 0.01348372 0.11925554
v 0.08000535 0.01303576 0.11884037
v 0.07924631 0.01343654 0.11935008
v 0.07825401 0.01380943 0.11961655
v 0.07754381 0.01405335 0.12010304
v 0.07838028 0.01378318 0.11973437
v 0.07635113 0.01433147 0.12063001
v 0.07742154 0.01406860 0.11998448
v 0.07647348 0.01429441 0.12040232
v 0.07530720 0.01446175 0.12091742
v 0.07434928 0.01451430 0.12151201
v 0.07433139 0.01451384 0.12134711
v 0.07331583 0.01448316 0.12196701
v 0.07343226 0.01449359 0.12174330
v 0.07210169 0.01433208 0.12250255
v 0.07247457 0.01439845 0.12216494
v 0.07127560 0.01417506 0.12269429
v 0.07001405 0.01377231 0.12342458
v 0.07014469 0.01383594 0.12319375
v 0.06870632 0.01321156 0.12400415
v 0.06936619 0.01353688 0.12353826
v 0.06846784 0.01311684 0.12393602
v 0.06759430 0.01261846 0.12432412
v 0.06759288 0.01257905 0.12449723
v 0.06608811 0.01147575 0.12516735
v 0.06590576 0.01136878 0.12507446
v 0.06511244 0.01063181 0.12542815
v 0.06481939 0.01025035 0.12573311
v 0.06545391 0.01089855 0.12544975
v 0.06372368 0.00896983 0.12605021
v 0.06363853 0.00875984 0.12626325
v 0.06430338 0.00972327 0.12578944
v 0.06416763 0.00947763 0.12602405
v 0.06317767 0.00815147 0.12629769
v 0.06304500 0.00782952 0.12653133
v 0.06227824 0.00645422 0.12670943
v 0.06267340 0.00726722 0.12652752
v 0.06243253 0.00666589 0.12681277
v 0.06187082 0.00529509 0.12707615
v 0.06194662 0.00566114 0.12686368
v 0.06124553 0.00297579 0.12737724
v 0.06156339 0.00454321 0.12704479
v 0.06152785 0.00418713 0.12723825
v 0.06122946 0.00319782 0.12720833
v 0.06105805 0.00163509 0.12747672
v 0.06092245 0.00047263 0.12738024
v 0.06101744 0.00185391 0.12731858
v 0.06104525 -0.00135066 0.12752560
v 0.06099188 -0.00043701 0.12753574
v 0.06094363 -0.00080289 0.12738910
v 0.06117421 -0.00236213 0.12748751
v 0.06103977 -0.00185912 0.12736414
v 0.06153396 -0.00426880 0.12719194
v 0.06123529 -0.00306396 0.12729924
v 0.06133870 -0.00325313 0.12743068
v 0.06182872 -0.00500052 0.12725140
v 0.06217156 -0.00605262 0.12695069
v 0.06313467 -0.00783320 0.12674623
v 0.06248804 -0.00661583 0.12699954
v 0.06395216 -0.00905607 0.12642273
v 0.06333549 -0.00824869 0.12649585
v 0.06383399 -0.00897468 0.12629790
v 0.06442193 -0.00972781 0.12606290
v 0.06479236 -0.01008504 0.12608448
v 0.06524792 -0.01063617 0.12573066
v 0.06557395 -0.01088828 0.12576974
v 0.06636282 -0.01158349 0.12545218
v 0.06611741 -0.01143001 0.12537959
v 0.06738656 -0.01234404 0.12503712
v 0.06675876 -0.01193751 0.12512023
v 0.06834604 -0.01292191 0.12464851
v 0.06754426 -0.01248539 0.12480238
v 0.06974368 -0.01361443 0.12390971
v 0.07038951 -0.01383467 0.12381838
v 0.07162858 -0.01418909 0.12331397
v 0.07177013 -0.01423202 0.12308455
v 0.07266349 -0.01438391 0.12289221
v 0.07257845 -0.01438050 0.12275471
v 0.07381600 -0.01450499 0.12224959
v 0.07385160 -0.01450293 0.12240581
v 0.07515278 -0.01449773 0.12187353
v 0.07506380 -0.01449758 0.12173883
v 0.07601401 -0.01441148 0.12135084
v 0.07706793 -0.01423958 0.12109228
v 0.07714279 -0.01421350 0.12089064
v 0.07802204 -0.01399969 0.12070297
v 0.07848080 -0.01383604 0.12034562
v 0.08080925 -0.01276695 0.11939961
v 0.08131009 -0.01249451 0.11936709
v 0.08369030 -0.01057037 0.11840547
v 0.08208554 -0.01191872 0.11888231
v 0.08275713 -0.01142894 0.11878196
v 0.08317082 -0.01101034 0.11844430
v 0.08452803 -0.00963437 0.11806866
v 0.08400074 -0.01017140 0.11810967
v 0.08466894 -0.00938320 0.11784172
v 0.08510797 -0.00887886 0.11783711
v 0.08556568 -0.00820262 0.11765592
v 0.08546299 -0.00827475 0.11752520
v 0.08624156 -0.00691267 0.11721925
v 0.08661759 -0.00624208 0.11724389
v 0.08721149 -0.00468289 0.11701809
v 0.08724733 -0.00437447 0.11683519
v 0.08778244 -0.00223709 0.11681424
v 0.08757716 -0.00305131 0.11671652
v 0.08790861 -0.00109553 0.11677823
v 0.08774905 -0.00201706 0.11665935
v 0.08784659 -0.00110575 0.11663209
v 0.08794972 -0.00017194 0.11677369
v 0.08788728 -0.00017363 0.11662768
v 0.08790629 0.00128255 0.11681355
v 0.08781237 0.00217894 0.11686841
v 0.08786808 0.00101863 0.11665363
v 0.08773062 0.00232560 0.11673148
v 0.08752199 0.00348179 0.11683796
v 0.08740593 0.00419888 0.11707083
v 0.08698724 0.00550691 0.11727027
v 0.08716425 0.00481186 0.11701116
v 0.08646676 0.00673513 0.11751172
v 0.08682113 0.00576835 0.11717268
v 0.08596809 0.00757563 0.11756652
v 0.08554342 0.00839092 0.11793501
v 0.08552248 0.00832700 0.11776912
v 0.08490404 0.00930316 0.11822262
v 0.08497864 0.00911684 0.11801485
v 0.08364418 0.01067756 0.11861277
v 0.08434830 0.00991784 0.11829849
v 0.08363943 0.01074519 0.11878818
v 0.08270513 0.01159760 0.11920419
v 0.08285220 0.01141897 0.11896532
v 0.08173844 0.01228290 0.11946143
v 0.08060728 0.01300669 0.12013652
v 0.07964293 0.01348333 0.12056262
v 0.08052484 0.01302265 0.11999955
v 0.07886136 0.01376723 0.12073615
v 0.07965430 0.01344521 0.12038523
v 0.07791538 0.01408676 0.12132836
v 0.07719224 0.01424982 0.12147401
v 0.07604542 0.01443587 0.12197980
v 0.07584859 0.01446129 0.12223964
v 0.07508148 0.01450840 0.12240455
v 0.07499675 0.01451236 0.12261588
v 0.07378615 0.01448394 0.12314939
v 0.07412986 0.01450354 0.12282310
v 0.07276756 0.01435664 0.12359737
v 0.07317891 0.01442597 0.12324238
v 0.07221785 0.01426981 0.12366637
v 0.07187082 0.01417995 0.12399267
v 0.07066732 0.01382777 0.12452355
v 0.07127686 0.01403803 0.12408138
v 0.06918510 0.01322821 0.12500751
v 0.06862011 0.01290131 0.12543094
v 0.06969066 0.01343524 0.12495686
v 0.07025613 0.01369893 0.12453357
v 0.06814701 0.01265743 0.12546737
v 0.06689634 0.01178520 0.12602338
v 0.06741209 0.01212572 0.12596708
v 0.06659191 0.01147889 0.12633267
v 0.06600756 0.01101281 0.12641926
v 0.06540630 0.01041446 0.12668754
v 0.06501998 0.00991998 0.12703357
v 0.06590246 0.01085506 0.12663950
v 0.06474769 0.00966038 0.12698178
v 0.06430577 0.00900119 0.12735459
v 0.06379637 0.00824853 0.12758449
v 0.06407038 0.00876106 0.12728701
v 0.06316123 0.00714006 0.12787344
v 0.06339568 0.00768313 0.12759299
v 0.06295713 0.00684454 0.12779410
v 0.06259858 0.00590396 0.12813486
v 0.06259891 0.00605139 0.12795993
v 0.06198785 0.00405531 0.12842495
v 0.06221823 0.00504232 0.12813843
v 0.06190302 0.00396345 0.12828975
v 0.06173365 0.00291421 0.12855148
v 0.06167407 0.00292945 0.12840322
v 0.06148554 0.00061443 0.12869013
v 0.06151640 0.00186023 0.12848708
v 0.06141923 0.00054440 0.12854729
v 0.06149474 -0.00069443 0.12870626
v 0.06144025 -0.00080394 0.12855784
v 0.06159353 -0.00181215 0.12868051
v 0.06152775 -0.00178185 0.12853524
v 0.06191536 -0.00360132 0.12857115
v 0.06168510 -0.00282817 0.12848497
v 0.06252165 -0.00555116 0.12834607
v 0.06201365 -0.00422462 0.12836708
v 0.06215485 -0.00447516 0.12848391
v 0.06245086 -0.00552495 0.12820325
v 0.06298096 -0.00660692 0.12816909
v 0.06342183 -0.00757214 0.12782647
v 0.06344872 -0.00751317 0.12798624
v 0.06293296 -0.00663891 0.12801736
v 0.06411506 -0.00868309 0.12755290
v 0.06458153 -0.00922754 0.12753753
v 0.06403976 -0.00847216 0.12775386
v 0.06519930 -0.00998312 0.12729061
v 0.06491067 -0.00971888 0.12723475
v 0.06601087 -0.01083327 0.12696249
v 0.06576554 -0.01065687 0.12689094
v 0.06687168 -0.01164937 0.12644449
v 0.06692295 -0.01163739 0.12659531
v 0.06785886 -0.01236311 0.12604488
v 0.06873377 -0.01289936 0.12569016
v 0.07026891 -0.01360271 0.12523750
v 0.06969730 -0.01338276 0.12529908
v 0.07129634 -0.01396471 0.12481930
v 0.07048029 -0.01370678 0.12498061
v 0.07251277 -0.01427672 0.12432461
v 0.07148910 -0.01404170 0.12457055
v 0.07245088 -0.01427033 0.12417797
v 0.07409787 -0.01448769 0.12350554
v 0.07443687 -0.01450524 0.12353931
v 0.07323961 -0.01440386 0.12385661
v 0.07356575 -0.01443465 0.12389460
v 0.07566934 -0.01449797 0.12303691
v 0.07487155 -0.01451526 0.12318992
v 0.07598236 -0.01447026 0.12273549
v 0.07689245 -0.01436595 0.12253527
v 0.07725776 -0.01429249 0.12221518
v 0.07837380 -0.01402264 0.12176005
v 0.07952942 -0.01365727 0.12146088
v 0.07924495 -0.01373641 0.12140580
v 0.08135005 -0.01277326 0.12072270
v 0.08056720 -0.01319286 0.12103979
v 0.08005650 -0.01340483 0.12107517
v 0.08109277 -0.01288845 0.12065523
v 0.08210503 -0.01229657 0.12041597
v 0.08302585 -0.01156645 0.11987230
v 0.08291522 -0.01170680 0.12008734
v 0.08219252 -0.01219719 0.12020908
v 0.08369273 -0.01098188 0.11960247
v 0.08376106 -0.01097797 0.11974571
v 0.08451230 -0.01022301 0.11944424
v 0.08427729 -0.01040645 0.11936698
v 0.08484080 -0.00977667 0.11914061
v 0.08539802 -0.00908057 0.11891778
v 0.08599178 -0.00832136 0.11885297
v 0.08521528 -0.00939777 0.11916203
v 0.08608104 -0.00807915 0.11864653
v 0.08666481 -0.00716940 0.11858829
v 0.08672621 -0.00693300 0.11839245
v 0.08725360 -0.00593129 0.11835893
v 0.08751817 -0.00506429 0.11808862
v 0.08777845 -0.00446834 0.11815967
v 0.08720119 -0.00589702 0.11820973
v 0.08785070 -0.00399678 0.11796543
v 0.08806115 -0.00338423 0.11805799
v 0.08824880 -0.00242158 0.11799291
v 0.08818559 -0.00245927 0.11784692
v 0.08838990 -0.00129926 0.11795053
v 0.08844355 -0.00028099 0.11794248
v 0.08836550 -0.00080467 0.11779537
v 0.08844036 0.00062531 0.11795758
v 0.08835925 0.00177388 0.11800893
v 0.08837634 0.00075149 0.11781315
v 0.08824110 0.00223618 0.11789270
v 0.08789484 0.00421667 0.11824359
v 0.08802170 0.00345316 0.11800494
v 0.08769525 0.00471247 0.11816414
v 0.08727408 0.00587916 0.11836226
v 0.08708262 0.00648171 0.11862544
v 0.08691183 0.00670735 0.11852973
v 0.08638928 0.00782979 0.11894543
v 0.08636083 0.00777011 0.11878364
v 0.08567093 0.00884840 0.11909568
v 0.08567466 0.00893016 0.11926896
v 0.08488756 0.00994230 0.11962257
v 0.08495068 0.00979066 0.11941908
v 0.08413333 0.01074554 0.11995852
v 0.08406695 0.01075528 0.11981495
v 0.08256750 0.01208644 0.12065566
v 0.08319596 0.01154565 0.12020256
v 0.08167298 0.01264172 0.12087951
v 0.08151245 0.01277949 0.12112363
v 0.08242477 0.01214332 0.12054589
v 0.08090639 0.01308012 0.12121966
v 0.08010360 0.01346725 0.12157504
v 0.07958143 0.01371075 0.12198057
v 0.07817378 0.01415449 0.12260082
v 0.07906878 0.01387045 0.12203222
v 0.07798206 0.01418192 0.12251335
v 0.07710732 0.01435633 0.12289942
v 0.07535049 0.01451919 0.12384572
v 0.07616136 0.01447351 0.12331612
v 0.07529033 0.01451295 0.12369996
v 0.07417452 0.01447063 0.12436560
v 0.07448194 0.01449685 0.12405604
v 0.07302888 0.01432173 0.12486961
v 0.07337800 0.01438771 0.12454208
v 0.07162872 0.01398253 0.12548785
v 0.07212558 0.01413616 0.12509556
v 0.07033502 0.01352656 0.12588719
v 0.06979406 0.01325414 0.12630030
v 0.07060806 0.01361322 0.12593984
v 0.07106008 0.01380997 0.12556581
v 0.06960687 0.01318945 0.12620916
v 0.06861410 0.01260231 0.12682327
v 0.06886661 0.01278661 0.12653755
v 0.06688049 0.01129954 0.12759414
v 0.06757497 0.01187427 0.12728492
v 0.06798153 0.01222017 0.12693073
v 0.06631212 0.01076848 0.12784789
v 0.06603398 0.01055441 0.12779809
v 0.06493693 0.00919130 0.12846214
v 0.06523540 0.00965176 0.12815494
v 0.06432121 0.00829089 0.12874108
v 0.06456688 0.00876113 0.12845586
v 0.06342605 0.00666268 0.12915085
v 0.06382793 0.00757511 0.12879108
v 0.06268898 0.00476369 0.12949523
v 0.06316650 0.00622609 0.12909534
v 0.06299946 0.00565677 0.12934974
v 0.06269273 0.00497708 0.12931807
v 0.06233094 0.00370081 0.12949192
v 0.06197301 0.00146690 0.12967837
v 0.06201706 0.00130438 0.12983387
v 0.06209692 0.00248785 0.12961058
v 0.06191039 0.00027397 0.12972286
v 0.06197443 -0.00005371 0.12987207
v 0.06202126 -0.00114386 0.12986903
v 0.06194248 -0.00089097 0.12972574
v 0.06237300 -0.00344304 0.12975442
v 0.06215080 -0.00227142 0.12983115
v 0.06203244 -0.00185680 0.12970203
v 0.06221595 -0.00300561 0.12964148
v 0.06263027 -0.00440662 0.12966095
v 0.06247361 -0.00407970 0.12954956
v 0.06291327 -0.00526365 0.12955532
v 0.06286060 -0.00530267 0.12940521
v 0.06399692 -0.00761071 0.12913525
v 0.06343551 -0.00665502 0.12918401
v 0.06477109 -0.00890166 0.12865771
v 0.06513672 -0.00930776 0.12868279
v 0.06457766 -0.00853107 0.12890586
v 0.06406868 -0.00783497 0.12893635
v 0.06598136 -0.01030192 0.12834295
v 0.06540733 -0.00971880 0.12840371
v 0.06606095 -0.01044640 0.12814078
v 0.06703840 -0.01132242 0.12791786
v 0.06671637 -0.01108478 0.12787696
v 0.06804882 -0.01215444 0.12733802
v 0.06804560 -0.01210946 0.12751073
v 0.06736836 -0.01164192 0.12761308
v 0.06894198 -0.01269645 0.12714801
v 0.06890247 -0.01271147 0.12699228
v 0.07119806 -0.01379028 0.12605901
v 0.07127555 -0.01379536 0.12619988
v 0.07002480 -0.01330724 0.12653685
v 0.07229487 -0.01412358 0.12561326
v 0.07317650 -0.01431516 0.12525381
v 0.07361025 -0.01438051 0.12524846
v 0.07413060 -0.01445103 0.12486406
v 0.07571238 -0.01451500 0.12438817
v 0.07530491 -0.01451724 0.12438408
v 0.07776834 -0.01428891 0.12337837
v 0.07831579 -0.01418524 0.12332610
v 0.07658332 -0.01446089 0.12386228
v 0.07963753 -0.01380143 0.12278734
v 0.07874884 -0.01405639 0.12297836
v 0.07954772 -0.01380503 0.12265371
v 0.08141093 -0.01301674 0.12206807
v 0.08032358 -0.01350525 0.12233761
v 0.08058377 -0.01341742 0.12240361
v 0.08123307 -0.01307634 0.12196813
v 0.08226612 -0.01251629 0.12172050
v 0.08211207 -0.01257562 0.12161189
v 0.08385443 -0.01134070 0.12107746
v 0.08300374 -0.01201538 0.12142214
v 0.08304736 -0.01193950 0.12123306
v 0.08456524 -0.01068069 0.12079160
v 0.08517556 -0.01003739 0.12054640
v 0.08486249 -0.01031136 0.12050013
v 0.08596451 -0.00907033 0.12023000
v 0.08552974 -0.00954809 0.12023259
v 0.08657498 -0.00817656 0.11998679
v 0.08630092 -0.00851127 0.11992424
v 0.08699474 -0.00747193 0.11982141
v 0.08703424 -0.00729431 0.11963595
v 0.08799725 -0.00511141 0.11926397
v 0.08761414 -0.00609843 0.11941054
v 0.08774772 -0.00592633 0.11952900
v 0.08847803 -0.00345793 0.11908692
v 0.08864800 -0.00263325 0.11902780
v 0.08877903 -0.00220840 0.11915139
v 0.08888128 0.00031347 0.11897244
v 0.08886545 -0.00065824 0.11896512
v 0.08882854 0.00141071 0.11901094
v 0.08869465 0.00250767 0.11908401
v 0.08860115 0.00337771 0.11930872
v 0.08850871 0.00350107 0.11917931
v 0.08825521 0.00468817 0.11947822
v 0.08829813 0.00432606 0.11928132
v 0.08802492 0.00520127 0.11941161
v 0.08795191 0.00557111 0.11962138
v 0.08756382 0.00651071 0.11980198
v 0.08711352 0.00741093 0.12000884
v 0.08754670 0.00642149 0.11963576
v 0.08622486 0.00876615 0.12023862
v 0.08602500 0.00913170 0.12050231
v 0.08690014 0.00768987 0.11993228
v 0.08540789 0.00990607 0.12077963
v 0.08551030 0.00971224 0.12056029
v 0.08404546 0.01129649 0.12138772
v 0.08479874 0.01051421 0.12087826
v 0.08410885 0.01118216 0.12118616
v 0.08322703 0.01196376 0.12175307
v 0.08344933 0.01174246 0.12147950
v 0.08216748 0.01268666 0.12222366
v 0.08276916 0.01224822 0.12178236
v 0.08189028 0.01281230 0.12217190
v 0.08104518 0.01329170 0.12272152
v 0.08103861 0.01326245 0.12254987
v 0.07988250 0.01378458 0.12323555
v 0.07939196 0.01392375 0.12327837
v 0.08022336 0.01362899 0.12291138
v 0.07765924 0.01435891 0.12421778
v 0.07852692 0.01417229 0.12366056
v 0.07866059 0.01415238 0.12377444
v 0.07746906 0.01437842 0.12412824
v 0.07580972 0.01451513 0.12503158
v 0.07635421 0.01449625 0.12461862
v 0.07537678 0.01451092 0.12504938
v 0.07458278 0.01446828 0.12539887
v 0.07478690 0.01448153 0.12548289
v 0.07354801 0.01432483 0.12602891
v 0.07350541 0.01432773 0.12587379
v 0.07220219 0.01400494 0.12662351
v 0.07238806 0.01407211 0.12636745
v 0.07163216 0.01383539 0.12670165
v 0.07082927 0.01350355 0.12723145
v 0.07071017 0.01347729 0.12710970
v 0.06986452 0.01303300 0.12765790
v 0.06957206 0.01291049 0.12761353
v 0.06910337 0.01259237 0.12799642
v 0.06834842 0.01207999 0.12833075
v 0.06848518 0.01222552 0.12809649
v 0.06741438 0.01134033 0.12874612
v 0.06753630 0.01149387 0.12851842
v 0.06691100 0.01092761 0.12879697
v 0.06637762 0.01032765 0.12920878
v 0.06549870 0.00927974 0.12960263
v 0.06623316 0.01023760 0.12909896
v 0.06554806 0.00941752 0.12940648
v 0.06464467 0.00802295 0.12998861
v 0.06491823 0.00854744 0.12968992
v 0.06400352 0.00683098 0.13028173
v 0.06356083 0.00582663 0.13048778
v 0.06425942 0.00745028 0.12998979
v 0.06372307 0.00636345 0.13023693
v 0.06314606 0.00464442 0.13068305
v 0.06324478 0.00514558 0.13046041
v 0.06290847 0.00401720 0.13062194
v 0.06285573 0.00354453 0.13082472
v 0.06248432 0.00163229 0.13083865
v 0.06250445 0.00109076 0.13101086
v 0.06241542 0.00057378 0.13088360
v 0.06241845 -0.00048040 0.13089707
v 0.06262302 -0.00211171 0.13100732
v 0.06249972 -0.00163098 0.13088042
v 0.06289161 -0.00355413 0.13091532
v 0.06272892 -0.00309493 0.13080512
v 0.06326931 -0.00486148 0.13077640
v 0.06308843 -0.00449518 0.13067482
v 0.06366488 -0.00592196 0.13062647
v 0.06344169 -0.00551555 0.13054178
v 0.06384958 -0.00647918 0.13038510
v 0.06437953 -0.00751255 0.13017800
v 0.06470108 -0.00795612 0.13022192
v 0.06414982 -0.00696764 0.13043776
v 0.06535354 -0.00893477 0.12996396
v 0.06495369 -0.00844893 0.12995203
v 0.06612882 -0.00991418 0.12965370
v 0.06621852 -0.01008160 0.12944603
v 0.06716711 -0.01099226 0.12923519
v 0.06682626 -0.01071804 0.12920190
v 0.06807535 -0.01176015 0.12886875
v 0.06867961 -0.01224768 0.12845248
v 0.06878886 -0.01228075 0.12857993
v 0.06773400 -0.01154329 0.12883455
v 0.06954635 -0.01275766 0.12827263
v 0.07031020 -0.01317393 0.12796160
v 0.06955228 -0.01280045 0.12809899
v 0.07066559 -0.01337638 0.12764680
v 0.07114785 -0.01355365 0.12762230
v 0.07322593 -0.01422701 0.12660500
v 0.07349263 -0.01426941 0.12666718
v 0.07201412 -0.01390279 0.12709846
v 0.07398905 -0.01436677 0.12629362
v 0.07471301 -0.01445775 0.12616953
v 0.07600318 -0.01451415 0.12547040
v 0.07491249 -0.01447869 0.12591682
v 0.07698143 -0.01446986 0.12507144
v 0.07735768 -0.01443743 0.12508964
v 0.07840236 -0.01427308 0.12466324
v 0.07803961 -0.01432810 0.12463859
v 0.07966371 -0.01395663 0.12414803
v 0.07880775 -0.01416868 0.12432598
v 0.07960972 -0.01394948 0.12399897
v 0.08086745 -0.01351167 0.12365830
v 0.08065904 -0.01357456 0.12357233
v 0.08200069 -0.01297067 0.12319881
v 0.08170928 -0.01308803 0.12314572
v 0.08319814 -0.01218751 0.12254161
v 0.08326015 -0.01219074 0.12268870
v 0.08242500 -0.01268569 0.12285528
v 0.08413884 -0.01151648 0.12233296
v 0.08414611 -0.01146397 0.12215836
v 0.08499047 -0.01069107 0.12181783
v 0.08530033 -0.01044126 0.12186332
v 0.08577776 -0.00984674 0.12150096
v 0.08683081 -0.00854987 0.12125135
v 0.08645999 -0.00898251 0.12122801
v 0.08696884 -0.00824009 0.12102616
v 0.08752527 -0.00730220 0.12080635
v 0.08810660 -0.00610658 0.12058072
v 0.08857703 -0.00506764 0.12057076
v 0.08854625 -0.00496591 0.12041355
v 0.08914488 -0.00295714 0.12036335
v 0.08880324 -0.00412973 0.12031789
v 0.08905341 -0.00311141 0.12022774
v 0.08923142 -0.00206345 0.12016852
v 0.08938057 -0.00000064 0.12013531
v 0.08944217 -0.00000015 0.12028252
v 0.08940944 -0.00089576 0.12028273
v 0.08932877 -0.00118250 0.12014047
v 0.08744250 -0.00755812 0.12100993
v 0.06414537 0.00515376 0.13067789
v 0.07706610 -0.01441422 0.12383691
v 0.07466370 -0.01448829 0.12481842
v 0.08590777 0.00762277 0.11958408
v 0.07863488 0.01386767 0.12100988
v 0.08702131 0.00375321 0.11584767
v 0.07876476 -0.01355967 0.11903044
v 0.06830460 -0.01316053 0.12329507
v 0.06092688 -0.00109278 0.12640928
v 0.06096377 -0.00169143 0.12639191
v 0.06102814 -0.00229926 0.12636458
v 0.06199712 -0.00450917 0.12622656
v 0.06236668 -0.00553874 0.12608691
v 0.06283613 -0.00655640 0.12590703
v 0.06325984 -0.00734236 0.12574178
v 0.06450591 -0.00913699 0.12524811
v 0.06689195 -0.01141485 0.12428946
v 0.07206363 -0.01364773 0.12219238
v 0.07497196 -0.01379936 0.12100635
v 0.08562826 -0.00612149 0.11671294
v 0.08612124 -0.00492252 0.11652600
v 0.08695913 -0.00383842 0.11575932
v 0.08737107 -0.00154990 0.11561986
v 0.08744719 0.00072060 0.11561924
v 0.08720820 0.00286746 0.11575517
v 0.08639369 0.00575785 0.11614658
v 0.08363467 0.01023303 0.11739985
v 0.08192094 0.01109534 0.11859133
v 0.08010688 0.01300953 0.11896936
v 0.07866089 0.01301154 0.12004048
v 0.07520725 0.01447406 0.12113486
v 0.07107359 0.01410125 0.12295683
v 0.07098481 0.01332157 0.12343324
v 0.06685737 0.01207817 0.12482459
v 0.06612906 0.01048149 0.12559205
v 0.06454962 0.00869943 0.12629999
v 0.06098633 0.00052113 0.12752398
v 0.06189976 -0.00189500 0.12760464
v 0.06158113 -0.00421372 0.12734324
v 0.06311446 -0.00610269 0.12716052
v 0.06477047 -0.00885194 0.12651115
v 0.06794901 -0.01180396 0.12523231
v 0.06921836 -0.01336451 0.12429432
v 0.07029954 -0.01301742 0.12427896
v 0.07619273 -0.01439547 0.12144942
v 0.07918275 -0.01359605 0.12023164
v 0.08202846 -0.01200101 0.11907694
v 0.08199264 -0.01131076 0.11952696
v 0.08613461 -0.00723853 0.11743287
v 0.08752679 -0.00356843 0.11690310
v 0.08794424 0.00055191 0.11678687
v 0.08638220 0.00568894 0.11796696
v 0.08426930 0.01007553 0.11850721
v 0.08154475 0.01245211 0.11972147
v 0.07691985 0.01431658 0.12176877
v 0.07035802 0.01291625 0.12509960
v 0.06224431 0.00492511 0.12830139
v 0.06157004 0.00178377 0.12863828
v 0.06171924 -0.00265886 0.12863985
v 0.06798029 -0.01240524 0.12616765
v 0.06906827 -0.01304855 0.12572618
v 0.07007744 -0.01271135 0.12573956
v 0.07813449 -0.01410926 0.12203052
v 0.07842075 -0.01336250 0.12234490
v 0.08786529 -0.00172027 0.11859733
v 0.08815945 0.00310785 0.11811443
v 0.08753011 0.00370836 0.11882472
v 0.08758241 0.00522636 0.11839290
v 0.08710583 0.00510146 0.11902931
v 0.08349801 0.01134242 0.12024161
v 0.08082749 0.01247649 0.12185624
v 0.08057743 0.01327656 0.12153889
v 0.07891541 0.01327079 0.12270535
v 0.07679427 0.01441521 0.12321103
v 0.07444990 0.01379206 0.12467711
v 0.07164154 0.01321254 0.12591980
v 0.07093055 0.01294989 0.12623609
v 0.06570119 0.01012542 0.12812045
v 0.06389957 0.00758199 0.12893295
v 0.06245689 0.00394535 0.12960678
v 0.06221696 0.00285146 0.12972736
v 0.06331992 -0.00627147 0.12940068
v 0.06420514 -0.00631199 0.12946079
v 0.07006036 -0.01329652 0.12669318
v 0.07232444 -0.01411645 0.12577453
v 0.08292274 -0.01135617 0.12188999
v 0.08547689 -0.00883409 0.12086425
v 0.08737792 -0.00673975 0.11967176
v 0.08815737 -0.00483245 0.11937303
v 0.08852634 -0.00353533 0.11923797
v 0.08819064 -0.00278752 0.11982020
v 0.08890928 -0.00102103 0.11911622
v 0.08845059 -0.00063587 0.11974456
v 0.08894602 0.00035084 0.11911976
v 0.08885142 0.00183413 0.11918156
v 0.08844209 0.00099720 0.11977421
v 0.08776465 0.00462195 0.12012109
v 0.08666799 0.00818211 0.12021243
v 0.08483915 0.01053550 0.12103432
v 0.07957592 0.01322113 0.12380229
v 0.07861425 0.01349619 0.12422722
v 0.07671264 0.01447273 0.12463448
v 0.06723192 0.01010412 0.12927196
v 0.06260980 0.00220594 0.13095010
v 0.06246971 0.00015129 0.13103907
v 0.06250846 -0.00101373 0.13103933
v 0.06361473 -0.00316884 0.13103672
v 0.07226165 -0.01396088 0.12716874
v 0.07611192 -0.01451684 0.12559886
v 0.08258249 -0.01193480 0.12339743
v 0.08464335 -0.01107738 0.12212912
v 0.08602843 -0.00962207 0.12157281
v 0.08798040 -0.00652865 0.12080052
v 0.08892867 -0.00389844 0.12044075
v 0.08932459 -0.00184331 0.12030465
v 0.08567848 -0.00906631 0.12350569
v 0.06891887 -0.00670060 0.13061969
v 0.06962245 -0.00756758 0.13032105
v 0.08248907 -0.00869924 0.12485950
v 0.08331708 -0.00797344 0.12450804
v 0.08421817 -0.00696196 0.12412555
v 0.08521625 -0.00543130 0.12370189
v 0.07562484 0.01069734 0.12777319
v 0.08328479 -0.01130943 0.12451975
v 0.08579567 -0.00417225 0.12345594
v 0.08719315 -0.00688700 0.12286275
v 0.08621885 -0.00284185 0.12327632
v 0.08599148 0.00362526 0.12337283
v 0.08556229 0.00472043 0.12355501
v 0.07644531 0.01338103 0.12742472
v 0.07457373 0.01051853 0.12821936
v 0.07084073 0.00869925 0.12980392
v 0.06939834 0.00731325 0.13041617
v 0.06858182 0.00622030 0.13076277
v 0.06474174 0.00339022 0.13239291
v 0.06678693 0.00074488 0.13152465
v 0.06828167 -0.00573230 0.13089017
v 0.08157081 -0.00934858 0.12524928
v 0.08477416 -0.00616853 0.12388955
v 0.08826956 -0.00448618 0.12240382
v 0.08859413 -0.00328976 0.12226722
v 0.08656503 0.00019320 0.12312937
v 0.08370735 0.00756757 0.12434238
v 0.08289233 0.00836309 0.12468833
v 0.08493860 0.00990704 0.12381815
v 0.08010358 0.01009185 0.12587209
v 0.07016494 0.00811467 0.13009077
v 0.06688428 0.00167730 0.13148333
v 0.07059195 -0.00850145 0.12990952
v 0.07149558 -0.00917459 0.12952595
v 0.07242967 -0.00972787 0.12912945
v 0.07446818 -0.01049311 0.12826416
v 0.08654285 -0.00074490 0.12313878
v 0.08644551 -0.00167732 0.12318010
v 0.08649267 0.00134634 0.12316008
v 0.08629186 0.00251647 0.12324532
v 0.08870204 0.00282235 0.12222185
v 0.08504813 0.00573228 0.12377325
v 0.08441092 0.00670059 0.12404373
v 0.08774245 0.00587220 0.12262834
v 0.08609170 0.00865149 0.12332721
v 0.08203271 0.00904408 0.12505322
v 0.08107850 0.00962912 0.12545825
v 0.07905545 0.01043864 0.12631699
v 0.07351821 0.01019922 0.12866740
v 0.07271196 0.00986248 0.12900963
v 0.07175898 0.00934858 0.12941414
v 0.06790360 0.00502093 0.13105065
v 0.06598329 0.00664226 0.13186516
v 0.06705607 0.00259700 0.13141041
v 0.07344597 -0.01017258 0.12869806
v 0.07770492 -0.01069734 0.12689025
v 0.07855920 -0.01055816 0.12652763
v 0.07959199 -0.01028051 0.12608924
v 0.08032594 -0.01277031 0.12577727
v 0.08061784 -0.00986248 0.12565380
v 0.08022440 0.01282146 0.12582066
v 0.07801142 0.01066117 0.12676015
v 0.07671895 0.01076090 0.12730877
v 0.06676476 -0.00019322 0.13153406
v 0.06438772 -0.00078783 0.13254265
v 0.06683712 -0.00134635 0.13150335
v 0.06703794 -0.00251650 0.13141810
v 0.06733832 -0.00362527 0.13129060
v 0.07356412 -0.01290701 0.12864791
v 0.07554903 -0.01068832 0.12780537
v 0.07661084 -0.01076090 0.12735466
v 0.06737530 0.00373565 0.13127490
v 0.06494556 -0.00411330 0.13230611
v 0.06776750 -0.00472044 0.13110842
v 0.07137341 0.00850145 0.13175053
v 0.07227703 0.00917459 0.13136697
v 0.07321113 0.00972787 0.13097046
v 0.07422743 0.01017258 0.13053907
v 0.07524962 0.01049311 0.13010518
v 0.07652917 0.01071483 0.12956204
v 0.07782441 0.01075322 0.12901225
v 0.07057169 0.00774166 0.13209084
v 0.06982359 0.00687200 0.13240839
v 0.06919224 0.00594170 0.13267638
v 0.06863514 0.00491674 0.13291285
v 0.06820411 0.00386004 0.13309581
v 0.06786442 0.00272840 0.13324000
v 0.06765413 0.00159539 0.13332926
v 0.06754796 0.00041070 0.13337433
v 0.06758330 -0.00099639 0.13335933
v 0.06774240 -0.00213917 0.13329180
v 0.06795094 -0.00304982 0.13320328
v 0.06831558 -0.00417226 0.13304850
v 0.06878365 -0.00521021 0.13284981
v 0.06936328 -0.00622031 0.13260378
v 0.07017981 -0.00731326 0.13225718
v 0.07112066 -0.00828107 0.13185782
v 0.07216976 -0.00910721 0.13141250
v 0.07330913 -0.00977751 0.13092887
v 0.07451927 -0.01028051 0.13041520
v 0.07577952 -0.01060761 0.12988025
v 0.07706830 -0.01075322 0.12933320
v 0.07836353 -0.01071483 0.12878341
v 0.07964306 -0.01049311 0.12824028
v 0.08088502 -0.01009185 0.12771310
v 0.08185996 -0.00962912 0.12729927
v 0.08281415 -0.00904410 0.12689424
v 0.08367378 -0.00836309 0.12652935
v 0.08448880 -0.00756758 0.12618339
v 0.08502987 -0.00691286 0.12595372
v 0.08559144 -0.00612410 0.12571535
v 0.08625756 -0.00491675 0.12543260
v 0.08677294 -0.00362526 0.12521384
v 0.08712872 -0.00227174 0.12506282
v 0.08731884 -0.00087938 0.12498212
v 0.08734003 0.00052806 0.12497312
v 0.08719194 0.00192646 0.12503598
v 0.08694177 0.00304984 0.12514218
v 0.08657713 0.00417226 0.12529695
v 0.08610905 0.00521023 0.12549564
v 0.08552943 0.00622031 0.12574168
v 0.08471290 0.00731326 0.12608827
v 0.08394629 0.00811468 0.12641367
v 0.08327052 0.00869925 0.12670052
v 0.08235226 0.00934858 0.12709030
v 0.08139929 0.00986248 0.12749481
v 0.08037342 0.01028051 0.12793026
v 0.07911317 0.01060762 0.12846521
v 0.07600857 0.00785274 0.12978303
v 0.07711975 0.00799871 0.12931136
v 0.07823845 0.00796020 0.12883650
v 0.07819136 -0.00795895 0.12885649
v 0.07739964 -0.00800641 0.12919255
v 0.07933889 0.00773810 0.12836939
v 0.08000392 0.00750202 0.12808710
v 0.08282023 0.00547936 0.12689166
v 0.08352203 0.00453214 0.12659376
v 0.07023668 0.00166139 0.13223304
v 0.07048683 0.00262212 0.13212686
v 0.07076672 0.00337355 0.13200805
v 0.07015432 -0.00116223 0.13226800
v 0.07007641 0.00005076 0.13230107
v 0.07012010 0.00080935 0.13228253
v 0.07080901 -0.00348040 0.13199010
v 0.07040042 -0.00234840 0.13216354
v 0.08465603 -0.00166138 0.12611241
v 0.08434131 -0.00282825 0.12624600
v 0.08470275 0.00137653 0.12609258
v 0.08479371 0.00057195 0.12605397
v 0.08480447 -0.00045620 0.12604940
v 0.08408370 0.00348041 0.12635535
v 0.08449229 0.00234841 0.12618191
v 0.07121661 0.00427818 0.13181709
v 0.07175832 0.00508471 0.13158715
v 0.08289003 -0.00539116 0.12686203
v 0.08221147 -0.00610800 0.12715006
v 0.08147233 -0.00670139 0.12746380
v 0.08073398 0.00716584 0.12777721
v 0.08134167 0.00678916 0.12751927
v 0.08199450 0.00630020 0.12724216
v 0.07391055 0.00702501 0.13067358
v 0.07493055 0.00752566 0.13024062
v 0.07207248 -0.00547936 0.13145379
v 0.07137068 -0.00453214 0.13175169
v 0.07415873 -0.00716584 0.13056823
v 0.07355104 -0.00678915 0.13082618
v 0.07289822 -0.00630020 0.13110329
v 0.07628415 -0.00790640 0.12966605
v 0.07519548 -0.00762403 0.13012816
v 0.08082762 -0.00710947 0.12773747
v 0.07996214 -0.00752567 0.12810484
v 0.07888414 -0.00785274 0.12856242
v 0.07226102 0.00568377 0.13137376
v 0.07297212 0.00636235 0.13107192
v 0.08386756 -0.00392992 0.12644709
v 0.08336414 -0.00476523 0.12666078
v 0.07871371 -0.00943187 0.13080750
v 0.07807419 -0.00800060 0.13107895
v 0.07882003 -0.00797644 0.13076236
v 0.07738574 -0.00939010 0.13137117
v 0.07732990 -0.00794267 0.13139488
v 0.06986687 -0.00256301 0.13456274
v 0.07110486 -0.00205598 0.13403724
v 0.08690880 0.00036385 0.12732889
v 0.08559776 0.00005075 0.12788539
v 0.08553908 -0.00097546 0.12791030
v 0.08045144 -0.00913255 0.13006988
v 0.07955981 -0.00787043 0.13044834
v 0.08028593 -0.00768365 0.13014012
v 0.07623462 -0.00919006 0.13185980
v 0.07642575 -0.00776355 0.13177866
v 0.06957228 0.00090650 0.13468780
v 0.07093578 0.00116223 0.13410901
v 0.06981137 0.00232619 0.13458629
v 0.07113683 0.00216697 0.13402367
v 0.07600420 0.00913255 0.13195762
v 0.07689585 0.00787043 0.13157912
v 0.07616973 0.00768366 0.13188734
v 0.07921128 0.00937702 0.13059628
v 0.07929765 0.00792177 0.13055962
v 0.08685024 -0.00122358 0.12735376
v 0.08541073 -0.00177398 0.12796478
v 0.08520868 -0.00255432 0.12805054
v 0.08598055 -0.00425858 0.12772291
v 0.08459244 -0.00402868 0.12831212
v 0.08493497 -0.00330849 0.12816673
v 0.07497567 -0.00875144 0.13239419
v 0.07536436 -0.00737757 0.13222920
v 0.07379358 -0.00812038 0.13289596
v 0.07436903 -0.00682144 0.13265169
v 0.06958149 -0.00100487 0.13468389
v 0.07086970 -0.00045620 0.13413706
v 0.07087322 0.00040519 0.13413556
v 0.07075742 0.00481746 0.13418472
v 0.07194864 0.00419203 0.13367908
v 0.08038953 0.00765443 0.13009615
v 0.08050558 0.00911169 0.13004689
v 0.08498077 0.00593725 0.12814729
v 0.08402719 0.00494091 0.12855206
v 0.08648905 -0.00293278 0.12750707
v 0.08334403 -0.00762745 0.12884204
v 0.08247637 -0.00654238 0.12921033
v 0.08209814 -0.00845934 0.12937090
v 0.08099089 -0.00741804 0.12984088
v 0.08166751 -0.00707632 0.12955368
v 0.07271324 -0.00729246 0.13335453
v 0.07346269 -0.00610800 0.13303640
v 0.07031821 -0.00391301 0.13437116
v 0.07094869 -0.00121142 0.13410353
v 0.07016769 0.00353198 0.13443505
v 0.07143672 0.00311073 0.13389638
v 0.07249812 0.00502921 0.13344584
v 0.07763562 0.00797644 0.13126510
v 0.07774194 0.00943187 0.13121999
v 0.07838147 0.00800060 0.13094851
v 0.08208660 0.00682145 0.12937579
v 0.08299294 0.00610800 0.12899107
v 0.08278883 0.00804287 0.12907772
v 0.08580866 0.00462764 0.12779588
v 0.08490745 0.00337357 0.12817841
v 0.08455900 0.00409039 0.12832631
v 0.08641041 0.00317036 0.12754044
v 0.08524578 0.00244526 0.12803480
v 0.08418462 -0.00470751 0.12848523
v 0.08435261 -0.00669879 0.12841393
v 0.08319040 -0.00591379 0.12890725
v 0.07175924 -0.00630589 0.13375948
v 0.07266624 -0.00525366 0.13337448
v 0.07095659 -0.00516459 0.13410018
v 0.07199807 -0.00427817 0.13365810
v 0.07160035 0.00611567 0.13382693
v 0.07299587 0.00563314 0.13323456
v 0.08550570 0.00126257 0.12792447
v 0.08676114 0.00179113 0.12739157
v 0.08371568 -0.00533802 0.12868428
v 0.08530201 -0.00548496 0.12801093
v 0.07147357 -0.00320402 0.13388073
v 0.07254314 0.00713252 0.13342673
v 0.07354731 0.00617926 0.13300048
v 0.07346967 0.00790106 0.13303345
v 0.07428973 0.00676775 0.13268535
v 0.07462967 0.00859014 0.13254106
v 0.07527850 0.00733754 0.13226564
v 0.08161889 0.00868559 0.12957432
v 0.08127328 0.00728639 0.12972102
v 0.08407597 0.00698447 0.12853136
v 0.08356522 0.00551174 0.12874815
v 0.07190191 -0.01289588 0.12886190
v 0.07094527 -0.01244520 0.12926560
v 0.06780507 -0.01011035 0.13059421
v 0.06619580 -0.00813499 0.13127829
v 0.06489984 -0.00572074 0.13183214
v 0.06448458 -0.00460087 0.13201012
v 0.06423486 -0.00373263 0.13211615
v 0.06393264 -0.00227563 0.13223786
v 0.06376116 -0.00000501 0.13231472
v 0.06432321 0.00406887 0.13207317
v 0.06535845 0.00668794 0.13166311
v 0.06575732 0.00741252 0.13150080
v 0.06891723 0.01110497 0.13014845
v 0.07458892 0.01366880 0.12773724
v 0.07597434 0.01381514 0.12711139
v 0.07749291 0.01378363 0.12650151
v 0.07840768 0.01366662 0.12607583
v 0.08007144 0.01326527 0.12539022
v 0.08048033 0.01312849 0.12525140
v 0.08104918 0.01290601 0.12497538
v 0.08171204 0.01260379 0.12467487
v 0.08355051 0.01149646 0.12389971
v 0.08409533 0.01107788 0.12366591
v 0.08634283 0.00873827 0.12270885
v 0.08816283 0.00551464 0.12197397
v 0.08841165 0.00482779 0.12185034
v 0.08864080 0.00407690 0.12173293
v 0.08882850 0.00334480 0.12165472
v 0.08894201 0.00280023 0.12160710
v 0.08903923 0.00227564 0.12158392
v 0.08913283 0.00148570 0.12152365
v 0.08918883 0.00073630 0.12150279
v 0.08919187 -0.00063459 0.12149144
v 0.08913971 -0.00148017 0.12154157
v 0.08903613 -0.00225805 0.12156617
v 0.08887098 -0.00322294 0.12167741
v 0.08864991 -0.00406608 0.12174904
v 0.08840993 -0.00481559 0.12183145
v 0.08752149 -0.00687819 0.12221488
v 0.08717294 -0.00749839 0.12235929
v 0.08631056 -0.00879531 0.12275593
v 0.08541983 -0.00985533 0.12314945
v 0.08439493 -0.01083710 0.12357442
v 0.08367168 -0.01141773 0.12388178
v 0.08294383 -0.01191010 0.12415490
v 0.08235137 -0.01226738 0.12440690
v 0.08104892 -0.01290436 0.12495510
v 0.08021127 -0.01322058 0.12531613
v 0.07938987 -0.01346126 0.12570251
v 0.07782839 -0.01374997 0.12632835
v 0.06944475 0.01151023 0.12991973
v 0.06867126 0.01083398 0.13036984
v 0.06780481 0.01010517 0.13060415
v 0.06619571 0.00812843 0.13128744
v 0.06496092 0.00585407 0.13181163
v 0.06468209 0.00516089 0.13192607
v 0.06447429 0.00450124 0.13205911
v 0.06474647 -0.00513091 0.13203581
v 0.07356246 -0.01345412 0.12816012
v 0.07597005 -0.01381316 0.12713838
v 0.07700097 -0.01381351 0.12670063
v 0.08295887 0.01190747 0.12418384
v 0.08787458 0.00617388 0.12208289
v 0.08921468 -0.00000293 0.12151593
v 0.08784140 -0.00624055 0.12208727
v 0.08490341 -0.01037066 0.12334426
v 0.07161102 0.01273858 0.12907525
v 0.06978091 0.01169768 0.12987478
v 0.06733205 0.00956927 0.13086406
v 0.06415622 0.00336644 0.13217582
v 0.06400659 0.00264225 0.13223625
v 0.06390648 0.00198934 0.13228831
v 0.06386366 -0.00112688 0.13238649
v 0.06672194 -0.00885674 0.13107927
v 0.06730680 -0.00956016 0.13083828
v 0.06844977 -0.01071314 0.13034620
v 0.07426860 -0.01360373 0.12791974
v 0.07649768 -0.01382009 0.12695952
v 0.07390529 0.01353293 0.12803914
v 0.07807053 0.01371073 0.12630962
v 0.08141777 0.01274546 0.12488881
v 0.08332987 0.01166083 0.12412336
v 0.08465498 0.01060865 0.12347059
v 0.08533149 0.00994961 0.12317826
v 0.08757805 0.00679314 0.12223107
v 0.08855112 0.00444885 0.12186090
v 0.08911001 0.00188193 0.12162367
v 0.08920962 -0.00075367 0.12158138
v 0.08911020 -0.00188040 0.12162358
v 0.08855157 -0.00444741 0.12186071
v 0.08815080 -0.00554594 0.12198415
v 0.08679342 -0.00812182 0.12256280
v 0.07837072 -0.01365881 0.12622838
v 0.07095734 0.01243335 0.12932601
v 0.06922381 0.01126406 0.13015525
v 0.06832608 0.01059241 0.13041669
v 0.06663762 0.00869254 0.13117906
v 0.06516848 0.00618598 0.13183263
v 0.06415147 0.00298060 0.13230938
v 0.06382126 0.00000324 0.13240449
v 0.06486783 -0.00553093 0.13193028
v 0.06624638 -0.00811159 0.13137509
v 0.06712081 -0.00925280 0.13103260
v 0.06785298 -0.01008679 0.13069313
v 0.06891133 -0.01102877 0.13027258
v 0.06940023 -0.01144449 0.13001074
v 0.07005728 -0.01190993 0.12970710
v 0.07294799 -0.01325621 0.12850048
v 0.07533232 -0.01375167 0.12748839
v 0.07529092 0.01375861 0.12747038
v 0.08593665 0.00927461 0.12294658
v 0.08659380 0.00842377 0.12271547
v 0.08788840 -0.00618066 0.12216591
v 0.08385664 -0.01127647 0.12389942
v 0.08170290 -0.01261506 0.12474093
v 0.07134395 0.01256481 0.12927765
v 0.07044711 0.01210687 0.12961477
v 0.06786674 0.01008251 0.13070943
v 0.06692325 0.00899472 0.13113252
v 0.06620178 0.00802029 0.13141719
v 0.06487085 0.00549333 0.13195921
v 0.06462808 0.00479612 0.13208416
v 0.06389512 0.00131600 0.13239524
v 0.06406783 -0.00262390 0.13232196
v 0.06435635 -0.00390425 0.13219945
v 0.06450724 -0.00441057 0.13214199
v 0.06510605 -0.00601109 0.13188123
v 0.06533099 -0.00648429 0.13179233
v 0.07131935 -0.01257943 0.12924389
v 0.07228472 -0.01300117 0.12883411
v 0.07361527 -0.01342736 0.12826933
v 0.07498426 -0.01368511 0.12771085
v 0.07601772 -0.01378578 0.12724956
v 0.07705823 -0.01378566 0.12680789
v 0.07299140 0.01325908 0.12851177
v 0.07600639 0.01379374 0.12723221
v 0.07699982 0.01378069 0.12685530
v 0.07774246 0.01373443 0.12651808
v 0.07877169 0.01358863 0.12605841
v 0.07945142 0.01343528 0.12576988
v 0.08012344 0.01323512 0.12550740
v 0.08110869 0.01287174 0.12508920
v 0.08190598 0.01250707 0.12472797
v 0.08232676 0.01227582 0.12459416
v 0.08385569 0.01127959 0.12390038
v 0.08427417 0.01094301 0.12372274
v 0.08627388 0.00885837 0.12287392
v 0.08704316 0.00775178 0.12254718
v 0.08780998 0.00635233 0.12222188
v 0.08844192 0.00480423 0.12197643
v 0.08876484 0.00372630 0.12181658
v 0.08893388 0.00299488 0.12174483
v 0.08906541 0.00225861 0.12171179
v 0.08919373 0.00113189 0.12163453
v 0.08923172 0.00037881 0.12161840
v 0.08916174 -0.00149726 0.12167090
v 0.08903580 -0.00243663 0.12170155
v 0.08895001 -0.00292089 0.12178275
v 0.08866964 -0.00407678 0.12187977
v 0.08838153 -0.00497464 0.12197927
v 0.08821287 -0.00542906 0.12209566
v 0.08756357 -0.00684670 0.12232649
v 0.08720294 -0.00749113 0.12247957
v 0.08604960 -0.00914168 0.12296912
v 0.08574703 -0.00949792 0.12314234
v 0.08507513 -0.01021513 0.12338276
v 0.08353314 -0.01150045 0.12412490
v 0.08298386 -0.01189159 0.12427046
v 0.08237644 -0.01225682 0.12452828
v 0.08111115 -0.01287654 0.12506537
v 0.08045704 -0.01312918 0.12534303
v 0.07995833 -0.01329175 0.12555470
v 0.07952878 -0.01340308 0.12578181
v 0.07774334 -0.01374217 0.12649492
v 0.07171113 0.01267784 0.12920494
v 0.07010628 0.01184015 0.12983890
v 0.06954870 0.01140278 0.13013513
v 0.06916007 0.01109961 0.13030643
v 0.06745575 0.00955106 0.13097585
v 0.06590881 0.00744328 0.13162062
v 0.06551962 0.00681002 0.13174334
v 0.06432295 0.00372455 0.13223628
v 0.06402081 0.00213940 0.13238681
v 0.06388020 0.00072161 0.13243923
v 0.06388495 -0.00073927 0.13244529
v 0.06396430 -0.00169108 0.13240978
v 0.06420913 -0.00317234 0.13230584
v 0.06465125 -0.00460438 0.13218017
v 0.06558151 -0.00687391 0.13175205
v 0.06590949 -0.00750650 0.13157785
v 0.06660566 -0.00855025 0.13128858
v 0.06693802 -0.00896415 0.13117065
v 0.06828290 -0.01044817 0.13057665
v 0.06868172 -0.01078758 0.13043049
v 0.06931006 -0.01124355 0.13021732
v 0.06966951 -0.01157412 0.12998806
v 0.07070555 -0.01223058 0.12955012
v 0.07197508 -0.01281945 0.12905751
v 0.07296889 -0.01320694 0.12860945
v 0.07430164 -0.01353444 0.12806995
v 0.07656920 -0.01375908 0.12710148
v 0.07212907 0.01292785 0.12892276
v 0.07436258 0.01358441 0.12797444
v 0.07498854 0.01367473 0.12773105
v 0.08499757 0.01028725 0.12346018
v 0.08729753 0.00732684 0.12248415
v 0.08747774 0.00700503 0.12240766
v 0.08804449 0.00583963 0.12216711
v 0.08923646 -0.00018599 0.12166114
v 0.08656883 -0.00845955 0.12279321
v 0.08469112 -0.01057605 0.12359052
v 0.08415482 -0.01103078 0.12384023
v 0.08191961 -0.01249177 0.12476694
v 0.07106190 0.01235754 0.12948021
v 0.07054684 0.01203423 0.12973654
v 0.06629269 0.00798526 0.13150452
v 0.06417934 0.00264503 0.13240627
v 0.06398463 0.00127896 0.13247750
v 0.06407094 -0.00221082 0.13241261
v 0.06441279 -0.00385874 0.13226775
v 0.06515533 -0.00596205 0.13195256
v 0.06765444 -0.00980008 0.13086531
v 0.07297387 0.01319398 0.12862848
v 0.07380917 0.01344237 0.12825276
v 0.07828342 0.01364275 0.12635356
v 0.08063889 0.01303825 0.12535373
v 0.08160769 0.01263176 0.12494250
v 0.08328664 0.01166396 0.12425099
v 0.08455761 0.01068393 0.12369033
v 0.08533585 0.00993684 0.12335999
v 0.08570413 0.00953875 0.12320368
v 0.08649961 0.00854615 0.12286601
v 0.08765008 0.00666964 0.12237766
v 0.08825346 0.00531603 0.12212155
v 0.08861481 0.00425825 0.12196816
v 0.08914007 0.00169164 0.12174520
v 0.08921849 -0.00074911 0.12171193
v 0.08909369 -0.00205821 0.12176490
v 0.08881232 -0.00353085 0.12188432
v 0.08850512 -0.00460862 0.12201472
v 0.08797124 -0.00599629 0.12224133
v 0.08691764 -0.00793872 0.12268857
v 0.08628463 -0.00883322 0.12295726
v 0.08533993 -0.00993258 0.12335826
v 0.07847448 -0.01360272 0.12629363
v 0.06876651 0.01079218 0.13045914
v 0.06794903 0.01003724 0.13080062
v 0.06702087 0.00898136 0.13120011
v 0.06568904 0.00697375 0.13175989
v 0.06538887 0.00638878 0.13189018
v 0.06512464 0.00581206 0.13199950
v 0.06472512 0.00477362 0.13216908
v 0.06446151 0.00377292 0.13231960
v 0.06410312 0.00190289 0.13247588
v 0.06394045 0.00026535 0.13250500
v 0.06394186 -0.00037833 0.13250155
v 0.06401452 -0.00146233 0.13247623
v 0.06423628 -0.00294273 0.13238210
v 0.06461165 -0.00423652 0.13227238
v 0.06484380 -0.00509214 0.13212423
v 0.06533177 -0.00613689 0.13196660
v 0.06580673 -0.00715139 0.13173008
v 0.06621137 -0.00785812 0.13154105
v 0.06654848 -0.00829867 0.13143374
v 0.06810039 -0.01015467 0.13076467
v 0.06995182 -0.01169643 0.12995333
v 0.07046248 -0.01202108 0.12973372
v 0.07138887 -0.01252494 0.12934050
v 0.07262866 -0.01301658 0.12885287
v 0.07367485 -0.01336889 0.12837016
v 0.07500130 -0.01362489 0.12781263
v 0.07606676 -0.01372543 0.12735486
v 0.07710279 -0.01372517 0.12691509
v 0.07264641 0.01308691 0.12876689
v 0.07553538 0.01370220 0.12756127
v 0.07674145 0.01373476 0.12706940
v 0.07737920 0.01369699 0.12681764
v 0.07981390 0.01327961 0.12576523
v 0.08097225 0.01289210 0.12525346
v 0.08207830 0.01237029 0.12480405
v 0.08299583 0.01185941 0.12437384
v 0.08605438 0.00910917 0.12309624
v 0.08681267 0.00808499 0.12277437
v 0.08837848 0.00495998 0.12210971
v 0.08899312 0.00262503 0.12186888
v 0.08917327 -0.00130864 0.12177235
v 0.08899824 -0.00259630 0.12186671
v 0.08871468 -0.00388605 0.12196701
v 0.08831766 -0.00511265 0.12215559
v 0.08781350 -0.00632180 0.12234952
v 0.08594892 -0.00922665 0.12316107
v 0.08162039 -0.01260886 0.12497834
v 0.07983998 -0.01327209 0.12575416
v 0.07881189 -0.01354506 0.12614981
v 0.07110479 0.01230343 0.12953482
v 0.06833209 0.01041105 0.13063956
v 0.06801732 0.00995456 0.13087221
v 0.06754667 0.00948005 0.13105645
v 0.06666102 0.00851776 0.13134889
v 0.06643248 0.00799721 0.13154493
v 0.06605335 0.00743535 0.13169033
v 0.06522461 0.00580843 0.13204253
v 0.06491355 0.00529396 0.13209064
v 0.06482514 0.00477618 0.13221209
v 0.06455378 0.00423842 0.13224336
v 0.06438830 0.00331177 0.13238613
v 0.06402630 -0.00058278 0.13253994
v 0.06419494 -0.00221152 0.13247917
v 0.06700964 -0.00890876 0.13124215
v 0.06887714 -0.01084244 0.13044994
v 0.07068065 -0.01207088 0.12971536
v 0.07148291 -0.01246087 0.12940116
v 0.07205967 -0.01274386 0.12914080
v 0.07355157 -0.01325762 0.12851070
v 0.07437230 -0.01345162 0.12815915
v 0.07555375 -0.01369211 0.12757417
v 0.07622737 -0.01364752 0.12738675
v 0.07350987 0.01330959 0.12846005
v 0.07469059 0.01355188 0.12797768
v 0.07606730 0.01371308 0.12737450
v 0.07774194 0.01367871 0.12664916
v 0.07881649 0.01350979 0.12620754
v 0.07932339 0.01339818 0.12599237
v 0.08011401 0.01319024 0.12564228
v 0.08129922 0.01273388 0.12515368
v 0.08254944 0.01209990 0.12462299
v 0.08387124 0.01121538 0.12406193
v 0.08428700 0.01088115 0.12388544
v 0.08482250 0.01040822 0.12365815
v 0.08627550 0.00880920 0.12304138
v 0.08710203 0.00760909 0.12269054
v 0.08780318 0.00631818 0.12239293
v 0.08849068 0.00460044 0.12210110
v 0.08875315 0.00370734 0.12198969
v 0.08888151 0.00316300 0.12193520
v 0.08905070 0.00229421 0.12184890
v 0.08918004 0.00112811 0.12180850
v 0.08921796 0.00037946 0.12179239
v 0.08912685 -0.00167784 0.12183106
v 0.08888364 -0.00315322 0.12193430
v 0.08860477 -0.00423601 0.12205267
v 0.08810786 -0.00563430 0.12226360
v 0.08756092 -0.00680424 0.12249577
v 0.08720252 -0.00744498 0.12264789
v 0.08670942 -0.00821333 0.12285720
v 0.08558567 -0.00963391 0.12333420
v 0.08508795 -0.01015328 0.12354546
v 0.08443811 -0.01074031 0.12384012
v 0.08300891 -0.01182071 0.12442797
v 0.08255758 -0.01209517 0.12461954
v 0.08225123 -0.01226776 0.12474957
v 0.08114733 -0.01280032 0.12521816
v 0.08049710 -0.01305163 0.12549418
v 0.07933243 -0.01339599 0.12598853
v 0.07783515 -0.01366174 0.12661776
v 0.07752429 -0.01362430 0.12683116
v 0.06992660 0.01157434 0.13005120
v 0.06579303 0.00688085 0.13183746
v 0.06427390 0.00256139 0.13246119
v 0.06411777 0.00131138 0.13253610
v 0.06405200 0.00077177 0.13254027
v 0.06412917 -0.00152278 0.13252263
v 0.06437537 -0.00318821 0.13240276
v 0.06473512 -0.00436769 0.13228116
v 0.06501826 -0.00531474 0.13212987
v 0.06559780 -0.00657507 0.13189633
v 0.06601822 -0.00728314 0.13174187
v 0.06744145 -0.00943949 0.13105469
v 0.06826243 -0.01022266 0.13075306
v 0.06854572 -0.01038010 0.13069276
v 0.06922045 -0.01098744 0.13039056
v 0.06962157 -0.01136269 0.13017613
v 0.07496186 -0.01351178 0.12794554
v 0.07677137 -0.01367872 0.12712884
v 0.07221305 0.01283849 0.12904700
v 0.07270368 0.01296834 0.12888932
v 0.07435335 0.01349411 0.12812085
v 0.07499127 0.01359772 0.12785466
v 0.08298604 0.01179489 0.12449154
v 0.08507583 0.01014011 0.12358709
v 0.08737180 0.00712138 0.12261251
v 0.08802246 0.00580298 0.12233633
v 0.08920769 -0.00018063 0.12183323
v 0.08649269 -0.00849201 0.12298567
v 0.08482668 -0.01037940 0.12369285
v 0.08443318 -0.01068590 0.12390937
v 0.08420108 -0.01094125 0.12394534
v 0.08373570 -0.01129185 0.12415594
v 0.08194397 -0.01240508 0.12491648
v 0.08163289 -0.01249277 0.12511878
v 0.07901513 -0.01340793 0.12620039
v 0.07179930 0.01258239 0.12928727
v 0.07112965 0.01222547 0.12958801
v 0.07052331 0.01188084 0.12984538
v 0.06872264 0.01062396 0.13057231
v 0.06829798 0.01008765 0.13082187
v 0.06702695 0.00879598 0.13130614
v 0.06668520 0.00818072 0.13150645
v 0.06551959 0.00631250 0.13196147
v 0.06508119 0.00530336 0.13214756
v 0.06472031 0.00425864 0.13230074
v 0.06443369 0.00283250 0.13246216
v 0.06411769 -0.00087697 0.13255654
v 0.06635846 -0.00781110 0.13160539
v 0.06708886 -0.00884187 0.13129486
v 0.06791228 -0.00978928 0.13094584
v 0.07007327 -0.01160938 0.13002856
v 0.07097010 -0.01215339 0.12964788
v 0.07246216 -0.01279600 0.12904416
v 0.07317875 -0.01308761 0.12871484
v 0.07332885 0.01318470 0.12861232
v 0.07387974 0.01333750 0.12837320
v 0.07710987 0.01363638 0.12701792
v 0.07831940 0.01353819 0.12648869
v 0.07900459 0.01338542 0.12622694
v 0.08033629 0.01301953 0.12566152
v 0.08130492 0.01264575 0.12525036
v 0.08177704 0.01246162 0.12502101
v 0.08247754 0.01206025 0.12475356
v 0.08343432 0.01148130 0.12431754
v 0.08374453 0.01118896 0.12424513
v 0.08446519 0.01067144 0.12388538
v 0.08490612 0.01022022 0.12373751
v 0.08544356 0.00973377 0.12346467
v 0.08640825 0.00856890 0.12306061
v 0.08686613 0.00789718 0.12287796
v 0.08767055 0.00650947 0.12252465
v 0.08853992 0.00433531 0.12215577
v 0.08883362 0.00313870 0.12205462
v 0.08909649 0.00168383 0.12191410
v 0.08910751 0.00112447 0.12196733
v 0.08918212 -0.00055145 0.12187775
v 0.08907639 -0.00166904 0.12195157
v 0.08902600 -0.00222289 0.12194402
v 0.08889275 -0.00286281 0.12203113
v 0.08855741 -0.00420960 0.12217187
v 0.08841083 -0.00474518 0.12220514
v 0.08816825 -0.00534365 0.12233866
v 0.08689462 -0.00787313 0.12284874
v 0.08666161 -0.00812746 0.12301048
v 0.08615590 -0.00890518 0.12316229
v 0.08573762 -0.00937048 0.12337040
v 0.08532977 -0.00985230 0.12351297
v 0.08344719 -0.01147226 0.12431208
v 0.08310447 -0.01163826 0.12451681
v 0.08238799 -0.01207876 0.12481639
v 0.08025651 -0.01301035 0.12572738
v 0.07822033 -0.01354816 0.12653602
v 0.06988647 0.01140563 0.13014585
v 0.06775656 0.00951671 0.13105220
v 0.06625354 0.00750836 0.13169020
v 0.06586378 0.00682103 0.13185885
v 0.06538596 0.00583940 0.13206167
v 0.06498372 0.00481858 0.13223241
v 0.06425368 0.00197220 0.13251733
v 0.06421226 0.00086774 0.13256930
v 0.06426930 -0.00154766 0.13254662
v 0.06460314 -0.00373847 0.13236959
v 0.06530090 -0.00576570 0.13207260
v 0.06615439 -0.00727585 0.13175083
v 0.06755159 -0.00928410 0.13114088
v 0.06887258 -0.01055588 0.13059920
v 0.06964434 -0.01121859 0.13025410
v 0.07048865 -0.01179170 0.12989418
v 0.07197528 -0.01259422 0.12924956
v 0.07500208 -0.01341849 0.12798931
v 0.07606888 -0.01351065 0.12754239
v 0.07692591 -0.01355318 0.12716382
v 0.07736482 -0.01354205 0.12697063
v 0.07424895 0.01333897 0.12827933
v 0.07559119 0.01357832 0.12768332
v 0.07676839 0.01364890 0.12716354
v 0.07773636 0.01357737 0.12676672
v 0.07980947 0.01320149 0.12587311
v 0.08079359 0.01287356 0.12545537
v 0.08589419 0.00920773 0.12329030
v 0.08732415 0.00706873 0.12272262
v 0.08797000 0.00576012 0.12244848
v 0.08826268 0.00512998 0.12228494
v 0.08894797 0.00263261 0.12199405
v 0.08914464 -0.00107817 0.12191057
v 0.08872771 -0.00364451 0.12208755
v 0.08786938 -0.00607800 0.12245188
v 0.08486392 -0.01024568 0.12376795
v 0.08385563 -0.01110334 0.12419491
v 0.07987930 -0.01318135 0.12584346
v 0.07217695 0.01266315 0.12917675
v 0.06934828 0.01106131 0.13035125
v 0.06897199 0.01066649 0.13054763
v 0.06734370 0.00903379 0.13123237
v 0.06466660 0.00372845 0.13237516
v 0.06411652 0.00028420 0.13257199
v 0.06418758 -0.00029106 0.13257849
v 0.06440571 -0.00268622 0.13247404
v 0.06497320 -0.00481946 0.13223315
v 0.06678785 -0.00828225 0.13147581
v 0.06699826 -0.00848439 0.13140615
v 0.06796071 -0.00964525 0.13099587
v 0.07151704 -0.01233145 0.12947136
v 0.07313013 -0.01288829 0.12882208
v 0.07366105 -0.01314406 0.12855759
v 0.07551872 -0.01354728 0.12773207
v 0.07343395 0.01310128 0.12864235
v 0.07479525 0.01342840 0.12805626
v 0.07629062 0.01357870 0.12741605
v 0.07731569 0.01349887 0.12701610
v 0.07850321 0.01341064 0.12649070
v 0.08049291 0.01289593 0.12564600
v 0.08160823 0.01244014 0.12517263
v 0.08285861 0.01177620 0.12463218
v 0.08411003 0.01086255 0.12411064
v 0.08552308 0.00952832 0.12351088
v 0.08655988 0.00826146 0.12306130
v 0.08845571 0.00437214 0.12226601
v 0.08868343 0.00367923 0.12214734
v 0.08882415 0.00294659 0.12210962
v 0.08901800 0.00193693 0.12200954
v 0.08914853 0.00027553 0.12195000
v 0.08910423 -0.00073295 0.12199073
v 0.08898494 -0.00202099 0.12204141
v 0.08874884 -0.00329255 0.12214158
v 0.08840639 -0.00453247 0.12228699
v 0.08789704 -0.00578774 0.12252508
v 0.08750728 -0.00673438 0.12264658
v 0.08715253 -0.00736934 0.12279716
v 0.08610919 -0.00883422 0.12326205
v 0.08541170 -0.00964642 0.12355811
v 0.08269085 -0.01185878 0.12471304
v 0.08095039 -0.01276179 0.12543116
v 0.07899252 -0.01333380 0.12627323
v 0.07818004 -0.01345396 0.12662776
v 0.07094344 0.01199756 0.12972751
v 0.07048952 0.01169594 0.12992843
v 0.06964174 0.01112253 0.13028708
v 0.06851784 0.01016795 0.13076674
v 0.06804577 0.00965783 0.13097661
v 0.06688727 0.00830215 0.13145888
v 0.06583863 0.00654822 0.13191094
v 0.06544058 0.00569463 0.13208065
v 0.06522957 0.00510753 0.13217664
v 0.06496333 0.00451966 0.13227294
v 0.06454656 0.00268953 0.13246704
v 0.06435584 0.00187560 0.13252778
v 0.06425582 0.00055732 0.13257326
v 0.06431692 -0.00107240 0.13255799
v 0.06470219 -0.00341622 0.13239975
v 0.06533746 -0.00552889 0.13211419
v 0.06564535 -0.00631568 0.13196908
v 0.06649091 -0.00766423 0.13163775
v 0.06843517 -0.01009728 0.13079923
v 0.07092410 -0.01196850 0.12974080
v 0.07195594 -0.01246903 0.12930802
v 0.07407177 -0.01322314 0.12839445
v 0.07672435 -0.01347424 0.12728330
v 0.08219438 0.01205970 0.12496138
v 0.08708783 0.00736482 0.12286810
v 0.08808523 0.00537067 0.12243469
v 0.08822589 -0.00490860 0.12239422
v 0.08488210 -0.01008164 0.12382337
v 0.08412652 -0.01080943 0.12412510
v 0.07969617 -0.01306619 0.12602180
v 0.06929024 0.01078977 0.13045012
v 0.06759288 0.00914346 0.13116928
v 0.06637705 0.00754055 0.13167607
v 0.06488253 0.00411418 0.13231975
v 0.06441820 0.00185465 0.13252107
v 0.06428932 0.00014260 0.13257155
v 0.06435041 -0.00121401 0.13254780
v 0.06445776 -0.00206024 0.13250604
v 0.06485698 -0.00415879 0.13232091
v 0.06561906 -0.00597401 0.13201562
v 0.06719742 -0.00871240 0.13132780
v 0.06994622 -0.01132236 0.13016335
v 0.07414537 -0.01313760 0.12839411
v 0.07699653 -0.01344939 0.12717244
v 0.07544839 0.01341775 0.12782432
v 0.07817869 0.01332802 0.12668069
v 0.07926975 0.01321366 0.12618970
v 0.08468616 0.01032295 0.12388802
v 0.08530637 0.00962723 0.12364869
v 0.08657977 0.00808388 0.12310138
v 0.08743639 0.00662865 0.12274238
v 0.08766286 0.00630538 0.12262206
v 0.08850600 0.00387553 0.12229483
v 0.08882560 0.00269997 0.12213966
v 0.08717522 -0.00714721 0.12284580
v 0.08277036 -0.01170812 0.12472261
v 0.08051499 -0.01285011 0.12565854
v 0.07775600 -0.01341975 0.12684571
v 0.06708075 0.00842317 0.13139662
v 0.06437868 0.00118377 0.13254332
v 0.06458164 -0.00284184 0.13245210
v 0.06514108 -0.00486491 0.13221418
v 0.06596230 -0.00677811 0.13185814
v 0.06781164 -0.00929843 0.13108889
v 0.06827083 -0.00981509 0.13089067
v 0.06904583 -0.01052831 0.13056170
v 0.06926949 -0.01079089 0.13045585
v 0.07138307 -0.01208724 0.12957324
v 0.07483042 -0.01324085 0.12810673
v 0.07532514 -0.01338876 0.12788014
v 0.07591747 -0.01336437 0.12764649
v 0.07195598 0.01245036 0.12931303
v 0.07296466 0.01286638 0.12887914
v 0.07396730 0.01314357 0.12845732
v 0.07657282 0.01345742 0.12735331
v 0.07996312 0.01298391 0.12591068
v 0.08095074 0.01264385 0.12548927
v 0.08301803 0.01156857 0.12461264
v 0.08369828 0.01107929 0.12432917
v 0.08437132 0.01045455 0.12405655
v 0.08593718 0.00894318 0.12337265
v 0.08822056 0.00487940 0.12240342
v 0.08906130 -0.00016152 0.12204655
v 0.08900749 -0.00126419 0.12206939
v 0.08880693 -0.00271986 0.12215452
v 0.08856282 -0.00376828 0.12226034
v 0.08797752 -0.00540370 0.12251909
v 0.08751073 -0.00641496 0.12272185
v 0.08675840 -0.00769303 0.12304274
v 0.08648934 -0.00822077 0.12313829
v 0.08573720 -0.00918226 0.12345754
v 0.08185555 -0.01224362 0.12510334
v 0.07870136 -0.01329266 0.12644407
v 0.07770329 -0.01333247 0.12688923
v 0.07047467 0.01159079 0.12995719
v 0.06878381 0.01025870 0.13067639
v 0.06797929 0.00950402 0.13101442
v 0.06680797 0.00804703 0.13151456
v 0.06663785 -0.00778934 0.13158674
v 0.07029819 -0.01146363 0.13003209
v 0.07360223 -0.01301089 0.12862426
v 0.07649394 -0.01337923 0.12740363
v 0.07281364 0.01274002 0.12896428
v 0.07527703 0.01332362 0.12791705
v 0.08149102 0.01236025 0.12527451
v 0.08255602 0.01175330 0.12482826
v 0.08354192 0.01108794 0.12441192
v 0.08705741 0.00721883 0.12291550
v 0.08890878 0.00182754 0.12212605
v 0.08900031 0.00094897 0.12208536
v 0.08894123 -0.00142203 0.12211807
v 0.08592079 -0.00884691 0.12339977
v 0.08497517 -0.00988501 0.12380100
v 0.08396589 -0.01080825 0.12422658
v 0.08124875 -0.01247501 0.12537618
v 0.07886737 -0.01318129 0.12639276
vn -0.66415877 0.57679417 -0.47560658
vn 0.05822108 0.61779481 -0.78418102
vn 0.10584576 0.58649601 -0.80300630
vn -0.61713614 -0.54101344 -0.57135580
vn -0.65682580 -0.52094272 -0.54515920
vn 0.14678267 0.54950621 -0.82249484
vn -0.68135595 -0.45498126 -0.57336386
vn 0.18235659 0.51503223 -0.83754873
vn -0.72856178 -0.45870006 -0.50871601
vn -0.81872049 0.40224628 -0.40974955
vn 0.21980534 0.47472225 -0.85224668
vn -0.75656982 -0.47109830 -0.45350688
vn -0.76754927 -0.45995407 -0.44644190
vn -0.77529756 -0.42099939 -0.47082184
vn 0.24417267 0.43628075 -0.86604781
vn -0.10562472 0.69148111 -0.71463088
vn -0.05008043 0.67478789 -0.73631057
vn -0.45887262 -0.65672857 -0.59845092
vn -0.52932642 -0.64060959 -0.55626693
vn 0.00878975 0.64805264 -0.76154482
vn -0.57632519 -0.61054402 -0.54321752
vn -0.60914967 0.61704540 -0.49818838
vn 0.04883915 -0.58577727 -0.80899921
vn -0.55042533 0.65103492 -0.52267149
vn -0.01057587 -0.62783982 -0.77827072
vn -0.48836884 0.67829218 -0.54901330
vn -0.05361924 -0.65885370 -0.75035776
vn -0.22502757 0.71512367 -0.66178602
vn -0.30179883 -0.68056671 -0.66764243
vn -0.35464422 -0.67970498 -0.64205032
vn -0.16067787 0.70613090 -0.68960987
vn -0.40548106 -0.67367595 -0.61785583
vn 0.37458182 0.11791802 -0.91966505
vn -0.89164209 -0.44400888 0.08849009
vn -0.27990299 -0.14413616 -0.94914650
vn -0.14528822 0.01558279 -0.98926665
vn -0.92951576 -0.04559068 -0.36595347
vn -0.14853448 0.01051014 -0.98885138
vn -0.24661897 0.20566512 -0.94703798
vn -0.40758064 -0.70112290 -0.58506812
vn -0.30923669 -0.71303724 -0.62924603
vn -0.42409379 0.69858938 -0.57629622
vn -0.12246815 -0.66879208 -0.73329306
vn -0.35857625 0.71148417 -0.60432885
vn -0.18861878 -0.68874811 -0.70003499
vn -0.23944893 -0.69527002 -0.67769005
vn -0.29220665 0.71687804 -0.63300960
vn -0.89319526 0.23877478 -0.38103653
vn -0.35456880 -0.70937593 -0.60915249
vn 0.38035424 0.07024265 -0.92216952
vn -0.97035548 -0.21100389 0.11784569
vn -0.70741025 0.53716428 -0.45937487
vn -0.85278043 0.34099445 -0.39558604
vn -0.16721818 -0.09310424 -0.98151397
vn -0.87644026 0.28564850 -0.38763050
vn -0.90661973 0.19277536 -0.37533762
vn -0.16262974 -0.05927701 -0.98490497
vn -0.76710185 -0.47384599 -0.43246356
vn -0.61414182 -0.61253562 -0.49762430
vn -0.12030589 -0.69683396 -0.70707067
vn 0.32295213 0.30344308 -0.89645090
vn 0.26961332 0.40335872 -0.87442004
vn -0.77942648 0.45884229 -0.42656549
vn -0.20777472 -0.13672590 -0.96857405
vn -0.93101134 0.00213396 -0.36498402
vn -0.87930572 -0.27787685 -0.38678922
vn -0.16831229 0.10765465 -0.97983746
vn -0.69506619 -0.54792321 -0.46547089
vn -0.65839994 -0.57911089 -0.48077032
vn -0.43817367 0.65270788 -0.61804228
vn -0.83801816 -0.54193389 0.06350757
vn 0.30015560 0.35601057 -0.88496502
vn -0.78544075 -0.61682175 0.05112486
vn -0.19409531 -0.11645924 -0.97404530
vn -0.91715485 0.14589549 -0.37086586
vn -0.92937852 0.05035706 -0.36567709
vn -0.15377947 0.05714433 -0.98645142
vn -0.89986723 -0.22169117 -0.37562215
vn -0.16088613 0.08435249 -0.98336174
vn -0.85903674 -0.32495307 -0.39555199
vn -0.23635063 -0.15046880 -0.95994662
vn -0.74221774 0.50149680 -0.44453773
vn -0.91651144 -0.15521215 -0.36866783
vn -0.17718719 0.12743132 -0.97589239
vn -0.20968127 0.16963208 -0.96294274
vn -0.72929882 -0.51530899 -0.45008875
vn -0.22690634 0.19166881 -0.95486993
vn -0.46187400 -0.68493637 -0.56350207
vn -0.18261093 0.59970278 -0.77910835
vn -0.21887363 0.65326159 -0.72480593
vn -0.17429321 -0.70621506 -0.68620854
vn 0.36577429 0.16518800 -0.91592690
vn -0.92475272 0.09835096 -0.36764043
vn -0.14791302 -0.03385227 -0.98842084
vn -0.15116335 -0.01068921 -0.98845100
vn -0.38290409 0.66673284 -0.63941519
vn 0.38349665 0.02149531 -0.92329209
vn -0.92505458 -0.09581233 -0.36755138
vn -0.83349611 -0.37636790 -0.40451384
vn -0.80161741 -0.42603892 -0.41940478
vn -0.28850834 0.67410546 -0.67995938
vn 0.30203119 -0.34727026 -0.88779532
vn 0.37450270 -0.12219242 -0.91913913
vn -0.98471849 0.11605444 0.12984936
vn -0.98757966 -0.09026921 0.12859974
vn -0.19164099 0.14712573 -0.97037506
vn 0.38061741 -0.07439459 -0.92173523
vn -0.51422411 -0.66635717 -0.53994600
vn -0.22010430 -0.71158032 -0.66723874
vn -0.33120757 0.69130725 -0.64218053
vn 0.27763781 -0.38986378 -0.87802248
vn -0.89027098 0.44755565 0.08432988
vn 0.36560789 -0.17142757 -0.91484614
vn 0.33974942 0.25799905 -0.90443730
vn -0.99140107 0.01849067 0.12954544
vn -0.11358150 0.57800282 -0.80809157
vn -0.26433926 -0.71382953 -0.64851535
vn -0.70872824 0.70548112 0.00082599
vn 0.19337283 -0.50436097 -0.84156222
vn 0.38374809 -0.02625970 -0.92306437
vn 0.35410971 0.21172222 -0.91092262
vn 0.15448774 -0.54743083 -0.82246765
vn -0.93393784 -0.34158468 0.10526161
vn -0.56504252 -0.64073629 -0.51979223
vn -0.08840970 0.55364261 -0.82804806
vn -0.02631199 -0.66175980 -0.74925406
vn 0.10421342 -0.58921517 -0.80122721
vn 0.32894890 -0.29514469 -0.89704082
vn 0.35235938 -0.23032310 -0.90708001
vn -0.96867168 0.21760530 0.11967920
vn -0.76823751 0.63968510 0.02478104
vn 0.25215202 -0.42938894 -0.86720499
vn -0.03915657 0.57478078 -0.81737006
vn -0.06937300 -0.67942446 -0.73045862
vn -0.56337138 0.82026554 -0.09887939
vn 0.01424506 -0.64229961 -0.76632127
vn -0.25292057 0.21922505 -0.94232243
vn -0.03110295 0.55190932 -0.83332389
vn -0.01019040 0.57596810 -0.81740865
vn -0.93685964 0.33350715 0.10519980
vn 0.22426948 -0.46695345 -0.85536991
vn 0.05554953 -0.61932157 -0.78316987
vn -0.63245444 0.77415856 -0.02607505
vn -0.83188016 0.55198828 0.05730920
vn 0.55622830 -0.27464869 -0.78433295
vn 0.51161996 -0.36583445 -0.77743821
vn -0.29549922 -0.48979968 0.82022953
vn 0.71068809 -0.65520761 0.25617459
vn 0.10310782 -0.55130983 -0.82790473
vn 0.35987957 -0.64900578 -0.67028217
vn 0.76788790 -0.59992959 0.22457217
vn 0.42668678 -0.64284537 -0.63615110
vn 0.82004675 -0.53311666 0.20811047
vn 0.39461627 -0.56376669 -0.72556538
vn 0.45701189 -0.53627264 -0.70961383
vn 0.85650797 -0.47863781 0.19313194
vn 0.88736401 -0.42779891 0.17196859
vn 0.49995075 -0.46839762 -0.72845928
vn 0.90834248 -0.38396643 0.16578216
vn 0.52986527 -0.38286689 -0.75674020
vn 0.93363719 -0.32074739 0.15950773
vn 0.95996691 -0.23604911 0.15081228
vn 0.53298385 -0.30358153 -0.78978888
vn 0.57749232 -0.23367603 -0.78223918
vn 0.97988857 -0.14445297 0.13766530
vn 0.59201338 -0.12645059 -0.79594624
vn 0.57810972 -0.17761527 -0.79639310
vn 0.98880965 -0.07754770 0.12744345
vn 0.99023193 -0.02056384 0.13790524
vn 0.59695591 -0.06921879 -0.79928243
vn 0.98953132 0.05066636 0.13513208
vn 0.59092755 0.00826312 -0.80668231
vn 0.98388865 0.12122091 0.13141014
vn 0.58796902 0.09021615 -0.80383672
vn 0.97020559 0.19745863 0.14039662
vn 0.58139928 0.15302530 -0.79909832
vn 0.94879542 0.27625151 0.15320691
vn 0.55913346 0.21695246 -0.80018836
vn 0.91772847 0.36365021 0.15979040
vn 0.88343308 0.43211855 0.18116169
vn 0.84241857 0.50168425 0.19658045
vn 0.79436855 0.56760377 0.21634363
vn 0.43484493 0.51166298 -0.74102016
vn 0.75183506 0.61756119 0.23100262
vn 0.69347808 0.67207671 0.25961711
vn 0.35030368 0.62047269 -0.70164163
vn 0.30779909 0.67078603 -0.67476353
vn 0.62880969 0.72320798 0.28560216
vn 0.56274139 0.76153197 0.32154500
vn 0.19902535 0.74235512 -0.63976385
vn 0.50029995 0.79743924 0.33732865
vn 0.13449287 0.77956851 -0.61170631
vn 0.46457192 0.81207899 0.35312979
vn 0.07076193 0.81165231 -0.57983902
vn 0.41753518 0.82651147 0.37754889
vn 0.36017146 0.84124506 0.40321616
vn 0.00318271 0.83174746 -0.55514506
vn 0.30615173 0.85518783 0.41824024
vn 0.24965094 0.85883971 0.44729046
vn -0.11286223 0.85828750 -0.50060431
vn 0.17605641 0.85567789 0.48664104
vn -0.17671470 0.85595638 -0.48591212
vn 0.09564659 0.85135762 0.51579253
vn -0.31925423 0.85021796 -0.41857634
vn 0.03090926 0.83978324 0.54204126
vn -0.02799569 0.82148342 0.56954476
vn -0.38134146 0.83761828 -0.39111930
vn -0.44694491 0.81553349 -0.36762124
vn -0.10251641 0.79776266 0.59419283
vn -0.49489586 0.80116893 -0.33646163
vn -0.16767355 0.76290039 0.62439456
vn -0.53485284 0.78044359 -0.32379044
vn -0.23067636 0.72368629 0.65043568
vn -0.58898094 0.74706904 -0.30820333
vn -0.28532119 0.67884686 0.67657872
vn -0.63965510 0.71517505 -0.28171973
vn -0.33639235 0.62570532 0.70379901
vn -0.69840241 0.66608968 -0.26183700
vn -0.38432087 0.56714877 0.72845023
vn -0.75606627 0.60984903 -0.23758777
vn -0.43481047 0.50808275 0.74349968
vn -0.80943425 0.54624030 -0.21549414
vn -0.47329978 0.47044396 0.74476157
vn -0.85617147 0.48245420 -0.18495502
vn -0.49369625 0.42262818 0.76003252
vn -0.88227631 0.43945659 -0.16871995
vn -0.52108883 0.34045161 0.78266157
vn -0.54489675 0.25093987 0.80007294
vn -0.57046408 0.16442248 0.80469621
vn -0.96230666 0.22096397 -0.15855854
vn -0.58561676 0.09300420 0.80523489
vn -0.98057048 0.13844150 -0.13898016
vn -0.59684051 0.02919771 0.80182847
vn -0.59448710 -0.02510597 0.80371312
vn -0.98900661 0.06143992 -0.13450302
vn -0.99145410 -0.02080896 -0.12878568
vn -0.59009634 -0.09463751 0.80176683
vn -0.98548363 -0.10114689 -0.13634996
vn -0.57706279 -0.17081973 0.79863581
vn -0.97627564 -0.17116914 -0.13261601
vn -0.55156461 -0.25656187 0.79369546
vn -0.96600214 -0.21459388 -0.14418505
vn -0.53982075 -0.32461544 0.77667135
vn -0.94402722 -0.29146943 -0.15446091
vn -0.51748905 -0.36195994 0.77536448
vn -0.91334613 -0.37171249 -0.16621875
vn -0.48741292 -0.42620490 0.76208794
vn -0.45196149 -0.49048856 0.74508508
vn -0.88128467 -0.43679703 -0.18040422
vn -0.85066369 -0.49190871 -0.18546457
vn -0.82103640 -0.53396304 -0.20194726
vn -0.41791374 -0.54772310 0.72480860
vn -0.38080233 -0.59021352 0.71178479
vn -0.77869414 -0.58803979 -0.21873418
vn -0.33787557 -0.63524713 0.69447908
vn -0.27620062 -0.68489195 0.67426718
vn -0.72926793 -0.63910973 -0.24435024
vn -0.22368175 -0.72901870 0.64691437
vn -0.16118701 -0.76021277 0.62936102
vn -0.61578136 -0.73105252 -0.29389713
vn -0.10355724 -0.79275830 0.60067477
vn -0.54539826 -0.77354202 -0.32275917
vn -0.03884976 -0.81670761 0.57574246
vn 0.03144561 -0.84202002 0.53852898
vn -0.40002174 -0.83044777 -0.38773587
vn 0.08261764 -0.85193526 0.51708862
vn -0.30937036 -0.85138739 -0.42359118
vn 0.15468941 -0.85738720 0.49087511
vn -0.23363345 -0.86078603 -0.45217566
vn 0.21699695 -0.85857907 0.46449360
vn 0.28249270 -0.85538108 0.43419015
vn -0.16580245 -0.85768523 -0.48670895
vn 0.35375453 -0.84415949 0.40280577
vn -0.10296073 -0.85320489 -0.51131253
vn -0.04433430 -0.84913728 -0.52630823
vn 0.41231862 -0.83161340 0.37203832
vn 0.45753287 -0.81512926 0.35528575
vn 0.51654205 -0.78443121 0.34329576
vn 0.06890963 -0.81093197 -0.58106868
vn 0.57872711 -0.75376306 0.31131363
vn 0.13670218 -0.77483956 -0.61720027
vn 0.63528159 -0.71781486 0.28488441
vn 0.20325467 -0.74153413 -0.63938617
vn 0.25551809 -0.69878195 -0.66814242
vn 0.69436372 -0.67065731 0.26091720
vn 0.74315947 -0.62368710 0.24233944
vn 0.79079367 -0.57074267 0.22112934
vn 0.35941215 -0.60555310 -0.71001997
vn 0.83479908 -0.51072625 0.20559475
vn 0.45510790 -0.48211299 -0.74862799
vn 0.87131358 -0.45764113 0.17713624
vn 0.89309720 -0.41535347 0.17279722
vn 0.92321379 -0.34928851 0.16023057
vn 0.49661809 -0.41610116 -0.76172850
vn 0.52857207 -0.36585393 -0.76600422
vn 0.95144058 -0.26473448 0.15708746
vn 0.53446197 -0.30915742 -0.78662068
vn 0.97088542 -0.19432138 0.14007392
vn 0.56247378 -0.23270940 -0.79339119
vn 0.98153872 -0.13359048 0.13687705
vn 0.59147756 -0.08708359 -0.80160511
vn 0.58522524 -0.15432937 -0.79604891
vn 0.98998560 -0.06039593 0.12759638
vn 0.59535801 -0.03211452 -0.80281847
vn 0.99068115 0.01081031 0.13577182
vn 0.98552958 0.09278482 0.14185355
vn 0.58499354 0.03523308 -0.81027229
vn 0.97583082 0.16838236 0.13928962
vn 0.57543909 0.18023606 -0.79773731
vn 0.95765701 0.24772833 0.14670966
vn 0.56933776 0.24183030 -0.78573063
vn 0.93378920 0.32445038 0.15089626
vn 0.53991672 0.30929591 -0.78283202
vn 0.90378856 0.39355295 0.16817348
vn 0.87324103 0.45272424 0.18025223
vn 0.49474739 0.41784881 -0.76198910
vn 0.83732248 0.50723541 0.20396890
vn 0.46091597 0.47306826 -0.75084145
vn 0.79534707 0.56840554 0.21056634
vn 0.75266969 0.61544415 0.23391631
vn 0.37602956 0.59774762 -0.70802511
vn 0.70448342 0.66537460 0.24694079
vn 0.32765454 0.64534624 -0.69005126
vn 0.66663524 0.69526172 0.26871657
vn 0.27360280 0.69504052 -0.66487606
vn 0.62292743 0.72810705 0.28604465
vn 0.57313627 0.75868092 0.30970643
vn 0.17083276 0.76389936 -0.62231337
vn 0.51262487 0.79171170 0.33227749
vn 0.13103156 0.78807356 -0.60147385
vn 0.46428944 0.81412810 0.34875600
vn 0.03237472 0.83039306 -0.55623668
vn 0.40904052 0.83033110 0.37846548
vn -0.01943062 0.83849303 -0.54456579
vn 0.34375172 0.84710609 0.40527278
vn 0.28104947 0.85423937 0.43736289
vn -0.07440607 0.85007244 -0.52138334
vn -0.14493696 0.85256064 -0.50212909
vn 0.20482577 0.85791233 0.47120362
vn -0.20893120 0.86153967 -0.46270633
vn 0.14216457 0.85901764 0.49181087
vn 0.08366820 0.85016377 0.51982804
vn -0.26994673 0.85697109 -0.43900947
vn -0.33298546 0.84891526 -0.41044313
vn 0.02520747 0.83784390 0.54532759
vn -0.03750518 0.82305054 0.56672849
vn -0.40183741 0.83215875 -0.38214986
vn -0.10083537 0.79510009 0.59803685
vn -0.46362865 0.81139627 -0.35592776
vn -0.15795859 0.76559829 0.62362516
vn -0.52230885 0.78555512 -0.33180811
vn -0.21269929 0.74480181 0.63247868
vn -0.26211662 0.69759210 0.66682842
vn -0.59094344 0.74747274 -0.30343096
vn -0.32284354 0.65822116 0.68008599
vn -0.70381513 0.66273481 -0.25578670
vn -0.35609761 0.61085525 0.70714239
vn -0.76220601 0.60568221 -0.22845364
vn -0.41061387 0.55044549 0.72691541
vn -0.79717351 0.56678961 -0.20799985
vn -0.45591023 0.48206346 0.74817156
vn -0.83418138 0.51417536 -0.19941196
vn -0.49403751 0.41011733 0.76663597
vn -0.87018160 0.45578105 -0.18721006
vn -0.90463905 0.38930433 -0.17340797
vn -0.53263150 0.33518928 0.77714338
vn -0.55587755 0.25222309 0.79207554
vn -0.92805678 0.34021939 -0.15153013
vn -0.94449065 0.29131849 -0.15189124
vn -0.57843754 0.18243196 0.79506515
vn -0.96431113 0.22076885 -0.14616824
vn -0.58473513 0.11171201 0.80349565
vn -0.97782052 0.16008590 -0.13505386
vn -0.58823616 0.04068752 0.80766500
vn -0.98633517 0.08895606 -0.13867139
vn -0.58945052 -0.03163180 0.80718493
vn -0.99071084 0.01264616 -0.13539610
vn -0.59066938 -0.10648263 0.79985695
vn -0.98765805 -0.08051996 -0.13434324
vn -0.57980713 -0.15748243 0.79938913
vn -0.56705270 -0.22120917 0.79342154
vn -0.97591455 -0.16708735 -0.14025905
vn -0.96346396 -0.22868613 -0.13942685
vn -0.55303032 -0.27529977 0.78636347
vn -0.94648799 -0.28591993 -0.14970060
vn -0.53032068 -0.33309238 0.77962134
vn -0.50714053 -0.38750478 0.76983669
vn -0.48223292 -0.44297612 0.75579334
vn -0.89385280 -0.41382047 -0.17256822
vn -0.44488085 -0.50374176 0.74048988
vn -0.85175660 -0.48814028 -0.19034119
vn -0.40417981 -0.56267890 0.72113185
vn -0.80255624 -0.55765509 -0.21195346
vn -0.35751395 -0.60924180 0.70781933
vn -0.74623898 -0.62149682 -0.23847239
vn -0.31169993 -0.65590380 0.68748335
vn -0.27838618 -0.69242787 0.66561609
vn -0.69538588 -0.67252003 -0.25328895
vn -0.21660496 -0.72770295 0.65079237
vn -0.65341135 -0.70559085 -0.27421737
vn -0.14406318 -0.76963853 0.62201474
vn -0.59630541 -0.73903940 -0.31343359
vn -0.53021973 -0.78072309 -0.33066373
vn -0.08575806 -0.80314956 0.58957302
vn -0.01511319 -0.82213822 0.56908729
vn -0.47039185 -0.80719594 -0.35660372
vn -0.39897229 -0.82999979 -0.38977104
vn 0.05037118 -0.84410579 0.53380536
vn 0.11608803 -0.85305529 0.50874378
vn -0.33438291 -0.84731889 -0.41260000
vn -0.26808627 -0.85492133 -0.44411628
vn 0.18962943 -0.85994622 0.47384932
vn -0.19859067 -0.86171554 -0.46691336
vn 0.25402029 -0.85852531 0.44543011
vn 0.32290907 -0.84504629 0.42617661
vn -0.12987516 -0.85491715 -0.50224407
vn 0.35944498 -0.84878647 0.38776389
vn 0.41231923 -0.82745941 0.38118733
vn -0.04505675 -0.84459310 -0.53350950
vn 0.46255472 -0.81252766 0.35474208
vn 0.02632736 -0.82696018 -0.56164378
vn 0.50926464 -0.79219096 0.33627816
vn 0.55926591 -0.76714497 0.31418185
vn 0.12592028 -0.78567054 -0.60569455
vn 0.60590633 -0.73817356 0.29660970
vn 0.17793384 -0.76019495 -0.62485454
vn 0.22399865 -0.72880085 -0.64705017
vn 0.65793566 -0.70107916 0.27497035
vn 0.70832089 -0.65892195 0.25318648
vn 0.27353943 -0.68967078 -0.67047028
vn 0.32395377 -0.64773701 -0.68955836
vn 0.75231970 -0.61480801 0.23669852
vn 0.79557795 -0.56603630 0.21600610
vn 0.36804921 -0.60009384 -0.71023036
vn 0.40531601 -0.54516203 -0.73383738
vn 0.84402789 -0.49884202 0.19691003
vn 0.45301187 -0.49123051 -0.74395755
vn 0.87891193 -0.44252059 0.17801502
vn 0.90680229 -0.38483537 0.17207948
vn 0.48237879 -0.44307646 -0.75564142
vn 0.93685352 -0.31140937 0.15915304
vn 0.95667664 -0.25141114 0.14684085
vn 0.54628736 -0.29800616 -0.78279144
vn 0.97174677 -0.18567986 0.14570930
vn 0.56276895 -0.23241222 -0.79326898
vn 0.98355082 -0.12516797 0.13023349
vn 0.58189177 -0.14702940 -0.79986519
vn 0.98975985 -0.04685172 0.13483454
vn 0.59521365 -0.07501513 -0.80005840
vn 0.98928555 0.04587688 0.13859806
vn 0.58617885 -0.00630498 -0.81015715
vn 0.59016926 0.06875040 -0.80434671
vn 0.98443396 0.11322310 0.13442583
vn 0.97505814 0.17144981 0.14094885
vn 0.58595957 0.13203886 -0.79951055
vn 0.57482692 0.20243437 -0.79283941
vn 0.96153705 0.23496292 0.14226356
vn 0.94243559 0.29851807 0.15067220
vn 0.55580133 0.26492991 -0.78797019
vn 0.53665679 0.32180920 -0.78002457
vn 0.91773767 0.36197339 0.16350177
vn 0.88271231 0.43341027 0.18158887
vn 0.48080983 0.44565187 -0.75512669
vn 0.50489277 0.37977866 -0.77514609
vn 0.84268258 0.50287857 0.19235181
vn 0.45427198 0.49476020 -0.74084365
vn 0.81077933 0.54847305 0.20448520
vn 0.41271405 0.54684323 -0.72844327
vn 0.76997448 0.59586258 0.22822594
vn 0.71661252 0.65142224 0.24922992
vn 0.36494137 0.60466301 -0.70795511
vn 0.32288708 0.65312082 -0.68496505
vn 0.65604277 0.70313715 0.27423717
vn 0.28408619 0.68604031 -0.66980872
vn 0.59592281 0.74394477 0.30236102
vn 0.23178735 0.72197790 -0.65193753
vn 0.53253314 0.77891315 0.33121407
vn 0.17707603 0.75647104 -0.62959959
vn 0.47238428 0.80896684 0.34989391
vn 0.06254403 0.81139546 -0.58114168
vn 0.41136429 0.82753042 0.38206390
vn 0.00122023 0.83349035 -0.55253267
vn 0.34646892 0.84626020 0.40472579
vn -0.05899173 0.84806367 -0.52660040
vn 0.28809133 0.85471594 0.43181483
vn -0.11882021 0.85746285 -0.50063881
vn 0.22948829 0.86131978 0.45328066
vn 0.17059929 0.86082272 0.47945815
vn -0.17667332 0.86130809 -0.47637685
vn -0.23941271 0.85908307 -0.45239124
vn 0.11188056 0.85113058 0.51289325
vn 0.04967489 0.84853662 0.52679978
vn -0.31463286 0.85098857 -0.42050520
vn 0.01506913 0.83531066 0.54957167
vn -0.04630467 0.81755550 0.57398509
vn -0.10424408 0.79295555 0.60029548
vn -0.45706652 0.81325058 -0.36015786
vn -0.52227578 0.78328586 -0.33718136
vn -0.16282772 0.75823662 0.63131954
vn -0.21388714 0.74358199 0.63351253
vn -0.25699480 0.70184233 0.66435760
vn -0.59871820 0.74251099 -0.30035635
vn -0.66258810 0.69845055 -0.27045119
vn -0.31637532 0.65571698 0.68552308
vn -0.71206461 0.65782460 -0.24541961
vn -0.36597140 0.60811582 0.70445730
vn -0.75763857 0.61139439 -0.22843096
vn -0.41084353 0.55046336 0.72677210
vn -0.79695452 0.56731367 -0.20740949
vn -0.45259413 0.49712494 0.74028735
vn -0.83598244 0.51290341 -0.19509858
vn -0.47735769 0.45184221 0.75363669
vn -0.50310014 0.38597945 0.77324647
vn -0.87854202 0.44131462 -0.18277123
vn -0.91339741 0.37245908 -0.16425406
vn -0.53258174 0.32771128 0.78036017
vn -0.55359534 0.27448145 0.78625195
vn -0.93839108 0.31090606 -0.15086287
vn -0.56910889 0.22231768 0.79163749
vn -0.95671831 0.25410085 -0.14185500
vn -0.57851715 0.15813736 0.80019403
vn -0.97025992 0.19616565 -0.14182641
vn -0.59360589 0.10843626 0.79741685
vn -0.58768632 0.03768785 0.80821063
vn -0.99009611 0.02102895 -0.13880733
vn -0.58868347 -0.06112025 0.80604968
vn -0.99081940 -0.05272686 -0.12448611
vn -0.58980522 -0.12780072 0.79736866
vn -0.56178206 -0.19537465 0.80388411
vn -0.98152250 -0.13181106 -0.13870626
vn -0.54674095 -0.27144375 0.79208120
vn -0.53404468 -0.33606374 0.77579472
vn -0.50129286 -0.40197168 0.76624033
vn -0.91632516 -0.36623398 -0.16192858
vn -0.88941067 -0.42197446 -0.17574475
vn -0.47633364 -0.45824268 0.75041316
vn -0.44612329 -0.50130818 0.74139337
vn -0.41434396 -0.54791058 0.72671389
vn -0.82979644 -0.52191290 -0.19759755
vn -0.38882682 -0.58446166 0.71219258
vn -0.78311016 -0.58100985 -0.22173415
vn -0.33611623 -0.63116971 0.69903554
vn -0.72920905 -0.64004568 -0.24206545
vn -0.28598887 -0.67937565 0.67576556
vn -0.22327648 -0.72349997 0.65321927
vn -0.67315859 -0.68710363 -0.27339736
vn -0.61074912 -0.73341602 -0.29847354
vn -0.15736386 -0.76354450 0.62628781
vn -0.09211427 -0.79743914 0.59632691
vn -0.02534468 -0.82397369 0.56606095
vn -0.48168551 -0.80293716 -0.35109968
vn 0.03930839 -0.84488182 0.53350686
vn -0.37763969 -0.84005077 -0.38949065
vn 0.08051782 -0.85421776 0.51364278
vn -0.25461140 -0.86208126 -0.43816542
vn 0.13522991 -0.85960107 0.49274626
vn -0.31505134 -0.85254852 -0.41701761
vn 0.18976738 -0.86207149 0.46991604
vn -0.20212283 -0.86311990 -0.46278548
vn 0.24438469 -0.86061194 0.44679213
vn 0.30228740 -0.85261145 0.42623472
vn 0.36186055 -0.84195842 0.40020365
vn -0.08491386 -0.85221298 -0.51625834
vn 0.42566438 -0.82416609 0.37357743
vn -0.02436007 -0.83883313 -0.54384333
vn 0.49808264 -0.79657636 0.34260734
vn 0.55226984 -0.77367440 0.31052528
vn 0.13490164 -0.77999795 -0.61106853
vn 0.60701888 -0.73745122 0.29613136
vn 0.65541958 -0.70597101 0.26838424
vn 0.20319218 -0.74759306 -0.63231129
vn 0.70415198 -0.65952204 0.26306020
vn 0.25930964 -0.70001942 -0.66538058
vn 0.75000866 -0.61753509 0.23693337
vn 0.32346355 -0.64596236 -0.69145062
vn 0.78648249 -0.57952044 0.21354475
vn 0.38385758 -0.58252664 -0.71646080
vn 0.83526910 -0.51140408 0.20196879
vn 0.43218440 -0.53481944 -0.72607493
vn 0.88131479 -0.43508301 0.18435570
vn 0.45573100 -0.47408073 -0.75336360
vn 0.91504294 -0.37009480 0.16039409
vn 0.50003461 -0.39864201 -0.76879772
vn 0.93970588 -0.30327004 0.15805105
vn 0.52651573 -0.34369101 -0.77759737
vn 0.96101426 -0.23792964 0.14085836
vn 0.97278687 -0.18549085 0.13884832
vn 0.54873493 -0.27702571 -0.78876279
vn 0.57004740 -0.22300637 -0.79076805
vn 0.57936806 -0.16279448 -0.79864298
vn 0.98274527 -0.12198921 0.13903369
vn 0.59012200 -0.08783623 -0.80252154
vn 0.99019460 -0.06195151 0.12520645
vn 0.99144011 -0.00349054 0.13051561
vn 0.60031291 -0.02258089 -0.79944638
vn 0.98846445 0.06856202 0.13504551
vn 0.59498072 0.03450930 -0.80299879
vn 0.98494013 0.12087745 0.12361872
vn 0.97347082 0.17720502 0.14475135
vn 0.58419913 0.11667525 -0.80318010
vn 0.95518465 0.25453069 0.15111718
vn 0.56770772 0.19554509 -0.79966872
vn 0.55420341 0.26813126 -0.78801282
vn 0.93163503 0.32855416 0.15526861
vn 0.52742534 0.33450135 -0.78098102
vn 0.89919010 0.40251362 0.17158076
vn 0.48958467 0.42383132 -0.76201960
vn 0.86438285 0.46826484 0.18322207
vn 0.46186608 0.47567063 -0.74861016
vn 0.82999404 0.52010159 0.20150492
vn 0.42732682 0.52949045 -0.73282443
vn 0.79366038 0.56910829 0.21498595
vn 0.75222595 0.61555918 0.23503832
vn 0.39015162 0.57741617 -0.71719752
vn 0.34222945 0.62574692 -0.70094208
vn 0.69641526 0.66863698 0.26063456
vn 0.29083305 0.67693101 -0.67615128
vn 0.65449617 0.70029096 0.28500410
vn 0.59556203 0.74263823 0.30625858
vn 0.23811817 0.71507167 -0.65724595
vn 0.53092821 0.77673696 0.33881401
vn 0.17171176 0.75628403 -0.63130780
vn 0.46064868 0.81113902 0.36035577
vn 0.10005950 0.79166813 -0.60270198
vn 0.40956786 0.83208821 0.37400987
vn 0.03619724 0.82393962 -0.56552035
vn 0.36180116 0.84372231 0.39652563
vn -0.01164157 0.84074829 -0.54130101
vn 0.29795133 0.85294889 0.42860611
vn -0.06041734 0.84741774 -0.52747789
vn -0.12999551 0.85735916 -0.49803258
vn 0.23910352 0.86322442 0.44460443
vn 0.18994385 0.86120368 0.47143351
vn -0.17761207 0.86483278 -0.46959367
vn 0.12187176 0.85332639 0.50693327
vn -0.23714924 0.85817245 -0.45530242
vn 0.05552512 0.85125093 0.52181301
vn -0.31056653 0.85061735 -0.42426237
vn 0.02169159 0.83808027 0.54511553
vn -0.03577327 0.81872599 0.57306895
vn -0.38576675 0.83724436 -0.38756405
vn -0.09761738 0.79555429 0.59796673
vn -0.45714491 0.81188974 -0.36311648
vn -0.13565445 0.78421167 0.60548321
vn -0.18537094 0.74707688 0.63836804
vn -0.53343160 0.77980419 -0.32765248
vn -0.60082208 0.74088787 -0.30016327
vn -0.24769966 0.71492357 0.65385715
vn -0.29109384 0.67669110 0.67627918
vn -0.34195162 0.63740720 0.69049342
vn -0.68867922 0.67952575 -0.25291439
vn -0.72893983 0.64013389 -0.24264239
vn -0.38006554 0.58983751 0.71248993
vn -0.77177138 0.59745076 -0.21776482
vn -0.42295358 0.52119291 0.74126123
vn -0.47264109 0.46006085 0.75163450
vn -0.84863540 0.49080148 -0.19731159
vn -0.49991349 0.40529297 0.76539147
vn -0.88878041 0.42526847 -0.17092724
vn -0.53434274 0.32329149 0.78099965
vn -0.91688568 0.36365197 -0.16455362
vn -0.95964075 0.24214377 -0.14302460
vn -0.94056586 0.30025434 -0.15869217
vn -0.56226039 0.24430714 0.79004891
vn -0.57838416 0.15715807 0.80048304
vn -0.58587894 0.06564094 0.80773581
vn -0.98228743 0.11800501 -0.14555485
vn -0.78154018 -0.17708826 0.59819286
vn -0.99192912 -0.00748557 -0.12657249
vn -0.97059183 -0.18742858 0.15106960
vn -0.91821527 -0.36203370 -0.16066213
vn -0.88771882 -0.42742298 -0.17106984
vn -0.81663438 -0.52980239 0.22894916
vn -0.78693930 -0.58213566 0.20455955
vn -0.85729554 -0.48090788 -0.18377150
vn -0.82156396 -0.53409702 -0.19943176
vn -0.78348044 -0.58260651 -0.21616673
vn -0.31011336 -0.85310701 -0.41956898
vn -0.23416799 -0.97219423 -0.00193096
vn -0.50287658 -0.79673261 -0.33516011
vn -0.56306434 -0.76602774 -0.31009684
vn -0.48364317 -0.87366770 0.05285871
vn -0.62738272 -0.72533305 -0.28334235
vn -0.68723987 -0.67908994 -0.25795002
vn -0.73837349 -0.63187232 -0.23567343
vn -0.08770600 -0.97788244 -0.18987785
vn -0.23555238 -0.86137348 -0.45005645
vn -0.16609030 -0.86105715 -0.48061897
vn -0.10130776 -0.85699883 -0.50526206
vn 0.14200438 -0.94433021 -0.29677468
vn -0.03537916 -0.84475561 -0.53398153
vn 0.03535531 -0.82484229 -0.56425633
vn 0.22656672 -0.93947047 -0.25702677
vn 0.15540545 -0.77092697 -0.61767367
vn 0.29453029 -0.92383305 -0.24450849
vn 0.09520184 -0.80037398 -0.59189365
vn 0.40068349 -0.86153456 -0.31178668
vn 0.51429899 -0.38386950 -0.76690335
vn 0.48673229 -0.43894372 -0.75526160
vn 0.44689292 -0.50675561 -0.73721467
vn 0.41643388 -0.55028983 -0.72371536
vn 0.37903939 -0.59477057 -0.70892674
vn 0.65440619 -0.64297566 -0.39791312
vn 0.28227078 -0.68611354 -0.67050087
vn 0.22286086 -0.73172261 -0.64413901
vn 0.57190961 -0.20548456 -0.79416339
vn 0.85214561 -0.06727082 -0.51896291
vn 0.58680852 -0.11943377 -0.80086911
vn 0.59572984 -0.03836757 -0.80226796
vn 0.86593467 0.04900925 -0.49775018
vn 0.83443077 0.11976802 -0.53794137
vn 0.59460188 0.04396033 -0.80281760
vn 0.58931457 0.12317540 -0.79845861
vn 0.81544026 0.22709237 -0.53243427
vn 0.55467607 0.27246262 -0.78619246
vn 0.52660948 0.35239068 -0.77362993
vn 0.75183666 0.47326995 -0.45908299
vn 0.70888797 0.51958944 -0.47697449
vn 0.49943919 0.41577260 -0.76006160
vn 0.47016746 0.46927209 -0.74747994
vn 0.43425111 0.52456288 -0.73229759
vn 0.39268100 0.57704918 -0.71611164
vn 0.34251523 0.63435740 -0.69301804
vn 0.30019828 0.67729931 -0.67167450
vn 0.47100755 0.81269202 -0.34305037
vn 0.24912186 0.71251928 -0.65593794
vn 0.35992331 0.87352483 -0.32773400
vn 0.18624689 0.75358253 -0.63041690
vn -0.08165546 0.85389465 -0.51400030
vn 0.06210930 0.98718756 -0.14698015
vn -0.01903945 0.84023929 -0.54188139
vn 0.04261667 0.82140239 -0.56875472
vn 0.23230064 0.94695444 -0.22206689
vn 0.11032006 0.79426664 -0.59746966
vn 0.27831090 0.90576212 -0.31959039
vn -0.45503341 0.81670682 -0.35487261
vn -0.39114729 0.83699794 -0.38267251
vn -0.33119398 0.85031114 -0.40900062
vn -0.22413239 0.97199282 -0.07067264
vn -0.27196087 0.85896338 -0.43384237
vn -0.21812037 0.86283824 -0.45599745
vn -0.15612049 0.86114799 -0.48378768
vn -0.52318209 0.78631627 -0.32861409
vn -0.64191975 0.71556157 -0.27551892
vn -0.69235328 0.67432662 -0.25676943
vn -0.71495272 0.67428422 0.18488752
vn -0.75425936 0.61479671 -0.23047307
vn -0.97122381 -0.19547705 -0.13606261
vn -0.98352580 -0.12488673 -0.13069164
vn -0.98710585 0.09058768 -0.13196937
vn -0.97606835 0.17037224 -0.13514393
vn -0.96149745 0.23670353 -0.13962124
vn -0.94576167 0.29038217 -0.14564702
vn -0.92314046 0.35082650 -0.15726554
vn -0.89045201 0.42176731 -0.17090216
vn -0.85385149 0.48568205 -0.18721797
vn -0.80982749 0.54907510 -0.20663003
vn 0.65268697 -0.70166918 0.28576227
vn 0.59087307 -0.74278664 0.31486031
vn 0.53491110 -0.78227585 0.31924069
vn 0.46681220 -0.80627485 0.36332800
vn 0.39138195 -0.83859745 0.37891224
vn 0.34394727 -0.84375140 0.41204835
vn 0.27964038 -0.85476911 0.43723110
vn 0.22555694 -0.85170744 0.47298891
vn 0.15998838 -0.84542395 0.50957046
vn 0.03662475 -0.82381597 0.56567293
vn 0.09459343 -0.84069105 0.53318913
vn -0.07728904 -0.80197606 0.59233504
vn -0.04036195 -0.81912132 0.57219854
vn -0.12563110 -0.77366441 0.62101547
vn -0.15160223 -0.72362412 0.67333862
vn -0.18898575 -0.66763224 0.72010525
vn -0.24222178 -0.63132980 0.73671656
vn -0.26142152 -0.57680801 0.77391945
vn -0.34015050 -0.54963575 0.76301912
vn -0.35253934 -0.58517157 0.73026725
vn -0.35835206 -0.53042391 0.76826706
vn -0.59359243 0.29308159 0.74950064
vn -0.60985939 0.23622802 0.75648387
vn -0.62289948 0.17753382 0.76189105
vn -0.63220618 0.11866331 0.76565943
vn -0.63780592 0.05850192 0.76797210
vn -0.63943239 -0.00372351 0.76883832
vn -0.63702378 -0.07876919 0.76680905
vn -0.62585192 -0.16628317 0.76201003
vn -0.60659416 -0.25137137 0.75422540
vn -0.58360854 -0.32181359 0.74554482
vn -0.56087626 -0.37916848 0.73596813
vn -0.53463696 -0.43451910 0.72481479
vn -0.49980980 -0.49714473 0.70925122
vn -0.45998276 -0.55492972 0.69315862
vn -0.42234153 -0.60277987 0.67696680
vn -0.38254204 -0.64694915 0.65963504
vn -0.33210680 -0.69494808 0.63777131
vn -0.27602710 -0.73875437 0.61485854
vn -0.21488826 -0.77968284 0.58814769
vn -0.14474483 -0.81685129 0.55839314
vn -0.07968348 -0.84322072 0.53162896
vn -0.02496389 -0.86064431 0.50859432
vn 0.02980087 -0.87383715 0.48530460
vn 0.08561320 -0.88318144 0.46115174
vn 0.15229301 -0.88893126 0.43198154
vn -0.57364388 0.34948950 0.74080347
vn -0.54932413 0.40530484 0.73073318
vn -0.51629560 0.46909399 0.71651216
vn -0.47835615 0.52875275 0.70113902
vn -0.44266256 0.57852137 0.68510064
vn -0.40571339 0.62238597 0.66935219
vn -0.36550298 0.66370580 0.65261182
vn -0.32301685 0.70181214 0.63491719
vn -0.27789806 0.73725346 0.61581654
vn -0.22911540 0.77089340 0.59433113
vn -0.16986470 0.80556227 0.56764021
vn -0.09513000 0.83905402 0.53566653
vn -0.01531341 0.86482145 0.50184595
vn 0.06397749 0.88108116 0.46861804
vn 0.13543274 0.88799011 0.43946734
vn 0.20674449 0.88883419 0.40893826
vn 0.28742863 0.88140221 0.37485321
vn 0.36679207 0.86554651 0.34101732
vn 0.43552232 0.84419500 0.31249818
vn 0.50215267 0.81680022 0.28404241
vn 0.57256103 0.77961353 0.25372544
vn 0.63203932 0.74023375 0.22930393
vn 0.67894530 0.70350476 0.21003415
vn 0.72292248 0.66405198 0.19083512
vn 0.77091194 0.61392027 0.16969582
vn 0.81546282 0.55859838 0.15161874
vn 0.85114565 0.50702133 0.13594284
vn 0.88679694 0.44643647 0.11952266
vn 0.91908514 0.37936734 0.10659703
vn 0.94567665 0.31089069 0.09509283
vn 0.96658412 0.24097511 0.08744220
vn 0.98020256 0.18030031 0.08182135
vn 0.98988726 0.11871618 0.07765105
vn 0.99617045 0.04664110 0.07395300
vn 0.99689814 -0.02636710 0.07415439
vn 0.99320548 -0.08842963 0.07565105
vn 0.98578464 -0.14835409 0.07886507
vn 0.97477516 -0.20687151 0.08377095
vn 0.96020237 -0.26436898 0.09011350
vn 0.94170443 -0.32175595 0.09831518
vn 0.91999943 -0.37702001 0.10703718
vn 0.89500924 -0.43031885 0.11740590
vn 0.86679082 -0.48153488 0.12960646
vn 0.83506941 -0.53127699 0.14284201
vn 0.80065597 -0.57802236 0.15760765
vn 0.76182816 -0.62409387 0.17356464
vn 0.71136657 -0.67560625 0.19368478
vn 0.64918154 -0.72794803 0.22057878
vn 0.59150766 -0.76776020 0.24629850
vn 0.54034070 -0.79770483 0.26776656
vn 0.48976277 -0.82228503 0.28979262
vn 0.43860073 -0.84298021 0.31147033
vn 0.38558463 -0.86014677 0.33387427
vn 0.33111893 -0.87311089 0.35782347
vn 0.27726940 -0.88220812 0.38056604
vn 0.21958013 -0.88785368 0.40435183
vn 0.80041430 0.57420945 0.17210593
vn 0.98155227 -0.16980111 0.08787903
vn -0.61903406 0.09133079 0.78003559
vn -0.59792412 0.25282351 0.76063593
vn -0.34016801 0.66704081 0.66282900
vn 0.68791229 -0.68744209 0.23280906
vn -0.01304769 -0.84250841 0.53852514
vn -0.87613794 -0.45312949 -0.16448702
vn -0.51701565 -0.40530282 0.75393928
vn -0.97874444 -0.17621934 -0.10490981
vn -0.55453567 0.33480750 0.76183603
vn -0.93661974 0.32354293 -0.13440025
vn -0.14655697 0.81172892 0.56534699
vn -0.53097704 0.79996452 -0.27949983
vn 0.38970604 0.85594570 0.33983256
vn 0.52423619 0.80151595 0.28766056
vn 0.88692906 0.44598460 0.12022718
vn 0.54910167 0.33979964 -0.76355980
vn 0.93738181 0.32139356 0.13424428
vn 0.65246705 -0.71576705 0.24892623
vn 0.33605443 0.83538739 -0.43496590
vn 0.23248472 0.78016628 -0.58076796
vn 0.21749863 0.80120384 -0.55746457
vn 0.18020972 0.86039532 -0.47670154
vn 0.10852549 0.88182508 -0.45891910
vn 0.03318794 0.84509706 -0.53358178
vn 0.01343070 0.91727731 -0.39802255
vn -0.12660842 0.85639399 -0.50055932
vn -0.12593873 0.90262107 -0.41160010
vn -0.21504513 0.87611526 -0.43148308
vn -0.27378565 0.87022680 -0.40956896
vn -0.33696554 0.87024764 -0.35933727
vn -0.41323105 0.84749416 -0.33315723
vn -0.49331161 0.64571192 -0.58283768
vn -0.17330541 0.78033819 0.60086400
vn -0.57657687 0.77113439 -0.27002012
vn -0.08125509 0.76783753 0.63547080
vn -0.51590929 0.80780981 -0.28509809
vn -0.22490899 0.73126565 0.64394603
vn -0.62748629 0.73437498 -0.25875536
vn -0.32833398 0.67600030 0.65971236
vn -0.72408391 0.66064548 -0.19811625
vn -0.28527980 0.70926398 0.64463947
vn -0.67115472 0.70177752 -0.23887163
vn -0.39076225 0.61979927 0.68055398
vn -0.78271140 0.59273709 -0.18980415
vn -0.84204791 0.51446925 -0.16210088
vn -0.43248681 0.55200499 0.71291350
vn -0.45134876 0.51913247 0.72580009
vn -0.88450941 0.44623155 -0.13609003
vn -0.50536398 0.47039713 0.72341813
vn -0.55625790 0.34414967 0.75639815
vn -0.94182164 0.31375737 -0.12053346
vn -0.91614599 0.37747586 -0.13486472
vn -0.52860828 0.39544555 0.75112988
vn -0.57025911 0.26562936 0.77733236
vn -0.98063899 0.17839296 -0.08076581
vn -0.60072194 0.20815060 0.77188502
vn -0.61406217 0.12615104 0.77911076
vn -0.99495774 0.03185908 -0.09510039
vn -0.61882537 0.05620126 0.78351553
vn -0.62279435 -0.02079485 0.78210918
vn -0.61028931 -0.10795266 0.78478863
vn -0.98639676 -0.12591432 -0.10567413
vn -0.60486600 -0.20866761 0.76850175
vn -0.95339087 -0.27860576 -0.11586493
vn -0.57247521 -0.26019680 0.77754084
vn -0.56788858 -0.32970073 0.75418829
vn -0.49425043 -0.46504034 0.73447532
vn -0.86458389 -0.47396309 -0.16689422
vn -0.89775636 -0.42012620 -0.13239144
vn -0.53639930 -0.40074169 0.74275291
vn -0.83179014 -0.52740953 -0.17310212
vn -0.45499565 -0.51784902 0.72443865
vn -0.38972669 -0.60258853 0.69641953
vn -0.42538703 -0.56581347 0.70632923
vn -0.79779609 -0.57041771 -0.19530753
vn -0.70551078 -0.67264309 -0.22317218
vn -0.36584170 -0.65672685 0.65944651
vn -0.29662496 -0.66853807 0.68196077
vn -0.64595901 -0.72200190 -0.24789154
vn -0.28611080 -0.71361419 0.63944929
vn -0.58871194 -0.76385705 -0.26446296
vn -0.23420388 -0.75091188 0.61747865
vn -0.08918540 -0.81065615 0.57869040
vn -0.15786021 -0.78928951 0.59338202
vn -0.50417126 -0.80559289 -0.31117750
vn -0.05055607 -0.83375644 0.54981296
vn -0.39892830 -0.84202221 -0.36311818
vn -0.45544193 -0.81765222 -0.35216118
vn -0.31556129 -0.86775112 -0.38396492
vn 0.00974996 -0.84411899 0.53606722
vn 0.04705604 -0.85894545 0.50990043
vn 0.11694391 -0.87281604 0.47383149
vn -0.20402336 -0.86864917 -0.45146771
vn 0.18611540 -0.86912779 0.45823351
vn -0.13346313 -0.87361072 -0.46796571
vn 0.23340970 -0.87119113 0.43190962
vn -0.05569972 -0.87462275 -0.48159380
vn 0.28833677 -0.87491574 0.38908143
vn 0.36129915 -0.86294124 0.35326384
vn 0.06629858 -0.83472451 -0.54666213
vn 0.42463509 -0.83526639 0.34930660
vn 0.13865474 -0.80629810 -0.57502890
vn 0.48474956 -0.82226114 0.29816853
vn 0.55192071 -0.77897369 0.29762984
vn 0.58975857 -0.75620875 0.28343104
vn 0.20448640 -0.75656019 -0.62112961
vn 0.29739715 -0.69855119 -0.65083113
vn 0.70111639 -0.67212522 0.23808295
vn 0.74118001 -0.64237069 0.19496691
vn 0.38913369 -0.62397676 -0.67766362
vn 0.33528481 -0.67123890 -0.66107673
vn 0.82437613 -0.53737162 0.17786436
vn 0.45034092 -0.52773612 -0.72019972
vn 0.78865240 -0.58427251 0.19144979
vn 0.41848416 -0.57445204 -0.70347414
vn 0.85632397 -0.49249917 0.15541505
vn 0.49372672 -0.47392384 -0.72912970
vn 0.91703411 -0.37116210 0.14590113
vn 0.88991713 -0.43682001 0.13128511
vn 0.52711067 -0.41301748 -0.74267819
vn 0.57122685 -0.32466113 -0.75385346
vn 0.93051797 -0.34673828 0.11793588
vn 0.60924789 -0.17752075 -0.77285406
vn 0.95617404 -0.27311148 0.10555245
vn 0.58629226 -0.25276818 -0.76965553
vn 0.97364339 -0.19586507 0.11685638
vn 0.61086795 -0.09556093 -0.78594431
vn 0.99343386 -0.02010606 0.11262731
vn 0.98869214 -0.11335655 0.09817404
vn 0.62147334 0.07562878 -0.77977636
vn 0.61922156 0.01110008 -0.78513785
vn 0.99326248 0.05504876 0.10197690
vn 0.61114006 0.14016390 -0.77901342
vn 0.98740709 0.12110466 0.10178850
vn 0.95678905 0.25981772 0.13057358
vn 0.97559515 0.18735041 0.11451603
vn 0.59172366 0.19873041 -0.78126137
vn 0.56470222 0.28650442 -0.77396810
vn 0.91620346 0.37569295 0.13937731
vn 0.51167170 0.47218544 -0.71779731
vn 0.54244436 0.39471282 -0.74159012
vn 0.44160646 0.54148211 -0.71538861
vn 0.84589411 0.51152648 0.15100933
vn 0.82117706 0.53585003 0.19629821
vn 0.78506583 0.59447794 0.17397594
vn 0.40287083 0.61010449 -0.68225187
vn 0.73511201 0.64916244 0.19544426
vn 0.34586499 0.65785857 -0.66902878
vn 0.29709137 0.69590842 -0.65379522
vn 0.68583612 0.68784477 0.23769388
vn 0.24931616 0.73969450 -0.62505480
vn 0.64118797 0.72835647 0.24160886
vn 0.19364944 0.77607250 -0.60017612
vn 0.58643939 0.76142617 0.27625899
vn 0.45966104 0.83108321 0.31306935
vn 0.07328933 0.84122099 -0.53570134
vn -0.00768607 0.85411218 -0.52003202
vn 0.33309076 0.85923882 0.38827722
vn -0.08260037 0.86089898 -0.50202602
vn 0.29459380 0.86260108 0.41125888
vn 0.21781548 0.87088651 0.44058269
vn -0.14909342 0.86772259 -0.47416101
vn -0.22473867 0.87112869 -0.43660890
vn 0.15338209 0.86597064 0.47599242
vn 0.09480974 0.86543052 0.49197675
vn -0.33623105 0.85365732 -0.39776608
vn 0.01293777 0.85537908 0.51784095
vn -0.38549949 0.85959550 -0.33538891
vn -0.07515560 0.84326376 0.53221975
vn -0.21187743 0.77375666 0.59699965
vn -0.59691250 0.76420774 -0.24429901
vn -0.73524493 0.65101401 -0.18866810
vn -0.28175393 0.71432335 0.64059104
vn -0.67783611 0.70403145 -0.21184413
vn -0.35189790 0.66875475 0.65493126
vn -0.78389387 0.59090569 -0.19063282
vn -0.40058495 0.61082709 0.68295093
vn -0.43479188 0.55679470 0.70776810
vn -0.82223506 0.54687612 -0.15765792
vn -0.85470545 0.48369677 -0.18845699
vn -0.47755595 0.49379378 0.72671041
vn -0.53117253 0.40730458 0.74293925
vn -0.91474385 0.38628795 -0.11842853
vn -0.94677021 0.30001528 -0.11669195
vn -0.58968827 0.25391076 0.76667925
vn -0.98345399 0.14732079 -0.10542692
vn -0.61509526 0.17730228 0.76825889
vn -0.99005602 0.07251082 -0.12054568
vn -0.60711107 0.10516613 0.78762696
vn -0.60724618 0.06174664 0.79211074
vn -0.99338440 0.01675142 -0.11360821
vn -0.60545170 0.00207565 0.79587934
vn -0.99032384 -0.08177302 -0.11212437
vn -0.98650322 -0.11555155 -0.11601394
vn -0.62160461 -0.06678620 0.78047890
vn -0.59971801 -0.14860535 0.78629177
vn -0.60155937 -0.22199958 0.76736075
vn -0.96417135 -0.24834545 -0.09326388
vn -0.93829353 -0.32465209 -0.11919009
vn -0.59042954 -0.30134359 0.74872224
vn -0.90552257 -0.39570170 -0.15313082
vn -0.54534420 -0.36670539 0.75374191
vn -0.48686029 -0.45504710 0.74558648
vn -0.84624472 -0.50183930 -0.17896142
vn -0.46024287 -0.50345136 0.73124089
vn -0.80990045 -0.55821076 -0.18017215
vn -0.43436778 -0.54663082 0.71590458
vn -0.34620393 -0.64125096 0.68479197
vn -0.40159207 -0.60081656 0.69118975
vn -0.73020263 -0.64598935 -0.22249017
vn -0.66928787 -0.70846997 -0.22388400
vn -0.31393858 -0.68795050 0.65434447
vn -0.25786275 -0.74728369 0.61243276
vn -0.55800893 -0.76841690 -0.31330737
vn -0.49094776 -0.81298517 -0.31309011
vn -0.16172700 -0.78806601 0.59396662
vn -0.06747682 -0.83365079 0.54815439
vn -0.09921389 -0.79882839 0.59332100
vn -0.38451486 -0.84897596 -0.36247504
vn 0.03314997 -0.86320869 0.50375772
vn 0.10214319 -0.87341401 0.47614571
vn -0.26124444 -0.87013347 -0.41787448
vn 0.16720906 -0.87161048 0.46079963
vn -0.20831642 -0.87113334 -0.44466952
vn -0.13242981 -0.88119782 -0.45382017
vn 0.21735777 -0.87842919 0.42557932
vn -0.07737933 -0.86648135 -0.49317594
vn 0.28465600 -0.87226519 0.39764858
vn 0.33857977 -0.86244321 0.37623855
vn -0.01399526 -0.86003020 -0.51005117
vn 0.05162467 -0.84419199 -0.53354923
vn 0.39801194 -0.85215303 0.33973770
vn 0.52474477 -0.80154014 0.28666413
vn 0.18550994 -0.79239425 -0.58111738
vn 0.11430784 -0.81872816 -0.56268812
vn 0.46488307 -0.82611329 0.31846596
vn 0.59266082 -0.76686842 0.24630465
vn 0.66244161 -0.71401265 0.22662094
vn 0.26551240 -0.75320088 -0.60182357
vn 0.30653767 -0.69564631 -0.64970059
vn 0.71367938 -0.66217085 0.22845459
vn 0.75368262 -0.63041791 0.18583800
vn 0.40348701 -0.60981220 -0.68214904
vn 0.34185837 -0.65479890 -0.67407067
vn 0.80460893 -0.56907261 0.16959017
vn 0.43796053 -0.56389141 -0.70015502
vn 0.48518328 -0.50574378 -0.71331649
vn 0.83639157 -0.52277574 0.16478675
vn 0.51700677 -0.43998462 -0.73424624
vn 0.87456037 -0.46546911 0.13595101
vn 0.90816904 -0.39630515 0.13480071
vn 0.54547697 -0.35780122 -0.75791369
vn 0.91975015 -0.36634742 0.14088727
vn 0.57648160 -0.25430233 -0.77653029
vn 0.94484718 -0.30245524 0.12563690
vn 0.96634632 -0.22432822 0.12590326
vn 0.58829708 -0.18199306 -0.78789915
vn 0.97773760 -0.17113687 0.12141400
vn 0.60275297 -0.04880429 -0.79643393
vn 0.98750076 -0.10716874 0.11557299
vn 0.99417168 -0.02193513 0.10555336
vn 0.61580347 0.02767112 -0.78741374
vn 0.99113499 0.06049546 0.11828660
vn 0.60123839 0.10217816 -0.79250995
vn 0.98657126 0.11247814 0.11843063
vn 0.61121735 0.21037384 -0.76299161
vn 0.97707015 0.18276435 0.10922968
vn 0.55205966 0.32819869 -0.76649576
vn 0.95916502 0.26068082 0.10976323
vn 0.57393201 0.27677727 -0.77071161
vn 0.93157159 0.33380452 0.14404481
vn 0.52074325 0.38554845 -0.76169473
vn 0.86864834 0.46544520 0.16973753
vn 0.49973192 0.44357023 -0.74398485
vn 0.90156056 0.40508858 0.15195985
vn 0.82890963 0.53545683 0.16184811
vn 0.44506008 0.55596983 -0.70201073
vn 0.47497590 0.49180287 -0.72974505
vn 0.40244799 0.60571061 -0.68640387
vn 0.78565624 0.58886301 0.18969614
vn 0.34641613 0.65903212 -0.66758710
vn 0.73572434 0.64632680 0.20241384
vn 0.66391723 0.70586480 0.24691859
vn 0.28589745 0.68964816 -0.66531802
vn 0.61352124 0.73811342 0.28067822
vn 0.55896085 0.78043883 0.28013924
vn 0.10288275 0.81773999 -0.56631833
vn 0.49423328 0.81761455 0.29536405
vn 0.04317166 0.83773024 -0.54437510
vn 0.44047839 0.83166157 0.33810919
vn -0.03343157 0.86041797 -0.50849114
vn 0.37708117 0.85600359 0.35364904
vn 0.33928172 0.84501024 0.41333474
vn 0.23905726 0.86971352 0.43179859
vn -0.15375844 0.87432147 -0.46034802
vn 0.28587858 0.87113079 0.39925504
vn -0.10420785 0.86658353 -0.48803043
vn -0.21708586 0.88015271 -0.42214327
vn 0.17361917 0.88340309 0.43526470
vn 0.10561163 0.87811461 0.46664859
vn -0.28630215 0.87681010 -0.38630963
vn 0.02846487 0.86966506 0.49282090
vn -0.03956843 0.84559612 0.53235471
vn -0.45730807 0.82885001 -0.32229954
vn -0.06400328 0.82770239 0.55750545
vn -0.57516617 0.76653479 -0.28567165
vn -0.51763117 0.80269904 -0.29619625
vn -0.13228186 0.80900095 0.57272941
vn -0.18755020 0.77819142 0.59936887
vn -0.60626767 0.74590271 -0.27580546
vn -0.30767111 0.68691790 0.65839371
vn -0.65615941 0.71383063 -0.24474609
vn -0.25647008 0.73053336 0.63288554
vn -0.32946354 0.65153552 0.68334124
vn -0.71156909 0.66293519 -0.23277964
vn -0.75949657 0.61678840 -0.20672937
vn -0.37230845 0.62813430 0.68325231
vn -0.41146971 0.58725173 0.69701369
vn -0.46071371 0.54153551 0.70319426
vn -0.84158202 0.51672432 -0.15727583
vn -0.79800948 0.57227051 -0.18891089
vn -0.49307504 0.47206696 0.73077342
vn -0.88264220 0.44597679 -0.14848381
vn -0.53289568 0.40608353 0.74237346
vn -0.92078618 0.36632161 -0.13401970
vn -0.58561166 0.30672512 0.75031905
vn -0.95359298 0.28258796 -0.10394453
vn -0.52884633 0.34445461 0.77567556
vn -0.59796751 0.23044503 0.76767828
vn -0.97377703 0.21042836 -0.08647655
vn -0.97965212 0.14724501 -0.13638411
vn -0.60725980 0.14322253 0.78148758
vn -0.99252168 0.09524913 -0.07634343
vn -0.99636722 0.01556057 -0.08372712
vn -0.62655614 0.04119995 0.77828656
vn -0.99238241 -0.02291120 -0.12104638
vn -0.99207290 -0.09389243 -0.08351990
vn -0.61590650 -0.05807277 0.78567597
vn -0.62131250 -0.14717595 0.76961680
vn -0.96318774 -0.24468538 -0.11134828
vn -0.58974001 -0.22205792 0.77646442
vn -0.59017479 -0.29358789 0.75199726
vn -0.56035102 -0.36221710 0.74485267
vn -0.91423070 -0.38363894 -0.13039704
vn -0.51707217 -0.42496963 0.74299205
vn -0.86846574 -0.46818849 -0.16299324
vn -0.48556002 -0.46485818 0.74036365
vn -0.44583147 -0.53196104 0.71989704
vn -0.82397493 -0.53492882 -0.18685951
vn -0.77426296 -0.60361502 -0.19017303
vn -0.40556293 -0.58682814 0.70082197
vn -0.73867667 -0.63154991 -0.23558754
vn -0.34684369 -0.65103363 0.67517011
vn -0.64419763 -0.71982361 -0.25857954
vn -0.29147909 -0.70639562 0.64501564
vn -0.20862802 -0.76009540 0.61540989
vn -0.57424304 -0.77051498 -0.27667960
vn -0.23588155 -0.73427257 0.63655611
vn -0.15978999 -0.79551960 0.58447902
vn -0.10899203 -0.81895971 0.56340547
vn -0.45856892 -0.83208577 -0.31200612
vn -0.37866590 -0.85345109 -0.35809688
vn -0.04975310 -0.85321018 0.51918880
vn 0.03786258 -0.84999879 0.52542220
vn 0.06075688 -0.87180267 0.48607479
vn -0.20292997 -0.87675073 -0.43603621
vn 0.12748565 -0.88739044 0.44304133
vn 0.19772498 -0.85875601 0.47269752
vn -0.12503928 -0.87585912 -0.46608582
vn 0.22781032 -0.87923250 0.41839296
vn -0.04585567 -0.87511497 -0.48173753
vn 0.29337445 -0.87391207 0.38756823
vn 0.03443443 -0.85713765 -0.51393512
vn 0.36497956 -0.86671965 0.33998084
vn 0.49049210 -0.81060352 0.31990535
vn 0.13025786 -0.80145629 -0.58369573
vn 0.07605079 -0.82057506 -0.56645639
vn 0.44302665 -0.83386878 0.32922674
vn 0.54051879 -0.78335007 0.30692362
vn 0.21908546 -0.76984818 -0.59944586
vn 0.56683553 -0.77537195 0.27838073
vn 0.31533493 -0.67672693 -0.66528531
vn 0.28172698 -0.72837440 -0.62458037
vn 0.62692156 -0.74189083 0.23783894
vn 0.34372151 -0.66332597 -0.66472113
vn 0.74773229 -0.63236791 0.20250248
vn 0.43946692 -0.56464617 -0.69860112
vn 0.79328772 -0.58400483 0.17214228
vn 0.48278158 -0.50861503 -0.71290441
vn 0.83600970 -0.52554769 0.15775742
vn 0.53912485 -0.42081676 -0.72955990
vn 0.88052593 -0.44919256 0.15132790
vn 0.56927879 -0.28401557 -0.77152888
vn 0.92088540 -0.36974379 0.12352977
vn 0.56397955 -0.34960276 -0.74813433
vn 0.94719332 -0.29740777 0.11988922
vn 0.97144840 -0.21343971 0.10359290
vn 0.98850057 -0.09162782 0.12029537
vn 0.61960916 -0.08050326 -0.78077123
vn 0.98651412 -0.13421191 0.09368593
vn 0.99616784 -0.01729231 0.08573571
vn 0.61674402 0.00280740 -0.78715877
vn 0.61392621 0.06760193 -0.78646334
vn 0.99278096 0.05420312 0.10699529
vn 0.60063975 0.20501128 -0.77278863
vn 0.61441876 0.13548085 -0.77726092
vn 0.98816010 0.11521856 0.10131290
vn 0.97805549 0.18488244 0.09605174
vn 0.58318345 0.26482852 -0.76796024
vn 0.96075361 0.25163594 0.11675556
vn 0.54382067 0.30311207 -0.78254849
vn 0.93567250 0.32888187 0.12788153
vn 0.51657717 0.44663444 -0.73052427
vn 0.89966569 0.41894716 0.12282072
vn 0.82262303 0.54247730 0.17032243
vn 0.43782765 0.56071631 -0.70278317
vn 0.47573376 0.50729058 -0.71856361
vn 0.85921214 0.48488911 0.16320862
vn 0.38879214 0.61493768 -0.68607021
vn 0.78123928 0.59900258 0.17567325
vn 0.73685840 0.63967612 0.21875594
vn 0.32649307 0.68366699 -0.65268808
vn 0.71169004 0.66885366 0.21478376
vn 0.61975566 0.73518393 0.27460429
vn 0.25825416 0.72045491 -0.64362218
vn 0.66110010 0.71239806 0.23544779
vn 0.19929470 0.75453550 -0.62526618
vn 0.57010791 0.76840654 0.29073763
vn 0.43938166 0.82790738 0.34858734
vn 0.06310307 0.82363030 -0.56360548
vn 0.50385154 0.80029652 0.32505248
vn 0.37215920 0.84571178 0.38245144
vn 0.32102689 0.86795660 0.37893677
vn -0.06781060 0.87214610 -0.48452338
vn 0.25451051 0.87704413 0.40745305
vn -0.20127660 0.88324178 -0.42352294
vn 0.19063709 0.88008689 0.43486156
vn 0.03615802 0.87109213 0.48978679
vn -0.35242376 0.86124646 -0.36613115
vn 0.11047560 0.88307659 0.45603825
vn -0.43147587 0.83605373 -0.33888456
vn -0.03149407 0.85472992 0.51811668
vn -0.04938356 0.81569408 0.57637178
vn -0.54672734 0.78244698 -0.29810390
vn -0.10815692 0.81297823 0.57216124
vn -0.49696449 0.80617996 -0.32109215
vn -0.15563895 0.78314872 0.60204203
vn -0.59722567 0.75084306 -0.28205708
vn -0.21290951 0.75418128 0.62119252
vn -0.67995456 0.69593007 -0.23096132
vn -0.63094593 0.72822750 -0.26756671
vn -0.27760324 0.71161195 0.64540288
vn -0.72846213 0.65310480 -0.20687445
vn -0.76917617 0.60824612 -0.19597111
vn -0.37906753 0.61782266 0.68891434
vn -0.81399387 0.55816495 -0.16082870
vn -0.43310643 0.57872918 0.69100749
vn -0.85624902 0.49281540 -0.15482443
vn -0.48014500 0.51453070 0.71043574
vn -0.87096523 0.46275615 -0.16515540
vn -0.51299150 0.43126980 0.74219006
vn -0.56294813 0.30992599 0.76618228
vn -0.54090005 0.36565768 0.75744412
vn -0.92433044 0.35468335 -0.14075849
vn -0.57556056 0.19496087 0.79417901
vn -0.61651048 0.15898351 0.77112844
vn -0.98512045 0.13912893 -0.10090015
vn -0.59848495 -0.02241067 0.80082053
vn -0.62375969 0.02431833 0.78123778
vn -0.62791234 -0.08373393 0.77376658
vn -0.62289605 -0.16221111 0.76530260
vn -0.97546691 -0.19184023 -0.10798907
vn -0.57417447 -0.22347993 0.78764231
vn -0.95439148 -0.27386362 -0.11889332
vn -0.58630881 -0.26187922 0.76659067
vn -0.56257946 -0.32024222 0.76220028
vn -0.93384864 -0.33623824 -0.12194494
vn -0.90691770 -0.39000544 -0.15936136
vn -0.88972895 -0.43347653 -0.14311006
vn -0.53423277 -0.39002871 0.74998197
vn -0.46212910 -0.53507633 0.70719871
vn -0.81665531 -0.55292231 -0.16538145
vn -0.49335876 -0.47115710 0.73116901
vn -0.77819831 -0.59582277 -0.19850090
vn -0.40988091 -0.58773366 0.69754339
vn -0.69773798 -0.67775096 -0.23198137
vn -0.35624271 -0.63353090 0.68682584
vn -0.32134961 -0.66965718 0.66954737
vn -0.64916013 -0.71868890 -0.24915337
vn -0.28458634 -0.71101514 0.64301484
vn -0.59076996 -0.76126287 -0.26733818
vn -0.24307516 -0.75137961 0.61346813
vn -0.17802640 -0.78173992 0.59765315
vn -0.51920461 -0.79543607 -0.31258283
vn -0.12781452 -0.79230900 0.59658184
vn -0.44312955 -0.83520776 -0.32567500
vn -0.03191111 -0.85763177 0.51327325
vn -0.09930108 -0.83017945 0.54858124
vn -0.32215721 -0.86083240 -0.39393186
vn 0.02461789 -0.85445837 0.51893627
vn -0.38626648 -0.84312188 -0.37409051
vn 0.09395328 -0.86461878 0.49356574
vn -0.19998943 -0.87845503 -0.43395966
vn 0.15181784 -0.87742763 0.45505176
vn 0.21335989 -0.87609644 0.43235701
vn 0.27303809 -0.86828944 0.41415413
vn -0.14220113 -0.87143316 -0.46944977
vn -0.06731191 -0.86031229 -0.50530375
vn 0.32577553 -0.85732720 0.39857293
vn 0.02329547 -0.84793378 -0.52959006
vn 0.37895170 -0.85145498 0.36251900
vn 0.44126996 -0.84009278 0.31547573
vn 0.09474804 -0.81420226 -0.57279795
vn 0.50522755 -0.80022358 0.32309030
vn 0.14938221 -0.79858526 -0.58304935
vn 0.56323081 -0.77683598 0.28159709
vn 0.21826011 -0.77065582 -0.59870872
vn 0.25981452 -0.72453152 -0.63839681
vn 0.62578808 -0.73698654 0.25542147
vn 0.31705041 -0.68667761 -0.65418109
vn 0.67709466 -0.69549076 0.24048997
vn 0.72601751 -0.65876756 0.19729136
vn 0.36471221 -0.62858890 -0.68692139
vn 0.43513255 -0.56223694 -0.70324198
vn 0.77112495 -0.60367461 0.20234445
vn 0.79960679 -0.56690477 0.19811100
vn 0.50204369 -0.49682374 -0.70789710
vn 0.84211467 -0.52129141 0.13819608
vn 0.52671298 -0.42448496 -0.73646857
vn 0.56083680 -0.35922140 -0.74593704
vn 0.88542469 -0.44601765 0.13073395
vn 0.91687673 -0.37938714 0.12410668
vn 0.58254237 -0.28564575 -0.76095394
vn 0.94494305 -0.31075158 0.10254794
vn 0.96517229 -0.23866558 0.10715037
vn 0.60028842 -0.21927730 -0.76913671
vn 0.99108372 -0.09045349 0.09783267
vn 0.61358589 -0.07340768 -0.78620841
vn 0.99452094 -0.03068875 0.09993149
vn 0.99508445 0.03465601 0.09276803
vn 0.62451690 0.12980770 -0.77014843
vn 0.99021344 0.10526040 0.09163837
vn 0.61468218 0.21885220 -0.75780573
vn 0.97856650 0.18698811 0.08627312
vn 0.57156984 0.29166490 -0.76696773
vn 0.95628088 0.27401650 0.10218534
vn 0.55540350 0.35286051 -0.75300492
vn 0.93343379 0.33677788 0.12362045
vn 0.90843915 0.39776526 0.12853446
vn 0.87664353 0.45957734 0.14242467
vn 0.49517483 0.47777031 -0.72562898
vn 0.52933019 0.41776684 -0.73843105
vn 0.45648250 0.53618310 -0.71002211
vn 0.84069103 0.51915834 0.15399093
vn 0.40908282 0.59120772 -0.69507171
vn 0.75763602 0.61888753 0.20728215
vn 0.35207233 0.67023681 -0.65332051
vn 0.73415534 0.64797978 0.20282538
vn 0.28354671 0.70874690 -0.64597144
vn 0.61972816 0.73468770 0.27599093
vn 0.23611013 0.73525021 -0.63534175
vn 0.67425748 0.70529687 0.21893647
vn 0.19536902 0.75528578 -0.62559918
vn 0.16754750 0.79439362 -0.58383783
vn 0.56190739 0.77407075 0.29167544
vn 0.49248345 0.81555691 0.30385357
vn 0.10405752 0.82554125 -0.55466538
vn 0.35127524 0.85910273 0.37222064
vn -0.04170068 0.85609574 -0.51513215
vn 0.42336038 0.83925615 0.34119657
vn 0.29341341 0.87335004 0.38880366
vn -0.10039896 0.87410346 -0.47525067
vn 0.18804244 0.86475178 0.46566554
vn 0.22687070 0.87758078 0.42235253
vn 0.12053351 0.87951084 0.46036111
vn -0.27183390 0.87263718 -0.40572242
vn -0.33234518 0.86024998 -0.38667384
vn 0.06005688 0.86423179 0.49949634
vn -0.40649871 0.84247771 -0.35353940
vn -0.00266409 0.85988294 0.51048432
vn -0.03050507 0.82557854 0.56346208
vn -0.48562334 0.81075439 -0.32687506
vn -0.09693380 0.82049848 0.56337028
vn -0.54847549 0.78554734 -0.28651354
vn -0.15423256 0.79123395 0.59174416
vn -0.24401851 0.72105331 0.64848832
vn -0.62308508 0.73524913 -0.26678401
vn -0.22596427 0.76769364 0.59965542
vn -0.66621678 0.69733869 -0.26433680
vn -0.30885329 0.68605391 0.65874098
vn -0.35690709 0.64261884 0.67798109
vn -0.74673370 0.63528791 -0.19697222
vn -0.40583055 0.59385618 0.69472038
vn -0.83553336 0.52479401 -0.16271220
vn -0.45609617 0.54645155 0.70240087
vn -0.48344048 0.48544633 0.72844160
vn -0.51970246 0.43197424 0.73709403
vn -0.56601440 0.35942871 0.74191556
vn -0.93961020 0.31930374 -0.12319819
vn -0.55537803 0.28406301 0.78157754
vn -0.97691742 0.17642093 -0.12044921
vn -0.58232724 0.24735601 0.77440945
vn -0.59551268 0.18657173 0.78138060
vn -0.60107804 0.12552727 0.78927061
vn -0.48822611 -0.59844523 0.63521538
vn -0.79657074 -0.59621107 -0.10003713
vn -0.99281632 0.05081604 -0.10832121
vn -0.61552574 0.06559465 0.78538233
vn -0.86949676 0.46747334 -0.15951194
vn 0.53775004 -0.32856977 -0.77644498
vn -0.27783521 0.87796518 -0.38985220
vn -0.13467005 0.87858268 -0.45821005
vn -0.86202419 -0.47277713 -0.18274597
vn -0.43318443 -0.83156551 -0.34763495
vn -0.96798005 -0.22415790 -0.11299498
vn -0.45979040 0.82197187 -0.33608784
vn 0.19571944 0.81559168 -0.54452191
vn 0.15800930 0.02696585 -0.98706935
vn -0.14355975 0.02431002 -0.98934303
vn -0.14831280 0.03516819 -0.98831499
vn 0.56207987 0.27999141 -0.77824869
vn 0.52913434 0.33674917 -0.77885611
vn 0.50382159 0.39102494 -0.77023588
vn 0.46847477 0.45419742 -0.75778367
vn 0.40231628 0.56901874 -0.71718846
vn 0.25885105 0.70268213 -0.66274729
vn -0.06087679 0.84990945 -0.52340036
vn -0.25083222 0.85437295 -0.45511543
vn -0.90504744 0.38718743 -0.17599724
vn -0.93518328 0.31130393 -0.16888488
vn -0.95961689 0.25417179 -0.12054930
vn -0.99030910 0.10365360 -0.09243277
vn -0.99449823 -0.04784968 -0.09318627
vn -0.98256678 -0.15493130 -0.10275608
vn -0.92984576 -0.34941948 -0.11529482
vn -0.76153517 -0.61654418 -0.19984357
vn -0.67045621 -0.69210789 -0.26734833
vn -0.55976106 -0.76706362 -0.31349794
vn -0.47768135 -0.80599767 -0.34955442
vn -0.25356536 -0.86730730 -0.42834876
vn 0.01010062 -0.84920510 -0.52796656
vn 0.00723098 -0.83398191 -0.55174441
vn 0.23922547 -0.73342815 -0.63628164
vn 0.31200447 -0.65605542 -0.68720048
vn 0.40808784 -0.54975411 -0.72885851
vn 0.60448189 -0.04276397 -0.79547023
vn 0.58423544 0.11347351 -0.80361229
vn 0.57322587 0.23984920 -0.78350779
vn 0.52488731 0.36587941 -0.76852168
vn 0.41432707 0.54343732 -0.73007462
vn 0.22070679 0.73246765 -0.64403389
vn 0.13662536 0.81117497 -0.56861997
vn 0.07627382 0.80836833 -0.58371479
vn -0.29470923 0.86461406 -0.40692628
vn -0.46037007 0.83385268 -0.30454738
vn -0.63151191 0.72424920 -0.27686784
vn -0.64730505 0.71325521 -0.26881811
vn -0.87881547 0.45892910 -0.13064241
vn -0.96970535 0.22742932 -0.08914843
vn -0.99566673 -0.01684628 -0.09145468
vn -0.92355008 -0.34930359 -0.15824745
vn -0.76840857 -0.60462281 -0.20971294
vn -0.59899342 -0.75739333 -0.25992735
vn -0.31847756 -0.86908279 -0.37850647
vn 0.07825689 -0.80938572 -0.58204004
vn 0.55608060 -0.29506416 -0.77698874
vn 0.60305780 -0.10670017 -0.79052917
vn 0.59559704 0.14447392 -0.79018444
vn 0.22806254 0.74364216 -0.62847738
vn 0.17082243 0.79054494 -0.58809727
vn 0.11700534 0.79007783 -0.60173647
vn -0.36382295 0.86044199 -0.35675264
vn -0.39675405 0.83349501 -0.38454167
vn -0.98436190 0.11279611 -0.13530957
vn -0.97992973 -0.17635137 -0.09294041
vn -0.96315608 -0.22319024 -0.15005496
vn -0.94200421 -0.31454454 -0.11700344
vn -0.93960721 -0.30741815 -0.15044059
vn -0.70023535 -0.67994804 -0.21758016
vn -0.54291098 -0.77363430 -0.32670728
vn -0.51837210 -0.79738627 -0.30897490
vn -0.42068709 -0.83122433 -0.36343980
vn -0.28587114 -0.87458183 -0.39164310
vn -0.14516816 -0.85997713 -0.48924999
vn 0.03546787 -0.82426379 -0.56509400
vn 0.06916637 -0.81152681 -0.58020707
vn 0.39326934 -0.61851775 -0.68027569
vn 0.47305349 -0.45310055 -0.75559268
vn 0.57860444 -0.25359730 -0.77518083
vn 0.61114224 -0.18296223 -0.77008440
vn 0.55845049 0.37117512 -0.74186392
vn 0.52128278 0.38859497 -0.75977510
vn 0.13919045 0.79505251 -0.59035373
vn 0.00358844 0.84453423 -0.53548955
vn -0.64668728 0.71149955 -0.27488900
vn -0.80083281 0.55933057 -0.21404700
vn -0.90178809 0.41258973 -0.12863881
vn -0.94697943 0.29697070 -0.12263100
vn -0.96814917 0.22210343 -0.11557355
vn -0.97332716 0.18640301 -0.13374658
vn -0.99251247 0.07004499 -0.10006350
vn -0.98990907 0.04319525 -0.13495998
vn -0.99398477 -0.01646524 -0.10827361
vn -0.98963731 -0.11005215 -0.09223081
vn -0.99019822 -0.05680278 -0.12759674
vn -0.94866458 -0.28017839 -0.14675010
vn -0.85685474 -0.49447734 -0.14591819
vn -0.74595652 -0.62722377 -0.22391785
vn -0.43708994 -0.82261863 -0.36366328
vn -0.37559983 -0.84082571 -0.38979082
vn -0.26356007 -0.87174275 -0.41303834
vn 0.33800953 -0.63791912 -0.69196008
vn 0.62596163 -0.14386354 -0.76646939
vn 0.62153784 -0.01099258 -0.78330701
vn 0.62185741 0.05590420 -0.78113256
vn 0.57747683 0.19018401 -0.79394619
vn 0.02921561 0.84349125 -0.53634780
vn -0.19478744 0.87310931 -0.44692055
vn -0.59088086 0.75010965 -0.29697697
vn -0.70738483 0.67159355 -0.22038334
vn -0.79262173 0.58032824 -0.18700247
vn -0.90532857 0.40801127 -0.11792787
vn -0.96423410 0.23791318 -0.11683287
vn -0.98742137 0.11658382 -0.10680475
vn -0.41805437 0.02976032 -0.90793440
vn 0.22185401 0.43412079 -0.87310935
vn 0.17154841 0.49032660 -0.85448872
vn -0.65759687 0.56409305 -0.49936498
vn -0.71169568 0.51375613 -0.47910740
vn -0.76724374 0.45133091 -0.45567253
vn -0.83532818 0.34712562 -0.42629876
vn -0.21248531 -0.69192136 -0.68999625
vn -0.47734546 0.15686183 -0.86460146
vn -0.87027698 0.26921028 -0.41248492
vn -0.44130401 0.03492641 -0.89667771
vn -0.89742057 0.18527793 -0.40038532
vn -0.88348815 -0.23430879 -0.40564525
vn -0.85689022 -0.30597081 -0.41487470
vn -0.38444571 -0.11391819 -0.91609178
vn -0.14695809 -0.67828402 -0.71995424
vn 0.09525984 -0.56609430 -0.81881793
vn 0.18946830 -0.47094824 -0.86157386
vn 0.24036735 -0.40041744 -0.88424511
vn -0.22708392 -0.04555023 -0.97280937
vn 0.36112489 -0.04950029 -0.93120274
vn 0.26104215 0.37043876 -0.89142140
vn -0.59780292 0.60428494 -0.52675552
vn -0.80534910 0.40357786 -0.43420933
vn -0.49315047 0.04033993 -0.86900823
vn -0.48120890 0.02457059 -0.87626154
vn -0.92173898 -0.01253281 -0.38760827
vn -0.73548987 -0.48948672 -0.46846281
vn -0.68416152 -0.54162344 -0.48843327
vn -0.45598299 -0.08378302 -0.88603607
vn -0.50303150 -0.65207364 -0.56723829
vn 0.14349157 -0.52498920 -0.83892581
vn 0.35348779 -0.10933214 -0.92902791
vn 0.11140754 0.54759397 -0.82929440
vn 0.05310673 0.59402133 -0.80269442
vn -0.00792096 0.62684437 -0.77910423
vn -0.13911741 0.67789612 -0.72187478
vn -0.92080767 0.04702846 -0.38717122
vn -0.91402739 0.11055944 -0.39029545
vn -0.91575668 -0.08709717 -0.39217825
vn -0.90412158 -0.16305742 -0.39493855
vn -0.49393910 -0.02619738 -0.86910176
vn -0.82254654 -0.37062240 -0.43134236
vn -0.78224994 -0.43430528 -0.44661387
vn -0.51141998 -0.06387456 -0.85695370
vn -0.49149411 -0.09388594 -0.86580539
vn -0.62770833 -0.58439979 -0.51425591
vn -0.56622661 -0.62410748 -0.53840252
vn -0.43515878 -0.67630658 -0.59434523
vn -0.07864559 -0.66158410 -0.74573544
vn -0.02285238 -0.63935374 -0.76857307
vn 0.03676296 -0.60350069 -0.79651453
vn 0.28271233 -0.32301107 -0.90318192
vn -0.31626875 -0.04907032 -0.94739970
vn 0.34170443 -0.16958017 -0.92438122
vn -0.07035979 0.65806872 -0.74966330
vn -0.34622482 0.69317580 -0.63216745
vn -0.40307944 0.68405063 -0.60794876
vn -0.47006966 0.66411877 -0.58136114
vn -0.42142203 0.11711714 -0.89927029
vn -0.53635652 0.63935903 -0.55094620
vn -0.42451773 -0.12809568 -0.89631255
vn -0.36554196 -0.68830141 -0.62659416
vn -0.28600991 -0.69397139 -0.66075868
vn 0.36203201 0.01476884 -0.93204866
vn -0.31288300 0.00315415 -0.94978644
vn 0.35394072 0.08774333 -0.93114289
vn 0.34383454 0.16248276 -0.92486602
vn 0.32183041 0.23421968 -0.91736924
vn -0.38053390 0.03829023 -0.92397392
vn -0.20779661 0.69256150 -0.69078154
vn -0.27867216 0.69484352 -0.66297384
vn 0.31621301 -0.24305120 -0.91702532
vn -0.26465910 0.04344303 -0.96336300
vn 0.29669064 0.30600736 -0.90461824
vn 0.13294710 -0.56801333 -0.81221052
vn 0.07294841 -0.61054459 -0.78861513
vn 0.01009877 -0.64985744 -0.75998903
vn -0.05762355 -0.67836504 -0.73246188
vn -0.12649755 -0.70240667 -0.70044503
vn -0.20886581 -0.71688807 -0.66516658
vn -0.29687408 -0.71900960 -0.62840351
vn 0.18525288 -0.51552215 -0.83661119
vn 0.23684177 -0.45876848 -0.85640963
vn 0.27884631 -0.39455213 -0.87554175
vn 0.31819218 -0.32825913 -0.88938163
vn 0.34419453 -0.25841420 -0.90263626
vn 0.36885564 -0.18230471 -0.91143322
vn 0.38074205 -0.10642611 -0.91853632
vn 0.38963590 -0.02591809 -0.92060421
vn 0.38707401 0.06394207 -0.91982886
vn 0.37359085 0.14051935 -0.91688832
vn 0.35867033 0.20488621 -0.91070151
vn 0.33734087 0.27843844 -0.89926257
vn 0.30425665 0.34704013 -0.88712515
vn 0.26674758 0.41731139 -0.86873295
vn 0.21416533 0.48874185 -0.84573319
vn 0.15182575 0.55354251 -0.81886484
vn 0.08119868 0.60992119 -0.78829114
vn 0.00612931 0.65411609 -0.75636933
vn -0.07493592 0.68693118 -0.72284864
vn -0.16061199 0.70881494 -0.68686620
vn -0.24619906 0.71865779 -0.65032069
vn -0.33296032 0.71662735 -0.61284800
vn -0.41742254 0.70162968 -0.57747226
vn -0.49971731 0.67446616 -0.54348690
vn -0.56660634 0.64123703 -0.51746722
vn -0.63014558 0.60348652 -0.48859038
vn -0.68739360 0.55691230 -0.46619603
vn -0.74013234 0.50658711 -0.44223706
vn -0.77869389 0.45689537 -0.42997958
vn -0.81692788 0.40686598 -0.40876510
vn -0.86036555 0.32843920 -0.38974197
vn -0.89479046 0.24213269 -0.37512903
vn -0.91857246 0.15133775 -0.36513220
vn -0.93149126 0.05818505 -0.35908012
vn -0.93282059 -0.03435827 -0.35869939
vn -0.92276771 -0.12675409 -0.36391367
vn -0.90496569 -0.20317194 -0.37384258
vn -0.88121090 -0.27843904 -0.38201971
vn -0.84949752 -0.34704101 -0.39738709
vn -0.81021130 -0.41731167 -0.41159278
vn -0.75858035 -0.48642424 -0.43352890
vn -0.70676617 -0.53892294 -0.45830519
vn -0.65895300 -0.58015700 -0.47874711
vn -0.59927645 -0.62383589 -0.50169366
vn -0.53581716 -0.65683430 -0.53053621
vn -0.46508810 -0.68719026 -0.55808835
vn -0.38290623 -0.70892370 -0.59229216
vn -0.15880430 -0.67801225 -0.71769114
vn -0.25358326 -0.69060021 -0.67732332
vn -0.35066739 -0.68751858 -0.63588567
vn -0.34405863 0.69394519 -0.63250591
vn -0.27373491 0.69217478 -0.66780481
vn -0.43975189 -0.67150511 -0.59640521
vn -0.50543634 -0.65393884 -0.56293703
vn -0.74606221 -0.47377177 -0.46790116
vn -0.80732589 -0.39121754 -0.44178472
vn 0.34292784 -0.14588375 -0.92796467
vn 0.32569702 -0.22562879 -0.91815745
vn 0.29792302 -0.29695609 -0.90722597
vn 0.34767290 0.10097546 -0.93216281
vn 0.35532866 -0.00130709 -0.93474052
vn 0.35815611 -0.06976639 -0.93105148
vn 0.29053265 0.30064103 -0.90840836
vn 0.32583243 0.20292903 -0.92339214
vn -0.90464209 0.14401201 -0.40110251
vn -0.87784530 0.24364488 -0.41234063
vn -0.91046701 -0.12348151 -0.39471779
vn -0.91955262 -0.04748301 -0.39008761
vn -0.91810398 0.04211482 -0.39409570
vn -0.85565462 -0.29923763 -0.42227006
vn -0.88972876 -0.20449546 -0.40812295
vn 0.25636906 -0.36947848 -0.89317443
vn 0.21445931 -0.43961374 -0.87220810
vn -0.75215281 0.47022154 -0.46169021
vn -0.69485739 0.52781763 -0.48844832
vn -0.63158811 0.58192976 -0.51230286
vn -0.56483425 -0.62211655 -0.54215613
vn -0.62208643 -0.59105760 -0.51347773
vn -0.67767291 -0.54244975 -0.49649542
vn 0.02326045 -0.60699951 -0.79436172
vn -0.06516531 -0.65037580 -0.75681226
vn 0.18141267 0.47317104 -0.86208968
vn 0.24201956 0.39141986 -0.88781587
vn -0.00136536 0.62274227 -0.78242584
vn 0.06277383 0.59105785 -0.80418285
vn 0.11360397 0.54244988 -0.83237147
vn -0.18280417 0.68288264 -0.70728632
vn -0.08760252 0.65868307 -0.74730343
vn -0.57248771 0.61876004 -0.53795338
vn -0.49793544 0.65110799 -0.57281645
vn -0.41020190 0.67821838 -0.60971651
vn 0.16785133 -0.49554821 -0.85220766
vn 0.10370694 -0.55087779 -0.82811746
vn -0.83772281 0.33801797 -0.42891065
vn -0.79624837 0.41179098 -0.44318926
vn 0.38939051 -0.31452772 0.86570627
vn 0.29515390 0.69572508 0.65486701
vn 0.22808494 0.69340752 0.68349343
vn 0.34429910 -0.30973549 0.88629682
vn 0.35936696 0.68991047 0.62839393
vn 0.09397497 -0.08424502 0.99200377
vn 0.89691934 0.18105401 0.40342924
vn 0.65878943 0.01132263 0.75224217
vn -0.35543129 -0.00705463 0.93467579
vn -0.35514300 0.08257268 0.93115799
vn 0.44512909 -0.30583868 0.84161915
vn 0.16594166 0.68466902 0.70971240
vn 0.10175164 0.66883447 0.73641500
vn 0.30436439 -0.30438081 0.90261544
vn 0.43993669 0.67081658 0.59704340
vn 0.08183298 0.02784284 0.99625706
vn 0.91270460 -0.10143560 0.39582967
vn 0.09350208 0.07588301 0.99272309
vn 0.89701352 -0.18815518 0.39995545
vn 0.29808247 0.30538288 0.90437168
vn 0.39524750 -0.68466960 0.61237811
vn 0.46158353 -0.66732625 0.58447953
vn 0.40312777 0.31091390 0.86070933
vn 0.18668979 -0.68431246 0.70488536
vn 0.65833904 -0.04169128 0.75156607
vn -0.34378385 0.15554003 0.92607773
vn -0.32698922 0.22037891 0.91897289
vn 0.62782101 -0.14099739 0.76548058
vn -0.27228230 0.35147002 0.89572941
vn -0.30310376 0.28840386 0.90826831
vn 0.26333666 -0.28972154 0.92017131
vn 0.52947931 0.63745285 0.55973701
vn 0.22393783 -0.26962103 0.93656625
vn 0.61599638 0.58898682 0.52310896
vn 0.08191077 -0.03181697 0.99613167
vn 0.91937367 0.03851006 0.39149590
vn 0.92090303 -0.03604999 0.38812112
vn 0.12387625 0.16064633 0.97920755
vn 0.82549191 -0.36018339 0.43454692
vn 0.09685801 -0.66233943 0.74291656
vn 0.44577240 0.30233622 0.84254363
vn 0.59529616 0.19601077 0.77923184
vn -0.22290796 -0.42573371 0.87696228
vn 0.64613366 -0.09597422 0.75716593
vn 0.53993028 -0.25353697 0.80261716
vn -0.08504197 0.56674462 0.81949277
vn 0.49887184 -0.28348895 0.81899994
vn 0.03893592 0.64510335 0.76310265
vn -0.02001487 0.61348710 0.78945106
vn 0.18876576 -0.24138707 0.95189273
vn 0.69387871 0.52715485 0.49055081
vn 0.10868072 -0.12970561 0.98557849
vn 0.91467628 0.10876800 0.38927730
vn 0.10426445 0.11776528 0.98755266
vn 0.86786569 -0.27193464 0.41576520
vn 0.78024614 -0.43429150 0.45011872
vn 0.33379007 -0.69348273 0.63848719
vn 0.35301738 0.31483565 0.88105462
vn 0.26486582 -0.69568440 0.66773446
vn -0.05418498 -0.58822734 0.80687829
vn -0.12743294 -0.53020436 0.83823874
vn 0.52407750 0.26751247 0.80856654
vn 0.62352236 0.15412886 0.76646210
vn -0.30063490 -0.28932441 0.90879593
vn -0.26863632 -0.35751144 0.89443842
vn 0.64194862 0.10591535 0.75939707
vn -0.32320148 -0.20892971 0.92297843
vn -0.23716593 0.40852980 0.88139419
vn 0.57493965 -0.22179478 0.78756045
vn -0.14993068 0.51490337 0.84403514
vn 0.15645682 -0.20909194 0.96529883
vn 0.76261330 0.45338163 0.46137409
vn 0.13061369 -0.17099114 0.97657672
vn 0.82027253 0.36914972 0.43689984
vn 0.14951149 0.20296906 0.96770340
vn 0.73556873 -0.48976605 0.46804685
vn -0.34526304 -0.11009297 0.93202627
vn 0.65413662 0.05931743 0.75404690
vn -0.19653529 0.46410755 0.86370022
vn 0.60559593 -0.18279685 0.77449266
vn 0.86552510 0.27640692 0.41769069
vn 0.18325835 0.23446321 0.95469544
vn 0.68673738 -0.53793678 0.48889242
vn 0.21424605 0.26227153 0.94091034
vn 0.62057546 -0.58660401 0.52036701
vn 0.25251582 0.28487181 0.92470742
vn 0.53892117 -0.63361598 0.55506284
vn 0.48407442 0.28631778 0.82685796
vn 0.01724805 -0.63354552 0.77351314
vn 0.56421409 0.23332174 0.79197439
vn -0.18434880 -0.48336858 0.85578638
vn 0.27812876 0.92856306 -0.24579470
vn 0.35070406 0.89619508 -0.27173707
vn 0.58849393 0.72807013 -0.35155197
vn 0.70398321 0.58552988 -0.40194825
vn 0.78967123 0.41221703 -0.45441883
vn 0.81039878 0.33540576 -0.48037152
vn 0.83515103 0.26958251 -0.47942469
vn 0.85307284 0.16548584 -0.49485469
vn 0.87959239 -0.00093613 -0.47572718
vn 0.82736115 -0.28869375 -0.48179814
vn 0.73855962 -0.47665469 -0.47679135
vn 0.69951692 -0.52719081 -0.48243750
vn 0.48781876 -0.79655565 -0.35711617
vn 0.07845981 -0.97892073 -0.18856901
vn 0.00464551 -0.99611791 -0.08790635
vn -0.12129917 -0.98757384 -0.09992210
vn -0.17529093 -0.98424363 -0.02318562
vn -0.29332931 -0.95596607 0.00931585
vn -0.35048556 -0.93626964 -0.02364405
vn -0.36535663 -0.92993672 0.04162013
vn -0.41153108 -0.90779852 0.08089506
vn -0.54618112 -0.82738315 0.13085606
vn -0.58153952 -0.79915907 0.15217280
vn -0.74426443 -0.62985138 0.22216595
vn -0.89356168 -0.39088085 0.22081597
vn -0.89726484 -0.35209399 0.26635621
vn -0.91190673 -0.29299965 0.28736269
vn -0.92548515 -0.24318520 0.29041039
vn -0.93284955 -0.19702893 0.30161453
vn -0.94352983 -0.16696995 0.28613371
vn -0.94732721 -0.10741865 0.30171575
vn -0.95156530 -0.05191195 0.30303240
vn -0.94609351 0.04181289 0.32118335
vn -0.95256119 0.10392593 0.28605345
vn -0.93776090 0.16274912 0.30678528
vn -0.94358470 0.23323686 0.23504996
vn -0.91792432 0.28768477 0.27322596
vn -0.89290191 0.34785339 0.28587446
vn -0.82578057 0.50019779 0.26055443
vn -0.80400962 0.53756002 0.25416088
vn -0.75903938 0.62981716 0.16489259
vn -0.69813991 0.70495195 0.12507363
vn -0.61873617 0.77879909 0.10313840
vn -0.56568206 0.82015492 0.08573049
vn -0.49948011 0.85761830 0.12251722
vn -0.45687752 0.88332494 0.10488074
vn -0.35882668 0.93108456 0.06576436
vn -0.30427310 0.95221956 0.02637781
vn -0.25490888 0.96594137 -0.04448297
vn -0.13707146 0.98961194 -0.04335464
vn 0.45302916 -0.82369664 -0.34101089
vn 0.40110814 -0.73861163 -0.54181650
vn 0.58259768 -0.72627385 -0.36483727
vn 0.69348142 -0.58848768 -0.41565103
vn 0.78318193 -0.42147561 -0.45714810
vn 0.80344197 -0.36942884 -0.46690827
vn 0.78120072 -0.31653991 -0.53807799
vn 0.68718182 0.35582285 -0.63338080
vn 0.17095281 0.96692900 -0.18927082
vn -0.00293984 0.99297195 -0.11831345
vn -0.08179988 0.99319545 -0.08289495
vn -0.51603352 -0.85489478 0.05351941
vn -0.86265231 -0.44182174 0.24622051
vn -0.96043628 -0.00056875 0.27849924
vn -0.85164090 0.45141088 0.26633813
vn -0.64630060 0.74685420 0.15653863
vn 0.23784736 -0.88543276 -0.39929621
vn 0.34895996 -0.80800920 -0.47470842
vn 0.57423288 -0.67824701 -0.45851673
vn 0.82388979 -0.24087960 -0.51301329
vn 0.83627464 -0.18482069 -0.51622285
vn 0.83769286 -0.13874780 -0.52822317
vn 0.76086017 0.08118125 -0.64381783
vn 0.63809077 0.63252337 -0.43903798
vn 0.59350351 0.68508964 -0.42238107
vn 0.51400225 0.76580586 -0.38644933
vn 0.08043495 0.96503061 -0.24949176
vn -0.07099670 0.98329652 -0.16759305
vn 0.12420463 -0.96683558 -0.22316399
vn -0.18558725 -0.97380246 -0.13140068
vn -0.42979116 -0.90176532 -0.04581338
vn -0.59120194 -0.80396281 -0.06421883
vn -0.64445247 -0.75713900 0.10687168
vn -0.69312617 -0.70935347 0.12803817
vn -0.85188946 -0.48313977 0.20213935
vn -0.93450141 -0.31332160 0.16892803
vn -0.97371292 -0.13145894 0.18601530
vn -0.98280682 0.06062176 0.17440116
vn -0.97364734 0.13365831 0.18478722
vn -0.93386626 0.31543478 0.16850728
vn -0.88731601 0.40326393 0.22371523
vn -0.79587646 0.58072046 0.17130209
vn -0.22967433 0.95104987 -0.20677002
vn 0.31287853 -0.87936731 -0.35891524
vn 0.34573305 -0.75798924 -0.55310123
vn 0.51320767 -0.74982905 -0.41758147
vn 0.59542962 -0.59875211 -0.53568599
vn 0.66693804 -0.42634885 -0.61108126
vn 0.67148546 -0.20323969 -0.71260151
vn 0.74742958 0.00010162 -0.66434104
vn 0.72501020 0.37598659 -0.57705657
vn 0.57597269 0.55765954 -0.59772176
vn 0.49926315 0.62959182 -0.59527342
vn 0.46712414 0.69428913 -0.54750127
vn 0.38586312 0.75355398 -0.53222744
vn 0.37135324 0.79433401 -0.48076008
vn 0.37392250 0.84131095 -0.39035606
vn 0.15080653 0.93474974 -0.32171465
vn -0.02962220 0.96190287 -0.27178188
vn 0.01096234 -0.97795468 -0.20852929
vn -0.74175770 -0.66044084 0.11667655
vn -0.80712775 -0.58656017 0.06702211
vn -0.89856508 0.43098903 0.08263933
vn -0.63101188 0.77270222 -0.06895864
vn -0.43304415 0.90133347 -0.00841017
vn 0.17904975 -0.82645319 -0.53377553
vn 0.26635096 -0.82149832 -0.50418020
vn 0.45531385 -0.68651650 -0.56690775
vn 0.50255467 -0.60987361 -0.61277482
vn 0.57475933 -0.54561892 -0.60987844
vn 0.68535054 -0.38082527 -0.62069859
vn 0.67614655 -0.32992915 -0.65876596
vn 0.74105010 -0.09694287 -0.66441465
vn 0.71931705 0.17872207 -0.67129829
vn 0.72101820 0.27194021 -0.63732353
vn 0.68071047 0.29307073 -0.67137381
vn 0.67047537 0.41805447 -0.61293820
vn 0.60909611 0.43521908 -0.66301303
vn 0.22489639 0.85537825 -0.46663655
vn 0.15468877 0.88739228 -0.43428830
vn 0.06503088 0.91362344 -0.40132679
vn -0.03454150 0.92228917 -0.38495398
vn -0.09646647 0.93814318 -0.33253810
vn -0.17524289 0.93767281 -0.30009935
vn 0.12096869 -0.91531960 -0.38413096
vn -0.08871662 -0.94778070 -0.30633495
vn -0.18678358 -0.92197084 -0.33923689
vn -0.21679984 -0.93426780 -0.28309275
vn -0.27520889 -0.93971702 -0.20295809
vn -0.32883845 -0.92201802 -0.20432340
vn -0.37249981 -0.90468983 -0.20683377
vn -0.44657369 -0.87554825 -0.18435617
vn -0.49295223 -0.86199004 -0.11820009
vn -0.53922745 -0.82081629 -0.18839949
vn -0.62406781 -0.77858005 -0.06597333
vn -0.65287749 -0.75498859 -0.06118182
vn -0.79073632 -0.61214657 -0.00355653
vn -0.84420262 -0.53505261 0.03225890
vn -0.89918806 -0.43600104 0.03693131
vn -0.94460567 -0.32704121 0.02764376
vn -0.96369715 -0.25386573 0.08270426
vn -0.97517821 -0.20753047 0.07719175
vn -0.98585443 -0.15901646 0.05296036
vn -0.99285166 -0.07368122 0.09389704
vn -0.99539923 -0.03026567 0.09090855
vn -0.99361769 0.10206901 0.04801876
vn -0.98009407 0.17525816 0.09327484
vn -0.98089300 0.19446009 0.00584693
vn -0.96025718 0.27695469 0.03467349
vn -0.93495217 0.34791248 0.06943590
vn -0.93094706 0.36449875 -0.02186870
vn -0.88058984 0.47281800 0.03169676
vn -0.85907253 0.51131424 0.02349759
vn -0.77588730 0.63087040 -0.00119733
vn -0.76383723 0.64049220 -0.07951370
vn -0.71088875 0.70206278 -0.04177361
vn -0.62387126 0.74737286 -0.22851358
vn -0.56510641 0.81887461 -0.10049433
vn -0.52764679 0.84070847 -0.12164759
vn -0.43522440 0.88637754 -0.15784354
vn -0.39711346 0.90306766 -0.16361450
vn -0.35802163 0.91603427 -0.18083621
vn -0.34769194 0.89798318 -0.26969710
vn -0.19930788 0.94589726 -0.25603662
vn 0.07100240 -0.76113027 -0.64470099
vn 0.21458837 -0.74739621 -0.62876923
vn 0.18096380 -0.66827734 -0.72156600
vn 0.19197791 -0.63747799 -0.74616774
vn 0.37232649 -0.59910633 -0.70883326
vn 0.49160197 -0.47419013 -0.73039115
vn 0.57515183 -0.45593223 -0.67920996
vn 0.67476815 -0.24746041 -0.69530662
vn 0.65327414 -0.14498453 -0.74310994
vn 0.67949408 -0.04399506 -0.73236073
vn 0.66680666 0.04892372 -0.74362312
vn 0.65809202 0.11808054 -0.74362079
vn 0.63633919 0.21576455 -0.74062008
vn 0.51675988 0.28652483 -0.80676065
vn 0.53059182 0.44011872 -0.72440861
vn 0.54644713 0.50172531 -0.67057233
vn 0.49733096 0.56571260 -0.65774704
vn 0.45089176 0.58008719 -0.67837709
vn 0.38222037 0.68988531 -0.61478926
vn 0.33862880 0.69256257 -0.63693612
vn 0.22298597 0.67885940 -0.69959072
vn 0.28745413 0.76195963 -0.58033407
vn 0.19995476 0.79671918 -0.57031275
vn 0.10029968 0.80865373 -0.57967156
vn 0.03724930 0.83924872 -0.54247035
vn -0.05498822 0.84785790 -0.52736446
vn -0.19089559 0.87040621 -0.45381925
vn 0.14722458 -0.86859742 -0.47314210
vn -0.00228498 -0.91258818 -0.40887356
vn -0.05206355 -0.90696183 -0.41798282
vn -0.71721039 -0.68901580 -0.10424248
vn -0.87148868 -0.48817374 -0.04683887
vn -0.87957159 -0.47379609 -0.04325605
vn -0.91952380 -0.39226053 -0.02465089
vn -0.99988682 0.01454261 0.00385565
vn -0.81923134 0.56977185 -0.06496191
vn -0.69622685 0.70708552 -0.12368604
vn -0.66225487 0.73205475 -0.15973207
vn -0.51611104 0.82885333 -0.21594339
vn 0.12953836 -0.75609444 -0.64151462
vn 0.09014250 -0.68168096 -0.72607534
vn 0.38803374 -0.47504828 -0.78978411
vn 0.51467535 -0.15779910 -0.84273883
vn 0.54215348 -0.07718150 -0.83672733
vn 0.60055340 0.13640932 -0.78786300
vn 0.54548926 0.22895281 -0.80623947
vn 0.50618374 0.36247156 -0.78255504
vn 0.39912931 0.63156960 -0.66469213
vn 0.01212747 -0.81379672 -0.58102309
vn -0.00487208 -0.86574800 -0.50045646
vn -0.29606042 -0.87389199 -0.38556584
vn -0.44592564 -0.83470556 -0.32313612
vn -0.50905134 -0.80828171 -0.29588411
vn -0.62337352 -0.72062910 -0.30347844
vn -0.69632545 -0.68667691 -0.20881973
vn -0.74794389 -0.63716242 -0.18602147
vn -0.76874608 -0.61492967 -0.17575824
vn -0.82162372 -0.54130540 -0.17866988
vn -0.89324606 -0.43058698 -0.12925295
vn -0.93347817 -0.34196825 -0.10805656
vn -0.95701546 -0.26965900 -0.10679623
vn -0.99014815 -0.10646547 -0.09094917
vn -0.99370549 0.05111364 -0.09968343
vn -0.98662789 0.13373221 -0.09317244
vn -0.96904666 0.23153650 -0.08567044
vn -0.94860267 0.29699050 -0.10931428
vn -0.91668517 0.38012258 -0.12326847
vn -0.84888713 0.50998266 -0.13895442
vn -0.80772745 0.56824441 -0.15708171
vn -0.74746460 0.63766627 -0.18622135
vn -0.32236573 0.83856483 -0.43919172
vn 0.23069465 -0.64070286 -0.73231129
vn 0.29302936 -0.59902528 -0.74518622
vn 0.32447313 -0.53046774 -0.78314824
vn 0.41641486 -0.41517103 -0.80884589
vn 0.43989338 -0.38013406 -0.81362885
vn 0.48226748 -0.35313861 -0.80169271
vn 0.49066918 -0.28527913 -0.82332228
vn 0.42315207 -0.20821084 -0.88181096
vn 0.43897820 -0.10438134 -0.89241396
vn 0.51999901 -0.01316883 -0.85406535
vn 0.54485757 0.01414643 -0.83840927
vn 0.52288033 0.07967050 -0.84867472
vn 0.50625876 0.16708847 -0.84603990
vn 0.39378673 0.22881561 -0.89026705
vn 0.46302308 0.29577392 -0.83554019
vn 0.33984464 0.33582416 -0.87848037
vn 0.38579986 0.41372788 -0.82461367
vn 0.39187336 0.46688753 -0.79274920
vn 0.30833088 0.46049578 -0.83239156
vn 0.26057264 0.58657732 -0.76683045
vn 0.16739769 0.70207128 -0.69215167
vn 0.16635077 0.72580045 -0.66748867
vn 0.08789895 0.74678775 -0.65922821
vn -0.02827815 0.72647239 -0.68661358
vn -0.05107477 0.80264558 -0.59426546
vn -0.13942201 0.79788278 -0.58646788
vn -0.19091962 0.81846965 -0.54190140
vn -0.25925134 0.81784350 -0.51373218
vn 0.05698815 -0.82891669 -0.55646157
vn -0.14539868 -0.84364414 -0.51684019
vn -0.21935307 -0.83472199 -0.50509745
vn -0.28124008 -0.79652609 -0.53521043
vn -0.40933565 -0.80867927 -0.42247148
vn -0.47942835 -0.78537850 -0.39157256
vn -0.55243969 -0.73570911 -0.39184500
vn -0.59375318 -0.75967956 -0.26522466
vn -0.78923278 -0.56858555 -0.23199588
vn -0.83652383 -0.50168654 -0.22031456
vn -0.93144967 -0.30417553 -0.19969665
vn -0.96939782 -0.16171719 -0.18470358
vn -0.98203990 0.07517303 -0.17305099
vn -0.96424604 0.15454892 -0.21527703
vn -0.95339995 0.23404815 -0.19039430
vn -0.92372491 0.30444556 -0.23247623
vn -0.89875980 0.39139531 -0.19758676
vn -0.78265382 0.54951944 -0.29237200
vn -0.51450602 0.77982428 -0.35659172
vn -0.42013469 0.79669995 -0.43446062
vn -0.33520661 0.85796589 -0.38926990
vn 0.00330063 -0.63278719 -0.77431872
vn 0.28092667 -0.62743015 -0.72623110
vn 0.10912314 -0.46248112 -0.87988826
vn 0.16745242 -0.47325652 -0.86486297
vn 0.37374469 -0.50692500 -0.77675089
vn 0.17906853 -0.37117998 -0.91113110
vn 0.24525773 -0.37432218 -0.89427711
vn 0.26321495 -0.28448816 -0.92183750
vn 0.47222295 -0.31388545 -0.82369983
vn 0.28246250 -0.23350078 -0.93042588
vn 0.50990567 -0.25829234 -0.82053719
vn 0.36699221 -0.17431089 -0.91374637
vn 0.37262084 0.03198475 -0.92743231
vn 0.32412209 0.10754241 -0.93988271
vn 0.27963640 0.49358448 -0.82351554
vn 0.16441809 0.59424051 -0.78730230
vn 0.02781453 0.62465477 -0.78040552
vn -0.05675740 0.59311226 -0.80311670
vn -0.05357311 0.64053153 -0.76606088
vn -0.13127402 0.66014582 -0.73957733
vn -0.17898775 0.65994599 -0.72968122
vn -0.16408754 0.81682990 -0.55304990
vn -0.28232024 0.64690228 -0.70838741
vn -0.03851545 -0.79243299 -0.60874175
vn -0.14322523 -0.75913911 -0.63497586
vn -0.21159995 -0.78992536 -0.57553747
vn -0.29390402 -0.81074690 -0.50627057
vn -0.36429342 -0.79019524 -0.49283038
vn -0.39019943 -0.78461000 -0.48180033
vn -0.43610484 -0.78002081 -0.44875396
vn -0.50877489 -0.73870010 -0.44212020
vn -0.58235705 -0.70514169 -0.40451880
vn -0.66038518 -0.64809849 -0.37928850
vn -0.67720390 -0.64262169 -0.35837444
vn -0.71396199 -0.59704791 -0.36577598
vn -0.79841523 -0.51887335 -0.30545632
vn -0.84739780 -0.44258433 -0.29331908
vn -0.89228231 -0.36853880 -0.26079002
vn -0.92753833 -0.27122190 -0.25712122
vn -0.94215909 -0.21151355 -0.25999667
vn -0.95175918 -0.19049381 -0.24055472
vn -0.96290095 -0.13346452 -0.23453995
vn -0.96645939 -0.05755390 -0.25028744
vn -0.96751117 -0.02977484 -0.25106890
vn -0.96372195 0.09611693 -0.24900106
vn -0.94753343 0.18206100 -0.26274357
vn -0.93365175 0.24448130 -0.26176954
vn -0.90276830 0.32500628 -0.28174512
vn -0.86977574 0.39809793 -0.29156165
vn -0.85525056 0.42480804 -0.29679051
vn -0.81985570 0.47059818 -0.32615024
vn -0.75916613 0.55622311 -0.33805717
vn -0.72611599 0.59248003 -0.34888821
vn -0.69363864 0.61893240 -0.36849440
vn -0.60426638 0.68533176 -0.40642652
vn -0.58860602 0.69661713 -0.41020425
vn -0.56754339 0.70992899 -0.41700758
vn -0.49858837 0.74119219 -0.44949279
vn -0.46624636 0.75135289 -0.46699376
vn -0.39725846 0.77579539 -0.49023181
vn -0.30219383 0.80982473 -0.50285465
vn -0.33879720 0.66239240 -0.66817121
vn 0.04744293 -0.58292978 -0.81113627
vn 0.19663022 -0.31793699 -0.92749805
vn 0.29595649 -0.11931371 -0.94772042
vn 0.26255065 -0.06318390 -0.96284731
vn 0.35343979 -0.03898959 -0.93464439
vn 0.29964599 0.07544340 -0.95106287
vn 0.32858572 0.16431545 -0.93007089
vn 0.21715736 0.20064750 -0.95529224
vn 0.29801297 0.27055387 -0.91541732
vn 0.24593891 0.32230483 -0.91412999
vn 0.17400488 0.33047752 -0.92763512
vn 0.25699273 0.52304311 -0.81263807
vn 0.12131742 0.50938382 -0.85194495
vn 0.00568572 0.42468508 -0.90532329
vn 0.00356837 0.47618733 -0.87933662
vn 0.05980182 0.56399446 -0.82361034
vn -0.22537066 0.61850588 -0.75276726
vn -0.28418122 0.70390299 -0.65096975
vn -0.02452133 -0.69435779 -0.71921204
vn -0.12441829 -0.60227943 -0.78853001
vn -0.12888331 -0.75218052 -0.64623026
vn -0.16534732 -0.74768215 -0.64314202
vn -0.60884460 -0.60219143 -0.51640463
vn -0.72309137 -0.55431594 -0.41215618
vn -0.84717383 -0.39028204 -0.36052244
vn -0.88237293 -0.31651467 -0.34819028
vn -0.94781239 0.00842107 -0.31871737
vn -0.79717733 0.45950870 -0.39161214
vn -0.70847473 0.56953182 -0.41676979
vn -0.66153804 0.48073065 -0.57555665
vn -0.67402961 0.60628131 -0.42202731
vn -0.65308674 0.61273261 -0.44501288
vn -0.55348846 0.67418882 -0.48899893
vn -0.52880217 0.54932646 -0.64699977
vn -0.40544826 0.66493374 -0.62727572
vn -0.09106497 -0.55671144 -0.82569943
vn -0.10862670 -0.49139144 -0.86413812
vn -0.07122204 -0.48454275 -0.87186337
vn 0.07865979 -0.50182987 -0.86138227
vn -0.04300328 -0.36224322 -0.93109106
vn 0.14050691 -0.40298261 -0.90435768
vn 0.01313894 -0.29211650 -0.95629249
vn 0.16590057 -0.27448087 -0.94717329
vn 0.18507509 -0.23075899 -0.95524735
vn 0.19912964 -0.18492092 -0.96236773
vn 0.08531716 -0.10304210 -0.99101126
vn 0.20915185 0.04132509 -0.97700959
vn 0.12786217 0.33707024 -0.93275663
vn 0.08438105 0.37391696 -0.92361569
vn 0.06848209 0.43010600 -0.90017722
vn -0.03085674 0.50509531 -0.86251179
vn -0.08031790 0.51993325 -0.85042251
vn -0.18563402 0.47543239 -0.85994421
vn -0.17051849 0.54877552 -0.81839408
vn -0.12401360 -0.64349621 -0.75533652
vn -0.14797915 -0.66449905 -0.73249108
vn -0.32333794 -0.63670681 -0.70004073
vn -0.36697690 -0.68431420 -0.63011271
vn -0.41762023 -0.60245311 -0.68017909
vn -0.47243509 -0.59197390 -0.65297166
vn -0.51393902 -0.55792030 -0.65160696
vn -0.54476735 -0.62224732 -0.56217150
vn -0.56484108 -0.53458435 -0.62862877
vn -0.62363608 -0.57364409 -0.53104660
vn -0.61417416 -0.44966824 -0.64852800
vn -0.67724920 -0.51518820 -0.52527577
vn -0.66917310 -0.43160516 -0.60491681
vn -0.72741103 -0.49099034 -0.47937635
vn -0.77196503 -0.42101306 -0.47625412
vn -0.78094075 -0.36843318 -0.50436945
vn -0.82743022 -0.32377275 -0.45883596
vn -0.87958035 -0.20891940 -0.42742379
vn -0.86119371 -0.14604411 -0.48684342
vn -0.91606021 -0.08487172 -0.39195725
vn -0.82272354 -0.04244055 -0.56685516
vn -0.91225237 0.02800885 -0.40866994
vn -0.86081230 0.06799334 -0.50436008
vn -0.90686164 0.11151030 -0.40640795
vn -0.85549901 0.12276526 -0.50304088
vn -0.83891691 0.17989526 -0.51366927
vn -0.87601244 0.23796064 -0.41949605
vn -0.82403461 0.23469808 -0.51563919
vn -0.80342910 0.39552538 -0.44504085
vn -0.72703246 0.31837970 -0.60832406
vn -0.76527435 0.44385427 -0.46620657
vn -0.71740923 0.41230484 -0.56154138
vn -0.71984634 0.49279911 -0.48884586
vn -0.62823505 0.57742885 -0.52143709
vn -0.58375752 0.45316486 -0.67369784
vn -0.55983049 0.49359897 -0.66554480
vn -0.47278360 0.52418019 -0.70831547
vn -0.37185954 0.66724107 -0.64537573
vn -0.11022977 -0.39699589 -0.91117708
vn -0.03674969 -0.33389148 -0.94189487
vn 0.03183113 -0.27150118 -0.96191158
vn -0.00896235 -0.21977635 -0.97550911
vn 0.04708293 -0.20376817 -0.97788636
vn 0.05873442 -0.16873236 -0.98391039
vn 0.16788278 -0.08254033 -0.98234539
vn 0.04048454 -0.03131258 -0.99868940
vn 0.03279865 0.05220262 -0.99809776
vn 0.14814321 0.14633435 -0.97807967
vn 0.12794488 0.23247036 -0.96415125
vn -0.04872849 0.21354452 -0.97571731
vn -0.01885773 0.32887007 -0.94418688
vn -0.14057164 0.29895361 -0.94385717
vn -0.10254467 0.38767284 -0.91607552
vn -0.13159032 0.40799007 -0.90345343
vn -0.16205311 0.45997873 -0.87301681
vn -0.30155260 0.40179504 -0.86465414
vn -0.34150329 0.40185827 -0.84963842
vn -0.35683530 0.47570895 -0.80397112
vn -0.36698024 0.47794909 -0.79805399
vn -0.24523797 -0.51072781 -0.82402393
vn -0.26768533 -0.60079098 -0.75325610
vn -0.31075194 -0.63262948 -0.70937519
vn -0.36350877 -0.59252626 -0.71886995
vn -0.45101701 -0.59948988 -0.66120764
vn -0.49618661 -0.60639519 -0.62135636
vn -0.73402911 -0.43209614 -0.52392193
vn -0.75323241 -0.27909373 -0.59560694
vn -0.77819271 -0.23113393 -0.58394624
vn -0.84780372 -0.24189459 -0.47192781
vn -0.87140881 -0.12026193 -0.47558780
vn -0.88861293 0.05131531 -0.45577824
vn -0.86817841 0.17289121 -0.46516114
vn -0.83313724 0.28837039 -0.47193734
vn -0.65879580 0.40727841 -0.63254438
vn -0.61219521 0.43886726 -0.65773288
vn -0.45113077 0.60566922 -0.65547374
vn -0.19015073 -0.44742783 -0.87387129
vn -0.02410709 -0.45666237 -0.88931340
vn -0.10806934 -0.33764706 -0.93504839
vn -0.03505722 -0.30497167 -0.95171596
vn 0.03634156 -0.11656369 -0.99251811
vn 0.19524171 -0.00887338 -0.98071501
vn 0.04641869 0.01100398 -0.99886146
vn 0.08862058 0.09219227 -0.99178979
vn 0.07162565 0.17113565 -0.98264050
vn -0.01231092 0.27839617 -0.96038743
vn -0.13482956 0.21133010 -0.96807054
vn -0.14024660 0.25072422 -0.95784563
vn -0.19536500 0.38412874 -0.90237333
vn -0.30784656 0.24438540 -0.91951415
vn -0.25432292 0.43609273 -0.86321665
vn -0.27722341 0.55998277 -0.78074738
vn -0.23995500 -0.44514759 -0.86270808
vn -0.27111669 -0.48652896 -0.83053315
vn -0.31563346 -0.52294214 -0.79177461
vn -0.37970352 -0.37734128 -0.84465307
vn -0.41050606 -0.45986691 -0.78740536
vn -0.47708615 -0.43279186 -0.76490523
vn -0.51623304 -0.42356505 -0.74437631
vn -0.56721844 -0.43572456 -0.69886147
vn -0.60463232 -0.37145911 -0.70458348
vn -0.65216740 -0.32703543 -0.68390460
vn -0.70455750 -0.30919715 -0.63874553
vn -0.74614390 -0.14990028 -0.64869036
vn -0.80533773 -0.14255582 -0.57542069
vn -0.75536366 -0.10432771 -0.64694781
vn -0.80963296 -0.08049289 -0.58139089
vn -0.82439642 -0.01620475 -0.56578084
vn -0.77219685 0.02333250 -0.63495481
vn -0.76076309 0.06731690 -0.64552921
vn -0.75776594 0.11167005 -0.64290013
vn -0.75026543 0.15342779 -0.64308763
vn -0.68824008 0.16994769 -0.70529666
vn -0.75764684 0.26482535 -0.59652226
vn -0.74918684 0.29563920 -0.59271962
vn -0.66946824 0.29846648 -0.68024262
vn -0.64369639 0.32833404 -0.69126820
vn -0.54832482 0.39565230 -0.73674904
vn -0.50178717 0.51129348 -0.69770239
vn -0.42674500 0.47477110 -0.76972794
vn -0.39631160 0.46005401 -0.79453598
vn -0.22526351 -0.30607930 -0.92497125
vn -0.20021258 -0.31244913 -0.92859597
vn -0.20657518 -0.26055452 -0.94310023
vn -0.21111126 -0.21022722 -0.95458711
vn -0.20950449 -0.19028639 -0.95911363
vn -0.15782475 -0.18419433 -0.97013597
vn -0.15126754 -0.13061022 -0.97982606
vn -0.16830353 -0.10397741 -0.98023600
vn -0.20644517 -0.08028686 -0.97515866
vn -0.08380359 -0.10721052 -0.99069817
vn -0.17288825 -0.04066822 -0.98410149
vn -0.03030603 -0.04586403 -0.99848787
vn -0.07922118 -0.01059410 -0.99680077
vn -0.13092837 0.01827285 -0.99122342
vn -0.15559094 0.06207898 -0.98586899
vn -0.09759627 0.13075466 -0.98659930
vn -0.02927836 0.18883646 -0.98157199
vn -0.17057031 0.15212902 -0.97353096
vn -0.18658243 0.23330488 -0.95433528
vn -0.22591286 0.29663807 -0.92788428
vn -0.27226704 0.27683826 -0.92153743
vn -0.27485016 0.41555176 -0.86704909
vn -0.37371876 0.29242818 -0.88023863
vn -0.50354244 -0.29354513 -0.81257385
vn -0.66648197 -0.22147964 -0.71186273
vn -0.70552094 -0.16526242 -0.68915059
vn -0.66633601 0.12991010 -0.73424770
vn -0.55532375 0.22539406 -0.80050800
vn -0.58102437 0.31674627 -0.74972160
vn -0.44176899 0.31718642 -0.83918587
vn -0.26393316 -0.17269559 -0.94895496
vn -0.21975295 -0.16250280 -0.96192592
vn -0.15326737 -0.16086205 -0.97500385
vn -0.17315262 -0.07205260 -0.98225587
vn -0.21408592 -0.02377853 -0.97652537
vn -0.17827460 -0.00080220 -0.98398045
vn -0.20874477 0.02439233 -0.97766591
vn -0.21480935 0.03139006 -0.97615143
vn -0.09381255 0.09779493 -0.99077513
vn -0.26397526 0.06664891 -0.96222398
vn -0.17077086 0.19001666 -0.96681486
vn -0.22769143 0.24804620 -0.94161016
vn -0.35468965 0.17512122 -0.91843770
vn -0.39072345 0.24302942 -0.88784677
vn -0.33899581 -0.34207167 -0.87639535
vn -0.40376749 -0.20439491 -0.89173681
vn -0.43696175 -0.35951501 -0.82450797
vn -0.58768177 -0.29634719 -0.75286684
vn -0.54398675 -0.18815991 -0.81772506
vn -0.58782734 -0.16988703 -0.79094716
vn -0.58615442 -0.13136038 -0.79947948
vn -0.69123046 -0.18924735 -0.69741372
vn -0.58441872 -0.06677729 -0.80869992
vn -0.68709560 -0.06612909 -0.72355137
vn -0.61328768 0.16350893 -0.77275032
vn -0.49612385 0.22892759 -0.83752808
vn -0.46890444 0.34491858 -0.81311733
vn -0.39814514 0.30510059 -0.86509773
vn -0.28507548 -0.09392801 -0.95389176
vn -0.24306930 -0.01401320 -0.96990770
vn -0.20156672 0.04283926 -0.97853751
vn -0.19716855 0.07969870 -0.97712470
vn -0.18475927 0.12338172 -0.97500819
vn -0.30627535 0.08329983 -0.94829138
vn -0.29776276 0.10598358 -0.94873854
vn -0.31003414 0.10049669 -0.94539899
vn -0.23898799 0.20819971 -0.94843957
vn -0.33899460 0.11276670 -0.93400553
vn -0.36876649 0.13086081 -0.92026449
vn -0.34846852 0.28800451 -0.89197707
vn -0.37857550 0.14223954 -0.91457559
vn -0.29579178 -0.19831890 -0.93443932
vn -0.26720300 -0.34573821 -0.89948188
vn -0.32229165 -0.26449958 -0.90893788
vn -0.37892066 -0.29061731 -0.87861295
vn -0.44398067 -0.31951842 -0.83713150
vn -0.47654982 -0.32000284 -0.81883970
vn -0.51783351 -0.25423013 -0.81683260
vn -0.52302508 -0.23510590 -0.81924964
vn -0.47616885 -0.12395724 -0.87057328
vn -0.60911669 -0.23563766 -0.75726597
vn -0.64188274 -0.11498709 -0.75813225
vn -0.64709469 0.00344224 -0.76240187
vn -0.70221057 0.03215761 -0.71124272
vn -0.65662675 0.06245530 -0.75162533
vn -0.65479238 0.09207179 -0.75017980
vn -0.54701646 0.07810803 -0.83346993
vn -0.55383288 0.10138446 -0.82643229
vn -0.49841234 0.08489531 -0.86277339
vn -0.59326361 0.18754896 -0.78285611
vn -0.58677186 0.22361226 -0.77826495
vn -0.49516206 0.28992434 -0.81899842
vn -0.41496178 0.30878860 -0.85583662
vn -0.39510029 0.10770694 -0.91230202
vn -0.32390157 -0.11470473 -0.93911160
vn -0.32491458 -0.08193778 -0.94218720
vn -0.32350544 -0.06906776 -0.94370222
vn -0.22079620 -0.13931018 -0.96531949
vn -0.30553630 0.06894864 -0.94968082
vn -0.32931749 0.10837186 -0.93797949
vn -0.33689323 0.19837655 -0.92040735
vn -0.38505307 0.11817574 -0.91529702
vn -0.33789444 -0.14694564 -0.92964204
vn -0.36126529 -0.15889100 -0.91882590
vn -0.45642609 -0.18758341 -0.86976301
vn -0.43898466 -0.10219331 -0.89266399
vn -0.43263550 -0.07498953 -0.89844482
vn -0.49886456 -0.07804508 -0.86315880
vn -0.58081905 -0.02590425 -0.81362043
vn -0.58562208 -0.01425261 -0.81045891
vn -0.53437827 0.02233202 -0.84495038
vn -0.48843988 0.09347644 -0.86757630
vn -0.46113801 0.08316608 -0.88342240
vn -0.47513402 0.13400707 -0.86964922
vn -0.45907208 0.20949923 -0.86334402
vn -0.41089332 0.12874925 -0.90254657
f 35//35 1//1 149//149
f 149//149 1//1 23//23
f 4//4 2//2 3//3
f 4//4 3//3 5//5
f 5//5 3//3 6//6
f 5//5 6//6 7//7
f 7//7 6//6 8//8
f 7//7 8//8 9//9
f 9//9 8//8 11//11
f 9//9 11//11 12//12
f 12//12 11//11 13//13
f 13//13 11//11 14//14
f 14//14 11//11 15//15
f 18//18 16//16 17//17
f 18//18 17//17 19//19
f 19//19 17//17 20//20
f 19//19 20//20 21//21
f 21//21 20//20 4//4
f 4//4 20//20 2//2
f 1//1 22//22 23//23
f 23//23 22//22 25//25
f 25//25 22//22 24//24
f 25//25 24//24 27//27
f 27//27 24//24 26//26
f 27//27 26//26 43//43
f 29//29 47//47 28//28
f 29//29 28//28 30//30
f 30//30 28//28 31//31
f 30//30 31//31 32//32
f 32//32 31//31 18//18
f 18//18 31//31 16//16
f 35//35 52//52 1//1
f 36//36 37//37 38//38
f 43//43 26//26 42//42
f 43//43 42//42 45//45
f 45//45 42//42 44//44
f 45//45 44//44 46//46
f 46//46 44//44 47//47
f 46//46 47//47 29//29
f 49//49 90//90 41//41
f 50//50 51//51 33//33
f 55//55 54//54 48//48
f 34//34 72//72 61//61
f 64//64 10//10 63//63
f 74//74 53//53 10//10
f 74//74 10//10 64//64
f 53//53 74//74 55//55
f 55//55 74//74 54//54
f 48//48 54//54 56//56
f 56//56 54//54 57//57
f 65//65 95//95 37//37
f 37//37 95//95 38//38
f 79//79 67//67 66//66
f 66//66 67//67 80//80
f 69//69 39//39 59//59
f 50//50 105//105 51//51
f 34//34 71//71 72//72
f 62//62 71//71 15//15
f 15//15 71//71 73//73
f 15//15 73//73 14//14
f 63//63 81//81 64//64
f 78//78 79//79 66//66
f 68//68 87//87 69//69
f 69//69 87//87 39//39
f 72//72 71//71 62//62
f 52//52 35//35 82//82
f 82//82 35//35 81//81
f 82//82 81//81 63//63
f 56//56 57//57 75//75
f 75//75 57//57 93//93
f 84//84 99//99 80//80
f 84//84 80//80 67//67
f 58//58 85//85 86//86
f 86//86 85//85 68//68
f 68//68 85//85 87//87
f 89//89 40//40 88//88
f 40//40 89//89 90//90
f 40//40 90//90 49//49
f 94//94 93//93 57//57
f 93//93 94//94 76//76
f 76//76 95//95 65//65
f 83//83 77//77 78//78
f 78//78 77//77 79//79
f 91//91 96//96 60//60
f 60//60 96//96 70//70
f 76//76 94//94 95//95
f 1480//1480 98//98 37//37
f 1480//1480 37//37 36//36
f 1480//1480 1481//1481 98//98
f 98//98 1481//1481 83//83
f 83//83 1481//1481 77//77
f 89//89 88//88 116//116
f 90//90 101//101 41//41
f 41//41 101//101 117//117
f 97//97 105//105 50//50
f 33//33 51//51 92//92
f 84//84 106//106 99//99
f 99//99 106//106 100//100
f 100//100 106//106 58//58
f 58//58 106//106 85//85
f 116//116 88//88 108//108
f 109//109 110//110 91//91
f 91//91 110//110 96//96
f 111//111 112//112 102//102
f 113//113 130//130 103//103
f 103//103 130//130 104//104
f 92//92 51//51 121//121
f 103//103 104//104 107//107
f 104//104 115//115 107//107
f 107//107 115//115 120//120
f 114//114 123//123 61//61
f 61//61 123//123 34//34
f 102//102 112//112 128//128
f 116//116 108//108 125//125
f 111//111 144//144 112//112
f 120//120 115//115 97//97
f 97//97 115//115 105//105
f 121//121 123//123 114//114
f 122//122 118//118 119//119
f 119//119 118//118 131//131
f 121//121 51//51 123//123
f 125//125 108//108 124//124
f 117//117 101//101 109//109
f 109//109 101//101 110//110
f 127//127 143//143 122//122
f 122//122 143//143 118//118
f 112//112 140//140 128//128
f 126//126 893//893 136//136
f 119//119 131//131 141//141
f 132//132 144//144 111//111
f 129//129 130//130 113//113
f 124//124 133//133 125//125
f 893//893 135//135 136//136
f 136//136 135//135 142//142
f 39//39 137//137 59//59
f 59//59 137//137 138//138
f 59//59 138//138 124//124
f 124//124 138//138 139//139
f 124//124 139//139 133//133
f 134//134 893//893 126//126
f 129//129 140//140 130//130
f 128//128 140//140 129//129
f 60//60 70//70 893//893
f 60//60 893//893 134//134
f 131//131 144//144 141//141
f 141//141 144//144 132//132
f 142//142 135//135 127//127
f 127//127 135//135 143//143
f 73//73 147//147 14//14
f 148//148 149//149 758//758
f 149//149 148//148 150//150
f 148//148 151//151 150//150
f 150//150 151//151 152//152
f 152//152 151//151 154//154
f 151//151 153//153 154//154
f 154//154 153//153 155//155
f 153//153 156//156 155//155
f 155//155 156//156 158//158
f 158//158 156//156 157//157
f 158//158 157//157 159//159
f 158//158 159//159 160//160
f 159//159 161//161 160//160
f 160//160 161//161 163//163
f 163//163 161//161 162//162
f 163//163 162//162 164//164
f 164//164 162//162 165//165
f 164//164 165//165 167//167
f 167//167 165//165 166//166
f 166//166 165//165 168//168
f 166//166 168//168 170//170
f 170//170 168//168 169//169
f 170//170 169//169 172//172
f 172//172 169//169 171//171
f 172//172 171//171 174//174
f 174//174 171//171 173//173
f 174//174 173//173 176//176
f 176//176 173//173 175//175
f 176//176 175//175 178//178
f 178//178 175//175 177//177
f 178//178 177//177 1482//1482
f 1482//1482 177//177 1483//1483
f 1483//1483 177//177 179//179
f 1483//1483 179//179 180//180
f 1483//1483 180//180 1484//1484
f 1484//1484 180//180 1485//1485
f 1485//1485 180//180 181//181
f 1485//1485 181//181 183//183
f 183//183 181//181 182//182
f 183//183 182//182 1486//1486
f 1486//1486 182//182 186//186
f 186//186 182//182 184//184
f 186//186 184//184 185//185
f 186//186 185//185 187//187
f 187//187 185//185 1487//1487
f 185//185 188//188 1487//1487
f 1487//1487 188//188 190//190
f 190//190 188//188 189//189
f 190//190 189//189 192//192
f 189//189 191//191 192//192
f 192//192 191//191 193//193
f 192//192 193//193 194//194
f 193//193 195//195 194//194
f 194//194 195//195 197//197
f 197//197 195//195 196//196
f 197//197 196//196 1488//1488
f 1488//1488 196//196 198//198
f 1488//1488 198//198 200//200
f 200//200 198//198 199//199
f 200//200 199//199 202//202
f 199//199 201//201 202//202
f 202//202 201//201 1489//1489
f 1489//1489 201//201 203//203
f 1489//1489 203//203 204//204
f 204//204 203//203 205//205
f 204//204 205//205 207//207
f 207//207 205//205 206//206
f 207//207 206//206 208//208
f 208//208 206//206 209//209
f 208//208 209//209 210//210
f 210//210 209//209 212//212
f 212//212 209//209 211//211
f 212//212 211//211 214//214
f 214//214 211//211 213//213
f 214//214 213//213 216//216
f 216//216 213//213 215//215
f 216//216 215//215 218//218
f 218//218 215//215 217//217
f 218//218 217//217 220//220
f 220//220 217//217 219//219
f 220//220 219//219 222//222
f 222//222 219//219 221//221
f 222//222 221//221 224//224
f 224//224 221//221 223//223
f 224//224 223//223 225//225
f 224//224 225//225 226//226
f 226//226 225//225 1490//1490
f 1490//1490 225//225 227//227
f 1490//1490 227//227 1491//1491
f 1491//1491 227//227 228//228
f 1491//1491 228//228 230//230
f 228//228 229//229 230//230
f 230//230 229//229 232//232
f 229//229 231//231 232//232
f 232//232 231//231 235//235
f 235//235 231//231 233//233
f 235//235 234//234 236//236
f 235//235 233//233 234//234
f 236//236 234//234 237//237
f 236//236 237//237 238//238
f 237//237 239//239 238//238
f 238//238 239//239 240//240
f 240//240 239//239 242//242
f 242//242 239//239 241//241
f 242//242 241//241 244//244
f 244//244 241//241 243//243
f 243//243 245//245 244//244
f 244//244 245//245 246//246
f 246//246 245//245 247//247
f 246//246 247//247 249//249
f 247//247 248//248 249//249
f 249//249 248//248 250//250
f 250//250 248//248 251//251
f 251//251 248//248 252//252
f 251//251 252//252 253//253
f 251//251 253//253 254//254
f 254//254 253//253 255//255
f 254//254 255//255 257//257
f 257//257 255//255 256//256
f 257//257 256//256 1498//1498
f 1498//1498 256//256 260//260
f 256//256 258//258 260//260
f 260//260 258//258 259//259
f 260//260 259//259 262//262
f 262//262 259//259 261//261
f 262//262 261//261 1500//1500
f 1500//1500 261//261 263//263
f 1500//1500 263//263 265//265
f 265//265 263//263 264//264
f 265//265 264//264 266//266
f 265//265 266//266 267//267
f 266//266 268//268 267//267
f 267//267 268//268 269//269
f 268//268 270//270 269//269
f 269//269 270//270 272//272
f 272//272 270//270 271//271
f 272//272 271//271 274//274
f 274//274 271//271 273//273
f 274//274 273//273 275//275
f 275//275 273//273 1503//1503
f 1503//1503 273//273 276//276
f 1503//1503 276//276 277//277
f 1503//1503 277//277 279//279
f 279//279 277//277 278//278
f 279//279 278//278 281//281
f 278//278 280//280 281//281
f 281//281 280//280 283//283
f 283//283 280//280 282//282
f 284//284 283//283 282//282
f 284//284 282//282 285//285
f 284//284 285//285 1505//1505
f 285//285 286//286 1505//1505
f 1505//1505 286//286 288//288
f 286//286 287//287 288//288
f 288//288 287//287 1506//1506
f 1506//1506 287//287 289//289
f 1506//1506 289//289 290//290
f 289//289 291//291 290//290
f 290//290 291//291 292//292
f 290//290 292//292 294//294
f 294//294 292//292 293//293
f 294//294 293//293 295//295
f 295//295 293//293 297//297
f 297//297 293//293 296//296
f 297//297 296//296 299//299
f 299//299 296//296 298//298
f 299//299 298//298 300//300
f 299//299 300//300 302//302
f 302//302 300//300 301//301
f 301//301 300//300 303//303
f 301//301 303//303 304//304
f 304//304 303//303 305//305
f 304//304 305//305 307//307
f 305//305 306//306 307//307
f 307//307 306//306 1508//1508
f 1508//1508 306//306 308//308
f 1508//1508 308//308 309//309
f 309//309 308//308 310//310
f 309//309 310//310 311//311
f 311//311 310//310 313//313
f 310//310 312//312 313//313
f 313//313 312//312 314//314
f 313//313 314//314 1510//1510
f 1510//1510 314//314 316//316
f 314//314 315//315 316//316
f 316//316 315//315 318//318
f 318//318 315//315 317//317
f 318//318 317//317 1511//1511
f 1511//1511 317//317 319//319
f 1511//1511 319//319 320//320
f 1511//1511 320//320 321//321
f 321//321 320//320 323//323
f 323//323 320//320 322//322
f 323//323 322//322 324//324
f 323//323 324//324 325//325
f 325//325 324//324 326//326
f 325//325 326//326 1512//1512
f 326//326 327//327 1512//1512
f 1512//1512 327//327 328//328
f 328//328 327//327 329//329
f 328//328 329//329 330//330
f 330//330 329//329 1514//1514
f 1514//1514 329//329 331//331
f 1514//1514 331//331 333//333
f 1514//1514 333//333 332//332
f 332//332 333//333 334//334
f 334//334 333//333 335//335
f 334//334 335//335 337//337
f 335//335 336//336 337//337
f 337//337 336//336 338//338
f 338//338 336//336 339//339
f 338//338 339//339 340//340
f 340//340 339//339 341//341
f 340//340 341//341 343//343
f 343//343 341//341 342//342
f 343//343 342//342 344//344
f 342//342 345//345 344//344
f 344//344 345//345 347//347
f 347//347 345//345 346//346
f 347//347 346//346 349//349
f 349//349 346//346 348//348
f 349//349 348//348 351//351
f 351//351 348//348 350//350
f 351//351 350//350 354//354
f 350//350 352//352 354//354
f 354//354 352//352 353//353
f 354//354 353//353 1518//1518
f 1518//1518 353//353 356//356
f 356//356 353//353 355//355
f 356//356 357//357 358//358
f 356//356 355//355 357//357
f 358//358 357//357 359//359
f 358//358 359//359 360//360
f 360//360 359//359 362//362
f 359//359 361//361 362//362
f 362//362 361//361 364//364
f 364//364 361//361 363//363
f 364//364 363//363 365//365
f 363//363 366//366 365//365
f 365//365 366//366 368//368
f 368//368 366//366 369//369
f 369//369 366//366 367//367
f 369//369 367//367 371//371
f 371//371 367//367 370//370
f 371//371 370//370 373//373
f 373//373 370//370 372//372
f 373//373 372//372 375//375
f 375//375 372//372 374//374
f 375//375 374//374 377//377
f 374//374 376//376 377//377
f 377//377 376//376 379//379
f 379//379 376//376 378//378
f 379//379 378//378 382//382
f 378//378 380//380 382//382
f 382//382 380//380 381//381
f 382//382 381//381 383//383
f 381//381 384//384 383//383
f 383//383 384//384 385//385
f 385//385 384//384 386//386
f 385//385 386//386 1522//1522
f 386//386 387//387 1522//1522
f 1522//1522 387//387 389//389
f 389//389 387//387 388//388
f 389//389 388//388 391//391
f 391//391 388//388 390//390
f 391//391 390//390 393//393
f 393//393 390//390 392//392
f 392//392 394//394 393//393
f 393//393 394//394 395//395
f 395//395 394//394 396//396
f 395//395 396//396 398//398
f 396//396 397//397 398//398
f 398//398 397//397 400//400
f 400//400 397//397 399//399
f 400//400 399//399 402//402
f 402//402 399//399 401//401
f 402//402 401//401 403//403
f 403//403 404//404 406//406
f 403//403 401//401 404//404
f 406//406 404//404 405//405
f 406//406 405//405 407//407
f 407//407 408//408 410//410
f 407//407 405//405 408//408
f 410//410 408//408 409//409
f 410//410 409//409 411//411
f 411//411 409//409 412//412
f 411//411 412//412 413//413
f 413//413 412//412 414//414
f 413//413 414//414 416//416
f 416//416 414//414 415//415
f 416//416 415//415 419//419
f 419//419 415//415 417//417
f 419//419 417//417 418//418
f 419//419 418//418 421//421
f 421//421 418//418 420//420
f 421//421 420//420 1526//1526
f 420//420 422//422 1526//1526
f 1526//1526 422//422 424//424
f 424//424 422//422 423//423
f 424//424 423//423 426//426
f 426//426 423//423 425//425
f 426//426 425//425 427//427
f 427//427 425//425 428//428
f 427//427 428//428 430//430
f 430//430 428//428 429//429
f 430//430 429//429 431//431
f 431//431 429//429 432//432
f 431//431 432//432 434//434
f 432//432 433//433 434//434
f 434//434 433//433 435//435
f 436//436 437//437 435//435
f 436//436 435//435 433//433
f 437//437 436//436 440//440
f 436//436 438//438 440//440
f 440//440 438//438 439//439
f 440//440 439//439 146//146
f 146//146 439//439 441//441
f 146//146 441//441 443//443
f 443//443 441//441 442//442
f 443//443 442//442 445//445
f 445//445 442//442 444//444
f 445//445 444//444 447//447
f 444//444 446//446 447//447
f 447//447 446//446 448//448
f 447//447 448//448 449//449
f 449//449 448//448 451//451
f 451//451 448//448 450//450
f 451//451 450//450 452//452
f 452//452 450//450 453//453
f 452//452 453//453 455//455
f 455//455 453//453 454//454
f 455//455 454//454 456//456
f 456//456 454//454 457//457
f 456//456 457//457 459//459
f 459//459 457//457 458//458
f 459//459 458//458 460//460
f 460//460 458//458 461//461
f 460//460 461//461 464//464
f 464//464 461//461 462//462
f 464//464 462//462 463//463
f 463//463 465//465 466//466
f 463//463 462//462 465//465
f 466//466 465//465 468//468
f 468//468 465//465 467//467
f 468//468 469//469 471//471
f 468//468 467//467 469//469
f 471//471 469//469 470//470
f 471//471 470//470 472//472
f 472//472 470//470 474//474
f 474//474 470//470 473//473
f 474//474 473//473 476//476
f 476//476 473//473 475//475
f 476//476 475//475 478//478
f 475//475 477//477 478//478
f 478//478 477//477 1532//1532
f 477//477 479//479 1532//1532
f 1532//1532 479//479 480//480
f 480//480 481//481 482//482
f 480//480 479//479 481//481
f 482//482 483//483 484//484
f 482//482 481//481 483//483
f 484//484 485//485 486//486
f 484//484 483//483 485//485
f 486//486 485//485 487//487
f 486//486 487//487 489//489
f 489//489 487//487 488//488
f 489//489 488//488 490//490
f 490//490 488//488 491//491
f 490//490 491//491 493//493
f 493//493 491//491 492//492
f 493//493 492//492 494//494
f 493//493 494//494 1534//1534
f 1534//1534 494//494 495//495
f 1534//1534 495//495 497//497
f 497//497 495//495 496//496
f 497//497 496//496 498//498
f 498//498 499//499 502//502
f 496//496 499//499 498//498
f 499//499 500//500 502//502
f 502//502 500//500 501//501
f 502//502 501//501 503//503
f 501//501 504//504 503//503
f 503//503 504//504 505//505
f 505//505 504//504 506//506
f 505//505 506//506 507//507
f 507//507 506//506 508//508
f 507//507 508//508 509//509
f 509//509 508//508 511//511
f 508//508 510//510 511//511
f 511//511 510//510 512//512
f 511//511 512//512 514//514
f 514//514 512//512 513//513
f 514//514 513//513 515//515
f 513//513 516//516 515//515
f 515//515 516//516 518//518
f 518//518 516//516 517//517
f 518//518 517//517 520//520
f 517//517 519//519 520//520
f 520//520 519//519 522//522
f 522//522 519//519 521//521
f 522//522 521//521 1535//1535
f 1535//1535 521//521 523//523
f 1535//1535 523//523 524//524
f 1535//1535 524//524 525//525
f 525//525 524//524 526//526
f 525//525 526//526 527//527
f 527//527 526//526 530//530
f 526//526 528//528 530//530
f 530//530 528//528 529//529
f 530//530 529//529 1537//1537
f 529//529 531//531 1537//1537
f 1537//1537 531//531 1539//1539
f 531//531 532//532 1539//1539
f 1539//1539 532//532 534//534
f 534//534 532//532 533//533
f 534//534 533//533 535//535
f 535//535 536//536 1474//1474
f 533//533 536//536 535//535
f 536//536 537//537 1474//1474
f 1474//1474 537//537 539//539
f 539//539 537//537 538//538
f 539//539 538//538 541//541
f 541//541 538//538 540//540
f 540//540 542//542 541//541
f 541//541 542//542 543//543
f 543//543 542//542 544//544
f 543//543 544//544 546//546
f 546//546 544//544 545//545
f 546//546 545//545 547//547
f 545//545 548//548 547//547
f 547//547 548//548 1541//1541
f 1541//1541 548//548 549//549
f 1541//1541 549//549 551//551
f 551//551 549//549 550//550
f 551//551 550//550 1543//1543
f 1543//1543 550//550 553//553
f 553//553 550//550 552//552
f 553//553 552//552 557//557
f 557//557 552//552 554//554
f 554//554 556//556 557//557
f 557//557 556//556 555//555
f 556//556 558//558 555//555
f 555//555 558//558 559//559
f 559//559 558//558 560//560
f 559//559 560//560 1545//1545
f 560//560 561//561 1545//1545
f 1545//1545 561//561 563//563
f 561//561 562//562 563//563
f 563//563 562//562 565//565
f 565//565 562//562 564//564
f 565//565 564//564 1546//1546
f 1546//1546 564//564 1547//1547
f 1547//1547 564//564 566//566
f 1547//1547 566//566 568//568
f 568//568 566//566 567//567
f 567//567 569//569 568//568
f 568//568 569//569 571//571
f 571//571 569//569 573//573
f 573//573 569//569 570//570
f 573//573 570//570 572//572
f 573//573 572//572 575//575
f 575//575 572//572 574//574
f 575//575 574//574 577//577
f 577//577 574//574 576//576
f 577//577 576//576 578//578
f 577//577 578//578 579//579
f 579//579 578//578 581//581
f 578//578 580//580 581//581
f 581//581 580//580 583//583
f 583//583 580//580 582//582
f 583//583 582//582 584//584
f 583//583 584//584 585//585
f 585//585 584//584 588//588
f 588//588 584//584 586//586
f 588//588 586//586 589//589
f 589//589 586//586 587//587
f 589//589 587//587 590//590
f 590//590 591//591 592//592
f 587//587 591//591 590//590
f 592//592 591//591 593//593
f 593//593 594//594 592//592
f 592//592 594//594 595//595
f 595//595 594//594 597//597
f 594//594 596//596 597//597
f 597//597 596//596 600//600
f 600//600 596//596 598//598
f 600//600 598//598 599//599
f 600//600 599//599 602//602
f 602//602 599//599 601//601
f 602//602 601//601 603//603
f 603//603 601//601 604//604
f 603//603 604//604 605//605
f 605//605 604//604 606//606
f 605//605 606//606 1553//1553
f 1553//1553 606//606 607//607
f 607//607 608//608 609//609
f 607//607 606//606 608//608
f 609//609 610//610 611//611
f 609//609 608//608 610//610
f 611//611 612//612 614//614
f 611//611 610//610 612//612
f 614//614 612//612 613//613
f 614//614 613//613 615//615
f 615//615 613//613 616//616
f 615//615 616//616 617//617
f 617//617 616//616 620//620
f 616//616 618//618 620//620
f 618//618 619//619 620//620
f 620//620 619//619 622//622
f 622//622 619//619 621//621
f 622//622 621//621 624//624
f 624//624 621//621 623//623
f 624//624 623//623 626//626
f 623//623 625//625 626//626
f 626//626 627//627 628//628
f 626//626 625//625 627//627
f 628//628 627//627 630//630
f 630//630 627//627 629//629
f 630//630 629//629 631//631
f 631//631 629//629 632//632
f 632//632 633//633 631//631
f 631//631 633//633 634//634
f 634//634 633//633 636//636
f 633//633 635//635 636//636
f 636//636 635//635 638//638
f 638//638 635//635 637//637
f 637//637 639//639 638//638
f 638//638 639//639 641//641
f 641//641 639//639 640//640
f 641//641 640//640 643//643
f 643//643 640//640 642//642
f 643//643 642//642 646//646
f 642//642 644//644 646//646
f 644//644 645//645 646//646
f 646//646 645//645 647//647
f 647//647 645//645 648//648
f 647//647 648//648 1556//1556
f 1556//1556 649//649 651//651
f 1556//1556 648//648 649//649
f 651//651 649//649 652//652
f 652//652 649//649 650//650
f 652//652 650//650 653//653
f 652//652 653//653 654//654
f 654//654 653//653 1557//1557
f 1557//1557 653//653 655//655
f 1557//1557 655//655 657//657
f 655//655 656//656 657//657
f 657//657 656//656 658//658
f 657//657 658//658 659//659
f 659//659 658//658 661//661
f 661//661 658//658 660//660
f 661//661 660//660 663//663
f 663//663 660//660 664//664
f 663//663 664//664 662//662
f 662//662 665//665 1561//1561
f 662//662 664//664 665//665
f 1561//1561 665//665 667//667
f 667//667 665//665 666//666
f 667//667 666//666 1563//1563
f 1563//1563 666//666 668//668
f 1563//1563 668//668 669//669
f 669//669 668//668 670//670
f 1916//1916 671//671 1878//1878
f 675//675 672//672 673//673
f 673//673 672//672 1938//1938
f 1938//1938 672//672 671//671
f 1938//1938 671//671 1916//1916
f 675//675 673//673 674//674
f 675//675 674//674 676//676
f 676//676 674//674 1877//1877
f 1964//1964 677//677 1877//1877
f 1877//1877 677//677 676//676
f 677//677 1964//1964 1937//1937
f 677//677 1937//1937 685//685
f 1869//1869 687//687 678//678
f 1869//1869 678//678 1870//1870
f 1870//1870 678//678 679//679
f 679//679 678//678 1571//1571
f 679//679 1571//1571 1570//1570
f 679//679 1570//1570 1871//1871
f 1871//1871 1570//1570 1872//1872
f 1872//1872 1570//1570 1873//1873
f 1873//1873 1570//1570 680//680
f 1873//1873 680//680 1874//1874
f 1874//1874 680//680 681//681
f 1874//1874 681//681 682//682
f 682//682 681//681 1915//1915
f 1915//1915 681//681 683//683
f 1915//1915 683//683 1875//1875
f 1875//1875 683//683 1876//1876
f 1876//1876 683//683 684//684
f 1876//1876 684//684 1936//1936
f 1936//1936 684//684 685//685
f 1936//1936 685//685 1937//1937
f 687//687 1869//1869 686//686
f 687//687 686//686 688//688
f 686//686 1868//1868 688//688
f 688//688 1868//1868 1963//1963
f 688//688 1963//1963 689//689
f 1963//1963 1867//1867 689//689
f 689//689 1867//1867 691//691
f 691//691 1867//1867 1932//1932
f 691//691 1932//1932 690//690
f 693//693 696//696 692//692
f 693//693 692//692 690//690
f 690//690 692//692 691//691
f 693//693 695//695 696//696
f 696//696 695//695 694//694
f 694//694 695//695 1947//1947
f 694//694 1947//1947 697//697
f 1863//1863 145//145 1910//1910
f 145//145 1471//1471 1910//1910
f 1910//1910 1471//1471 1909//1909
f 1909//1909 1471//1471 1908//1908
f 1908//1908 1471//1471 698//698
f 1908//1908 698//698 1864//1864
f 1864//1864 698//698 699//699
f 1864//1864 699//699 1865//1865
f 1865//1865 699//699 700//700
f 1865//1865 700//700 1907//1907
f 1907//1907 700//700 703//703
f 703//703 700//700 701//701
f 703//703 701//701 702//702
f 703//703 702//702 1922//1922
f 1922//1922 702//702 1573//1573
f 1922//1922 1573//1573 1906//1906
f 1906//1906 1573//1573 1949//1949
f 1949//1949 1573//1573 704//704
f 1949//1949 704//704 1866//1866
f 1866//1866 704//704 1904//1904
f 1904//1904 704//704 705//705
f 1904//1904 705//705 697//697
f 697//697 705//705 694//694
f 1923//1923 706//706 1863//1863
f 1863//1863 706//706 145//145
f 706//706 1923//1923 1924//1924
f 706//706 1924//1924 1925//1925
f 706//706 1925//1925 708//708
f 708//708 1925//1925 707//707
f 708//708 707//707 709//709
f 709//709 707//707 1862//1862
f 709//709 1862//1862 712//712
f 712//712 1862//1862 710//710
f 712//712 710//710 711//711
f 712//712 711//711 713//713
f 713//713 711//711 1861//1861
f 713//713 1861//1861 1577//1577
f 1577//1577 1861//1861 714//714
f 1577//1577 714//714 1860//1860
f 1577//1577 1860//1860 715//715
f 715//715 1860//1860 1859//1859
f 715//715 1859//1859 716//716
f 716//716 1859//1859 1858//1858
f 716//716 1858//1858 717//717
f 716//716 717//717 719//719
f 719//719 717//717 718//718
f 719//719 718//718 720//720
f 718//718 1857//1857 720//720
f 720//720 1857//1857 721//721
f 721//721 1857//1857 1927//1927
f 721//721 1927//1927 722//722
f 722//722 1927//1927 1928//1928
f 722//722 1928//1928 723//723
f 723//723 1928//1928 1856//1856
f 723//723 1856//1856 1929//1929
f 723//723 1929//1929 724//724
f 724//724 1929//1929 725//725
f 724//724 725//725 726//726
f 726//726 725//725 1960//1960
f 726//726 1960//1960 728//728
f 728//728 1960//1960 727//727
f 728//728 727//727 1855//1855
f 1931//1931 742//742 1913//1913
f 1913//1913 742//742 730//730
f 730//730 742//742 729//729
f 730//730 729//729 1930//1930
f 1930//1930 729//729 731//731
f 1930//1930 731//731 1912//1912
f 1912//1912 731//731 733//733
f 733//733 731//731 732//732
f 733//733 732//732 734//734
f 733//733 734//734 1854//1854
f 1854//1854 734//734 735//735
f 735//735 734//734 1855//1855
f 1855//1855 734//734 728//728
f 1968//1968 743//743 1900//1900
f 1900//1900 743//743 736//736
f 1900//1900 736//736 1901//1901
f 1901//1901 736//736 737//737
f 1901//1901 737//737 1902//1902
f 1902//1902 737//737 738//738
f 1902//1902 738//738 739//739
f 739//739 738//738 1903//1903
f 1903//1903 738//738 740//740
f 1903//1903 740//740 1914//1914
f 1914//1914 740//740 741//741
f 1914//1914 741//741 1931//1931
f 1931//1931 741//741 742//742
f 743//743 1968//1968 1899//1899
f 1898//1898 1580//1580 1899//1899
f 1899//1899 1580//1580 743//743
f 1580//1580 1898//1898 1897//1897
f 1580//1580 1897//1897 744//744
f 744//744 1897//1897 745//745
f 745//745 1897//1897 1896//1896
f 745//745 1896//1896 1919//1919
f 745//745 1919//1919 747//747
f 747//747 1919//1919 1895//1895
f 747//747 1895//1895 746//746
f 747//747 746//746 757//757
f 757//757 746//746 1894//1894
f 1878//1878 671//671 1567//1567
f 1878//1878 1567//1567 1879//1879
f 1879//1879 1567//1567 1880//1880
f 1880//1880 1567//1567 748//748
f 1880//1880 748//748 1881//1881
f 1881//1881 748//748 1882//1882
f 1882//1882 748//748 1883//1883
f 1883//1883 748//748 749//749
f 1883//1883 749//749 1884//1884
f 1884//1884 749//749 1566//1566
f 1884//1884 1566//1566 1885//1885
f 1885//1885 1566//1566 1917//1917
f 1917//1917 1566//1566 669//669
f 1917//1917 669//669 670//670
f 1917//1917 670//670 1886//1886
f 1886//1886 670//670 750//750
f 1886//1886 750//750 1887//1887
f 1887//1887 750//750 1888//1888
f 1888//1888 750//750 751//751
f 1888//1888 751//751 1889//1889
f 1889//1889 751//751 752//752
f 1889//1889 752//752 1890//1890
f 1890//1890 752//752 753//753
f 1890//1890 753//753 1891//1891
f 1891//1891 753//753 754//754
f 1891//1891 754//754 1944//1944
f 1944//1944 754//754 1918//1918
f 1918//1918 754//754 755//755
f 1918//1918 755//755 1892//1892
f 1892//1892 755//755 1893//1893
f 1893//1893 755//755 756//756
f 1893//1893 756//756 1945//1945
f 1945//1945 756//756 757//757
f 1945//1945 757//757 1894//1894
f 23//23 758//758 149//149
f 23//23 759//759 758//758
f 25//25 759//759 23//23
f 25//25 760//760 759//759
f 27//27 761//761 25//25
f 25//25 761//761 760//760
f 43//43 761//761 27//27
f 43//43 762//762 761//761
f 45//45 763//763 43//43
f 43//43 763//763 762//762
f 46//46 764//764 45//45
f 45//45 764//764 763//763
f 29//29 765//765 46//46
f 46//46 765//765 764//764
f 29//29 766//766 765//765
f 30//30 766//766 29//29
f 30//30 768//768 766//766
f 32//32 768//768 30//30
f 32//32 767//767 768//768
f 18//18 767//767 32//32
f 18//18 770//770 767//767
f 19//19 769//769 18//18
f 18//18 769//769 770//770
f 21//21 771//771 19//19
f 19//19 771//771 769//769
f 4//4 772//772 21//21
f 21//21 772//772 771//771
f 4//4 773//773 772//772
f 5//5 773//773 4//4
f 5//5 774//774 773//773
f 7//7 774//774 5//5
f 7//7 775//775 774//774
f 9//9 775//775 7//7
f 775//775 9//9 777//777
f 777//777 9//9 12//12
f 13//13 776//776 12//12
f 12//12 776//776 777//777
f 13//13 778//778 776//776
f 14//14 147//147 13//13
f 13//13 147//147 778//778
f 804//804 48//48 779//779
f 779//779 48//48 56//56
f 779//779 56//56 780//780
f 780//780 56//56 75//75
f 780//780 75//75 781//781
f 781//781 75//75 93//93
f 781//781 93//93 782//782
f 782//782 93//93 76//76
f 782//782 76//76 783//783
f 783//783 76//76 65//65
f 783//783 65//65 784//784
f 784//784 65//65 37//37
f 784//784 37//37 785//785
f 785//785 37//37 98//98
f 785//785 98//98 786//786
f 786//786 98//98 83//83
f 786//786 83//83 787//787
f 787//787 83//83 78//78
f 787//787 78//78 788//788
f 788//788 78//78 66//66
f 788//788 66//66 789//789
f 789//789 66//66 80//80
f 789//789 80//80 790//790
f 790//790 80//80 99//99
f 790//790 99//99 791//791
f 791//791 99//99 100//100
f 791//791 100//100 792//792
f 792//792 100//100 58//58
f 792//792 58//58 793//793
f 793//793 58//58 86//86
f 793//793 86//86 794//794
f 794//794 86//86 68//68
f 794//794 68//68 795//795
f 795//795 68//68 69//69
f 795//795 69//69 796//796
f 796//796 69//69 59//59
f 796//796 59//59 797//797
f 797//797 59//59 124//124
f 797//797 124//124 798//798
f 798//798 124//124 108//108
f 798//798 108//108 799//799
f 799//799 108//108 88//88
f 799//799 88//88 800//800
f 800//800 88//88 40//40
f 800//800 40//40 801//801
f 801//801 40//40 49//49
f 801//801 49//49 802//802
f 802//802 49//49 41//41
f 802//802 41//41 803//803
f 803//803 41//41 117//117
f 48//48 804//804 55//55
f 55//55 804//804 805//805
f 55//55 805//805 53//53
f 53//53 805//805 806//806
f 53//53 806//806 10//10
f 10//10 806//806 807//807
f 10//10 807//807 63//63
f 63//63 807//807 808//808
f 63//63 808//808 809//809
f 63//63 809//809 82//82
f 82//82 809//809 810//810
f 82//82 810//810 52//52
f 52//52 810//810 811//811
f 52//52 811//811 1//1
f 1//1 811//811 812//812
f 1//1 812//812 22//22
f 22//22 812//812 813//813
f 22//22 813//813 814//814
f 22//22 814//814 24//24
f 24//24 814//814 815//815
f 24//24 815//815 26//26
f 26//26 815//815 816//816
f 26//26 816//816 42//42
f 42//42 816//816 817//817
f 42//42 817//817 44//44
f 44//44 817//817 818//818
f 44//44 818//818 47//47
f 47//47 818//818 819//819
f 47//47 819//819 28//28
f 28//28 819//819 820//820
f 28//28 820//820 31//31
f 31//31 820//820 821//821
f 31//31 821//821 16//16
f 16//16 821//821 822//822
f 16//16 822//822 17//17
f 17//17 822//822 823//823
f 17//17 823//823 20//20
f 20//20 823//823 824//824
f 20//20 824//824 2//2
f 2//2 824//824 825//825
f 2//2 825//825 3//3
f 3//3 825//825 826//826
f 3//3 826//826 6//6
f 6//6 826//826 827//827
f 6//6 827//827 8//8
f 8//8 827//827 828//828
f 8//8 828//828 11//11
f 11//11 828//828 829//829
f 11//11 829//829 15//15
f 15//15 829//829 830//830
f 15//15 830//830 62//62
f 62//62 830//830 831//831
f 62//62 831//831 72//72
f 72//72 831//831 832//832
f 72//72 832//832 61//61
f 61//61 832//832 833//833
f 61//61 833//833 114//114
f 114//114 833//833 121//121
f 121//121 833//833 834//834
f 121//121 834//834 92//92
f 92//92 834//834 835//835
f 92//92 835//835 33//33
f 33//33 835//835 836//836
f 33//33 836//836 50//50
f 50//50 836//836 837//837
f 50//50 837//837 97//97
f 97//97 837//837 838//838
f 97//97 838//838 120//120
f 120//120 838//838 839//839
f 120//120 839//839 107//107
f 107//107 839//839 840//840
f 107//107 840//840 103//103
f 103//103 840//840 841//841
f 103//103 841//841 113//113
f 113//113 841//841 842//842
f 113//113 842//842 129//129
f 129//129 842//842 843//843
f 129//129 843//843 128//128
f 128//128 843//843 844//844
f 128//128 844//844 845//845
f 128//128 845//845 102//102
f 102//102 845//845 846//846
f 102//102 846//846 111//111
f 111//111 846//846 847//847
f 111//111 847//847 132//132
f 132//132 847//847 848//848
f 132//132 848//848 141//141
f 141//141 848//848 849//849
f 141//141 849//849 119//119
f 119//119 849//849 850//850
f 119//119 850//850 122//122
f 122//122 850//850 851//851
f 122//122 851//851 127//127
f 127//127 851//851 852//852
f 127//127 852//852 142//142
f 142//142 852//852 853//853
f 142//142 853//853 136//136
f 136//136 853//853 854//854
f 136//136 854//854 126//126
f 126//126 854//854 855//855
f 126//126 855//855 134//134
f 134//134 855//855 856//856
f 134//134 856//856 60//60
f 60//60 856//856 857//857
f 60//60 857//857 91//91
f 91//91 857//857 858//858
f 91//91 858//858 109//109
f 109//109 858//858 859//859
f 109//109 859//859 117//117
f 117//117 859//859 803//803
f 137//137 880//880 138//138
f 138//138 880//880 881//881
f 138//138 881//881 139//139
f 881//881 882//882 139//139
f 139//139 882//882 133//133
f 133//133 882//882 1478//1478
f 133//133 1478//1478 125//125
f 125//125 1478//1478 883//883
f 125//125 883//883 116//116
f 116//116 883//883 884//884
f 116//116 884//884 89//89
f 89//89 884//884 885//885
f 89//89 885//885 886//886
f 89//89 886//886 90//90
f 90//90 886//886 887//887
f 887//887 888//888 90//90
f 90//90 888//888 101//101
f 101//101 888//888 889//889
f 101//101 889//889 110//110
f 110//110 889//889 890//890
f 110//110 890//890 96//96
f 96//96 890//890 891//891
f 96//96 891//891 70//70
f 70//70 891//891 892//892
f 70//70 892//892 893//893
f 893//893 892//892 896//896
f 896//896 892//892 1477//1477
f 895//895 894//894 897//897
f 897//897 894//894 896//896
f 897//897 896//896 1477//1477
f 894//894 895//895 898//898
f 895//895 899//899 898//898
f 901//901 900//900 903//903
f 903//903 900//900 902//902
f 903//903 902//902 899//899
f 899//899 902//902 898//898
f 901//901 904//904 900//900
f 904//904 901//901 905//905
f 904//904 905//905 907//907
f 907//907 905//905 906//906
f 907//907 906//906 908//908
f 908//908 906//906 910//910
f 906//906 909//909 910//910
f 910//910 909//909 914//914
f 912//912 915//915 911//911
f 912//912 911//911 913//913
f 913//913 911//911 914//914
f 913//913 914//914 909//909
f 915//915 912//912 917//917
f 917//917 912//912 1492//1492
f 917//917 1492//1492 916//916
f 917//917 916//916 918//918
f 918//918 916//916 1493//1493
f 918//918 1493//1493 920//920
f 920//920 1493//1493 919//919
f 920//920 919//919 921//921
f 919//919 1494//1494 921//921
f 923//923 922//922 1494//1494
f 1494//1494 922//922 921//921
f 1495//1495 924//924 923//923
f 923//923 924//924 922//922
f 1495//1495 1476//1476 924//924
f 924//924 1476//1476 926//926
f 926//926 1476//1476 925//925
f 926//926 925//925 927//927
f 927//927 925//925 1496//1496
f 927//927 1496//1496 931//931
f 1496//1496 930//930 931//931
f 929//929 928//928 930//930
f 930//930 928//928 931//931
f 928//928 929//929 933//933
f 933//933 929//929 932//932
f 933//933 932//932 935//935
f 1497//1497 934//934 936//936
f 936//936 934//934 935//935
f 936//936 935//935 932//932
f 1497//1497 938//938 934//934
f 1497//1497 937//937 938//938
f 938//938 937//937 939//939
f 939//939 937//937 941//941
f 941//941 937//937 940//940
f 941//941 940//940 943//943
f 943//943 940//940 942//942
f 943//943 942//942 945//945
f 945//945 942//942 1499//1499
f 945//945 1499//1499 946//946
f 945//945 946//946 944//944
f 948//948 947//947 949//949
f 949//949 947//947 946//946
f 946//946 947//947 944//944
f 950//950 952//952 948//948
f 948//948 952//952 951//951
f 948//948 951//951 947//947
f 952//952 950//950 953//953
f 953//953 950//950 1501//1501
f 953//953 1501//1501 955//955
f 955//955 1501//1501 954//954
f 955//955 954//954 957//957
f 957//957 954//954 956//956
f 957//957 956//956 959//959
f 959//959 956//956 958//958
f 959//959 958//958 960//960
f 960//960 958//958 1502//1502
f 960//960 1502//1502 961//961
f 960//960 961//961 962//962
f 962//962 961//961 964//964
f 964//964 961//961 963//963
f 964//964 963//963 965//965
f 1504//1504 879//879 967//967
f 967//967 879//879 966//966
f 967//967 966//966 963//963
f 963//963 966//966 965//965
f 879//879 1504//1504 968//968
f 879//879 968//968 969//969
f 971//971 970//970 972//972
f 972//972 970//970 968//968
f 968//968 970//970 969//969
f 974//974 973//973 976//976
f 976//976 973//973 975//975
f 976//976 975//975 971//971
f 971//971 975//975 970//970
f 978//978 977//977 974//974
f 974//974 977//977 973//973
f 978//978 980//980 977//977
f 981//981 979//979 980//980
f 981//981 980//980 978//978
f 982//982 983//983 981//981
f 981//981 983//983 979//979
f 983//983 982//982 985//985
f 984//984 987//987 986//986
f 986//986 987//987 985//985
f 986//986 985//985 982//982
f 987//987 984//984 990//990
f 990//990 984//984 988//988
f 1507//1507 989//989 988//988
f 988//988 989//989 990//990
f 991//991 993//993 992//992
f 992//992 993//993 989//989
f 992//992 989//989 1507//1507
f 991//991 995//995 993//993
f 991//991 994//994 995//995
f 995//995 994//994 997//997
f 997//997 994//994 998//998
f 1509//1509 996//996 998//998
f 998//998 996//996 997//997
f 999//999 878//878 996//996
f 999//999 996//996 1509//1509
f 877//877 878//878 999//999
f 877//877 1000//1000 878//878
f 1001//1001 876//876 1002//1002
f 1002//1002 876//876 1000//1000
f 1002//1002 1000//1000 877//877
f 876//876 1001//1001 1004//1004
f 1003//1003 1005//1005 1004//1004
f 1003//1003 1004//1004 1001//1001
f 1005//1005 1003//1003 1006//1006
f 1006//1006 1003//1003 1007//1007
f 1009//1009 1008//1008 1007//1007
f 1007//1007 1008//1008 1006//1006
f 1010//1010 1011//1011 1009//1009
f 1009//1009 1011//1011 1008//1008
f 1011//1011 1010//1010 1013//1013
f 1013//1013 1010//1010 1012//1012
f 1012//1012 1015//1015 1013//1013
f 1014//1014 875//875 1015//1015
f 1014//1014 1015//1015 1012//1012
f 1513//1513 875//875 1014//1014
f 1513//1513 1016//1016 875//875
f 1017//1017 874//874 1016//1016
f 1017//1017 1016//1016 1513//1513
f 874//874 1017//1017 1018//1018
f 874//874 1018//1018 1019//1019
f 1020//1020 1021//1021 1018//1018
f 1018//1018 1021//1021 1019//1019
f 1021//1021 1020//1020 1022//1022
f 1023//1023 1022//1022 1020//1020
f 1022//1022 1023//1023 1024//1024
f 1022//1022 1024//1024 1025//1025
f 1515//1515 1026//1026 1024//1024
f 1024//1024 1026//1026 1025//1025
f 1027//1027 1028//1028 1515//1515
f 1515//1515 1028//1028 1026//1026
f 1027//1027 1029//1029 1028//1028
f 1028//1028 1029//1029 1030//1030
f 1516//1516 872//872 1030//1030
f 1516//1516 1030//1030 1029//1029
f 872//872 1516//1516 873//873
f 872//872 873//873 1031//1031
f 1032//1032 1031//1031 873//873
f 1517//1517 1034//1034 1032//1032
f 1032//1032 1034//1034 1031//1031
f 1033//1033 1036//1036 1035//1035
f 1035//1035 1036//1036 1034//1034
f 1035//1035 1034//1034 1517//1517
f 1033//1033 1038//1038 1036//1036
f 1038//1038 1033//1033 1037//1037
f 1040//1040 1042//1042 1039//1039
f 1040//1040 1039//1039 1037//1037
f 1037//1037 1039//1039 1038//1038
f 1041//1041 1042//1042 1040//1040
f 1041//1041 1519//1519 1042//1042
f 1042//1042 1519//1519 1043//1043
f 871//871 870//870 1044//1044
f 1044//1044 870//870 1043//1043
f 1044//1044 1043//1043 1519//1519
f 870//870 871//871 1046//1046
f 1046//1046 871//871 1045//1045
f 1520//1520 1048//1048 1046//1046
f 1520//1520 1046//1046 1045//1045
f 1520//1520 1047//1047 1048//1048
f 1048//1048 1047//1047 1050//1050
f 1049//1049 1051//1051 1047//1047
f 1050//1050 1047//1047 1051//1051
f 1051//1051 1049//1049 1052//1052
f 1051//1051 1052//1052 1053//1053
f 1054//1054 1056//1056 1521//1521
f 1521//1521 1056//1056 1052//1052
f 1052//1052 1056//1056 1053//1053
f 1055//1055 1057//1057 1056//1056
f 1055//1055 1056//1056 1054//1054
f 869//869 1057//1057 1055//1055
f 1059//1059 1058//1058 869//869
f 869//869 1058//1058 1057//1057
f 1059//1059 1061//1061 1058//1058
f 1059//1059 1060//1060 1061//1061
f 1062//1062 868//868 1060//1060
f 1060//1060 868//868 1063//1063
f 1060//1060 1063//1063 1061//1061
f 868//868 1062//1062 1064//1064
f 1064//1064 1062//1062 867//867
f 1065//1065 1066//1066 867//867
f 867//867 1066//1066 1064//1064
f 1066//1066 1065//1065 1068//1068
f 1068//1068 1065//1065 1067//1067
f 1068//1068 1067//1067 1070//1070
f 1523//1523 1070//1070 1067//1067
f 1071//1071 1069//1069 1523//1523
f 1523//1523 1069//1069 1070//1070
f 1069//1069 1071//1071 1073//1073
f 1071//1071 1072//1072 1073//1073
f 1073//1073 1072//1072 1074//1074
f 1074//1074 1072//1072 1524//1524
f 1524//1524 1077//1077 1074//1074
f 1524//1524 1075//1075 1077//1077
f 1077//1077 1075//1075 1076//1076
f 866//866 1078//1078 1475//1475
f 1475//1475 1078//1078 1076//1076
f 1076//1076 1078//1078 1079//1079
f 1076//1076 1079//1079 1077//1077
f 866//866 1475//1475 1080//1080
f 866//866 1080//1080 1081//1081
f 1525//1525 1081//1081 1080//1080
f 1081//1081 1525//1525 1082//1082
f 1082//1082 1525//1525 1083//1083
f 1085//1085 1084//1084 1083//1083
f 1083//1083 1084//1084 1082//1082
f 1086//1086 1087//1087 1085//1085
f 1085//1085 1087//1087 1084//1084
f 1087//1087 1086//1086 1089//1089
f 1089//1089 1086//1086 1088//1088
f 1091//1091 1090//1090 1088//1088
f 1088//1088 1090//1090 1089//1089
f 1091//1091 1093//1093 1090//1090
f 1091//1091 1092//1092 1093//1093
f 1093//1093 1092//1092 1097//1097
f 1096//1096 1097//1097 1092//1092
f 1095//1095 1094//1094 1096//1096
f 1096//1096 1094//1094 1097//1097
f 1095//1095 1098//1098 1094//1094
f 1095//1095 1100//1100 1098//1098
f 1098//1098 1100//1100 1099//1099
f 1099//1099 1100//1100 1101//1101
f 1099//1099 1101//1101 1102//1102
f 1102//1102 1101//1101 1105//1105
f 1104//1104 1103//1103 1105//1105
f 1105//1105 1103//1103 1102//1102
f 1104//1104 1106//1106 1103//1103
f 1106//1106 1104//1104 1109//1109
f 1104//1104 1107//1107 1109//1109
f 1109//1109 1107//1107 1108//1108
f 1109//1109 1108//1108 1111//1111
f 1111//1111 1108//1108 1110//1110
f 1111//1111 1110//1110 1112//1112
f 1113//1113 1114//1114 1110//1110
f 1110//1110 1114//1114 1112//1112
f 1115//1115 1117//1117 1116//1116
f 1115//1115 1116//1116 1527//1527
f 1527//1527 1116//1116 1113//1113
f 1113//1113 1116//1116 1114//1114
f 1117//1117 1115//1115 1119//1119
f 1119//1119 1115//1115 1118//1118
f 1120//1120 1122//1122 1528//1528
f 1528//1528 1122//1122 1121//1121
f 1528//1528 1121//1121 1118//1118
f 1118//1118 1121//1121 1119//1119
f 1120//1120 1123//1123 1122//1122
f 1122//1122 1123//1123 1124//1124
f 1124//1124 1123//1123 1126//1126
f 1126//1126 1123//1123 1125//1125
f 1529//1529 1128//1128 1125//1125
f 1125//1125 1128//1128 1126//1126
f 1529//1529 1127//1127 1128//1128
f 1127//1127 1130//1130 1128//1128
f 1129//1129 1130//1130 1131//1131
f 1131//1131 1130//1130 1127//1127
f 1129//1129 1132//1132 1130//1130
f 1132//1132 1129//1129 1136//1136
f 1136//1136 1129//1129 1133//1133
f 1135//1135 1134//1134 1136//1136
f 1135//1135 1136//1136 1133//1133
f 1138//1138 1137//1137 1139//1139
f 1139//1139 1137//1137 1135//1135
f 1135//1135 1137//1137 1134//1134
f 1140//1140 1141//1141 1138//1138
f 1138//1138 1141//1141 1137//1137
f 1141//1141 1140//1140 1143//1143
f 1140//1140 1142//1142 1143//1143
f 1145//1145 1144//1144 1142//1142
f 1142//1142 1144//1144 1143//1143
f 1530//1530 1146//1146 1144//1144
f 1530//1530 1144//1144 1145//1145
f 1146//1146 1530//1530 1147//1147
f 1147//1147 1530//1530 1531//1531
f 1147//1147 1531//1531 1149//1149
f 1149//1149 1531//1531 1148//1148
f 1150//1150 1153//1153 1151//1151
f 1150//1150 1151//1151 1148//1148
f 1148//1148 1151//1151 1149//1149
f 1153//1153 1150//1150 1152//1152
f 1153//1153 1152//1152 1154//1154
f 1154//1154 1152//1152 1157//1157
f 1156//1156 1155//1155 1158//1158
f 1158//1158 1155//1155 1157//1157
f 1158//1158 1157//1157 1152//1152
f 1155//1155 1156//1156 1160//1160
f 1156//1156 1159//1159 1160//1160
f 1160//1160 1159//1159 1161//1161
f 1161//1161 1159//1159 1162//1162
f 1161//1161 1162//1162 1163//1163
f 1163//1163 1162//1162 1533//1533
f 1163//1163 1533//1533 1164//1164
f 1164//1164 1533//1533 1165//1165
f 1164//1164 1165//1165 1166//1166
f 1165//1165 1169//1169 1166//1166
f 1167//1167 1170//1170 1168//1168
f 1168//1168 1170//1170 1169//1169
f 1168//1168 1169//1169 1165//1165
f 1170//1170 1167//1167 1174//1174
f 1174//1174 1167//1167 1171//1171
f 1174//1174 1171//1171 1173//1173
f 1174//1174 1173//1173 1172//1172
f 1176//1176 1175//1175 1172//1172
f 1176//1176 1172//1172 1173//1173
f 1175//1175 1176//1176 1178//1178
f 1176//1176 1177//1177 1178//1178
f 1178//1178 1177//1177 1179//1179
f 1179//1179 1177//1177 1182//1182
f 1181//1181 1180//1180 1182//1182
f 1182//1182 1180//1180 1179//1179
f 1181//1181 1183//1183 1180//1180
f 1183//1183 1181//1181 1184//1184
f 1183//1183 1184//1184 1185//1185
f 1185//1185 1184//1184 1186//1186
f 1185//1185 1186//1186 1189//1189
f 1188//1188 1190//1190 1187//1187
f 1188//1188 1187//1187 1186//1186
f 1186//1186 1187//1187 1189//1189
f 1190//1190 1188//1188 1191//1191
f 1190//1190 1191//1191 1193//1193
f 1193//1193 1191//1191 1192//1192
f 1193//1193 1192//1192 1194//1194
f 1193//1193 1194//1194 1196//1196
f 1194//1194 1195//1195 1196//1196
f 1196//1196 1195//1195 1199//1199
f 1199//1199 1195//1195 1197//1197
f 1199//1199 1197//1197 1198//1198
f 1199//1199 1198//1198 1200//1200
f 1536//1536 1202//1202 1200//1200
f 1536//1536 1200//1200 1198//1198
f 1201//1201 1202//1202 1536//1536
f 1538//1538 1203//1203 1201//1201
f 1201//1201 1203//1203 1202//1202
f 1205//1205 1206//1206 1204//1204
f 1205//1205 1204//1204 1538//1538
f 1538//1538 1204//1204 1203//1203
f 1206//1206 1205//1205 1208//1208
f 1208//1208 1205//1205 1207//1207
f 1210//1210 1209//1209 1207//1207
f 1207//1207 1209//1209 1208//1208
f 1210//1210 1211//1211 1212//1212
f 1210//1210 1212//1212 1209//1209
f 1212//1212 1211//1211 1214//1214
f 1214//1214 1211//1211 1213//1213
f 1540//1540 1216//1216 1214//1214
f 1540//1540 1214//1214 1213//1213
f 1215//1215 1216//1216 1540//1540
f 1215//1215 1219//1219 1216//1216
f 1218//1218 1217//1217 1215//1215
f 1215//1215 1217//1217 1219//1219
f 1217//1217 1218//1218 1220//1220
f 1220//1220 1218//1218 1542//1542
f 1542//1542 1221//1221 1220//1220
f 1222//1222 1224//1224 1221//1221
f 1222//1222 1221//1221 1542//1542
f 1224//1224 1222//1222 1223//1223
f 1224//1224 1223//1223 1225//1225
f 1544//1544 1228//1228 1226//1226
f 1544//1544 1226//1226 1223//1223
f 1223//1223 1226//1226 1225//1225
f 1544//1544 1227//1227 1228//1228
f 1228//1228 1227//1227 1229//1229
f 1229//1229 1227//1227 1231//1231
f 1231//1231 1227//1227 1230//1230
f 1231//1231 1230//1230 1233//1233
f 1233//1233 1230//1230 1232//1232
f 1233//1233 1232//1232 1235//1235
f 1235//1235 1232//1232 1234//1234
f 1235//1235 1234//1234 1239//1239
f 1238//1238 1239//1239 1234//1234
f 1237//1237 1240//1240 1236//1236
f 1237//1237 1236//1236 1238//1238
f 1238//1238 1236//1236 1239//1239
f 1240//1240 1237//1237 1242//1242
f 1242//1242 1237//1237 1241//1241
f 1242//1242 1241//1241 1245//1245
f 1243//1243 865//865 1244//1244
f 1244//1244 865//865 1245//1245
f 1244//1244 1245//1245 1241//1241
f 865//865 1243//1243 1247//1247
f 1247//1247 1243//1243 1246//1246
f 1548//1548 1247//1247 1246//1246
f 1247//1247 1548//1548 1249//1249
f 1548//1548 1248//1248 1249//1249
f 1248//1248 1251//1251 1249//1249
f 1250//1250 1251//1251 1248//1248
f 1549//1549 1253//1253 1250//1250
f 1250//1250 1253//1253 1251//1251
f 1549//1549 1252//1252 1253//1253
f 1253//1253 1252//1252 1255//1255
f 1254//1254 1257//1257 1256//1256
f 1256//1256 1257//1257 1255//1255
f 1256//1256 1255//1255 1252//1252
f 1550//1550 1258//1258 1254//1254
f 1254//1254 1258//1258 1257//1257
f 1550//1550 1551//1551 1258//1258
f 1258//1258 1551//1551 1261//1261
f 1260//1260 1259//1259 1261//1261
f 1260//1260 1261//1261 1551//1551
f 1263//1263 1262//1262 1260//1260
f 1260//1260 1262//1262 1259//1259
f 1264//1264 1265//1265 1263//1263
f 1263//1263 1265//1265 1262//1262
f 1265//1265 1264//1264 1268//1268
f 1268//1268 1264//1264 1267//1267
f 1266//1266 1269//1269 1267//1267
f 1267//1267 1269//1269 1268//1268
f 1266//1266 1271//1271 1269//1269
f 1266//1266 1270//1270 1271//1271
f 1271//1271 1270//1270 1273//1273
f 1273//1273 1270//1270 1272//1272
f 1273//1273 1272//1272 1552//1552
f 1273//1273 1552//1552 1275//1275
f 1275//1275 1552//1552 1274//1274
f 1275//1275 1274//1274 1279//1279
f 1277//1277 1276//1276 1278//1278
f 1278//1278 1276//1276 1279//1279
f 1278//1278 1279//1279 1274//1274
f 1276//1276 1277//1277 1281//1281
f 1277//1277 1280//1280 1281//1281
f 1281//1281 1280//1280 1282//1282
f 1282//1282 1280//1280 1284//1284
f 1284//1284 1280//1280 1283//1283
f 1284//1284 1283//1283 1287//1287
f 1286//1286 1285//1285 1287//1287
f 1286//1286 1287//1287 1283//1283
f 1288//1288 1289//1289 1286//1286
f 1286//1286 1289//1289 1285//1285
f 1289//1289 1288//1288 1554//1554
f 1289//1289 1554//1554 1292//1292
f 1291//1291 1290//1290 1554//1554
f 1554//1554 1290//1290 1292//1292
f 1290//1290 1291//1291 1293//1293
f 1293//1293 1291//1291 1555//1555
f 1295//1295 1296//1296 1294//1294
f 1295//1295 1294//1294 1555//1555
f 1555//1555 1294//1294 1293//1293
f 1295//1295 1473//1473 1296//1296
f 1296//1296 1473//1473 1298//1298
f 1298//1298 1473//1473 1297//1297
f 1298//1298 1297//1297 1301//1301
f 1301//1301 1297//1297 1472//1472
f 1300//1300 1299//1299 1472//1472
f 1472//1472 1299//1299 1301//1301
f 1300//1300 1303//1303 1299//1299
f 1300//1300 1302//1302 1303//1303
f 1303//1303 1302//1302 1304//1304
f 1302//1302 1306//1306 1304//1304
f 1305//1305 1308//1308 1307//1307
f 1307//1307 1308//1308 1306//1306
f 1307//1307 1306//1306 1302//1302
f 1308//1308 1305//1305 1310//1310
f 1305//1305 1309//1309 1310//1310
f 1310//1310 1309//1309 1313//1313
f 1309//1309 1312//1312 1313//1313
f 1313//1313 1312//1312 1311//1311
f 1313//1313 1311//1311 864//864
f 864//864 1311//1311 1314//1314
f 864//864 1314//1314 1316//1316
f 1315//1315 1316//1316 1314//1314
f 1316//1316 1315//1315 1318//1318
f 1315//1315 1317//1317 1318//1318
f 1317//1317 1320//1320 1318//1318
f 1319//1319 1320//1320 1317//1317
f 1321//1321 1322//1322 1319//1319
f 1319//1319 1322//1322 1320//1320
f 1321//1321 1558//1558 1322//1322
f 1322//1322 1558//1558 1324//1324
f 1325//1325 1324//1324 1558//1558
f 1559//1559 1323//1323 1325//1325
f 1325//1325 1323//1323 1324//1324
f 1323//1323 1559//1559 863//863
f 863//863 1559//1559 1560//1560
f 863//863 1560//1560 1326//1326
f 1328//1328 1327//1327 1560//1560
f 1560//1560 1327//1327 1326//1326
f 1562//1562 862//862 1328//1328
f 1328//1328 862//862 1327//1327
f 862//862 1562//1562 1330//1330
f 1564//1564 1329//1329 1330//1330
f 1564//1564 1330//1330 1562//1562
f 1565//1565 1331//1331 1564//1564
f 1564//1564 1331//1331 1329//1329
f 1331//1331 1565//1565 1332//1332
f 1332//1332 1565//1565 1333//1333
f 1332//1332 1333//1333 1334//1334
f 1334//1334 1333//1333 1336//1336
f 1336//1336 1333//1333 1335//1335
f 1336//1336 1335//1335 1337//1337
f 1337//1337 1335//1335 1338//1338
f 1337//1337 1338//1338 1341//1341
f 1341//1341 1338//1338 1339//1339
f 1340//1340 1344//1344 1341//1341
f 1340//1340 1341//1341 1339//1339
f 1344//1344 1340//1340 1568//1568
f 1344//1344 1568//1568 1342//1342
f 1342//1342 1568//1568 1343//1343
f 1342//1342 1343//1343 1346//1346
f 1346//1346 1343//1343 1345//1345
f 1569//1569 1348//1348 1345//1345
f 1345//1345 1348//1348 1346//1346
f 1347//1347 1349//1349 1569//1569
f 1569//1569 1349//1349 1348//1348
f 1349//1349 1347//1347 1351//1351
f 1351//1351 1347//1347 1350//1350
f 1351//1351 1350//1350 1353//1353
f 1353//1353 1350//1350 1352//1352
f 1353//1353 1352//1352 1354//1354
f 1354//1354 1352//1352 1355//1355
f 1354//1354 1355//1355 1356//1356
f 1356//1356 1355//1355 1359//1359
f 1359//1359 1355//1355 1357//1357
f 1359//1359 1357//1357 1358//1358
f 1360//1360 1361//1361 1362//1362
f 1362//1362 1361//1361 1357//1357
f 1357//1357 1361//1361 1358//1358
f 1361//1361 1360//1360 1363//1363
f 1363//1363 1360//1360 1572//1572
f 1363//1363 1572//1572 1365//1365
f 1365//1365 1572//1572 1364//1364
f 1365//1365 1364//1364 1366//1366
f 1368//1368 1366//1366 1364//1364
f 1368//1368 1367//1367 1366//1366
f 1367//1367 1368//1368 1370//1370
f 1368//1368 1369//1369 1370//1370
f 1370//1370 1369//1369 1372//1372
f 1369//1369 1371//1371 1372//1372
f 1372//1372 1371//1371 1373//1373
f 1373//1373 1371//1371 1374//1374
f 1373//1373 1374//1374 1375//1375
f 1375//1375 1374//1374 1377//1377
f 1377//1377 1374//1374 1376//1376
f 1378//1378 1377//1377 1376//1376
f 1379//1379 1380//1380 1378//1378
f 1378//1378 1380//1380 1377//1377
f 1380//1380 1379//1379 1382//1382
f 1382//1382 1379//1379 1381//1381
f 1381//1381 1383//1383 1382//1382
f 1384//1384 1386//1386 1383//1383
f 1384//1384 1383//1383 1381//1381
f 1385//1385 1387//1387 1386//1386
f 1385//1385 1386//1386 1384//1384
f 1387//1387 1385//1385 1389//1389
f 1389//1389 1385//1385 1388//1388
f 1389//1389 1388//1388 1392//1392
f 1390//1390 1392//1392 1388//1388
f 1391//1391 1393//1393 1390//1390
f 1390//1390 1393//1393 1392//1392
f 1391//1391 1395//1395 1393//1393
f 1395//1395 1391//1391 1394//1394
f 1574//1574 861//861 1397//1397
f 1397//1397 861//861 1396//1396
f 1397//1397 1396//1396 1394//1394
f 1394//1394 1396//1396 1395//1395
f 861//861 1574//1574 1398//1398
f 1399//1399 1398//1398 1574//1574
f 1575//1575 1400//1400 1399//1399
f 1399//1399 1400//1400 1398//1398
f 1403//1403 1401//1401 1576//1576
f 1576//1576 1401//1401 1575//1575
f 1575//1575 1401//1401 1400//1400
f 1403//1403 1576//1576 1402//1402
f 1403//1403 1402//1402 1405//1405
f 1405//1405 1402//1402 1404//1404
f 1405//1405 1404//1404 1407//1407
f 1407//1407 1404//1404 1406//1406
f 1407//1407 1406//1406 1409//1409
f 1409//1409 1406//1406 1408//1408
f 1408//1408 1410//1410 1409//1409
f 1412//1412 1411//1411 1413//1413
f 1413//1413 1411//1411 1410//1410
f 1413//1413 1410//1410 1408//1408
f 1411//1411 1412//1412 1415//1415
f 1412//1412 1414//1414 1415//1415
f 1415//1415 1414//1414 860//860
f 860//860 1414//1414 1416//1416
f 860//860 1416//1416 1417//1417
f 1417//1417 1416//1416 1419//1419
f 1419//1419 1416//1416 1418//1418
f 1419//1419 1418//1418 1423//1423
f 1420//1420 1423//1423 1418//1418
f 1422//1422 1421//1421 1420//1420
f 1420//1420 1421//1421 1423//1423
f 1421//1421 1422//1422 1426//1426
f 1422//1422 1424//1424 1426//1426
f 1426//1426 1424//1424 1425//1425
f 1428//1428 1427//1427 1425//1425
f 1425//1425 1427//1427 1426//1426
f 1427//1427 1428//1428 1431//1431
f 1431//1431 1428//1428 1578//1578
f 1430//1430 1429//1429 1578//1578
f 1578//1578 1429//1429 1431//1431
f 1429//1429 1430//1430 1432//1432
f 1432//1432 1430//1430 1433//1433
f 1432//1432 1433//1433 1435//1435
f 1579//1579 1434//1434 1435//1435
f 1579//1579 1435//1435 1433//1433
f 1437//1437 1436//1436 1579//1579
f 1579//1579 1436//1436 1434//1434
f 1436//1436 1437//1437 1439//1439
f 1439//1439 1437//1437 1438//1438
f 1439//1439 1438//1438 1441//1441
f 1438//1438 1440//1440 1441//1441
f 1441//1441 1440//1440 1442//1442
f 1442//1442 1440//1440 1444//1444
f 1444//1444 1440//1440 1443//1443
f 1444//1444 1443//1443 1446//1446
f 1446//1446 1443//1443 1445//1445
f 1446//1446 1445//1445 1449//1449
f 1448//1448 1447//1447 1449//1449
f 1448//1448 1449//1449 1445//1445
f 1447//1447 1448//1448 1451//1451
f 1451//1451 1448//1448 1450//1450
f 1581//1581 1451//1451 1450//1450
f 1453//1453 1454//1454 1452//1452
f 1453//1453 1452//1452 1581//1581
f 1581//1581 1452//1452 1451//1451
f 1582//1582 1454//1454 1453//1453
f 1454//1454 1582//1582 1456//1456
f 1456//1456 1582//1582 1455//1455
f 1456//1456 1455//1455 1457//1457
f 1457//1457 1455//1455 1470//1470
f 1457//1457 1470//1470 1458//1458
f 1458//1458 1470//1470 1583//1583
f 1458//1458 1583//1583 1459//1459
f 1459//1459 1583//1583 1460//1460
f 1459//1459 1460//1460 1461//1461
f 1462//1462 1464//1464 1584//1584
f 1584//1584 1464//1464 1463//1463
f 1584//1584 1463//1463 1460//1460
f 1460//1460 1463//1463 1461//1461
f 1464//1464 1462//1462 1465//1465
f 1465//1465 1462//1462 1585//1585
f 1585//1585 1469//1469 1465//1465
f 1467//1467 1466//1466 1468//1468
f 1468//1468 1466//1466 1469//1469
f 1468//1468 1469//1469 1585//1585
f 1471//1471 1394//1394 1391//1391
f 641//641 1302//1302 1300//1300
f 583//583 1252//1252 1549//1549
f 555//555 1227//1227 1544//1544
f 377//377 1052//1052 1049//1049
f 150//150 35//35 149//149
f 35//35 150//150 152//152
f 35//35 152//152 81//81
f 154//154 81//81 152//152
f 155//155 64//64 81//81
f 155//155 81//81 154//154
f 158//158 64//64 155//155
f 158//158 74//74 64//64
f 160//160 74//74 158//158
f 163//163 54//54 160//160
f 160//160 54//54 74//74
f 164//164 57//57 54//54
f 164//164 54//54 163//163
f 167//167 57//57 164//164
f 166//166 94//94 57//57
f 166//166 57//57 167//167
f 94//94 166//166 170//170
f 94//94 170//170 95//95
f 95//95 170//170 172//172
f 174//174 1480//1480 36//36
f 174//174 36//36 1479//1479
f 1479//1479 36//36 38//38
f 178//178 77//77 176//176
f 1482//1482 79//79 77//77
f 1483//1483 67//67 79//79
f 1485//1485 84//84 1484//1484
f 1484//1484 84//84 67//67
f 183//183 106//106 1485//1485
f 1485//1485 106//106 84//84
f 187//187 87//87 186//186
f 186//186 87//87 85//85
f 87//87 187//187 1487//1487
f 87//87 1487//1487 39//39
f 190//190 882//882 881//881
f 190//190 881//881 880//880
f 885//885 197//197 886//886
f 888//888 202//202 889//889
f 1489//1489 890//890 889//889
f 891//891 890//890 204//204
f 207//207 892//892 891//891
f 208//208 1477//1477 892//892
f 210//210 897//897 1477//1477
f 897//897 212//212 895//895
f 218//218 901//901 903//903
f 906//906 905//905 222//222
f 224//224 909//909 906//906
f 913//913 909//909 1490//1490
f 913//913 1490//1490 912//912
f 912//912 1491//1491 1492//1492
f 916//916 232//232 1493//1493
f 1495//1495 923//923 238//238
f 240//240 1476//1476 1495//1495
f 242//242 925//925 1476//1476
f 925//925 244//244 1496//1496
f 254//254 1497//1497 936//936
f 257//257 937//937 1497//1497
f 940//940 937//937 1498//1498
f 940//940 260//260 942//942
f 265//265 948//948 949//949
f 265//265 949//949 1500//1500
f 265//265 950//950 948//948
f 1501//1501 950//950 267//267
f 269//269 954//954 1501//1501
f 954//954 272//272 956//956
f 956//956 272//272 274//274
f 274//274 958//958 956//956
f 275//275 1502//1502 958//958
f 281//281 967//967 963//963
f 967//967 283//283 1504//1504
f 1505//1505 971//971 972//972
f 288//288 976//976 971//971
f 1506//1506 974//974 976//976
f 981//981 295//295 982//982
f 299//299 986//986 982//982
f 302//302 988//988 984//984
f 988//988 301//301 1507//1507
f 307//307 1507//1507 304//304
f 307//307 992//992 1507//1507
f 307//307 991//991 992//992
f 1508//1508 994//994 991//991
f 994//994 1508//1508 998//998
f 998//998 309//309 1509//1509
f 999//999 313//313 877//877
f 1001//1001 316//316 318//318
f 1007//1007 1003//1003 1511//1511
f 323//323 1009//1009 1007//1007
f 1012//1012 1512//1512 1014//1014
f 1018//1018 1017//1017 332//332
f 1023//1023 340//340 1024//1024
f 1024//1024 343//343 1515//1515
f 1515//1515 344//344 1027//1027
f 347//347 1029//1029 1027//1027
f 1516//1516 1029//1029 347//347
f 354//354 1032//1032 873//873
f 354//354 1517//1517 1032//1032
f 1518//1518 1035//1035 1517//1517
f 1033//1033 1035//1035 356//356
f 1037//1037 360//360 1040//1040
f 1041//1041 1040//1040 362//362
f 1519//1519 1041//1041 362//362
f 365//365 871//871 1044//1044
f 375//375 1049//1049 1047//1047
f 379//379 1055//1055 1054//1054
f 382//382 869//869 1055//1055
f 1062//1062 1060//1060 1522//1522
f 389//389 867//867 1062//1062
f 391//391 1067//1067 1065//1065
f 1523//1523 1067//1067 393//393
f 395//395 1071//1071 1523//1523
f 1072//1072 1071//1071 398//398
f 402//402 1075//1075 1524//1524
f 403//403 1076//1076 1075//1075
f 406//406 1475//1475 1076//1076
f 1525//1525 1080//1080 407//407
f 1088//1088 419//419 1091//1091
f 421//421 1092//1092 1091//1091
f 1526//1526 1096//1096 1092//1092
f 427//427 1100//1100 1095//1095
f 427//427 1101//1101 1100//1100
f 1101//1101 430//430 431//431
f 431//431 1105//1105 1101//1101
f 435//435 1107//1107 1104//1104
f 1113//1113 1110//1110 146//146
f 445//445 1118//1118 1115//1115
f 1118//1118 447//447 1528//1528
f 1120//1120 1528//1528 449//449
f 452//452 1125//1125 1123//1123
f 1125//1125 455//455 1529//1529
f 456//456 1131//1131 1127//1127
f 464//464 1133//1133 1129//1129
f 1135//1135 1133//1133 464//464
f 468//468 1140//1140 1138//1138
f 1140//1140 471//471 1142//1142
f 1145//1145 1142//1142 472//472
f 1530//1530 1145//1145 474//474
f 480//480 1150//1150 1148//1148
f 482//482 1152//1152 1150//1150
f 486//486 1156//1156 1158//1158
f 1162//1162 493//493 1533//1533
f 1167//1167 1168//1168 498//498
f 502//502 1171//1171 1167//1167
f 1173//1173 1171//1171 503//503
f 505//505 1176//1176 1173//1173
f 1177//1177 1176//1176 505//505
f 1181//1181 514//514 1184//1184
f 515//515 1186//1186 1184//1184
f 518//518 1188//1188 1186//1186
f 520//520 1191//1191 1188//1188
f 1537//1537 1201//1201 1536//1536
f 1201//1201 1537//1537 1538//1538
f 1539//1539 1205//1205 1538//1538
f 539//539 1211//1211 1210//1210
f 1540//1540 546//546 1215//1215
f 547//547 1218//1218 1215//1215
f 1218//1218 1541//1541 1542//1542
f 1223//1223 1222//1222 1543//1543
f 1544//1544 1223//1223 553//553
f 1232//1232 565//565 1234//1234
f 1234//1234 1546//1546 1238//1238
f 1237//1237 1547//1547 568//568
f 1241//1241 571//571 1244//1244
f 1243//1243 1244//1244 573//573
f 1243//1243 575//575 1246//1246
f 1246//1246 575//575 1548//1548
f 1248//1248 1548//1548 577//577
f 579//579 1250//1250 1248//1248
f 1250//1250 581//581 1549//1549
f 1256//1256 1252//1252 583//583
f 1550//1550 1254//1254 588//588
f 595//595 1263//1263 1260//1260
f 1272//1272 1270//1270 603//603
f 1272//1272 605//605 1552//1552
f 1552//1552 1553//1553 1274//1274
f 1278//1278 611//611 1277//1277
f 614//614 1280//1280 1277//1277
f 1280//1280 615//615 1283//1283
f 624//624 1291//1291 1554//1554
f 1291//1291 626//626 1555//1555
f 1473//1473 1295//1295 631//631
f 1473//1473 631//631 634//634
f 634//634 1297//1297 1473//1473
f 636//636 1472//1472 1297//1297
f 646//646 1305//1305 1307//1307
f 647//647 1309//1309 1305//1305
f 1556//1556 1312//1312 647//647
f 647//647 1312//1312 1309//1309
f 1315//1315 1314//1314 652//652
f 1557//1557 1317//1317 1315//1315
f 1319//1319 657//657 1321//1321
f 661//661 1559//1559 1325//1325
f 1559//1559 662//662 1560//1560
f 1561//1561 1328//1328 1560//1560
f 1328//1328 667//667 1562//1562
f 1564//1564 1562//1562 1563//1563
f 1565//1565 1566//1566 749//749
f 1567//1567 1335//1335 1333//1333
f 672//672 1340//1340 1339//1339
f 1343//1343 1568//1568 676//676
f 685//685 1347//1347 1569//1569
f 1571//1571 1360//1360 1362//1362
f 687//687 1364//1364 1572//1572
f 689//689 1369//1369 1368//1368
f 1374//1374 1371//1371 692//692
f 1376//1376 694//694 1378//1378
f 1379//1379 1378//1378 705//705
f 1573//1573 1384//1384 1381//1381
f 701//701 1388//1388 1385//1385
f 706//706 1574//1574 1397//1397
f 709//709 1575//1575 1399//1399
f 712//712 1576//1576 1575//1575
f 1404//1404 1402//1402 1577//1577
f 715//715 1406//1406 1404//1404
f 716//716 1413//1413 1408//1408
f 1413//1413 719//719 1412//1412
f 1414//1414 1412//1412 720//720
f 1416//1416 723//723 1418//1418
f 1420//1420 1418//1418 723//723
f 1420//1420 726//726 1422//1422
f 728//728 1425//1425 1424//1424
f 734//734 1428//1428 1425//1425
f 1578//1578 1428//1428 732//732
f 731//731 1430//1430 1578//1578
f 1579//1579 1433//1433 742//742
f 1438//1438 1437//1437 740//740
f 737//737 1440//1440 1438//1438
f 1450//1450 1448//1448 745//745
f 745//745 1453//1453 1581//1581
f 1582//1582 757//757 1455//1455
f 756//756 1470//1470 1455//1455
f 1470//1470 755//755 1583//1583
f 1460//1460 1583//1583 754//754
f 752//752 1462//1462 1584//1584
f 1462//1462 751//751 1585//1585
f 95//95 172//172 38//38
f 38//38 172//172 1479//1479
f 1479//1479 172//172 174//174
f 1480//1480 174//174 1481//1481
f 1481//1481 174//174 176//176
f 1481//1481 176//176 77//77
f 77//77 178//178 1482//1482
f 1482//1482 1483//1483 79//79
f 1483//1483 1484//1484 67//67
f 183//183 1486//1486 106//106
f 106//106 1486//1486 85//85
f 85//85 1486//1486 186//186
f 39//39 1487//1487 190//190
f 39//39 190//190 137//137
f 137//137 190//190 880//880
f 882//882 190//190 1478//1478
f 192//192 1478//1478 190//190
f 1478//1478 192//192 883//883
f 883//883 192//192 194//194
f 883//883 194//194 884//884
f 884//884 194//194 197//197
f 884//884 197//197 885//885
f 1488//1488 886//886 197//197
f 886//886 1488//1488 887//887
f 1488//1488 200//200 887//887
f 887//887 200//200 888//888
f 200//200 202//202 888//888
f 202//202 1489//1489 889//889
f 1489//1489 204//204 890//890
f 891//891 204//204 207//207
f 892//892 207//207 208//208
f 208//208 210//210 1477//1477
f 897//897 210//210 212//212
f 214//214 895//895 212//212
f 895//895 214//214 216//216
f 895//895 216//216 899//899
f 899//899 216//216 903//903
f 903//903 216//216 218//218
f 901//901 218//218 220//220
f 901//901 220//220 905//905
f 905//905 220//220 222//222
f 224//224 906//906 222//222
f 909//909 224//224 226//226
f 909//909 226//226 1490//1490
f 1490//1490 1491//1491 912//912
f 1491//1491 230//230 1492//1492
f 230//230 916//916 1492//1492
f 916//916 230//230 232//232
f 1493//1493 232//232 235//235
f 1493//1493 235//235 919//919
f 919//919 235//235 236//236
f 919//919 236//236 1494//1494
f 236//236 238//238 1494//1494
f 238//238 923//923 1494//1494
f 238//238 240//240 1495//1495
f 1476//1476 240//240 242//242
f 925//925 242//242 244//244
f 1496//1496 244//244 246//246
f 246//246 930//930 1496//1496
f 930//930 246//246 249//249
f 930//930 249//249 929//929
f 929//929 249//249 250//250
f 929//929 250//250 932//932
f 932//932 250//250 251//251
f 932//932 251//251 936//936
f 936//936 251//251 254//254
f 254//254 257//257 1497//1497
f 937//937 257//257 1498//1498
f 1498//1498 260//260 940//940
f 942//942 260//260 1499//1499
f 260//260 262//262 1499//1499
f 1499//1499 262//262 946//946
f 946//946 262//262 1500//1500
f 1500//1500 949//949 946//946
f 950//950 265//265 267//267
f 267//267 269//269 1501//1501
f 954//954 269//269 272//272
f 958//958 274//274 275//275
f 1502//1502 275//275 1503//1503
f 1502//1502 1503//1503 961//961
f 1503//1503 279//279 961//961
f 961//961 279//279 963//963
f 963//963 279//279 281//281
f 967//967 281//281 283//283
f 1504//1504 283//283 284//284
f 1504//1504 284//284 968//968
f 284//284 1505//1505 968//968
f 968//968 1505//1505 972//972
f 971//971 1505//1505 288//288
f 288//288 1506//1506 976//976
f 974//974 1506//1506 290//290
f 974//974 290//290 978//978
f 290//290 981//981 978//978
f 290//290 294//294 981//981
f 981//981 294//294 295//295
f 982//982 295//295 297//297
f 982//982 297//297 299//299
f 986//986 299//299 984//984
f 984//984 299//299 302//302
f 302//302 301//301 988//988
f 301//301 304//304 1507//1507
f 991//991 307//307 1508//1508
f 1508//1508 309//309 998//998
f 309//309 311//311 1509//1509
f 313//313 999//999 311//311
f 311//311 999//999 1509//1509
f 313//313 1002//1002 877//877
f 313//313 1510//1510 1002//1002
f 1002//1002 1510//1510 316//316
f 1002//1002 316//316 1001//1001
f 1001//1001 318//318 1003//1003
f 1003//1003 318//318 1511//1511
f 1007//1007 1511//1511 321//321
f 1007//1007 321//321 323//323
f 1009//1009 323//323 1010//1010
f 1010//1010 323//323 325//325
f 1010//1010 325//325 1012//1012
f 1012//1012 325//325 1512//1512
f 1512//1512 328//328 1014//1014
f 328//328 1513//1513 1014//1014
f 328//328 330//330 1513//1513
f 330//330 1514//1514 1513//1513
f 1513//1513 1514//1514 1017//1017
f 332//332 1017//1017 1514//1514
f 332//332 334//334 1018//1018
f 1018//1018 334//334 1020//1020
f 334//334 337//337 1020//1020
f 337//337 338//338 1020//1020
f 1020//1020 338//338 1023//1023
f 1023//1023 338//338 340//340
f 1024//1024 340//340 343//343
f 1515//1515 343//343 344//344
f 1027//1027 344//344 347//347
f 347//347 349//349 1516//1516
f 349//349 351//351 1516//1516
f 1516//1516 351//351 873//873
f 873//873 351//351 354//354
f 354//354 1518//1518 1517//1517
f 1035//1035 1518//1518 356//356
f 1033//1033 356//356 358//358
f 1033//1033 358//358 1037//1037
f 360//360 1037//1037 358//358
f 1040//1040 360//360 362//362
f 1519//1519 362//362 364//364
f 1519//1519 364//364 365//365
f 1519//1519 365//365 1044//1044
f 365//365 368//368 871//871
f 368//368 1045//1045 871//871
f 368//368 369//369 1045//1045
f 1045//1045 369//369 1520//1520
f 369//369 371//371 1520//1520
f 1520//1520 371//371 1047//1047
f 371//371 373//373 1047//1047
f 1047//1047 373//373 375//375
f 1049//1049 375//375 377//377
f 1052//1052 377//377 1521//1521
f 377//377 379//379 1521//1521
f 1521//1521 379//379 1054//1054
f 379//379 382//382 1055//1055
f 869//869 382//382 1059//1059
f 1059//1059 382//382 383//383
f 1059//1059 383//383 385//385
f 1059//1059 385//385 1060//1060
f 1060//1060 385//385 1522//1522
f 1062//1062 1522//1522 389//389
f 867//867 389//389 391//391
f 867//867 391//391 1065//1065
f 391//391 393//393 1067//1067
f 393//393 395//395 1523//1523
f 1071//1071 395//395 398//398
f 1072//1072 398//398 400//400
f 1072//1072 400//400 1524//1524
f 1524//1524 400//400 402//402
f 402//402 403//403 1075//1075
f 1076//1076 403//403 406//406
f 1475//1475 406//406 407//407
f 1475//1475 407//407 1080//1080
f 1525//1525 407//407 410//410
f 410//410 411//411 1525//1525
f 1525//1525 411//411 1083//1083
f 1083//1083 411//411 1085//1085
f 1085//1085 411//411 413//413
f 1085//1085 413//413 1086//1086
f 1086//1086 413//413 416//416
f 1086//1086 416//416 1088//1088
f 1088//1088 416//416 419//419
f 1091//1091 419//419 421//421
f 1092//1092 421//421 1526//1526
f 424//424 1096//1096 1526//1526
f 1096//1096 424//424 1095//1095
f 1095//1095 424//424 426//426
f 1095//1095 426//426 427//427
f 427//427 430//430 1101//1101
f 1105//1105 431//431 434//434
f 1105//1105 434//434 1104//1104
f 1104//1104 434//434 435//435
f 1107//1107 435//435 437//437
f 1107//1107 437//437 1108//1108
f 1108//1108 437//437 440//440
f 1108//1108 440//440 1110//1110
f 440//440 146//146 1110//1110
f 1113//1113 146//146 443//443
f 1113//1113 443//443 1527//1527
f 1527//1527 443//443 1115//1115
f 443//443 445//445 1115//1115
f 445//445 447//447 1118//1118
f 447//447 449//449 1528//1528
f 449//449 451//451 1120//1120
f 1120//1120 451//451 1123//1123
f 1123//1123 451//451 452//452
f 1125//1125 452//452 455//455
f 1529//1529 455//455 456//456
f 1529//1529 456//456 1127//1127
f 456//456 459//459 1131//1131
f 1131//1131 459//459 1129//1129
f 1129//1129 459//459 460//460
f 1129//1129 460//460 464//464
f 464//464 463//463 1135//1135
f 463//463 1139//1139 1135//1135
f 463//463 466//466 1139//1139
f 466//466 468//468 1139//1139
f 1139//1139 468//468 1138//1138
f 1140//1140 468//468 471//471
f 471//471 472//472 1142//1142
f 472//472 474//474 1145//1145
f 474//474 476//476 1530//1530
f 1530//1530 476//476 1531//1531
f 1531//1531 476//476 478//478
f 1531//1531 478//478 1532//1532
f 1531//1531 1532//1532 1148//1148
f 1148//1148 1532//1532 480//480
f 480//480 482//482 1150//1150
f 1152//1152 482//482 484//484
f 1152//1152 484//484 486//486
f 1152//1152 486//486 1158//1158
f 1156//1156 486//486 489//489
f 1156//1156 489//489 1159//1159
f 1159//1159 489//489 490//490
f 1159//1159 490//490 1162//1162
f 1162//1162 490//490 493//493
f 1533//1533 493//493 1534//1534
f 1533//1533 1534//1534 1165//1165
f 1534//1534 497//497 1165//1165
f 1165//1165 497//497 498//498
f 1165//1165 498//498 1168//1168
f 1167//1167 498//498 502//502
f 1171//1171 502//502 503//503
f 1173//1173 503//503 505//505
f 505//505 507//507 1177//1177
f 1177//1177 507//507 1182//1182
f 507//507 509//509 1182//1182
f 1182//1182 509//509 1181//1181
f 509//509 511//511 1181//1181
f 511//511 514//514 1181//1181
f 1184//1184 514//514 515//515
f 515//515 518//518 1186//1186
f 1188//1188 518//518 520//520
f 520//520 522//522 1191//1191
f 1191//1191 522//522 1192//1192
f 1192//1192 522//522 1535//1535
f 1192//1192 1535//1535 1194//1194
f 1194//1194 1535//1535 525//525
f 1194//1194 525//525 1195//1195
f 1195//1195 525//525 1197//1197
f 1197//1197 525//525 527//527
f 1197//1197 527//527 1198//1198
f 1198//1198 527//527 530//530
f 1198//1198 530//530 1536//1536
f 1536//1536 530//530 1537//1537
f 1538//1538 1537//1537 1539//1539
f 534//534 1205//1205 1539//1539
f 534//534 535//535 1205//1205
f 1205//1205 535//535 1207//1207
f 1207//1207 535//535 1474//1474
f 1207//1207 1474//1474 1210//1210
f 1210//1210 1474//1474 539//539
f 1211//1211 539//539 541//541
f 1211//1211 541//541 543//543
f 1211//1211 543//543 1213//1213
f 1213//1213 543//543 1540//1540
f 1540//1540 543//543 546//546
f 1215//1215 546//546 547//547
f 547//547 1541//1541 1218//1218
f 1542//1542 1541//1541 1222//1222
f 1541//1541 551//551 1222//1222
f 551//551 1543//1543 1222//1222
f 1223//1223 1543//1543 553//553
f 1544//1544 553//553 557//557
f 1544//1544 557//557 555//555
f 555//555 559//559 1227//1227
f 559//559 1230//1230 1227//1227
f 559//559 1545//1545 1230//1230
f 1230//1230 1545//1545 1232//1232
f 1545//1545 563//563 1232//1232
f 1232//1232 563//563 565//565
f 1546//1546 1234//1234 565//565
f 1546//1546 1547//1547 1238//1238
f 1238//1238 1547//1547 1237//1237
f 1237//1237 568//568 1241//1241
f 1241//1241 568//568 571//571
f 1244//1244 571//571 573//573
f 1243//1243 573//573 575//575
f 1548//1548 575//575 577//577
f 577//577 579//579 1248//1248
f 579//579 581//581 1250//1250
f 1549//1549 581//581 583//583
f 1256//1256 583//583 585//585
f 1256//1256 585//585 1254//1254
f 1254//1254 585//585 588//588
f 1550//1550 588//588 589//589
f 1550//1550 589//589 1551//1551
f 589//589 590//590 1551//1551
f 1551//1551 590//590 592//592
f 1551//1551 592//592 1260//1260
f 1260//1260 592//592 595//595
f 595//595 597//597 1263//1263
f 1263//1263 597//597 1264//1264
f 597//597 600//600 1264//1264
f 1264//1264 600//600 1267//1267
f 1267//1267 600//600 602//602
f 1267//1267 602//602 1266//1266
f 1266//1266 602//602 1270//1270
f 602//602 603//603 1270//1270
f 1272//1272 603//603 605//605
f 1552//1552 605//605 1553//1553
f 1274//1274 1553//1553 607//607
f 607//607 609//609 1274//1274
f 1274//1274 609//609 1278//1278
f 1278//1278 609//609 611//611
f 611//611 614//614 1277//1277
f 1280//1280 614//614 615//615
f 1283//1283 615//615 617//617
f 1283//1283 617//617 1286//1286
f 1286//1286 617//617 620//620
f 1286//1286 620//620 1288//1288
f 1288//1288 620//620 622//622
f 1288//1288 622//622 1554//1554
f 1554//1554 622//622 624//624
f 1291//1291 624//624 626//626
f 1555//1555 626//626 628//628
f 1555//1555 628//628 1295//1295
f 628//628 630//630 1295//1295
f 1295//1295 630//630 631//631
f 634//634 636//636 1297//1297
f 636//636 638//638 1472//1472
f 1472//1472 638//638 1300//1300
f 1300//1300 638//638 641//641
f 641//641 643//643 1302//1302
f 1302//1302 643//643 1307//1307
f 1307//1307 643//643 646//646
f 1305//1305 646//646 647//647
f 1312//1312 1556//1556 651//651
f 1312//1312 651//651 1311//1311
f 651//651 652//652 1314//1314
f 651//651 1314//1314 1311//1311
f 1315//1315 652//652 654//654
f 1315//1315 654//654 1557//1557
f 657//657 1319//1319 1317//1317
f 657//657 1317//1317 1557//1557
f 1321//1321 657//657 659//659
f 1321//1321 659//659 1558//1558
f 1558//1558 659//659 1325//1325
f 1325//1325 659//659 661//661
f 663//663 1559//1559 661//661
f 1559//1559 663//663 662//662
f 662//662 1561//1561 1560//1560
f 1328//1328 1561//1561 667//667
f 1562//1562 667//667 1563//1563
f 1564//1564 1563//1563 669//669
f 669//669 1566//1566 1564//1564
f 1564//1564 1566//1566 1565//1565
f 1565//1565 749//749 748//748
f 1565//1565 748//748 1333//1333
f 1333//1333 748//748 1567//1567
f 1335//1335 1567//1567 1338//1338
f 1567//1567 671//671 1338//1338
f 1338//1338 671//671 1339//1339
f 1339//1339 671//671 672//672
f 1340//1340 672//672 1568//1568
f 1568//1568 672//672 675//675
f 1568//1568 675//675 676//676
f 1343//1343 676//676 677//677
f 1343//1343 677//677 1345//1345
f 1345//1345 677//677 1569//1569
f 677//677 685//685 1569//1569
f 685//685 684//684 1347//1347
f 1347//1347 684//684 1350//1350
f 1350//1350 684//684 683//683
f 1350//1350 683//683 1352//1352
f 1352//1352 683//683 681//681
f 1352//1352 681//681 1355//1355
f 1355//1355 681//681 680//680
f 1355//1355 680//680 1357//1357
f 1357//1357 680//680 1570//1570
f 1357//1357 1570//1570 1362//1362
f 1570//1570 1571//1571 1362//1362
f 1360//1360 1571//1571 678//678
f 1360//1360 678//678 1572//1572
f 678//678 687//687 1572//1572
f 687//687 688//688 1364//1364
f 1364//1364 688//688 1368//1368
f 1368//1368 688//688 689//689
f 1369//1369 689//689 691//691
f 1369//1369 691//691 1371//1371
f 691//691 692//692 1371//1371
f 692//692 696//696 1374//1374
f 1374//1374 696//696 1376//1376
f 696//696 694//694 1376//1376
f 1378//1378 694//694 705//705
f 1379//1379 705//705 704//704
f 1379//1379 704//704 1381//1381
f 1381//1381 704//704 1573//1573
f 1573//1573 702//702 1384//1384
f 1384//1384 702//702 1385//1385
f 1385//1385 702//702 701//701
f 701//701 700//700 1388//1388
f 1388//1388 700//700 699//699
f 1388//1388 699//699 1390//1390
f 1390//1390 699//699 698//698
f 1390//1390 698//698 1391//1391
f 1391//1391 698//698 1471//1471
f 1471//1471 145//145 1394//1394
f 1394//1394 145//145 1397//1397
f 1397//1397 145//145 706//706
f 1574//1574 706//706 708//708
f 1574//1574 708//708 1399//1399
f 1399//1399 708//708 709//709
f 709//709 712//712 1575//1575
f 1576//1576 712//712 1402//1402
f 1402//1402 712//712 713//713
f 1402//1402 713//713 1577//1577
f 1404//1404 1577//1577 715//715
f 1406//1406 715//715 1408//1408
f 1408//1408 715//715 716//716
f 1413//1413 716//716 719//719
f 1412//1412 719//719 720//720
f 720//720 721//721 1414//1414
f 1414//1414 721//721 1416//1416
f 721//721 722//722 1416//1416
f 1416//1416 722//722 723//723
f 723//723 724//724 1420//1420
f 1420//1420 724//724 726//726
f 728//728 1422//1422 726//726
f 1422//1422 728//728 1424//1424
f 728//728 734//734 1425//1425
f 1428//1428 734//734 732//732
f 732//732 731//731 1578//1578
f 731//731 729//729 1430//1430
f 1430//1430 729//729 1433//1433
f 729//729 742//742 1433//1433
f 1579//1579 742//742 741//741
f 1579//1579 741//741 1437//1437
f 741//741 740//740 1437//1437
f 738//738 1438//1438 740//740
f 1438//1438 738//738 737//737
f 1440//1440 737//737 736//736
f 1440//1440 736//736 1443//1443
f 743//743 1445//1445 1443//1443
f 743//743 1443//1443 736//736
f 1445//1445 743//743 1580//1580
f 1445//1445 1580//1580 1448//1448
f 1448//1448 1580//1580 744//744
f 1448//1448 744//744 745//745
f 745//745 1581//1581 1450//1450
f 745//745 747//747 1453//1453
f 1453//1453 747//747 1582//1582
f 1582//1582 747//747 757//757
f 757//757 756//756 1455//1455
f 1470//1470 756//756 755//755
f 755//755 754//754 1583//1583
f 1460//1460 754//754 753//753
f 1460//1460 753//753 1584//1584
f 1584//1584 753//753 752//752
f 1462//1462 752//752 751//751
f 751//751 750//750 1585//1585
f 1585//1585 750//750 1468//1468
f 1468//1468 750//750 1467//1467
f 670//670 1467//1467 750//750
f 644//644 1444//1444 1446//1446
f 610//610 1415//1415 860//860
f 574//574 1383//1383 1386//1386
f 560//560 1366//1366 1367//1367
f 524//524 862//862 1330//1330
f 500//500 1310//1310 1313//1313
f 439//439 1253//1253 1255//1255
f 363//363 1183//1183 1185//1185
f 310//310 1128//1128 1130//1130
f 289//289 1109//1109 1111//1111
f 255//255 1070//1070 1069//1069
f 248//248 1064//1064 1066//1066
f 217//217 1036//1036 1038//1038
f 206//206 1028//1028 1030//1030
f 171//171 989//989 993//993
f 159//159 980//980 979//979
f 762//762 960//960 962//962
f 934//934 776//776 935//935
f 935//935 776//776 778//778
f 934//934 777//777 776//776
f 934//934 775//775 777//777
f 938//938 775//775 934//934
f 938//938 774//774 775//775
f 939//939 774//774 938//938
f 774//774 939//939 941//941
f 774//774 941//941 773//773
f 943//943 773//773 941//941
f 943//943 772//772 773//773
f 945//945 772//772 943//943
f 945//945 771//771 772//772
f 945//945 769//769 771//771
f 944//944 769//769 945//945
f 947//947 770//770 769//769
f 947//947 769//769 944//944
f 951//951 767//767 770//770
f 951//951 770//770 947//947
f 952//952 767//767 951//951
f 767//767 952//952 768//768
f 953//953 768//768 952//952
f 953//953 766//766 768//768
f 955//955 766//766 953//953
f 955//955 765//765 766//766
f 955//955 957//957 765//765
f 765//765 957//957 764//764
f 959//959 764//764 957//957
f 959//959 763//763 764//764
f 960//960 763//763 959//959
f 960//960 762//762 763//763
f 962//962 761//761 762//762
f 964//964 761//761 962//962
f 965//965 760//760 964//964
f 964//964 760//760 761//761
f 760//760 965//965 759//759
f 966//966 759//759 965//965
f 879//879 759//759 966//966
f 879//879 758//758 759//759
f 969//969 148//148 879//879
f 879//879 148//148 758//758
f 970//970 148//148 969//969
f 970//970 151//151 148//148
f 151//151 970//970 975//975
f 975//975 153//153 151//151
f 153//153 975//975 973//973
f 153//153 973//973 977//977
f 153//153 977//977 156//156
f 980//980 157//157 977//977
f 977//977 157//157 156//156
f 980//980 159//159 157//157
f 983//983 161//161 159//159
f 983//983 159//159 979//979
f 985//985 161//161 983//983
f 985//985 162//162 161//161
f 987//987 162//162 985//985
f 987//987 165//165 162//162
f 165//165 987//987 990//990
f 168//168 165//165 990//990
f 989//989 168//168 990//990
f 989//989 169//169 168//168
f 989//989 171//171 169//169
f 995//995 173//173 993//993
f 993//993 173//173 171//171
f 997//997 175//175 173//173
f 997//997 173//173 995//995
f 177//177 175//175 997//997
f 996//996 177//177 997//997
f 177//177 996//996 878//878
f 878//878 179//179 177//177
f 876//876 180//180 179//179
f 876//876 179//179 1000//1000
f 1000//1000 179//179 878//878
f 180//180 876//876 181//181
f 876//876 1004//1004 181//181
f 1005//1005 181//181 1004//1004
f 1006//1006 182//182 1005//1005
f 1005//1005 182//182 181//181
f 1006//1006 184//184 182//182
f 184//184 1006//1006 1008//1008
f 1008//1008 185//185 184//184
f 185//185 1008//1008 1011//1011
f 1013//1013 185//185 1011//1011
f 1013//1013 188//188 185//185
f 188//188 1013//1013 1015//1015
f 188//188 1015//1015 189//189
f 189//189 1015//1015 875//875
f 875//875 191//191 189//189
f 1016//1016 193//193 191//191
f 1016//1016 191//191 875//875
f 874//874 193//193 1016//1016
f 874//874 195//195 193//193
f 195//195 874//874 196//196
f 1019//1019 196//196 874//874
f 1021//1021 198//198 1019//1019
f 1019//1019 198//198 196//196
f 1021//1021 199//199 198//198
f 1022//1022 199//199 1021//1021
f 199//199 1022//1022 201//201
f 201//201 1022//1022 1025//1025
f 1026//1026 203//203 1025//1025
f 1025//1025 203//203 201//201
f 1026//1026 1028//1028 203//203
f 203//203 1028//1028 205//205
f 1028//1028 206//206 205//205
f 1030//1030 209//209 206//206
f 872//872 209//209 1030//1030
f 872//872 211//211 209//209
f 211//211 872//872 1031//1031
f 1031//1031 213//213 211//211
f 1034//1034 213//213 1031//1031
f 213//213 1034//1034 215//215
f 1036//1036 215//215 1034//1034
f 1036//1036 217//217 215//215
f 1038//1038 219//219 217//217
f 219//219 1038//1038 1039//1039
f 1039//1039 221//221 219//219
f 1042//1042 223//223 221//221
f 1042//1042 221//221 1039//1039
f 223//223 1042//1042 225//225
f 225//225 1042//1042 1043//1043
f 1043//1043 227//227 225//225
f 870//870 227//227 1043//1043
f 1046//1046 228//228 870//870
f 870//870 228//228 227//227
f 229//229 228//228 1046//1046
f 1048//1048 229//229 1046//1046
f 229//229 1048//1048 1050//1050
f 1050//1050 231//231 229//229
f 231//231 1050//1050 1051//1051
f 231//231 1051//1051 233//233
f 1053//1053 233//233 1051//1051
f 233//233 1053//1053 234//234
f 1056//1056 234//234 1053//1053
f 234//234 1056//1056 237//237
f 237//237 1056//1056 1057//1057
f 1057//1057 239//239 237//237
f 239//239 1057//1057 1058//1058
f 1058//1058 241//241 239//239
f 241//241 1058//1058 1061//1061
f 1063//1063 245//245 243//243
f 1063//1063 243//243 1061//1061
f 1061//1061 243//243 241//241
f 868//868 245//245 1063//1063
f 247//247 245//245 868//868
f 247//247 868//868 1064//1064
f 1064//1064 248//248 247//247
f 1068//1068 248//248 1066//1066
f 1068//1068 252//252 248//248
f 253//253 252//252 1068//1068
f 1068//1068 1070//1070 253//253
f 1070//1070 255//255 253//253
f 1073//1073 256//256 255//255
f 1073//1073 255//255 1069//1069
f 256//256 1073//1073 1074//1074
f 1074//1074 258//258 256//256
f 258//258 1074//1074 259//259
f 259//259 1074//1074 1077//1077
f 261//261 259//259 1077//1077
f 261//261 1077//1077 1079//1079
f 261//261 1079//1079 263//263
f 1078//1078 263//263 1079//1079
f 866//866 263//263 1078//1078
f 866//866 264//264 263//263
f 1081//1081 264//264 866//866
f 1081//1081 266//266 264//264
f 1082//1082 266//266 1081//1081
f 1082//1082 268//268 266//266
f 1084//1084 268//268 1082//1082
f 270//270 268//268 1084//1084
f 1087//1087 270//270 1084//1084
f 1087//1087 271//271 270//270
f 1089//1089 271//271 1087//1087
f 1089//1089 273//273 271//271
f 1090//1090 273//273 1089//1089
f 1093//1093 276//276 273//273
f 1093//1093 273//273 1090//1090
f 277//277 276//276 1093//1093
f 1097//1097 277//277 1093//1093
f 277//277 1097//1097 278//278
f 278//278 1097//1097 1094//1094
f 278//278 1094//1094 280//280
f 280//280 1094//1094 1098//1098
f 280//280 1098//1098 282//282
f 1099//1099 282//282 1098//1098
f 282//282 1099//1099 285//285
f 1103//1103 286//286 1102//1102
f 1102//1102 286//286 285//285
f 1102//1102 285//285 1099//1099
f 1103//1103 287//287 286//286
f 287//287 1103//1103 1106//1106
f 1109//1109 289//289 1106//1106
f 1106//1106 289//289 287//287
f 1111//1111 291//291 289//289
f 292//292 291//291 1111//1111
f 292//292 1111//1111 1112//1112
f 1114//1114 293//293 1112//1112
f 1112//1112 293//293 292//292
f 1116//1116 296//296 293//293
f 1116//1116 293//293 1114//1114
f 1117//1117 296//296 1116//1116
f 298//298 296//296 1117//1117
f 1119//1119 298//298 1117//1117
f 1119//1119 300//300 298//298
f 1121//1121 300//300 1119//1119
f 1122//1122 303//303 1121//1121
f 1121//1121 303//303 300//300
f 1122//1122 305//305 303//303
f 1124//1124 305//305 1122//1122
f 1124//1124 306//306 305//305
f 1126//1126 306//306 1124//1124
f 308//308 306//306 1126//1126
f 1126//1126 1128//1128 308//308
f 1128//1128 310//310 308//308
f 1132//1132 312//312 1130//1130
f 1130//1130 312//312 310//310
f 314//314 312//312 1132//1132
f 1136//1136 314//314 1132//1132
f 1134//1134 314//314 1136//1136
f 1134//1134 315//315 314//314
f 1137//1137 317//317 1134//1134
f 1134//1134 317//317 315//315
f 1137//1137 319//319 317//317
f 319//319 1137//1137 1141//1141
f 1143//1143 320//320 1141//1141
f 1141//1141 320//320 319//319
f 1143//1143 322//322 320//320
f 322//322 1143//1143 1144//1144
f 322//322 1144//1144 324//324
f 1146//1146 326//326 1144//1144
f 1144//1144 326//326 324//324
f 1146//1146 327//327 326//326
f 1147//1147 327//327 1146//1146
f 327//327 1147//1147 329//329
f 1149//1149 329//329 1147//1147
f 1151//1151 331//331 1149//1149
f 1149//1149 331//331 329//329
f 1151//1151 333//333 331//331
f 1153//1153 333//333 1151//1151
f 1153//1153 335//335 333//333
f 335//335 1153//1153 1154//1154
f 1157//1157 336//336 1154//1154
f 1154//1154 336//336 335//335
f 1155//1155 336//336 1157//1157
f 336//336 1155//1155 339//339
f 1160//1160 339//339 1155//1155
f 339//339 1160//1160 1161//1161
f 1161//1161 341//341 339//339
f 1161//1161 342//342 341//341
f 1163//1163 342//342 1161//1161
f 1163//1163 345//345 342//342
f 1164//1164 345//345 1163//1163
f 346//346 345//345 1164//1164
f 1166//1166 346//346 1164//1164
f 1166//1166 348//348 346//346
f 1169//1169 348//348 1166//1166
f 350//350 348//348 1169//1169
f 1170//1170 350//350 1169//1169
f 1170//1170 352//352 350//350
f 352//352 1170//1170 1174//1174
f 1174//1174 353//353 352//352
f 1172//1172 353//353 1174//1174
f 1175//1175 355//355 1172//1172
f 1172//1172 355//355 353//353
f 355//355 1175//1175 357//357
f 1175//1175 1178//1178 357//357
f 1179//1179 359//359 357//357
f 1179//1179 357//357 1178//1178
f 1180//1180 359//359 1179//1179
f 1180//1180 361//361 359//359
f 361//361 1180//1180 1183//1183
f 1183//1183 363//363 361//361
f 1185//1185 366//366 363//363
f 1189//1189 366//366 1185//1185
f 366//366 1189//1189 1187//1187
f 1187//1187 367//367 366//366
f 1187//1187 1190//1190 367//367
f 367//367 1190//1190 370//370
f 370//370 1190//1190 1193//1193
f 1193//1193 372//372 370//370
f 372//372 1193//1193 1196//1196
f 1196//1196 374//374 372//372
f 376//376 374//374 1196//1196
f 1199//1199 376//376 1196//1196
f 1199//1199 378//378 376//376
f 1200//1200 378//378 1199//1199
f 1200//1200 380//380 378//378
f 380//380 1200//1200 1202//1202
f 380//380 1202//1202 381//381
f 381//381 1202//1202 1203//1203
f 381//381 1203//1203 384//384
f 1203//1203 386//386 384//384
f 1204//1204 386//386 1203//1203
f 1204//1204 387//387 386//386
f 1206//1206 387//387 1204//1204
f 1206//1206 388//388 387//387
f 1208//1208 388//388 1206//1206
f 390//390 388//388 1208//1208
f 1209//1209 390//390 1208//1208
f 392//392 390//390 1209//1209
f 392//392 1209//1209 1212//1212
f 392//392 1212//1212 394//394
f 1214//1214 394//394 1212//1212
f 1216//1216 396//396 1214//1214
f 1214//1214 396//396 394//394
f 1216//1216 397//397 396//396
f 397//397 1216//1216 399//399
f 399//399 1216//1216 1219//1219
f 399//399 1219//1219 1217//1217
f 399//399 1217//1217 401//401
f 1220//1220 401//401 1217//1217
f 1221//1221 401//401 1220//1220
f 1221//1221 404//404 401//401
f 1224//1224 404//404 1221//1221
f 1224//1224 405//405 404//404
f 1225//1225 405//405 1224//1224
f 1225//1225 408//408 405//405
f 408//408 1225//1225 1226//1226
f 408//408 1226//1226 409//409
f 1228//1228 409//409 1226//1226
f 1229//1229 412//412 1228//1228
f 1228//1228 412//412 409//409
f 1231//1231 414//414 412//412
f 1231//1231 412//412 1229//1229
f 1233//1233 414//414 1231//1231
f 414//414 1233//1233 415//415
f 1233//1233 417//417 415//415
f 1235//1235 417//417 1233//1233
f 1239//1239 418//418 1235//1235
f 1235//1235 418//418 417//417
f 1239//1239 420//420 418//418
f 1236//1236 422//422 420//420
f 1236//1236 420//420 1239//1239
f 1240//1240 422//422 1236//1236
f 422//422 1240//1240 423//423
f 423//423 1240//1240 1242//1242
f 1242//1242 425//425 423//423
f 1245//1245 425//425 1242//1242
f 428//428 425//425 1245//1245
f 865//865 428//428 1245//1245
f 428//428 865//865 429//429
f 1247//1247 432//432 429//429
f 1247//1247 429//429 865//865
f 432//432 1247//1247 433//433
f 1249//1249 433//433 1247//1247
f 1249//1249 1251//1251 433//433
f 433//433 1251//1251 436//436
f 1253//1253 436//436 1251//1251
f 1253//1253 438//438 436//436
f 1253//1253 439//439 438//438
f 1255//1255 441//441 439//439
f 1257//1257 441//441 1255//1255
f 1257//1257 442//442 441//441
f 442//442 1257//1257 1258//1258
f 442//442 1258//1258 444//444
f 444//444 1258//1258 1261//1261
f 444//444 1261//1261 446//446
f 1259//1259 446//446 1261//1261
f 448//448 446//446 1259//1259
f 448//448 1259//1259 1262//1262
f 1265//1265 450//450 1262//1262
f 1262//1262 450//450 448//448
f 1268//1268 450//450 1265//1265
f 1268//1268 453//453 450//450
f 453//453 1268//1268 454//454
f 454//454 1268//1268 1269//1269
f 457//457 454//454 1269//1269
f 1271//1271 457//457 1269//1269
f 458//458 457//457 1271//1271
f 458//458 1271//1271 1273//1273
f 1273//1273 461//461 458//458
f 1275//1275 461//461 1273//1273
f 461//461 1275//1275 462//462
f 462//462 1275//1275 1279//1279
f 1276//1276 465//465 1279//1279
f 1279//1279 465//465 462//462
f 467//467 465//465 1276//1276
f 467//467 1276//1276 1281//1281
f 1281//1281 469//469 467//467
f 1282//1282 469//469 1281//1281
f 1282//1282 470//470 469//469
f 1282//1282 1284//1284 470//470
f 1287//1287 473//473 470//470
f 1287//1287 470//470 1284//1284
f 1287//1287 1285//1285 473//473
f 1285//1285 475//475 473//473
f 1289//1289 475//475 1285//1285
f 1289//1289 477//477 475//475
f 1292//1292 477//477 1289//1289
f 1292//1292 479//479 477//477
f 1290//1290 479//479 1292//1292
f 1290//1290 481//481 479//479
f 1293//1293 481//481 1290//1290
f 483//483 481//481 1293//1293
f 483//483 1293//1293 1294//1294
f 1294//1294 485//485 483//483
f 1296//1296 485//485 1294//1294
f 1298//1298 487//487 1296//1296
f 1296//1296 487//487 485//485
f 1298//1298 488//488 487//487
f 1301//1301 488//488 1298//1298
f 1301//1301 491//491 488//488
f 491//491 1301//1301 1299//1299
f 1299//1299 492//492 491//491
f 1303//1303 494//494 1299//1299
f 1299//1299 494//494 492//492
f 1303//1303 495//495 494//494
f 495//495 1303//1303 1304//1304
f 495//495 1304//1304 1306//1306
f 1306//1306 496//496 495//495
f 1308//1308 496//496 1306//1306
f 496//496 1308//1308 499//499
f 1310//1310 499//499 1308//1308
f 1310//1310 500//500 499//499
f 1313//1313 501//501 500//500
f 864//864 504//504 501//501
f 864//864 501//501 1313//1313
f 1316//1316 506//506 504//504
f 1316//1316 504//504 864//864
f 506//506 1316//1316 508//508
f 1318//1318 508//508 1316//1316
f 1320//1320 510//510 508//508
f 1320//1320 508//508 1318//1318
f 1320//1320 512//512 510//510
f 1320//1320 1322//1322 512//512
f 512//512 1322//1322 513//513
f 1324//1324 513//513 1322//1322
f 1324//1324 516//516 513//513
f 1323//1323 516//516 1324//1324
f 517//517 516//516 1323//1323
f 863//863 517//517 1323//1323
f 863//863 519//519 517//517
f 519//519 863//863 1326//1326
f 1327//1327 521//521 1326//1326
f 1326//1326 521//521 519//519
f 862//862 524//524 523//523
f 862//862 523//523 1327//1327
f 1327//1327 523//523 521//521
f 524//524 1330//1330 1329//1329
f 1329//1329 526//526 524//524
f 1331//1331 526//526 1329//1329
f 1331//1331 528//528 526//526
f 1332//1332 528//528 1331//1331
f 528//528 1332//1332 529//529
f 1332//1332 1334//1334 529//529
f 1336//1336 531//531 1334//1334
f 1334//1334 531//531 529//529
f 1337//1337 531//531 1336//1336
f 1337//1337 532//532 531//531
f 532//532 1337//1337 1341//1341
f 1341//1341 533//533 532//532
f 1344//1344 536//536 533//533
f 1344//1344 533//533 1341//1341
f 1344//1344 537//537 536//536
f 1342//1342 537//537 1344//1344
f 1342//1342 538//538 537//537
f 538//538 1342//1342 1346//1346
f 1346//1346 540//540 538//538
f 1348//1348 542//542 540//540
f 1348//1348 540//540 1346//1346
f 1349//1349 544//544 542//542
f 1349//1349 542//542 1348//1348
f 1351//1351 544//544 1349//1349
f 544//544 1351//1351 545//545
f 1353//1353 545//545 1351//1351
f 1354//1354 545//545 1353//1353
f 1354//1354 548//548 545//545
f 1356//1356 548//548 1354//1354
f 1356//1356 549//549 548//548
f 549//549 1356//1356 1359//1359
f 1359//1359 550//550 549//549
f 1361//1361 552//552 550//550
f 1361//1361 550//550 1358//1358
f 1358//1358 550//550 1359//1359
f 552//552 1361//1361 554//554
f 1363//1363 554//554 1361//1361
f 1365//1365 556//556 1363//1363
f 1363//1363 556//556 554//554
f 556//556 1365//1365 558//558
f 558//558 1365//1365 1366//1366
f 1366//1366 560//560 558//558
f 1367//1367 561//561 560//560
f 1370//1370 561//561 1367//1367
f 561//561 1370//1370 562//562
f 1372//1372 562//562 1370//1370
f 1372//1372 564//564 562//562
f 564//564 1372//1372 1373//1373
f 1373//1373 566//566 564//564
f 1375//1375 566//566 1373//1373
f 1377//1377 566//566 1375//1375
f 1377//1377 567//567 566//566
f 1377//1377 569//569 567//567
f 1380//1380 569//569 1377//1377
f 569//569 1380//1380 570//570
f 570//570 1380//1380 1382//1382
f 1382//1382 572//572 570//570
f 1383//1383 572//572 1382//1382
f 1383//1383 574//574 572//572
f 1386//1386 576//576 574//574
f 1387//1387 576//576 1386//1386
f 1389//1389 578//578 1387//1387
f 1387//1387 578//578 576//576
f 580//580 578//578 1389//1389
f 580//580 1389//1389 1392//1392
f 580//580 1392//1392 582//582
f 1392//1392 1393//1393 582//582
f 1395//1395 584//584 1393//1393
f 1393//1393 584//584 582//582
f 584//584 1395//1395 586//586
f 1396//1396 586//586 1395//1395
f 586//586 1396//1396 587//587
f 587//587 1396//1396 861//861
f 861//861 591//591 587//587
f 1398//1398 591//591 861//861
f 593//593 591//591 1398//1398
f 593//593 1398//1398 1400//1400
f 1400//1400 594//594 593//593
f 1401//1401 596//596 594//594
f 1401//1401 594//594 1400//1400
f 1403//1403 596//596 1401//1401
f 598//598 596//596 1403//1403
f 1405//1405 599//599 598//598
f 1405//1405 598//598 1403//1403
f 1407//1407 601//601 1405//1405
f 1405//1405 601//601 599//599
f 1409//1409 604//604 1407//1407
f 1407//1407 604//604 601//601
f 606//606 604//604 1409//1409
f 1409//1409 1410//1410 606//606
f 1411//1411 606//606 1410//1410
f 608//608 606//606 1411//1411
f 608//608 1411//1411 1415//1415
f 1415//1415 610//610 608//608
f 860//860 612//612 610//610
f 1417//1417 612//612 860//860
f 1417//1417 613//613 612//612
f 1419//1419 613//613 1417//1417
f 1419//1419 616//616 613//613
f 1423//1423 616//616 1419//1419
f 1423//1423 618//618 616//616
f 1421//1421 618//618 1423//1423
f 1421//1421 619//619 618//618
f 1426//1426 619//619 1421//1421
f 621//621 619//619 1426//1426
f 621//621 1426//1426 1427//1427
f 623//623 621//621 1427//1427
f 1431//1431 623//623 1427//1427
f 1431//1431 625//625 623//623
f 625//625 1431//1431 627//627
f 627//627 1431//1431 1429//1429
f 627//627 1429//1429 629//629
f 629//629 1429//1429 1432//1432
f 1435//1435 629//629 1432//1432
f 1435//1435 632//632 629//629
f 632//632 1435//1435 633//633
f 1434//1434 633//633 1435//1435
f 635//635 633//633 1434//1434
f 1434//1434 1436//1436 635//635
f 1439//1439 635//635 1436//1436
f 1439//1439 639//639 637//637
f 1439//1439 637//637 635//635
f 1441//1441 639//639 1439//1439
f 639//639 1441//1441 1442//1442
f 639//639 1442//1442 640//640
f 1444//1444 642//642 640//640
f 1444//1444 640//640 1442//1442
f 1444//1444 644//644 642//642
f 1449//1449 645//645 1446//1446
f 1446//1446 645//645 644//644
f 645//645 1449//1449 1447//1447
f 1451//1451 649//649 1447//1447
f 1447//1447 649//649 648//648
f 1447//1447 648//648 645//645
f 1452//1452 650//650 1451//1451
f 1451//1451 650//650 649//649
f 1452//1452 653//653 650//650
f 1454//1454 653//653 1452//1452
f 1456//1456 655//655 1454//1454
f 1454//1454 655//655 653//653
f 1457//1457 655//655 1456//1456
f 1457//1457 656//656 655//655
f 1458//1458 656//656 1457//1457
f 656//656 1458//1458 658//658
f 1459//1459 658//658 1458//1458
f 1459//1459 660//660 658//658
f 1461//1461 660//660 1459//1459
f 1461//1461 664//664 660//660
f 664//664 1461//1461 1463//1463
f 1464//1464 665//665 664//664
f 1464//1464 664//664 1463//1463
f 1465//1465 665//665 1464//1464
f 666//666 665//665 1465//1465
f 1469//1469 666//666 1465//1465
f 1466//1466 666//666 1469//1469
f 666//666 1466//1466 668//668
f 893//893 896//896 135//135
f 135//135 896//896 894//894
f 894//894 898//898 135//135
f 902//902 143//143 898//898
f 898//898 143//143 135//135
f 143//143 902//902 900//900
f 143//143 900//900 118//118
f 118//118 900//900 904//904
f 118//118 904//904 131//131
f 904//904 907//907 131//131
f 131//131 907//907 144//144
f 144//144 907//907 908//908
f 908//908 910//910 144//144
f 144//144 910//910 112//112
f 112//112 910//910 914//914
f 915//915 140//140 911//911
f 911//911 140//140 112//112
f 911//911 112//112 914//914
f 140//140 915//915 130//130
f 130//130 915//915 917//917
f 918//918 130//130 917//917
f 918//918 104//104 130//130
f 104//104 918//918 920//920
f 104//104 920//920 115//115
f 921//921 105//105 115//115
f 921//921 115//115 920//920
f 105//105 921//921 922//922
f 105//105 922//922 51//51
f 51//51 922//922 924//924
f 51//51 924//924 123//123
f 924//924 926//926 123//123
f 123//123 926//926 927//927
f 927//927 34//34 123//123
f 927//927 931//931 34//34
f 34//34 931//931 71//71
f 71//71 931//931 928//928
f 935//935 778//778 147//147
f 935//935 147//147 73//73
f 935//935 73//73 933//933
f 933//933 73//73 71//71
f 933//933 71//71 928//928
f 1466//1466 1467//1467 668//668
f 668//668 1467//1467 670//670
f 1587//1587 2483//2483 1607//1607
f 1589//1589 1594//1594 1608//1608
f 1591//1591 1586//1586 1590//1590
f 1593//1593 1600//1600 1649//1649
f 1586//1586 1594//1594 1590//1590
f 1590//1590 1594//1594 1589//1589
f 1595//1595 1596//1596 1592//1592
f 1597//1597 1611//1611 1595//1595
f 1599//1599 1630//1630 1598//1598
f 1601//1601 1600//1600 1593//1593
f 1602//1602 2480//2480 1637//1637
f 1604//1604 2482//2482 1603//1603
f 1606//1606 1605//1605 1618//1618
f 1588//1588 2448//2448 1587//1587
f 1587//1587 2448//2448 2483//2483
f 1592//1592 1596//1596 1609//1609
f 1609//1609 1596//1596 1591//1591
f 1591//1591 1596//1596 1586//1586
f 1595//1595 1611//1611 1610//1610
f 1595//1595 1610//1610 1596//1596
f 1612//1612 2495//2495 1623//1623
f 1614//1614 2491//2491 1613//1613
f 1613//1613 2491//2491 1615//1615
f 1601//1601 2487//2487 1600//1600
f 1617//1617 2480//2480 1602//1602
f 1618//1618 1605//1605 1640//1640
f 1619//1619 2448//2448 1588//1588
f 1620//1620 2452//2452 1619//1619
f 1621//1621 2452//2452 1620//1620
f 1622//1622 1655//1655 1641//1641
f 1623//1623 2495//2495 1624//1624
f 1626//1626 1627//1627 1625//1625
f 1630//1630 1627//1627 1598//1598
f 1598//1598 1627//1627 1626//1626
f 1629//1629 1631//1631 1628//1628
f 1628//1628 1631//1631 1630//1630
f 1615//1615 1631//1631 1613//1613
f 1613//1613 1631//1631 1629//1629
f 1633//1633 1647//1647 1632//1632
f 1632//1632 1647//1647 2491//2491
f 1634//1634 1647//1647 1616//1616
f 1635//1635 2487//2487 1601//1601
f 1636//1636 2487//2487 1635//1635
f 2480//2480 2479//2479 1637//1637
f 1603//1603 2482//2482 1617//1617
f 1617//1617 2482//2482 2480//2480
f 1638//1638 1639//1639 1604//1604
f 1641//1641 1655//1655 2452//2452
f 1641//1641 2452//2452 1621//1621
f 1642//1642 2478//2478 1657//1657
f 1643//1643 1645//1645 1642//1642
f 1642//1642 1645//1645 2478//2478
f 1646//1646 1645//1645 1644//1644
f 1624//1624 2495//2495 1597//1597
f 1597//1597 2495//2495 1611//1611
f 1625//1625 1627//1627 1612//1612
f 1612//1612 1627//1627 2495//2495
f 1628//1628 1630//1630 1599//1599
f 1632//1632 2491//2491 1614//1614
f 1649//1649 1600//1600 1648//1648
f 1648//1648 1600//1600 1647//1647
f 1637//1637 2479//2479 1636//1636
f 1636//1636 2479//2479 2487//2487
f 1640//1640 1605//1605 1658//1658
f 1650//1650 1651//1651 1606//1606
f 1606//1606 1651//1651 1605//1605
f 1653//1653 1659//1659 1652//1652
f 1652//1652 1659//1659 1651//1651
f 1619//1619 2452//2452 2484//2484
f 1619//1619 2484//2484 2448//2448
f 1608//1608 1594//1594 1646//1646
f 1646//1646 1594//1594 1645//1645
f 1616//1616 1647//1647 1633//1633
f 1648//1648 1647//1647 1634//1634
f 1604//1604 1639//1639 2482//2482
f 1652//1652 1651//1651 1650//1650
f 1654//1654 1659//1659 1653//1653
f 1656//1656 2486//2486 1622//1622
f 1622//1622 2486//2486 1655//1655
f 2478//2478 2486//2486 1657//1657
f 1657//1657 2486//2486 1656//1656
f 1644//1644 1645//1645 1643//1643
f 1658//1658 1605//1605 1638//1638
f 1638//1638 1605//1605 1639//1639
f 1660//1660 1659//1659 1654//1654
f 1607//1607 2483//2483 1660//1660
f 1660//1660 2483//2483 1659//1659
f 1661//1661 1617//1617 1602//1602
f 1661//1661 1602//1602 1662//1662
f 1662//1662 1602//1602 1637//1637
f 1662//1662 1637//1637 1663//1663
f 1663//1663 1637//1637 1636//1636
f 1663//1663 1636//1636 1664//1664
f 1664//1664 1636//1636 1635//1635
f 1664//1664 1635//1635 1665//1665
f 1665//1665 1635//1635 1601//1601
f 1665//1665 1601//1601 1666//1666
f 1666//1666 1601//1601 1593//1593
f 1666//1666 1593//1593 1649//1649
f 1666//1666 1649//1649 1667//1667
f 1617//1617 1661//1661 1668//1668
f 1617//1617 1668//1668 1603//1603
f 1603//1603 1668//1668 1669//1669
f 1603//1603 1669//1669 1604//1604
f 1604//1604 1669//1669 1670//1670
f 1604//1604 1670//1670 1638//1638
f 1638//1638 1670//1670 1671//1671
f 1638//1638 1671//1671 1658//1658
f 1658//1658 1671//1671 1672//1672
f 1658//1658 1672//1672 1673//1673
f 1658//1658 1673//1673 1640//1640
f 1640//1640 1673//1673 1618//1618
f 1618//1618 1673//1673 1674//1674
f 1618//1618 1674//1674 1606//1606
f 1606//1606 1674//1674 1675//1675
f 1606//1606 1675//1675 1650//1650
f 1650//1650 1675//1675 1676//1676
f 1650//1650 1676//1676 1652//1652
f 1652//1652 1676//1676 1677//1677
f 1652//1652 1677//1677 1653//1653
f 1653//1653 1677//1677 1678//1678
f 1653//1653 1678//1678 1654//1654
f 1654//1654 1678//1678 1679//1679
f 1654//1654 1679//1679 1660//1660
f 1660//1660 1679//1679 1680//1680
f 1660//1660 1680//1680 1607//1607
f 1607//1607 1680//1680 1681//1681
f 1607//1607 1681//1681 1587//1587
f 1587//1587 1681//1681 1682//1682
f 1587//1587 1682//1682 1588//1588
f 1588//1588 1682//1682 1683//1683
f 1588//1588 1683//1683 1619//1619
f 1619//1619 1683//1683 1684//1684
f 1619//1619 1684//1684 1620//1620
f 1620//1620 1684//1684 1621//1621
f 1621//1621 1684//1684 1685//1685
f 1621//1621 1685//1685 1641//1641
f 1641//1641 1685//1685 1686//1686
f 1641//1641 1686//1686 1622//1622
f 1622//1622 1686//1686 1687//1687
f 1622//1622 1687//1687 1656//1656
f 1656//1656 1687//1687 1688//1688
f 1656//1656 1688//1688 1657//1657
f 1657//1657 1688//1688 1689//1689
f 1657//1657 1689//1689 1642//1642
f 1642//1642 1689//1689 1643//1643
f 1643//1643 1689//1689 1690//1690
f 1643//1643 1690//1690 1644//1644
f 1644//1644 1690//1690 1691//1691
f 1644//1644 1691//1691 1646//1646
f 1646//1646 1691//1691 1692//1692
f 1646//1646 1692//1692 1608//1608
f 1608//1608 1692//1692 1693//1693
f 1608//1608 1693//1693 1589//1589
f 1589//1589 1693//1693 1694//1694
f 1589//1589 1694//1694 1590//1590
f 1590//1590 1694//1694 1695//1695
f 1590//1590 1695//1695 1591//1591
f 1591//1591 1695//1695 1696//1696
f 1591//1591 1696//1696 1697//1697
f 1591//1591 1697//1697 1609//1609
f 1609//1609 1697//1697 1592//1592
f 1592//1592 1697//1697 1698//1698
f 1592//1592 1698//1698 1595//1595
f 1595//1595 1698//1698 1699//1699
f 1595//1595 1699//1699 1597//1597
f 1597//1597 1699//1699 1700//1700
f 1597//1597 1700//1700 1624//1624
f 1624//1624 1700//1700 1701//1701
f 1624//1624 1701//1701 1623//1623
f 1623//1623 1701//1701 1612//1612
f 1612//1612 1701//1701 1702//1702
f 1612//1612 1702//1702 1625//1625
f 1625//1625 1702//1702 1703//1703
f 1625//1625 1703//1703 1626//1626
f 1626//1626 1703//1703 1704//1704
f 1626//1626 1704//1704 1598//1598
f 1598//1598 1704//1704 1705//1705
f 1598//1598 1705//1705 1599//1599
f 1599//1599 1705//1705 1706//1706
f 1599//1599 1706//1706 1628//1628
f 1628//1628 1706//1706 1707//1707
f 1628//1628 1707//1707 1629//1629
f 1629//1629 1707//1707 1708//1708
f 1629//1629 1708//1708 1613//1613
f 1613//1613 1708//1708 1709//1709
f 1613//1613 1709//1709 1614//1614
f 1614//1614 1709//1709 1710//1710
f 1614//1614 1710//1710 1632//1632
f 1632//1632 1710//1710 1711//1711
f 1632//1632 1711//1711 1633//1633
f 1633//1633 1711//1711 1712//1712
f 1633//1633 1712//1712 1616//1616
f 1616//1616 1712//1712 1713//1713
f 1616//1616 1713//1713 1634//1634
f 1634//1634 1713//1713 1714//1714
f 1634//1634 1714//1714 1648//1648
f 1648//1648 1714//1714 1667//1667
f 1648//1648 1667//1667 1649//1649
f 1715//1715 1665//1665 1666//1666
f 1715//1715 1666//1666 1716//1716
f 1716//1716 1666//1666 1667//1667
f 1716//1716 1667//1667 1717//1717
f 1758//1758 1690//1690 1689//1689
f 1758//1758 1689//1689 1718//1718
f 1718//1718 1689//1689 1719//1719
f 1719//1719 1689//1689 1688//1688
f 1719//1719 1688//1688 1754//1754
f 1667//1667 1714//1714 1717//1717
f 1717//1717 1714//1714 1720//1720
f 1720//1720 1714//1714 1713//1713
f 1720//1720 1713//1713 1721//1721
f 1721//1721 1713//1713 1744//1744
f 1744//1744 1713//1713 1712//1712
f 1722//1722 1708//1708 1723//1723
f 1723//1723 1708//1708 1707//1707
f 1723//1723 1707//1707 1737//1737
f 1724//1724 1674//1674 1673//1673
f 1724//1724 1673//1673 1725//1725
f 1725//1725 1673//1673 1672//1672
f 1725//1725 1672//1672 1726//1726
f 1727//1727 1677//1677 1676//1676
f 1727//1727 1676//1676 1728//1728
f 1728//1728 1676//1676 1675//1675
f 1728//1728 1675//1675 1729//1729
f 1729//1729 1675//1675 1724//1724
f 1724//1724 1675//1675 1674//1674
f 1730//1730 1680//1680 1679//1679
f 1730//1730 1679//1679 1731//1731
f 1731//1731 1679//1679 1678//1678
f 1731//1731 1678//1678 1727//1727
f 1727//1727 1678//1678 1677//1677
f 1732//1732 1700//1700 1733//1733
f 1733//1733 1700//1700 1699//1699
f 1733//1733 1699//1699 1761//1761
f 1734//1734 1703//1703 1735//1735
f 1735//1735 1703//1703 1702//1702
f 1735//1735 1702//1702 1736//1736
f 1736//1736 1702//1702 1701//1701
f 1736//1736 1701//1701 1732//1732
f 1732//1732 1701//1701 1700//1700
f 1707//1707 1706//1706 1737//1737
f 1737//1737 1706//1706 1705//1705
f 1737//1737 1705//1705 1738//1738
f 1738//1738 1705//1705 1704//1704
f 1738//1738 1704//1704 1734//1734
f 1734//1734 1704//1704 1703//1703
f 1672//1672 1671//1671 1726//1726
f 1726//1726 1671//1671 1739//1739
f 1739//1739 1671//1671 1670//1670
f 1739//1739 1670//1670 1740//1740
f 1740//1740 1670//1670 1669//1669
f 1740//1740 1669//1669 1759//1759
f 1741//1741 1695//1695 1742//1742
f 1742//1742 1695//1695 1694//1694
f 1742//1742 1694//1694 1743//1743
f 1743//1743 1694//1694 1693//1693
f 1743//1743 1693//1693 1756//1756
f 1744//1744 1712//1712 1711//1711
f 1744//1744 1711//1711 1745//1745
f 1745//1745 1711//1711 1746//1746
f 1746//1746 1711//1711 1710//1710
f 1746//1746 1710//1710 1709//1709
f 1746//1746 1709//1709 1722//1722
f 1722//1722 1709//1709 1708//1708
f 1747//1747 1663//1663 1748//1748
f 1748//1748 1663//1663 1664//1664
f 1748//1748 1664//1664 1715//1715
f 1715//1715 1664//1664 1665//1665
f 1749//1749 1682//1682 1750//1750
f 1750//1750 1682//1682 1681//1681
f 1750//1750 1681//1681 1730//1730
f 1730//1730 1681//1681 1680//1680
f 1751//1751 1685//1685 1684//1684
f 1751//1751 1684//1684 1752//1752
f 1752//1752 1684//1684 1753//1753
f 1753//1753 1684//1684 1683//1683
f 1753//1753 1683//1683 1749//1749
f 1749//1749 1683//1683 1682//1682
f 1688//1688 1687//1687 1754//1754
f 1754//1754 1687//1687 1755//1755
f 1755//1755 1687//1687 1686//1686
f 1755//1755 1686//1686 1751//1751
f 1751//1751 1686//1686 1685//1685
f 1756//1756 1693//1693 1692//1692
f 1756//1756 1692//1692 1757//1757
f 1757//1757 1692//1692 1691//1691
f 1757//1757 1691//1691 1758//1758
f 1758//1758 1691//1691 1690//1690
f 1759//1759 1669//1669 1668//1668
f 1759//1759 1668//1668 1760//1760
f 1760//1760 1668//1668 1661//1661
f 1760//1760 1661//1661 1747//1747
f 1747//1747 1661//1661 1662//1662
f 1747//1747 1662//1662 1663//1663
f 1699//1699 1698//1698 1761//1761
f 1761//1761 1698//1698 1697//1697
f 1761//1761 1697//1697 1762//1762
f 1762//1762 1697//1697 1741//1741
f 1741//1741 1697//1697 1696//1696
f 1741//1741 1696//1696 1695//1695
f 1764//1764 1763//1763 1765//1765
f 1767//1767 1766//1766 1764//1764
f 1764//1764 1766//1766 1763//1763
f 1772//1772 1787//1787 1771//1771
f 1771//1771 1787//1787 1770//1770
f 1774//1774 1773//1773 1775//1775
f 1765//1765 1763//1763 1774//1774
f 1774//1774 1763//1763 1773//1773
f 1777//1777 1776//1776 1767//1767
f 1767//1767 1776//1776 1766//1766
f 1781//1781 1780//1780 1779//1779
f 1779//1779 1780//1780 1778//1778
f 1783//1783 1782//1782 1784//1784
f 1786//1786 1785//1785 1821//1821
f 1788//1788 1787//1787 1772//1772
f 1789//1789 1806//1806 1788//1788
f 1788//1788 1806//1806 1787//1787
f 1791//1791 1790//1790 1792//1792
f 1796//1796 1795//1795 1794//1794
f 1794//1794 1795//1795 1793//1793
f 1779//1779 1778//1778 1799//1799
f 1799//1799 1778//1778 1798//1798
f 1798//1798 1778//1778 1797//1797
f 1802//1802 1803//1803 1786//1786
f 1786//1786 1803//1803 1785//1785
f 1792//1792 1790//1790 1806//1806
f 1792//1792 1806//1806 1789//1789
f 1810//1810 1809//1809 1811//1811
f 1775//1775 1773//1773 1810//1810
f 1810//1810 1773//1773 1809//1809
f 1794//1794 1793//1793 1777//1777
f 1777//1777 1793//1793 1776//1776
f 1769//1769 1768//1768 1843//1843
f 1843//1843 1768//1768 1814//1814
f 1798//1798 1797//1797 1815//1815
f 1815//1815 1797//1797 1769//1769
f 1769//1769 1797//1797 1768//1768
f 1817//1817 1816//1816 1781//1781
f 1781//1781 1816//1816 1780//1780
f 1801//1801 1800//1800 1817//1817
f 1817//1817 1800//1800 1816//1816
f 1818//1818 1837//1837 1801//1801
f 1801//1801 1837//1837 1800//1800
f 1819//1819 1820//1820 1783//1783
f 1783//1783 1820//1820 1782//1782
f 1821//1821 1785//1785 1820//1820
f 1821//1821 1820//1820 1819//1819
f 1823//1823 1824//1824 1822//1822
f 1826//1826 1825//1825 1827//1827
f 1829//1829 1828//1828 1826//1826
f 1826//1826 1828//1828 1825//1825
f 1830//1830 1842//1842 1791//1791
f 1791//1791 1842//1842 1790//1790
f 1808//1808 1807//1807 1832//1832
f 1832//1832 1807//1807 1831//1831
f 1811//1811 1809//1809 1808//1808
f 1808//1808 1809//1809 1807//1807
f 1813//1813 1812//1812 1796//1796
f 1796//1796 1812//1812 1795//1795
f 1834//1834 1833//1833 1813//1813
f 1813//1813 1833//1833 1812//1812
f 1838//1838 1837//1837 1818//1818
f 1827//1827 1825//1825 1805//1805
f 1805//1805 1825//1825 1804//1804
f 1839//1839 1840//1840 1829//1829
f 1829//1829 1840//1840 1828//1828
f 1771//1771 1770//1770 1839//1839
f 1839//1839 1770//1770 1840//1840
f 1841//1841 1842//1842 1830//1830
f 1836//1836 1835//1835 1834//1834
f 1834//1834 1835//1835 1833//1833
f 1843//1843 1814//1814 1836//1836
f 1836//1836 1814//1814 1835//1835
f 1845//1845 1844//1844 1838//1838
f 1838//1838 1844//1844 1837//1837
f 1847//1847 1846//1846 1845//1845
f 1845//1845 1846//1846 1844//1844
f 1784//1784 1782//1782 1849//1849
f 1849//1849 1782//1782 1848//1848
f 1822//1822 1824//1824 1851//1851
f 1851//1851 1824//1824 1850//1850
f 1851//1851 1850//1850 1802//1802
f 1802//1802 1850//1850 1803//1803
f 1823//1823 1852//1852 1824//1824
f 1832//1832 1831//1831 1841//1841
f 1841//1841 1831//1831 1842//1842
f 1849//1849 1848//1848 1847//1847
f 1847//1847 1848//1848 1846//1846
f 1805//1805 1804//1804 1853//1853
f 1853//1853 1804//1804 1852//1852
f 1853//1853 1852//1852 1823//1823
f 1821//1821 1716//1716 1717//1717
f 1821//1821 1717//1717 1786//1786
f 1786//1786 1717//1717 1720//1720
f 1786//1786 1720//1720 1802//1802
f 1802//1802 1720//1720 1721//1721
f 1802//1802 1721//1721 1851//1851
f 1851//1851 1721//1721 1744//1744
f 1851//1851 1744//1744 1822//1822
f 1822//1822 1744//1744 1745//1745
f 1822//1822 1745//1745 1746//1746
f 1822//1822 1746//1746 1823//1823
f 1823//1823 1746//1746 1722//1722
f 1823//1823 1722//1722 1853//1853
f 1853//1853 1722//1722 1805//1805
f 1805//1805 1722//1722 1723//1723
f 1805//1805 1723//1723 1827//1827
f 1827//1827 1723//1723 1737//1737
f 1827//1827 1737//1737 1826//1826
f 1826//1826 1737//1737 1829//1829
f 1829//1829 1737//1737 1738//1738
f 1829//1829 1738//1738 1839//1839
f 1839//1839 1738//1738 1734//1734
f 1839//1839 1734//1734 1735//1735
f 1839//1839 1735//1735 1771//1771
f 1771//1771 1735//1735 1736//1736
f 1771//1771 1736//1736 1772//1772
f 1772//1772 1736//1736 1732//1732
f 1772//1772 1732//1732 1788//1788
f 1788//1788 1732//1732 1789//1789
f 1789//1789 1732//1732 1733//1733
f 1789//1789 1733//1733 1792//1792
f 1792//1792 1733//1733 1761//1761
f 1792//1792 1761//1761 1791//1791
f 1791//1791 1761//1761 1830//1830
f 1830//1830 1761//1761 1762//1762
f 1830//1830 1762//1762 1841//1841
f 1841//1841 1762//1762 1741//1741
f 1841//1841 1741//1741 1832//1832
f 1832//1832 1741//1741 1742//1742
f 1832//1832 1742//1742 1808//1808
f 1808//1808 1742//1742 1743//1743
f 1808//1808 1743//1743 1811//1811
f 1811//1811 1743//1743 1756//1756
f 1811//1811 1756//1756 1810//1810
f 1810//1810 1756//1756 1757//1757
f 1810//1810 1757//1757 1775//1775
f 1775//1775 1757//1757 1758//1758
f 1775//1775 1758//1758 1774//1774
f 1774//1774 1758//1758 1765//1765
f 1765//1765 1758//1758 1718//1718
f 1765//1765 1718//1718 1719//1719
f 1765//1765 1719//1719 1764//1764
f 1764//1764 1719//1719 1767//1767
f 1767//1767 1719//1719 1754//1754
f 1767//1767 1754//1754 1777//1777
f 1777//1777 1754//1754 1755//1755
f 1777//1777 1755//1755 1794//1794
f 1794//1794 1755//1755 1751//1751
f 1794//1794 1751//1751 1796//1796
f 1796//1796 1751//1751 1752//1752
f 1796//1796 1752//1752 1753//1753
f 1796//1796 1753//1753 1813//1813
f 1813//1813 1753//1753 1749//1749
f 1813//1813 1749//1749 1834//1834
f 1834//1834 1749//1749 1750//1750
f 1834//1834 1750//1750 1836//1836
f 1836//1836 1750//1750 1730//1730
f 1836//1836 1730//1730 1843//1843
f 1843//1843 1730//1730 1731//1731
f 1843//1843 1731//1731 1769//1769
f 1769//1769 1731//1731 1727//1727
f 1769//1769 1727//1727 1815//1815
f 1815//1815 1727//1727 1798//1798
f 1798//1798 1727//1727 1728//1728
f 1798//1798 1728//1728 1799//1799
f 1799//1799 1728//1728 1779//1779
f 1779//1779 1728//1728 1729//1729
f 1779//1779 1729//1729 1724//1724
f 1779//1779 1724//1724 1781//1781
f 1781//1781 1724//1724 1725//1725
f 1781//1781 1725//1725 1817//1817
f 1817//1817 1725//1725 1726//1726
f 1817//1817 1726//1726 1801//1801
f 1801//1801 1726//1726 1739//1739
f 1801//1801 1739//1739 1818//1818
f 1818//1818 1739//1739 1740//1740
f 1818//1818 1740//1740 1838//1838
f 1838//1838 1740//1740 1759//1759
f 1838//1838 1759//1759 1845//1845
f 1845//1845 1759//1759 1760//1760
f 1845//1845 1760//1760 1847//1847
f 1847//1847 1760//1760 1747//1747
f 1847//1847 1747//1747 1849//1849
f 1849//1849 1747//1747 1748//1748
f 1849//1849 1748//1748 1784//1784
f 1784//1784 1748//1748 1715//1715
f 1784//1784 1715//1715 1783//1783
f 1783//1783 1715//1715 1819//1819
f 1819//1819 1715//1715 1716//1716
f 1819//1819 1716//1716 1821//1821
f 695//695 1920//1920 1947//1947
f 697//697 1921//1921 1904//1904
f 1866//1866 1905//1905 1949//1949
f 703//703 1950//1950 1907//1907
f 1864//1864 1951//1951 1908//1908
f 1909//1909 1908//1908 1974//1974
f 1862//1862 707//707 1953//1953
f 710//710 1926//1926 711//711
f 1859//1859 1911//1911 1858//1858
f 1858//1858 1911//1911 1954//1954
f 1857//1857 718//718 1955//1955
f 1856//1856 1928//1928 1957//1957
f 725//725 1959//1959 1960//1960
f 733//733 1961//1961 1912//1912
f 730//730 1962//1962 1913//1913
f 1988//1988 693//693 690//690
f 1989//1989 1963//1963 1868//1868
f 1989//1989 1868//1868 686//686
f 1933//1933 1869//1869 1870//1870
f 1933//1933 1870//1870 1992//1992
f 1992//1992 1870//1870 679//679
f 1992//1992 679//679 1993//1993
f 1993//1993 679//679 1871//1871
f 1934//1934 1873//1873 1874//1874
f 1934//1934 1874//1874 1996//1996
f 1996//1996 1874//1874 682//682
f 1935//1935 1915//1915 1875//1875
f 1935//1935 1875//1875 1998//1998
f 1998//1998 1875//1875 1876//1876
f 1998//1998 1876//1876 1999//1999
f 1999//1999 1876//1876 1936//1936
f 2000//2000 1964//1964 1877//1877
f 2000//2000 1877//1877 1965//1965
f 1965//1965 1877//1877 674//674
f 2001//2001 674//674 673//673
f 2002//2002 1938//1938 1916//1916
f 1939//1939 1879//1879 1880//1880
f 1939//1939 1880//1880 2004//2004
f 2004//2004 1880//1880 1881//1881
f 2004//2004 1881//1881 2005//2005
f 2005//2005 1881//1881 1882//1882
f 2005//2005 1882//1882 1883//1883
f 1940//1940 1883//1883 1884//1884
f 1940//1940 1884//1884 2007//2007
f 2007//2007 1884//1884 1885//1885
f 2007//2007 1885//1885 2008//2008
f 2008//2008 1885//1885 1917//1917
f 1941//1941 1917//1917 1886//1886
f 1941//1941 1886//1886 1887//1887
f 1942//1942 1887//1887 1888//1888
f 1942//1942 1888//1888 2010//2010
f 2010//2010 1888//1888 1889//1889
f 1943//1943 1890//1890 1891//1891
f 1943//1943 1891//1891 2013//2013
f 2013//2013 1891//1891 1944//1944
f 1966//1966 1944//1944 1918//1918
f 2015//2015 1918//1918 1892//1892
f 2015//2015 1892//1892 2016//2016
f 2016//2016 1892//1892 1893//1893
f 2016//2016 1893//1893 1945//1945
f 2017//2017 1894//1894 746//746
f 2019//2019 1895//1895 1919//1919
f 2021//2021 1897//1897 1898//1898
f 2021//2021 1898//1898 2022//2022
f 2022//2022 1898//1898 1899//1899
f 2022//2022 1899//1899 1968//1968
f 2023//2023 1968//1968 1900//1900
f 2023//2023 1900//1900 2024//2024
f 2024//2024 1900//1900 1901//1901
f 2024//2024 1901//1901 2025//2025
f 2025//2025 1901//1901 1902//1902
f 1946//1946 739//739 1903//1903
f 1946//1946 1903//1903 2027//2027
f 2027//2027 1903//1903 1914//1914
f 697//697 1947//1947 1970//1970
f 1906//1906 1949//1949 1971//1971
f 1906//1906 1971//1971 1922//1922
f 703//703 1922//1922 1972//1972
f 703//703 1972//1972 1950//1950
f 1907//1907 1950//1950 1973//1973
f 1907//1907 1973//1973 1865//1865
f 1908//1908 1951//1951 1974//1974
f 1909//1909 1974//1974 1975//1975
f 1909//1909 1975//1975 1910//1910
f 1863//1863 1910//1910 2035//2035
f 1863//1863 2035//2035 1923//1923
f 1924//1924 1923//1923 1952//1952
f 707//707 1925//1925 1976//1976
f 1862//1862 1953//1953 710//710
f 710//710 1953//1953 2038//2038
f 710//710 2038//2038 1926//1926
f 1861//1861 711//711 1977//1977
f 1861//1861 1977//1977 714//714
f 1860//1860 714//714 1978//1978
f 1860//1860 1978//1978 1859//1859
f 1859//1859 1978//1978 1979//1979
f 1858//1858 1954//1954 1980//1980
f 1858//1858 1980//1980 717//717
f 717//717 1980//1980 1981//1981
f 1857//1857 1955//1955 1927//1927
f 1927//1927 1956//1956 1928//1928
f 1856//1856 1957//1957 1929//1929
f 1929//1929 1958//1958 725//725
f 727//727 1960//1960 2050//2050
f 1855//1855 727//727 1982//1982
f 1855//1855 1982//1982 735//735
f 1854//1854 735//735 1983//1983
f 1854//1854 1983//1983 733//733
f 733//733 1983//1983 1961//1961
f 1912//1912 1961//1961 1984//1984
f 1912//1912 1984//1984 1930//1930
f 730//730 1930//1930 1985//1985
f 730//730 1985//1985 1962//1962
f 1913//1913 1962//1962 1986//1986
f 1913//1913 1986//1986 1931//1931
f 1914//1914 1931//1931 1987//1987
f 1920//1920 695//695 2055//2055
f 2055//2055 695//695 693//693
f 2056//2056 1932//1932 1867//1867
f 1990//1990 686//686 1869//1869
f 1991//1991 1869//1869 1933//1933
f 1994//1994 1993//1993 1871//1871
f 1994//1994 1871//1871 1872//1872
f 1995//1995 1872//1872 1873//1873
f 1995//1995 1873//1873 1934//1934
f 1997//1997 1996//1996 682//682
f 2058//2058 1936//1936 1937//1937
f 1965//1965 674//674 2001//2001
f 2059//2059 2001//2001 673//673
f 2059//2059 673//673 2060//2060
f 2060//2060 673//673 1938//1938
f 2061//2061 2002//2002 1916//1916
f 2061//2061 1916//1916 1878//1878
f 2003//2003 1878//1878 1879//1879
f 2003//2003 1879//1879 1939//1939
f 2006//2006 2005//2005 1883//1883
f 2006//2006 1883//1883 1940//1940
f 2062//2062 2008//2008 1917//1917
f 2062//2062 1917//1917 1941//1941
f 2009//2009 1941//1941 1887//1887
f 2009//2009 1887//1887 1942//1942
f 2011//2011 2010//2010 1889//1889
f 2012//2012 1889//1889 1890//1890
f 2012//2012 1890//1890 1943//1943
f 2014//2014 2013//2013 1944//1944
f 1966//1966 1918//1918 2015//2015
f 2063//2063 1945//1945 1894//1894
f 2018//2018 2017//2017 746//746
f 2018//2018 746//746 1895//1895
f 2064//2064 2019//2019 1919//1919
f 2064//2064 1919//1919 1896//1896
f 1967//1967 1896//1896 1897//1897
f 2066//2066 2022//2022 1968//1968
f 2026//2026 2025//2025 1902//1902
f 1987//1987 2027//2027 1914//1914
f 1920//1920 1969//1969 1947//1947
f 697//697 1970//1970 1921//1921
f 1904//1904 1921//1921 1948//1948
f 1904//1904 1948//1948 1866//1866
f 1866//1866 1948//1948 1905//1905
f 1864//1864 1865//1865 2034//2034
f 1864//1864 2034//2034 1951//1951
f 1923//1923 2035//2035 1952//1952
f 1924//1924 1952//1952 2036//2036
f 1924//1924 2036//2036 1925//1925
f 707//707 1976//1976 2037//2037
f 707//707 2037//2037 1953//1953
f 711//711 1926//1926 2039//2039
f 714//714 1977//1977 2040//2040
f 1859//1859 1979//1979 1911//1911
f 717//717 1981//1981 718//718
f 718//718 1981//1981 2042//2042
f 718//718 2042//2042 2043//2043
f 718//718 2043//2043 1955//1955
f 1927//1927 1955//1955 2044//2044
f 1927//1927 2044//2044 2045//2045
f 1927//1927 2045//2045 1956//1956
f 1928//1928 1956//1956 2075//2075
f 1928//1928 2075//2075 1957//1957
f 1929//1929 1957//1957 2046//2046
f 1929//1929 2046//2046 2047//2047
f 1929//1929 2047//2047 1958//1958
f 725//725 1958//1958 1959//1959
f 1959//1959 2049//2049 1960//1960
f 1961//1961 1983//1983 2052//2052
f 2127//2127 2055//2055 693//693
f 2127//2127 693//693 1988//1988
f 2077//2077 690//690 1932//1932
f 2077//2077 1932//1932 2056//2056
f 2057//2057 2056//2056 1867//1867
f 2057//2057 1867//1867 1963//1963
f 1990//1990 1869//1869 1991//1991
f 1991//1991 1933//1933 2078//2078
f 2078//2078 1933//1933 1992//1992
f 1994//1994 1872//1872 2079//2079
f 2079//2079 1872//1872 1995//1995
f 1995//1995 1934//1934 2080//2080
f 2080//2080 1934//1934 1996//1996
f 1997//1997 682//682 2134//2134
f 2134//2134 682//682 1915//1915
f 2134//2134 1915//1915 1935//1935
f 2082//2082 1999//1999 1936//1936
f 2082//2082 1936//1936 2058//2058
f 2083//2083 2058//2058 1937//1937
f 2083//2083 1937//1937 2084//2084
f 2084//2084 1937//1937 1964//1964
f 2085//2085 2000//2000 1965//1965
f 2086//2086 2060//2060 1938//1938
f 2086//2086 1938//1938 2002//2002
f 2087//2087 2061//2061 1878//1878
f 2087//2087 1878//1878 2003//2003
f 2003//2003 1939//1939 2088//2088
f 2088//2088 1939//1939 2004//2004
f 2006//2006 1940//1940 2089//2089
f 2089//2089 1940//1940 2007//2007
f 2090//2090 2062//2062 1941//1941
f 2090//2090 1941//1941 2009//2009
f 2009//2009 1942//1942 2091//2091
f 2091//2091 1942//1942 2010//2010
f 2011//2011 1889//1889 2092//2092
f 2092//2092 1889//1889 2012//2012
f 2012//2012 1943//1943 2093//2093
f 2093//2093 1943//1943 2013//2013
f 2014//2014 1944//1944 2094//2094
f 2094//2094 1944//1944 1966//1966
f 2095//2095 2016//2016 1945//1945
f 2095//2095 1945//1945 2063//2063
f 2096//2096 2063//2063 1894//1894
f 2096//2096 1894//1894 2017//2017
f 2018//2018 1895//1895 2097//2097
f 2097//2097 1895//1895 2019//2019
f 2065//2065 2064//2064 1896//1896
f 2065//2065 1896//1896 1967//1967
f 2020//2020 1967//1967 1897//1897
f 2020//2020 1897//1897 2021//2021
f 2026//2026 1902//1902 2147//2147
f 2147//2147 1902//1902 739//739
f 2147//2147 739//739 1946//1946
f 1920//1920 2028//2028 1969//1969
f 1970//1970 2029//2029 1921//1921
f 1949//1949 1905//1905 2149//2149
f 1949//1949 2149//2149 1971//1971
f 1922//1922 1971//1971 2032//2032
f 1950//1950 1972//1972 2152//2152
f 1950//1950 2152//2152 1973//1973
f 1973//1973 2033//2033 1865//1865
f 1865//1865 2033//2033 2034//2034
f 1951//1951 2034//2034 2103//2103
f 1974//1974 2156//2156 1975//1975
f 1910//1910 1975//1975 2158//2158
f 1910//1910 2158//2158 2035//2035
f 1925//1925 2036//2036 1976//1976
f 1953//1953 2037//2037 2108//2108
f 711//711 2039//2039 2072//2072
f 711//711 2072//2072 1977//1977
f 714//714 2040//2040 2073//2073
f 714//714 2073//2073 1978//1978
f 1954//1954 1911//1911 2074//2074
f 1954//1954 2074//2074 1980//1980
f 1955//1955 2043//2043 2116//2116
f 1960//1960 2049//2049 2119//2119
f 727//727 2050//2050 1982//1982
f 735//735 1982//1982 2051//2051
f 735//735 2051//2051 1983//1983
f 1961//1961 2052//2052 1984//1984
f 1930//1930 1984//1984 2053//2053
f 1962//1962 1985//1985 2169//2169
f 1962//1962 2169//2169 1986//1986
f 1931//1931 1986//1986 2054//2054
f 1931//1931 2054//2054 1987//1987
f 2028//2028 1920//1920 2055//2055
f 2076//2076 2127//2127 1988//1988
f 2057//2057 1963//1963 2128//2128
f 2128//2128 1963//1963 1989//1989
f 2174//2174 1990//1990 1991//1991
f 2177//2177 1993//1993 1994//1994
f 2132//2132 2079//2079 1995//1995
f 2081//2081 2134//2134 1935//1935
f 2135//2135 2084//2084 1964//1964
f 2135//2135 1964//1964 2000//2000
f 2136//2136 2085//2085 1965//1965
f 2136//2136 1965//1965 2001//2001
f 2137//2137 2087//2087 2003//2003
f 2189//2189 2005//2005 2006//2006
f 2139//2139 2090//2090 2009//2009
f 2141//2141 2092//2092 2012//2012
f 2143//2143 2094//2094 1966//1966
f 2143//2143 1966//1966 2015//2015
f 2065//2065 1967//1967 2020//2020
f 2145//2145 2066//2066 1968//1968
f 2145//2145 1968//1968 2023//2023
f 2098//2098 2147//2147 1946//1946
f 1947//1947 1969//1969 2067//2067
f 1947//1947 2067//2067 1970//1970
f 1970//1970 2067//2067 2068//2068
f 1970//1970 2068//2068 2029//2029
f 1921//1921 2029//2029 2030//2030
f 1921//1921 2030//2030 1948//1948
f 1948//1948 2030//2030 2031//2031
f 1948//1948 2031//2031 1905//1905
f 1905//1905 2031//2031 2099//2099
f 1971//1971 2149//2149 2100//2100
f 1971//1971 2100//2100 2032//2032
f 1922//1922 2032//2032 1972//1972
f 1972//1972 2032//2032 2101//2101
f 1973//1973 2152//2152 2069//2069
f 1973//1973 2069//2069 2033//2033
f 2034//2034 2033//2033 2102//2102
f 1951//1951 2103//2103 2104//2104
f 1951//1951 2104//2104 1974//1974
f 1974//1974 2104//2104 2156//2156
f 1975//1975 2156//2156 2105//2105
f 1975//1975 2105//2105 2158//2158
f 2035//2035 2158//2158 2106//2106
f 1952//1952 2070//2070 2036//2036
f 2036//2036 2071//2071 1976//1976
f 1976//1976 2071//2071 2037//2037
f 1953//1953 2108//2108 2109//2109
f 1953//1953 2109//2109 2038//2038
f 1926//1926 2038//2038 2110//2110
f 1926//1926 2110//2110 2039//2039
f 1977//1977 2072//2072 2111//2111
f 1977//1977 2111//2111 2040//2040
f 1978//1978 2073//2073 1979//1979
f 1979//1979 2073//2073 2041//2041
f 1979//1979 2041//2041 1911//1911
f 1911//1911 2041//2041 2113//2113
f 1980//1980 2074//2074 1981//1981
f 1981//1981 2074//2074 2042//2042
f 2043//2043 2042//2042 2115//2115
f 1955//1955 2116//2116 2117//2117
f 1955//1955 2117//2117 2044//2044
f 1956//1956 2045//2045 2221//2221
f 1956//1956 2221//2221 2075//2075
f 1957//1957 2075//2075 2118//2118
f 1957//1957 2118//2118 2046//2046
f 1958//1958 2047//2047 2048//2048
f 1958//1958 2048//2048 1959//1959
f 1959//1959 2048//2048 2049//2049
f 1960//1960 2119//2119 2120//2120
f 1960//1960 2120//2120 2050//2050
f 1982//1982 2050//2050 2121//2121
f 1982//1982 2121//2121 2051//2051
f 1983//1983 2051//2051 2122//2122
f 1983//1983 2122//2122 2052//2052
f 1984//1984 2052//2052 2123//2123
f 1984//1984 2123//2123 2053//2053
f 1930//1930 2053//2053 1985//1985
f 1985//1985 2053//2053 2124//2124
f 1986//1986 2169//2169 2125//2125
f 1986//1986 2125//2125 2054//2054
f 1987//1987 2054//2054 2126//2126
f 2076//2076 1988//1988 2171//2171
f 2171//2171 1988//1988 690//690
f 2171//2171 690//690 2077//2077
f 2230//2230 2077//2077 2056//2056
f 2231//2231 2056//2056 2057//2057
f 2173//2173 2128//2128 1989//1989
f 2173//2173 1989//1989 2129//2129
f 2129//2129 1989//1989 686//686
f 2129//2129 686//686 1990//1990
f 2130//2130 1990//1990 2174//2174
f 2174//2174 1991//1991 2078//2078
f 2175//2175 2078//2078 1992//1992
f 2175//2175 1992//1992 2176//2176
f 2176//2176 1992//1992 1993//1993
f 2176//2176 1993//1993 2131//2131
f 2131//2131 1993//1993 2177//2177
f 2177//2177 1994//1994 2079//2079
f 2178//2178 2132//2132 1995//1995
f 2178//2178 1995//1995 2080//2080
f 2133//2133 2080//2080 1996//1996
f 2133//2133 1996//1996 1997//1997
f 2179//2179 1997//1997 2134//2134
f 2081//2081 1935//1935 2180//2180
f 2180//2180 1935//1935 1998//1998
f 2180//2180 1998//1998 2181//2181
f 2181//2181 1998//1998 1999//1999
f 2181//2181 1999//1999 2082//2082
f 2182//2182 2082//2082 2058//2058
f 2183//2183 2135//2135 2000//2000
f 2183//2183 2000//2000 2085//2085
f 2184//2184 2136//2136 2001//2001
f 2184//2184 2001//2001 2059//2059
f 2185//2185 2086//2086 2002//2002
f 2185//2185 2002//2002 2061//2061
f 2186//2186 2137//2137 2003//2003
f 2186//2186 2003//2003 2088//2088
f 2187//2187 2088//2088 2004//2004
f 2187//2187 2004//2004 2188//2188
f 2188//2188 2004//2004 2005//2005
f 2188//2188 2005//2005 2138//2138
f 2138//2138 2005//2005 2189//2189
f 2189//2189 2006//2006 2089//2089
f 2190//2190 2089//2089 2007//2007
f 2190//2190 2007//2007 2191//2191
f 2191//2191 2007//2007 2008//2008
f 2191//2191 2008//2008 2062//2062
f 2192//2192 2139//2139 2009//2009
f 2192//2192 2009//2009 2091//2091
f 2140//2140 2091//2091 2010//2010
f 2140//2140 2010//2010 2011//2011
f 2193//2193 2011//2011 2092//2092
f 2194//2194 2141//2141 2012//2012
f 2194//2194 2012//2012 2093//2093
f 2142//2142 2093//2093 2013//2013
f 2142//2142 2013//2013 2014//2014
f 2195//2195 2014//2014 2094//2094
f 2196//2196 2143//2143 2015//2015
f 2196//2196 2015//2015 2197//2197
f 2197//2197 2015//2015 2016//2016
f 2197//2197 2016//2016 2095//2095
f 2198//2198 2095//2095 2063//2063
f 2144//2144 2096//2096 2017//2017
f 2144//2144 2017//2017 2018//2018
f 2199//2199 2018//2018 2097//2097
f 2200//2200 2097//2097 2019//2019
f 2200//2200 2019//2019 2064//2064
f 2240//2240 2064//2064 2065//2065
f 2202//2202 2020//2020 2021//2021
f 2202//2202 2021//2021 2203//2203
f 2203//2203 2021//2021 2022//2022
f 2203//2203 2022//2022 2204//2204
f 2204//2204 2022//2022 2066//2066
f 2205//2205 2145//2145 2023//2023
f 2205//2205 2023//2023 2206//2206
f 2206//2206 2023//2023 2024//2024
f 2206//2206 2024//2024 2146//2146
f 2146//2146 2024//2024 2025//2025
f 2146//2146 2025//2025 2026//2026
f 2207//2207 2026//2026 2147//2147
f 2098//2098 1946//1946 2208//2208
f 2208//2208 1946//1946 2027//2027
f 2208//2208 2027//2027 2126//2126
f 2126//2126 2027//2027 1987//1987
f 1969//1969 2028//2028 2067//2067
f 1905//1905 2099//2099 2149//2149
f 1972//1972 2101//2101 2152//2152
f 2034//2034 2102//2102 2103//2103
f 2035//2035 2106//2106 1952//1952
f 1952//1952 2106//2106 2159//2159
f 1952//1952 2159//2159 2070//2070
f 2036//2036 2070//2070 2107//2107
f 2036//2036 2107//2107 2071//2071
f 2037//2037 2071//2071 2108//2108
f 2039//2039 2110//2110 2072//2072
f 2040//2040 2111//2111 2073//2073
f 1911//1911 2113//2113 2074//2074
f 2043//2043 2115//2115 2116//2116
f 2044//2044 2117//2117 2045//2045
f 2045//2045 2117//2117 2162//2162
f 2046//2046 2118//2118 2047//2047
f 2047//2047 2118//2118 2163//2163
f 2049//2049 2048//2048 2119//2119
f 1985//1985 2124//2124 2169//2169
f 2228//2228 2028//2028 2055//2055
f 2228//2228 2055//2055 2127//2127
f 2172//2172 2230//2230 2056//2056
f 2172//2172 2056//2056 2231//2231
f 2231//2231 2057//2057 2128//2128
f 2129//2129 1990//1990 2130//2130
f 2133//2133 1997//1997 2179//2179
f 2233//2233 2182//2182 2058//2058
f 2233//2233 2058//2058 2083//2083
f 2234//2234 2184//2184 2059//2059
f 2234//2234 2059//2059 2060//2060
f 2234//2234 2060//2060 2086//2086
f 2235//2235 2185//2185 2061//2061
f 2235//2235 2061//2061 2087//2087
f 2236//2236 2191//2191 2062//2062
f 2236//2236 2062//2062 2090//2090
f 2140//2140 2011//2011 2193//2193
f 2142//2142 2014//2014 2195//2195
f 2237//2237 2198//2198 2063//2063
f 2237//2237 2063//2063 2096//2096
f 2144//2144 2018//2018 2199//2199
f 2238//2238 2200//2200 2064//2064
f 2238//2238 2064//2064 2201//2201
f 2201//2201 2064//2064 2240//2240
f 2240//2240 2065//2065 2241//2241
f 2241//2241 2065//2065 2020//2020
f 2242//2242 2204//2204 2066//2066
f 2242//2242 2066//2066 2145//2145
f 2146//2146 2026//2026 2207//2207
f 2067//2067 2148//2148 2068//2068
f 2029//2029 2068//2068 2210//2210
f 2029//2029 2210//2210 2030//2030
f 2032//2032 2100//2100 2151//2151
f 2032//2032 2151//2151 2101//2101
f 2069//2069 2154//2154 2033//2033
f 2033//2033 2154//2154 2102//2102
f 2071//2071 2107//2107 2213//2213
f 2038//2038 2109//2109 2160//2160
f 2038//2038 2160//2160 2110//2110
f 2072//2072 2110//2110 2161//2161
f 2072//2072 2161//2161 2111//2111
f 2073//2073 2111//2111 2216//2216
f 2073//2073 2216//2216 2112//2112
f 2073//2073 2112//2112 2041//2041
f 2041//2041 2112//2112 2113//2113
f 2074//2074 2113//2113 2218//2218
f 2074//2074 2218//2218 2114//2114
f 2074//2074 2114//2114 2042//2042
f 2042//2042 2114//2114 2219//2219
f 2042//2042 2219//2219 2115//2115
f 2045//2045 2162//2162 2221//2221
f 2075//2075 2221//2221 2118//2118
f 2047//2047 2163//2163 2048//2048
f 2050//2050 2120//2120 2164//2164
f 2050//2050 2164//2164 2121//2121
f 2051//2051 2121//2121 2166//2166
f 2051//2051 2166//2166 2122//2122
f 2052//2052 2122//2122 2167//2167
f 2052//2052 2167//2167 2123//2123
f 2053//2053 2123//2123 2168//2168
f 2053//2053 2168//2168 2124//2124
f 2054//2054 2125//2125 2227//2227
f 2054//2054 2227//2227 2126//2126
f 2229//2229 2228//2228 2127//2127
f 2264//2264 2127//2127 2076//2076
f 2264//2264 2076//2076 2171//2171
f 2265//2265 2171//2171 2077//2077
f 2265//2265 2077//2077 2230//2230
f 2325//2325 2173//2173 2129//2129
f 2267//2267 2174//2174 2078//2078
f 2267//2267 2078//2078 2175//2175
f 2327//2327 2176//2176 2131//2131
f 2328//2328 2177//2177 2079//2079
f 2328//2328 2079//2079 2132//2132
f 2271//2271 2178//2178 2080//2080
f 2271//2271 2080//2080 2133//2133
f 2232//2232 2179//2179 2134//2134
f 2273//2273 2134//2134 2081//2081
f 2273//2273 2081//2081 2180//2180
f 2275//2275 2181//2181 2082//2082
f 2275//2275 2082//2082 2182//2182
f 2277//2277 2233//2233 2083//2083
f 2277//2277 2083//2083 2084//2084
f 2277//2277 2084//2084 2329//2329
f 2329//2329 2084//2084 2135//2135
f 2278//2278 2183//2183 2085//2085
f 2278//2278 2085//2085 2136//2136
f 2280//2280 2234//2234 2086//2086
f 2280//2280 2086//2086 2185//2185
f 2332//2332 2235//2235 2087//2087
f 2332//2332 2087//2087 2137//2137
f 2281//2281 2186//2186 2088//2088
f 2281//2281 2088//2088 2187//2187
f 2333//2333 2188//2188 2138//2138
f 2283//2283 2189//2189 2089//2089
f 2283//2283 2089//2089 2190//2190
f 2285//2285 2236//2236 2090//2090
f 2285//2285 2090//2090 2334//2334
f 2334//2334 2090//2090 2139//2139
f 2287//2287 2192//2192 2091//2091
f 2287//2287 2091//2091 2140//2140
f 2335//2335 2193//2193 2092//2092
f 2335//2335 2092//2092 2141//2141
f 2290//2290 2194//2194 2093//2093
f 2290//2290 2093//2093 2142//2142
f 2336//2336 2195//2195 2094//2094
f 2336//2336 2094//2094 2143//2143
f 2292//2292 2197//2197 2095//2095
f 2292//2292 2095//2095 2198//2198
f 2294//2294 2237//2237 2096//2096
f 2294//2294 2096//2096 2144//2144
f 2296//2296 2199//2199 2097//2097
f 2296//2296 2097//2097 2200//2200
f 2297//2297 2241//2241 2020//2020
f 2297//2297 2020//2020 2202//2202
f 2339//2339 2206//2206 2146//2146
f 2244//2244 2207//2207 2147//2147
f 2301//2301 2147//2147 2098//2098
f 2301//2301 2098//2098 2208//2208
f 2209//2209 2208//2208 2126//2126
f 2067//2067 2028//2028 2148//2148
f 2099//2099 2031//2031 2248//2248
f 2099//2099 2248//2248 2149//2149
f 2100//2100 2149//2149 2150//2150
f 2100//2100 2150//2150 2151//2151
f 2101//2101 2151//2151 2250//2250
f 2101//2101 2250//2250 2152//2152
f 2069//2069 2152//2152 2153//2153
f 2069//2069 2153//2153 2154//2154
f 2102//2102 2154//2154 2211//2211
f 2102//2102 2211//2211 2103//2103
f 2104//2104 2103//2103 2155//2155
f 2104//2104 2155//2155 2156//2156
f 2105//2105 2156//2156 2157//2157
f 2105//2105 2157//2157 2158//2158
f 2070//2070 2159//2159 2212//2212
f 2070//2070 2212//2212 2107//2107
f 2071//2071 2213//2213 2214//2214
f 2071//2071 2214//2214 2108//2108
f 2109//2109 2108//2108 2160//2160
f 2110//2110 2160//2160 2215//2215
f 2110//2110 2215//2215 2161//2161
f 2111//2111 2161//2161 2216//2216
f 2113//2113 2112//2112 2218//2218
f 2115//2115 2220//2220 2116//2116
f 2118//2118 2222//2222 2163//2163
f 2048//2048 2163//2163 2225//2225
f 2048//2048 2225//2225 2119//2119
f 2120//2120 2119//2119 2164//2164
f 2121//2121 2164//2164 2165//2165
f 2121//2121 2165//2165 2166//2166
f 2123//2123 2167//2167 2168//2168
f 2124//2124 2168//2168 2226//2226
f 2124//2124 2226//2226 2169//2169
f 2125//2125 2169//2169 2170//2170
f 2125//2125 2170//2170 2227//2227
f 2245//2245 2028//2028 2228//2228
f 2229//2229 2127//2127 2264//2264
f 2324//2324 2231//2231 2128//2128
f 2324//2324 2128//2128 2173//2173
f 2266//2266 2325//2325 2129//2129
f 2266//2266 2129//2129 2130//2130
f 2326//2326 2130//2130 2174//2174
f 2327//2327 2131//2131 2177//2177
f 2328//2328 2132//2132 2178//2178
f 2272//2272 2271//2271 2133//2133
f 2272//2272 2133//2133 2179//2179
f 2232//2232 2134//2134 2273//2273
f 2329//2329 2135//2135 2183//2183
f 2279//2279 2278//2278 2136//2136
f 2279//2279 2136//2136 2184//2184
f 2332//2332 2137//2137 2186//2186
f 2333//2333 2138//2138 2189//2189
f 2334//2334 2139//2139 2192//2192
f 2288//2288 2287//2287 2140//2140
f 2288//2288 2140//2140 2193//2193
f 2335//2335 2141//2141 2194//2194
f 2291//2291 2290//2290 2142//2142
f 2291//2291 2142//2142 2195//2195
f 2336//2336 2143//2143 2196//2196
f 2295//2295 2294//2294 2144//2144
f 2295//2295 2144//2144 2199//2199
f 2239//2239 2238//2238 2201//2201
f 2243//2243 2242//2242 2145//2145
f 2243//2243 2145//2145 2205//2205
f 2339//2339 2146//2146 2207//2207
f 2244//2244 2147//2147 2301//2301
f 2209//2209 2126//2126 2227//2227
f 2028//2028 2245//2245 2148//2148
f 2148//2148 2246//2246 2068//2068
f 2068//2068 2247//2247 2210//2210
f 2030//2030 2210//2210 2341//2341
f 2030//2030 2341//2341 2031//2031
f 2031//2031 2341//2341 2248//2248
f 2149//2149 2248//2248 2150//2150
f 2152//2152 2250//2250 2153//2153
f 2211//2211 2252//2252 2103//2103
f 2103//2103 2252//2252 2155//2155
f 2155//2155 2253//2253 2156//2156
f 2156//2156 2253//2253 2157//2157
f 2157//2157 2254//2254 2158//2158
f 2158//2158 2254//2254 2106//2106
f 2107//2107 2212//2212 2308//2308
f 2107//2107 2308//2308 2213//2213
f 2214//2214 2345//2345 2108//2108
f 2108//2108 2345//2345 2160//2160
f 2160//2160 2256//2256 2215//2215
f 2216//2216 2311//2311 2112//2112
f 2112//2112 2311//2311 2217//2217
f 2112//2112 2217//2217 2218//2218
f 2218//2218 2312//2312 2114//2114
f 2114//2114 2312//2312 2219//2219
f 2115//2115 2219//2219 2220//2220
f 2220//2220 2257//2257 2116//2116
f 2116//2116 2257//2257 2117//2117
f 2117//2117 2258//2258 2162//2162
f 2162//2162 2258//2258 2221//2221
f 2221//2221 2259//2259 2118//2118
f 2118//2118 2259//2259 2222//2222
f 2222//2222 2223//2223 2163//2163
f 2163//2163 2223//2223 2224//2224
f 2163//2163 2224//2224 2225//2225
f 2225//2225 2260//2260 2119//2119
f 2119//2119 2260//2260 2164//2164
f 2164//2164 2261//2261 2165//2165
f 2122//2122 2263//2263 2167//2167
f 2226//2226 2355//2355 2169//2169
f 2169//2169 2355//2355 2170//2170
f 2264//2264 2171//2171 2265//2265
f 2323//2323 2265//2265 2230//2230
f 2357//2357 2230//2230 2172//2172
f 2357//2357 2172//2172 2231//2231
f 2324//2324 2173//2173 2358//2358
f 2358//2358 2173//2173 2325//2325
f 2266//2266 2130//2130 2326//2326
f 2326//2326 2174//2174 2267//2267
f 2268//2268 2267//2267 2175//2175
f 2268//2268 2175//2175 2176//2176
f 2268//2268 2176//2176 2327//2327
f 2269//2269 2327//2327 2177//2177
f 2269//2269 2177//2177 2328//2328
f 2270//2270 2328//2328 2178//2178
f 2270//2270 2178//2178 2271//2271
f 2272//2272 2179//2179 2232//2232
f 2274//2274 2273//2273 2180//2180
f 2274//2274 2180//2180 2275//2275
f 2275//2275 2180//2180 2181//2181
f 2276//2276 2275//2275 2182//2182
f 2276//2276 2182//2182 2233//2233
f 2278//2278 2329//2329 2183//2183
f 2279//2279 2184//2184 2234//2234
f 2280//2280 2185//2185 2235//2235
f 2281//2281 2332//2332 2186//2186
f 2368//2368 2281//2281 2187//2187
f 2368//2368 2187//2187 2282//2282
f 2282//2282 2187//2187 2188//2188
f 2282//2282 2188//2188 2333//2333
f 2370//2370 2333//2333 2189//2189
f 2370//2370 2189//2189 2283//2283
f 2284//2284 2283//2283 2190//2190
f 2284//2284 2190//2190 2371//2371
f 2371//2371 2190//2190 2191//2191
f 2371//2371 2191//2191 2236//2236
f 2286//2286 2334//2334 2192//2192
f 2286//2286 2192//2192 2287//2287
f 2288//2288 2193//2193 2335//2335
f 2289//2289 2335//2335 2194//2194
f 2289//2289 2194//2194 2290//2290
f 2291//2291 2195//2195 2336//2336
f 2377//2377 2336//2336 2196//2196
f 2377//2377 2196//2196 2378//2378
f 2378//2378 2196//2196 2197//2197
f 2378//2378 2197//2197 2292//2292
f 2293//2293 2292//2292 2198//2198
f 2293//2293 2198//2198 2237//2237
f 2295//2295 2199//2199 2296//2296
f 2337//2337 2296//2296 2200//2200
f 2337//2337 2200//2200 2238//2238
f 2239//2239 2201//2201 2240//2240
f 2298//2298 2297//2297 2202//2202
f 2298//2298 2202//2202 2299//2299
f 2299//2299 2202//2202 2203//2203
f 2299//2299 2203//2203 2204//2204
f 2299//2299 2204//2204 2242//2242
f 2243//2243 2205//2205 2382//2382
f 2382//2382 2205//2205 2206//2206
f 2382//2382 2206//2206 2300//2300
f 2300//2300 2206//2206 2339//2339
f 2244//2244 2339//2339 2207//2207
f 2301//2301 2208//2208 2209//2209
f 2148//2148 2245//2245 2246//2246
f 2068//2068 2246//2246 2247//2247
f 2248//2248 2249//2249 2150//2150
f 2151//2151 2343//2343 2250//2250
f 2250//2250 2251//2251 2153//2153
f 2155//2155 2252//2252 2253//2253
f 2157//2157 2253//2253 2254//2254
f 2106//2106 2254//2254 2159//2159
f 2159//2159 2255//2255 2212//2212
f 2214//2214 2213//2213 2345//2345
f 2160//2160 2345//2345 2256//2256
f 2161//2161 2347//2347 2216//2216
f 2217//2217 2348//2348 2218//2218
f 2117//2117 2257//2257 2258//2258
f 2221//2221 2258//2258 2259//2259
f 2222//2222 2259//2259 2223//2223
f 2225//2225 2224//2224 2260//2260
f 2164//2164 2260//2260 2261//2261
f 2166//2166 2262//2262 2122//2122
f 2122//2122 2262//2262 2263//2263
f 2170//2170 2321//2321 2227//2227
f 2340//2340 2245//2245 2228//2228
f 2340//2340 2228//2228 2229//2229
f 2323//2323 2230//2230 2357//2357
f 2324//2324 2357//2357 2231//2231
f 2363//2363 2272//2272 2232//2232
f 2363//2363 2232//2232 2273//2273
f 2276//2276 2233//2233 2277//2277
f 2366//2366 2278//2278 2279//2279
f 2330//2330 2279//2279 2234//2234
f 2330//2330 2234//2234 2280//2280
f 2331//2331 2280//2280 2235//2235
f 2331//2331 2235//2235 2332//2332
f 2371//2371 2236//2236 2285//2285
f 2293//2293 2237//2237 2294//2294
f 2337//2337 2238//2238 2239//2239
f 2338//2338 2239//2239 2240//2240
f 2338//2338 2240//2240 2241//2241
f 2338//2338 2241//2241 2297//2297
f 2243//2243 2299//2299 2242//2242
f 2383//2383 2244//2244 2301//2301
f 2321//2321 2209//2209 2227//2227
f 2210//2210 2247//2247 2302//2302
f 2210//2210 2302//2302 2341//2341
f 2341//2341 2342//2342 2248//2248
f 2248//2248 2342//2342 2249//2249
f 2150//2150 2249//2249 2151//2151
f 2151//2151 2249//2249 2303//2303
f 2151//2151 2303//2303 2343//2343
f 2153//2153 2251//2251 2154//2154
f 2154//2154 2251//2251 2304//2304
f 2154//2154 2304//2304 2211//2211
f 2211//2211 2305//2305 2252//2252
f 2252//2252 2306//2306 2253//2253
f 2253//2253 2307//2307 2254//2254
f 2254//2254 2344//2344 2159//2159
f 2159//2159 2344//2344 2255//2255
f 2212//2212 2255//2255 2308//2308
f 2213//2213 2309//2309 2345//2345
f 2345//2345 2346//2346 2256//2256
f 2256//2256 2310//2310 2215//2215
f 2215//2215 2310//2310 2161//2161
f 2161//2161 2310//2310 2347//2347
f 2216//2216 2347//2347 2311//2311
f 2217//2217 2311//2311 2348//2348
f 2218//2218 2348//2348 2312//2312
f 2219//2219 2312//2312 2401//2401
f 2219//2219 2401//2401 2220//2220
f 2220//2220 2313//2313 2257//2257
f 2257//2257 2349//2349 2258//2258
f 2258//2258 2314//2314 2259//2259
f 2223//2223 2315//2315 2224//2224
f 2224//2224 2316//2316 2260//2260
f 2260//2260 2317//2317 2261//2261
f 2261//2261 2352//2352 2165//2165
f 2165//2165 2352//2352 2166//2166
f 2166//2166 2352//2352 2318//2318
f 2166//2166 2318//2318 2262//2262
f 2263//2263 2354//2354 2167//2167
f 2167//2167 2354//2354 2168//2168
f 2168//2168 2354//2354 2406//2406
f 2168//2168 2406//2406 2226//2226
f 2226//2226 2319//2319 2355//2355
f 2355//2355 2320//2320 2170//2170
f 2170//2170 2320//2320 2321//2321
f 2356//2356 2229//2229 2264//2264
f 2356//2356 2264//2264 2323//2323
f 2323//2323 2264//2264 2265//2265
f 2359//2359 2325//2325 2266//2266
f 2359//2359 2266//2266 2326//2326
f 2360//2360 2326//2326 2267//2267
f 2360//2360 2267//2267 2268//2268
f 2360//2360 2268//2268 2431//2431
f 2431//2431 2268//2268 2327//2327
f 2361//2361 2327//2327 2269//2269
f 2361//2361 2269//2269 2328//2328
f 2362//2362 2328//2328 2270//2270
f 2362//2362 2270//2270 2271//2271
f 2362//2362 2271//2271 2272//2272
f 2274//2274 2363//2363 2273//2273
f 2364//2364 2274//2274 2275//2275
f 2364//2364 2275//2275 2432//2432
f 2432//2432 2275//2275 2276//2276
f 2365//2365 2276//2276 2277//2277
f 2365//2365 2277//2277 2329//2329
f 2366//2366 2329//2329 2278//2278
f 2409//2409 2366//2366 2279//2279
f 2409//2409 2279//2279 2330//2330
f 2436//2436 2330//2330 2280//2280
f 2436//2436 2280//2280 2331//2331
f 2410//2410 2331//2331 2332//2332
f 2367//2367 2332//2332 2281//2281
f 2367//2367 2281//2281 2368//2368
f 2369//2369 2368//2368 2282//2282
f 2369//2369 2282//2282 2333//2333
f 2370//2370 2283//2283 2284//2284
f 2372//2372 2371//2371 2285//2285
f 2372//2372 2285//2285 2334//2334
f 2373//2373 2334//2334 2286//2286
f 2373//2373 2286//2286 2287//2287
f 2373//2373 2287//2287 2288//2288
f 2374//2374 2288//2288 2335//2335
f 2375//2375 2335//2335 2289//2289
f 2375//2375 2289//2289 2290//2290
f 2375//2375 2290//2290 2291//2291
f 2376//2376 2291//2291 2336//2336
f 2293//2293 2378//2378 2292//2292
f 2379//2379 2293//2293 2294//2294
f 2379//2379 2294//2294 2295//2295
f 2380//2380 2295//2295 2296//2296
f 2380//2380 2296//2296 2337//2337
f 2413//2413 2337//2337 2239//2239
f 2413//2413 2239//2239 2338//2338
f 2298//2298 2338//2338 2297//2297
f 2381//2381 2298//2298 2299//2299
f 2441//2441 2382//2382 2300//2300
f 2383//2383 2339//2339 2244//2244
f 2384//2384 2383//2383 2301//2301
f 2384//2384 2301//2301 2322//2322
f 2322//2322 2301//2301 2209//2209
f 2322//2322 2209//2209 2321//2321
f 2245//2245 2340//2340 2246//2246
f 2246//2246 2340//2340 2385//2385
f 2246//2246 2385//2385 2247//2247
f 2247//2247 2385//2385 2302//2302
f 2250//2250 2343//2343 2251//2251
f 2211//2211 2304//2304 2305//2305
f 2252//2252 2305//2305 2306//2306
f 2253//2253 2306//2306 2307//2307
f 2254//2254 2307//2307 2344//2344
f 2308//2308 2396//2396 2213//2213
f 2213//2213 2396//2396 2309//2309
f 2256//2256 2346//2346 2310//2310
f 2311//2311 2423//2423 2348//2348
f 2220//2220 2401//2401 2313//2313
f 2257//2257 2313//2313 2349//2349
f 2349//2349 2350//2350 2258//2258
f 2258//2258 2350//2350 2314//2314
f 2314//2314 2351//2351 2259//2259
f 2259//2259 2351//2351 2223//2223
f 2224//2224 2315//2315 2316//2316
f 2260//2260 2316//2316 2317//2317
f 2317//2317 2404//2404 2261//2261
f 2261//2261 2404//2404 2352//2352
f 2318//2318 2352//2352 2262//2262
f 2263//2263 2262//2262 2353//2353
f 2263//2263 2353//2353 2354//2354
f 2226//2226 2406//2406 2319//2319
f 2457//2457 2340//2340 2229//2229
f 2457//2457 2229//2229 2356//2356
f 2429//2429 2357//2357 2324//2324
f 2429//2429 2324//2324 2358//2358
f 2359//2359 2358//2358 2325//2325
f 2359//2359 2326//2326 2360//2360
f 2460//2460 2431//2431 2327//2327
f 2460//2460 2327//2327 2361//2361
f 2461//2461 2361//2361 2328//2328
f 2461//2461 2328//2328 2362//2362
f 2408//2408 2362//2362 2272//2272
f 2408//2408 2272//2272 2363//2363
f 2462//2462 2363//2363 2274//2274
f 2432//2432 2276//2276 2365//2365
f 2465//2465 2365//2365 2329//2329
f 2465//2465 2329//2329 2366//2366
f 2434//2434 2366//2366 2409//2409
f 2409//2409 2330//2330 2436//2436
f 2436//2436 2331//2331 2410//2410
f 2466//2466 2410//2410 2332//2332
f 2466//2466 2332//2332 2367//2367
f 2438//2438 2369//2369 2333//2333
f 2438//2438 2333//2333 2370//2370
f 2467//2467 2371//2371 2372//2372
f 2468//2468 2372//2372 2334//2334
f 2468//2468 2334//2334 2373//2373
f 2469//2469 2373//2373 2288//2288
f 2469//2469 2288//2288 2374//2374
f 2470//2470 2374//2374 2335//2335
f 2470//2470 2335//2335 2375//2375
f 2411//2411 2375//2375 2291//2291
f 2411//2411 2291//2291 2376//2376
f 2376//2376 2336//2336 2377//2377
f 2474//2474 2293//2293 2379//2379
f 2475//2475 2379//2379 2295//2295
f 2475//2475 2295//2295 2380//2380
f 2412//2412 2337//2337 2413//2413
f 2413//2413 2338//2338 2298//2298
f 2476//2476 2299//2299 2243//2243
f 2476//2476 2243//2243 2382//2382
f 2414//2414 2300//2300 2339//2339
f 2414//2414 2339//2339 2383//2383
f 2477//2477 2383//2383 2384//2384
f 2340//2340 2456//2456 2385//2385
f 2385//2385 2386//2386 2302//2302
f 2302//2302 2386//2386 2387//2387
f 2302//2302 2387//2387 2341//2341
f 2341//2341 2387//2387 2342//2342
f 2249//2249 2388//2388 2389//2389
f 2249//2249 2389//2389 2303//2303
f 2303//2303 2389//2389 2343//2343
f 2251//2251 2390//2390 2417//2417
f 2251//2251 2417//2417 2304//2304
f 2304//2304 2417//2417 2305//2305
f 2305//2305 2417//2417 2391//2391
f 2305//2305 2391//2391 2306//2306
f 2306//2306 2391//2391 2392//2392
f 2306//2306 2392//2392 2307//2307
f 2307//2307 2392//2392 2393//2393
f 2307//2307 2393//2393 2394//2394
f 2307//2307 2394//2394 2344//2344
f 2255//2255 2395//2395 2308//2308
f 2308//2308 2395//2395 2396//2396
f 2309//2309 2397//2397 2345//2345
f 2345//2345 2397//2397 2346//2346
f 2347//2347 2445//2445 2399//2399
f 2347//2347 2399//2399 2311//2311
f 2311//2311 2399//2399 2423//2423
f 2348//2348 2446//2446 2400//2400
f 2348//2348 2400//2400 2312//2312
f 2312//2312 2400//2400 2401//2401
f 2313//2313 2401//2401 2447//2447
f 2349//2349 2402//2402 2350//2350
f 2314//2314 2350//2350 2425//2425
f 2314//2314 2425//2425 2351//2351
f 2351//2351 2403//2403 2223//2223
f 2223//2223 2403//2403 2315//2315
f 2316//2316 2315//2315 2451//2451
f 2316//2316 2451//2451 2426//2426
f 2316//2316 2426//2426 2317//2317
f 2317//2317 2426//2426 2404//2404
f 2352//2352 2404//2404 2405//2405
f 2352//2352 2405//2405 2262//2262
f 2262//2262 2405//2405 2353//2353
f 2354//2354 2485//2485 2406//2406
f 2319//2319 2454//2454 2355//2355
f 2355//2355 2454//2454 2320//2320
f 2457//2457 2356//2356 2458//2458
f 2458//2458 2356//2356 2323//2323
f 2458//2458 2323//2323 2357//2357
f 2429//2429 2358//2358 2459//2459
f 2459//2459 2358//2358 2359//2359
f 2430//2430 2359//2359 2360//2360
f 2430//2430 2360//2360 2431//2431
f 2460//2460 2361//2361 2461//2461
f 2461//2461 2362//2362 2489//2489
f 2489//2489 2362//2362 2408//2408
f 2408//2408 2363//2363 2462//2462
f 2463//2463 2462//2462 2274//2274
f 2463//2463 2274//2274 2364//2364
f 2463//2463 2364//2364 2432//2432
f 2433//2433 2432//2432 2365//2365
f 2433//2433 2365//2365 2465//2465
f 2465//2465 2366//2366 2434//2434
f 2435//2435 2409//2409 2436//2436
f 2466//2466 2367//2367 2437//2437
f 2437//2437 2367//2367 2368//2368
f 2437//2437 2368//2368 2438//2438
f 2438//2438 2368//2368 2369//2369
f 2493//2493 2438//2438 2370//2370
f 2493//2493 2370//2370 2494//2494
f 2494//2494 2370//2370 2284//2284
f 2494//2494 2284//2284 2371//2371
f 2494//2494 2371//2371 2467//2467
f 2467//2467 2372//2372 2468//2468
f 2468//2468 2373//2373 2495//2495
f 2495//2495 2373//2373 2469//2469
f 2469//2469 2374//2374 2470//2470
f 2470//2470 2375//2375 2411//2411
f 2472//2472 2376//2376 2377//2377
f 2472//2472 2377//2377 2439//2439
f 2439//2439 2377//2377 2378//2378
f 2439//2439 2378//2378 2474//2474
f 2474//2474 2378//2378 2293//2293
f 2474//2474 2379//2379 2475//2475
f 2475//2475 2380//2380 2412//2412
f 2412//2412 2380//2380 2337//2337
f 1594//1594 2413//2413 2298//2298
f 1594//1594 2298//2298 2440//2440
f 2440//2440 2298//2298 2381//2381
f 2440//2440 2381//2381 2476//2476
f 2476//2476 2381//2381 2299//2299
f 2499//2499 2476//2476 2382//2382
f 2499//2499 2382//2382 2441//2441
f 2414//2414 2441//2441 2300//2300
f 2414//2414 2383//2383 2477//2477
f 2477//2477 2384//2384 2442//2442
f 2442//2442 2384//2384 2322//2322
f 2442//2442 2322//2322 2321//2321
f 2387//2387 2415//2415 2342//2342
f 2342//2342 2415//2415 2388//2388
f 2342//2342 2388//2388 2249//2249
f 2389//2389 2416//2416 2343//2343
f 2343//2343 2416//2416 2390//2390
f 2343//2343 2390//2390 2251//2251
f 2394//2394 2418//2418 2344//2344
f 2344//2344 2418//2418 2395//2395
f 2344//2344 2395//2395 2255//2255
f 2396//2396 2419//2419 2309//2309
f 2309//2309 2419//2419 2397//2397
f 2397//2397 2420//2420 2346//2346
f 2346//2346 2420//2420 2398//2398
f 2346//2346 2398//2398 2310//2310
f 2398//2398 2421//2421 2310//2310
f 2310//2310 2421//2421 2422//2422
f 2310//2310 2422//2422 2347//2347
f 2347//2347 2422//2422 2445//2445
f 2348//2348 2423//2423 2446//2446
f 2401//2401 2424//2424 2447//2447
f 2313//2313 2402//2402 2349//2349
f 2353//2353 2485//2485 2354//2354
f 2406//2406 2427//2427 2319//2319
f 2319//2319 2427//2427 2454//2454
f 2320//2320 2407//2407 2321//2321
f 2456//2456 2340//2340 2457//2457
f 2488//2488 2458//2458 2357//2357
f 2488//2488 2357//2357 2429//2429
f 2492//2492 2409//2409 2435//2435
f 1630//1630 2436//2436 2410//2410
f 1630//1630 2410//2410 2466//2466
f 2471//2471 2411//2411 2376//2376
f 2498//2498 2413//2413 1594//1594
f 2442//2442 2321//2321 2428//2428
f 2428//2428 2321//2321 2407//2407
f 2456//2456 2487//2487 2385//2385
f 2385//2385 2487//2487 2479//2479
f 2385//2385 2479//2479 2386//2386
f 2386//2386 2479//2479 2387//2387
f 2387//2387 2479//2479 2415//2415
f 2388//2388 2415//2415 2389//2389
f 2389//2389 2481//2481 2416//2416
f 2390//2390 2416//2416 2443//2443
f 2390//2390 2443//2443 2417//2417
f 2417//2417 2443//2443 2482//2482
f 2417//2417 2482//2482 2391//2391
f 2394//2394 2393//2393 2418//2418
f 2395//2395 2419//2419 2396//2396
f 2419//2419 2444//2444 2397//2397
f 2397//2397 2444//2444 2420//2420
f 2400//2400 2446//2446 2424//2424
f 2400//2400 2424//2424 2401//2401
f 2447//2447 2402//2402 2313//2313
f 2402//2402 2483//2483 2350//2350
f 2350//2350 2483//2483 2425//2425
f 2425//2425 2483//2483 2448//2448
f 2425//2425 2448//2448 2351//2351
f 2351//2351 2448//2448 2449//2449
f 2351//2351 2449//2449 2403//2403
f 2403//2403 2449//2449 2315//2315
f 2315//2315 2449//2449 2451//2451
f 2451//2451 2449//2449 2450//2450
f 2426//2426 2484//2484 2404//2404
f 2404//2404 2484//2484 2452//2452
f 2404//2404 2452//2452 2405//2405
f 2405//2405 2452//2452 2353//2353
f 2485//2485 2427//2427 2406//2406
f 2427//2427 2453//2453 2454//2454
f 2454//2454 2455//2455 2320//2320
f 2320//2320 2455//2455 2407//2407
f 2407//2407 2455//2455 2486//2486
f 2407//2407 2486//2486 2428//2428
f 2487//2487 2456//2456 2457//2457
f 2487//2487 2457//2457 2458//2458
f 2488//2488 2429//2429 1600//1600
f 1600//1600 2429//2429 2459//2459
f 1600//1600 2459//2459 2359//2359
f 1600//1600 2359//2359 2430//2430
f 2430//2430 2431//2431 1647//1647
f 1647//1647 2431//2431 2460//2460
f 1647//1647 2460//2460 2461//2461
f 1647//1647 2461//2461 2489//2489
f 2490//2490 2408//2408 2462//2462
f 2464//2464 2463//2463 2432//2432
f 2464//2464 2432//2432 2433//2433
f 1615//1615 2433//2433 1631//1631
f 1631//1631 2465//2465 2434//2434
f 2492//2492 2434//2434 2409//2409
f 1630//1630 2435//2435 2436//2436
f 1627//1627 2437//2437 2438//2438
f 1627//1627 2438//2438 2493//2493
f 2495//2495 2467//2467 2468//2468
f 1611//1611 2469//2469 2470//2470
f 1610//1610 2470//2470 2411//2411
f 1610//1610 2411//2411 2471//2471
f 2471//2471 2376//2376 2472//2472
f 2472//2472 2439//2439 2473//2473
f 2473//2473 2439//2439 2474//2474
f 2496//2496 2474//2474 2475//2475
f 2496//2496 2475//2475 2497//2497
f 2497//2497 2475//2475 2412//2412
f 2498//2498 2412//2412 2413//2413
f 1645//1645 2499//2499 2441//2441
f 1645//1645 2441//2441 2414//2414
f 2500//2500 2414//2414 2477//2477
f 2500//2500 2477//2477 2478//2478
f 2478//2478 2477//2477 2442//2442
f 2478//2478 2442//2442 2486//2486
f 2486//2486 2442//2442 2428//2428
f 2415//2415 2479//2479 2480//2480
f 2415//2415 2480//2480 2389//2389
f 2389//2389 2480//2480 2481//2481
f 2416//2416 2481//2481 2443//2443
f 2482//2482 1639//1639 2391//2391
f 2391//2391 1639//1639 2392//2392
f 2392//2392 1639//1639 2393//2393
f 2393//2393 1605//1605 2418//2418
f 2418//2418 1605//1605 2395//2395
f 2419//2419 2395//2395 1605//1605
f 2419//2419 1605//1605 2444//2444
f 2420//2420 2444//2444 1651//1651
f 2420//2420 1651//1651 2398//2398
f 2398//2398 1651//1651 2421//2421
f 2421//2421 1651//1651 2422//2422
f 2399//2399 2445//2445 1659//1659
f 2423//2423 2399//2399 2446//2446
f 2447//2447 2424//2424 2483//2483
f 2447//2447 2483//2483 2402//2402
f 2451//2451 2450//2450 2484//2484
f 2451//2451 2484//2484 2426//2426
f 2453//2453 2455//2455 2454//2454
f 2488//2488 2487//2487 2458//2458
f 2490//2490 2489//2489 2408//2408
f 2490//2490 2462//2462 2463//2463
f 2490//2490 2463//2463 2491//2491
f 2491//2491 2463//2463 2464//2464
f 1615//1615 2464//2464 2433//2433
f 1631//1631 2433//2433 2465//2465
f 2492//2492 1631//1631 2434//2434
f 2492//2492 2435//2435 1630//1630
f 1630//1630 2466//2466 2437//2437
f 2495//2495 2494//2494 2467//2467
f 1611//1611 2495//2495 2469//2469
f 1611//1611 2470//2470 1610//1610
f 1610//1610 2471//2471 2472//2472
f 2496//2496 2473//2473 2474//2474
f 2497//2497 2412//2412 2498//2498
f 1594//1594 2440//2440 2499//2499
f 2499//2499 2440//2440 2476//2476
f 1645//1645 2414//2414 2500//2500
f 2481//2481 2480//2480 2482//2482
f 2481//2481 2482//2482 2443//2443
f 2393//2393 1639//1639 1605//1605
f 2444//2444 1605//1605 1651//1651
f 2422//2422 1651//1651 2445//2445
f 2445//2445 1651//1651 1659//1659
f 2399//2399 1659//1659 2446//2446
f 2446//2446 1659//1659 2424//2424
f 2424//2424 1659//1659 2483//2483
f 2449//2449 2448//2448 2450//2450
f 2450//2450 2448//2448 2484//2484
f 2353//2353 2452//2452 1655//1655
f 2353//2353 1655//1655 2485//2485
f 2485//2485 1655//1655 2427//2427
f 2427//2427 1655//1655 2453//2453
f 2453//2453 1655//1655 2486//2486
f 2453//2453 2486//2486 2455//2455
f 1600//1600 2487//2487 2488//2488
f 1600//1600 2430//2430 1647//1647
f 1647//1647 2489//2489 2490//2490
f 1647//1647 2490//2490 2491//2491
f 2491//2491 2464//2464 1615//1615
f 1630//1630 1631//1631 2492//2492
f 1630//1630 2437//2437 1627//1627
f 1627//1627 2493//2493 2494//2494
f 1627//1627 2494//2494 2495//2495
f 1610//1610 2472//2472 1596//1596
f 1596//1596 2472//2472 2473//2473
f 1596//1596 2473//2473 2496//2496
f 1596//1596 2496//2496 1586//1586
f 1586//1586 2496//2496 2497//2497
f 1586//1586 2497//2497 1594//1594
f 1594//1594 2497//2497 2498//2498
f 1594//1594 2499//2499 1645//1645
f 1645//1645 2500//2500 2478//2478
f 788//788 1814//1814 1768//1768
f 788//788 1768//1768 787//787
f 787//787 1768//1768 786//786
f 786//786 1768//1768 1797//1797
f 786//786 1797//1797 785//785
f 785//785 1797//1797 784//784
f 784//784 1797//1797 1778//1778
f 784//784 1778//1778 783//783
f 783//783 1778//1778 782//782
f 782//782 1778//1778 781//781
f 781//781 1778//1778 1780//1780
f 781//781 1780//1780 780//780
f 780//780 1780//1780 1816//1816
f 780//780 1816//1816 779//779
f 779//779 1816//1816 804//804
f 804//804 1816//1816 805//805
f 805//805 1816//1816 1800//1800
f 805//805 1800//1800 806//806
f 806//806 1800//1800 1837//1837
f 806//806 1837//1837 807//807
f 807//807 1837//1837 808//808
f 808//808 1837//1837 809//809
f 809//809 1837//1837 1844//1844
f 809//809 1844//1844 810//810
f 810//810 1844//1844 811//811
f 811//811 1844//1844 1846//1846
f 811//811 1846//1846 812//812
f 812//812 1846//1846 813//813
f 813//813 1846//1846 1848//1848
f 813//813 1848//1848 814//814
f 814//814 1848//1848 815//815
f 815//815 1848//1848 1782//1782
f 815//815 1782//1782 816//816
f 816//816 1782//1782 817//817
f 817//817 1782//1782 1820//1820
f 817//817 1820//1820 818//818
f 818//818 1820//1820 819//819
f 1814//1814 788//788 789//789
f 1814//1814 789//789 790//790
f 1814//1814 790//790 1835//1835
f 1835//1835 790//790 791//791
f 1835//1835 791//791 792//792
f 1835//1835 792//792 1833//1833
f 1833//1833 792//792 793//793
f 1833//1833 793//793 794//794
f 1833//1833 794//794 1812//1812
f 1812//1812 794//794 795//795
f 1812//1812 795//795 796//796
f 1812//1812 796//796 1795//1795
f 1795//1795 796//796 797//797
f 1795//1795 797//797 798//798
f 1795//1795 798//798 1793//1793
f 1793//1793 798//798 799//799
f 1793//1793 799//799 1776//1776
f 1776//1776 799//799 800//800
f 1776//1776 800//800 801//801
f 1776//1776 801//801 802//802
f 1776//1776 802//802 1766//1766
f 1766//1766 802//802 803//803
f 1766//1766 803//803 1763//1763
f 1763//1763 803//803 859//859
f 1763//1763 859//859 858//858
f 1763//1763 858//858 857//857
f 1763//1763 857//857 1773//1773
f 1773//1773 857//857 856//856
f 1773//1773 856//856 855//855
f 1773//1773 855//855 854//854
f 1773//1773 854//854 1809//1809
f 1809//1809 854//854 853//853
f 1809//1809 853//853 852//852
f 1809//1809 852//852 851//851
f 1809//1809 851//851 1807//1807
f 1807//1807 851//851 850//850
f 1807//1807 850//850 1831//1831
f 1831//1831 850//850 849//849
f 1831//1831 849//849 848//848
f 1831//1831 848//848 1842//1842
f 1842//1842 848//848 847//847
f 1842//1842 847//847 846//846
f 1842//1842 846//846 845//845
f 1842//1842 845//845 1790//1790
f 1790//1790 845//845 844//844
f 1790//1790 844//844 843//843
f 1790//1790 843//843 1806//1806
f 1806//1806 843//843 842//842
f 1806//1806 842//842 841//841
f 1806//1806 841//841 1787//1787
f 1787//1787 841//841 840//840
f 1787//1787 840//840 839//839
f 1787//1787 839//839 838//838
f 1787//1787 838//838 1770//1770
f 1770//1770 838//838 837//837
f 1770//1770 837//837 836//836
f 1770//1770 836//836 1840//1840
f 1840//1840 836//836 835//835
f 1840//1840 835//835 834//834
f 1840//1840 834//834 1828//1828
f 1828//1828 834//834 833//833
f 1828//1828 833//833 832//832
f 1828//1828 832//832 1825//1825
f 1825//1825 832//832 831//831
f 1825//1825 831//831 830//830
f 1825//1825 830//830 1804//1804
f 1804//1804 830//830 829//829
f 1804//1804 829//829 828//828
f 1804//1804 828//828 1852//1852
f 1852//1852 828//828 827//827
f 1852//1852 827//827 826//826
f 1852//1852 826//826 1824//1824
f 1824//1824 826//826 825//825
f 1824//1824 825//825 824//824
f 1824//1824 824//824 823//823
f 1824//1824 823//823 1850//1850
f 1850//1850 823//823 822//822
f 1850//1850 822//822 1803//1803
f 1803//1803 822//822 821//821
f 1803//1803 821//821 820//820
f 1803//1803 820//820 1785//1785
f 1785//1785 820//820 819//819
f 1785//1785 819//819 1820//1820

