# https://github.com/mikedh/trimesh
v 0.04519801 0.00369527 0.13613006
v 0.04286017 -0.00679141 0.13722304
v -0.01491356 0.00986231 0.10167349
v -0.01510906 0.01004011 0.10120697
v -0.02031007 0.01003926 0.09600727
v -0.01538347 0.01029963 0.10051881
v -0.01589962 0.01067438 0.09935697
v -0.01981914 0.01064442 0.09549949
v -0.01626014 0.01096131 0.09846006
v -0.01950848 0.01098032 0.09517482
v -0.01632306 0.01100610 0.09830993
v -0.02043018 0.00988001 0.09613225
v -0.01478977 0.00980624 0.10188474
v -0.01457203 0.00953450 0.10248853
v -0.01410353 0.00907075 0.10357693
v -0.01424069 -0.00924449 0.10321481
v -0.01510879 -0.01003987 0.10120761
v -0.02007272 -0.01003926 0.09624463
v -0.01518413 -0.01010659 0.10102783
v -0.01998083 -0.01015382 0.09615637
v -0.01553009 -0.01040074 0.10020225
v -0.01970287 -0.01048342 0.09588871
v -0.01567215 -0.01051598 0.09986324
v -0.01608993 -0.01085616 0.09883525
v -0.02030635 -0.01154347 0.09486721
v -0.01649612 -0.01214924 0.09582595
v -0.00690799 -0.00326028 0.07763850
v -0.01866196 0.01177984 0.09430303
v -0.02417123 0.01004856 0.09442109
v -0.00863980 0.00884070 0.07764875
v -0.01645788 0.01262041 0.09602597
v -0.01645788 0.02450000 0.09602597
v 0.00672171 0.02450000 0.08666081
v -0.01646497 0.01219734 0.09578919
v 0.01160181 -0.00563054 0.09740473
v 0.01673777 -0.02450000 0.11011669
v 0.01178521 -0.00604993 0.09785866
v 0.01198196 -0.00646341 0.09834565
v 0.01219188 -0.00687045 0.09886522
v 0.01315872 -0.00842391 0.10125823
v 0.01343094 -0.00879118 0.10193199
v 0.01371479 -0.00914909 0.10263455
v 0.01241476 -0.00727052 0.09941686
v 0.01265036 -0.00766311 0.09999998
v 0.01289843 -0.00804773 0.10061399
v 0.01400997 -0.00949723 0.10336515
v 0.01431616 -0.00983516 0.10412298
v 0.01463301 -0.01016249 0.10490722
v 0.01496018 -0.01047884 0.10571699
v 0.01529731 -0.01078383 0.10655142
v 0.01564402 -0.01107711 0.10740957
v 0.00737261 -0.02450000 0.08693710
v 0.01599995 -0.01135834 0.10829050
v 0.01636468 -0.01162719 0.10919324
v 0.01673777 -0.01188334 0.11011669
v -0.00917858 -0.02339121 0.09997491
v -0.02259823 -0.00812229 0.09075991
v -0.01923858 0.01044206 0.08744923
v 0.01815385 0.01036782 0.12449462
v -0.01879511 0.01036785 0.08754546
v 0.01714270 0.00955739 0.12693877
v -0.02052265 0.00955753 0.08927299
v 0.03325969 0.00552124 0.12389955
v 0.04279653 0.00551855 0.13343405
v 0.02196758 -0.01013409 0.12108920
v -0.01518580 -0.01013416 0.08393614
v 0.01048168 -0.00128703 0.09903252
v 0.04383987 -0.00128699 0.13239071
v 0.01011170 -0.00255505 0.09899445
v 0.04367395 -0.00255485 0.13255663
v 0.00909872 -0.00437998 0.09888147
v 0.04322402 -0.00437967 0.13300657
v -0.02474875 -0.00237310 0.09324930
v -0.02463018 -0.00224071 0.09338053
v -0.02263946 -0.00766151 0.09110732
v -0.02272938 -0.00730466 0.09147972
v -0.00445973 0.00014490 0.11391057
v -0.00435086 0.00032253 0.11399247
v 0.02894363 0.00032250 0.14728696
v -0.00435703 0.00096637 0.11393068
v 0.02897143 0.00096629 0.14725915
v -0.00448930 0.00408425 0.11270057
v 0.02952031 0.00408410 0.14671027
v -0.00643382 0.00893609 0.10495827
v 0.01700313 0.00926367 0.12761130
v -0.02092870 0.00926384 0.08967905
v -0.00743349 0.00907111 0.10364857
v -0.00824584 0.00901488 0.10296740
v -0.02115180 0.00908299 0.08990214
v -0.00842119 0.00899041 0.10284820
v -0.02132134 0.00893567 0.09007168
v 0.01691356 0.00893544 0.12830711
v 0.01702488 0.00862089 0.12914332
v -0.00577413 0.00857431 0.10637433
v 0.01687732 0.00857409 0.12902623
v -0.00542647 0.00818135 0.10744439
v 0.01694012 0.00834316 0.12953400
v 0.01689873 0.00818092 0.12977033
v -0.00519010 0.00775759 0.10836858
v 0.01698423 0.00775722 0.13054348
v -0.00501415 0.00730480 0.10919475
v 0.01714414 0.00730437 0.13135362
v -0.00487689 0.00682527 0.10994142
v -0.00476653 0.00632009 0.11061903
v 0.01739662 0.00682474 0.13221557
v -0.00467629 0.00579130 0.11123200
v 0.01778234 0.00631922 0.13316881
v -0.00460182 0.00524098 0.11178260
v 0.01842944 0.00579058 0.13433840
v 0.01976004 0.00543561 0.13598349
v 0.02992304 0.00524088 0.14630754
v 0.03010106 0.00541367 0.14631922
v -0.00454017 0.00467122 0.11227199
v 0.02970920 0.00467118 0.14652139
v -0.00441437 0.00286683 0.11337588
v 0.02935708 0.00348183 0.14687350
v -0.00454489 0.00328562 0.11308313
v -0.00444773 0.00348207 0.11306857
v 0.02944166 0.00380756 0.14678892
v -0.00445654 0.00362198 0.11298920
v 0.02922012 0.00286660 0.14701046
v 0.02910993 0.00224072 0.14712065
v -0.00436949 0.00160658 0.11380720
v -0.00438847 0.00224076 0.11362223
v 0.02915151 0.00249652 0.14707907
v -0.00439610 0.00244497 0.11354898
v 0.02902694 0.00160649 0.14720365
v 0.02895594 0.00068687 0.14727464
v -0.00435150 0.00043601 0.11398607
v -0.00435009 -0.00001157 0.11400019
v 0.02894190 -0.00022910 0.14728868
v 0.02897143 -0.00096629 0.14725915
v -0.00435347 -0.00067545 0.11396628
v 0.02895594 -0.00068687 0.14727464
v -0.00435162 -0.00045457 0.11398485
v 0.02894363 -0.00032250 0.14728696
v -0.00435086 -0.00032252 0.11399247
v -0.00436342 -0.00133527 0.11386717
v 0.02902694 -0.00160649 0.14720365
v -0.00438015 -0.00199039 0.11370285
v 0.02910993 -0.00224071 0.14712065
v 0.02908186 -0.00204903 0.14714872
v -0.00437379 -0.00177257 0.11376490
v 0.02922012 -0.00286660 0.14701046
v -0.00439777 -0.00248710 0.11353303
v 0.02915151 -0.00249652 0.14707907
v -0.00438946 -0.00226839 0.11361271
v -0.00442760 -0.00312980 0.11325268
v 0.02935708 -0.00348182 0.14687350
v 0.02952031 -0.00408410 0.14671027
v -0.00446520 -0.00375242 0.11291191
v 0.02944166 -0.00380756 0.14678892
v -0.00445176 -0.00354712 0.11303212
v -0.00450865 -0.00339097 0.11306264
v -0.00457840 -0.00399029 0.11268227
v 0.02970920 -0.00467118 0.14652139
v -0.00451133 -0.00435467 0.11251210
v -0.00456855 -0.00494929 0.11204272
v 0.02992304 -0.00524088 0.14630754
v 0.01974340 -0.00543560 0.13596686
v -0.00461415 -0.00534110 0.11168844
v -0.00467630 -0.00579138 0.11123191
v 0.01842902 -0.00579082 0.13433775
v -0.00469304 -0.00589933 0.11111391
v 0.01841820 -0.00579729 0.13432094
v -0.00472247 -0.00607757 0.11091128
v 0.01829667 -0.00587477 0.13412690
v -0.00476652 -0.00632005 0.11061909
v 0.01748156 -0.00669566 0.13245226
v -0.00478665 -0.00642226 0.11048984
v 0.01739662 -0.00682475 0.13221555
v -0.00487688 -0.00682523 0.10994149
v 0.01723129 -0.00721497 0.13156384
v 0.01716275 -0.00726216 0.13142894
v -0.00489829 -0.00690944 0.10981837
v 0.01714417 -0.00730430 0.13135375
v -0.00501424 -0.00730505 0.10919434
v -0.00499810 -0.00702574 0.10958329
v 0.01700155 -0.00769649 0.13065272
v -0.00504383 -0.00739208 0.10904580
v 0.01698432 -0.00775690 0.13054405
v 0.01689876 -0.00818072 0.12977071
v -0.00519013 -0.00775766 0.10836844
v -0.00521623 -0.00781328 0.10825677
v 0.01690619 -0.00812664 0.12987073
v -0.00558346 -0.00838486 0.10692467
v 0.01687674 -0.00851216 0.12914570
v -0.00567110 -0.00847872 0.10666164
v 0.01687732 -0.00857405 0.12902629
v -0.00638037 -0.00891825 0.10505145
v 0.01691357 -0.00893549 0.12830701
v -0.00845530 -0.00898162 0.10283453
v -0.02092870 -0.00926383 0.08967905
v -0.00873295 -0.00893799 0.10265489
v -0.02115180 -0.00908299 0.08990214
v -0.00874483 -0.00893578 0.10264794
v -0.02132134 -0.00893567 0.09007168
v -0.00747604 -0.00907093 0.10360645
v 0.01700313 -0.00926367 0.12761129
v -0.00660825 -0.00898459 0.10467439
v -0.00644190 -0.00892749 0.10497074
v -0.00880624 -0.00891526 0.10263364
v -0.01007526 -0.00860089 0.10202091
v -0.02169910 -0.00857427 0.09044944
v -0.02167922 -0.00859450 0.09042956
v -0.01015832 -0.00857461 0.10198956
v -0.02206058 -0.00818097 0.09081092
v -0.01122939 -0.00818131 0.10164153
v -0.02193154 -0.00832711 0.09068189
v -0.01104536 -0.00825615 0.10169485
v -0.02240443 -0.00775724 0.09115478
v -0.01215345 -0.00775761 0.10140519
v -0.02217567 -0.00804491 0.09092601
v -0.01205149 -0.00780845 0.10142900
v -0.02303421 -0.00682489 0.09178456
v -0.02331779 -0.00631974 0.09206814
v -0.01372650 -0.00682516 0.10109195
v -0.02285461 -0.00711463 0.09160496
v -0.01354107 -0.00695119 0.10112437
v -0.01554856 -0.00526136 0.10081937
v -0.02357907 -0.00579108 0.09232942
v -0.02381708 -0.00524088 0.09256742
v -0.01556750 -0.00524100 0.10081690
v -0.02378498 -0.00531965 0.09253532
v -0.01501681 -0.00579140 0.10089139
v -0.02344514 -0.00607064 0.09219548
v -0.01494536 -0.00585714 0.10090148
v -0.01635055 -0.00428001 0.10072011
v -0.02403092 -0.00467118 0.09278127
v -0.01605677 -0.00467139 0.10075527
v -0.02393781 -0.00492963 0.09268815
v -0.01591649 -0.00484405 0.10077254
v -0.02421981 -0.00408410 0.09297015
v -0.01676124 -0.00364410 0.10067305
v -0.02432474 -0.00370982 0.09307508
v -0.01685352 -0.00348202 0.10066280
v -0.02438304 -0.00348182 0.09313338
v -0.02420793 -0.00412400 0.09295827
v -0.01648554 -0.00408417 0.10070438
v -0.02452000 -0.00286660 0.09327034
v -0.01716080 -0.00286683 0.10062945
v -0.02442910 -0.00328905 0.09317945
v -0.01710474 -0.00298966 0.10063545
v -0.02512713 0.00202154 0.09335974
v -0.01764393 0.00140747 0.10093927
v -0.02466574 -0.00199470 0.09341609
v -0.01756176 -0.00172739 0.10058766
v -0.01313247 -0.00875905 0.08188281
v 0.02456114 -0.00910388 0.12034691
v 0.00234567 -0.00875932 0.09736152
v 0.00024304 -0.00906570 0.09593773
v 0.00024649 -0.00907110 0.09595437
v -0.00006465 -0.00904965 0.09559190
v 0.00011280 -0.00906904 0.09581583
v -0.01335828 -0.00896679 0.08210862
v -0.01351785 -0.00910399 0.08226819
v 0.02526853 -0.00875891 0.12028353
v 0.00353805 -0.00838178 0.09781421
v 0.02600027 -0.00838125 0.12027547
v 0.00452558 -0.00797325 0.09809631
v 0.02675851 -0.00797248 0.12032799
v 0.00539761 -0.00753460 0.09829873
v 0.02754873 -0.00753406 0.12044908
v 0.00618164 -0.00706869 0.09845329
v 0.00689389 -0.00657550 0.09857619
v 0.02838140 -0.00706789 0.12065204
v 0.00753839 -0.00605857 0.09867576
v 0.02928181 -0.00657504 0.12096359
v 0.00812003 -0.00551869 0.09875769
v 0.03031368 -0.00605776 0.12145026
v 0.03272750 -0.00545002 0.12330574
v 0.00863973 -0.00495862 0.09882542
v 0.03183306 -0.00551950 0.12247142
v 0.04302256 -0.00495833 0.13320803
v 0.03258851 -0.00543561 0.12315502
v 0.04290710 -0.00525439 0.13332348
v 0.03272156 -0.00543907 0.12329101
v 0.04279653 -0.00551855 0.13343405
v 0.00867272 -0.00484021 0.09875919
v 0.04340015 -0.00378472 0.13283043
v 0.00949721 -0.00378486 0.09892756
v 0.04333398 -0.00402040 0.13289660
v 0.00947823 -0.00381577 0.09892541
v 0.00983487 -0.00317591 0.09896491
v 0.04355032 -0.00317569 0.13268026
v 0.04364908 -0.00359623 0.13322702
v 0.04377059 -0.00192450 0.13245999
v 0.01032739 -0.00192463 0.09901683
v 0.04372063 -0.00227331 0.13250995
v 0.01030531 -0.00199886 0.09901457
v 0.04388155 -0.00064469 0.13234904
v 0.01060522 -0.00000678 0.09904489
v 0.04388844 -0.00045810 0.13234215
v 0.01060522 0.00000000 0.09904489
v 0.01057432 -0.00064471 0.09904181
v 0.04386739 -0.00091533 0.13236319
v 0.01057153 -0.00067315 0.09904153
v 0.01044234 -0.00121228 0.09897128
v 0.04388844 0.00045810 0.13234215
v 0.01060176 0.00021580 0.09904455
v 0.04388155 0.00064470 0.13234904
v 0.04383987 0.00128699 0.13239071
v 0.01054688 0.00088547 0.09903907
v 0.04386739 0.00091533 0.13236319
v 0.01057265 0.00066189 0.09904164
v 0.01032743 0.00192451 0.09901684
v 0.04377059 0.00192450 0.13245999
v 0.00999500 0.00283502 0.09898211
v 0.04355032 0.00317569 0.13268026
v 0.01016945 0.00240344 0.09900050
v 0.04372063 0.00227331 0.13250995
v 0.01011171 0.00255501 0.09899445
v 0.04367395 0.00255485 0.13255663
v 0.00968246 0.00346604 0.09894823
v 0.04340015 0.00378472 0.13283043
v 0.04345063 0.00359293 0.13277995
v 0.00979333 0.00325788 0.09896039
v 0.04322402 0.00437967 0.13300657
v 0.00931025 0.00407728 0.09890621
v 0.04333398 0.00402040 0.13289660
v 0.00944087 0.00387576 0.09892118
v 0.04302256 0.00495833 0.13320803
v 0.00902947 0.00447356 0.09887322
v 0.04290710 0.00525439 0.13332348
v 0.03313843 0.00549244 0.12375344
v 0.03284607 0.00546019 0.12343305
v 0.03257188 0.00543560 0.12313838
v 0.00851688 0.00509893 0.09880984
v 0.00811999 0.00551873 0.09875768
v 0.03111524 0.00572703 0.12193789
v 0.00753859 0.00605839 0.09867579
v 0.03130000 0.00566409 0.12206575
v 0.00796538 0.00567015 0.09873657
v 0.03011928 0.00614908 0.12134714
v 0.00689379 0.00657557 0.09857617
v 0.03031307 0.00605804 0.12144993
v 0.00736332 0.00620657 0.09864969
v 0.02881148 0.00688087 0.12084115
v 0.02854843 0.00697499 0.12070240
v 0.00671287 0.00670793 0.09854634
v 0.02838190 0.00706762 0.12065218
v 0.00618240 0.00706820 0.09845343
v 0.02777584 0.00740685 0.12049663
v 0.00595341 0.00721199 0.09841058
v 0.02754831 0.00753429 0.12044899
v 0.00539748 0.00753467 0.09829871
v 0.02699773 0.00784075 0.12035745
v 0.00517387 0.00765464 0.09825021
v 0.02675807 0.00797272 0.12032795
v 0.02599983 0.00838148 0.12027546
v 0.00452555 0.00797326 0.09809630
v 0.00437545 0.00804115 0.09805750
v 0.02623077 0.00825862 0.12028489
v 0.02526831 0.00875903 0.12028354
v 0.00353805 0.00838178 0.09781421
v 0.00331152 0.00846315 0.09773925
v 0.02527547 0.00875543 0.12028318
v -0.01351785 0.00910399 0.08226819
v 0.00043550 0.00905437 0.09609807
v 0.00026313 0.00907110 0.09597100
v 0.02456097 0.00910396 0.12034693
v 0.00150073 0.00894755 0.09692426
v -0.01313247 0.00875905 0.08188281
v -0.00114636 0.00875937 0.09386958
v -0.01335828 0.00896680 0.08210862
v -0.00108968 0.00879125 0.09399331
v -0.01276267 0.00838152 0.08151302
v -0.01240984 0.00797282 0.08116019
v -0.00205266 0.00761248 0.09096150
v -0.01211909 0.00759496 0.08086943
v -0.00208360 0.00753471 0.09081769
v -0.01207529 0.00753445 0.08082563
v -0.00188140 0.00797294 0.09168883
v -0.01258998 0.00818783 0.08134032
v -0.00182657 0.00806765 0.09189952
v -0.01176025 0.00706806 0.08051060
v -0.01172798 0.00680788 0.08016676
v -0.00223831 0.00706834 0.09003290
v -0.01189731 0.00727800 0.08064766
v -0.00220222 0.00719025 0.09022636
v -0.01053214 0.00413362 0.07907366
v -0.00269839 0.00398155 0.08684178
v -0.01037676 0.00391778 0.07912710
v -0.00271248 0.00378482 0.08671785
v -0.01033996 0.00378472 0.07909031
v -0.00277422 0.00267622 0.08615228
v -0.01008273 0.00264717 0.07883308
v -0.00277937 0.00255504 0.08610338
v -0.01006617 0.00255485 0.07881651
v -0.00272452 0.00270603 0.08622703
v -0.00260104 0.00377475 0.08679558
v -0.00281640 0.00133931 0.08574370
v -0.00996953 0.00192450 0.07871988
v -0.00280175 0.00192465 0.08588769
v -0.01001026 0.00221320 0.07876061
v -0.00279901 0.00201392 0.08591436
v -0.00990025 0.00128699 0.07865059
v -0.00282485 0.00081717 0.08565953
v -0.00987124 0.00089082 0.07862159
v -0.00282673 0.00064473 0.08564076
v -0.00985857 0.00064470 0.07860892
v -0.00990442 0.00133425 0.07865476
v -0.00281744 0.00128706 0.08573341
v -0.00280599 -0.00005286 0.08563256
v -0.00985131 0.00044581 0.07860165
v -0.00282964 0.00015165 0.08561157
v -0.01698032 -0.01056393 0.08573067
v 0.01944724 -0.01057500 0.12284222
v -0.01724349 -0.01057441 0.08599383
v 0.01909424 -0.01056248 0.12321684
v -0.01789195 -0.01054427 0.08664230
v 0.01933426 -0.01057377 0.12295732
v -0.01743635 -0.01057377 0.08618669
v 0.01866859 -0.01050871 0.12373546
v -0.01834544 -0.01047555 0.08709578
v -0.01818752 -0.01050397 0.08693786
v 0.01880648 -0.01053138 0.12355834
v 0.01815389 -0.01036784 0.12449455
v 0.01783725 -0.01022158 0.12506627
v -0.01879511 -0.01036785 0.08754546
v -0.01923931 -0.01022159 0.08798966
v -0.02010469 -0.00981567 0.08885503
v 0.01747836 -0.00996637 0.12587375
v 0.01765007 -0.01010367 0.12546013
v -0.01942214 -0.01014949 0.08817248
v 0.01756168 -0.01003710 0.12566564
v -0.01967638 -0.01003730 0.08842672
v -0.02052265 -0.00955753 0.08927299
v 0.01723658 -0.00969944 0.12658998
v -0.02031085 -0.00969371 0.08906120
v 0.01730533 -0.00978711 0.12636479
v 0.01706669 -0.00941460 0.12727283
v 0.02245020 -0.00626631 0.13789208
v 0.02004155 -0.00550699 0.13626221
v 0.03042233 -0.00631974 0.14580826
v 0.03036825 -0.00621583 0.14586233
v 0.02255571 -0.00631924 0.13794217
v 0.03070591 -0.00682489 0.14552467
v 0.02350903 -0.00682480 0.13832790
v 0.03056433 -0.00658060 0.14566625
v 0.02347847 -0.00680804 0.13831733
v 0.04254677 -0.00605823 0.13368381
v 0.03346758 -0.00558602 0.12416398
v 0.03359658 -0.00563667 0.12433782
v 0.04256115 -0.00602902 0.13366943
v -0.01391738 -0.00941506 0.08266772
v 0.02387685 -0.00941504 0.12046188
v -0.01432957 -0.00969111 0.08307992
v 0.02257944 -0.00993101 0.12083522
v 0.02321617 -0.00969104 0.12062543
v -0.01418993 -0.00960245 0.08294028
v 0.02341101 -0.00961234 0.12057164
v -0.01475291 -0.00993111 0.08350325
v -0.01562663 -0.01029951 0.08437698
v -0.01607378 -0.01042655 0.08482412
v 0.02082431 -0.01042654 0.12172214
v 0.02138204 -0.01029948 0.12138545
v -0.01537427 -0.01020984 0.08412461
v 0.02143550 -0.01028566 0.12135608
v 0.02182728 -0.01023725 0.12134098
v -0.01652557 -0.01051480 0.08527591
v 0.02029603 -0.01051480 0.12209748
v -0.01630071 -0.01047584 0.08505106
v 0.02046789 -0.01048985 0.12196881
v 0.01979882 -0.01056393 0.12250975
v -0.01743635 0.01057377 0.08618669
v 0.01999049 0.01054930 0.12234337
v -0.01652557 0.01051480 0.08527591
v 0.01965743 0.01057096 0.12263900
v -0.01724349 0.01057441 0.08599383
v 0.01979880 0.01056393 0.12250977
v -0.01698032 0.01056393 0.08573067
v -0.01607378 0.01042655 0.08482412
v 0.02052169 0.01048127 0.12192987
v -0.01630071 0.01047585 0.08505106
v 0.02034048 0.01050871 0.12206356
v 0.02107695 0.01037297 0.12156257
v -0.01562663 0.01029951 0.08437698
v 0.02077300 0.01050684 0.12203156
v -0.01518580 0.01013416 0.08393614
v 0.02166194 0.01022422 0.12123697
v -0.01537427 0.01020984 0.08412461
v 0.02146428 0.01027812 0.12134047
v 0.02227066 0.01003710 0.12095666
v -0.01475291 0.00993111 0.08350325
v 0.02387785 0.00941460 0.12046167
v -0.01432957 0.00969111 0.08307992
v 0.02321609 0.00969107 0.12062545
v -0.01447896 0.00978066 0.08322931
v 0.02319500 0.00969944 0.12063156
v 0.02410785 0.00931269 0.12041702
v -0.01391738 0.00941506 0.08266772
v 0.03042233 0.00631974 0.14580826
v 0.03016104 0.00579108 0.14606954
v 0.02229065 0.00618785 0.13781338
v 0.02235888 0.00622116 0.13784748
v 0.03036825 0.00621583 0.14586233
v -0.02010469 0.00981567 0.08885503
v 0.01756192 0.01003729 0.12566508
v -0.01967638 0.01003730 0.08842672
v 0.01732971 0.00981560 0.12628970
v -0.02031085 0.00969371 0.08906120
v 0.01731353 0.00979683 0.12633927
v 0.01827635 0.01040472 0.12473313
v -0.01923931 0.01022159 0.08798966
v 0.01783721 0.01022156 0.12506634
v -0.01942214 0.01014949 0.08817248
v 0.01775174 0.01017120 0.12523997
v -0.01834544 0.01047555 0.08709578
v 0.01851005 0.01047553 0.12395144
v -0.01849986 0.01044305 0.08725021
v 0.01844099 0.01045847 0.12405008
v 0.01890414 0.01054427 0.12343841
v 0.01915608 0.01059753 0.12351127
v -0.01789195 0.01054427 0.08664230
v 0.01933427 0.01057377 0.12295732
v -0.01058275 0.01453658 0.08464207
v -0.02419785 -0.00032934 0.10144576
v 0.00672171 -0.02450000 0.08666081
v 0.00234555 -0.00887576 0.08842889
v 0.00320012 -0.00900494 0.08808363
v 0.00406645 -0.00911952 0.08773360
v 0.00494313 -0.00921932 0.08737941
v 0.00582871 -0.00930416 0.08702161
v 0.00672171 -0.00937391 0.08666081
v -0.01645788 -0.02450000 0.09602597
v 0.00737261 0.02450000 0.08693710
v 0.01294589 0.00812121 0.10073145
v 0.01673777 0.02450000 0.11011669
v 0.00936848 0.00847554 0.09242745
v 0.01394490 0.00942244 0.10320408
v 0.01365248 0.00907256 0.10248032
v 0.01337147 0.00871306 0.10178480
v 0.01488734 0.01041021 0.10553671
v 0.01456267 0.01009167 0.10473311
v 0.01424841 0.00976229 0.10395528
v 0.01568600 0.01106609 0.10750975
v 0.01534533 0.01078147 0.10666677
v 0.01501356 0.01048537 0.10584584
v 0.01646149 0.01262041 0.11076759
v -0.00395582 0.00100901 0.11901671
v -0.00671811 0.02450000 0.12013275
v -0.00398896 0.00030522 0.11903011
v -0.00671811 -0.02450000 0.12013275
v -0.00396865 0.00017462 0.11902248
v -0.00378557 -0.00221441 0.11894883
v -0.00387976 -0.00151789 0.11898688
v -0.00393866 -0.00081863 0.11901068
v -0.00388723 0.00171032 0.11898901
v -0.00378338 0.00240740 0.11894705
v -0.00364449 0.00309852 0.11889093
v -0.00329484 -0.00426183 0.11875059
v -0.00349281 -0.00358756 0.11883057
v -0.00365650 -0.00290459 0.11889669
v -0.00347091 0.00378196 0.11882080
v -0.00326306 0.00445601 0.11873682
v -0.00302143 0.00511898 0.11863920
v -0.00250117 -0.00621330 0.11842996
v -0.00279852 -0.00557599 0.11855009
v -0.00306325 -0.00492505 0.11865703
v -0.00274661 0.00576923 0.11852816
v -0.00243927 0.00640511 0.11840399
v -0.00210016 0.00702502 0.11826698
v -0.00170695 -0.00761498 0.11810951
v -0.00173012 0.00762741 0.11811748
v -0.00133005 0.00821075 0.11795584
v -0.00090094 0.00877357 0.11778247
v -0.00044385 0.00931442 0.11759779
v 0.00004009 0.00983195 0.11740226
v 0.00054967 0.01032482 0.11719638
v 0.00108361 0.01079178 0.11698065
v 0.00164059 0.01123163 0.11675562
v 0.00221920 0.01164325 0.11652185
v 0.00524218 0.01314042 0.11530750
v 0.01646149 -0.02450000 0.11076759
v -0.00736901 0.02450000 0.11985647
v -0.00736901 -0.02450000 0.11985647
v -0.01673417 -0.02450000 0.09667687
v -0.01439567 -0.00989683 0.10246650
v -0.01487717 -0.01037397 0.10127490
v -0.01673417 0.02450000 0.09667687
v -0.01450396 0.00999391 0.10219980
v -0.01419757 0.00967026 0.10295797
v -0.01382880 0.00926319 0.10386937
v -0.01521008 -0.01067934 0.10045102
v -0.01555242 -0.01097314 0.09960382
v -0.01590297 -0.01125433 0.09873630
v -0.01552722 0.01093599 0.09966875
v -0.01482073 0.01030746 0.10141596
v -0.01599634 -0.01135834 0.09850306
v -0.01636107 -0.01162719 0.09760033
v -0.01627058 -0.02500000 0.09648957
v -0.01054768 -0.02500000 0.10259813
v 0.00690902 -0.02500000 0.08712440
v -0.00690541 -0.02500000 0.11966916
v -0.00524768 -0.02500000 0.11576379
v 0.01627418 -0.02500000 0.11030400
v 0.01236881 -0.02500000 0.10864627
v 0.00725169 -0.02500000 0.09598094
v -0.01627058 0.02500000 0.09648957
v -0.00776677 0.02500000 0.09630029
v 0.00690902 0.02500000 0.08712440
v 0.00668286 0.02494892 0.09539870
v 0.00715654 0.02500000 0.09575845
v 0.01627418 0.02500000 0.11030400
v 0.01236881 0.02500000 0.10864627
v -0.00690541 0.02500000 0.11966916
v -0.00524768 0.02500000 0.11576379
v -0.01036481 0.02500000 0.10309846
v 0.00030012 0.02500000 0.09303017
v 0.03570349 -0.01226419 0.13086800
v 0.04265413 -0.01226434 0.13781909
v 0.01243644 0.00217772 0.09688211
v 0.04801379 0.00217758 0.13245943
v 0.01140675 -0.00460659 0.09674294
v 0.01153196 -0.00434966 0.09674118
v 0.04764410 -0.00429877 0.13282913
v 0.04746781 -0.00498373 0.13300541
v 0.01293276 -0.00756227 0.10038454
v 0.01281739 -0.00739088 0.10010924
v 0.04671163 -0.00712045 0.13376159
v 0.01257562 -0.00701224 0.09953228
v 0.04678690 -0.00694472 0.13368633
v 0.01253491 -0.00694565 0.09943513
v 0.04689739 -0.00667527 0.13357583
v 0.01234690 -0.00662638 0.09898649
v 0.04703859 -0.00630862 0.13343463
v 0.01217181 -0.00630969 0.09856864
v 0.04707103 -0.00622042 0.13340219
v 0.01213148 -0.00623380 0.09847241
v 0.04723230 -0.00575656 0.13324092
v 0.01192957 -0.00583501 0.09799058
v 0.04726578 -0.00565433 0.13320744
v 0.01184433 -0.00565614 0.09778717
v 0.04738097 -0.00528434 0.13309226
v 0.01174137 -0.00543052 0.09754146
v 0.01155768 -0.00499906 0.09710356
v 0.04651142 -0.00756080 0.13396181
v 0.01307197 -0.00776184 0.10071675
v 0.01333907 -0.00812466 0.10135416
v 0.04630486 -0.00797918 0.13416837
v 0.01336264 -0.00815549 0.10141040
v 0.04621295 -0.00815508 0.13426027
v 0.01361842 -0.00847888 0.10202079
v 0.04608443 -0.00839151 0.13438880
v 0.01382565 -0.00872683 0.10251532
v 0.04589236 -0.00872584 0.13458086
v 0.01390972 -0.00882408 0.10271592
v 0.04585306 -0.00879166 0.13462017
v 0.01421263 -0.00915985 0.10343878
v 0.04561108 -0.00917907 0.13486214
v 0.01431880 -0.00927240 0.10369213
v 0.04555057 -0.00927145 0.13492265
v 0.03314642 -0.00932718 0.12259261
v 0.01452684 -0.00948577 0.10418859
v 0.03298514 -0.00932985 0.12243491
v 0.01484027 -0.00979045 0.10493655
v 0.02967632 -0.01020434 0.12041017
v 0.01505342 -0.01000353 0.10546935
v 0.01539096 -0.01028175 0.10625069
v 0.01596660 -0.01074243 0.10762440
v 0.02867847 -0.01062289 0.12012064
v 0.01566218 -0.01052782 0.10693553
v 0.02760129 -0.01109595 0.11993639
v 0.01708535 -0.01155654 0.11040790
v 0.02743007 -0.01117168 0.11991870
v 0.01702419 -0.01154847 0.11031875
v 0.02679108 -0.01145307 0.11987997
v 0.01708807 -0.01156960 0.11044064
v 0.02652064 -0.01157098 0.11987639
v 0.01675918 -0.01133477 0.10958629
v 0.01656686 -0.01117233 0.10905683
v 0.01625474 -0.01095484 0.10831199
v 0.01689444 -0.01191376 0.11108693
v 0.02485651 -0.01226418 0.12002099
v 0.01674295 -0.01202974 0.11124231
v 0.02495720 -0.01222435 0.12000403
v 0.01679560 -0.01199298 0.11119624
v 0.02570835 -0.01191771 0.11991107
v 0.01687072 -0.01193426 0.11111649
v 0.02566892 -0.01193419 0.11991449
v 0.01684734 -0.01195346 0.11114337
v 0.02546408 -0.01201915 0.11993485
v 0.01629802 -0.01226442 0.11146323
v 0.02421061 -0.01251117 0.12015559
v 0.01594269 -0.01242399 0.11160137
v 0.02408076 -0.01255890 0.12018812
v 0.01561906 -0.01255912 0.11172720
v 0.02348049 -0.01277009 0.12036310
v 0.01530022 -0.01268307 0.11185115
v 0.02333907 -0.01281741 0.12041035
v 0.01492505 -0.01281758 0.11199702
v 0.01286771 -0.01338446 0.11257228
v 0.01148629 -0.01360891 0.11306992
v 0.01950271 -0.01357315 0.12286908
v 0.00985277 -0.01356542 0.11396904
v 0.01936028 -0.01357444 0.12293023
v 0.00981552 -0.01356399 0.11398351
v 0.01920867 -0.01356600 0.12319754
v 0.00915938 -0.01352266 0.11423861
v 0.01901671 -0.01356046 0.12330002
v 0.00907495 -0.01351510 0.11427144
v 0.01860267 -0.01351509 0.12379933
v 0.00846908 -0.01344575 0.11450699
v 0.01853803 -0.01350476 0.12388341
v 0.00833813 -0.01342724 0.11455790
v 0.01817391 -0.01342721 0.12439399
v 0.00778363 -0.01333488 0.11477348
v 0.01810290 -0.01340779 0.12450179
v 0.00760717 -0.01330068 0.11484209
v 0.01778667 -0.01330062 0.12502201
v 0.00710477 -0.01319035 0.11503741
v 0.01770959 -0.01326861 0.12516031
v 0.00688420 -0.01313577 0.11512317
v 0.01744315 -0.01313568 0.12568260
v 0.00643423 -0.01301254 0.11529811
v 0.01736087 -0.01308631 0.12586059
v 0.00617127 -0.01293299 0.11540034
v 0.01714585 -0.01293289 0.12637538
v 0.00577369 -0.01280190 0.11555491
v 0.01706706 -0.01286562 0.12658681
v 0.00547045 -0.01269293 0.11567281
v 0.01689870 -0.01269395 0.12709726
v 0.00512485 -0.01255898 0.11580717
v 0.01682352 -0.01260059 0.12736073
v 0.00478376 -0.01241627 0.11593978
v 0.01670243 -0.01241609 0.12785903
v 0.00448933 -0.01228440 0.11605425
v 0.01669541 -0.01240361 0.12789180
v 0.00411316 -0.01210380 0.11620050
v 0.01656478 -0.01210356 0.12865279
v 0.00386874 -0.01197889 0.11629552
v 0.01655893 -0.01208514 0.12869806
v 0.00346059 -0.01175643 0.11645421
v 0.01649129 -0.01175620 0.12948548
v 0.00326466 -0.01164323 0.11653038
v 0.01649003 -0.01174384 0.12951442
v 0.00282794 -0.01137515 0.11670018
v 0.01649150 -0.01137485 0.13036440
v 0.00267859 -0.01127828 0.11675824
v 0.01649356 -0.01135603 0.13040722
v 0.00221702 -0.01096107 0.11693769
v 0.01658085 -0.01096059 0.13130243
v 0.00211202 -0.01088498 0.11697851
v 0.01660547 -0.01089006 0.13146231
v 0.00162960 -0.01051536 0.11716607
v 0.01746903 -0.01033836 0.13262749
v 0.01678738 -0.01051484 0.13232475
v 0.00156635 -0.01046434 0.11719066
v 0.01682969 -0.01044808 0.13248177
v 0.00106738 -0.01003931 0.11738465
v 0.00053202 -0.00953435 0.11759279
v 0.01718601 -0.01002842 0.13352018
v 0.01717462 -0.01003905 0.13349230
v 0.00104297 -0.01001744 0.11739414
v 0.00052825 -0.00954985 0.11756836
v 0.00002513 -0.00900198 0.11778986
v 0.01798730 -0.00953367 0.13504901
v 0.00006819 -0.00904949 0.11777312
v 0.01804936 -0.00951059 0.13514319
v 0.03135419 -0.00900189 0.14911904
v 0.01915406 -0.00942013 0.13632885
v 0.03319418 -0.01090990 0.14794713
v -0.00038077 -0.00853091 0.11794767
v 0.03134487 -0.00898700 0.14912835
v -0.00045195 -0.00844366 0.11797534
v 0.03102288 -0.00844350 0.14945035
v -0.00080262 -0.00799100 0.11811168
v 0.03088222 -0.00818683 0.14959101
v -0.00089784 -0.00786098 0.11814869
v 0.03071324 -0.00786077 0.14975999
v -0.00119631 -0.00743111 0.11826473
v 0.03066738 -0.00776865 0.14980585
v -0.00131125 -0.00725562 0.11830942
v 0.03042617 -0.00725537 0.15004706
v -0.00156086 -0.00685267 0.11840647
v 0.03027223 -0.00689911 0.15020099
v -0.00169099 -0.00662933 0.11845706
v 0.03016248 -0.00662906 0.15031074
v -0.00189540 -0.00625714 0.11853653
v 0.03009250 -0.00644902 0.15038072
v -0.00203595 -0.00598391 0.11859118
v 0.02992295 -0.00598363 0.15055027
v -0.00219908 -0.00564602 0.11865460
v 0.02977002 -0.00552145 0.15070320
v -0.00234515 -0.00532121 0.11871139
v 0.02970827 -0.00532095 0.15076496
v -0.00247118 -0.00502082 0.11876038
v 0.02962774 -0.00504532 0.15084548
v -0.00261768 -0.00464316 0.11881734
v 0.02951904 -0.00464292 0.15095419
v -0.00271103 -0.00438313 0.11885364
v 0.02949838 -0.00456187 0.15097484
v -0.00285277 -0.00395171 0.11890874
v 0.02952383 -0.00406268 0.15120861
v 0.02935582 -0.00395151 0.15111741
v -0.00291805 -0.00373453 0.11893412
v 0.02927916 -0.00357584 0.15119407
v -0.00304971 -0.00324886 0.11898531
v 0.02921908 -0.00324871 0.15125415
v -0.00309173 -0.00307664 0.11900164
v 0.02911362 -0.00256909 0.15135961
v -0.00320795 -0.00253664 0.11904683
v 0.02910921 -0.00253654 0.15136402
v -0.00323165 -0.00241109 0.11905604
v 0.02905129 -0.00205975 0.15142194
v -0.00332703 -0.00181711 0.11909313
v 0.02902653 -0.00181706 0.15144670
v -0.00333747 -0.00173954 0.11909718
v 0.02900272 -0.00154743 0.15147051
v -0.00340661 -0.00109235 0.11912406
v 0.02897128 -0.00109233 0.15150195
v -0.00340894 -0.00106367 0.11912497
v 0.02896797 -0.00103287 0.15150525
v -0.00344587 -0.00038513 0.11913933
v 0.02894711 -0.00051681 0.15152612
v -0.00344645 -0.00036446 0.11913956
v 0.02894361 -0.00036446 0.15152962
v -0.00344819 0.00029438 0.11914023
v 0.02894015 0.00000000 0.15153308
v -0.00344645 0.00036448 0.11913956
v 0.02894361 0.00036446 0.15152962
v -0.00341587 0.00097317 0.11912766
v 0.02894711 0.00051681 0.15152612
v -0.00340661 0.00109238 0.11912406
v 0.02897128 0.00109233 0.15150195
v -0.00334900 0.00164956 0.11910166
v 0.02900272 0.00154743 0.15147051
v -0.00332703 0.00181714 0.11909312
v 0.02905129 0.00205975 0.15142194
v -0.00324773 0.00232188 0.11906229
v 0.02910921 0.00253654 0.15136402
v -0.00325977 0.00236692 0.11904084
v -0.00311231 0.00298845 0.11900964
v 0.02911362 0.00256909 0.15135961
v -0.00304970 0.00324889 0.11898530
v 0.02921908 0.00324871 0.15125415
v -0.00294306 0.00364761 0.11894384
v 0.02927916 0.00357584 0.15119407
v -0.00285276 0.00395173 0.11890874
v 0.02935582 0.00395151 0.15111741
v -0.00274039 0.00429771 0.11886505
v 0.02938213 0.00407181 0.15109109
v -0.00261768 0.00464317 0.11881734
v 0.02951904 0.00464292 0.15095419
v -0.00250478 0.00493714 0.11877345
v 0.02962774 0.00504532 0.15084548
v -0.00234516 0.00532120 0.11871139
v 0.02970827 0.00532095 0.15076496
v -0.00223682 0.00556428 0.11866927
v 0.02977002 0.00552145 0.15070320
v -0.00203597 0.00598387 0.11859118
v 0.02992295 0.00598363 0.15055027
v -0.00193715 0.00617757 0.11855276
v 0.02992502 0.00598958 0.15054821
v -0.00169102 0.00662927 0.11845707
v 0.03016248 0.00662906 0.15031074
v -0.00160649 0.00677547 0.11842421
v 0.03027223 0.00689911 0.15020099
v -0.00131130 0.00725554 0.11830944
v 0.03042617 0.00725537 0.15004706
v -0.00124568 0.00735646 0.11828393
v 0.03135419 0.00900189 0.14911904
v 0.00002508 0.00900193 0.11778988
v 0.03134487 0.00898700 0.14912835
v 0.00000852 0.00898354 0.11779632
v 0.03110816 0.00859314 0.14936507
v -0.00043718 0.00846189 0.11796960
v 0.03102288 0.00844350 0.14945035
v -0.00045205 0.00844354 0.11797538
v 0.03088222 0.00818683 0.14959101
v -0.00085559 0.00791908 0.11813227
v 0.03071324 0.00786077 0.14975999
v -0.00089791 0.00786088 0.11814872
v 0.03066738 0.00776865 0.14980585
v 0.01919763 0.00932718 0.13654140
v 0.01903993 0.00932985 0.13638012
v 0.00048038 0.00948268 0.11761286
v 0.01888647 0.00933837 0.13621525
v 0.00053210 0.00953442 0.11759276
v 0.01776359 0.00963191 0.13468683
v 0.00106749 0.01003941 0.11738461
v 0.01679186 0.01050751 0.13234190
v 0.00162969 0.01051543 0.11716603
v 0.01661765 0.01085791 0.13153535
v 0.00221709 0.01096112 0.11693766
v 0.01649616 0.01133442 0.13045632
v 0.00282799 0.01137519 0.11670015
v 0.01648540 0.01168788 0.12964501
v 0.01653987 0.01201915 0.12885906
v 0.00411317 0.01210381 0.11620050
v 0.01665327 0.01232288 0.12810149
v 0.00478375 0.01241626 0.11593979
v 0.01689279 0.01268706 0.12711701
v 0.00504373 0.01252600 0.11583871
v 0.01689773 0.01269282 0.12710050
v 0.00547043 0.01269292 0.11567282
v 0.01713717 0.01292581 0.12639798
v 0.00569114 0.01277301 0.11558701
v 0.01714587 0.01293290 0.12637533
v 0.00617124 0.01293298 0.11540035
v 0.01743685 0.01313206 0.12569592
v 0.00635043 0.01298780 0.11533069
v 0.01744321 0.01313572 0.12568247
v 0.00688416 0.01313576 0.11512318
v 0.01772227 0.01327406 0.12513722
v 0.00701993 0.01316981 0.11507040
v 0.01778667 0.01330062 0.12502200
v 0.00760713 0.01330067 0.11484210
v 0.01810687 0.01340892 0.12449569
v 0.00769794 0.01331857 0.11480680
v 0.00833809 0.01342724 0.11455792
v 0.01853657 0.01350452 0.12388533
v 0.00838273 0.01343369 0.11454056
v 0.00976571 0.01356193 0.11400288
v 0.01907103 0.01356399 0.12323908
v 0.00981552 0.01356399 0.11398352
v 0.01046037 0.01357472 0.11373281
v 0.01944724 0.01357500 0.12284222
v 0.01055771 0.01357378 0.11369496
v 0.01957726 0.01357378 0.12271449
v 0.01954906 0.01357406 0.12277204
v 0.02227273 0.01313962 0.12124669
v 0.02475060 0.01236599 0.12028606
v 0.01703658 0.01147926 0.11018389
v 0.02743008 0.01117168 0.11991870
v 0.01691638 0.01167461 0.11040197
v 0.01596689 0.01074265 0.10762509
v 0.02754422 0.01112120 0.11993015
v 0.01617290 0.01089568 0.10811670
v 0.01654503 0.01115753 0.10900473
v 0.01539062 0.01028147 0.10624989
v 0.02858154 0.01066491 0.12009877
v 0.02840547 0.01074162 0.12006178
v 0.01580992 0.01062199 0.10725049
v 0.01545648 0.01033679 0.10640707
v 0.01484072 0.00979088 0.10493763
v 0.02948888 0.01028049 0.12034653
v 0.01511299 0.01004040 0.10558736
v 0.02958307 0.01024205 0.12037795
v 0.01431889 0.00927250 0.10369235
v 0.03096177 0.00973306 0.12097407
v 0.03078847 0.00979004 0.12088414
v 0.01477980 0.00973318 0.10479227
v 0.01445731 0.00941549 0.10402267
v 0.03407508 0.00959581 0.12439986
v 0.04555057 0.00927145 0.13492265
v 0.01414585 0.00908772 0.10327942
v 0.04561108 0.00917907 0.13486214
v 0.01384577 0.00875027 0.10256332
v 0.04585306 0.00879166 0.13462017
v 0.01382508 0.00872616 0.10251396
v 0.04589236 0.00872584 0.13458086
v 0.01355740 0.00840354 0.10187517
v 0.04608443 0.00839151 0.13438880
v 0.01336318 0.00815620 0.10141169
v 0.04621295 0.00815508 0.13426027
v 0.01328105 0.00804796 0.10121570
v 0.04630486 0.00797918 0.13416837
v 0.01301703 0.00768399 0.10058564
v 0.04651142 0.00756080 0.13396181
v 0.01293265 0.00756211 0.10038428
v 0.01276560 0.00731208 0.09998565
v 0.04651403 0.00755529 0.13395920
v 0.01253446 0.00694492 0.09943406
v 0.04678690 0.00694472 0.13368633
v 0.01252705 0.00693270 0.09941637
v 0.04689739 0.00667528 0.13357583
v 0.04746781 0.00498373 0.13300541
v 0.01156094 0.00429883 0.09674599
v 0.04764410 0.00429877 0.13282913
v 0.01152254 0.00495091 0.09704141
v 0.01155232 0.00498444 0.09709031
v 0.04738097 0.00528434 0.13309226
v 0.01170611 0.00535064 0.09745732
v 0.04726578 0.00565433 0.13320744
v 0.01184412 0.00565568 0.09778666
v 0.04723230 0.00575656 0.13324092
v 0.01189095 0.00575480 0.09789840
v 0.04707103 0.00622042 0.13340219
v 0.01208950 0.00615354 0.09837223
v 0.04703859 0.00630862 0.13343463
v 0.01217212 0.00631027 0.09856938
v 0.01230161 0.00654635 0.09887839
v 0.04791749 0.00289367 0.13255574
v 0.01221028 0.00289381 0.09684858
v 0.04784555 0.00332587 0.13262767
v 0.01213413 0.00309582 0.09683704
v 0.04779414 0.00360141 0.13267909
v 0.01191874 0.00360146 0.09680372
v 0.04774927 0.00382452 0.13272395
v 0.01180814 0.00383265 0.09678620
v 0.01201133 0.00227740 0.09669904
v 0.04808279 0.00145522 0.13239044
v 0.04812426 0.00072866 0.13234897
v 0.01269434 0.00072868 0.09691905
v 0.01259770 0.00145529 0.09690537
v 0.04805297 0.00180392 0.13242026
v 0.01258820 0.00150776 0.09690401
v 0.04812426 -0.00072866 0.13234897
v 0.01271473 -0.00044145 0.09692191
v 0.04813636 -0.00025845 0.13233687
v 0.01272433 -0.00019124 0.09692326
v 0.04813810 0.00000000 0.13233513
v 0.01267601 -0.00003741 0.09687749
v 0.01272654 0.00000000 0.09692357
v 0.04813636 0.00025845 0.13233687
v 0.01272287 0.00024601 0.09692306
v 0.01259787 -0.00145431 0.09690539
v 0.04801379 -0.00217758 0.13245943
v 0.01255033 -0.00170056 0.09689859
v 0.04805297 -0.00180392 0.13242026
v 0.01236390 -0.00243180 0.09687147
v 0.04791749 -0.00289367 0.13255574
v 0.01247751 -0.00181996 0.09684883
v 0.01211225 -0.00315126 0.09683371
v 0.04779414 -0.00360141 0.13267909
v 0.04784555 -0.00332587 0.13262767
v 0.01220336 -0.00291279 0.09684754
v 0.01178345 -0.00388213 0.09678225
v 0.04774927 -0.00382452 0.13272395
v 0.01189920 -0.00364352 0.09680065
v 0.04518857 -0.00979032 0.13528466
v 0.03535371 -0.01025067 0.12616263
v 0.03483988 -0.00978973 0.12493510
v 0.04535886 -0.00955317 0.13511437
v 0.03478801 -0.00975622 0.12483406
v 0.04482512 -0.01025930 0.13564811
v 0.03537803 -0.01028058 0.12623584
v 0.04480739 -0.01028097 0.13566584
v 0.04440814 -0.01074197 0.13606509
v 0.03566279 -0.01074180 0.12731943
v 0.04454438 -0.01059030 0.13592885
v 0.03561789 -0.01064961 0.12710771
v 0.03475897 -0.01020365 0.12610534
v 0.03584649 -0.01149084 0.12901980
v 0.04399196 -0.01117201 0.13648126
v 0.04365161 -0.01148937 0.13682161
v 0.03584810 -0.01156956 0.12920059
v 0.04356007 -0.01156983 0.13691316
v 0.03580579 -0.01117169 0.12829445
v 0.04425493 -0.01090595 0.13621829
v 0.03579670 -0.01113114 0.12820274
v 0.04311369 -0.01193429 0.13735953
v 0.03573483 -0.01218817 0.13067650
v 0.04301865 -0.01200618 0.13745458
v 0.03581001 -0.01193410 0.13005537
v 0.04333861 -0.01175629 0.13713462
v 0.03582626 -0.01184656 0.12984684
v 0.03537653 -0.01276476 0.14528600
v 0.02934903 -0.01293287 0.13857867
v 0.03522747 -0.01274153 0.14524575
v 0.02917408 -0.01287737 0.13864424
v 0.03513528 -0.01269285 0.14533795
v 0.03465843 -0.01241616 0.14581480
v 0.02845355 -0.01263275 0.13887622
v 0.03488687 -0.01255399 0.14558635
v 0.02862379 -0.01269275 0.13882682
v 0.02800616 -0.01249360 0.13889918
v 0.01928068 0.00936995 0.13646345
v -0.00778149 0.02486956 0.09677229
v 0.02590906 -0.01053519 0.13928015
v 0.03277551 -0.00555689 0.12342022
v 0.00740947 -0.00898988 0.08793968
v 0.00707358 0.00892139 0.08746292
v -0.00234201 0.00503306 0.08772765
v -0.00086223 0.00868684 0.09374902
v 0.00384335 0.00857653 0.08851349
v 0.00336600 0.00851252 0.08871703
v -0.00107320 0.00851710 0.09317512
v 0.00470015 0.00867942 0.08814815
v 0.00476787 0.00868691 0.08811927
v -0.00080603 0.00872234 0.09388395
v 0.00556659 0.00876825 0.08777870
v -0.00060701 0.00882338 0.09431294
v 0.00730469 0.00898033 0.08806926
v -0.00027804 0.00892838 0.09489061
v 0.00717791 0.00895290 0.08773665
v -0.00030775 0.00892136 0.09484393
v 0.00003908 0.00898032 0.09533468
v 0.00739073 0.00899221 0.08829498
v 0.00008015 0.00898440 0.09538585
v 0.00753682 0.00900000 0.08867827
v 0.00016118 0.00900529 0.09565135
v 0.00542822 0.00742053 0.09809146
v 0.01004957 -0.00326244 0.09751801
v 0.01106488 -0.00463797 0.09650937
v 0.00245315 -0.00869339 0.09726619
v 0.00795960 -0.00893457 0.08978745
v 0.00774710 -0.00898386 0.08922996
v 0.00103039 -0.00896596 0.09629063
v 0.00788470 -0.00895575 0.08959094
v 0.00112036 -0.00895573 0.09635553
v 0.00065189 -0.00899508 0.09598407
v 0.00765295 -0.00899508 0.08898293
v 0.00055983 -0.00899833 0.09590012
v 0.00753382 -0.00900000 0.08867039
v 0.00742069 -0.00899508 0.08837359
v 0.00023100 -0.00899508 0.09556319
v -0.00788117 -0.00280169 0.11640570
v -0.01138467 -0.01295131 0.08225726
v -0.01814762 0.01347220 0.08639156
v -0.01918263 -0.01400204 0.08878778
v 0.01654965 0.01248533 0.11072260
v 0.01656960 0.01250006 0.11070739
v 0.01656956 0.02450000 0.11070742
v 0.01657807 0.01248920 0.11070105
v 0.01660189 0.01245723 0.11068163
v 0.01660187 0.02450000 0.11068165
v 0.01663194 0.01241346 0.11065330
v 0.01663193 0.02450000 0.11065330
v 0.01664935 0.01234531 0.11063610
v 0.01665915 0.01236970 0.11062306
v 0.01665956 0.02450000 0.11062257
v 0.01668455 0.01232419 0.11058966
v 0.01668455 0.02450000 0.11058966
v 0.01675234 0.02450000 0.11015781
v 0.01675169 0.01190579 0.11015570
v 0.01676959 0.01196129 0.11023636
v 0.01676228 0.02450000 0.11019555
v 0.01676231 0.01193187 0.11019568
v 0.01675934 0.01192333 0.11018308
v 0.01676417 0.02455934 0.11021682
v 0.01676957 0.02450000 0.11023623
v 0.01677357 0.01199524 0.11027925
v 0.01676948 0.02453240 0.11024228
v 0.01677347 0.02450000 0.11027737
v 0.01677397 0.01202899 0.11031872
v 0.01677388 0.02450000 0.11028655
v 0.01677397 0.02450000 0.11031869
v 0.01677180 0.01205999 0.11035281
v 0.01677104 0.01206673 0.11035998
v 0.01677037 0.02457096 0.11033561
v 0.01677105 0.02450000 0.11035991
v 0.01678394 0.01194137 0.11039434
v 0.01676472 0.01210654 0.11040082
v 0.01676869 0.02452892 0.11037305
v 0.01676473 0.02450000 0.11040075
v 0.01675914 0.01213198 0.11042571
v 0.01676137 0.02450000 0.11041647
v 0.01669352 0.02450000 0.11057632
v 0.01669442 0.01230492 0.11057492
v 0.01670673 0.02450000 0.11055479
v 0.01670673 0.01227935 0.11055480
v 0.01671566 0.02450000 0.11053873
v 0.01671378 0.01226375 0.11054222
v 0.01672597 0.02450000 0.11051822
v 0.01672596 0.01223481 0.11051824
v 0.01673444 0.02450000 0.11049936
v 0.01673057 0.01222301 0.11050822
v 0.01674212 0.02450000 0.11048017
v 0.01674211 0.01219091 0.11048021
v 0.01674971 0.02450000 0.11045850
v 0.01674475 0.01218287 0.11047301
v 0.01675507 0.02450000 0.11044093
v 0.01675506 0.01214802 0.11044096
v 0.01667674 0.02454010 0.11059911
v 0.01663907 0.02451275 0.11064562
v 0.01662263 0.02458543 0.11065594
v 0.01657482 0.02451399 0.11070334
v 0.01653529 0.01254168 0.11073040
v 0.01653524 0.02450000 0.11073044
v 0.01650118 0.02450000 0.11074950
v 0.01649921 0.01258184 0.11075050
v 0.01651350 0.01256635 0.11074301
v 0.01646077 0.02454358 0.11076583
v -0.00671882 0.02454358 0.12013099
v 0.01645864 0.02458683 0.11076055
v -0.00672096 0.02458683 0.12012571
v 0.01645511 0.02462941 0.11075179
v -0.00672449 0.02462941 0.12011696
v 0.01645019 0.02467101 0.11073963
v -0.00672940 0.02467101 0.12010479
v 0.01644394 0.02471131 0.11072416
v -0.00673566 0.02471131 0.12008932
v 0.01643639 0.02475000 0.11070548
v -0.00674320 0.02475000 0.12007065
v 0.01642761 0.02478679 0.11068375
v -0.00675198 0.02478679 0.12004892
v 0.01641767 0.02482139 0.11065913
v -0.00676193 0.02482139 0.12002429
v 0.01640663 0.02485355 0.11063181
v -0.00677297 0.02485355 0.11999697
v 0.01639458 0.02488302 0.11060199
v -0.00678502 0.02488302 0.11996715
v 0.01638162 0.02490958 0.11056990
v -0.00679798 0.02490958 0.11993507
v 0.01636784 0.02493301 0.11053579
v -0.00681176 0.02493301 0.11990096
v 0.01635334 0.02495315 0.11049992
v -0.00682625 0.02495315 0.11986509
v 0.01633825 0.02496984 0.11046255
v -0.00684135 0.02496984 0.11982772
v 0.01632266 0.02498296 0.11042398
v -0.00685693 0.02498296 0.11978915
v 0.01630671 0.02499240 0.11038450
v -0.00687289 0.02499240 0.11974966
v 0.01629051 0.02499810 0.11034440
v -0.00688909 0.02499810 0.11970957
v -0.00675923 0.02450000 0.12014732
v -0.00675923 -0.02450000 0.12014732
v -0.00680146 0.02450000 0.12015824
v -0.00680146 -0.02450000 0.12015824
v -0.00684448 0.02450000 0.12016544
v -0.00684448 -0.02450000 0.12016544
v -0.00688796 0.02450000 0.12016886
v -0.00688796 -0.02450000 0.12016886
v -0.00693158 0.02450000 0.12016848
v -0.00693158 -0.02450000 0.12016848
v -0.00697500 0.02450000 0.12016430
v -0.00697500 -0.02450000 0.12016430
v -0.00701789 0.02450000 0.12015634
v -0.00701789 -0.02450000 0.12015634
v -0.00705992 0.02450000 0.12014469
v -0.00705992 -0.02450000 0.12014469
v -0.00710078 0.02450000 0.12012941
v -0.00710078 -0.02450000 0.12012941
v -0.00714015 0.02450000 0.12011064
v -0.00714015 -0.02450000 0.12011064
v -0.00717773 0.02450000 0.12008850
v -0.00717773 -0.02450000 0.12008850
v -0.00721324 0.02450000 0.12006317
v -0.00721324 -0.02450000 0.12006317
v -0.00724641 0.02450000 0.12003484
v -0.00724641 -0.02450000 0.12003484
v -0.00727698 0.02450000 0.12000373
v -0.00727698 -0.02450000 0.12000373
v -0.00730473 0.02450000 0.11997007
v -0.00730473 -0.02450000 0.11997007
v -0.00732944 0.02450000 0.11993412
v -0.00732944 -0.02450000 0.11993412
v -0.00735092 0.02450000 0.11989616
v -0.00735092 -0.02450000 0.11989616
v 0.01646085 -0.02454129 0.11076601
v 0.01646077 -0.02454358 0.11076583
v -0.00671882 -0.02454358 0.12013099
v 0.01647668 -0.02456363 0.11075711
v 0.01645864 -0.02458682 0.11076055
v -0.00672096 -0.02458682 0.12012571
v 0.01647361 -0.02462143 0.11074625
v 0.01645511 -0.02462941 0.11075179
v -0.00672449 -0.02462941 0.12011696
v 0.01650860 -0.02465468 0.11071942
v 0.01645019 -0.02467101 0.11073963
v -0.00672940 -0.02467101 0.12010479
v 0.01644571 -0.02470085 0.11072854
v 0.01644394 -0.02471131 0.11072416
v -0.00673566 -0.02471131 0.12008932
v 0.01652590 -0.02471983 0.11068038
v 0.01643639 -0.02475000 0.11070548
v -0.00674320 -0.02475000 0.12007065
v 0.01646987 -0.02477102 0.11067657
v 0.01642761 -0.02478679 0.11068375
v -0.00675198 -0.02478679 0.12004892
v 0.01649902 -0.02481744 0.11062289
v 0.01641767 -0.02482139 0.11065913
v -0.00676193 -0.02482139 0.12002429
v 0.01643246 -0.02483722 0.11063757
v 0.01640663 -0.02485355 0.11063181
v -0.00677297 -0.02485355 0.11999697
v 0.01640104 -0.02486786 0.11061798
v -0.00678502 -0.02488302 0.11996715
v 0.01638923 -0.02489457 0.11058874
v -0.00679798 -0.02490958 0.11993507
v 0.01637663 -0.02491858 0.11055756
v -0.00681176 -0.02493301 0.11990096
v 0.01636333 -0.02493974 0.11052464
v -0.00682625 -0.02495315 0.11986509
v 0.01634942 -0.02495789 0.11049022
v -0.00684135 -0.02496985 0.11982772
v 0.01633500 -0.02497291 0.11045452
v -0.00685693 -0.02498296 0.11978915
v 0.01632016 -0.02498470 0.11041780
v -0.00687289 -0.02499240 0.11974966
v 0.01630501 -0.02499318 0.11038030
v -0.00688909 -0.02499810 0.11970957
v 0.01629051 -0.02499810 0.11034440
v 0.01628965 -0.02499829 0.11034228
v 0.01649913 -0.02450000 0.11075054
v 0.01653524 -0.02450000 0.11073044
v 0.01653528 -0.01254170 0.11073041
v 0.01651535 -0.01252005 0.11074333
v 0.01649916 -0.01258190 0.11075052
v 0.01656956 -0.02450000 0.11070742
v 0.01660187 -0.02450000 0.11068165
v 0.01660190 -0.01245722 0.11068163
v 0.01656960 -0.01250006 0.11070739
v 0.01654482 -0.01245989 0.11072769
v 0.01663193 -0.02450000 0.11065330
v 0.01665956 -0.02450000 0.11062257
v 0.01665957 -0.01236898 0.11062255
v 0.01664171 -0.01230261 0.11065142
v 0.01663196 -0.01241343 0.11065328
v 0.01660632 -0.01240686 0.11067930
v 0.01670673 -0.02450000 0.11055479
v 0.01669118 -0.01231137 0.11057989
v 0.01668455 -0.02450000 0.11058966
v 0.01668455 -0.01232418 0.11058965
v 0.01667173 -0.01230910 0.11060900
v 0.01672597 -0.02450000 0.11051822
v 0.01671090 -0.01227021 0.11054746
v 0.01670673 -0.01227934 0.11055480
v 0.01674212 -0.02450000 0.11048017
v 0.01673989 -0.01219742 0.11048597
v 0.01675507 -0.02450000 0.11044093
v 0.01675207 -0.01215883 0.11045106
v 0.01674211 -0.01219091 0.11048021
v 0.01676473 -0.02450000 0.11040075
v 0.01676159 -0.01212144 0.11041551
v 0.01677105 -0.02450000 0.11035991
v 0.01676846 -0.01208537 0.11037942
v 0.01677498 -0.01198251 0.11033926
v 0.01677397 -0.02450000 0.11031869
v 0.01677267 -0.01205073 0.11034282
v 0.01677415 -0.01201091 0.11029792
v 0.01677347 -0.02450000 0.11027737
v 0.01677252 -0.01198220 0.11026320
v 0.01676957 -0.02450000 0.11023623
v 0.01676851 -0.01195569 0.11022891
v 0.01676228 -0.02450000 0.11019555
v 0.01675352 -0.01190954 0.11016175
v 0.01675166 -0.02450000 0.11015562
v 0.01674904 -0.01187691 0.11014602
v 0.01674681 -0.01189687 0.11014084
v 0.00005007 -0.00905664 0.11774789
v -0.00039925 -0.00853786 0.11792306
v -0.00082144 -0.00799769 0.11808767
v -0.00121546 -0.00743749 0.11824129
v -0.00158034 -0.00685869 0.11838356
v -0.00191517 -0.00626275 0.11851411
v -0.00221913 -0.00565117 0.11863263
v -0.00273157 -0.00438724 0.11883244
v -0.00249149 -0.00502547 0.11873883
v -0.00311263 -0.00307958 0.11898103
v -0.00293878 -0.00373807 0.11891324
v -0.00325269 -0.00241342 0.11903565
v -0.00335862 -0.00174123 0.11907695
v -0.00343016 -0.00106470 0.11910485
v -0.00346713 -0.00038551 0.11911927
v -0.00346945 0.00029466 0.11912017
v -0.00343710 0.00097412 0.11910755
v -0.00337016 0.00165117 0.11908145
v -0.00313323 0.00299132 0.11898907
v -0.00296382 0.00365107 0.11892300
v -0.00276095 0.00430175 0.11884390
v -0.00225690 0.00556937 0.11864736
v -0.00252512 0.00494172 0.11875194
v -0.00162601 0.00678144 0.11840137
v -0.00195696 0.00618312 0.11853040
v -0.00126488 0.00736279 0.11826056
v -0.00087445 0.00792573 0.11810834
v -0.00045570 0.00846881 0.11794507
v -0.00000965 0.00899066 0.11777117
v 0.00982715 -0.01357468 0.11387561
v 0.00737993 -0.01330115 0.11476291
v 0.00185310 -0.01079235 0.11693357
v 0.00101822 -0.01002840 0.11735629
v 0.00050666 -0.00956141 0.11753784
v 0.00003095 -0.00906511 0.11772383
v -0.00041875 -0.00854603 0.11789965
v -0.00084131 -0.00800550 0.11806487
v -0.00123568 -0.00744490 0.11821908
v -0.00160089 -0.00686564 0.11836188
v -0.00193603 -0.00626919 0.11849294
v -0.00224029 -0.00565705 0.11861192
v -0.00251290 -0.00503077 0.11871853
v -0.00275322 -0.00439192 0.11881251
v -0.00296064 -0.00374209 0.11889363
v -0.00313467 -0.00308292 0.11896169
v -0.00327487 -0.00241604 0.11901652
v -0.00338090 -0.00174314 0.11905799
v -0.00345251 -0.00106587 0.11908600
v -0.00348952 -0.00038593 0.11910048
v -0.00349184 0.00029499 0.11910138
v -0.00345946 0.00097519 0.11908872
v -0.00339245 0.00165297 0.11906251
v -0.00329098 0.00232665 0.11902283
v -0.00315529 0.00299455 0.11896976
v -0.00298570 0.00365500 0.11890343
v -0.00278263 0.00430634 0.11882401
v -0.00254657 0.00494693 0.11873170
v -0.00227809 0.00557518 0.11862670
v -0.00197786 0.00618949 0.11850929
v -0.00164660 0.00678831 0.11837976
v -0.00128514 0.00737014 0.11823842
v -0.00089436 0.00793349 0.11808562
v -0.00047524 0.00847694 0.11792174
v -0.00002882 0.00899909 0.11774720
v 0.00144236 0.01043045 0.11713714
v 0.00724114 0.01329226 0.11476905
v 0.00831884 0.01348614 0.11432684
v 0.00198540 0.01085304 0.11692543
v 0.00093852 0.00997209 0.11736513
v 0.00043469 0.00949714 0.11755524
v -0.00004892 0.00900880 0.11772450
v -0.00049574 0.00848624 0.11789970
v -0.00091524 0.00794233 0.11806419
v -0.00130638 0.00737847 0.11821758
v -0.00166819 0.00679609 0.11835947
v -0.00199977 0.00619665 0.11848951
v -0.00230030 0.00558170 0.11860737
v -0.00256905 0.00495277 0.11871278
v -0.00280535 0.00431146 0.11880546
v -0.00300863 0.00365937 0.11888520
v -0.00317839 0.00299816 0.11895179
v -0.00331423 0.00232947 0.11900507
v -0.00341580 0.00165497 0.11904491
v -0.00348288 0.00097637 0.11907122
v -0.00351530 0.00029535 0.11908394
v -0.00351298 -0.00038640 0.11908303
v -0.00347593 -0.00106716 0.11906849
v -0.00340424 -0.00174525 0.11904038
v -0.00329809 -0.00241896 0.11899874
v -0.00315775 -0.00308662 0.11894369
v -0.00298354 -0.00374656 0.11887536
v -0.00277591 -0.00439713 0.11879392
v -0.00253535 -0.00503670 0.11869956
v -0.00226246 -0.00566366 0.11859253
v -0.00195790 -0.00627643 0.11847309
v -0.00162243 -0.00687348 0.11834152
v -0.00125687 -0.00745330 0.11819817
v -0.00086214 -0.00801440 0.11804337
v -0.00043919 -0.00855539 0.11787753
v 0.00001091 -0.00907487 0.11770104
v 0.00048703 -0.00957152 0.11751437
v 0.00373428 0.01195487 0.11624145
v -0.00006985 0.00901976 0.11770317
v -0.00051710 0.00849669 0.11787903
v -0.00093700 0.00795222 0.11804416
v -0.00132853 0.00738775 0.11819813
v -0.00169069 0.00680471 0.11834057
v -0.00202261 0.00620459 0.11847112
v -0.00232345 0.00558890 0.11858944
v -0.00259248 0.00495920 0.11869527
v -0.00282903 0.00431709 0.11878831
v -0.00303252 0.00366418 0.11886836
v -0.00320246 0.00300211 0.11893522
v -0.00333844 0.00233254 0.11898871
v -0.00344013 0.00165717 0.11902872
v -0.00350728 0.00097766 0.11905513
v -0.00353973 0.00029574 0.11906790
v -0.00353741 -0.00038691 0.11906698
v -0.00350032 -0.00106858 0.11905239
v -0.00342856 -0.00174756 0.11902416
v -0.00332230 -0.00242216 0.11898236
v -0.00318180 -0.00309069 0.11892709
v -0.00300741 -0.00375148 0.11885849
v -0.00279955 -0.00440287 0.11877672
v -0.00255874 -0.00504323 0.11868200
v -0.00228557 -0.00567096 0.11857454
v -0.00198070 -0.00628446 0.11845463
v -0.00164489 -0.00688220 0.11832256
v -0.00127897 -0.00746266 0.11817864
v -0.00088385 -0.00802437 0.11802325
v -0.00046049 -0.00856590 0.11785677
v -0.00000997 -0.00908588 0.11767962
v 0.00046659 -0.00958298 0.11749224
v 0.00097808 -0.01004946 0.11730632
v 0.01617458 -0.01252627 0.11098914
v 0.00960258 0.01358508 0.11389824
v 0.00087082 0.01001659 0.11728938
v 0.00038238 0.00953279 0.11749642
v -0.00009154 0.00903190 0.11768329
v -0.00053923 0.00850823 0.11785982
v -0.00095956 0.00796312 0.11802558
v -0.00135149 0.00739795 0.11818015
v -0.00171404 0.00681417 0.11832313
v -0.00204630 0.00621326 0.11845419
v -0.00234746 0.00559675 0.11857298
v -0.00261677 0.00496621 0.11867921
v -0.00285358 0.00432321 0.11877263
v -0.00305729 0.00366939 0.11885299
v -0.00322742 0.00300639 0.11892011
v -0.00336355 0.00233588 0.11897381
v -0.00346535 0.00165954 0.11901397
v -0.00353258 0.00097907 0.11904049
v -0.00356506 0.00029616 0.11905331
v -0.00356274 -0.00038747 0.11905239
v -0.00352560 -0.00107011 0.11903774
v -0.00345376 -0.00175006 0.11900940
v -0.00334739 -0.00242562 0.11896743
v -0.00320673 -0.00309510 0.11891194
v -0.00303215 -0.00375681 0.11884307
v -0.00282408 -0.00440911 0.11876099
v -0.00258300 -0.00505035 0.11866589
v -0.00230954 -0.00567892 0.11855802
v -0.00200435 -0.00629324 0.11843764
v -0.00166819 -0.00689175 0.11830505
v -0.00130189 -0.00747295 0.11816058
v -0.00090635 -0.00803535 0.11800460
v -0.00048258 -0.00857752 0.11783748
v -0.00003161 -0.00909810 0.11765965
v 0.00044543 -0.00959574 0.11747156
v 0.00094733 -0.01006917 0.11727369
v 0.00436810 -0.01234959 0.11588082
v 0.00036051 0.00954672 0.11747737
v -0.00011390 0.00904519 0.11766494
v -0.00056206 0.00852082 0.11784214
v -0.00098284 0.00797497 0.11800853
v -0.00137519 0.00740902 0.11816369
v -0.00173812 0.00682442 0.11830723
v -0.00207075 0.00622264 0.11843879
v -0.00237224 0.00560524 0.11855803
v -0.00264185 0.00497376 0.11866468
v -0.00287892 0.00432980 0.11875845
v -0.00308286 0.00367500 0.11883913
v -0.00325318 0.00301100 0.11890651
v -0.00338946 0.00233947 0.11896042
v -0.00349138 0.00166209 0.11900074
v -0.00355868 0.00098057 0.11902736
v -0.00359120 0.00029662 0.11904023
v -0.00358887 -0.00038806 0.11903931
v -0.00355170 -0.00107176 0.11902460
v -0.00347978 -0.00175275 0.11899615
v -0.00337328 -0.00242934 0.11895402
v -0.00323247 -0.00309984 0.11889831
v -0.00305770 -0.00376256 0.11882917
v -0.00284938 -0.00441583 0.11874677
v -0.00260804 -0.00505803 0.11865131
v -0.00233428 -0.00568753 0.11854302
v -0.00202875 -0.00630274 0.11842217
v -0.00169222 -0.00690211 0.11828907
v -0.00132553 -0.00748413 0.11814405
v -0.00092957 -0.00804730 0.11798747
v -0.00050535 -0.00859021 0.11781972
v -0.00005390 -0.00911147 0.11764121
v 0.00042362 -0.00960975 0.11745241
v 0.00092604 -0.01008377 0.11725379
v 0.00148227 -0.01050819 0.11707711
v 0.00234531 0.01116333 0.11671370
v 0.00135121 0.01050129 0.11704495
v 0.00083810 0.01003993 0.11726172
v 0.00033809 0.00956184 0.11745992
v -0.00013684 0.00905957 0.11764820
v -0.00058549 0.00853443 0.11782607
v -0.00100674 0.00798775 0.11799309
v -0.00139952 0.00742093 0.11814883
v -0.00176287 0.00683541 0.11829291
v -0.00209587 0.00623270 0.11842497
v -0.00239770 0.00561432 0.11854467
v -0.00266762 0.00498183 0.11865172
v -0.00290496 0.00433685 0.11874585
v -0.00310913 0.00368099 0.11882683
v -0.00327965 0.00301591 0.11889446
v -0.00341609 0.00234329 0.11894858
v -0.00351812 0.00166481 0.11898905
v -0.00358550 0.00098218 0.11901578
v -0.00361806 0.00029710 0.11902870
v -0.00361573 -0.00038870 0.11902777
v -0.00357851 -0.00107351 0.11901301
v -0.00350650 -0.00175562 0.11898445
v -0.00339989 -0.00243331 0.11894216
v -0.00325891 -0.00310489 0.11888624
v -0.00308394 -0.00376868 0.11881684
v -0.00287539 -0.00442301 0.11873412
v -0.00263377 -0.00506624 0.11863829
v -0.00235969 -0.00569674 0.11852959
v -0.00205382 -0.00631292 0.11840829
v -0.00171692 -0.00691323 0.11827469
v -0.00134981 -0.00749615 0.11812912
v -0.00095341 -0.00806019 0.11797194
v -0.00052871 -0.00860392 0.11780356
v -0.00007678 -0.00912595 0.11762438
v 0.00040127 -0.00962496 0.11743487
v 0.00090423 -0.01009965 0.11723550
v 0.00081579 0.01005694 0.11724521
v 0.00031521 0.00957807 0.11744415
v -0.00016027 0.00907499 0.11763313
v -0.00060943 0.00854898 0.11781166
v -0.00103117 0.00800138 0.11797930
v -0.00142441 0.00743362 0.11813562
v -0.00178818 0.00684712 0.11828024
v -0.00212156 0.00624339 0.11841278
v -0.00242375 0.00562396 0.11853293
v -0.00269398 0.00499040 0.11864038
v -0.00293160 0.00434431 0.11873486
v -0.00313602 0.00368733 0.11881614
v -0.00330673 0.00302111 0.11888403
v -0.00344333 0.00234733 0.11893835
v -0.00354549 0.00166768 0.11897897
v -0.00361295 0.00098387 0.11900579
v -0.00364554 0.00029762 0.11901875
v -0.00364321 -0.00038937 0.11901783
v -0.00360595 -0.00107536 0.11900301
v -0.00353386 -0.00175864 0.11897434
v -0.00342711 -0.00243750 0.11893189
v -0.00328597 -0.00311024 0.11887577
v -0.00311079 -0.00377517 0.11880611
v -0.00290200 -0.00443063 0.11872308
v -0.00266010 -0.00507495 0.11862690
v -0.00238570 -0.00570652 0.11851780
v -0.00207947 -0.00632375 0.11839605
v -0.00174217 -0.00692507 0.11826195
v -0.00137463 -0.00750897 0.11811584
v -0.00097778 -0.00807395 0.11795808
v -0.00055259 -0.00861858 0.11778906
v -0.00010013 -0.00914147 0.11760923
v 0.00037846 -0.00964129 0.11741901
v 0.00088199 -0.01011676 0.11721891
v 0.00141977 -0.01055710 0.11701784
v 0.01647348 -0.01213749 0.11114834
v 0.00130726 0.01053929 0.11701390
v 0.00079315 0.01007508 0.11723047
v 0.00029197 0.00959536 0.11743014
v -0.00018408 0.00909137 0.11761980
v -0.00063379 0.00856441 0.11779898
v -0.00105603 0.00801584 0.11796722
v -0.00144974 0.00744706 0.11812411
v -0.00181395 0.00685950 0.11826925
v -0.00214774 0.00625468 0.11840228
v -0.00245029 0.00563413 0.11852286
v -0.00272085 0.00499943 0.11863069
v -0.00295876 0.00435217 0.11872551
v -0.00316342 0.00369400 0.11880709
v -0.00333434 0.00302658 0.11887522
v -0.00347111 0.00235158 0.11892974
v -0.00357339 0.00167070 0.11897050
v -0.00364092 0.00098565 0.11899743
v -0.00367356 0.00029815 0.11901044
v -0.00367122 -0.00039007 0.11900951
v -0.00363392 -0.00107731 0.11899463
v -0.00356174 -0.00176183 0.11896586
v -0.00345487 -0.00244192 0.11892326
v -0.00331356 -0.00311587 0.11886694
v -0.00313816 -0.00378201 0.11879702
v -0.00292911 -0.00443864 0.11871370
v -0.00268693 -0.00508413 0.11861717
v -0.00241219 -0.00571684 0.11850767
v -0.00210559 -0.00633519 0.11838548
v -0.00176789 -0.00693759 0.11825090
v -0.00139991 -0.00752254 0.11810426
v -0.00100258 -0.00808854 0.11794592
v -0.00057687 -0.00863415 0.11777630
v -0.00012387 -0.00915798 0.11759581
v 0.00035530 -0.00965869 0.11740490
v 0.00085943 -0.01013500 0.11720407
v 0.00866641 -0.01353569 0.11418507
v 0.01360040 0.01330986 0.11206261
v 0.00077027 0.01009428 0.11721755
v 0.00026846 0.00961362 0.11741792
v -0.00020819 0.00910866 0.11760825
v -0.00065846 0.00858069 0.11778807
v -0.00108123 0.00803106 0.11795691
v -0.00147543 0.00746118 0.11811435
v -0.00184009 0.00687250 0.11826000
v -0.00217430 0.00626653 0.11839349
v -0.00247723 0.00564479 0.11851449
v -0.00274813 0.00500888 0.11862270
v -0.00298633 0.00436040 0.11871786
v -0.00319124 0.00370098 0.11879972
v -0.00336238 0.00303229 0.11886808
v -0.00349931 0.00235602 0.11892279
v -0.00360172 0.00167385 0.11896370
v -0.00366934 0.00098751 0.11899071
v -0.00370202 0.00029872 0.11900377
v -0.00369968 -0.00039081 0.11900283
v -0.00366233 -0.00107934 0.11898791
v -0.00359006 -0.00176515 0.11895904
v -0.00348305 -0.00244653 0.11891629
v -0.00334157 -0.00312176 0.11885977
v -0.00316596 -0.00378915 0.11878962
v -0.00295665 -0.00444703 0.11870600
v -0.00271416 -0.00509375 0.11860913
v -0.00243908 -0.00572766 0.11849925
v -0.00213210 -0.00634718 0.11837664
v -0.00179398 -0.00695074 0.11824158
v -0.00142554 -0.00753681 0.11809442
v -0.00102771 -0.00810389 0.11793554
v -0.00060148 -0.00865055 0.11776531
v -0.00014791 -0.00917540 0.11758418
v 0.00033186 -0.00967708 0.11739260
v 0.00083663 -0.01015432 0.11719105
v 0.00137577 -0.01059507 0.11698669
v 0.01077486 0.01360598 0.11335200
v 0.00395369 0.01218196 0.11599548
v 0.00181216 0.01101153 0.11677023
v 0.00127367 0.01057053 0.11699587
v 0.00074725 0.01011445 0.11720650
v 0.00024477 0.00963279 0.11740756
v -0.00023249 0.00912678 0.11759855
v -0.00068335 0.00859772 0.11777898
v -0.00110666 0.00804697 0.11794839
v -0.00150138 0.00747594 0.11810637
v -0.00186651 0.00688607 0.11825251
v -0.00220115 0.00627888 0.11838645
v -0.00250446 0.00565591 0.11850786
v -0.00277571 0.00501873 0.11861644
v -0.00301421 0.00436897 0.11871191
v -0.00321939 0.00370825 0.11879405
v -0.00339074 0.00303824 0.11886264
v -0.00352785 0.00236064 0.11891753
v -0.00363039 0.00167713 0.11895857
v -0.00369810 0.00098945 0.11898568
v -0.00373082 0.00029930 0.11899878
v -0.00372847 -0.00039157 0.11899784
v -0.00369107 -0.00108146 0.11898287
v -0.00361871 -0.00176861 0.11895390
v -0.00351157 -0.00245132 0.11891101
v -0.00336991 -0.00312788 0.11885430
v -0.00319407 -0.00379659 0.11878391
v -0.00298450 -0.00445577 0.11870002
v -0.00274170 -0.00510377 0.11860282
v -0.00246627 -0.00573895 0.11849257
v -0.00215890 -0.00635970 0.11836954
v -0.00182033 -0.00696447 0.11823403
v -0.00145142 -0.00755172 0.11808637
v -0.00105308 -0.00811996 0.11792695
v -0.00062629 -0.00866773 0.11775614
v -0.00017213 -0.00919366 0.11757440
v 0.00030827 -0.00969638 0.11738216
v 0.00081370 -0.01017462 0.11717991
v 0.00134289 -0.01062715 0.11696817
v 0.00125132 0.01059263 0.11698604
v 0.00072418 0.01013552 0.11719737
v 0.00022102 0.00965278 0.11739910
v -0.00025689 0.00914566 0.11759072
v -0.00070836 0.00861546 0.11777174
v -0.00113224 0.00806353 0.11794171
v -0.00152749 0.00749128 0.11810020
v -0.00189311 0.00690017 0.11824682
v -0.00222818 0.00629171 0.11838119
v -0.00253190 0.00566744 0.11850299
v -0.00280350 0.00502895 0.11861192
v -0.00304232 0.00437784 0.11870769
v -0.00324777 0.00371577 0.11879009
v -0.00341934 0.00304440 0.11885891
v -0.00355663 0.00236542 0.11891397
v -0.00365929 0.00168053 0.11895515
v -0.00372709 0.00099145 0.11898234
v -0.00375986 0.00029991 0.11899548
v -0.00375751 -0.00039237 0.11899454
v -0.00372006 -0.00108364 0.11897952
v -0.00364761 -0.00177219 0.11895046
v -0.00354032 -0.00245629 0.11890743
v -0.00339848 -0.00313422 0.11885054
v -0.00322241 -0.00380430 0.11877992
v -0.00301256 -0.00446483 0.11869576
v -0.00276944 -0.00511415 0.11859826
v -0.00249366 -0.00575064 0.11848765
v -0.00218588 -0.00637269 0.11836423
v -0.00184687 -0.00697873 0.11822827
v -0.00147746 -0.00756722 0.11808014
v -0.00107858 -0.00813666 0.11792020
v -0.00065123 -0.00868562 0.11774883
v -0.00019645 -0.00921268 0.11756649
v 0.00028460 -0.00971652 0.11737361
v 0.00079072 -0.01019582 0.11717069
v 0.00132064 -0.01064938 0.11695825
v 0.00190199 -0.01103839 0.11675372
v 0.00894958 0.01389747 0.11382225
v 0.00176962 0.01105987 0.11675297
v 0.00122907 0.01061559 0.11697819
v 0.00070117 0.01015739 0.11719020
v 0.00019729 0.00967352 0.11739258
v -0.00028129 0.00916523 0.11758480
v -0.00073339 0.00863382 0.11776639
v -0.00115786 0.00808065 0.11793689
v -0.00155365 0.00750713 0.11809587
v -0.00191977 0.00691473 0.11824294
v -0.00225531 0.00630495 0.11837773
v -0.00255944 0.00567934 0.11849990
v -0.00283140 0.00503948 0.11860916
v -0.00307054 0.00438699 0.11870523
v -0.00327626 0.00372353 0.11878788
v -0.00344807 0.00305074 0.11885689
v -0.00358554 0.00237034 0.11891213
v -0.00368834 0.00168402 0.11895342
v -0.00375623 0.00099351 0.11898070
v -0.00378904 0.00030053 0.11899388
v -0.00378669 -0.00039318 0.11899293
v -0.00374919 -0.00108590 0.11897787
v -0.00367664 -0.00177588 0.11894872
v -0.00356921 -0.00246140 0.11890557
v -0.00342718 -0.00314076 0.11884850
v -0.00325088 -0.00381224 0.11877767
v -0.00304075 -0.00447416 0.11869326
v -0.00279730 -0.00512487 0.11859546
v -0.00252114 -0.00576272 0.11848452
v -0.00221294 -0.00638611 0.11836071
v -0.00187347 -0.00699346 0.11822434
v -0.00150356 -0.00758324 0.11807575
v -0.00110413 -0.00815395 0.11791530
v -0.00067618 -0.00870414 0.11774341
v -0.00022076 -0.00923241 0.11756049
v 0.00026097 -0.00973740 0.11736700
v 0.00076781 -0.01021784 0.11716344
v 0.00664877 -0.01332448 0.11481297
v 0.00563154 0.01287758 0.11535198
v 0.00120699 0.01063932 0.11697237
v 0.00067831 0.01017997 0.11718502
v 0.00017369 0.00969491 0.11738801
v -0.00030559 0.00918540 0.11758081
v -0.00075835 0.00865274 0.11776294
v -0.00118343 0.00809828 0.11793395
v -0.00157978 0.00752345 0.11809339
v -0.00194641 0.00692971 0.11824089
v -0.00228242 0.00631856 0.11837607
v -0.00258697 0.00569156 0.11849860
v -0.00285932 0.00505030 0.11860817
v -0.00309878 0.00439639 0.11870452
v -0.00330479 0.00373149 0.11878740
v -0.00347683 0.00305726 0.11885662
v -0.00361449 0.00237539 0.11891200
v -0.00371743 0.00168761 0.11895342
v -0.00378541 0.00099562 0.11898077
v -0.00381826 0.00030117 0.11899399
v -0.00381591 -0.00039402 0.11899304
v -0.00377836 -0.00108821 0.11897794
v -0.00370571 -0.00177966 0.11894871
v -0.00359814 -0.00246665 0.11890543
v -0.00345591 -0.00314746 0.11884820
v -0.00327937 -0.00382039 0.11877717
v -0.00306895 -0.00448375 0.11869251
v -0.00282517 -0.00513588 0.11859443
v -0.00254862 -0.00577513 0.11848317
v -0.00223999 -0.00639990 0.11835900
v -0.00190004 -0.00700862 0.11822224
v -0.00152961 -0.00759973 0.11807321
v -0.00112961 -0.00817175 0.11791230
v -0.00070105 -0.00872322 0.11773989
v -0.00024498 -0.00925274 0.11755643
v 0.00023746 -0.00975895 0.11736236
v 0.00074505 -0.01024056 0.11715818
v 0.01650211 0.01243508 0.11076618
v 0.00230294 0.01151783 0.11651233
v 0.00173746 0.01109733 0.11674615
v 0.00118519 0.01066370 0.11696859
v 0.00065570 0.01020316 0.11718186
v 0.00015032 0.00971687 0.11738542
v -0.00032969 0.00920610 0.11757877
v -0.00078312 0.00867213 0.11776141
v -0.00120883 0.00811635 0.11793289
v -0.00160576 0.00754016 0.11809278
v -0.00197293 0.00694504 0.11824068
v -0.00230942 0.00633249 0.11837623
v -0.00261441 0.00570407 0.11849909
v -0.00288714 0.00506137 0.11860896
v -0.00312694 0.00440600 0.11870556
v -0.00333324 0.00373962 0.11878867
v -0.00350552 0.00306391 0.11885807
v -0.00364337 0.00238056 0.11891360
v -0.00374646 0.00169127 0.11895513
v -0.00381453 0.00099779 0.11898256
v -0.00384743 0.00030182 0.11899581
v -0.00384508 -0.00039487 0.11899486
v -0.00380748 -0.00109057 0.11897971
v -0.00373473 -0.00178353 0.11895041
v -0.00362700 -0.00247202 0.11890701
v -0.00348457 -0.00315432 0.11884963
v -0.00330778 -0.00382873 0.11877841
v -0.00309707 -0.00449355 0.11869353
v -0.00285294 -0.00514713 0.11859518
v -0.00257600 -0.00578783 0.11848362
v -0.00226693 -0.00641402 0.11835912
v -0.00192649 -0.00702413 0.11822198
v -0.00155552 -0.00761662 0.11807254
v -0.00115494 -0.00818999 0.11791118
v -0.00072574 -0.00874279 0.11773830
v -0.00026899 -0.00927360 0.11755432
v 0.00021417 -0.00978107 0.11735970
v 0.00072253 -0.01026391 0.11715494
v 0.00171294 -0.01114226 0.11673458
v 0.01169627 -0.01370751 0.11280215
v 0.00171693 0.01112347 0.11674383
v 0.00116377 0.01068865 0.11696688
v 0.00063343 0.01022687 0.11718072
v 0.00012725 0.00973931 0.11738482
v -0.00035350 0.00922723 0.11757868
v -0.00080762 0.00869193 0.11776180
v -0.00123397 0.00813478 0.11793373
v -0.00163150 0.00755721 0.11809403
v -0.00199921 0.00696067 0.11824231
v -0.00233620 0.00634669 0.11837821
v -0.00264164 0.00571682 0.11850138
v -0.00291477 0.00507264 0.11861152
v -0.00315492 0.00441579 0.11870836
v -0.00336152 0.00374791 0.11879168
v -0.00353405 0.00307069 0.11886125
v -0.00367210 0.00238581 0.11891692
v -0.00377533 0.00169501 0.11895855
v -0.00384350 0.00099998 0.11898605
v -0.00387644 0.00030249 0.11899933
v -0.00387409 -0.00039574 0.11899838
v -0.00383643 -0.00109297 0.11898319
v -0.00376358 -0.00178746 0.11895382
v -0.00365570 -0.00247747 0.11891031
v -0.00351307 -0.00316129 0.11885279
v -0.00333602 -0.00383721 0.11878140
v -0.00312500 -0.00450354 0.11869630
v -0.00288052 -0.00515860 0.11859771
v -0.00260318 -0.00580076 0.11848586
v -0.00229366 -0.00642841 0.11836105
v -0.00195271 -0.00703995 0.11822356
v -0.00158119 -0.00763385 0.11807374
v -0.00118000 -0.00820861 0.11791196
v -0.00062203 -0.00901615 0.11767315
v -0.00029270 -0.00929490 0.11755416
v 0.00019121 -0.00980367 0.11735904
v 0.00070038 -0.01028778 0.11715373
v 0.00227244 0.01155802 0.11651135
v 0.00169688 0.01115009 0.11674362
v 0.00114281 0.01071404 0.11696723
v 0.00061161 0.01025099 0.11718161
v 0.00010461 0.00976213 0.11738622
v -0.00037691 0.00924872 0.11758055
v -0.00083175 0.00871206 0.11776412
v -0.00125876 0.00815352 0.11793645
v -0.00165691 0.00757452 0.11809714
v -0.00202518 0.00697655 0.11824577
v -0.00236268 0.00636110 0.11838198
v -0.00266857 0.00572975 0.11850544
v -0.00294211 0.00508408 0.11861584
v -0.00318262 0.00442572 0.11871291
v -0.00338952 0.00375632 0.11879641
v -0.00356230 0.00307756 0.11886615
v -0.00370055 0.00239115 0.11892195
v -0.00380394 0.00169879 0.11896367
v -0.00387221 0.00100221 0.11899122
v -0.00390520 0.00030316 0.11900454
v -0.00390284 -0.00039663 0.11900359
v -0.00386513 -0.00109541 0.11898837
v -0.00379217 -0.00179145 0.11895892
v -0.00368413 -0.00248301 0.11891532
v -0.00354129 -0.00316837 0.11885767
v -0.00336399 -0.00384582 0.11878611
v -0.00315266 -0.00451367 0.11870082
v -0.00290781 -0.00517024 0.11860199
v -0.00263006 -0.00581390 0.11848990
v -0.00232007 -0.00644302 0.11836479
v -0.00197861 -0.00705602 0.11822697
v -0.00160651 -0.00765136 0.11807680
v 0.00032758 -0.01004664 0.11728862
v 0.00312990 -0.01183616 0.11623377
v 0.00225397 0.01158621 0.11651270
v 0.00167742 0.01117707 0.11674552
v 0.00112240 0.01073976 0.11696965
v 0.00059031 0.01027542 0.11718453
v 0.00008247 0.00978524 0.11738960
v -0.00039983 0.00927047 0.11758437
v -0.00085540 0.00873242 0.11776834
v -0.00128311 0.00817247 0.11794106
v -0.00168187 0.00759204 0.11810210
v -0.00205072 0.00699261 0.11825105
v -0.00238875 0.00637568 0.11838756
v -0.00269511 0.00574283 0.11851128
v -0.00296907 0.00509564 0.11862191
v -0.00320994 0.00443575 0.11871918
v -0.00341715 0.00376481 0.11880286
v -0.00359020 0.00308451 0.11887274
v -0.00372865 0.00239653 0.11892866
v -0.00383219 0.00170261 0.11897047
v -0.00390056 0.00100447 0.11899808
v -0.00393360 0.00030384 0.11901142
v -0.00393124 -0.00039752 0.11901047
v 0.00121790 -0.01071165 0.11694672
v 0.00267833 0.01151375 0.11644429
v 0.00223620 0.01161467 0.11651621
v 0.00165863 0.01120429 0.11674953
v 0.00110264 0.01076571 0.11697414
v 0.00056963 0.01030007 0.11718946
v 0.00006094 0.00980855 0.11739496
v -0.00042218 0.00929240 0.11759012
v -0.00087850 0.00875296 0.11777447
v -0.00130690 0.00819158 0.11794753
v -0.00170631 0.00760970 0.11810889
v -0.00207575 0.00700879 0.11825813
v -0.00241431 0.00639037 0.11839490
v -0.00272115 0.00575600 0.11851886
v -0.00299554 0.00510729 0.11862971
v -0.00323678 0.00444586 0.11872716
v -0.00344431 0.00377337 0.11881100
v -0.00361762 0.00309150 0.11888101
v -0.00375629 0.00240196 0.11893703
v -0.00385999 0.00170646 0.11897892
v -0.00392846 0.00100674 0.11900659
v 0.01674384 0.01184339 0.11012718
v 0.01661627 0.01235687 0.11067358
v 0.01677476 0.01199557 0.11031224
v 0.01669618 0.01200349 0.11091674
v 0.01677536 0.01180481 0.11020055
v 0.01670442 0.01210290 0.11061696
v 0.01677428 0.01195207 0.11027249
v 0.01675716 0.01209300 0.11043791
v 0.01667386 0.01228709 0.11060712
v 0.01648651 0.02452802 0.11075633
v 0.01655021 0.02453609 0.11072010
v 0.01671075 0.02465990 0.11051538
v 0.01650545 0.02475641 0.11069322
v 0.01664815 0.02488767 0.11031602
v 0.01631459 0.02499810 0.11028767
v 0.01635469 0.02499240 0.11027147
v 0.01639417 0.02498296 0.11025552
v 0.01643274 0.02496984 0.11023994
v 0.01647010 0.02495315 0.11022484
v 0.01650598 0.02493301 0.11021034
v 0.01654009 0.02490958 0.11019657
v 0.01657217 0.02488302 0.11018360
v 0.01660199 0.02485355 0.11017155
v 0.01662932 0.02482139 0.11016052
v 0.01665393 0.02478679 0.11015057
v 0.01667567 0.02475000 0.11014179
v 0.01669434 0.02471131 0.11013424
v 0.01670982 0.02467101 0.11012799
v 0.01672198 0.02462941 0.11012308
v 0.01673073 0.02458683 0.11011954
v 0.01673601 0.02454358 0.11011741
v -0.00703638 0.02479579 0.12013767
v -0.00736724 0.02454358 0.11985575
v -0.00736196 0.02458683 0.11985362
v -0.00735321 0.02462941 0.11985008
v -0.00734105 0.02467101 0.11984517
v -0.00732557 0.02471131 0.11983892
v -0.00730690 0.02475000 0.11983137
v -0.00728517 0.02478679 0.11982259
v -0.00726054 0.02482139 0.11981265
v -0.00723322 0.02485355 0.11980160
v -0.00720340 0.02488302 0.11978956
v -0.00717132 0.02490958 0.11977659
v -0.00713721 0.02493301 0.11976281
v -0.00710134 0.02495315 0.11974832
v -0.00706397 0.02496984 0.11973323
v -0.00702540 0.02498296 0.11971764
v -0.00698591 0.02499240 0.11970169
v -0.00694582 0.02499810 0.11968549
v -0.00703531 -0.02479694 0.12013724
v -0.00694582 -0.02499810 0.11968549
v -0.00698591 -0.02499240 0.11970169
v -0.00702540 -0.02498296 0.11971764
v -0.00706397 -0.02496985 0.11973323
v -0.00710134 -0.02495315 0.11974832
v -0.00713721 -0.02493301 0.11976281
v -0.00717132 -0.02490958 0.11977659
v -0.00720340 -0.02488302 0.11978956
v -0.00723322 -0.02485355 0.11980160
v -0.00726054 -0.02482139 0.11981265
v -0.00728517 -0.02478679 0.11982259
v -0.00730690 -0.02475000 0.11983137
v -0.00732557 -0.02471131 0.11983892
v -0.00734105 -0.02467101 0.11984517
v -0.00735321 -0.02462941 0.11985008
v -0.00736196 -0.02458682 0.11985362
v -0.00736724 -0.02454358 0.11985575
v 0.01673267 -0.02471744 0.11053617
v 0.01645995 -0.02487825 0.11057704
v 0.01640321 -0.02491571 0.11055042
v 0.01649678 -0.02491394 0.11049164
v 0.01637883 -0.02495578 0.11048147
v 0.01641071 -0.02496348 0.11043985
v 0.01635147 -0.02498319 0.11040758
v 0.01643449 -0.02497747 0.11034609
v 0.01632992 -0.02499640 0.11032601
v 0.01673601 -0.02454358 0.11011741
v 0.01673073 -0.02458682 0.11011954
v 0.01672198 -0.02462941 0.11012308
v 0.01670982 -0.02467101 0.11012799
v 0.01669434 -0.02471131 0.11013424
v 0.01667567 -0.02475000 0.11014179
v 0.01665393 -0.02478679 0.11015057
v 0.01662932 -0.02482139 0.11016052
v 0.01660199 -0.02485355 0.11017155
v 0.01657217 -0.02488302 0.11018360
v 0.01654009 -0.02490958 0.11019657
v 0.01650598 -0.02493301 0.11021034
v 0.01647010 -0.02495315 0.11022484
v 0.01643274 -0.02496985 0.11023994
v 0.01639417 -0.02498296 0.11025552
v 0.01635469 -0.02499240 0.11027147
v 0.01631459 -0.02499810 0.11028767
v 0.01690753 -0.01153819 0.11014043
v 0.01687111 -0.01157604 0.11014502
v 0.01693310 -0.01158690 0.11025925
v 0.01685425 -0.01159627 0.11014642
v 0.01683484 -0.01162225 0.11014732
v 0.01680965 -0.01166151 0.11014699
v 0.01680897 -0.01169877 0.11018364
v 0.01679321 -0.01169179 0.11014553
v 0.01679076 -0.01172051 0.11016645
v 0.01676998 -0.01174652 0.11014209
v 0.01676231 -0.01176636 0.11013807
v 0.01674296 -0.01184400 0.11012512
v 0.01675193 -0.01185077 0.11014894
v 0.01687937 -0.01158692 0.11017369
v 0.01677366 -0.01189645 0.11024663
v 0.01676118 -0.01190274 0.11018817
v 0.01690111 -0.01166084 0.11032575
v 0.01677603 -0.01194293 0.11028993
v 0.01685173 -0.01167940 0.11024805
v 0.01677256 -0.01201586 0.11035688
v 0.01677636 -0.01172856 0.11014250
v 0.01676720 -0.01206260 0.11039155
v 0.01675067 -0.01180686 0.11013194
v 0.01675764 -0.01183091 0.11015727
v 0.01677252 -0.01180447 0.11018475
v 0.01676079 -0.01205025 0.11044542
v 0.01671933 -0.01220717 0.11053609
v 0.01692699 -0.01152069 0.11013725
v 0.01694528 -0.01154982 0.11021352
v 0.01659779 -0.01237648 0.11069090
v 0.01684627 -0.01182688 0.11063689
v 0.01169111 0.00536435 0.09744992
v 0.01150704 0.00496744 0.09703289
v 0.01207307 0.00616901 0.09836606
v 0.01250899 0.00694974 0.09941158
v 0.01667843 0.01171124 0.10993093
v 0.01670910 0.01163715 0.10993868
v 0.01675037 0.01156801 0.10994080
v 0.01677466 0.01153586 0.10993973
v 0.01680117 0.01150560 0.10993724
v 0.01140677 0.00510893 0.09692084
v 0.01135755 0.00467393 0.09671957
v 0.01672847 0.01160185 0.10994045
v 0.01669238 0.01167370 0.10993550
v 0.01651273 0.01117860 0.10901162
v 0.01614187 0.01091689 0.10812260
v 0.01578013 0.01064326 0.10725540
v 0.01475360 0.00975414 0.10479426
v 0.01508562 0.01006154 0.10559031
v 0.01542792 0.01035803 0.10641099
v 0.01443225 0.00943620 0.10402373
v 0.01412190 0.00910810 0.10327956
v 0.01326022 0.00806696 0.10121324
v 0.01353557 0.00842306 0.10187355
v 0.01382290 0.00877026 0.10256257
v 0.01681088 0.01140772 0.10979071
v 0.01648187 0.01120207 0.10901724
v 0.01611223 0.01094030 0.10812724
v 0.01575170 0.01066655 0.10725908
v 0.01540067 0.01038112 0.10641372
v 0.01505952 0.01008436 0.10559210
v 0.01472864 0.00977663 0.10479514
v 0.01440837 0.00945829 0.10402371
v 0.01409908 0.00912973 0.10327867
v 0.01380111 0.00879136 0.10256083
v 0.01351477 0.00844358 0.10187098
v 0.01324037 0.00808684 0.10120988
v 0.01297823 0.00772158 0.10057824
v 0.01645262 0.01122779 0.10902154
v 0.01608417 0.01096578 0.10813060
v 0.01572479 0.01069172 0.10726150
v 0.01537488 0.01040593 0.10641523
v 0.01503483 0.01010875 0.10559272
v 0.01470501 0.00980054 0.10479489
v 0.01438578 0.00948166 0.10402260
v 0.01407749 0.00915252 0.10327673
v 0.01378048 0.00881350 0.10255809
v 0.01349507 0.00846503 0.10186747
v 0.01322157 0.00810755 0.10120562
v 0.01296027 0.00774150 0.10057327
v 0.01271145 0.00736737 0.09997108
v 0.01642519 0.01125560 0.10902451
v 0.01605784 0.01099318 0.10813265
v 0.01569955 0.01071865 0.10726267
v 0.01535069 0.01043234 0.10641553
v 0.01501167 0.01013459 0.10559217
v 0.01468284 0.00982576 0.10479351
v 0.01436457 0.00950623 0.10402042
v 0.01405721 0.00917637 0.10327377
v 0.01376109 0.00883660 0.10255438
v 0.01347654 0.00848734 0.10186303
v 0.01320386 0.00812902 0.10120049
v 0.01294335 0.00776210 0.10056747
v 0.01269528 0.00738705 0.09996464
v 0.01245992 0.00700435 0.09939266
v 0.01639972 0.01128533 0.10902611
v 0.01603341 0.01102234 0.10813339
v 0.01567611 0.01074719 0.10726257
v 0.01532822 0.01046022 0.10641461
v 0.01499014 0.01016177 0.10559045
v 0.01466222 0.00985219 0.10479101
v 0.01434483 0.00953187 0.10401718
v 0.01403831 0.00920119 0.10326980
v 0.01374301 0.00886057 0.10254970
v 0.01345924 0.00851042 0.10185768
v 0.01318732 0.00815118 0.10119449
v 0.01292752 0.00778330 0.10056085
v 0.01268013 0.00740727 0.09995744
v 0.01244541 0.00702356 0.09938489
v 0.01222360 0.00663269 0.09884381
v 0.01637639 0.01131680 0.10902635
v 0.01601100 0.01105308 0.10813282
v 0.01565460 0.01077718 0.10726120
v 0.01530759 0.01048941 0.10641247
v 0.01497035 0.01019014 0.10558757
v 0.01464324 0.00987970 0.10478741
v 0.01432664 0.00955849 0.10401287
v 0.01402089 0.00922690 0.10326482
v 0.01372631 0.00888532 0.10254408
v 0.01344324 0.00853419 0.10185143
v 0.01317198 0.00817395 0.10118765
v 0.01291282 0.00780505 0.10055344
v 0.01266604 0.00742797 0.09994949
v 0.01243189 0.00704319 0.09937643
v 0.01221062 0.00665122 0.09883486
v 0.01200244 0.00625259 0.09832533
v 0.01635532 0.01134981 0.10902522
v 0.01599075 0.01108524 0.10813093
v 0.01563514 0.01080845 0.10725858
v 0.01528889 0.01051978 0.10640913
v 0.01495239 0.01021957 0.10558354
v 0.01462600 0.00990818 0.10478271
v 0.01431009 0.00958598 0.10400753
v 0.01400499 0.00925337 0.10325886
v 0.01371105 0.00891077 0.10253752
v 0.01342859 0.00855859 0.10184431
v 0.01315791 0.00819727 0.10117998
v 0.01289930 0.00782728 0.10054526
v 0.01265304 0.00744909 0.09994082
v 0.01241939 0.00706319 0.09936729
v 0.01219859 0.00667008 0.09882529
v 0.01199085 0.00627030 0.09831534
v 0.01179638 0.00586437 0.09783795
v 0.01633666 0.01138417 0.10902272
v 0.01597277 0.01111863 0.10812774
v 0.01561783 0.01084085 0.10725471
v 0.01527223 0.01055116 0.10640461
v 0.01493635 0.01024992 0.10557838
v 0.01461057 0.00993747 0.10477694
v 0.01429523 0.00961421 0.10400118
v 0.01399070 0.00928052 0.10325194
v 0.01369729 0.00893681 0.10253007
v 0.01341534 0.00858351 0.10183634
v 0.01314514 0.00822107 0.10117152
v 0.01288700 0.00784993 0.10053633
v 0.01264118 0.00747058 0.09993144
v 0.01240794 0.00708350 0.09935751
v 0.01218753 0.00668922 0.09881511
v 0.01198016 0.00628824 0.09830479
v 0.01178603 0.00588112 0.09782706
v 0.01160533 0.00546839 0.09738234
v 0.01187525 0.00576941 0.09789159
v 0.01167675 0.00537840 0.09744192
v 0.01149389 0.00498077 0.09702383
v 0.01186024 0.00578442 0.09788414
v 0.01166304 0.00539277 0.09743333
v 0.01148139 0.00499434 0.09701425
v 0.01228438 0.00656264 0.09887288
v 0.01205736 0.00618495 0.09835920
v 0.01184593 0.00579980 0.09787607
v 0.01165003 0.00540742 0.09742419
v 0.01146955 0.00500814 0.09700416
v 0.01226793 0.00657945 0.09886666
v 0.01204241 0.00620131 0.09835168
v 0.01183237 0.00581551 0.09786740
v 0.01163773 0.00542234 0.09741450
v 0.01145839 0.00502213 0.09699358
v 0.01274666 0.00732983 0.09998160
v 0.01249175 0.00696740 0.09940602
v 0.01225229 0.00659676 0.09885972
v 0.01202825 0.00621806 0.09834352
v 0.01181957 0.00583154 0.09785815
v 0.01162617 0.00543749 0.09740428
v 0.01144793 0.00503631 0.09698252
v 0.01299716 0.00770239 0.10058237
v 0.01272860 0.00734827 0.09997674
v 0.01247538 0.00698562 0.09939971
v 0.01223750 0.00661452 0.09885210
v 0.01201492 0.00623517 0.09833473
v 0.01180757 0.00584783 0.09784832
v 0.01161536 0.00545286 0.09739355
v 0.01143820 0.00505063 0.09697101
v 0.01632052 0.01141965 0.10901888
v 0.01595718 0.01115304 0.10812326
v 0.01560277 0.01087418 0.10724961
v 0.01525769 0.01058340 0.10639892
v 0.01492232 0.01028104 0.10557212
v 0.01459701 0.00996747 0.10477013
v 0.01428214 0.00964307 0.10399383
v 0.01397805 0.00930822 0.10324410
v 0.01368507 0.00896335 0.10252174
v 0.01340353 0.00860888 0.10182755
v 0.01313372 0.00824525 0.10116229
v 0.01287595 0.00787292 0.10052668
v 0.01263048 0.00749237 0.09992140
v 0.01239758 0.00710409 0.09934709
v 0.01217747 0.00670859 0.09880434
v 0.01197040 0.00630639 0.09829370
v 0.01177655 0.00589804 0.09781566
v 0.01159610 0.00548408 0.09737066
v 0.01142919 0.00506508 0.09695907
v 0.01142095 0.00507963 0.09694671
v 0.01158768 0.00549988 0.09735853
v 0.01176794 0.00591509 0.09780378
v 0.01196159 0.00632470 0.09828208
v 0.01216845 0.00672815 0.09879301
v 0.01238832 0.00712489 0.09933607
v 0.01262098 0.00751441 0.09991071
v 0.01286619 0.00789620 0.10051634
v 0.01312369 0.00826976 0.10115232
v 0.01339320 0.00863461 0.10181797
v 0.01367445 0.00899030 0.10251256
v 0.01396711 0.00933638 0.10323535
v 0.01427087 0.00967243 0.10398554
v 0.01458539 0.00999802 0.10476230
v 0.01491034 0.01031278 0.10556478
v 0.01524535 0.01061632 0.10639209
v 0.01559005 0.01090827 0.10724332
v 0.01594406 0.01118829 0.10811752
v 0.01630698 0.01145605 0.10901372
v 0.01141347 0.00509426 0.09693396
v 0.01158009 0.00551578 0.09734598
v 0.01176023 0.00593226 0.09779144
v 0.01195375 0.00634313 0.09826998
v 0.01216047 0.00674784 0.09878116
v 0.01238020 0.00714585 0.09932448
v 0.01261270 0.00753664 0.09989941
v 0.01285774 0.00791969 0.10050534
v 0.01311507 0.00829450 0.10114164
v 0.01338440 0.00866061 0.10180762
v 0.01366545 0.00901755 0.10250258
v 0.01395791 0.00936488 0.10322574
v 0.01426146 0.00970217 0.10397632
v 0.01457577 0.01002901 0.10475350
v 0.01490049 0.01034500 0.10555641
v 0.01157334 0.00553173 0.09733302
v 0.01175344 0.00594949 0.09777867
v 0.01194690 0.00636164 0.09825741
v 0.01215356 0.00676763 0.09876880
v 0.01237323 0.00716692 0.09931235
v 0.01260566 0.00755899 0.09988752
v 0.01285064 0.00794331 0.10049371
v 0.01310789 0.00831940 0.10113028
v 0.01337715 0.00868679 0.10179655
v 0.01365812 0.00904501 0.10249181
v 0.01395050 0.00939360 0.10321530
v 0.01425397 0.00973216 0.10396622
v 0.01456818 0.01006027 0.10474375
v 0.00737085 0.02454358 0.08693781
v 0.00736557 0.02458683 0.08693994
v 0.00735681 0.02462941 0.08694348
v 0.00734465 0.02467101 0.08694839
v 0.00732917 0.02471131 0.08695465
v 0.00731050 0.02475000 0.08696219
v 0.00728877 0.02478679 0.08697097
v 0.00726415 0.02482139 0.08698092
v 0.00723683 0.02485355 0.08699196
v 0.00720701 0.02488302 0.08700401
v 0.00717492 0.02490958 0.08701697
v 0.00714082 0.02493301 0.08703075
v 0.00710494 0.02495315 0.08704524
v 0.00706758 0.02496984 0.08706034
v 0.00702901 0.02498296 0.08707592
v 0.00698952 0.02499240 0.08709188
v 0.00694942 0.02499810 0.08710807
v -0.01645717 0.02454358 0.09602774
v 0.00672243 0.02454358 0.08666257
v -0.01645503 0.02458683 0.09603302
v 0.00672456 0.02458683 0.08666785
v -0.01645150 0.02462941 0.09604177
v 0.00672810 0.02462941 0.08667660
v -0.01644658 0.02467101 0.09605393
v 0.00673301 0.02467101 0.08668877
v -0.01644033 0.02471131 0.09606941
v 0.00673927 0.02471131 0.08670424
v -0.01643279 0.02475000 0.09608809
v 0.00674681 0.02475000 0.08672292
v -0.01642400 0.02478679 0.09610982
v 0.00675559 0.02478679 0.08674465
v -0.01641406 0.02482139 0.09613443
v 0.00676554 0.02482139 0.08676927
v -0.01640302 0.02485355 0.09616176
v 0.00677658 0.02485355 0.08679659
v -0.01639097 0.02488302 0.09619158
v 0.00678862 0.02488302 0.08682641
v -0.01637801 0.02490958 0.09622366
v 0.00680159 0.02490958 0.08685850
v -0.01636423 0.02493301 0.09625777
v 0.00681537 0.02493301 0.08689261
v -0.01634973 0.02495315 0.09629364
v 0.00682986 0.02495315 0.08692848
v -0.01633464 0.02496984 0.09633101
v 0.00684496 0.02496984 0.08696584
v -0.01631906 0.02498296 0.09636958
v 0.00686054 0.02498296 0.08700442
v -0.01630310 0.02499240 0.09640906
v 0.00687649 0.02499240 0.08704390
v -0.01628690 0.02499810 0.09644916
v 0.00689269 0.02499810 0.08708400
v -0.01673241 0.02454358 0.09667616
v -0.01672713 0.02458683 0.09667403
v -0.01671837 0.02462941 0.09667049
v -0.01670621 0.02467101 0.09666557
v -0.01669073 0.02471131 0.09665932
v -0.01667206 0.02475000 0.09665177
v -0.01665033 0.02478679 0.09664299
v -0.01662571 0.02482139 0.09663305
v -0.01659839 0.02485355 0.09662201
v -0.01656857 0.02488302 0.09660996
v -0.01653648 0.02490958 0.09659700
v -0.01650237 0.02493301 0.09658322
v -0.01646650 0.02495315 0.09656873
v -0.01642913 0.02496984 0.09655363
v -0.01639056 0.02498296 0.09653804
v -0.01635108 0.02499240 0.09652209
v -0.01631098 0.02499810 0.09650589
v -0.01246154 0.00904705 0.10692832
v -0.01133167 -0.00916157 0.10977279
v -0.00971490 0.00786918 0.11370857
v -0.01384014 0.00700750 0.10260050
v -0.01673241 -0.02454358 0.09667616
v -0.01672713 -0.02458682 0.09667403
v -0.01671837 -0.02462941 0.09667049
v -0.01670621 -0.02467101 0.09666557
v -0.01669073 -0.02471131 0.09665932
v -0.01667206 -0.02475000 0.09665177
v -0.01665033 -0.02478679 0.09664299
v -0.01662571 -0.02482139 0.09663305
v -0.01659839 -0.02485355 0.09662201
v -0.01656857 -0.02488302 0.09660996
v -0.01653648 -0.02490958 0.09659700
v -0.01650237 -0.02493301 0.09658322
v -0.01646650 -0.02495315 0.09656873
v -0.01642913 -0.02496985 0.09655363
v -0.01639056 -0.02498296 0.09653804
v -0.01635108 -0.02499240 0.09652209
v -0.01631098 -0.02499810 0.09650589
v 0.00672243 -0.02454358 0.08666257
v -0.01645717 -0.02454358 0.09602774
v 0.00672456 -0.02458682 0.08666785
v -0.01645503 -0.02458682 0.09603302
v 0.00672810 -0.02462941 0.08667660
v -0.01645150 -0.02462941 0.09604177
v 0.00673301 -0.02467101 0.08668877
v -0.01644658 -0.02467101 0.09605393
v 0.00673927 -0.02471131 0.08670424
v -0.01644033 -0.02471131 0.09606941
v 0.00674681 -0.02475000 0.08672292
v -0.01643279 -0.02475000 0.09608809
v 0.00675559 -0.02478679 0.08674465
v -0.01642400 -0.02478679 0.09610982
v 0.00676554 -0.02482139 0.08676927
v -0.01641406 -0.02482139 0.09613443
v 0.00677658 -0.02485355 0.08679659
v -0.01640302 -0.02485355 0.09616176
v 0.00678862 -0.02488302 0.08682641
v -0.01639097 -0.02488302 0.09619158
v 0.00680159 -0.02490958 0.08685850
v -0.01637801 -0.02490958 0.09622366
v 0.00681537 -0.02493301 0.08689261
v -0.01636423 -0.02493301 0.09625777
v 0.00682986 -0.02495315 0.08692848
v -0.01634973 -0.02495315 0.09629364
v 0.00684496 -0.02496985 0.08696584
v -0.01633464 -0.02496985 0.09633101
v 0.00686054 -0.02498296 0.08700442
v -0.01631906 -0.02498296 0.09636958
v 0.00687649 -0.02499240 0.08704390
v -0.01630310 -0.02499240 0.09640906
v 0.00689269 -0.02499810 0.08708400
v -0.01628690 -0.02499810 0.09644916
v 0.00737085 -0.02454358 0.08693781
v 0.00736557 -0.02458682 0.08693994
v 0.00735681 -0.02462941 0.08694348
v 0.00734465 -0.02467101 0.08694839
v 0.00732917 -0.02471131 0.08695465
v 0.00731050 -0.02475000 0.08696219
v 0.00728877 -0.02478679 0.08697097
v 0.00726415 -0.02482139 0.08698092
v 0.00723683 -0.02485355 0.08699196
v 0.00720701 -0.02488302 0.08700401
v 0.00717492 -0.02490958 0.08701697
v 0.00714082 -0.02493301 0.08703075
v 0.00710494 -0.02495315 0.08704524
v 0.00706758 -0.02496985 0.08706034
v 0.00702901 -0.02498296 0.08707592
v 0.00698952 -0.02499240 0.08709188
v 0.00694942 -0.02499810 0.08710807
v 0.01636992 -0.01158912 0.10920207
v 0.01637801 -0.01155129 0.10920967
v 0.01638890 -0.01151393 0.10921601
v 0.01643762 -0.01140698 0.10922707
v 0.01645887 -0.01137378 0.10922803
v 0.01603708 -0.01121330 0.10832022
v 0.01640253 -0.01147727 0.10922104
v 0.01619352 -0.01099946 0.10832297
v 0.01656530 -0.01125865 0.10921813
v 0.01653580 -0.01128441 0.10922264
v 0.01550486 -0.01042200 0.10659546
v 0.01482554 -0.00982249 0.10496673
v 0.01132932 -0.00474225 0.09670100
v 0.01147916 -0.00511701 0.09705918
v 0.01133539 -0.00457637 0.09665853
v 0.01153869 -0.00504706 0.09710918
v 0.01137106 -0.00465478 0.09672641
v 0.01151284 -0.00507437 0.09709071
v 0.01136340 -0.00467977 0.09672734
v 0.01152544 -0.00506059 0.09710021
v 0.01148968 -0.00510261 0.09707018
v 0.01134933 -0.00472902 0.09672652
v 0.01150091 -0.00508839 0.09708069
v 0.01133343 -0.00467913 0.09668942
v 0.01133709 -0.00477692 0.09672212
v 0.01139288 -0.00461856 0.09673456
v 0.01155257 -0.00503381 0.09711760
v 0.01172623 -0.00544441 0.09753416
v 0.01191373 -0.00584980 0.09798389
v 0.01255738 -0.00702944 0.09952764
v 0.01232951 -0.00664283 0.09898112
v 0.01211489 -0.00624944 0.09846637
v 0.01279826 -0.00740878 0.10010535
v 0.01305190 -0.00778038 0.10071365
v 0.01388661 -0.00884416 0.10271536
v 0.01359637 -0.00849851 0.10201936
v 0.01331804 -0.00814377 0.10135188
v 0.01418844 -0.00918031 0.10343913
v 0.01450153 -0.00950655 0.10418986
v 0.01171175 -0.00545865 0.09752627
v 0.01189859 -0.00586499 0.09797656
v 0.01209903 -0.00626556 0.09845964
v 0.01231290 -0.00665982 0.09897503
v 0.01253997 -0.00704726 0.09952222
v 0.01278001 -0.00742739 0.10010064
v 0.01303277 -0.00779972 0.10070968
v 0.01329798 -0.00816380 0.10134868
v 0.01357536 -0.00851916 0.10201697
v 0.01386460 -0.00886538 0.10271380
v 0.01416540 -0.00920204 0.10343842
v 0.01447742 -0.00952873 0.10419003
v 0.01480032 -0.00984505 0.10496781
v 0.01169793 -0.00547322 0.09751778
v 0.01188416 -0.00588057 0.09796860
v 0.01208395 -0.00628211 0.09845223
v 0.01229712 -0.00667731 0.09896822
v 0.01252345 -0.00706566 0.09951604
v 0.01276271 -0.00744666 0.10009512
v 0.01301464 -0.00781981 0.10070486
v 0.01327899 -0.00818467 0.10134458
v 0.01355547 -0.00854077 0.10201362
v 0.01384377 -0.00888767 0.10271124
v 0.01414359 -0.00922496 0.10343666
v 0.01445460 -0.00955222 0.10418911
v 0.01477647 -0.00986907 0.10496774
v 0.01510883 -0.01017513 0.10577171
v 0.01168481 -0.00548808 0.09750873
v 0.01187048 -0.00589650 0.09796003
v 0.01206967 -0.00629907 0.09844418
v 0.01228220 -0.00669528 0.09896072
v 0.01250784 -0.00708460 0.09950912
v 0.01274638 -0.00746653 0.10008882
v 0.01299756 -0.00784060 0.10069919
v 0.01326111 -0.00820632 0.10133960
v 0.01353675 -0.00856324 0.10200934
v 0.01382419 -0.00891093 0.10270768
v 0.01412311 -0.00924897 0.10343387
v 0.01443319 -0.00957693 0.10418710
v 0.01475408 -0.00989444 0.10496655
v 0.01508544 -0.01020111 0.10577134
v 0.01542690 -0.01049657 0.10660060
v 0.01146032 -0.00514626 0.09703583
v 0.01146937 -0.00513157 0.09704773
v 0.01163052 -0.00556590 0.09745554
v 0.01163980 -0.00554997 0.09746717
v 0.01181426 -0.00598019 0.09790865
v 0.01182380 -0.00596302 0.09791999
v 0.01201138 -0.00638857 0.09839476
v 0.01202120 -0.00637018 0.09840579
v 0.01222170 -0.00679052 0.09891340
v 0.01223182 -0.00677090 0.09892409
v 0.01244500 -0.00718550 0.09946402
v 0.01245543 -0.00716467 0.09947436
v 0.01268104 -0.00757302 0.10004608
v 0.01269181 -0.00755097 0.10005604
v 0.01292959 -0.00795257 0.10065894
v 0.01294071 -0.00792933 0.10066850
v 0.01319037 -0.00832369 0.10130197
v 0.01320187 -0.00829925 0.10131111
v 0.01346311 -0.00868592 0.10197445
v 0.01347500 -0.00866029 0.10198315
v 0.01374750 -0.00903880 0.10267567
v 0.01375981 -0.00901200 0.10268390
v 0.01404325 -0.00938192 0.10340485
v 0.01405599 -0.00935396 0.10341260
v 0.01435003 -0.00971485 0.10416120
v 0.01436322 -0.00968574 0.10416843
v 0.01466749 -0.01003719 0.10494389
v 0.01468115 -0.01000695 0.10495058
v 0.01499529 -0.01034857 0.10575203
v 0.01500944 -0.01031721 0.10575817
v 0.01533308 -0.01064862 0.10658476
v 0.01167242 -0.00550322 0.09749912
v 0.01185758 -0.00591274 0.09795086
v 0.01205622 -0.00631640 0.09843549
v 0.01226817 -0.00671366 0.09895253
v 0.01249320 -0.00710402 0.09950147
v 0.01273109 -0.00748696 0.10008173
v 0.01298158 -0.00786200 0.10069270
v 0.01324441 -0.00822867 0.10133373
v 0.01351929 -0.00858652 0.10200413
v 0.01380594 -0.00893509 0.10270316
v 0.01410404 -0.00927398 0.10343005
v 0.01441326 -0.00960275 0.10418402
v 0.01473326 -0.00992104 0.10496422
v 0.01506370 -0.01022844 0.10576979
v 0.01540422 -0.01052459 0.10659986
v 0.01575443 -0.01080915 0.10745348
v 0.01145205 -0.00516105 0.09702352
v 0.01162206 -0.00558195 0.09744345
v 0.01180561 -0.00599750 0.09789683
v 0.01200253 -0.00640714 0.09838321
v 0.01221263 -0.00681033 0.09890213
v 0.01243569 -0.00720656 0.09945307
v 0.01267149 -0.00759532 0.10003546
v 0.01291977 -0.00797611 0.10064868
v 0.01318028 -0.00834846 0.10129208
v 0.01345272 -0.00871191 0.10196496
v 0.01373681 -0.00906601 0.10266659
v 0.01403224 -0.00941034 0.10339621
v 0.01433868 -0.00974447 0.10415301
v 0.01465580 -0.01006801 0.10493616
v 0.01498324 -0.01038058 0.10574481
v 0.01532065 -0.01068180 0.10657805
v 0.01566766 -0.01097132 0.10743497
v 0.01585943 -0.01070487 0.10744551
v 0.01622342 -0.01097603 0.10831811
v 0.01166077 -0.00551860 0.09748898
v 0.01184548 -0.00592927 0.09794112
v 0.01204365 -0.00633405 0.09842618
v 0.01225508 -0.00673243 0.09894368
v 0.01247956 -0.00712387 0.09949311
v 0.01271687 -0.00750788 0.10007389
v 0.01296675 -0.00788397 0.10068541
v 0.01322893 -0.00825167 0.10132702
v 0.01350314 -0.00861051 0.10199801
v 0.01378909 -0.00896005 0.10269767
v 0.01408645 -0.00929988 0.10342522
v 0.01439490 -0.00962957 0.10417986
v 0.01471411 -0.00994874 0.10496077
v 0.01504373 -0.01025699 0.10576707
v 0.01538339 -0.01055396 0.10659789
v 0.01573273 -0.01083931 0.10745229
v 0.01609135 -0.01111269 0.10832933
v 0.01144455 -0.00517592 0.09701081
v 0.01161445 -0.00559809 0.09743094
v 0.01179788 -0.00601491 0.09788453
v 0.01199467 -0.00642583 0.09837115
v 0.01220462 -0.00683029 0.09889033
v 0.01242754 -0.00722779 0.09944154
v 0.01266317 -0.00761781 0.10002421
v 0.01291129 -0.00799986 0.10063774
v 0.01317162 -0.00837347 0.10128146
v 0.01344388 -0.00873818 0.10195469
v 0.01372778 -0.00909353 0.10265668
v 0.01402300 -0.00943911 0.10338668
v 0.01432923 -0.00977448 0.10414388
v 0.01464612 -0.01009926 0.10492745
v 0.01497334 -0.01041306 0.10573653
v 0.01531051 -0.01071552 0.10657023
v 0.01565728 -0.01100626 0.10742762
v 0.01601324 -0.01128496 0.10830776
v 0.01516010 -0.01012776 0.10576890
v 0.01547735 -0.01044514 0.10659839
v 0.01583074 -0.01072819 0.10744940
v 0.01580358 -0.01075344 0.10745203
v 0.01616520 -0.01102500 0.10832654
v 0.01613863 -0.01105249 0.10832879
v 0.01650811 -0.01131231 0.10922581
v 0.01648241 -0.01134216 0.10922761
v 0.01164989 -0.00553419 0.09747832
v 0.01183421 -0.00594604 0.09793082
v 0.01203196 -0.00635199 0.09841627
v 0.01224295 -0.00675152 0.09893420
v 0.01246696 -0.00714410 0.09948407
v 0.01270377 -0.00752924 0.10006532
v 0.01295311 -0.00790644 0.10067734
v 0.01321474 -0.00827522 0.10131947
v 0.01348837 -0.00863513 0.10199101
v 0.01377369 -0.00898572 0.10269124
v 0.01407041 -0.00932658 0.10341939
v 0.01437820 -0.00965727 0.10417466
v 0.01469671 -0.00997742 0.10495621
v 0.01502561 -0.01028663 0.10576319
v 0.01536453 -0.01058453 0.10659470
v 0.01571309 -0.01087078 0.10744982
v 0.01607092 -0.01114504 0.10832760
v 0.01151200 -0.00539050 0.09718185
v 0.01179107 -0.00603240 0.09787180
v 0.01198781 -0.00644460 0.09835862
v 0.01219770 -0.00685035 0.09887801
v 0.01242055 -0.00724912 0.09942946
v 0.01265612 -0.00764043 0.10001238
v 0.01290417 -0.00802376 0.10062617
v 0.01316442 -0.00839865 0.10127017
v 0.01343661 -0.00876463 0.10194368
v 0.01372043 -0.00912126 0.10264599
v 0.01401557 -0.00946811 0.10337631
v 0.01432171 -0.00980476 0.10413386
v 0.01463852 -0.01013081 0.10491779
v 0.01496564 -0.01044587 0.10572725
v 0.01530272 -0.01074958 0.10656134
v 0.01564938 -0.01104159 0.10741914
v 0.01600525 -0.01132154 0.10829971
v 0.01513375 -0.01015064 0.10577089
v 0.01545132 -0.01047004 0.10660011
v 0.01577809 -0.01078047 0.10745340
v 0.01611397 -0.01108178 0.10832972
v 0.01641880 -0.01144155 0.10922474
v 0.01605280 -0.01117864 0.10832456
v 0.01569564 -0.01090340 0.10744610
v 0.01534773 -0.01061614 0.10659032
v 0.01568047 -0.01093697 0.10744114
v 0.01602387 -0.01124881 0.10831461
v 0.01133226 -0.00479775 0.09671900
v 0.01132388 -0.00483790 0.09671074
v 0.01133563 0.00456006 0.09665470
v 0.01198927 0.00333938 0.09677633
v 0.01159210 0.00404862 0.09667807
v 0.01257835 0.00129719 0.09686330
v 0.01258240 -0.00073451 0.09682303
v 0.01186615 -0.00351826 0.09672940
v 0.01228896 0.00212705 0.09676021
v 0.01145815 -0.00421935 0.09663407
v 0.01204146 -0.00288599 0.09671419
v 0.01236136 0.00039671 0.09675171
v 0.01129312 0.00479467 0.09665433
v 0.00707203 0.02488534 0.08673828
v 0.00676283 0.02450000 0.08664625
v 0.00680506 0.02450000 0.08663533
v 0.00684808 0.02450000 0.08662813
v 0.00689157 0.02450000 0.08662471
v 0.00693519 0.02450000 0.08662509
v 0.00697861 0.02450000 0.08662927
v 0.00702149 0.02450000 0.08663722
v 0.00706353 0.02450000 0.08664887
v 0.00710438 0.02450000 0.08666415
v 0.00714375 0.02450000 0.08668293
v 0.00718134 0.02450000 0.08670506
v 0.00721685 0.02450000 0.08673040
v 0.00725002 0.02450000 0.08675873
v 0.00728059 0.02450000 0.08678984
v 0.00730834 0.02450000 0.08682349
v 0.00733304 0.02450000 0.08685944
v 0.00735452 0.02450000 0.08689740
v -0.01665670 0.02488534 0.09632655
v -0.01674873 0.02450000 0.09663575
v -0.01675965 0.02450000 0.09659352
v -0.01676685 0.02450000 0.09655050
v -0.01677027 0.02450000 0.09650701
v -0.01676989 0.02450000 0.09646340
v -0.01676571 0.02450000 0.09641998
v -0.01675776 0.02450000 0.09637709
v -0.01674611 0.02450000 0.09633505
v -0.01673083 0.02450000 0.09629420
v -0.01671205 0.02450000 0.09625483
v -0.01668991 0.02450000 0.09621725
v -0.01666458 0.02450000 0.09618173
v -0.01663626 0.02450000 0.09614856
v -0.01660514 0.02450000 0.09611800
v -0.01657148 0.02450000 0.09609025
v -0.01653553 0.02450000 0.09606555
v -0.01649757 0.02450000 0.09604406
v -0.01356831 0.00884535 0.10453325
v -0.01371005 0.00869210 0.10435584
v -0.01366787 -0.00870845 0.10438157
v -0.01665606 -0.02488533 0.09632505
v -0.01649757 -0.02450000 0.09604406
v -0.01653553 -0.02450000 0.09606555
v -0.01657148 -0.02450000 0.09609025
v -0.01660514 -0.02450000 0.09611800
v -0.01663626 -0.02450000 0.09614856
v -0.01666458 -0.02450000 0.09618173
v -0.01668991 -0.02450000 0.09621725
v -0.01671205 -0.02450000 0.09625483
v -0.01673083 -0.02450000 0.09629420
v -0.01674611 -0.02450000 0.09633505
v -0.01675776 -0.02450000 0.09637709
v -0.01676571 -0.02450000 0.09641998
v -0.01676989 -0.02450000 0.09646340
v -0.01677027 -0.02450000 0.09650701
v -0.01676685 -0.02450000 0.09655050
v -0.01675965 -0.02450000 0.09659352
v -0.01674873 -0.02450000 0.09663575
v 0.00707353 -0.02488533 0.08673892
v 0.00735452 -0.02450000 0.08689740
v 0.00733304 -0.02450000 0.08685944
v 0.00730834 -0.02450000 0.08682349
v 0.00728059 -0.02450000 0.08678984
v 0.00725002 -0.02450000 0.08675873
v 0.00721685 -0.02450000 0.08673040
v 0.00718134 -0.02450000 0.08670506
v 0.00714375 -0.02450000 0.08668293
v 0.00710438 -0.02450000 0.08666415
v 0.00706353 -0.02450000 0.08664887
v 0.00702149 -0.02450000 0.08663722
v 0.00697861 -0.02450000 0.08662927
v 0.00693519 -0.02450000 0.08662509
v 0.00689157 -0.02450000 0.08662471
v 0.00684808 -0.02450000 0.08662813
v 0.00680506 -0.02450000 0.08663533
v 0.00676283 -0.02450000 0.08664625
v 0.00727104 0.00907211 0.08686838
v 0.01017005 0.00440701 0.09657497
v 0.00676283 0.00937391 0.08664625
v 0.00679826 0.00934138 0.08663773
v 0.00680506 0.00937391 0.08663533
v 0.00684808 0.00937391 0.08662813
v 0.00688162 0.00932304 0.08662699
v 0.00689157 0.00937391 0.08662471
v 0.00692198 0.00934383 0.08662532
v 0.00693519 0.00937391 0.08662509
v 0.00697861 0.00937391 0.08662927
v 0.00700610 0.00932895 0.08663538
v 0.00702149 0.00937391 0.08663722
v 0.00703282 0.00930810 0.08664279
v 0.00706353 0.00937391 0.08664887
v 0.00708287 0.00937391 0.08665560
v 0.00712122 0.00937391 0.08667166
v 0.00714375 0.00937391 0.08668293
v 0.00715810 0.00937391 0.08669086
v 0.00719325 0.00937391 0.08671305
v 0.00722573 0.00936128 0.08673758
v 0.00722644 0.00937391 0.08673808
v 0.00724942 0.00932279 0.08676040
v 0.00725744 0.00937391 0.08676579
v 0.00728546 0.00936605 0.08679532
v 0.00728602 0.00937391 0.08679597
v 0.00730909 0.00933458 0.08682587
v 0.00731200 0.00937391 0.08682842
v 0.00733486 0.00937050 0.08686234
v 0.00733520 0.00937391 0.08686292
v 0.00735525 0.00937227 0.08689882
v 0.00735545 0.00937391 0.08689923
v -0.01660515 0.01244759 0.09611800
v -0.01671205 0.01225949 0.09625482
v -0.01675775 0.01212249 0.09637703
v -0.01676686 0.01196648 0.09655040
v -0.01674876 0.01190715 0.09663565
v -0.01673424 0.01184672 0.09668040
v -0.01676393 0.01192781 0.09657270
v -0.01675968 0.01193498 0.09659339
v -0.01676988 0.01203931 0.09646329
v -0.01677028 0.01200137 0.09650693
v -0.01676570 0.01207981 0.09641989
v -0.01677048 0.01199008 0.09643695
v -0.01674609 0.01216697 0.09633500
v -0.01675323 0.01214205 0.09635882
v -0.01673082 0.01221276 0.09629417
v -0.01674247 0.01212906 0.09631961
v -0.01666459 0.01235408 0.09618174
v -0.01668991 0.01230673 0.09621725
v -0.01663043 0.01241024 0.09614242
v -0.01663627 0.01240115 0.09614858
v -0.01653558 0.01253714 0.09606557
v -0.01654198 0.01252958 0.09606964
v -0.01657150 0.01249303 0.09609026
v -0.01649764 0.01257966 0.09604410
v -0.01650989 0.01256635 0.09605055
v -0.01456105 0.00956976 0.10245235
v -0.01424607 0.00924584 0.10320759
v -0.01422282 0.00926767 0.10320813
v -0.01453672 0.00959202 0.10245200
v -0.01592591 0.01075855 0.09918002
v -0.01556969 0.01047811 0.10003402
v -0.01554195 0.01050129 0.10003091
v -0.01382839 0.00905452 0.10395925
v -0.01381440 0.00908102 0.10396648
v -0.01380201 0.00910806 0.10397461
v -0.01379125 0.00913551 0.10398361
v -0.01378218 0.00916328 0.10399344
v -0.01384391 0.00902864 0.10395293
v -0.01386091 0.00900349 0.10394758
v -0.01387932 0.00897916 0.10394319
v -0.01389907 0.00895575 0.10393979
v -0.01392010 0.00893333 0.10393739
v -0.01685830 0.01136796 0.09703167
v -0.01663466 0.01130739 0.09739977
v -0.01666604 0.01128392 0.09740580
v -0.01660492 0.01133319 0.09739507
v -0.01657701 0.01136116 0.09739173
v -0.01686959 0.01156223 0.09665736
v -0.01652738 0.01142287 0.09738918
v -0.01655112 0.01139111 0.09738975
v -0.01636448 0.01149435 0.09762085
v -0.01610370 0.01126549 0.09830023
v -0.01611952 0.01123063 0.09829602
v -0.01613778 0.01119683 0.09829311
v -0.01615837 0.01116432 0.09829153
v -0.01618116 0.01113327 0.09829129
v -0.01620602 0.01110387 0.09829239
v -0.01623281 0.01107629 0.09829482
v -0.01626135 0.01105070 0.09829858
v -0.01629150 0.01102726 0.09830362
v -0.01589699 0.01078190 0.09917594
v -0.01586961 0.01080721 0.09917313
v -0.01584391 0.01083434 0.09917159
v -0.01582006 0.01086314 0.09917135
v -0.01579818 0.01089345 0.09917239
v -0.01577839 0.01092509 0.09917471
v -0.01576081 0.01095790 0.09917830
v -0.01574554 0.01099169 0.09918314
v -0.01573264 0.01102626 0.09918920
v -0.01551571 0.01052626 0.10002901
v -0.01549108 0.01055289 0.10002835
v -0.01546821 0.01058105 0.10002894
v -0.01544722 0.01061058 0.10003075
v -0.01542820 0.01064133 0.10003380
v -0.01541128 0.01067313 0.10003806
v -0.01539653 0.01070583 0.10004350
v -0.01538402 0.01073923 0.10005011
v -0.01504494 0.01044048 0.10088748
v -0.01505707 0.01040824 0.10088036
v -0.01507131 0.01037666 0.10087433
v -0.01508760 0.01034587 0.10086943
v -0.01510586 0.01031605 0.10086569
v -0.01512601 0.01028733 0.10086311
v -0.01514792 0.01025986 0.10086172
v -0.01517151 0.01023378 0.10086152
v -0.01519665 0.01020920 0.10086251
v -0.01522322 0.01018626 0.10086469
v -0.01486145 0.00990599 0.10166984
v -0.01483739 0.00993011 0.10166973
v -0.01481480 0.00995560 0.10167077
v -0.01479381 0.00998234 0.10167295
v -0.01477450 0.01001022 0.10167625
v -0.01475696 0.01003909 0.10168067
v -0.01474128 0.01006882 0.10168619
v -0.01472752 0.01009929 0.10169278
v -0.01471576 0.01013034 0.10170040
v -0.01451370 0.00961563 0.10245276
v -0.01449210 0.00964047 0.10245461
v -0.01447200 0.00966645 0.10245754
v -0.01445348 0.00969344 0.10246156
v -0.01443665 0.00972134 0.10246663
v -0.01442155 0.00975002 0.10247275
v -0.01440827 0.00977935 0.10247987
v -0.01439686 0.00980921 0.10248798
v -0.01420082 0.00929071 0.10320972
v -0.01418015 0.00931486 0.10321236
v -0.01416091 0.00934003 0.10321603
v -0.01414317 0.00936612 0.10322073
v -0.01412701 0.00939302 0.10322644
v -0.01411248 0.00942062 0.10323312
v -0.01409965 0.00944880 0.10324076
v -0.01408857 0.00947746 0.10324932
v -0.01407929 0.00950648 0.10325877
v -0.01673597 -0.01186667 0.09667300
v -0.01673935 -0.01184400 0.09666844
v -0.01636631 -0.01158912 0.09759150
v -0.01674755 -0.01180492 0.09666130
v -0.01637441 -0.01155129 0.09758389
v -0.01675871 -0.01176636 0.09665549
v -0.01638530 -0.01151393 0.09757755
v -0.01677276 -0.01172856 0.09665106
v -0.01639892 -0.01147727 0.09757252
v -0.01697443 -0.01148199 0.09666659
v -0.01621982 -0.01097603 0.09847545
v -0.01659284 -0.01123518 0.09758127
v -0.01656169 -0.01125865 0.09757544
v -0.01585582 -0.01070487 0.09934805
v -0.01515649 -0.01012776 0.10102467
v -0.01482193 -0.00982249 0.10182683
v -0.01282871 -0.00918693 0.10622707
v -0.01380234 -0.00893509 0.10409040
v -0.01386100 -0.00886538 0.10407976
v -0.01384016 -0.00888767 0.10408233
v -0.01382059 -0.00891093 0.10408588
v -0.01378548 -0.00896005 0.10409589
v -0.01410043 -0.00927398 0.10336351
v -0.01408284 -0.00929988 0.10336835
v -0.01439129 -0.00962957 0.10261370
v -0.01377008 -0.00898572 0.10410232
v -0.01406680 -0.00932658 0.10337417
v -0.01437459 -0.00965727 0.10261890
v -0.01469311 -0.00997742 0.10183735
v -0.01375621 -0.00901200 0.10410966
v -0.01405239 -0.00935396 0.10338097
v -0.01435961 -0.00968574 0.10262513
v -0.01467754 -0.01000695 0.10184298
v -0.01500584 -0.01031721 0.10103539
v -0.01374390 -0.00903880 0.10411789
v -0.01403965 -0.00938192 0.10338871
v -0.01434642 -0.00971485 0.10263236
v -0.01466388 -0.01003719 0.10184968
v -0.01499169 -0.01034857 0.10104153
v -0.01532947 -0.01064862 0.10020880
v -0.01402863 -0.00941034 0.10339736
v -0.01433508 -0.00974447 0.10264055
v -0.01465219 -0.01006801 0.10185740
v -0.01497963 -0.01038058 0.10104875
v -0.01531704 -0.01068180 0.10021551
v -0.01566405 -0.01097132 0.09935860
v -0.01415704 -0.00959445 0.10306680
v -0.01464252 -0.01009926 0.10186611
v -0.01496973 -0.01041306 0.10105703
v -0.01530691 -0.01071552 0.10022333
v -0.01565367 -0.01100626 0.09936594
v -0.01600963 -0.01128496 0.09848581
v -0.01550125 -0.01042200 0.10019811
v -0.01547375 -0.01044514 0.10019517
v -0.01582713 -0.01072819 0.09934416
v -0.01579997 -0.01075344 0.09934153
v -0.01616160 -0.01102500 0.09846703
v -0.01613502 -0.01105249 0.09846477
v -0.01650450 -0.01131231 0.09756775
v -0.01647881 -0.01134216 0.09756595
v -0.01692339 -0.01152069 0.09665632
v -0.01618992 -0.01099946 0.09847059
v -0.01653219 -0.01128441 0.09757092
v -0.01691131 -0.01153134 0.09665429
v -0.01686750 -0.01157604 0.09664854
v -0.01685065 -0.01159627 0.09664714
v -0.01513015 -0.01015064 0.10102268
v -0.01544772 -0.01047004 0.10019345
v -0.01577449 -0.01078047 0.09934017
v -0.01611036 -0.01108178 0.09846384
v -0.01645526 -0.01137378 0.09756553
v -0.01683123 -0.01162225 0.09664625
v -0.01449792 -0.00950655 0.10260371
v -0.01479672 -0.00984505 0.10182576
v -0.01510522 -0.01017513 0.10102186
v -0.01542330 -0.01049657 0.10019296
v -0.01575083 -0.01080915 0.09934008
v -0.01608775 -0.01111269 0.09846424
v -0.01643401 -0.01140698 0.09756649
v -0.01680604 -0.01166151 0.09664657
v -0.01447381 -0.00952873 0.10260353
v -0.01477286 -0.00986907 0.10182582
v -0.01508183 -0.01020111 0.10102222
v -0.01540061 -0.01052459 0.10019371
v -0.01572912 -0.01083931 0.09934128
v -0.01606732 -0.01114504 0.09846596
v -0.01641520 -0.01144155 0.09756883
v -0.01678961 -0.01169179 0.09664803
v -0.01416179 -0.00920204 0.10335515
v -0.01445100 -0.00955222 0.10260445
v -0.01475047 -0.00989444 0.10182702
v -0.01506010 -0.01022844 0.10102377
v -0.01537979 -0.01055396 0.10019568
v -0.01570949 -0.01087078 0.09934374
v -0.01604919 -0.01117864 0.09846900
v -0.01413999 -0.00922496 0.10335690
v -0.01442958 -0.00957693 0.10260646
v -0.01472966 -0.00992104 0.10182935
v -0.01504013 -0.01025699 0.10102649
v -0.01536092 -0.01058453 0.10019886
v -0.01569204 -0.01090340 0.09934746
v -0.01603348 -0.01121330 0.09847334
v -0.01411950 -0.00924897 0.10335969
v -0.01440965 -0.00960275 0.10260955
v -0.01471050 -0.00994874 0.10183280
v -0.01502201 -0.01028663 0.10103037
v -0.01534412 -0.01061614 0.10020324
v -0.01567686 -0.01093697 0.09935243
v -0.01602027 -0.01124881 0.09847895
v -0.01649761 -0.01257969 0.09604408
v -0.01653559 -0.01253713 0.09606558
v -0.01656459 -0.01243362 0.09608181
v -0.01657153 -0.01249299 0.09609029
v -0.01660517 -0.01244756 0.09611802
v -0.01662080 -0.01233559 0.09612626
v -0.01663627 -0.01240115 0.09614858
v -0.01664094 -0.01239373 0.09615366
v -0.01666459 -0.01235409 0.09618174
v -0.01670730 -0.01227021 0.09624610
v -0.01668991 -0.01230673 0.09621725
v -0.01672143 -0.01223710 0.09627339
v -0.01671204 -0.01225949 0.09625482
v -0.01673629 -0.01219742 0.09630759
v -0.01674846 -0.01215883 0.09634251
v -0.01675776 -0.01212243 0.09637708
v -0.01676907 -0.01205073 0.09645074
v -0.01677054 -0.01201091 0.09649565
v -0.01676891 -0.01198220 0.09653036
v -0.01676491 -0.01195569 0.09656466
v -0.01675857 -0.01193145 0.09659849
v -0.01674321 -0.01189687 0.09665272
v 0.00675638 -0.00937391 0.08664827
v 0.00676778 -0.00933352 0.08664587
v 0.00679646 -0.00937391 0.08663723
v 0.00681524 -0.00931549 0.08663561
v 0.00683732 -0.00937391 0.08662957
v 0.00687004 -0.00934437 0.08662661
v 0.00687868 -0.00937391 0.08662532
v 0.00689900 -0.00931799 0.08662659
v 0.00692024 -0.00937391 0.08662453
v 0.00695451 -0.00934696 0.08662703
v 0.00696173 -0.00937391 0.08662719
v 0.00699639 -0.00934860 0.08663257
v 0.00700285 -0.00937391 0.08663328
v 0.00704333 -0.00937391 0.08664278
v 0.00706353 -0.00937391 0.08664887
v 0.00710438 -0.00937391 0.08666415
v 0.00713871 -0.00933609 0.08668109
v 0.00714375 -0.00937391 0.08668293
v 0.00715810 -0.00937391 0.08669086
v 0.00718134 -0.00937391 0.08670506
v 0.00721685 -0.00937391 0.08673040
v 0.00722636 -0.00935833 0.08673826
v 0.00725002 -0.00937391 0.08675873
v 0.00725470 -0.00930247 0.08676714
v 0.00728059 -0.00937391 0.08678984
v 0.00730834 -0.00937391 0.08682349
v 0.00731205 -0.00936556 0.08682858
v 0.00733304 -0.00937391 0.08685944
v 0.00733533 -0.00936502 0.08686326
v 0.00735452 -0.00937391 0.08689740
v 0.00828973 -0.00910090 0.08950077
v 0.00955874 -0.00718687 0.09378873
v 0.00690704 0.00899425 0.08676455
v 0.00707769 0.00889480 0.08703645
v 0.00735928 0.00935529 0.08690755
v 0.00716833 0.00931765 0.08669892
v 0.00708305 0.00926357 0.08666394
v 0.00695109 0.00927128 0.08663333
v 0.00683455 0.00927356 0.08663708
v -0.01675967 0.01208520 0.09638161
v -0.01659171 0.01243100 0.09610443
v -0.01664774 0.01234400 0.09615992
v -0.01669553 0.01227250 0.09622501
v -0.01671391 0.01221606 0.09625537
v -0.01668955 0.01220686 0.09620248
v -0.01681162 0.01186337 0.09633210
v -0.01677393 0.01193552 0.09648691
v -0.01697659 0.01168627 0.09623990
v -0.01676458 0.01184305 0.09659582
v -0.01676942 0.01191644 0.09654316
v -0.01648771 0.01245986 0.09602620
v -0.01658862 -0.01242840 0.09610216
v -0.01674482 -0.01213701 0.09632883
v -0.01676736 -0.01180338 0.09661463
v -0.01676056 -0.01191043 0.09659151
v -0.01691331 -0.01157228 0.09658334
v -0.01677028 -0.01196034 0.09652010
v -0.01687622 -0.01159644 0.09660545
v -0.01690675 -0.01166700 0.09643620
v -0.01677096 -0.01200238 0.09647250
v -0.01680548 -0.01171869 0.09658978
v -0.01672437 -0.01219338 0.09627711
v -0.01679386 -0.01176828 0.09657322
v -0.01674746 -0.01184687 0.09664689
v -0.01677053 -0.01189410 0.09654505
v -0.01675870 -0.01188350 0.09660487
v -0.01669901 -0.01210731 0.09616493
v -0.01699952 -0.01155740 0.09648314
v -0.01650120 -0.01248023 0.09603990
v -0.01679725 -0.01184180 0.09642503
v 0.00680383 -0.00902647 0.08678057
v 0.00680346 -0.00900807 0.08680034
v 0.00678115 -0.00906274 0.08675450
v 0.00679198 -0.00903445 0.08677645
v 0.00676170 -0.00912437 0.08671694
v 0.00677104 -0.00909277 0.08673463
v 0.00675318 -0.00915736 0.08670153
v 0.00674554 -0.00919157 0.08668848
v 0.00677012 -0.00916602 0.08669131
v 0.00673303 -0.00926285 0.08666976
v 0.00673881 -0.00922680 0.08667787
v 0.00675221 -0.00929102 0.08665686
v 0.00672824 -0.00929952 0.08666420
v 0.00672446 -0.00933661 0.08666121
v 0.00717400 -0.00913773 0.08674970
v 0.00706818 -0.00932708 0.08665191
v 0.00703076 -0.00929573 0.08664294
v 0.00696674 -0.00915514 0.08666962
v 0.00734079 -0.00919619 0.08691348
v 0.00730551 -0.00931244 0.08682239
v 0.00689323 -0.00906401 0.08672660
v 0.00679597 -0.00925079 0.08665159
v 0.00704353 -0.00889807 0.08693358
v 0.00682048 -0.00913032 0.08669446
v 0.00678320 -0.00920858 0.08666898
v 0.00631392 0.00889892 0.08710163
v 0.00639930 0.00883625 0.08730058
v 0.00638493 0.00883976 0.08726570
v 0.00637050 0.00884611 0.08723126
v 0.00635611 0.00885526 0.08719743
v 0.00634183 0.00886716 0.08716443
v 0.00632773 0.00888174 0.08713243
v 0.00628742 0.00894065 0.08704429
v 0.00627489 0.00896497 0.08701809
v 0.00626294 0.00899141 0.08699373
v 0.00675172 0.00921234 0.08666914
v 0.00468647 0.00867138 0.08811199
v 0.00382981 0.00856694 0.08847678
v 0.00312494 0.00852061 0.08829983
v 0.00610869 0.00881204 0.08750063
v 0.00553873 0.00875814 0.08770730
v 0.00467229 0.00866639 0.08807548
v 0.00381565 0.00856049 0.08843962
v 0.00552429 0.00875754 0.08767142
v 0.00550963 0.00875991 0.08763570
v 0.00465771 0.00866448 0.08803884
v 0.00464281 0.00866568 0.08800229
v 0.00380099 0.00855725 0.08840224
v 0.00378590 0.00855722 0.08836489
v 0.00549483 0.00876526 0.08760036
v 0.00547998 0.00877354 0.08756561
v 0.00462768 0.00866997 0.08796608
v 0.00461242 0.00867732 0.08793041
v 0.00377049 0.00856041 0.08832781
v 0.00375486 0.00856679 0.08829123
v 0.00540813 0.00885660 0.08740781
v 0.00539484 0.00888085 0.08738077
v 0.00453748 0.00875784 0.08776795
v 0.00099052 0.00940621 0.08863626
v 0.00546518 0.00878470 0.08753166
v 0.00459712 0.00868770 0.08789552
v 0.00373910 0.00857634 0.08825540
v 0.00545050 0.00879868 0.08749871
v 0.00458188 0.00870103 0.08786162
v 0.00372333 0.00858897 0.08822056
v 0.00543605 0.00881539 0.08746696
v 0.00456680 0.00871724 0.08782892
v 0.00398929 0.00870028 0.08797151
v 0.00455197 0.00873621 0.08779764
v 0.00542189 0.00883474 0.08743660
v 0.00630045 0.00891859 0.08707219
v 0.00583210 -0.00926611 0.08702181
v 0.00583656 -0.00922828 0.08702472
v 0.00584208 -0.00919089 0.08703032
v 0.00584860 -0.00915417 0.08703857
v 0.00585611 -0.00911831 0.08704943
v 0.00589494 -0.00898775 0.08711747
v 0.00590657 -0.00895928 0.08714013
v 0.00591884 -0.00893281 0.08716480
v 0.00084916 -0.00807131 0.08924833
v 0.00219632 -0.00844222 0.08861626
v 0.00551943 -0.00888316 0.08734457
v 0.00338906 -0.00861848 0.08822652
v 0.00416032 -0.00876441 0.08785783
v 0.00502886 -0.00886921 0.08750079
v 0.00288690 -0.00859738 0.08836670
v 0.00328830 -0.00867393 0.08818583
v 0.00414704 -0.00879317 0.08783373
v 0.00501641 -0.00889784 0.08747741
v 0.00242725 -0.00857152 0.08851002
v 0.00327483 -0.00870496 0.08816337
v 0.00413444 -0.00882401 0.08781193
v 0.00500466 -0.00892844 0.08745626
v 0.00588402 -0.00901808 0.08709696
v 0.00241362 -0.00860482 0.08848954
v 0.00326210 -0.00873798 0.08814345
v 0.00412260 -0.00885671 0.08779256
v 0.00499367 -0.00896080 0.08743746
v 0.00587387 -0.00905007 0.08707871
v 0.00586454 -0.00908355 0.08706284
v 0.00240080 -0.00863997 0.08847181
v 0.00325020 -0.00877276 0.08812619
v 0.00411158 -0.00889108 0.08777577
v 0.00498351 -0.00899474 0.08742112
v 0.00238889 -0.00867675 0.08845697
v 0.00323921 -0.00880907 0.08811171
v 0.00410147 -0.00892690 0.08776164
v 0.00497425 -0.00903004 0.08740736
v 0.00237797 -0.00871489 0.08844513
v 0.00322919 -0.00884667 0.08810010
v 0.00409233 -0.00896394 0.08775028
v 0.00496594 -0.00906649 0.08739624
v 0.00236811 -0.00875413 0.08843634
v 0.00322022 -0.00888531 0.08809144
v 0.00408420 -0.00900196 0.08774175
v 0.00495864 -0.00910388 0.08738785
v 0.00235939 -0.00879421 0.08843069
v 0.00321235 -0.00892475 0.08808579
v 0.00407715 -0.00904073 0.08773611
v 0.00495237 -0.00914197 0.08738222
v 0.00235185 -0.00883485 0.08842820
v 0.00320564 -0.00896471 0.08808318
v 0.00407122 -0.00908000 0.08773339
v 0.00494719 -0.00918052 0.08737940
v -0.00555689 -0.01359741 0.08999555
v -0.00088938 -0.00196772 0.08405222
v 0.02025407 0.01053683 0.12225840
v 0.02703619 0.01108550 0.12048712
v 0.02649560 0.00816092 0.12036685
v 0.02803307 0.00729847 0.12059892
v 0.03104659 0.00587238 0.12197055
v 0.03205796 0.00557823 0.12272213
v 0.02593880 0.00863333 0.12050189
v 0.02939186 0.00668087 0.12111057
v 0.02454862 0.00925648 0.12056414
v 0.02207878 0.01030597 0.12143131
v 0.02315519 0.00981751 0.12085279
v 0.03347360 0.00569504 0.12423866
v 0.02749318 0.00776279 0.12061487
v 0.02142221 0.01036235 0.12159304
v 0.02494772 0.00895332 0.12037336
v 0.02375717 0.00951619 0.12059775
v 0.02533060 0.00879962 0.12039518
v 0.02171091 0.00596744 0.13746137
v 0.01747032 0.00686736 0.13225681
v 0.02251506 0.00642033 0.13783921
v 0.01765465 0.00656683 0.13277906
v 0.01725791 0.00740234 0.13137520
v 0.01711369 0.00797611 0.13040063
v 0.02038125 0.00551355 0.13654203
v 0.01831522 0.00603456 0.13402996
v 0.01992247 0.00551148 0.13612900
v 0.01714766 0.01134810 0.12968575
v 0.03456381 0.01258935 0.13342097
v 0.01704518 0.00904320 0.12823255
v 0.01729902 0.00950266 0.12758205
v 0.01730239 0.00969362 0.12669951
v 0.01742670 0.00984044 0.12633382
v 0.01784210 0.01017466 0.12589378
v 0.01834581 0.01041974 0.12438450
v 0.01884997 0.01053782 0.12375310
v 0.01959626 0.01074362 0.12316594
v 0.01999825 0.01055611 0.12241124
v 0.01879374 0.01353949 0.12360746
v 0.01745733 0.01310860 0.12583317
v 0.01682451 0.01248799 0.12773325
v 0.01657876 0.01110977 0.13100570
v 0.01658424 0.01149800 0.13016922
v 0.01666554 0.01217494 0.12853916
v 0.01707937 0.01275630 0.12699002
v 0.01687708 0.01075520 0.13192305
v 0.01768723 0.01319700 0.12551233
v 0.01740138 0.01291994 0.12642887
v 0.02201742 0.00920952 0.13829209
v 0.02838850 0.01077407 0.12010744
v 0.02782795 0.01102343 0.12002577
v 0.02697165 0.01141734 0.12000446
v 0.02928063 0.01044416 0.12053011
v 0.03076434 0.00983059 0.12154054
v 0.02017669 0.01342806 0.12269177
v 0.01921738 0.01355998 0.12325142
v 0.01844461 0.01320940 0.12469252
v 0.01822237 0.01342967 0.12440861
v 0.01854673 0.01346059 0.12416908
v 0.01792708 0.01333864 0.12488131
v 0.01830512 -0.01175926 0.12573252
v 0.01692432 -0.00878299 0.12865458
v 0.01695979 -0.00801986 0.13010829
v 0.01713210 -0.00765242 0.13087912
v 0.01716280 -0.00905442 0.12850845
v 0.01793418 -0.00640904 0.13326876
v 0.01711443 -0.00844888 0.12966342
v 0.01747140 -0.00979331 0.12692727
v 0.01727053 -0.00776540 0.13105022
v 0.01821682 -0.01036645 0.12485638
v 0.01841015 -0.01043922 0.12436708
v 0.01753629 -0.00993958 0.12610617
v 0.02347350 -0.00696898 0.13818128
v 0.01843871 -0.00596860 0.13421308
v 0.01758670 -0.00690802 0.13238799
v 0.02233805 -0.00635582 0.13773880
v 0.01709540 -0.00927593 0.12770676
v 0.01778501 -0.01013683 0.12555074
v 0.03390280 -0.00594703 0.12489495
v 0.02446200 -0.00920273 0.12046469
v 0.02375649 -0.00953754 0.12061914
v 0.02713178 -0.00783895 0.12046793
v 0.03209679 -0.00549599 0.12271362
v 0.02547743 -0.00886880 0.12052198
v 0.02557379 -0.00867815 0.12038867
v 0.02894472 -0.00683902 0.12091114
v 0.03431911 -0.01302880 0.13418386
v 0.02814178 -0.00737379 0.12073829
v 0.03160912 -0.00568935 0.12236397
v 0.02692692 -0.00808500 0.12054330
v 0.02375429 -0.00980465 0.12082215
v 0.02999369 -0.00633060 0.12136426
v 0.02274125 -0.00990395 0.12086499
v 0.02236456 -0.01002176 0.12097297
v 0.02131065 -0.01055837 0.12184999
v 0.02056958 -0.01050443 0.12204500
v 0.02003088 -0.01059883 0.12259750
v 0.01965335 -0.01057585 0.12273333
v 0.01919893 -0.01056978 0.12318275
v 0.01961009 -0.01064161 0.12307440
v 0.01934731 -0.01071363 0.12353253
v 0.02077516 -0.01344985 0.12204098
v 0.02401742 -0.01261083 0.12033966
v 0.02557708 -0.01187051 0.12041628
v 0.03167197 -0.00946684 0.12182938
v 0.03478608 -0.00995276 0.12517057
v 0.02645412 -0.01164637 0.12010424
v 0.02306205 -0.01293131 0.12070004
v 0.02829609 -0.01084946 0.12019805
v 0.02692560 -0.01143314 0.11998510
v 0.02938627 -0.01036405 0.12039096
v 0.02453533 -0.01241424 0.12017032
v 0.03565450 -0.01087496 0.12756205
v 0.03558321 -0.01118722 0.12818535
v 0.03570789 -0.01171627 0.12944077
v 0.03533183 -0.01194565 0.13016615
v 0.03558836 -0.01240776 0.13119716
v 0.01657340 -0.01169927 0.12969174
v 0.01751878 -0.01300913 0.12614207
v 0.01794246 -0.00980406 0.13445714
v 0.01654322 -0.01145059 0.13024406
v 0.01722875 -0.01016791 0.13331249
v 0.01713451 -0.01029144 0.13302002
v 0.01704089 -0.01184514 0.12907801
v 0.01667608 -0.01221893 0.12842458
v 0.01684759 -0.01251038 0.12767274
v 0.01711765 -0.01274131 0.12704140
v 0.02870777 -0.01271407 0.13843458
v 0.01677341 -0.01123251 0.13083287
v 0.01770228 -0.01322929 0.12537636
v 0.01844284 -0.01347549 0.12413233
v 0.01822921 -0.01334201 0.12476966
v 0.01885760 -0.01353384 0.12363946
v 0.01174009 -0.02462941 0.10837939
v -0.00498805 -0.02467101 0.11515215
v 0.01174804 -0.02465035 0.10838277
v 0.01175717 -0.02467101 0.10838664
v -0.00499242 -0.02469134 0.11516244
v -0.00499728 -0.02471131 0.11517388
v 0.01176746 -0.02469134 0.10839101
v 0.01177890 -0.02471131 0.10839586
v -0.00500261 -0.02473087 0.11518644
v -0.00500841 -0.02475000 0.11520010
v 0.01179146 -0.02473087 0.10840119
v 0.01180512 -0.02475000 0.10840699
v -0.00501466 -0.02476865 0.11521483
v -0.00502136 -0.02478679 0.11523061
v 0.01183563 -0.02478679 0.10841994
v 0.01185242 -0.02480438 0.10842707
v -0.00503603 -0.02482139 0.11526518
v 0.01181985 -0.02476865 0.10841325
v -0.00502849 -0.02480438 0.11524740
v 0.01187020 -0.02482139 0.10843462
v 0.01190856 -0.02485355 0.10845090
v -0.00505232 -0.02485355 0.11530354
v 0.01195042 -0.02488302 0.10846867
v -0.00507009 -0.02488302 0.11534540
v 0.01199547 -0.02490958 0.10848779
v -0.00508921 -0.02490958 0.11539045
v 0.01204336 -0.02493301 0.10850812
v -0.00510954 -0.02493301 0.11543834
v 0.01209373 -0.02495315 0.10852950
v -0.00513092 -0.02495315 0.11548871
v 0.01214619 -0.02496985 0.10855177
v -0.00515318 -0.02496985 0.11554117
v 0.01220035 -0.02498296 0.10857476
v -0.00517617 -0.02498296 0.11559533
v 0.01225578 -0.02499240 0.10859829
v -0.00519970 -0.02499240 0.11565076
v 0.01231208 -0.02499810 0.10862218
v -0.00522360 -0.02499810 0.11570706
v -0.01032440 -0.02499810 0.10308214
v -0.01028431 -0.02499240 0.10306593
v -0.01024482 -0.02498296 0.10304998
v -0.01020625 -0.02496985 0.10303440
v -0.01016888 -0.02495315 0.10301930
v -0.01013301 -0.02493301 0.10300481
v -0.01009890 -0.02490958 0.10299103
v -0.01006681 -0.02488302 0.10297806
v -0.01003700 -0.02485355 0.10296602
v -0.01000968 -0.02482139 0.10295498
v -0.00998506 -0.02478679 0.10294503
v -0.00996332 -0.02475000 0.10293625
v -0.00994465 -0.02471131 0.10292871
v 0.00658576 -0.02462379 0.09569854
v 0.00680389 -0.02462941 0.09616186
v 0.00681605 -0.02467101 0.09615694
v 0.00683153 -0.02471131 0.09615069
v 0.00685020 -0.02475000 0.09614314
v 0.00687193 -0.02478679 0.09613437
v 0.00692388 -0.02485355 0.09611338
v 0.00695369 -0.02488302 0.09610133
v 0.00698578 -0.02490958 0.09608837
v 0.00701989 -0.02493301 0.09607459
v 0.00705576 -0.02495315 0.09606009
v 0.00709313 -0.02496985 0.09604499
v 0.00713170 -0.02498296 0.09602941
v 0.00717118 -0.02499240 0.09601346
v 0.00721128 -0.02499810 0.09599726
v -0.01022085 -0.02488131 0.10223532
v 0.00397493 -0.02459502 0.09312770
v 0.00659737 -0.02484092 0.09548840
v 0.00680958 -0.02499163 0.09530454
v -0.01022086 0.02443324 0.09947891
v -0.01044726 0.02497209 0.10223414
v -0.00513092 0.02495315 0.11548871
v -0.01020625 0.02496984 0.10303440
v -0.00515318 0.02496984 0.11554117
v -0.01024482 0.02498296 0.10304998
v -0.00517617 0.02498296 0.11559533
v -0.01028431 0.02499240 0.10306593
v -0.00519970 0.02499240 0.11565076
v -0.01032440 0.02499810 0.10308214
v -0.00522360 0.02499810 0.11570706
v 0.00333405 0.01585131 0.10130805
v 0.01209373 0.02495315 0.10852950
v 0.01214619 0.02496984 0.10855177
v 0.01220035 0.02498296 0.10857476
v 0.01225578 0.02499240 0.10859829
v 0.01231208 0.02499810 0.10862218
v -0.00727056 0.02482139 0.09650203
v -0.00728160 0.02485355 0.09647471
v -0.00729365 0.02488302 0.09644489
v -0.00730661 0.02490958 0.09641281
v -0.00732039 0.02493301 0.09637869
v -0.00733489 0.02495315 0.09634282
v -0.00734998 0.02496984 0.09630546
v -0.00736556 0.02498296 0.09626689
v -0.00738152 0.02499240 0.09622740
v -0.00739772 0.02499810 0.09618731
v 0.00721128 0.02499810 0.09599726
v 0.00717118 0.02499240 0.09601346
v 0.00713170 0.02498296 0.09602941
v 0.00709313 0.02496984 0.09604499
v 0.00705576 0.02495315 0.09606009
v 0.00096269 0.02485959 0.09323422
v 0.00043257 0.02485355 0.09335798
v 0.00042052 0.02488302 0.09332816
v 0.00040756 0.02490958 0.09329608
v 0.00039378 0.02493301 0.09326197
v 0.00037928 0.02495315 0.09322609
v 0.00036419 0.02496984 0.09318873
v 0.00034860 0.02498296 0.09315016
v 0.00033265 0.02499240 0.09311068
v 0.00031645 0.02499810 0.09307058
v 0.00463944 0.02489906 0.09326173
v 0.00109210 -0.00903885 0.09671907
v 0.00402574 -0.00815949 0.09788792
v 0.00573897 -0.00729232 0.09828696
v 0.00641665 -0.00687064 0.09843261
v 0.00686928 -0.00649657 0.09841586
v 0.00914478 -0.00410739 0.09868842
v 0.01021397 -0.00208374 0.09893595
v -0.00006520 -0.00899294 0.09540267
v 0.01048112 0.00039905 0.09868299
v -0.00027201 -0.00893531 0.09493974
v 0.00036738 -0.00900500 0.09581106
v 0.00105087 -0.00896472 0.09645724
v 0.01002643 0.00270616 0.09896168
v 0.00468039 -0.00783285 0.09791801
v 0.00976207 0.00307260 0.09878847
v 0.00843132 -0.00505940 0.09865263
v 0.01034752 -0.00140672 0.09887865
v 0.00937801 0.00383080 0.09881346
v 0.01016701 0.00219157 0.09891181
v 0.01053870 -0.00007194 0.09896558
v 0.00953491 -0.00355018 0.09881049
v -0.00099160 -0.00872819 0.09389435
v 0.00904806 0.00437400 0.09882070
v 0.01040206 0.00126507 0.09892040
v 0.01051859 -0.00061790 0.09897035
v 0.00745966 -0.00597116 0.09839792
v 0.00064484 -0.00900281 0.09614098
v -0.00052101 0.00889255 0.09469883
v 0.00130020 0.00895845 0.09674207
v -0.00205257 0.00736112 0.09059022
v -0.00242753 0.00086642 0.08584781
v 0.00395211 0.00815365 0.09776051
v -0.00270448 0.00176011 0.08592472
v -0.00263991 0.00027531 0.08574342
v -0.00178365 0.00769608 0.09127961
v -0.00166507 0.00810728 0.09210009
v 0.00702155 0.00641336 0.09850689
v -0.00241704 0.00226256 0.08617035
v -0.00027309 0.00896818 0.09515984
v 0.00179746 0.00888667 0.09701478
v 0.00613541 0.00700323 0.09825576
v 0.00832435 0.00518094 0.09864043
v 0.00881893 0.00456613 0.09866064
v 0.00478151 0.00778893 0.09802652
v -0.00195750 0.00708549 0.09022058
v -0.00110084 0.00863379 0.09360844
v -0.00140213 0.00827965 0.09254925
v -0.00079433 0.00881063 0.09428971
v 0.00759191 0.00587040 0.09839674
v -0.00483084 -0.00626968 0.11061670
v -0.00539405 0.00765710 0.10840311
v -0.00507138 0.00643005 0.11032261
v -0.00446704 0.00213670 0.11358770
v -0.00448874 -0.00140270 0.11375791
v -0.00468405 0.00371821 0.11278591
v -0.00474329 0.00085915 0.11376087
v -0.00455626 -0.00205363 0.11355741
v -0.00477396 -0.00285298 0.11322720
v -0.00442466 -0.00014435 0.11393414
v -0.00515543 0.00717348 0.10927227
v -0.00482424 0.00595316 0.11095393
v -0.00451631 -0.00078075 0.11383515
v -0.00589529 0.00846341 0.10652397
v -0.00556299 0.00806620 0.10756123
v -0.00470668 0.00542039 0.11154136
v -0.00455382 0.00266444 0.11335028
v -0.00459542 0.00134602 0.11371692
v -0.00481491 0.00502706 0.11182089
v -0.00488639 0.00468531 0.11207540
v -0.00485736 -0.00441430 0.11228117
v -0.00471008 -0.00518226 0.11174730
v -0.00498835 -0.00577373 0.11109349
v -0.00498586 -0.00675197 0.10994427
v -0.00542071 -0.00770500 0.10831205
v -0.00567678 -0.00820593 0.10721062
v -0.00633141 -0.00884115 0.10533052
v -0.00736833 -0.00905199 0.10377126
v -0.00953559 -0.00870391 0.10240101
v -0.01049770 -0.00840170 0.10204705
v -0.01345067 -0.00803886 0.10413314
v -0.01162197 -0.00797967 0.10160034
v -0.01213182 -0.00771565 0.10152214
v -0.01388475 -0.00666537 0.10113288
v -0.01313079 -0.00716332 0.10128134
v -0.01461017 -0.00605999 0.10107347
v -0.01517456 -0.00549312 0.10105897
v -0.01562240 -0.00510234 0.10088369
v -0.01603467 -0.00462865 0.10081939
v -0.01692418 -0.00319128 0.10074819
v -0.01647455 -0.00381983 0.10103665
v -0.01721877 -0.00230253 0.10098830
v -0.01742023 -0.00187179 0.10072980
v -0.00748387 0.00902064 0.10375610
v -0.00829867 0.00896289 0.10308659
v -0.00773084 0.00905119 0.10340002
v -0.00645857 0.00887512 0.10511693
v 0.04398261 -0.00023475 0.13244116
v 0.04403417 -0.00141700 0.13275065
v 0.04375073 -0.00290209 0.13281713
v 0.04276359 -0.00597495 0.13397263
v 0.02924368 0.00185734 0.14730934
v 0.02964636 -0.00426439 0.14672491
v 0.03458604 -0.00988812 0.14246629
v 0.03034235 0.00585943 0.14615276
v 0.02997442 0.00494919 0.14654133
v 0.02907413 -0.00004720 0.14740408
v 0.02944978 -0.00318837 0.14706926
v 0.03044834 -0.00601333 0.14610157
v 0.04335477 0.00443890 0.13319138
v 0.02976417 0.00443443 0.14671271
v 0.02927425 0.00100552 0.14745240
v 0.02927247 -0.00221198 0.14725284
v 0.04404974 0.00138166 0.13276834
v 0.04383618 0.00265205 0.13284691
v 0.02958503 0.00322133 0.14712278
v 0.03025281 -0.00480851 0.14666307
v 0.03460689 0.00922065 0.14556989
v 0.02937181 -0.00112048 0.14745041
v 0.04320495 -0.00482604 0.13332934
v 0.02974344 -0.00506506 0.15093503
v 0.04060184 -0.01191683 0.14092727
v 0.04830649 -0.00081938 0.13261033
v 0.04817122 0.00269151 0.13292740
v 0.04655989 0.00754914 0.13400573
v 0.04633146 0.00814782 0.13441773
v 0.02997514 0.00599224 0.15059046
v 0.02929890 0.00272310 0.15146700
v 0.04768082 -0.00457141 0.13302196
v 0.04500748 -0.01011062 0.13560126
v 0.04399531 -0.01121603 0.13658527
v 0.03032197 0.00625875 0.15062318
v 0.04671211 -0.00749758 0.13418732
v 0.04291891 -0.01214231 0.13777763
v 0.02962607 0.00442715 0.15113120
v 0.04820861 0.00117637 0.13249763
v 0.04445109 -0.01091514 0.13653314
v 0.03782991 -0.01229909 0.14377005
v 0.03092371 0.00742161 0.15019170
v 0.03158457 0.00909286 0.14917635
v 0.04587005 0.00894869 0.13487646
v 0.04726619 0.00601121 0.13347022
v 0.04808567 -0.00246402 0.13262286
v 0.04727871 -0.00598791 0.13347005
v 0.02924428 0.00075782 0.15170157
v 0.02991990 0.00532393 0.15090859
v 0.03261401 0.01020010 0.14846187
v 0.03152340 -0.00896984 0.14925901
v 0.02943691 0.00173420 0.15165905
v 0.04775828 0.00457634 0.13320735
v 0.03110773 -0.00844312 0.14952406
v 0.04686248 0.00716522 0.13426596
v 0.02935754 -0.00091757 0.15173871
v 0.02924762 -0.00278087 0.15141807
v 0.02972316 -0.00337581 0.15138327
v 0.03025048 -0.00607195 0.15069927
v 0.03088137 -0.00770761 0.14998874
v 0.04200194 0.00667168 0.13498291
v -0.02322037 -0.00665189 0.09181488
v -0.01289322 -0.00839310 0.08127119
v -0.01445005 -0.00973132 0.08302640
v -0.01709756 -0.01060263 0.08556154
v -0.01788513 -0.01059059 0.08636042
v -0.01885693 -0.01044561 0.08727235
v -0.02628625 -0.00608079 0.09356972
v -0.02420580 -0.00430921 0.09285527
v -0.02307616 0.00744179 0.09131170
v -0.02010088 0.00992026 0.08858723
v -0.01826621 0.01051769 0.08685921
v -0.01663026 0.01054008 0.08519210
v -0.01530026 0.01018195 0.08360708
v -0.01236351 0.00780865 0.08091653
v -0.01208143 0.00744324 0.08066479
v -0.00996612 0.00039063 0.07841532
v -0.00996884 0.00147523 0.07860869
v -0.00996096 0.00057149 0.07808252
v -0.01395151 -0.00935548 0.08228187
v -0.01515443 -0.01008726 0.08364230
v -0.01607083 -0.01043161 0.08454212
v -0.01631756 -0.01083207 0.08438294
v -0.01930282 -0.01024308 0.08788533
v -0.02107103 -0.00937283 0.08944202
v -0.02002772 -0.01004915 0.08835634
v -0.02168996 -0.00871573 0.09022162
v -0.02388284 -0.00561516 0.09227588
v -0.02107257 0.00954685 0.08924585
v -0.01808109 0.01063278 0.08638605
v -0.01583142 0.01035254 0.08448037
v -0.01426470 0.00961379 0.08288126
v -0.01395205 0.00936987 0.08232083
v -0.01295898 0.00845346 0.08132646
v -0.01081339 0.00481605 0.07901153
v -0.01025222 0.00300777 0.07876652
v 0.03126583 0.00396880 0.15010485
v 0.03188374 -0.00317181 0.14929265
v 0.04571621 -0.00923712 0.13543985
v 0.04785752 -0.00376350 0.13337640
v 0.04404681 0.00864173 0.13776322
vn 0.32668573 -0.00752704 0.94510305
vn 0.03841694 0.64283699 0.76503905
vn -0.48650646 0.73044407 0.47933593
vn -0.46638867 0.74529764 0.47645885
vn -0.36810346 0.74326224 0.55862427
vn -0.43863248 0.77300671 0.45832540
vn -0.44052625 0.78137733 0.44202499
vn -0.34920629 0.77936894 0.52022977
vn -0.42570200 0.79948145 0.42380091
vn -0.32845852 0.81844758 0.47144307
vn -0.43073491 0.80123668 0.41531580
vn -0.42049610 0.64537683 0.63770822
vn -0.57074703 0.64086891 0.51335648
vn -0.58667395 0.62987918 0.50898517
vn -0.58126138 0.61073075 0.53772032
vn -0.61028283 -0.50582724 0.60966685
vn -0.53520341 -0.67706492 0.50511426
vn -0.45984319 -0.62758282 0.62823884
vn -0.48670600 -0.73447896 0.47292486
vn -0.29312916 -0.72716082 0.62073540
vn -0.47212773 -0.75128539 0.46115689
vn -0.43713873 -0.57703988 0.68988021
vn -0.44011968 -0.77576437 0.45219942
vn -0.27885319 -0.87561734 0.39437947
vn -0.63847621 -0.72374030 0.26181695
vn -0.64001962 -0.71176228 -0.28942936
vn 0.15670502 -0.06464894 -0.98552730
vn -0.31505470 0.92678902 0.20445694
vn -0.77035477 0.61560794 0.16607347
vn 0.42515974 0.41859160 -0.80250873
vn -0.72393612 0.02228891 -0.68950685
vn -0.39755259 0.02663604 -0.91719271
vn -0.29560126 0.08704812 -0.95133723
vn -0.64460337 0.71126361 -0.28034009
vn 0.90526147 -0.05688726 -0.42102911
vn 0.95015575 -0.06855858 -0.30414432
vn 0.90442958 -0.06451282 -0.42171701
vn 0.90450095 -0.06909539 -0.42083710
vn 0.90436335 -0.07420045 -0.42026327
vn 0.92463256 -0.01252241 -0.38065447
vn 0.92467000 -0.01316515 -0.38054180
vn 0.92470789 -0.01381444 -0.38042670
vn 0.90402468 -0.07989774 -0.41994730
vn 0.90976132 -0.04073310 -0.41312850
vn 0.92459430 -0.01189397 -0.38076754
vn 0.92474911 -0.01446144 -0.38030244
vn 0.92479152 -0.01511318 -0.38017396
vn 0.92483874 -0.01574971 -0.38003323
vn 0.92488616 -0.01640332 -0.37989014
vn 0.92494137 -0.01701260 -0.37972890
vn 0.92499137 -0.01768556 -0.37957632
vn 0.89386933 -0.07767351 -0.44154778
vn 0.92505077 -0.01829673 -0.37940255
vn 0.92510984 -0.01895241 -0.37922631
vn 0.92969430 -0.01545639 -0.36800763
vn 0.17817026 -0.98390228 -0.01384412
vn -0.32376834 0.35411975 -0.87736723
vn -0.44885648 -0.61184666 -0.65128452
vn -0.00467982 -0.99642134 0.08439563
vn -0.08452476 -0.99462771 -0.05976029
vn 0.28984261 -0.93883103 -0.18597733
vn 0.10006529 -0.95641412 -0.27433368
vn -0.63171541 -0.46812977 0.61789171
vn -0.73700792 -0.62508349 0.25707967
vn -0.21038153 0.94544649 0.24873792
vn -0.19023580 0.96999118 0.15141814
vn -0.72540215 0.04978455 0.68652256
vn -0.71231386 0.37155021 0.59544892
vn -0.87187685 -0.25038497 0.42087781
vn -0.75590543 0.25656276 0.60231431
vn -0.64635858 0.48003048 0.59311999
vn -0.70118411 0.42092554 0.57546723
vn 0.24961858 0.08875976 -0.96426774
vn 0.67662026 0.14237295 -0.72243682
vn 0.12446857 0.66222709 -0.73889300
vn 0.53091215 0.67420379 -0.51340193
vn 0.19712249 -0.09952111 -0.97531445
vn 0.68084472 -0.06246568 -0.72975921
vn 0.64241710 -0.03126922 -0.76571699
vn 0.58933252 -0.43359191 -0.68167825
vn 0.55158868 -0.52988521 -0.64418288
vn 0.61057262 -0.38475675 -0.69221624
vn 0.58268387 -0.38413132 -0.71618618
vn 0.35311515 -0.86147310 -0.36492984
vn 0.47028652 -0.79152389 -0.39028261
vn 0.35669519 -0.76763564 -0.53245100
vn 0.32582480 -0.88907163 -0.32154291
vn 0.33752447 -0.88496196 -0.32081077
vn 0.25355039 -0.84773166 -0.46590045
vn 0.30341568 -0.90480662 -0.29877066
vn 0.35274408 -0.82313291 -0.44499868
vn 0.41402737 -0.82557300 -0.38341956
vn 0.84927200 -0.46814746 -0.24407995
vn 0.37332035 -0.84016273 -0.39339358
vn 0.55903931 -0.63433627 -0.53394059
vn 0.40644778 -0.80357124 -0.43482579
vn 0.48474689 -0.76220625 -0.42902458
vn 0.46320610 -0.78054658 -0.41974652
vn 0.41443510 -0.79187928 -0.44852063
vn 0.52902878 -0.69388453 -0.48852104
vn 0.47937816 -0.70946239 -0.51658464
vn 0.56763344 -0.61859863 -0.54325686
vn 0.48610713 -0.68635228 -0.54094400
vn 0.60526536 -0.36334801 -0.70825989
vn 0.59277111 -0.56056550 -0.57826355
vn 0.58381714 -0.53220985 -0.61311518
vn 0.57441215 -0.60066891 -0.55610030
vn 0.55786789 -0.56433236 -0.60853300
vn 0.60635279 -0.53137680 -0.59158684
vn 0.66448975 -0.33309548 -0.66895499
vn 0.58520331 -0.48473050 -0.65005648
vn 0.46091005 -0.50713573 -0.72826868
vn 0.34541512 -0.85059026 -0.39646514
vn 0.59943748 -0.45534161 -0.65828469
vn 0.64898288 -0.31864252 -0.69086045
vn 0.62914772 -0.23354418 -0.74137053
vn 0.60855758 -0.33314529 -0.72018879
vn 0.64476856 -0.35562639 -0.67661169
vn 0.56058665 -0.36048062 -0.74551749
vn 0.66067678 -0.12337530 -0.74046251
vn 0.59951773 -0.32597193 -0.73097250
vn 0.61686578 -0.18950138 -0.76391481
vn 0.64792766 -0.24853272 -0.72001475
vn 0.66363973 -0.24877723 -0.70547303
vn 0.57575851 -0.23103939 -0.78429773
vn 0.66158948 -0.19870552 -0.72305980
vn 0.65420435 -0.14799184 -0.74169743
vn 0.62091312 -0.05910098 -0.78164824
vn 0.64432729 0.09732997 -0.75853096
vn 0.69015699 0.02142840 -0.72334235
vn 0.68121391 -0.00779751 -0.73204290
vn 0.58270311 0.36619838 -0.72550385
vn 0.67176309 -0.05392269 -0.73880085
vn 0.62101744 0.06871182 -0.78077911
vn 0.66538996 0.04523117 -0.74512438
vn 0.66203074 0.04025436 -0.74839487
vn 0.68320300 0.04041963 -0.72910899
vn 0.68297944 0.00688007 -0.73040519
vn 0.62651538 0.04099485 -0.77833020
vn 0.67339576 -0.04718655 -0.73777475
vn 0.64363089 0.21334905 -0.73499759
vn 0.64165131 0.18415979 -0.74455944
vn 0.67725490 0.18986031 -0.71082970
vn 0.62547082 0.28614816 -0.72588255
vn 0.63263335 0.08694013 -0.76955602
vn 0.62607098 0.24239241 -0.74113497
vn 0.64534972 0.27898994 -0.71111768
vn 0.56597770 0.46495636 -0.68079720
vn 0.62531056 0.30872973 -0.71670960
vn 0.63572818 0.38192156 -0.67080967
vn 0.65084932 0.34619591 -0.67568007
vn 0.59919936 0.35391944 -0.71812336
vn 0.64655383 0.35884030 -0.67320263
vn 0.54027116 0.40140258 -0.73958302
vn 0.53803451 0.42363390 -0.72873396
vn 0.43949799 0.67270260 -0.59524174
vn 0.62364109 -0.19219189 -0.75771635
vn 0.57226135 0.51269444 -0.64004793
vn 0.57368740 0.33510736 -0.74738599
vn 0.67849454 0.29156391 -0.67426674
vn 0.58679545 0.47179431 -0.65808907
vn 0.35186602 0.83263576 -0.42767744
vn 0.60458653 0.54089558 -0.58472823
vn 0.46439699 0.62626885 -0.62619706
vn 0.62611785 0.50303765 -0.59575964
vn 0.49018637 0.63051094 -0.60180834
vn 0.62868724 0.47391199 -0.61657098
vn 0.53958227 0.62946827 -0.55912491
vn 0.56076122 0.63221392 -0.53465167
vn 0.54739323 0.61278079 -0.56996522
vn 0.65546264 0.40952930 -0.63455061
vn 0.49697281 0.69363401 -0.52143062
vn 0.53817725 0.68530628 -0.49063280
vn 0.52149146 0.68666174 -0.50650006
vn 0.52578012 0.65322947 -0.54483624
vn 0.52363664 0.68147784 -0.51126570
vn 0.48009307 0.70591810 -0.52075934
vn 0.50914757 0.67981772 -0.52784148
vn 0.48769417 0.75614584 -0.43634604
vn 0.47150764 0.70102466 -0.53501866
vn 0.51064275 0.71986006 -0.47015474
vn 0.53251052 0.70432109 -0.46942981
vn 0.36606533 0.83921277 -0.40214188
vn 0.40574476 0.77894396 -0.47813962
vn 0.45509457 0.76912321 -0.44870750
vn 0.38711152 0.82274634 -0.41621284
vn 0.41861984 0.85175504 -0.31507266
vn 0.39961392 0.81448684 -0.42061848
vn 0.48669114 0.78309946 -0.38715238
vn 0.32857671 0.87802333 -0.34801203
vn 0.59127057 0.60262614 -0.53594856
vn 0.37702218 0.84736346 -0.37393776
vn 0.42038253 0.73999324 -0.52506051
vn 0.37306898 0.85091585 -0.36981314
vn 0.29838493 0.85381628 -0.42657260
vn 0.37360720 0.85082217 -0.36948518
vn 0.33930872 0.84714115 -0.40892721
vn 0.32352533 0.88877234 -0.32467690
vn 0.62879803 0.48249839 -0.60976089
vn 0.37405689 0.84698144 -0.37776167
vn 0.32098624 0.88440084 -0.33882590
vn 0.29097581 0.92965325 -0.22600422
vn 0.42975392 0.81284415 -0.39318691
vn 0.39013503 0.80290801 -0.45070321
vn 0.40135202 0.79116886 -0.46148497
vn 0.39716144 0.84326075 -0.36217965
vn 0.30084613 0.76030671 -0.57569550
vn 0.44509994 0.77609491 -0.44672445
vn 0.31223482 0.79503384 -0.52002943
vn 0.47759485 0.76216026 -0.43705251
vn 0.39013417 0.74034270 -0.54743769
vn 0.44002281 0.79589886 -0.41584244
vn 0.31040192 0.74267451 -0.59336769
vn 0.47920860 0.76259060 -0.43452813
vn 0.52809722 0.66028864 -0.53397775
vn 0.58991086 0.58902569 -0.55231686
vn 0.53828949 0.66081518 -0.52303702
vn 0.57277589 0.67369775 -0.46696801
vn 0.54014739 0.65641655 -0.52664799
vn 0.65258102 0.46723457 -0.59651477
vn 0.51327620 0.62545049 -0.58767272
vn 0.55780924 0.48557726 -0.67309998
vn 0.62009543 0.51587615 -0.59106129
vn 0.57728539 0.44894322 -0.68204954
vn 0.59819463 0.58910267 -0.54325061
vn 0.66306634 0.56384496 -0.49236358
vn 0.61619589 0.55661445 -0.55720999
vn 0.64160788 0.39238295 -0.65907128
vn 0.17404448 0.33220812 -0.92700932
vn 0.62427471 0.50915110 -0.59249156
vn 0.14229909 0.46439692 -0.87412040
vn 0.64067119 0.46558821 -0.61054733
vn 0.66208790 0.37431829 -0.64924990
vn 0.76867521 0.10172442 -0.63149867
vn 0.15909756 0.31367217 -0.93610776
vn 0.67541320 0.34863315 -0.64982454
vn 0.16675741 0.27423648 -0.94709362
vn 0.63799253 0.38335743 -0.66783427
vn 0.64446953 0.52863917 -0.55244878
vn 0.34658049 0.16970511 -0.92254113
vn 0.73208788 0.36992571 -0.57201600
vn 0.17522153 0.25409673 -0.95117415
vn 0.73023656 0.31029387 -0.60866434
vn -0.42545927 -0.05017539 -0.90358555
vn 0.87022629 -0.39722852 0.29140299
vn 0.74190578 0.12021852 -0.65963878
vn 0.72503380 0.06195094 -0.68592132
vn -0.40467618 0.84295439 0.35449272
vn -0.31969840 0.87137302 0.37215855
vn -0.34722120 0.88075721 0.32203133
vn -0.32796058 0.88650103 0.32643190
vn -0.35790360 0.86241955 0.35796302
vn -0.30699006 0.89612265 0.32050164
vn -0.35726895 0.86275914 0.35777864
vn -0.41669434 0.84162718 0.34355423
vn -0.44033054 0.82917543 0.34435030
vn -0.55780876 0.58037743 0.59330551
vn -0.43775456 0.79586583 0.41829239
vn -0.39628262 0.80103159 0.44867412
vn -0.43566582 0.81244446 0.38746521
vn -0.57232139 0.55470937 0.60394184
vn -0.53293590 0.69904490 0.47677621
vn -0.45441720 0.73470584 0.50369866
vn -0.53091766 0.67255243 0.51555764
vn -0.51859340 0.70250983 0.48738160
vn -0.52969035 0.63106214 0.56673513
vn -0.51464102 0.71650280 0.47092288
vn -0.53945210 0.61819175 0.57169082
vn -0.64035741 0.50549377 0.57828923
vn -0.58476892 0.53983297 0.60549622
vn -0.62912685 0.45188119 0.63245774
vn -0.67088208 0.39671322 0.62652682
vn -0.61697378 0.47998653 0.62366360
vn -0.67232405 0.41492070 0.61304257
vn -0.61396787 0.49594190 0.61407254
vn -0.67220443 0.49895214 0.54698077
vn -0.61180634 0.50184873 0.61142526
vn -0.65425563 0.56779401 0.49955934
vn -0.66241924 0.48712432 0.56913149
vn -0.78669622 -0.00557747 0.61731512
vn -0.67809188 0.39425735 0.62028425
vn -0.76412378 0.37046030 0.52808524
vn -0.70545698 0.32531856 0.62968110
vn -0.52744703 0.80530621 0.27070564
vn -0.70018651 0.39276833 0.59621463
vn -0.97856969 0.17840448 0.10282610
vn -0.78045073 0.11388288 0.61475796
vn -0.71385041 0.19922653 0.67136159
vn -0.80144347 0.21529380 0.55797576
vn -0.71669005 0.16018251 0.67874659
vn -0.78443279 0.07587244 0.61555549
vn -0.73768585 0.00869107 0.67508819
vn -0.73812320 0.02947890 0.67402161
vn -0.78728491 0.04378035 0.61503313
vn -0.71155888 0.21238948 0.66975717
vn -0.79801755 0.08388384 0.59676754
vn -0.73448014 0.07886765 0.67403176
vn -0.76169926 0.10793895 0.63887669
vn -0.80205040 -0.03777376 0.59606064
vn -0.78392352 0.29569197 0.54592140
vn -0.80842876 -0.05871497 0.58565817
vn -0.69370241 -0.43492724 0.57412130
vn -0.80416203 -0.11326606 0.58351884
vn -0.79611316 -0.08418999 0.59926278
vn -0.78101728 -0.29519542 0.55033778
vn -0.71109619 -0.16764586 0.68281555
vn -0.78080249 -0.11279371 0.61451205
vn -0.72422370 -0.21537203 0.65506863
vn -0.75746532 -0.26589758 0.59627575
vn -0.69948945 -0.25665268 0.66696621
vn -0.77639334 -0.20192643 0.59702521
vn -0.68186377 -0.23353636 0.69319735
vn -0.67955148 -0.44021425 0.58687409
vn -0.69643241 -0.34492474 0.62929232
vn -0.72043477 -0.35356823 0.59662656
vn -0.76317282 -0.32514641 0.55843268
vn -0.68723286 -0.39190215 0.61165652
vn -0.63738629 -0.46382687 0.61530752
vn -0.66405821 -0.39866326 0.63253008
vn -0.69086950 -0.37767114 0.61649318
vn -0.63751931 -0.47401241 0.60735605
vn -0.67218207 -0.46540422 0.57582131
vn -0.71198087 -0.24567504 0.65781990
vn -0.69942526 -0.49724418 0.51337368
vn -0.62340269 -0.48053740 0.61680863
vn -0.62261287 -0.47910499 0.61871773
vn -0.62448858 -0.47289004 0.62160199
vn -0.67979151 -0.38605787 0.62357264
vn -0.63651359 -0.56141133 0.52883623
vn -0.60914815 -0.48447249 0.62787334
vn -0.54740203 -0.68954196 0.47421820
vn -0.58256639 -0.54679567 0.60135755
vn -0.70698055 -0.41035282 0.57601134
vn -0.57972340 -0.54070687 0.60955464
vn -0.55854075 -0.64798215 0.51783333
vn -0.56692664 -0.57217990 0.59262496
vn -0.58582225 -0.58339789 0.56254706
vn -0.49673231 -0.64392255 0.58191130
vn -0.52227926 -0.66025845 0.53970655
vn -0.57696208 -0.63150046 0.51799799
vn -0.52555004 -0.66626676 0.52904231
vn -0.46711792 -0.77124629 0.43241185
vn -0.49833277 -0.70402946 0.50597130
vn -0.55781436 -0.66444641 0.49734708
vn -0.52296382 -0.63090324 0.57312297
vn -0.46083388 -0.77761485 0.42772336
vn -0.38701990 -0.78831450 0.47830518
vn -0.51166035 -0.71611427 0.47474628
vn -0.44931997 -0.72735239 0.51871964
vn -0.46650688 -0.70485958 0.53436346
vn -0.46217719 -0.78041942 0.42111491
vn -0.50587851 -0.73416486 0.45286741
vn -0.42944785 -0.78437719 0.44757901
vn -0.37890934 -0.81408717 0.44010203
vn -0.41913356 -0.81999377 0.38979132
vn -0.42072436 -0.81304254 0.40243366
vn -0.32119255 -0.86561197 0.38412403
vn -0.44061487 -0.83207646 0.33690844
vn -0.31565668 -0.89732861 0.30848376
vn -0.34430971 -0.87349033 0.34418812
vn -0.39915819 -0.79731434 0.45272793
vn -0.35784222 -0.86809485 0.34403527
vn -0.40682448 -0.84452938 0.34822978
vn -0.35434819 -0.85557211 0.37740393
vn -0.41809156 -0.84212654 0.34062051
vn -0.49424895 -0.68645658 0.53338104
vn -0.65931405 -0.46298434 0.59241074
vn -0.48644895 -0.76305297 0.42557912
vn -0.50696645 -0.63611425 0.58167318
vn -0.52220828 -0.71016507 0.47219073
vn -0.44717677 -0.73845335 0.50469751
vn -0.53275685 -0.70908539 0.46191779
vn -0.41735077 -0.78646672 0.45528938
vn -0.50488180 -0.76870491 0.39266669
vn -0.47284794 -0.71478451 0.51526491
vn -0.53149537 -0.69255927 0.48772362
vn -0.89231319 -0.41910038 -0.16772610
vn -0.18479824 -0.95704435 0.22341829
vn -0.54005201 -0.68527630 0.48861050
vn -0.43495284 -0.72686761 0.53148800
vn -0.77713724 -0.29974085 0.55336528
vn -0.61274906 -0.38116395 0.69228075
vn -0.68500331 -0.34802211 0.64003991
vn -0.49001303 -0.69187538 0.53027887
vn -0.67419828 -0.35159180 0.64949202
vn -0.69820111 -0.34264134 0.62857945
vn -0.72038845 -0.23047984 0.65415558
vn -0.60750793 -0.42629339 0.67022985
vn -0.70763874 -0.23156568 0.66755131
vn -0.58700751 -0.36932755 0.72042997
vn -0.77142072 -0.27383484 0.57439060
vn -0.60822343 -0.16237290 0.77698089
vn -0.82077508 -0.18093745 0.54183937
vn -0.61818962 -0.19903003 0.76041347
vn -0.75371472 -0.22728784 0.61664767
vn -0.60803768 -0.01052028 0.79383846
vn -0.70780771 -0.10951282 0.69786473
vn -0.52888650 0.46986092 0.70676006
vn -0.74028983 -0.09826369 0.66506782
vn -0.66121173 -0.10372121 0.74299459
vn -0.77322197 -0.06453536 0.63084306
vn -0.71980089 -0.11324397 0.68488136
vn -0.59596595 -0.25027435 0.76301202
vn -0.33331751 -0.45842430 0.82386079
vn -0.72637273 -0.31509398 0.61081784
vn -0.65895312 0.12225871 0.74218165
vn 0.20877533 0.93308859 -0.29284561
vn -0.26684165 0.89884474 0.34766890
vn -0.04843795 0.99794882 -0.04185590
vn -0.32362982 0.83246718 0.44973562
vn 0.06379362 0.98849682 -0.13712920
vn 0.22267857 0.96532656 -0.13623101
vn -0.03549058 0.99915215 -0.02086639
vn 0.17939296 0.98352067 -0.02247802
vn 0.03409847 0.99275574 -0.11520997
vn 0.04426278 0.99264290 -0.11269822
vn 0.24895591 0.96526432 -0.07928273
vn 0.12998679 0.98904715 -0.06992263
vn 0.22432918 0.95954534 -0.17014454
vn 0.18870905 0.94575039 -0.26447134
vn 0.27759996 0.90454787 -0.32362234
vn 0.24314950 0.90255125 -0.35535834
vn 0.23437935 0.95519356 -0.18075280
vn 0.38871553 0.85485614 -0.34368768
vn 0.18979790 0.95718453 -0.21857385
vn 0.27290114 0.94026254 -0.20354685
vn 0.05335137 0.98717749 -0.15044676
vn 0.22914773 0.91838893 -0.32257261
vn -0.05162547 0.97594492 0.21181671
vn 0.23390904 0.91297887 -0.33429950
vn 0.29327991 0.91676946 -0.27114691
vn 0.40976979 0.85006672 -0.33087050
vn 0.57328233 0.52634719 -0.62793790
vn 0.69080342 0.24811048 -0.67914051
vn 0.50638905 0.60239762 -0.61699857
vn 0.55398839 0.55273922 -0.62255620
vn 0.68810501 0.18416419 -0.70185115
vn 0.16275289 0.70198535 -0.69334556
vn 0.56786646 0.56218229 -0.60123104
vn 0.46170572 0.62198014 -0.63243065
vn 0.53531683 0.60028955 -0.59421238
vn -0.63042344 0.66066800 0.40753415
vn -0.55949803 0.62379685 0.54574668
vn -0.62134208 0.49604749 0.60652363
vn -0.77709474 -0.04281842 0.62792543
vn -0.30069771 0.93108202 0.20656032
vn -0.33310413 0.86509751 0.37503058
vn -0.39569035 0.85734031 0.32923660
vn -0.21186457 0.94664473 0.24285214
vn -0.27060104 0.91543679 0.29791034
vn -0.34475930 0.90531767 0.24807447
vn -0.25079981 0.91422932 0.31825180
vn -0.26988805 0.93374727 0.23510949
vn -0.21900626 0.96460394 0.14688601
vn -0.10777146 0.99409215 0.01288826
vn 0.15663004 0.98753316 0.01566192
vn -0.21744525 0.91137929 0.34943577
vn -0.18728860 0.96432588 0.18707906
vn -0.12339530 0.97482745 0.18570149
vn -0.12428859 0.92087462 0.36951628
vn -0.11165198 0.99133499 0.06920098
vn -0.05709398 0.99027906 0.12683713
vn -0.12524161 0.99048198 0.05709630
vn 0.20014334 0.97031510 -0.13576175
vn 0.11890616 0.99157088 -0.05146375
vn -0.07835772 -0.99631895 -0.03476511
vn -0.05930296 -0.99467179 0.08432790
vn -0.40382099 -0.85509939 0.32516710
vn -0.03885836 -0.97317087 0.22677847
vn -0.05442532 -0.99812832 -0.02788805
vn -0.02646105 -0.99932296 0.02556238
vn -0.04156222 -0.99905267 0.01289762
vn -0.11705000 -0.98576560 0.12068749
vn 0.05721798 -0.99831273 0.00988935
vn -0.13812894 -0.98840496 0.06305573
vn -0.08189016 -0.99143499 0.10173822
vn -0.07803939 -0.98679274 0.14195051
vn -0.16334977 -0.97035671 0.17811430
vn -0.14830510 -0.98779903 0.04752548
vn -0.08350491 -0.99550859 -0.04460475
vn 0.11024092 -0.99372063 0.01913776
vn -0.24494335 -0.96449234 0.09877897
vn -0.17980744 -0.95110603 0.25113067
vn -0.24129895 -0.91180722 0.33223850
vn -0.34496758 -0.91215023 0.22131275
vn -0.30881010 -0.87518940 0.37239741
vn -0.29788415 -0.91848437 0.26009901
vn -0.26739850 -0.89908321 0.34662289
vn -0.31591342 -0.92226507 0.22276858
vn -0.29590885 -0.88220480 0.36626854
vn -0.24751144 -0.90665666 0.34163108
vn -0.28420554 -0.93784013 0.19920618
vn 0.45306017 -0.58145984 -0.67575212
vn 0.54059403 -0.59836504 -0.59136906
vn 0.57635559 -0.53984791 -0.61349692
vn 0.57886841 -0.52767926 -0.62166387
vn 0.52729297 -0.57215955 -0.62816842
vn 0.26303985 -0.90687467 -0.32922389
vn 0.55514568 -0.68801515 -0.46738466
vn 0.18595464 -0.95674452 -0.22374270
vn 0.33976220 -0.88670989 -0.31353981
vn 0.18449678 -0.91741181 -0.35258547
vn 0.29664012 -0.92085447 -0.25304481
vn 0.13627354 -0.98339846 -0.11982066
vn 0.17275712 -0.92925053 -0.32657071
vn 0.24523574 -0.95400886 -0.17241382
vn 0.14387726 -0.95032670 -0.27600453
vn 0.18393786 -0.98113561 -0.05949610
vn 0.08840739 -0.98666372 -0.13667052
vn 0.12053439 -0.98830389 -0.09341773
vn 0.02995244 -0.98398542 -0.17571437
vn 0.11344595 -0.98984462 -0.08566006
vn 0.17098730 -0.97810168 -0.11866101
vn 0.29717943 -0.95167519 0.07745140
vn 0.30556487 -0.85955120 -0.40963624
vn 0.49747889 -0.80020777 -0.33493622
vn 0.21178366 0.92905029 -0.30333684
vn -0.65812350 -0.02679777 0.75243295
vn -0.34081474 -0.03242670 -0.93957108
vn -0.75776448 -0.10606869 -0.64384969
vn -0.37209438 0.02005983 -0.92797811
vn -0.37245790 0.01967236 -0.92784056
vn -0.37280360 0.01929905 -0.92770956
vn -0.37313014 0.01897442 -0.92758497
vn -0.35708590 0.01768138 -0.93390419
vn -0.46008782 -0.10113713 -0.88209437
vn 0.91939284 0.01929042 -0.39286726
vn 0.92132264 0.01802240 -0.38838098
vn 0.93451990 0.02108965 -0.35528549
vn 0.58207535 -0.64175641 -0.49933656
vn 0.92474217 0.01430843 -0.38032511
vn 0.92470193 0.01366215 -0.38044669
vn 0.92466585 0.01300586 -0.38055736
vn 0.92508838 0.01324456 -0.37952085
vn 0.92483106 0.01559424 -0.38005831
vn 0.92478671 0.01494487 -0.38019231
vn 0.91688076 0.06785142 -0.39335208
vn 0.91678282 0.06537415 -0.39399935
vn 0.91616828 0.06308037 -0.39579862
vn 0.24922235 0.02878500 0.96801841
vn 0.36128296 0.00111915 0.93245556
vn 0.31948290 0.05806567 0.94581132
vn 0.36501649 0.00040457 0.93100096
vn 0.31891483 -0.05854677 0.94597336
vn 0.33166640 0.00082372 0.94339637
vn 0.32668409 -0.00772432 0.94510203
vn 0.32650009 -0.00492506 0.94518434
vn 0.32441587 -0.00231741 0.94591171
vn 0.36136365 0.00188952 0.93242305
vn 0.36140156 0.00267837 0.93240642
vn 0.36153354 0.00344489 0.93235274
vn 0.32770981 -0.01610811 0.94464110
vn 0.32727663 -0.01331387 0.94483477
vn 0.32693602 -0.01052146 0.94498790
vn 0.36163990 0.00422601 0.93230828
vn 0.36183681 0.00497197 0.93222819
vn 0.36197794 0.00575655 0.93216889
vn 0.32961278 -0.02440989 0.94380060
vn 0.32888380 -0.02164964 0.94412220
vn 0.32827157 -0.01887487 0.94439479
vn 0.36220318 0.00650565 0.93207646
vn 0.36245970 0.00724566 0.93197128
vn 0.36275070 0.00796664 0.93185217
vn 0.33238241 -0.03017955 0.94266173
vn 0.36300024 0.00873307 0.93174812
vn 0.36335738 0.00942286 0.93160218
vn 0.36371446 0.01012713 0.93145544
vn 0.36406301 0.01085320 0.93131108
vn 0.36448193 0.01151807 0.93113923
vn 0.36493661 0.01215994 0.93095296
vn 0.36538133 0.01283470 0.93076944
vn 0.36587139 0.01346446 0.93056802
vn 0.32820637 0.02553133 0.94426094
vn 0.29665334 0.20936196 0.93175338
vn 0.42791975 -0.05024130 0.90241925
vn -0.89075299 0.07606483 0.44807728
vn -0.91922314 -0.01761495 0.39334277
vn -0.93478723 -0.02150257 0.35455672
vn -0.91902981 -0.04069250 0.39208204
vn -0.92005178 -0.04473066 0.38923501
vn -0.95048655 0.08249595 0.29961598
vn -0.91658808 0.05889907 0.39547084
vn -0.91647539 0.05627012 0.39611430
vn -0.91348954 0.05034018 0.40373595
vn -0.92013559 -0.04657929 0.38881983
vn -0.92023387 -0.04837620 0.38836757
vn -0.92048669 -0.05054753 0.38749090
vn -0.91564175 0.07248550 0.39540617
vn -0.91665148 0.06141066 0.39494150
vn -0.92612425 -0.01262582 0.37700725
vn -0.92509547 -0.01893372 0.37926230
vn -0.04355190 -0.99883206 -0.02092263
vn 0.12439493 -0.98230269 -0.14002620
vn 0.02608930 -0.99748844 -0.06584950
vn -0.04223367 -0.99338541 0.10677891
vn 0.00301639 -0.99997020 -0.00710629
vn 0.02796430 -0.99954859 0.01098220
vn -0.00710587 -0.99997020 -0.00301631
vn -0.02086827 -0.99975527 0.00734277
vn -0.06561427 0.99745972 -0.02772872
vn 0.03994925 0.99008200 0.13469108
vn 0.03121590 0.99681553 -0.07337822
vn -0.40270399 0.88277689 0.24193896
vn -0.06996550 0.99741830 0.01617271
vn 0.08611027 0.99583095 0.03009560
vn -0.00710554 0.99997021 -0.00301616
vn -0.01205296 0.99952412 0.02839475
vn 0.00301629 0.99997020 -0.00710597
vn 0.02088317 0.99967013 -0.01495100
vn 0.03753755 0.99865875 0.03565985
vn 0.25201974 -0.91392392 -0.31816522
vn 0.28540095 -0.95770175 0.03679216
vn 0.64516749 0.33279297 -0.68775559
vn 0.76735214 0.23673636 -0.59592499
vn 0.67449813 -0.32923060 -0.66080215
vn 0.66668752 -0.25936846 -0.69875300
vn 0.82141920 -0.26775741 -0.50356377
vn 0.71710646 -0.36246603 -0.59529548
vn 0.57296043 -0.56946012 -0.58943322
vn 0.60473253 -0.52995924 -0.59450969
vn 0.64513984 -0.55290624 -0.52734171
vn 0.61513857 -0.50953933 -0.60164293
vn 0.68824157 -0.50377735 -0.52204590
vn 0.60314320 -0.51069193 -0.61270876
vn 0.69085770 -0.49164822 -0.53009214
vn 0.62721874 -0.47664847 -0.61595689
vn 0.66723739 -0.47174632 -0.57641102
vn 0.61913978 -0.47447955 -0.62572764
vn 0.66247375 -0.45380200 -0.59598010
vn 0.63791718 -0.44476610 -0.62868497
vn 0.67234130 -0.42719226 -0.60453614
vn 0.64717346 -0.42258826 -0.63449640
vn 0.69092672 -0.40773969 -0.59696617
vn 0.62071561 -0.43454556 -0.65259657
vn 0.73046516 -0.38286095 -0.56554235
vn 0.65697936 -0.38742807 -0.64674386
vn 0.65836618 -0.35913867 -0.66149330
vn 0.72857079 -0.19272125 -0.65729987
vn 0.59142955 -0.56140718 -0.57882041
vn 0.57939861 -0.58266183 -0.56991442
vn 0.64203868 -0.58394683 -0.49678209
vn 0.57043168 -0.59932376 -0.56162151
vn 0.64810205 -0.59987159 -0.46916714
vn 0.56544586 -0.61063406 -0.55443397
vn 0.66336044 -0.61534744 -0.42579392
vn 0.53627960 -0.64466734 -0.54480107
vn 0.68153278 -0.62675163 -0.37775053
vn 0.54978724 -0.64033572 -0.53638061
vn 0.67719315 -0.63570117 -0.37053132
vn 0.53681993 -0.65934146 -0.52639643
vn 0.65792694 -0.65562917 -0.37051658
vn 0.51062179 -0.68838365 -0.51516340
vn 0.64464908 -0.67236458 -0.36380411
vn 0.36465513 -0.85767809 -0.36251196
vn 0.52036450 -0.68670899 -0.50759389
vn 0.36266135 -0.86128040 -0.35591125
vn 0.50337477 -0.70759841 -0.49590153
vn 0.55408157 -0.70392171 -0.44439604
vn 0.45922784 -0.74876146 -0.47798125
vn 0.45946453 -0.75756257 -0.46367154
vn 0.43822808 -0.78783338 -0.43275248
vn 0.43749542 -0.80855727 -0.39348810
vn 0.42218244 -0.79069852 -0.44334844
vn 0.42574782 -0.82889134 -0.36287455
vn 0.35961187 -0.87244340 -0.33094081
vn 0.40597832 -0.84680440 -0.34366251
vn 0.48246711 -0.78707655 -0.38436440
vn 0.43016229 -0.81401724 -0.39030288
vn 0.43428355 -0.80718216 -0.39981840
vn 0.34329206 -0.89860327 -0.27324480
vn 0.41037031 -0.82224648 -0.39434368
vn 0.37797646 -0.83572070 -0.39837759
vn 0.43629456 -0.79381096 -0.42368764
vn 0.33132244 -0.91008090 -0.24895419
vn 0.31222932 -0.91237943 -0.26471990
vn 0.42018495 -0.84147082 -0.33966376
vn 0.55853375 -0.76679495 -0.31633140
vn 0.37897821 -0.88136247 -0.28209167
vn 0.38188090 -0.91374911 -0.13867064
vn 0.38028588 -0.87504368 -0.29946821
vn 0.37750582 -0.92264928 -0.07878877
vn 0.37993706 -0.87751581 -0.29259843
vn 0.06655259 -0.99489598 0.07584689
vn 0.29964866 -0.92487429 -0.23413292
vn 0.28533619 -0.92633907 -0.24592517
vn 0.29027107 -0.92087568 -0.26025121
vn 0.26667404 -0.93548427 -0.23184940
vn 0.38459128 -0.92302122 0.01101659
vn 0.26640740 -0.94521970 -0.18864467
vn 0.34732895 -0.93769614 0.00940971
vn 0.24666158 -0.95425945 -0.16895849
vn 0.26096498 -0.96360900 -0.05792216
vn 0.24969127 -0.96573557 -0.07077478
vn 0.03976983 -0.96075080 0.27454738
vn 0.13602375 -0.98543504 0.10205550
vn -0.00693343 -0.99827308 0.05833344
vn 0.00790772 -0.99970996 0.02274798
vn -0.02119063 -0.99723583 0.07121553
vn 0.13377153 -0.97812288 0.15931355
vn -0.02559771 -0.99221687 0.12186237
vn -0.01493412 -0.99834650 0.05550881
vn -0.03786952 -0.98709556 0.15559003
vn -0.03173343 -0.99595371 0.08407856
vn -0.06428046 -0.98289557 0.17258132
vn -0.04885242 -0.99445015 0.09317909
vn -0.09441360 -0.98200179 0.16358045
vn -0.03458347 -0.98747106 0.15396392
vn -0.10848195 -0.97995168 0.16711185
vn -0.16321024 -0.94978641 0.26696102
vn -0.11884239 -0.97130855 0.20600046
vn -0.05554740 -0.98811583 0.14332336
vn -0.15136937 -0.96624700 0.20845634
vn -0.13213336 -0.97698702 0.16744297
vn -0.09008687 -0.93498550 0.34305461
vn -0.12708138 -0.97100107 0.20250247
vn -0.12610753 -0.92020180 0.37057460
vn -0.24502532 -0.90592799 0.34533617
vn -0.15280845 -0.91747538 0.36727169
vn -0.10850477 -0.96799944 0.22628256
vn -0.18633911 -0.91740858 0.35162370
vn -0.16508632 -0.94906011 0.26838668
vn -0.22977796 -0.91998884 0.31752578
vn -0.18398517 -0.95270022 0.24189202
vn -0.24413415 -0.91785711 0.31294863
vn -0.21687597 -0.93449712 0.28227635
vn -0.24569464 -0.89897478 0.36259963
vn -0.24679386 -0.92421334 0.29141464
vn -0.25980331 -0.88354743 0.38967446
vn -0.25137886 -0.91836897 0.30562575
vn -0.28930268 -0.87531592 0.38746096
vn -0.28599023 -0.90121110 0.32561963
vn -0.32639462 -0.87200225 0.36479943
vn -0.45884226 -0.50979221 0.72771951
vn -0.27782294 -0.84148057 0.46338414
vn -0.16732689 -0.95143932 0.25838912
vn -0.29964918 -0.81842769 0.49029225
vn -0.34826535 -0.85901364 0.37524234
vn -0.32655813 -0.80891216 0.48889765
vn -0.36378801 -0.84745133 0.38663229
vn -0.35695514 -0.80215509 0.47867550
vn -0.40573935 -0.78143799 0.47405721
vn -0.39022848 -0.79813461 0.45902383
vn -0.32256090 -0.85308350 0.41012560
vn -0.39832646 -0.78590766 0.47295368
vn -0.39841405 -0.70747103 0.58373881
vn -0.42686104 -0.76870888 0.47631535
vn 0.65280126 -0.75479400 -0.06431594
vn -0.01086264 -0.99783604 0.06484777
vn -0.46139301 -0.76158818 0.45508234
vn -0.42900371 -0.77433028 0.46515421
vn -0.46091696 -0.74445583 0.48305391
vn -0.51384292 -0.68597576 0.51517250
vn -0.48520605 -0.68419013 0.54448045
vn -0.42986868 -0.77296921 0.46661710
vn -0.47476738 -0.72526698 0.49858173
vn -0.47795567 -0.69149077 0.54166308
vn -0.53903236 -0.65335089 0.53157947
vn -0.41477343 -0.78632198 0.45788726
vn -0.51273900 -0.67007126 0.53675248
vn -0.48109670 -0.71573366 0.50623245
vn -0.44658376 -0.69822723 0.55950128
vn -0.41443366 -0.79663472 0.44002030
vn 0.15216590 -0.59586779 0.78853479
vn -0.53671496 -0.63106792 0.56008064
vn -0.47768869 -0.65155244 0.58931565
vn -0.57051953 -0.61611424 0.54305682
vn -0.28950272 -0.90452511 0.31308544
vn -0.55922265 -0.59039555 0.58198206
vn -0.52077449 -0.59649668 0.61072550
vn -0.59944070 -0.57690804 0.55484048
vn -0.50608045 -0.57985957 0.63847119
vn -0.58018478 -0.54808757 0.60248289
vn -0.64948017 -0.18322505 0.73797296
vn -0.62555381 -0.53565452 0.56723599
vn -0.50610745 -0.55328388 0.66161332
vn -0.59956581 -0.50438686 0.62138131
vn -0.49808017 -0.50415265 0.70551134
vn -0.64875644 -0.49235172 0.58026275
vn -0.51659493 -0.48838868 0.70328243
vn -0.61728181 -0.45928832 0.63876240
vn -0.57528207 -0.41175530 0.70675888
vn -0.66863456 -0.44716520 0.59411371
vn -0.50375112 -0.61779183 0.60379472
vn -0.63332890 -0.41300880 0.65446026
vn -0.57598311 -0.41483707 0.70438176
vn -0.68503028 -0.40022417 0.60873157
vn -0.61547700 -0.39316967 0.68308541
vn -0.64763696 -0.36560935 0.66850293
vn -0.63277863 -0.36850373 0.68102585
vn -0.69763746 -0.35176267 0.62415142
vn -0.61891654 -0.34375467 0.70624007
vn -0.66016815 -0.31722996 0.68084005
vn -0.62168846 -0.31931296 0.71522213
vn -0.70626310 -0.30201430 0.64029665
vn -0.34673693 -0.29285100 0.89107339
vn -0.63506458 -0.34409287 0.69158736
vn -0.67090536 -0.26804148 0.69140419
vn -0.61614851 -0.25829267 0.74407386
vn -0.71076519 -0.25120095 0.65704713
vn -0.62498565 -0.23594009 0.74412715
vn -0.67981513 -0.21812623 0.70019450
vn -0.66423715 -0.20700394 0.71828850
vn -0.71102723 -0.19964244 0.67422784
vn -0.65181129 -0.17519201 0.73786842
vn -0.68726378 -0.16701262 0.70694787
vn -0.58275790 -0.14468552 0.79966201
vn -0.70960662 -0.14894364 0.68867571
vn -0.57311205 -0.13463470 0.80834156
vn -0.69216352 -0.11647413 0.71228045
vn -0.58973616 -0.11318030 0.79962584
vn -0.69983510 -0.09459537 0.70801310
vn -0.60360124 -0.08799385 0.79241569
vn -0.69525305 -0.06583757 0.71574339
vn -0.60716807 -0.06785687 0.79167063
vn -0.69603072 -0.04017522 0.71688715
vn -0.60317055 -0.04160880 0.79652621
vn -0.70084663 -0.01278745 0.71319736
vn -0.59449205 -0.02009464 0.80385036
vn -0.69663079 0.01074331 0.71734938
vn -0.57545396 0.00444804 0.81782208
vn -0.71267937 0.04050168 0.70031973
vn -0.60264830 0.01154794 0.79792335
vn -0.69532543 0.06217270 0.71600077
vn -0.63793271 0.15351281 0.75463612
vn -0.72108013 0.09271655 0.68662004
vn -0.63874316 0.00201645 0.76941739
vn -0.69220642 0.11340497 0.71273388
vn -0.57856371 0.37088456 0.72643559
vn -0.72825354 0.14574470 0.66963070
vn -0.61438481 -0.02431549 0.78863176
vn -0.69585206 0.15015822 0.70231220
vn -0.62039894 0.15321819 0.76917446
vn -0.67644746 0.17723267 0.71484783
vn -0.68074910 0.21246138 0.70102840
vn -0.65373365 0.24603610 0.71561061
vn -0.72125560 0.24785505 0.64680618
vn -0.24227844 0.29307355 0.92488326
vn -0.67141134 0.26484581 0.69214414
vn -0.13593512 0.21316706 0.96751302
vn -0.71298460 0.29826937 0.63457729
vn -0.18776210 0.16467207 0.96831219
vn -0.66074866 0.31411444 0.68172085
vn -0.61955377 0.32120159 0.71622808
vn -0.70064214 0.34747659 0.62318585
vn -0.63043861 0.30778925 0.71260994
vn -0.64831502 0.36251279 0.66953126
vn -0.59024041 0.36810122 0.71841335
vn -0.68456619 0.39532505 0.61244366
vn -0.58866281 0.38898149 0.70863919
vn -0.63410054 0.40997505 0.65561953
vn -0.57616548 0.41241576 0.70565330
vn -0.66495361 0.44152916 0.60240244
vn -0.61271176 0.42290451 0.66763469
vn -0.61815366 0.45636103 0.64001614
vn -0.57993340 0.53943034 0.61048518
vn -0.64203427 0.48592813 0.59301421
vn -0.55888344 0.42151263 0.71412632
vn -0.60052205 0.50149890 0.62279380
vn -0.49679446 0.50071670 0.70885686
vn -0.61612857 0.52847026 0.58404175
vn -0.45949618 0.66244888 0.59162888
vn -0.58115579 0.54603317 0.60341174
vn -0.46195426 0.69567075 0.55012769
vn -0.51665432 0.66944679 0.53376896
vn -0.47532553 0.65128616 0.59151668
vn -0.52817048 0.64880983 0.54779717
vn -0.43476477 0.61976965 0.65334920
vn -0.53820243 0.62822933 0.56184166
vn -0.41421118 0.61221183 0.67351746
vn -0.55649346 0.60850079 0.56572238
vn -0.44155195 0.59750585 0.66934194
vn -0.56032555 0.58801766 0.58332710
vn -0.46865999 0.57947851 0.66675518
vn -0.59030248 0.56877992 0.57274111
vn -0.55795231 0.45378068 0.69481819
vn -0.39234576 0.82872337 0.39910196
vn -0.39515030 0.82262523 0.40883244
vn -0.49754775 0.68439973 0.53295707
vn -0.37656770 0.84432980 0.38118756
vn -0.48723471 0.70603521 0.51392277
vn -0.13416768 0.97771072 0.16149545
vn -0.46424570 0.74934898 0.47217797
vn -0.48859184 0.67521249 0.55259940
vn -0.42948251 0.78577404 0.44508867
vn -0.41934247 0.77356210 0.47513531
vn -0.41092273 0.79606229 0.44432797
vn -0.35299650 0.84855527 0.39414138
vn -0.46619888 0.70359810 0.53629126
vn 0.11892049 0.99246774 0.02942285
vn -0.30989173 0.70031272 0.64306237
vn -0.46872111 0.70524034 0.53191784
vn -0.26090176 0.91455049 0.30907553
vn -0.24575018 0.91771551 0.31209790
vn -0.21255770 0.93774064 0.27470298
vn -0.25393609 0.91256630 0.32052958
vn -0.20319781 0.94633930 0.25130178
vn -0.21753452 0.91472129 0.34053443
vn -0.13289015 0.95678500 0.25865550
vn -0.19206425 0.92133367 0.33801714
vn -0.11652336 0.96068800 0.25199378
vn -0.17547208 0.93457827 0.30947215
vn -0.17624464 0.96609827 0.18865832
vn -0.16887561 0.94843316 0.26824535
vn -0.14660336 0.97397820 0.17284072
vn -0.16416792 0.95859428 0.23269270
vn -0.11764725 0.97652446 0.18044143
vn -0.14257425 0.96154920 0.23472480
vn -0.10815567 0.98055251 0.16376545
vn -0.11509610 0.96849002 0.22086189
vn -0.09232762 0.98747179 0.12796516
vn -0.10383018 0.97613767 0.19072109
vn -0.08531929 0.97936323 0.18321650
vn -0.06165289 0.98931967 0.13208147
vn -0.05929788 0.98404513 0.16774664
vn 0.15593781 0.98512989 -0.07212829
vn 0.00824948 0.99961651 0.02643436
vn 0.00796623 0.99655578 0.08254162
vn 0.01185729 0.99839377 0.05540114
vn 0.01853641 0.99923263 0.03450439
vn 0.01006306 0.99772501 0.06665982
vn 0.16262011 0.98589694 -0.03952122
vn 0.13404215 0.98661097 0.09290584
vn 0.39643825 0.78454491 0.47678716
vn 0.37549021 0.92559380 0.04778303
vn 0.42643588 0.80979138 -0.40297687
vn 0.40054749 0.84364400 -0.35752834
vn 0.65130051 0.67535541 -0.34598081
vn 0.43008271 0.79276901 -0.43190990
vn 0.41227041 0.82596874 -0.38445903
vn 0.43975842 0.79070971 -0.42589985
vn 0.42226885 0.80833309 -0.41022754
vn 0.46635097 0.75158200 -0.46652038
vn 0.49174960 0.75751096 -0.42937102
vn 0.42992013 0.79830907 -0.42174792
vn 0.45857370 0.76764526 -0.44769511
vn 0.47383341 0.75134400 -0.45930828
vn 0.49231138 0.72106383 -0.48754125
vn 0.43215529 0.82172136 -0.37150479
vn 0.49239890 0.72588146 -0.48024933
vn 0.65238087 0.56117533 -0.50939321
vn 0.50873065 0.68813683 -0.51735949
vn 0.73983497 0.35244063 -0.57308797
vn 0.31709296 0.91204041 -0.26006603
vn 0.50889656 0.70140226 -0.49905827
vn 0.52353161 0.68253436 -0.50996225
vn -0.37805427 0.92566202 -0.01499287
vn 0.44202980 0.89638775 0.03314603
vn 0.53991228 0.65444085 -0.52934100
vn 0.57270819 0.67175805 -0.46983662
vn 0.55239375 0.63648396 -0.53828367
vn 0.58394270 0.64981230 -0.48657465
vn 0.54995939 0.63133445 -0.54677370
vn 0.60349351 0.63331011 -0.48447280
vn 0.56797560 0.60695974 -0.55588091
vn 0.60938706 0.62124632 -0.49264634
vn 0.55726178 0.60905616 -0.56436682
vn 0.61089483 0.60042425 -0.51604092
vn 0.58198279 0.57762522 -0.57240295
vn 0.62996276 0.57865583 -0.51798103
vn 0.59367563 0.55737168 -0.58041887
vn 0.60564142 0.56987193 -0.55537775
vn 0.57599716 0.56434319 -0.59139161
vn 0.60722897 0.52490862 -0.59644273
vn 0.67934749 0.33908781 -0.65077372
vn 0.61522939 0.50816312 -0.60271307
vn 0.61723812 0.66085327 -0.42695439
vn 0.61854956 0.49530613 -0.60997400
vn 0.68789912 0.49192237 -0.53367330
vn 0.74473560 0.29543744 -0.59840255
vn 0.65262691 0.29826417 -0.69650312
vn 0.72700116 0.39082734 -0.56455585
vn 0.68281197 0.33812745 -0.64764006
vn 0.65068344 0.38115560 -0.65675830
vn 0.73308169 0.38261533 -0.56231373
vn 0.65840961 0.38335612 -0.64771511
vn 0.69100913 0.40761667 -0.59695479
vn 0.62935517 0.42382037 -0.65137421
vn 0.67098911 0.42701941 -0.60615843
vn 0.64882658 0.41846754 -0.63553834
vn 0.65907310 0.45381928 -0.59972553
vn 0.63986894 0.43955859 -0.63036179
vn 0.66356524 0.47187859 -0.58052715
vn 0.60825622 0.48160789 -0.63093440
vn 0.62918808 0.47301544 -0.61674853
vn 0.77071885 -0.03233427 -0.63635442
vn 0.61413071 0.08128200 -0.78500746
vn 0.78563850 0.24301301 -0.56896118
vn 0.66991746 0.21789630 -0.70974066
vn 0.79234790 0.26347563 -0.55024122
vn 0.65944813 0.25735598 -0.70632575
vn 0.80373018 0.28515898 -0.52220892
vn 0.64912350 0.28254152 -0.70626410
vn 0.01745978 -0.07489835 -0.99703831
vn 0.76774517 0.11461124 -0.63042177
vn 0.75875198 0.05615428 -0.64895464
vn 0.62177755 -0.10675792 -0.77588364
vn 0.69721204 0.10559424 -0.70904529
vn 0.81417878 0.12692012 -0.56657232
vn 0.66865331 0.13488141 -0.73123851
vn 0.72035328 -0.25694251 -0.64426058
vn 0.67320999 -0.04074262 -0.73832807
vn 0.77559760 -0.01839790 -0.63095949
vn 0.67912465 -0.01335112 -0.73390153
vn 0.79093533 0.00352793 -0.61188958
vn 0.55895776 0.05298501 -0.82750155
vn 0.65345604 0.00752913 -0.75692702
vn 0.79657203 0.01977046 -0.60422026
vn 0.58507575 0.30809816 -0.75017457
vn 0.66275676 -0.08610155 -0.74386827
vn 0.75337020 -0.15948594 -0.63796362
vn 0.69164922 -0.12065800 -0.71208357
vn 0.79350334 -0.11483229 -0.59763367
vn 0.64885861 -0.18158017 -0.73892567
vn 0.74314226 -0.20850306 -0.63581920
vn 0.57719941 -0.10607274 -0.80968476
vn 0.65045527 -0.22086632 -0.72672279
vn 0.86680506 -0.25051937 -0.43114851
vn 0.85312449 -0.25550715 -0.45485679
vn 0.67248324 0.19683554 -0.71345782
vn 0.64243077 -0.29091718 -0.70897806
vn 0.86121574 -0.27244074 -0.42904952
vn 0.66707425 -0.24562571 -0.70333488
vn 0.61410704 -0.70016206 -0.36420548
vn 0.25232928 -0.86338097 -0.43692475
vn 0.44275281 -0.76224109 -0.47218479
vn 0.63373781 -0.68989185 -0.34989373
vn 0.57575019 -0.51138212 -0.63796556
vn 0.48796406 -0.75011430 -0.44634024
vn 0.13497773 -0.96825580 -0.21038470
vn 0.49392736 -0.76392979 -0.41526744
vn 0.47898582 -0.78856623 -0.38566291
vn 0.40680858 -0.80372183 -0.43420962
vn 0.50112859 -0.77380772 -0.38741678
vn 0.41714334 -0.67133166 -0.61262160
vn -0.57263411 -0.80768950 -0.14045581
vn 0.33253621 -0.85116165 -0.40613239
vn 0.42761403 -0.82361782 -0.37255863
vn 0.45115937 -0.83999424 -0.30143805
vn 0.31915622 -0.87149788 -0.37233151
vn 0.45740650 -0.84842277 -0.26637961
vn 0.26352792 -0.92005413 -0.28991970
vn 0.46011904 -0.80347449 -0.37778196
vn 0.34192477 -0.84421331 -0.41278486
vn 0.43473659 -0.86355057 -0.25550831
vn 0.35118097 -0.75032984 -0.56006880
vn 0.36081405 -0.88952095 -0.28029575
vn 0.11155886 -0.96085163 -0.25361145
vn 0.47323857 -0.85414841 -0.21558235
vn 0.19694685 -0.91159571 -0.36083956
vn 0.23645437 -0.85695563 0.45794800
vn -0.19005299 -0.98148335 -0.02388083
vn -0.22141630 -0.94502534 0.24062821
vn -0.37110846 -0.90255049 0.21836008
vn -0.23302072 -0.93192012 0.27789609
vn -0.15315511 -0.87351056 0.46208529
vn -0.27586898 -0.93584511 0.21929486
vn -0.20837973 -0.91908856 0.33444597
vn -0.20246161 -0.97416660 0.10004370
vn -0.58953180 -0.80106407 -0.10367552
vn -0.17130533 0.95670459 0.23531002
vn 0.20735841 0.91513657 0.34572757
vn -0.08124732 -0.76665468 -0.63689833
vn -0.71268252 0.20884038 0.66967852
vn 0.01069605 0.99605798 0.08805732
vn 0.28543483 -0.95815189 0.02172344
vn -0.15742618 -0.56953003 0.80675432
vn 0.13020373 -0.97401871 0.18529582
vn 0.20128989 -0.96079335 0.19067912
vn 0.02839003 -0.99751854 0.06442650
vn 0.22173072 -0.93981689 0.25996098
vn 0.18205884 -0.96866705 0.16893408
vn 0.17238718 -0.97029841 0.16971640
vn 0.15030042 -0.96779775 0.20193390
vn 0.17324545 -0.96738993 0.18477753
vn 0.08358878 -0.98886986 0.12308258
vn 0.20423786 -0.97880556 -0.01505212
vn 0.08334458 -0.98792904 0.13057527
vn 0.25091369 -0.96800484 -0.00299018
vn 0.07311876 -0.99254896 0.09746903
vn 0.01656574 -0.99836866 0.05464068
vn 0.14462682 -0.98921095 -0.02334064
vn 0.02967079 -0.99749654 0.06418951
vn -0.13325122 -0.99100050 -0.01273299
vn -0.07564124 -0.99100581 0.11038971
vn -0.48418593 -0.87490862 0.00994418
vn -0.72920605 0.37486684 -0.57248003
vn 0.07971894 0.33696158 -0.93813740
vn -0.29085755 0.94475743 0.15111346
vn 0.00330620 0.96588294 -0.25895795
vn 0.12296007 0.98720270 -0.10154630
vn -0.08378488 0.99591165 -0.03376491
vn 0.11611224 0.98427627 -0.13310963
vn 0.05779857 0.99368694 0.09615402
vn -0.00881275 0.99951846 0.02975194
vn 0.11916255 0.99047460 -0.06899528
vn -0.02699605 0.99955977 -0.01230789
vn 0.10293427 0.99421714 -0.03060745
vn 0.05924174 0.99821639 0.00737873
vn 0.00036215 0.99954984 0.02999979
vn -0.97198874 0.13870597 -0.18973280
vn 0.01850007 -0.78172535 -0.62334840
vn -0.54970268 0.76025778 -0.34617203
vn -0.35873148 -0.92545502 -0.12183892
vn 0.62370308 0.02918428 0.78111635
vn 0.60286386 0.00162684 0.79784242
vn 0.58104321 0.00357280 0.81386487
vn 0.61496749 -0.01010834 0.78848767
vn 0.56424817 0.00764468 0.82556984
vn 0.70193837 0.01778634 0.71201557
vn 0.74895456 0.00336989 0.66261279
vn 0.52900163 0.00758079 0.84858695
vn 0.76217024 0.00408359 0.64736377
vn 0.76876940 0.00270150 0.63952037
vn 0.77584483 0.01510104 0.63074302
vn 0.84182764 0.00280783 0.53973914
vn 0.80427793 0.00898321 0.59418543
vn 0.95885860 0.12655360 -0.25411490
vn 0.95500814 0.02923924 -0.29513476
vn 0.99985070 0.01599188 0.00654429
vn 0.96834483 0.11541841 -0.22132981
vn 0.75300178 0.01661151 -0.65780877
vn 0.95993327 0.04294254 -0.27691886
vn 0.72806435 0.30865283 -0.61209127
vn 0.99168970 0.00297592 -0.12861837
vn 0.99956718 0.00643790 0.02870540
vn 0.99257118 0.06748686 -0.10123232
vn 0.99716833 0.02995777 -0.06897726
vn 0.99846534 0.03004416 0.04652226
vn 0.99899653 0.03545641 -0.02736367
vn 0.99541966 0.01505444 0.09440900
vn 0.99809739 0.05063481 0.03518129
vn 0.99219123 0.01846875 -0.12335101
vn 0.97517503 0.21412407 0.05643181
vn 0.99719499 0.00492153 0.07468551
vn 0.96800089 0.25093927 0.00193681
vn 0.76076584 0.02896044 0.64838001
vn 0.97934669 0.08670202 0.18265494
vn 0.97869032 0.05520900 0.19778076
vn 0.98180505 0.00245919 0.18987572
vn 0.97069255 0.08468344 0.22491042
vn 0.84639678 0.03919400 0.53110858
vn 0.84932848 0.04691455 0.52577577
vn 0.86146018 0.05145801 0.50521127
vn 0.89416165 0.06241946 0.44337202
vn 0.88263987 0.04760538 0.46763296
vn 0.90922804 0.05716228 0.41235525
vn 0.90217427 0.04662378 0.42884474
vn 0.92256574 0.04985877 0.38260496
vn 0.91982647 0.04855906 0.38930872
vn 0.93427072 0.04108294 0.35418979
vn 0.93558174 0.05340468 0.34904836
vn 0.94441245 0.02989831 0.32740069
vn 0.94933707 0.06108265 0.30826617
vn 0.95326494 0.01744955 0.30163136
vn 0.96110452 0.07152299 0.26676312
vn 0.90487198 0.00913361 0.42558580
vn 0.81145353 0.09609641 0.57646218
vn 0.72843095 0.04239624 0.68380619
vn 0.68701142 0.19444178 0.70014834
vn 0.61416104 0.04698517 0.78778081
vn 0.53108781 0.03535981 0.84657866
vn 0.52336191 0.01483655 0.85198133
vn 0.46093912 0.01433475 0.88731598
vn 0.89824912 0.01660662 0.43917280
vn 0.52377722 0.04888421 0.85045150
vn 0.38628092 0.09836592 0.91712115
vn 0.22614315 0.07693087 0.97105145
vn 0.43498968 0.17868304 0.88252838
vn 0.25557525 0.16400478 0.95277685
vn 0.39909615 0.24402643 0.88384012
vn 0.27791434 0.25050608 0.92736742
vn 0.31279194 0.32983911 0.89071172
vn 0.29234057 0.33545433 0.89554865
vn 0.25045109 0.41373789 0.87526865
vn 0.29831778 0.41794593 0.85809539
vn 0.21751778 0.49708894 0.83999322
vn 0.29557199 0.49721132 0.81573163
vn 0.21763416 0.57775503 0.78666034
vn 0.28399965 0.57260826 0.76906696
vn 0.24795644 0.65207883 0.71645712
vn 0.26368119 0.64334930 0.71873076
vn 0.30343423 0.71701697 0.62754628
vn 0.23480344 0.70878435 0.66520078
vn 0.37463842 0.76715217 0.52069531
vn 0.19767746 0.76827567 0.60883177
vn 0.44614825 0.79889334 0.40338712
vn 0.15285808 0.82100622 0.55007562
vn 0.32562750 0.84572956 0.42273898
vn 0.10100835 0.86628250 0.48923607
vn 0.26942115 0.89926549 0.34457776
vn 0.04317989 0.90334623 0.42673303
vn 0.23801712 0.93305276 0.26974136
vn -0.01935901 0.93159358 0.36298572
vn 0.20976357 0.95901299 0.19050806
vn -0.08513638 0.95063737 0.29839635
vn 0.18490443 0.97683360 0.10773337
vn -0.15241004 0.96034050 0.23348942
vn 0.16358498 0.98627455 0.02241567
vn -0.07541764 0.98045164 0.18173266
vn 0.29772103 0.15458273 0.94205433
vn 0.29769549 -0.15410037 0.94214143
vn 0.21474801 0.12014028 0.96925209
vn 0.21469814 -0.11993567 0.96928847
vn 0.12890143 0.08964237 0.98759742
vn 0.12884029 -0.08972074 0.98759828
vn 0.04109830 0.06407494 0.99709846
vn 0.04103494 -0.06442675 0.99707840
vn -0.04755800 0.04424441 0.99788810
vn -0.04761768 -0.04484818 0.99785831
vn -0.13617424 0.03070279 0.99020903
vn -0.13622663 -0.03152855 0.99017587
vn -0.22389586 0.02376245 0.97432335
vn -0.22393719 -0.02477492 0.97428863
vn -0.30980641 0.02360488 0.95050660
vn -0.30983298 -0.02476429 0.95046844
vn -0.39317772 0.03022250 0.91896566
vn -0.39318485 -0.03148602 0.91892018
vn -0.47313128 0.04346889 0.87991889
vn -0.47311387 -0.04479072 0.87986195
vn -0.54877431 0.06301315 0.83359229
vn -0.54872742 -0.06434501 0.83352141
vn -0.61917544 0.08832356 0.78026965
vn -0.61909563 -0.08961565 0.78018565
vn -0.68340760 0.11862615 0.72033457
vn -0.68329483 -0.11982930 0.72024240
vn -0.74053211 0.15285544 0.65440615
vn -0.74039163 -0.15392502 0.65431439
vn -0.78987612 0.18982504 0.58314849
vn -0.78971908 -0.19072505 0.58306751
vn -0.83085955 0.22807879 0.50759479
vn -0.83070215 -0.22878710 0.50753365
vn -0.86321716 0.26623258 0.42892465
vn -0.85651534 -0.13798940 0.49733329
vn 0.40411184 -0.05690566 0.91293777
vn 0.38111887 -0.09230963 0.91990616
vn 0.22567070 -0.07687540 0.97116575
vn 0.52852834 -0.07253248 0.84581135
vn 0.38257020 -0.18504975 0.90520530
vn 0.25538028 -0.16394118 0.95284007
vn 0.41923587 -0.22980196 0.87831222
vn 0.36210895 -0.29381204 0.88461946
vn 0.27799547 -0.25045053 0.92735810
vn 0.50254306 -0.25409129 0.82637043
vn 0.37574957 -0.29243617 0.87937100
vn 0.29268485 -0.33540035 0.89545641
vn 0.37508711 -0.39045468 0.84074657
vn 0.31727172 -0.59138540 0.74135144
vn 0.29889537 -0.41789251 0.85792040
vn 0.47063453 -0.43571378 0.76723963
vn 0.34287399 -0.44664432 0.82640564
vn 0.29635632 -0.49718233 0.81546469
vn 0.38138693 -0.54388943 0.74748130
vn 0.30564183 -0.60368653 0.73630540
vn 0.28495800 -0.57257587 0.76873650
vn 0.43371456 -0.64064751 0.63361065
vn 0.38342084 -0.05141189 0.92214168
vn 0.26477133 -0.64334106 0.71833726
vn 0.31955553 -0.67493693 0.66508977
vn 0.28443986 -0.70375061 0.65102153
vn 0.23598609 -0.70879673 0.66476896
vn 0.24912521 -0.77758861 0.57731498
vn 0.19891113 -0.76831261 0.60838319
vn 0.25238603 -0.76120583 0.59738344
vn 0.15409061 -0.82108723 0.54961062
vn 0.08415931 -0.97636020 0.19909287
vn 0.10223349 -0.86637744 0.48881331
vn 0.25087357 -0.77868545 0.57507515
vn 0.04431547 -0.90347537 0.42634305
vn 0.15810147 -0.90936073 0.38479473
vn -0.01838506 -0.93176411 0.36259845
vn 0.16081668 -0.91457818 0.37105896
vn -0.08430794 -0.95081476 0.29806620
vn 0.05822412 -0.98879675 0.13744431
vn -0.15174853 -0.96050761 0.23323274
vn 0.18079844 -0.91130786 0.36990527
vn -0.21901433 -0.96103735 0.16864143
vn 0.07330733 -0.99291365 0.09353347
vn 0.04387174 -0.99776111 0.05047802
vn 0.43078557 -0.20084761 0.87982045
vn 0.50670591 -0.15187566 0.84863591
vn 0.41479521 -0.00497650 0.90990119
vn 0.55323666 -0.04663417 0.83171777
vn 0.50813552 -0.01632940 0.86112231
vn 0.57906076 -0.10536909 0.80844665
vn 0.64687562 -0.06355317 0.75994271
vn 0.72639139 -0.00207780 0.68727813
vn 0.57138455 -0.00474128 0.82066876
vn 0.58349178 -0.02477808 0.81174096
vn 0.70956998 -0.02809759 0.70407455
vn 0.76670665 -0.00028400 0.64199753
vn 0.80032079 -0.00437572 0.59955607
vn 0.74855333 -0.13543770 0.64909517
vn 0.47614479 -0.01233217 0.87928042
vn 0.72815257 -0.03403161 0.68456971
vn 0.86383329 0.02985007 0.50289265
vn 0.83954003 0.00099221 0.54329693
vn 0.81818703 0.01917374 0.57463236
vn 0.83058883 -0.00179924 0.55688325
vn 0.81971156 0.00309059 0.57276819
vn 0.90346770 0.03152555 0.42749532
vn 0.84924681 -0.01509941 0.52778012
vn 0.86440965 -0.01016090 0.50268549
vn 0.93675092 0.02417879 0.34916056
vn 0.92764412 0.01030205 0.37332327
vn 0.96323552 0.00793448 0.26854120
vn 0.81065094 -0.02699803 0.58490697
vn 0.93907572 -0.01353992 0.34344354
vn 0.98237872 -0.01686864 0.18613836
vn 0.99168887 -0.00557953 0.12853818
vn 0.99347068 -0.04958905 0.10274698
vn 0.98996514 -0.00207798 0.14129649
vn 0.99194109 -0.12169713 -0.03525163
vn 0.99582744 -0.08921512 0.01919294
vn 0.96003449 -0.00266044 0.27986909
vn 0.99474092 -0.00506226 0.10229796
vn 0.98891774 -0.13419977 -0.06349895
vn 0.99947008 -0.00400222 -0.03230378
vn 0.97256734 -0.18253277 -0.14420320
vn 0.97369729 -0.00361919 -0.22781678
vn 0.94713498 -0.23187049 -0.22174625
vn 0.96104728 -0.00059755 -0.27638336
vn 0.91351795 -0.27996668 -0.29513322
vn 0.94336083 -0.04370784 -0.32887683
vn 0.92828170 -0.00258871 -0.37186876
vn -0.49028745 -0.65557843 0.57431275
vn -0.51287251 -0.61790990 0.59594391
vn -0.53427228 -0.57834909 0.61649449
vn -0.55428089 -0.53726121 0.63570676
vn -0.57280070 -0.49480596 0.65350319
vn -0.58979757 -0.45111158 0.66980383
vn -0.60516853 -0.40628299 0.68462047
vn -0.63100345 -0.31375140 0.70950314
vn -0.61893625 -0.36046156 0.69784338
vn -0.64999434 -0.21821485 0.72793519
vn -0.64135275 -0.26628392 0.71955508
vn -0.65664388 -0.16902804 0.73501587
vn -0.66178194 -0.12095180 0.73987521
vn -0.66468664 -0.07360216 0.74348799
vn -0.66599330 -0.02996264 0.74535573
vn -0.66691618 0.01722402 0.74493365
vn -0.66558158 0.06624995 0.74337884
vn -0.66242273 0.11550719 0.74017174
vn -0.64998259 0.21242431 0.72965645
vn -0.64226898 0.26141368 0.72052303
vn -0.63206357 0.30898175 0.71065176
vn -0.60654741 0.40170113 0.68610236
vn -0.62011634 0.35577993 0.69919694
vn -0.57450118 0.49036385 0.65535615
vn -0.59132643 0.44660779 0.67147192
vn -0.55549958 0.53329954 0.63797477
vn -0.53625935 0.57377125 0.61904157
vn -0.51605390 0.61170999 0.59958257
vn -0.49706894 0.64650968 0.57874667
vn 0.00766807 -0.99368285 0.11196248
vn -0.01249485 -0.92069860 0.39007430
vn -0.26200705 -0.69404802 0.67055921
vn -0.42416327 -0.71652018 0.55379090
vn -0.43026895 -0.67164918 0.60312189
vn -0.45258587 -0.63525615 0.62579203
vn -0.47398847 -0.59808995 0.64623784
vn -0.49414200 -0.55954206 0.66538437
vn -0.51288411 -0.51972987 0.68325014
vn -0.53023214 -0.47877267 0.69973610
vn -0.54611543 -0.43674571 0.71485042
vn -0.56049010 -0.39374203 0.72857262
vn -0.57337153 -0.34987384 0.74083290
vn -0.58470362 -0.30522867 0.75163631
vn -0.59447702 -0.25991025 0.76094923
vn -0.60266851 -0.21401798 0.76875677
vn -0.60925632 -0.16765317 0.77504784
vn -0.61421521 -0.12091695 0.77981970
vn -0.61758959 -0.07391895 0.78301921
vn -0.61933672 -0.02675485 0.78466949
vn -0.61943424 0.02046856 0.78478166
vn -0.61791980 0.06764762 0.78332555
vn -0.61475788 0.11467858 0.78033427
vn -0.61003935 0.15465601 0.77713159
vn -0.60379127 0.20849199 0.76939404
vn -0.59562077 0.25385701 0.76209745
vn -0.58606836 0.29927036 0.75296821
vn -0.57495298 0.34402742 0.74234373
vn -0.56228898 0.38802391 0.73025238
vn -0.54806457 0.43115018 0.71675292
vn -0.53238900 0.47333059 0.70179776
vn -0.51521933 0.51444911 0.68548607
vn -0.49665785 0.55443471 0.66778225
vn -0.47668319 0.59317246 0.64878315
vn -0.45481918 0.63121682 0.62825540
vn -0.34939092 0.71870146 0.60116070
vn -0.07364570 0.91983034 0.38534199
vn 0.09926135 0.83849304 0.53579530
vn -0.45690797 0.79801909 0.39293847
vn -0.40833428 0.69987491 0.58603603
vn -0.42137091 0.65708396 0.62504978
vn -0.41464737 0.61122032 0.67414930
vn -0.43568108 0.57455075 0.69287332
vn -0.45488559 0.53673783 0.71062761
vn -0.47272590 0.49778495 0.72714536
vn -0.48918555 0.45778209 0.74238336
vn -0.50420249 0.41680600 0.75634160
vn -0.51781881 0.37497032 0.76893494
vn -0.52995937 0.33234676 0.78018504
vn -0.54059797 0.28902566 0.79007468
vn -0.54976556 0.24510910 0.79854828
vn -0.55739378 0.20068162 0.80562960
vn -0.56347286 0.15583653 0.81130347
vn -0.56802123 0.11066933 0.81553920
vn -0.57105380 0.06527773 0.81831313
vn -0.57248860 0.01975039 0.81967477
vn -0.57236783 -0.02581594 0.81959051
vn -0.57072468 -0.07132916 0.81803758
vn -0.56750044 -0.11669151 0.81506217
vn -0.56276010 -0.16181604 0.81062731
vn -0.55647624 -0.20660265 0.80476677
vn -0.54863213 -0.25095558 0.79751118
vn -0.53929336 -0.29479088 0.78883522
vn -0.52844191 -0.33800597 0.77878182
vn -0.51611473 -0.38052003 0.76735265
vn -0.50232712 -0.42223578 0.75457565
vn -0.48710348 -0.46306501 0.74047349
vn -0.47048695 -0.50292929 0.72505459
vn -0.45245719 -0.54171610 0.70839690
vn -0.43309431 -0.57936442 0.69048257
vn -0.41239684 -0.61576843 0.67138520
vn -0.39065095 -0.65094850 0.65089007
vn -0.27855387 0.85243571 0.44244899
vn -0.37340878 0.58913051 0.71658295
vn -0.39290468 0.55362905 0.73424845
vn -0.41129723 0.51693231 0.75074334
vn -0.42839890 0.47920653 0.76605189
vn -0.44413821 0.44050960 0.78018750
vn -0.45851398 0.40093371 0.79310598
vn -0.47149405 0.36056009 0.80479176
vn -0.48307475 0.31947543 0.81521422
vn -0.49323243 0.27775926 0.82436131
vn -0.50195314 0.23549801 0.83221616
vn -0.50920060 0.19277279 0.83878090
vn -0.51502635 0.14967472 0.84400553
vn -0.51935568 0.10628150 0.84792330
vn -0.52220845 0.06268301 0.85051112
vn -0.52358020 0.01896603 0.85176526
vn -0.52350259 -0.02479067 0.85166335
vn -0.52190800 -0.06849621 0.85024721
vn -0.51885869 -0.11206748 0.84748247
vn -0.51432826 -0.15541869 0.84339284
vn -0.50831518 -0.19846202 0.83799076
vn -0.50086302 -0.24111955 0.83126265
vn -0.49195853 -0.28330312 0.82323517
vn -0.48162402 -0.32492868 0.81391624
vn -0.46987792 -0.36591664 0.80331797
vn -0.45671550 -0.40617563 0.79147477
vn -0.44215488 -0.44562050 0.77840955
vn -0.42624722 -0.48418248 0.76412082
vn -0.40900835 -0.52177654 0.74863970
vn -0.39045325 -0.55831771 0.73200246
vn -0.37060189 -0.59372071 0.71424783
vn -0.34931610 -0.62778282 0.69560549
vn -0.34618887 -0.67742892 0.64903260
vn 0.62227530 -0.37292240 0.68826037
vn -0.10459376 0.98183437 -0.15830797
vn -0.27919270 0.62493965 0.72904174
vn -0.32193064 0.60554542 0.72778802
vn -0.32982257 0.56490037 0.75637599
vn -0.34861828 0.53053253 0.77265809
vn -0.36614910 0.49513199 0.78789539
vn -0.38243684 0.45879403 0.80202874
vn -0.39742126 0.42158220 0.81506122
vn -0.41110488 0.38357254 0.82696123
vn -0.42344648 0.34483620 0.83772374
vn -0.43445926 0.30545840 0.84731359
vn -0.44410780 0.26550581 0.85573064
vn -0.45233273 0.22505019 0.86298755
vn -0.45924522 0.18419171 0.86900359
vn -0.46478300 0.14299435 0.87380168
vn -0.46888987 0.10152687 0.87740218
vn -0.47158444 0.05987534 0.87978580
vn -0.47290257 0.01811430 0.88092851
vn -0.47282842 -0.02368050 0.88083626
vn -0.47131423 -0.06542708 0.87953522
vn -0.46843788 -0.10705882 0.87698595
vn -0.46411114 -0.14848328 0.87324313
vn -0.45842223 -0.18963578 0.86826685
vn -0.45135833 -0.23044124 0.86207453
vn -0.44290176 -0.27081418 0.85469159
vn -0.43307601 -0.31068137 0.84612189
vn -0.42190598 -0.34997272 0.83636980
vn -0.40939472 -0.38860479 0.82545883
vn -0.39556336 -0.42650718 0.81340104
vn -0.38040634 -0.46359510 0.80023159
vn -0.36396457 -0.49980123 0.78595707
vn -0.34623090 -0.53503199 0.77062633
vn -0.32730916 -0.56926453 0.75419269
vn -0.30741280 -0.60228451 0.73671619
vn -0.28845124 -0.63700807 0.71485425
vn -0.29518889 -0.91390087 0.27865519
vn -0.26589939 0.57031875 0.77719627
vn -0.28505557 0.53828775 0.79308866
vn -0.30292898 0.50531719 0.80801521
vn -0.31957507 0.47140199 0.82198050
vn -0.33502715 0.43663895 0.83492708
vn -0.34920118 0.40106676 0.84687897
vn -0.36217963 0.36479320 0.85775978
vn -0.37384187 0.32785033 0.86761536
vn -0.38425593 0.29033415 0.87638659
vn -0.39337627 0.25230373 0.88408028
vn -0.40120561 0.21382884 0.89068024
vn -0.40774639 0.17497970 0.89617241
vn -0.41293344 0.13581944 0.90057707
vn -0.41680536 0.09642370 0.90386711
vn -0.41935194 0.05686155 0.90604123
vn -0.42060433 0.01720176 0.90708109
vn -0.42052137 -0.02248682 0.90700393
vn -0.41911295 -0.06213684 0.90580536
vn -0.41637448 -0.10167621 0.90349003
vn -0.41229770 -0.14103480 0.90006655
vn -0.40692072 -0.18014826 0.89552338
vn -0.40027093 -0.21895485 0.88985502
vn -0.39227491 -0.25736548 0.88311007
vn -0.38298629 -0.29532171 0.87527515
vn -0.37242069 -0.33276072 0.86635624
vn -0.36054585 -0.36958957 0.85639374
vn -0.34743424 -0.40576761 0.84536507
vn -0.33311170 -0.44123500 0.83327563
vn -0.31750499 -0.47587398 0.82020396
vn -0.30070049 -0.50965630 0.80612013
vn -0.28267393 -0.54248344 0.79107975
vn -0.26350906 -0.57432928 0.77505409
vn -0.24346329 -0.60400189 0.75888560
vn -0.10195333 -0.53873281 0.83628492
vn -0.26828819 0.74745878 0.60772265
vn -0.17082808 0.59716519 0.78371647
vn -0.20587743 0.57224332 0.79382118
vn -0.22116528 0.54002464 0.81207100
vn -0.23916618 0.50951191 0.82655741
vn -0.25601045 0.47808238 0.84017610
vn -0.27178031 0.44585010 0.85285002
vn -0.28632834 0.41280950 0.86464119
vn -0.29971026 0.37906207 0.87549169
vn -0.31191506 0.34466711 0.88538894
vn -0.32292270 0.30968839 0.89432323
vn -0.33268705 0.27417425 0.90230140
vn -0.34128333 0.23821344 0.90927446
vn -0.34865679 0.20185274 0.91525620
vn -0.35474509 0.16514581 0.92026234
vn -0.35960761 0.12817014 0.92425905
vn -0.36328026 0.09098719 0.92722639
vn -0.36568469 0.05365249 0.92919111
vn -0.36685045 0.01622982 0.93013834
vn -0.36677094 -0.02121819 0.93006928
vn -0.36544552 -0.05863084 0.92898439
vn -0.36284206 -0.09594112 0.92689856
vn -0.35905862 -0.13309952 0.92377564
vn -0.35402978 -0.17003873 0.91964653
vn -0.34774606 -0.20669032 0.91452271
vn -0.34020851 -0.24298760 0.90841356
vn -0.33150924 -0.27889867 0.90128639
vn -0.32155668 -0.31432595 0.89319679
vn -0.31037848 -0.34921176 0.88414724
vn -0.29804026 -0.38352076 0.87411889
vn -0.28448190 -0.41715198 0.86316526
vn -0.26978455 -0.45007945 0.85126070
vn -0.25396117 -0.48224539 0.83841702
vn -0.23691738 -0.51351420 0.82472621
vn -0.21877978 -0.54389515 0.81013176
vn -0.20071512 -0.57323529 0.79442731
vn -0.15733041 0.53544492 0.82978665
vn -0.17538229 0.50753288 0.84359435
vn -0.19231476 0.47867605 0.85667046
vn -0.20814342 0.44898548 0.86895820
vn -0.22292033 0.41855671 0.88040718
vn -0.23651846 0.38739473 0.89105799
vn -0.24907491 0.35562444 0.90082903
vn -0.26046628 0.32325421 0.90976043
vn -0.27079624 0.29038732 0.91779333
vn -0.27996400 0.25704095 0.92495952
vn -0.28797747 0.22327762 0.93124437
vn -0.29484125 0.18916055 0.93663596
vn -0.30054160 0.15474228 0.94113207
vn -0.30510912 0.12008438 0.94471592
vn -0.30852281 0.08523968 0.94739003
vn -0.31075853 0.05026046 0.94915911
vn -0.31185163 0.01520305 0.95000917
vn -0.31174944 -0.01987432 0.94995647
vn -0.31054807 -0.05492487 0.94896952
vn -0.30814360 -0.08988469 0.94708408
vn -0.30458906 -0.12470625 0.94428484
vn -0.29985499 -0.15932561 0.94058617
vn -0.29397076 -0.19369073 0.93598349
vn -0.28694152 -0.22775044 0.93048069
vn -0.27882824 -0.26146833 0.92406121
vn -0.26950561 -0.29473988 0.91678522
vn -0.25904342 -0.32753405 0.90863521
vn -0.24752171 -0.35982953 0.89958641
vn -0.23480681 -0.39149438 0.88971788
vn -0.22103954 -0.42254563 0.87897481
vn -0.20613507 -0.45286355 0.86742316
vn -0.19019297 -0.48245439 0.85502304
vn -0.17314188 -0.51120104 0.84184048
vn -0.15485709 -0.53889250 0.82801821
vn -0.16968952 -0.58015685 0.79663260
vn 0.55455877 -0.83156944 -0.03093274
vn -0.07369458 0.50777337 0.85833287
vn -0.11224595 0.49935444 0.85909603
vn -0.12886687 0.47293413 0.87162299
vn -0.14466227 0.44588347 0.88332370
vn -0.15942267 0.41808858 0.89430775
vn -0.17314263 0.38961008 0.90455824
vn -0.18584180 0.36051753 0.91405138
vn -0.19749496 0.33084996 0.92278602
vn -0.20812646 0.30067539 0.93074040
vn -0.21765929 0.27002056 0.93793034
vn -0.22618645 0.23896834 0.94431659
vn -0.23361753 0.20754129 0.94992077
vn -0.23999354 0.17580383 0.95472305
vn -0.24534229 0.14380935 0.95871061
vn -0.24955549 0.11158675 0.96190980
vn -0.25270334 0.07919900 0.96429691
vn -0.25477152 0.04669659 0.96587313
vn -0.25580334 0.01412512 0.96662564
vn -0.25571049 -0.01846606 0.96657703
vn -0.25458144 -0.05103035 0.96570399
vn -0.25235929 -0.08351706 0.96402266
vn -0.24906004 -0.11587936 0.96153059
vn -0.24464666 -0.14805794 0.95824154
vn -0.23921045 -0.18002403 0.95413296
vn -0.23270624 -0.21171912 0.94922222
vn -0.22511727 -0.24308573 0.94352082
vn -0.21648455 -0.27408418 0.93702311
vn -0.20680040 -0.30466752 0.92973722
vn -0.19603564 -0.33476395 0.92168494
vn -0.18424775 -0.36434590 0.91285532
vn -0.17141827 -0.39335056 0.90326691
vn -0.15752548 -0.42170388 0.89294544
vn -0.14268427 -0.44942679 0.88184849
vn -0.12679546 -0.47638942 0.87004369
vn -0.11009240 -0.50271365 0.85741393
vn -0.10484850 -0.99426865 -0.02089607
vn 0.39917932 0.69420566 0.59894438
vn -0.06616524 0.46083248 0.88501728
vn -0.08185893 0.43640450 0.89601910
vn -0.09640620 0.41127125 0.90640046
vn -0.11002162 0.38550385 0.91612337
vn -0.12268908 0.35914137 0.92518369
vn -0.13444795 0.33225722 0.93355712
vn -0.14521820 0.30485345 0.94126301
vn -0.15501219 0.27698681 0.94828768
vn -0.16377184 0.24868625 0.95463812
vn -0.17160277 0.22004044 0.96027845
vn -0.17843896 0.19107100 0.96522091
vn -0.18430147 0.16182757 0.96945593
vn -0.18920613 0.13235860 0.97297597
vn -0.19309423 0.10269455 0.97579119
vn -0.19599485 0.07288413 0.97789259
vn -0.19796502 0.04297340 0.97926663
vn -0.19886890 0.01299924 0.97993989
vn -0.19878584 -0.01699317 0.97989562
vn -0.19770590 -0.04695859 0.97913598
vn -0.19567451 -0.07685793 0.97765247
vn -0.19265401 -0.10664892 0.97545397
vn -0.18864458 -0.13628872 0.97254234
vn -0.18365057 -0.16573476 0.96891922
vn -0.17763096 -0.19493009 0.96459810
vn -0.17062699 -0.22383923 0.95957409
vn -0.16267906 -0.25243109 0.95384174
vn -0.15377028 -0.28066214 0.94740882
vn -0.14383079 -0.30844694 0.94030484
vn -0.13298617 -0.33580430 0.93249673
vn -0.12112613 -0.36261931 0.92403230
vn -0.10835591 -0.38891023 0.91488132
vn -0.09457266 -0.41455087 0.90509866
vn -0.07990245 -0.43958252 0.89464116
vn -0.06409476 -0.46370164 0.88366999
vn -0.08237365 -0.51055755 0.85588876
vn 0.11979840 0.97985940 0.15976202
vn -0.17500195 0.74825384 0.63991445
vn 0.01634712 0.45931003 0.88812559
vn -0.00908564 0.44569860 0.89513698
vn -0.02026214 0.42042668 0.90710024
vn -0.03448979 0.39805131 0.91671457
vn -0.04777420 0.37500334 0.92579162
vn -0.06024534 0.35142739 0.93427474
vn -0.07179633 0.32729680 0.94219005
vn -0.08251626 0.30271456 0.94950248
vn -0.09236083 0.27769374 0.95621946
vn -0.10124906 0.25224081 0.96235295
vn -0.10931768 0.22645921 0.96786666
vn -0.11643897 0.20033603 0.97278335
vn -0.12267116 0.17393667 0.97708639
vn -0.12806632 0.14731060 0.98076430
vn -0.13244115 0.12045618 0.98384432
vn -0.13604863 0.09346064 0.98628387
vn -0.13863676 0.06632140 0.98812009
vn -0.14041208 0.03910044 0.98932078
vn -0.14125731 0.01182786 0.98990226
vn -0.14118490 -0.01546113 0.98986250
vn -0.14022600 -0.04273089 0.98919702
vn -0.13836039 -0.06993979 0.98790932
vn -0.13558315 -0.09705032 0.98600124
vn -0.13196053 -0.12404046 0.98346346
vn -0.12738835 -0.15084717 0.98031492
vn -0.12192054 -0.17744759 0.97654889
vn -0.11555156 -0.20379916 0.97216960
vn -0.10830697 -0.22987014 0.96717595
vn -0.10015619 -0.25561053 0.96157787
vn -0.09113814 -0.28100073 0.95537031
vn -0.08117685 -0.30595201 0.94857983
vn -0.07036695 -0.33047713 0.94118721
vn -0.05871680 -0.35454168 0.93319480
vn -0.04609952 -0.37800577 0.92465479
vn -0.03269803 -0.40096625 0.91550910
vn -0.01866958 -0.42324292 0.90582387
vn -0.00607724 -0.44881736 0.89360284
vn 0.03956644 0.39783870 0.91660180
vn 0.02586404 0.37828759 0.92532673
vn 0.01304675 0.35803002 0.93361892
vn 0.00101074 0.33724328 0.94141699
vn -0.01022530 0.31595344 0.94871959
vn -0.02064946 0.29419463 0.95552243
vn -0.03030433 0.27203462 0.96181017
vn -0.03912054 0.24947471 0.96759080
vn -0.04715197 0.22657860 0.97285088
vn -0.05442946 0.20339261 0.97758318
vn -0.06085620 0.17991158 0.98179853
vn -0.06645556 0.15617998 0.98549047
vn -0.07125658 0.13224548 0.98865243
vn -0.07527507 0.10814295 0.99128138
vn -0.07844195 0.08389123 0.99338267
vn -0.08086177 0.05953551 0.99494568
vn -0.08237842 0.03509516 0.99598299
vn -0.08313622 0.01061648 0.99648164
vn -0.08314241 -0.01388054 0.99644100
vn -0.08223853 -0.03835396 0.99587439
vn -0.08056050 -0.06277933 0.99477071
vn -0.07806693 -0.08712084 0.99313419
vn -0.07478348 -0.11135134 0.99096332
vn -0.07065314 -0.13542258 0.98826558
vn -0.06576002 -0.15932981 0.98503281
vn -0.06004094 -0.18301864 0.98127431
vn -0.05349425 -0.20644953 0.97699384
vn -0.04619648 -0.22962716 0.97218170
vn -0.03804068 -0.25246161 0.96685885
vn -0.02908486 -0.27494545 0.96101981
vn -0.01935651 -0.29706164 0.95466209
vn -0.00877752 -0.31870978 0.94781171
vn 0.00251415 -0.33996405 0.94043507
vn 0.01464827 -0.36067712 0.93257571
vn 0.02758433 -0.38082899 0.92423395
vn 0.05963693 -0.37859741 0.92363815
vn 0.02295577 -0.49259436 0.86995622
vn 0.33864512 0.27652832 0.89936176
vn 0.12083130 0.34782856 0.92973926
vn 0.08386539 0.35217135 0.93217055
vn 0.07189824 0.33453015 0.93963835
vn 0.06053157 0.31652037 0.94665241
vn 0.04984878 0.29807093 0.95324122
vn 0.03985198 0.27921204 0.95940213
vn 0.03060753 0.25992822 0.96514274
vn 0.02205304 0.24029990 0.97044815
vn 0.01422731 0.22033917 0.97531955
vn 0.00709899 0.20008836 0.97975214
vn 0.00072147 0.17955888 0.98374696
vn -0.00503284 0.15883203 0.98729279
vn -0.00997371 0.13786144 0.99040131
vn -0.01422970 0.11672366 0.99306249
vn -0.01781905 0.09544922 0.99527480
vn -0.02060162 0.07403620 0.99704273
vn -0.02272649 0.05253781 0.99836030
vn -0.02409649 0.03097108 0.99922978
vn -0.02477206 0.00936739 0.99964924
vn -0.02471867 -0.01224612 0.99961944
vn -0.02392971 -0.03384329 0.99914063
vn -0.02248480 -0.05540369 0.99821083
vn -0.02030051 -0.07689343 0.99683263
vn -0.01734336 -0.09827218 0.99500843
vn -0.01374383 -0.11954401 0.99273377
vn -0.00938295 -0.14065102 0.99001477
vn -0.00428232 -0.16156652 0.98685253
vn 0.00148590 -0.18228972 0.98324374
vn 0.00799332 -0.20276188 0.97919545
vn 0.01520927 -0.22296683 0.97470738
vn 0.02311712 -0.24288749 0.96977898
vn 0.03176923 -0.26245665 0.96442067
vn 0.04114906 -0.28164555 0.95863577
vn 0.05116111 -0.30050565 0.95240690
vn 0.06195757 -0.31886564 0.94577268
vn 0.07328762 -0.33642312 0.93885484
vn 0.22521574 -0.48550938 0.84472393
vn 0.03559838 0.73078239 0.68168164
vn 0.12832388 0.30456945 0.94380635
vn 0.11763209 0.28935028 0.94996795
vn 0.10774653 0.27371573 0.95575645
vn 0.09848389 0.25768958 0.96119561
vn 0.08978400 0.24135130 0.96627552
vn 0.08169781 0.22468168 0.97100135
vn 0.07433969 0.20763932 0.97537661
vn 0.06749004 0.19039222 0.97938547
vn 0.06130272 0.17287218 0.98303468
vn 0.05575153 0.15512163 0.98632097
vn 0.05083317 0.13717424 0.98924174
vn 0.04650669 0.11906463 0.99179672
vn 0.04276595 0.10081218 0.99398590
vn 0.03978770 0.08240689 0.99580422
vn 0.03729383 0.06392738 0.99725747
vn 0.03549199 0.04535916 0.99834006
vn 0.03425884 0.02674010 0.99905520
vn 0.03368898 0.00808787 0.99939964
vn 0.03374446 -0.01057221 0.99937457
vn 0.03436987 -0.02922482 0.99898179
vn 0.03567899 -0.04783546 0.99821780
vn 0.03759568 -0.06638724 0.99708540
vn 0.04009147 -0.08486830 0.99558528
vn 0.04325903 -0.10323041 0.99371633
vn 0.04704351 -0.12146596 0.99148017
vn 0.05141521 -0.13956479 0.98887721
vn 0.05646499 -0.15746102 0.98590960
vn 0.06209245 -0.17517768 0.98257687
vn 0.06834076 -0.19266947 0.97888100
vn 0.07523787 -0.20989373 0.97482505
vn 0.08277155 -0.22682557 0.97041178
vn 0.09085217 -0.24350940 0.96563402
vn 0.09960329 -0.25981862 0.96050688
vn 0.10896253 -0.27577368 0.95502673
vn 0.11875375 -0.29215661 0.94896895
vn 0.57826397 0.27331234 0.76870745
vn 0.19119915 0.22392598 0.95566733
vn 0.17750909 0.27243165 0.94565930
vn 0.17175136 0.25575710 0.95136206
vn 0.16287167 0.24294022 0.95627029
vn 0.15447555 0.22981371 0.96089696
vn 0.14663037 0.21633872 0.96524458
vn 0.13936789 0.20252595 0.96930895
vn 0.13253804 0.18851477 0.97308574
vn 0.12628718 0.17421674 0.97657569
vn 0.12055085 0.15970202 0.97977689
vn 0.11531836 0.14499713 0.98268892
vn 0.11064123 0.13009439 0.98530907
vn 0.10651278 0.11502483 0.98763572
vn 0.10284208 0.09983715 0.98967472
vn 0.09975151 0.08451226 0.99141682
vn 0.09718211 0.06909015 0.99286565
vn 0.09508663 0.05359347 0.99402529
vn 0.09351084 0.03803153 0.99489161
vn 0.09254274 0.02241675 0.99545634
vn 0.09207070 0.00677988 0.99572939
vn 0.09202640 -0.00886692 0.99571709
vn 0.09259267 -0.02450183 0.99540256
vn 0.09372581 -0.04010106 0.99479012
vn 0.09530707 -0.05566449 0.99389035
vn 0.09743125 -0.07115694 0.99269524
vn 0.10015261 -0.08654031 0.99120141
vn 0.10327150 -0.10186362 0.98942347
vn 0.10696716 -0.11704487 0.98734924
vn 0.11123516 -0.13206061 0.98498058
vn 0.11595675 -0.14694910 0.98232377
vn 0.12126811 -0.16161416 0.97937475
vn 0.12704394 -0.17611363 0.97613720
vn 0.13338927 -0.19035609 0.97261085
vn 0.14958966 -0.19287743 0.96975318
vn 0.15155051 -0.21891504 0.96390282
vn 0.15554061 -0.23151163 0.96031739
vn 0.16520288 -0.24604769 0.95507515
vn 0.24644754 -0.16897360 0.95431207
vn 0.28322703 -0.63006089 0.72305306
vn 0.22241957 0.21591418 0.95074213
vn 0.21460440 0.20586036 0.95475990
vn 0.20739535 0.19552428 0.95851835
vn 0.20058781 0.18493697 0.96206177
vn 0.19423355 0.17407097 0.96538729
vn 0.18832921 0.16295087 0.96849322
vn 0.18286518 0.15161165 0.97137749
vn 0.17773916 0.14013847 0.97404825
vn 0.17311781 0.12843724 0.97649071
vn 0.16892366 0.11657904 0.97871044
vn 0.16514307 0.10458683 0.98070860
vn 0.16177306 0.09247585 0.98248547
vn 0.15878877 0.08026535 0.98404451
vn 0.15630736 0.06793699 0.98536926
vn 0.15417656 0.05554742 0.98648065
vn 0.15252297 0.04307949 0.98736057
vn 0.15130064 0.03056473 0.98801514
vn 0.15044050 0.01801991 0.98845482
vn 0.15005052 0.00544895 0.98866331
vn 0.15009459 -0.00712552 0.98864596
vn 0.15055558 -0.01968889 0.98840547
vn 0.15143010 -0.03223268 0.98794230
vn 0.15270613 -0.04474490 0.98725819
vn 0.15444425 -0.05719315 0.98634473
vn 0.15662311 -0.06956906 0.98520523
vn 0.15917313 -0.08188375 0.98384906
vn 0.16215173 -0.09409683 0.98226911
vn 0.16557854 -0.10618960 0.98046291
vn 0.16944787 -0.11814385 0.97843214
vn 0.17369675 -0.12997860 0.97618390
vn 0.17839337 -0.14163921 0.97371153
vn 0.17206174 -0.16492056 0.97118277
vn 0.29713260 -0.07411443 0.95195550
vn 0.17844824 -0.20002258 0.96340396
vn 0.20249065 -0.18057104 0.96249241
vn 0.19987177 -0.21470917 0.95600797
vn 0.21760166 0.13159915 0.96712522
vn 0.26231555 0.16265890 0.95117435
vn 0.25650321 0.15509715 0.95401833
vn 0.25105237 0.14726808 0.95670519
vn 0.24591808 0.13924660 0.95923651
vn 0.24109215 0.13105702 0.96161252
vn 0.23658999 0.12269184 0.96383188
vn 0.23240295 0.11417283 0.96589515
vn 0.22856528 0.10549116 0.96779622
vn 0.22503865 0.09668857 0.96954057
vn 0.22185294 0.08775851 0.97112291
vn 0.21893898 0.07874678 0.97255574
vn 0.21639295 0.06961993 0.97382091
vn 0.21417967 0.06040817 0.97492457
vn 0.21229949 0.05112613 0.97586630
vn 0.21068438 0.04180071 0.97666002
vn 0.20946391 0.03241256 0.97727903
vn 0.20850764 0.02299799 0.97775030
vn 0.20782603 0.01356060 0.97807180
vn 0.20755235 0.00410104 0.97821531
vn 0.20759834 -0.00536116 0.97819946
vn 0.20696785 -0.01669393 0.97820531
vn 0.20764843 -0.02618440 0.97785301
vn 0.20880991 -0.03562501 0.97730716
vn 0.21020568 -0.04503237 0.97661950
vn 0.21191223 -0.05439708 0.97577362
vn 0.21403005 -0.06366334 0.97475028
vn 0.21642073 -0.07285764 0.97357785
vn 0.21913526 -0.08196716 0.97224540
vn 0.22222271 -0.09094203 0.97074539
vn 0.21228838 -0.10421247 0.97163440
vn 0.24777492 -0.09203419 0.96443626
vn 0.31927784 -0.06464198 0.94545390
vn 0.09099215 -0.44624417 0.89027331
vn 0.23200729 0.05553046 0.97112769
vn 0.30122181 0.10870510 0.94733765
vn 0.29734481 0.10359622 0.94913323
vn 0.29362461 0.09841143 0.95084161
vn 0.29020454 0.09300360 0.95243459
vn 0.28694650 0.08753336 0.95393900
vn 0.28391898 0.08193710 0.95534095
vn 0.28109818 0.07624409 0.95664552
vn 0.27853504 0.07042802 0.95784034
vn 0.27613505 0.06456334 0.95894787
vn 0.27397116 0.05860756 0.95995050
vn 0.27205626 0.05256500 0.96084458
vn 0.27032950 0.04647632 0.96164542
vn 0.26879954 0.04033982 0.96235103
vn 0.26752454 0.03414299 0.96294594
vn 0.26646054 0.02790979 0.96344165
vn 0.26563255 0.02164183 0.96383141
vn 0.26495843 0.01535699 0.96413754
vn 0.26458342 0.00905074 0.96432033
vn 0.26193430 0.00376592 0.96507836
vn 0.24433409 -0.00414856 0.96968224
vn 0.10301425 -0.33408990 0.93689487
vn -0.06595561 0.57392274 0.81624907
vn 0.24168361 -0.01813472 0.97018563
vn 0.33880898 0.05424446 0.93929017
vn 0.33686087 0.05168768 0.94013464
vn 0.33499205 0.04909145 0.94094121
vn 0.33326030 0.04640397 0.94169222
vn 0.33160430 0.04368953 0.94240640
vn 0.33010489 0.04086991 0.94305907
vn 0.32870678 0.03801180 0.94366676
vn 0.32737527 0.03514268 0.94424066
vn 0.32621206 0.03218263 0.94474863
vn 0.32509738 0.02923016 0.94522870
vn 0.32415818 0.02620385 0.94563991
vn 0.32327793 0.02317293 0.94602029
vn 0.32251919 0.02010586 0.94634937
vn 0.32181438 0.01703979 0.94664943
vn 0.32134514 0.01391187 0.94685995
vn 0.32088137 0.01079654 0.94705786
vn 0.32060598 0.00765016 0.94718176
vn 0.32038043 0.00450895 0.94727823
vn 0.93049958 0.04674244 -0.36329833
vn 0.77795805 0.23961962 0.58083018
vn 0.99789650 0.03100103 -0.05693430
vn 0.61137189 0.79087274 -0.02728938
vn 0.91423391 0.22414269 -0.33754468
vn 0.96523857 0.18409597 0.18553484
vn 0.99554723 0.03751129 -0.08647901
vn 0.96513928 0.06097089 0.25453630
vn 0.86202570 0.17968316 0.47394690
vn 0.43857770 0.08588175 0.89458031
vn 0.53997033 0.11728827 0.83347196
vn 0.84736007 0.34542039 0.40331832
vn 0.44816742 0.51850143 0.72821853
vn 0.69524031 0.71681766 0.05304103
vn 0.16715314 0.96026848 0.22348214
vn 0.22209671 0.96624585 0.13054506
vn 0.27771679 0.95996632 0.03657932
vn 0.33412862 0.94104708 -0.05280579
vn 0.39158289 0.91050600 -0.13282197
vn 0.45045369 0.87003007 -0.20034758
vn 0.51103808 0.82126172 -0.25371100
vn 0.57332084 0.76560738 -0.29180224
vn 0.63693347 0.70407402 -0.31399925
vn 0.70092253 0.63738958 -0.32006583
vn 0.76393732 0.56586162 -0.31016190
vn 0.82411121 0.48959117 -0.28485293
vn 0.87888226 0.40898723 -0.24555127
vn 0.92542726 0.32490682 -0.19498704
vn 0.96117663 0.23914960 -0.13764792
vn 0.98502012 0.15364267 -0.07828985
vn 0.96030567 0.14716019 -0.23697446
vn -0.25094858 0.53319912 0.80791305
vn -0.82025638 0.07798109 0.56665547
vn -0.82408569 0.16377654 0.54227301
vn -0.81937988 0.24906577 0.51631662
vn -0.80599236 0.33294582 0.48941128
vn -0.78394034 0.41462615 0.46208517
vn -0.75336593 0.49322001 0.43494114
vn -0.71449577 0.56805457 0.40842355
vn -0.66774489 0.63831468 0.38297667
vn -0.61355848 0.70335084 0.35894789
vn -0.55238359 0.76262327 0.33656814
vn -0.48489035 0.81547263 0.31604704
vn -0.41169643 0.86140281 0.29747478
vn -0.33360665 0.89989347 0.28088848
vn -0.25146359 0.93052398 0.26625399
vn -0.16613880 0.95298202 0.25342291
vn -0.07864770 0.96702479 0.24223459
vn -0.07370546 0.98195117 0.17418209
vn -0.24897226 -0.53532953 0.80711530
vn 0.00939318 -0.97280415 0.23143867
vn -0.07910318 -0.96722332 0.24129180
vn -0.16654681 -0.95313848 0.25256524
vn -0.25182268 -0.93064007 0.26550781
vn -0.33396187 -0.89995113 0.28028099
vn -0.41198207 -0.86142743 0.29700767
vn -0.48507300 -0.81548703 0.31572946
vn -0.55250390 -0.76260225 0.33641826
vn -0.61359056 -0.70331589 0.35896154
vn -0.66769293 -0.63826118 0.38315639
vn -0.71435942 -0.56798135 0.40876375
vn -0.75313082 -0.49315291 0.43542414
vn -0.78361942 -0.41453879 0.46270745
vn -0.80558035 -0.33286528 0.49014386
vn -0.81888100 -0.24899734 0.51714044
vn -0.82351032 -0.16371604 0.54316462
vn -0.86028845 -0.13359389 0.49199233
vn 0.82812010 -0.40624328 0.38624280
vn 0.37356017 -0.74942755 0.54663621
vn 0.22645187 -0.88879305 0.39845510
vn 0.48308838 -0.81895761 0.30973222
vn 0.21081307 -0.90789364 0.36233546
vn 0.26826790 -0.92219206 0.27855724
vn 0.10786239 -0.98760336 0.11404086
vn 0.38574271 -0.91906381 0.08077294
vn 0.12488023 -0.98827018 0.08790318
vn 0.97621120 -0.08025497 -0.20142202
vn 0.96237204 -0.16667165 -0.21461735
vn 0.94184724 -0.25224162 -0.22203138
vn 0.91494371 -0.33613656 -0.22336119
vn 0.88201403 -0.41753092 -0.21844721
vn 0.84347265 -0.49559394 -0.20722100
vn 0.79971742 -0.56960150 -0.18975293
vn 0.75117217 -0.63884571 -0.16618221
vn 0.69827782 -0.70262939 -0.13682113
vn 0.64151079 -0.76029641 -0.10204551
vn 0.58130849 -0.81129280 -0.06232517
vn 0.52951504 -0.84605310 -0.06170882
vn 0.42266202 -0.90047767 -0.10245381
vn 0.33325117 -0.93745874 -0.10057217
vn 0.24766158 -0.96585611 -0.07606396
vn 0.17140554 -0.98442977 -0.03896381
vn 0.08852261 -0.99598277 -0.01349351
vn 0.59800854 -0.67844219 -0.42673409
vn 0.66425887 -0.60840320 -0.43428758
vn 0.60504821 -0.67158469 -0.42765718
vn 0.61276397 -0.66831603 -0.42175110
vn 0.92779323 0.00078782 -0.37309396
vn 0.86122634 -0.28302453 -0.42212120
vn 0.83667221 -0.41304325 -0.35968719
vn 0.87871090 -0.23379425 -0.41618193
vn 0.83379559 -0.31636650 -0.45243468
vn 0.86359418 -0.27536707 -0.42234827
vn 0.86888556 -0.26815437 -0.41609028
vn 0.87152719 -0.26350653 -0.41352709
vn 0.92717687 -0.08970123 -0.36372620
vn 0.67000620 -0.61518553 -0.41549784
vn 0.98263772 -0.07535771 -0.16954152
vn 0.96706850 -0.04851762 -0.24984906
vn 0.66118073 -0.67883992 -0.31940008
vn 0.99139777 -0.07576841 -0.10672212
vn 0.74585746 -0.57755018 -0.33186206
vn 0.99412554 -0.01454803 0.10725095
vn 0.85943564 -0.28741233 -0.42280555
vn 0.99097712 -0.02151768 0.13229265
vn 0.91458456 -0.09934939 -0.39200101
vn 0.91732463 -0.11863905 -0.38005303
vn 0.93366442 -0.20319357 -0.29492903
vn 0.98156086 -0.18833349 0.03269196
vn 0.92935757 -0.16426617 0.33062234
vn 0.55968665 -0.71360746 -0.42132559
vn 0.57006435 -0.71023720 -0.41302513
vn 0.63213312 0.02485327 0.77446112
vn 0.70341207 -0.69256386 -0.15989608
vn 0.67949464 0.36641564 -0.63563088
vn 0.71407958 0.31561331 -0.62488286
vn 0.66219595 0.42167724 -0.61942298
vn 0.64309312 0.47635851 -0.59959470
vn 0.88555333 0.21536495 -0.41159840
vn 0.81121769 0.38162282 -0.44304614
vn 0.74241765 0.52398585 -0.41743846
vn 0.69259251 0.58870065 -0.41682989
vn 0.64667755 0.64322216 -0.40996755
vn 0.91168449 0.02937725 -0.40983944
vn 0.63512454 0.13551598 -0.76042898
vn 0.78669209 0.44268373 -0.43028674
vn 0.85010144 0.31025009 -0.42552606
vn 0.46748219 0.77979828 -0.41638329
vn 0.48405758 0.76042634 -0.43294345
vn 0.49913460 0.73976457 -0.45123501
vn 0.54418837 0.67491337 -0.49834823
vn 0.53037926 0.69734517 -0.48208667
vn 0.51555833 0.71969943 -0.46500789
vn 0.55963381 0.65272958 -0.51064087
vn 0.57257579 0.62837132 -0.52659895
vn 0.61004293 0.55448889 -0.56602977
vn 0.59889408 0.58020364 -0.55198698
vn 0.58627362 0.60567798 -0.53799389
vn 0.49014154 0.76766085 -0.41286569
vn 0.52955676 0.73268151 -0.42748969
vn 0.54317004 0.71327837 -0.44294500
vn 0.55680807 0.69324958 -0.45756943
vn 0.57005678 0.67266859 -0.47175442
vn 0.58287779 0.65158213 -0.48548348
vn 0.59531829 0.62995139 -0.49875583
vn 0.60732184 0.60783902 -0.51155831
vn 0.61888106 0.58526437 -0.52388152
vn 0.62998564 0.56224895 -0.53571841
vn 0.64068745 0.53874684 -0.54705706
vn 0.65088388 0.51488289 -0.55789406
vn 0.66060753 0.49063450 -0.56822132
vn 0.58777166 0.68030809 -0.43784172
vn 0.59930842 0.66229879 -0.44965512
vn 0.61061792 0.64289693 -0.46241679
vn 0.62160781 0.62305194 -0.47477364
vn 0.63228603 0.60276044 -0.48671780
vn 0.64256598 0.58212155 -0.49824037
vn 0.65248891 0.56109835 -0.50933964
vn 0.66206008 0.53969410 -0.52000646
vn 0.67126779 0.51792811 -0.53023582
vn 0.68006580 0.49586500 -0.54002631
vn 0.68849508 0.47346549 -0.54936777
vn 0.69652484 0.45077838 -0.55825800
vn 0.70414440 0.42782819 -0.56669542
vn 0.64150864 0.62594880 -0.44345774
vn 0.65196738 0.60748731 -0.45375952
vn 0.66111383 0.58901863 -0.46474246
vn 0.67002846 0.57017074 -0.47536006
vn 0.67861059 0.55106913 -0.48560322
vn 0.68691039 0.53165874 -0.49547260
vn 0.69493018 0.51194173 -0.50496308
vn 0.70263649 0.49196766 -0.51407176
vn 0.71005082 0.47171379 -0.52279435
vn 0.71712981 0.45124401 -0.53113433
vn 0.72391015 0.43051999 -0.53907943
vn 0.73036933 0.40957885 -0.54663132
vn 0.73649895 0.38844029 -0.55379006
vn 0.74228216 0.36713977 -0.56055828
vn 0.69343633 0.56619756 -0.44560788
vn 0.70084087 0.54916680 -0.45523391
vn 0.70800720 0.53191742 -0.46453165
vn 0.71495991 0.51441836 -0.47350404
vn 0.72166294 0.49672367 -0.48214956
vn 0.72815030 0.47879169 -0.49046474
vn 0.73441651 0.46063151 -0.49844860
vn 0.74043023 0.44229335 -0.50610243
vn 0.74618001 0.42379984 -0.51342875
vn 0.75172660 0.40506630 -0.52041177
vn 0.75700429 0.38619629 -0.52706444
vn 0.76201397 0.36719537 -0.53338754
vn 0.76680281 0.34800024 -0.53936007
vn 0.77131069 0.32870811 -0.54500531
vn 0.77555116 0.30930978 -0.55031614
vn 0.74012296 0.50322582 -0.44607374
vn 0.74565133 0.48767109 -0.45407158
vn 0.75101797 0.47193732 -0.46178694
vn 0.75620665 0.45605218 -0.46922054
vn 0.76125313 0.43996098 -0.47636962
vn 0.76611722 0.42373005 -0.48323623
vn 0.77078364 0.40738583 -0.48982586
vn 0.77528418 0.39088103 -0.49613150
vn 0.77958714 0.37427161 -0.50215998
vn 0.78371360 0.35752689 -0.50790503
vn 0.78765899 0.34065759 -0.51336704
vn 0.79140968 0.32369206 -0.51855006
vn 0.79496193 0.30664158 -0.52345628
vn 0.79834672 0.28946181 -0.52806664
vn 0.80152562 0.27222366 -0.53240112
vn 0.80449540 0.25493632 -0.53646494
vn 0.78224984 0.43718164 -0.44379884
vn 0.78615265 0.42333514 -0.45027921
vn 0.78994326 0.40936356 -0.45652068
vn 0.79361002 0.39528876 -0.46252561
vn 0.79717159 0.38107748 -0.46829201
vn 0.80059905 0.36678355 -0.47382591
vn 0.80389166 0.35240974 -0.47913002
vn 0.80706294 0.33793481 -0.48419983
vn 0.81011399 0.32335879 -0.48903417
vn 0.81302341 0.30872348 -0.49364233
vn 0.81580255 0.29401003 -0.49802038
vn 0.81845992 0.27920712 -0.50216208
vn 0.82096078 0.26438234 -0.50608831
vn 0.82334402 0.24946909 -0.50977426
vn 0.82559392 0.23450241 -0.51322832
vn 0.82768725 0.21952628 -0.51647074
vn 0.82965136 0.20449931 -0.51947921
vn 0.81957126 0.36845499 -0.43879822
vn 0.82209640 0.35655247 -0.44387819
vn 0.82455739 0.34455358 -0.44876267
vn 0.82693383 0.33250266 -0.45345609
vn 0.82923916 0.32036865 -0.45795888
vn 0.83144483 0.30821399 -0.46228090
vn 0.83359256 0.29595127 -0.46640785
vn 0.83565467 0.28364090 -0.47034999
vn 0.83763434 0.27127635 -0.47410743
vn 0.83952910 0.25886428 -0.47768209
vn 0.84132946 0.24642717 -0.48108043
vn 0.84306247 0.23390990 -0.48428485
vn 0.84468884 0.22139676 -0.48732355
vn 0.84623905 0.20882879 -0.49017345
vn 0.84769004 0.19625514 -0.49285445
vn 0.84907032 0.18362402 -0.49534010
vn 0.85033224 0.17103084 -0.49767815
vn 0.85153153 0.15837767 -0.49981053
vn 0.67174066 0.39637313 -0.62582172
vn 0.70872163 0.33832325 -0.61907272
vn 0.74108266 0.28606852 -0.60742185
vn 0.70195100 0.36439082 -0.61195108
vn 0.73611035 0.30960867 -0.60190034
vn 0.76603078 0.25802282 -0.58874533
vn 0.65404216 0.45026442 -0.60785755
vn 0.69466740 0.39022874 -0.60428365
vn 0.73056131 0.33363008 -0.59579455
vn 0.76212506 0.28031366 -0.58360059
vn 0.78988362 0.23023117 -0.56839905
vn 0.68689882 0.41578383 -0.59606528
vn 0.72455973 0.35751573 -0.58923315
vn 0.75767890 0.30221021 -0.57843899
vn 0.78673880 0.25046209 -0.56419039
vn 0.81414522 0.20329529 -0.54391046
vn 0.63313857 0.50288747 -0.58842140
vn 0.67862556 0.44105645 -0.58731300
vn 0.71817318 0.38116819 -0.58218390
vn 0.75289843 0.32397709 -0.57287241
vn 0.78326814 0.27017010 -0.55990994
vn 0.80988150 0.22013822 -0.54371971
vn 0.83363107 0.17852701 -0.52267327
vn 0.62270098 0.53027477 -0.57537132
vn 0.66987468 0.46599826 -0.57802555
vn 0.71136313 0.40461737 -0.57467146
vn 0.74775098 0.34564486 -0.56691984
vn 0.77955700 0.28976536 -0.55527194
vn 0.80729013 0.23755694 -0.54023083
vn 0.83147109 0.18945522 -0.52226674
vn 0.85212358 0.14664740 -0.50237430
vn 0.85185266 0.29748159 -0.43110527
vn 0.85327395 0.28771302 -0.43490778
vn 0.85465968 0.27788953 -0.43855927
vn 0.85599597 0.26804616 -0.44206578
vn 0.85729173 0.25815842 -0.44542690
vn 0.85854979 0.24821981 -0.44864150
vn 0.85977288 0.23822404 -0.45170776
vn 0.86093951 0.22822409 -0.45463934
vn 0.86205903 0.21819797 -0.45743183
vn 0.86314264 0.20811725 -0.46007825
vn 0.86416464 0.19804763 -0.46259769
vn 0.86514800 0.18793289 -0.46497330
vn 0.86607785 0.17781059 -0.46721789
vn 0.86695988 0.16767028 -0.46932637
vn 0.86779285 0.15751630 -0.47130052
vn 0.86857514 0.14735471 -0.47314250
vn 0.86931195 0.13717808 -0.47484620
vn 0.86999077 0.12701592 -0.47642734
vn 0.86939886 0.11521943 -0.48048944
vn 0.88545443 0.08425771 -0.45702418
vn 0.88682322 0.09541482 -0.45215108
vn 0.88653027 0.10304565 -0.45104953
vn 0.88618770 0.11074280 -0.44989710
vn 0.88584786 0.11838485 -0.44861854
vn 0.88547305 0.12605851 -0.44726585
vn 0.88508214 0.13371628 -0.44581337
vn 0.88466744 0.14137782 -0.44427000
vn 0.88423919 0.14901238 -0.44262442
vn 0.88378214 0.15666178 -0.44089252
vn 0.88331115 0.16428462 -0.43905805
vn 0.88282327 0.17188781 -0.43712430
vn 0.88230808 0.17950350 -0.43509877
vn 0.88178080 0.18708449 -0.43296884
vn 0.88123730 0.19464494 -0.43073678
vn 0.88146134 0.20088548 -0.42740019
vn 0.88093523 0.20822436 -0.42496558
vn 0.88039307 0.21554418 -0.42243195
vn 0.87596868 0.23279731 -0.42247400
vn 0.90020146 0.05394548 -0.43211944
vn 0.90200672 0.06360998 -0.42701012
vn 0.90193337 0.06874794 -0.42636829
vn 0.90186241 0.07387729 -0.42565989
vn 0.90178732 0.07901235 -0.42489607
vn 0.90171121 0.08414468 -0.42407142
vn 0.90163007 0.08928318 -0.42319230
vn 0.90155096 0.09440755 -0.42224766
vn 0.90146808 0.09953374 -0.42124617
vn 0.90137399 0.10468587 -0.42019734
vn 0.90129201 0.10978620 -0.41907004
vn 0.90120127 0.11490739 -0.41789061
vn 0.90110896 0.12002398 -0.41664960
vn 0.90102029 0.12511475 -0.41534172
vn 0.89757133 0.14206646 -0.41735217
vn 0.91340483 0.03704756 -0.40536292
vn 0.91354339 0.03978138 -0.40479121
vn 0.91365786 0.04255032 -0.40425089
vn 0.91374236 0.04539145 -0.40375056
vn 0.91380253 0.04830538 -0.40327598
vn 0.91384372 0.05115570 -0.40283093
vn 0.91508576 0.04919302 -0.40024755
vn 0.91515934 0.05248826 -0.39966030
vn 0.91587230 0.05232300 -0.39804552
vn 0.91594020 0.05490229 -0.39754155
vn 0.91601348 0.05748151 -0.39700779
vn 0.91609804 0.06003010 -0.39643508
vn 0.91618296 0.06260844 -0.39583958
vn 0.85736174 0.14024946 -0.49523825
vn 0.80471057 0.15942083 -0.57186178
vn 0.80997339 0.24476800 -0.53294628
vn 0.80609156 0.32927740 -0.49172430
vn 0.79267228 0.41186378 -0.44948736
vn 0.76962941 0.49145820 -0.40760203
vn 0.73712027 0.56728366 -0.36720969
vn 0.69554691 0.63856220 -0.32932175
vn 0.64540929 0.70468640 -0.29472686
vn 0.58721416 0.76518227 -0.26396141
vn 0.52162235 0.81946075 -0.23747464
vn 0.44919332 0.86705667 -0.21549499
vn 0.37069720 0.90737072 -0.19814632
vn 0.28692195 0.93984131 -0.18540258
vn 0.19868478 0.96394181 -0.17703260
vn 0.10710864 0.97914158 -0.17265428
vn 0.01359728 0.98505739 -0.17168880
vn -0.49522999 0.14028650 -0.85736046
vn -0.11315701 0.07431619 -0.99079392
vn -0.57186317 0.15940966 -0.80471180
vn -0.14835832 0.15941509 -0.97600033
vn -0.53294699 0.24477592 -0.80997053
vn -0.18017831 0.24478808 -0.95268808
vn -0.49168783 0.32932422 -0.80609468
vn -0.20731463 0.32934970 -0.92116742
vn -0.44947924 0.41186202 -0.79267780
vn -0.22847175 0.41189508 -0.88212420
vn -0.40759353 0.49146765 -0.76962787
vn -0.24266243 0.49149521 -0.83638950
vn -0.36720243 0.56727400 -0.73713132
vn -0.24916189 0.56733853 -0.78488556
vn -0.32933270 0.63854209 -0.69556019
vn -0.24751446 0.63862064 -0.72862904
vn -0.29470572 0.70471287 -0.64539004
vn -0.23750914 0.70473497 -0.66853424
vn -0.26396389 0.76516572 -0.58723461
vn -0.21911038 0.76522548 -0.60532686
vn -0.23748232 0.81943775 -0.52165499
vn -0.19245500 0.81951187 -0.53977899
vn -0.21549336 0.86706290 -0.44918209
vn -0.15777778 0.86710562 -0.47247648
vn -0.19813723 0.90738113 -0.37067657
vn -0.11552330 0.90741693 -0.40404069
vn -0.18540071 0.93983822 -0.28693327
vn -0.06625249 0.93988441 -0.33500434
vn -0.17703304 0.96394079 -0.19868935
vn -0.01072001 0.96396532 -0.26581186
vn -0.17265739 0.97914207 -0.10709918
vn 0.05000923 0.97912629 -0.19700455
vn -0.17168424 0.98505818 -0.01359799
vn 0.11450909 0.98498764 -0.12917823
vn -0.99079851 0.07429418 0.11313130
vn -0.97599754 0.15941959 0.14837182
vn -0.95270140 0.24475289 0.18015564
vn -0.92117562 0.32933087 0.20730810
vn -0.88212721 0.41188857 0.22847187
vn -0.83639293 0.49149358 0.24265392
vn -0.78487880 0.56735223 0.24915200
vn -0.72861759 0.63863278 0.24751684
vn -0.66854067 0.70472941 0.23750756
vn -0.60533906 0.76521515 0.21911277
vn -0.53978533 0.81950802 0.19245366
vn -0.47246569 0.86711313 0.15776876
vn -0.40402668 0.90742442 0.11551351
vn -0.33500835 0.93988227 0.06626253
vn -0.26582103 0.96396274 0.01072437
vn -0.19700004 0.97912703 -0.05001248
vn -0.12917183 0.98498717 -0.11452040
vn -0.68342526 -0.64450944 0.34283742
vn -0.81578701 0.54369437 0.19720034
vn -0.92595006 -0.36847753 0.08270906
vn 0.43323505 -0.88926963 0.14665239
vn -0.96075198 -0.14025371 0.23934185
vn -0.97610687 -0.15941841 0.14765210
vn -0.95287530 -0.24473741 0.17925475
vn -0.92142334 -0.32929745 0.20625766
vn -0.88245546 -0.41183401 0.22729959
vn -0.83677415 -0.49145358 0.24141747
vn -0.78531759 -0.56729773 0.24789023
vn -0.72907845 -0.63858691 0.24627500
vn -0.66899938 -0.70468999 0.23632996
vn -0.60578434 -0.76516909 0.21804036
vn -0.54017452 -0.81947108 0.19151665
vn -0.47282117 -0.86705435 0.15702516
vn -0.40431553 -0.90736355 0.11497970
vn -0.33516886 -0.93984795 0.06593680
vn -0.26589258 -0.96394366 0.01066564
vn -0.19698920 -0.97914048 -0.04979130
vn -0.12904994 -0.98505789 -0.11404850
vn -0.23933248 -0.14025402 -0.96075427
vn -0.60683596 -0.07436578 -0.79134054
vn -0.14763877 -0.15941397 -0.97610962
vn -0.57126913 -0.15940396 -0.80513474
vn -0.17927753 -0.24477258 -0.95286198
vn -0.53217777 -0.24479295 -0.81047100
vn -0.20626422 -0.32931623 -0.92141516
vn -0.49075441 -0.32935565 -0.80665046
vn -0.22729947 -0.41184051 -0.88245246
vn -0.44842210 -0.41189395 -0.79325973
vn -0.24142609 -0.49145531 -0.83677065
vn -0.40642897 -0.49152374 -0.77020770
vn -0.24790034 -0.56728406 -0.78532427
vn -0.36599555 -0.56731586 -0.73769911
vn -0.24627259 -0.63857462 -0.72909003
vn -0.32812106 -0.63858869 -0.69608983
vn -0.23633159 -0.70469560 -0.66899290
vn -0.29353410 -0.70476318 -0.64586887
vn -0.21803806 -0.76517944 -0.60577210
vn -0.26288470 -0.76521041 -0.58766033
vn -0.19151806 -0.81947497 -0.54016813
vn -0.23652817 -0.81949633 -0.52199635
vn -0.15703417 -0.86704681 -0.47283200
vn -0.21471510 -0.86710488 -0.44947365
vn -0.11498941 -0.90735607 -0.40432957
vn -0.19756772 -0.90742033 -0.37088453
vn -0.06592683 -0.93985009 -0.33516484
vn -0.18505420 -0.93988866 -0.28699172
vn -0.01066130 -0.96394625 -0.26588338
vn -0.17693572 -0.96396606 -0.19865341
vn 0.04978810 -0.97913973 -0.19699373
vn -0.17282505 -0.97912545 -0.10698060
vn 0.11403732 -0.98505835 -0.12905635
vn -0.17211181 -0.98498665 -0.01337269
vn 0.79132225 -0.07431117 -0.60686650
vn 0.80513354 -0.15941513 -0.57126772
vn 0.81047386 -0.24478506 -0.53217703
vn 0.80664733 -0.32930888 -0.49079095
vn 0.79325421 -0.41189569 -0.44843025
vn 0.77020924 -0.49151431 -0.40643747
vn 0.73768807 -0.56732544 -0.36600294
vn 0.69607649 -0.63860879 -0.32811023
vn 0.64588814 -0.70473671 -0.29355524
vn 0.58763983 -0.76522696 -0.26288235
vn 0.52196364 -0.81951934 -0.23652063
vn 0.44948492 -0.86709863 -0.21471674
vn 0.37090514 -0.90740994 -0.19757678
vn 0.28698037 -0.93989174 -0.18505615
vn 0.19864884 -0.96396708 -0.17693530
vn 0.10699009 -0.97912497 -0.17282189
vn 0.01337196 -0.98498586 -0.17211637
vn 0.91672641 -0.07590087 -0.39223941
vn 0.90053407 -0.15158019 -0.40750686
vn 0.87873648 -0.22627146 -0.42026590
vn 0.78129412 -0.44022990 -0.44246709
vn 0.73885525 -0.50656045 -0.44439782
vn 0.85298033 -0.28984896 -0.43406466
vn 0.85147828 -0.29959304 -0.43038210
vn 0.54012067 -0.71763404 -0.43962604
vn 0.54271679 -0.72172122 -0.42962422
vn 0.58505577 -0.68536730 -0.43356823
vn 0.52773434 -0.71107195 -0.46462151
vn 0.54255327 -0.67993846 -0.49327440
vn 0.64004952 -0.26399365 -0.72155662
vn 0.83301843 -0.17755215 -0.52398046
vn 0.58944950 -0.26531375 -0.76299273
vn 0.71392320 -0.31714885 -0.62428381
vn 0.69121438 -0.26825480 -0.67101568
vn 0.76555989 -0.26285465 -0.58721843
vn 0.83164903 -0.15607910 -0.53291576
vn 0.74044378 -0.29036108 -0.60616289
vn 0.81190561 -0.20648219 -0.54605347
vn 0.87354055 -0.09244447 -0.47789217
vn 0.78952362 -0.23470466 -0.56706805
vn 0.66509895 -0.21126308 -0.71624808
vn 0.78450824 -0.11086431 -0.61012780
vn 0.65278103 -0.34764698 -0.67306649
vn 0.68792429 -0.34500255 -0.63854007
vn 0.67745159 -0.37186905 -0.63464380
vn 0.66985958 -0.40154593 -0.62453904
vn 0.64155199 -0.48381447 -0.59526011
vn 0.65149157 -0.45543148 -0.60674616
vn 0.65982926 -0.42766105 -0.61784413
vn 0.63035584 -0.50857298 -0.58651942
vn 0.62001701 -0.53549109 -0.57343544
vn 0.58322598 -0.61096251 -0.53532445
vn 0.59573728 -0.58532830 -0.54998898
vn 0.60710423 -0.56044954 -0.56331231
vn 0.56906330 -0.63397036 -0.52368745
vn 0.55643600 -0.65762754 -0.50784348
vn 0.70743423 -0.34348512 -0.61770121
vn 0.70056170 -0.36957226 -0.61043398
vn 0.69317213 -0.39541621 -0.60262627
vn 0.68525535 -0.42100766 -0.59428753
vn 0.67685368 -0.44628283 -0.58540646
vn 0.66797460 -0.47121641 -0.57599047
vn 0.65860927 -0.49579968 -0.56605344
vn 0.64875758 -0.52001860 -0.55560260
vn 0.63844808 -0.54382985 -0.54464037
vn 0.62765766 -0.56724301 -0.53318031
vn 0.61642146 -0.59021119 -0.52122484
vn 0.60476522 -0.61269758 -0.50878356
vn 0.59265155 -0.63472755 -0.49586800
vn 0.73507593 -0.31433958 -0.60071125
vn 0.72940733 -0.33842803 -0.59450098
vn 0.72332740 -0.36231859 -0.58781180
vn 0.71683741 -0.38599299 -0.58064924
vn 0.70991669 -0.40945929 -0.57302826
vn 0.70259188 -0.43267302 -0.56494134
vn 0.69488369 -0.45559647 -0.55638882
vn 0.68675546 -0.47825980 -0.54738880
vn 0.67822640 -0.50062947 -0.53793967
vn 0.66932691 -0.52265984 -0.52804183
vn 0.66004035 -0.54435985 -0.51770560
vn 0.65038813 -0.56569719 -0.50693389
vn 0.64036960 -0.58666525 -0.49573244
vn 0.62998776 -0.60725163 -0.48410833
vn 0.76130834 -0.28461067 -0.58258595
vn 0.75676418 -0.30657509 -0.57733845
vn 0.75187450 -0.32841427 -0.57168943
vn 0.74668486 -0.35005737 -0.56561608
vn 0.74113421 -0.37156834 -0.55915744
vn 0.73524684 -0.39290511 -0.55230215
vn 0.72903320 -0.41404385 -0.54504888
vn 0.72250809 -0.43495711 -0.53739592
vn 0.71565270 -0.45565768 -0.52935554
vn 0.70848898 -0.47611108 -0.52092379
vn 0.70101153 -0.49631669 -0.51210603
vn 0.69322444 -0.51626109 -0.50290593
vn 0.68513913 -0.53592490 -0.49332431
vn 0.67676221 -0.55529359 -0.48336522
vn 0.66809111 -0.57436448 -0.47303246
vn 0.87061358 -0.11905935 -0.47734355
vn 0.85253922 -0.14854486 -0.50111008
vn 0.86987309 -0.12900200 -0.47610849
vn 0.85131825 -0.16085188 -0.49938353
vn 0.86918588 -0.13919144 -0.47449094
vn 0.85010909 -0.17352458 -0.49719590
vn 0.86843993 -0.14938908 -0.47275257
vn 0.84880131 -0.18619456 -0.49484132
vn 0.86764089 -0.15958372 -0.47088462
vn 0.84742895 -0.19879918 -0.49228352
vn 0.86679451 -0.16976124 -0.46887995
vn 0.84594238 -0.21142244 -0.48957333
vn 0.86590115 -0.17991717 -0.46673870
vn 0.84436221 -0.22402492 -0.48668808
vn 0.86495928 -0.19005309 -0.46446234
vn 0.84271675 -0.23654944 -0.48360402
vn 0.86396535 -0.20017549 -0.46205373
vn 0.84097709 -0.24904820 -0.48034627
vn 0.86292454 -0.21027256 -0.45950701
vn 0.83913823 -0.26152958 -0.47691646
vn 0.86183353 -0.22034841 -0.45682551
vn 0.83721964 -0.27395314 -0.47330007
vn 0.86070385 -0.23037706 -0.45399922
vn 0.83522105 -0.28631710 -0.46949794
vn 0.85951679 -0.24040182 -0.45104086
vn 0.83314565 -0.29861411 -0.46550825
vn 0.85829884 -0.25036037 -0.44793168
vn 0.83099141 -0.31084684 -0.46133233
vn 0.85703184 -0.26029420 -0.44468343
vn 0.82874104 -0.32304906 -0.45697658
vn 0.85571655 -0.27020196 -0.44129365
vn 0.78609120 -0.25434300 -0.56335625
vn 0.78256499 -0.27409041 -0.55898701
vn 0.77877695 -0.29374158 -0.55427642
vn 0.77471130 -0.31330965 -0.54923535
vn 0.77039267 -0.33275166 -0.54384875
vn 0.76582880 -0.35204616 -0.53811685
vn 0.76098605 -0.37123154 -0.53205956
vn 0.75591066 -0.39023805 -0.52565516
vn 0.75057419 -0.40909637 -0.51892056
vn 0.74498418 -0.42779030 -0.51185353
vn 0.73915333 -0.44629664 -0.50445185
vn 0.73308478 -0.46460585 -0.49671733
vn 0.72676515 -0.48273042 -0.48865505
vn 0.72023180 -0.50061673 -0.48025935
vn 0.71345052 -0.51830555 -0.47153760
vn 0.70645182 -0.53575226 -0.46248821
vn 0.88712310 -0.08947716 -0.45277636
vn 0.88677376 -0.09690924 -0.45193020
vn 0.88645924 -0.10460217 -0.45083078
vn 0.88612839 -0.11228432 -0.44963174
vn 0.88576838 -0.11998030 -0.44835154
vn 0.88540249 -0.12763873 -0.44695725
vn 0.88500195 -0.13532201 -0.44548794
vn 0.88458481 -0.14298729 -0.44391931
vn 0.88415035 -0.15063678 -0.44225188
vn 0.88368801 -0.15829536 -0.44049754
vn 0.88322018 -0.16590291 -0.43863236
vn 0.88272242 -0.17352635 -0.43668036
vn 0.88220224 -0.18114563 -0.43463257
vn 0.88166678 -0.18874036 -0.43248209
vn 0.88112427 -0.19628883 -0.43022171
vn 0.88055916 -0.20383299 -0.42786409
vn 0.87998633 -0.21133370 -0.42539644
vn 0.50365967 -0.73801745 -0.44906257
vn 0.47978202 -0.76482997 -0.42993526
vn 0.80938626 -0.22358486 -0.54305035
vn 0.80675415 -0.24104258 -0.53948699
vn 0.80393860 -0.25842193 -0.53563125
vn 0.80088978 -0.27578744 -0.53152314
vn 0.79766881 -0.29304173 -0.52711574
vn 0.79426385 -0.31019555 -0.52242096
vn 0.79065397 -0.32727397 -0.51745342
vn 0.78684327 -0.34426558 -0.51220980
vn 0.78286611 -0.36111238 -0.50667396
vn 0.77869468 -0.37785198 -0.50086173
vn 0.77433941 -0.39446518 -0.49476833
vn 0.76979587 -0.41095468 -0.48839592
vn 0.76507464 -0.42730032 -0.48174187
vn 0.76018110 -0.44349094 -0.47480573
vn 0.75510944 -0.45953324 -0.46758842
vn 0.74986248 -0.47541874 -0.46009052
vn 0.74445980 -0.49111776 -0.45230847
vn 0.88948410 -0.08200439 -0.44954791
vn 0.89923363 -0.07156236 -0.43157584
vn 0.90192282 -0.06977014 -0.42622453
vn 0.90185663 -0.07490166 -0.42549308
vn 0.90178169 -0.08004654 -0.42471442
vn 0.90170637 -0.08518659 -0.42387364
vn 0.90161983 -0.09034781 -0.42298813
vn 0.90154193 -0.09547474 -0.42202693
vn 0.90145228 -0.10062756 -0.42102004
vn 0.90136205 -0.10577068 -0.41995120
vn 0.90128188 -0.11086978 -0.41880649
vn 0.90118702 -0.11600630 -0.41761763
vn 0.90110206 -0.12109863 -0.41635345
vn 0.90100826 -0.12620932 -0.41503654
vn 0.90091413 -0.13131296 -0.41365521
vn 0.90082064 -0.13640423 -0.41220875
vn 0.90073060 -0.14147557 -0.41069337
vn 0.90064287 -0.14653108 -0.40911009
vn 0.54356977 -0.68871306 -0.47979811
vn 0.56719795 -0.67724381 -0.46864412
vn 0.55385704 -0.69771346 -0.45435482
vn 0.60818510 -0.64719963 -0.45961236
vn 0.59676982 -0.66654168 -0.44675269
vn 0.64991512 -0.61153704 -0.45125689
vn 0.64035542 -0.62965923 -0.43985701
vn 0.69181029 -0.56986050 -0.44346086
vn 0.83114174 -0.19240162 -0.52171355
vn 0.82928856 -0.20749122 -0.51887173
vn 0.82728463 -0.22256515 -0.51581479
vn 0.82515289 -0.23758086 -0.51252126
vn 0.82288492 -0.25254551 -0.50900017
vn 0.82047005 -0.26747453 -0.50525863
vn 0.81791843 -0.28234547 -0.50128881
vn 0.81523850 -0.29713805 -0.49708668
vn 0.81243208 -0.31184820 -0.49265081
vn 0.80947819 -0.32650726 -0.48799392
vn 0.80640304 -0.34106828 -0.48310099
vn 0.80319763 -0.35554367 -0.47797727
vn 0.79986756 -0.36992098 -0.47262072
vn 0.79641059 -0.38420286 -0.46703140
vn 0.79283731 -0.39837007 -0.46120525
vn 0.78913782 -0.41243669 -0.45514555
vn 0.78530312 -0.42641650 -0.44885184
vn 0.89871288 -0.06541791 -0.43363078
vn 0.91553237 -0.03478250 -0.40073764
vn 0.91558230 -0.03733211 -0.40039401
vn 0.91561545 -0.03993988 -0.40006643
vn 0.91566086 -0.04252588 -0.39969582
vn 0.91571194 -0.04510890 -0.39929542
vn 0.91576691 -0.04769303 -0.39886882
vn 0.91582867 -0.05026957 -0.39841036
vn 0.91589775 -0.05283348 -0.39791951
vn 0.91596656 -0.05541547 -0.39740959
vn 0.91604123 -0.05799368 -0.39686925
vn 0.91612394 -0.06055608 -0.39629521
vn 0.91621286 -0.06310965 -0.39569075
vn 0.91630193 -0.06568828 -0.39506432
vn 0.91640286 -0.06822712 -0.39439937
vn 0.91650049 -0.07081685 -0.39371542
vn 0.91661580 -0.07333601 -0.39298511
vn 0.58013414 -0.65624139 -0.48248484
vn 0.61925752 -0.62743395 -0.47206648
vn 0.65913407 -0.59312302 -0.46232820
vn 0.69924391 -0.55294413 -0.45311229
vn 0.81896889 -0.37101808 -0.43776197
vn 0.82155814 -0.35917786 -0.44275670
vn 0.82403272 -0.34719907 -0.44768614
vn 0.82642276 -0.33516445 -0.45242703
vn 0.85437164 -0.28004054 -0.43775153
vn 0.87938907 -0.21883877 -0.42282912
vn 0.76249086 -0.05637042 -0.64453864
vn 0.81905313 0.00200102 -0.57371418
vn 0.30317375 0.29130270 -0.90731936
vn 0.54005555 0.16516820 -0.82526328
vn 0.39925627 0.15233658 -0.90409513
vn 0.55976856 0.05799887 -0.82661677
vn 0.49225181 -0.03968015 -0.86954795
vn 0.57381414 -0.19722936 -0.79488232
vn 0.44757667 0.22246647 -0.86613151
vn 0.54259928 -0.20250695 -0.81521589
vn 0.18936656 -0.02334600 -0.98162889
vn -0.04906804 0.04376386 -0.99783619
vn 0.65211884 -0.22703818 -0.72332198
vn 0.29383101 0.65507742 -0.69608685
vn -0.29208217 0.21810386 -0.93119209
vn -0.21048548 0.19407417 -0.95813938
vn -0.12616497 0.17178911 -0.97702144
vn -0.03992013 0.15183619 -0.98759919
vn 0.04730178 0.13477182 -0.98974699
vn 0.13461123 0.12105387 -0.98347637
vn 0.22119111 0.11102761 -0.96888976
vn 0.30613919 0.10495788 -0.94618320
vn 0.38867215 0.10298636 -0.91560241
vn 0.46800386 0.10515096 -0.87744838
vn 0.54333219 0.11140721 -0.83209289
vn 0.61391755 0.12160049 -0.77994780
vn 0.67907319 0.13548266 -0.72145966
vn 0.73807908 0.15268224 -0.65721184
vn 0.79033169 0.17275104 -0.58782047
vn 0.83529649 0.19513637 -0.51400542
vn 0.86039706 0.13388809 -0.49172236
vn -0.69608316 0.65507809 -0.29383828
vn -0.93117199 0.21812070 0.29213366
vn -0.95813701 0.19408215 0.21048892
vn -0.97702533 0.17178322 0.12614288
vn -0.98759622 0.15184694 0.03995273
vn -0.98974659 0.13477453 -0.04730244
vn -0.98347313 0.12105371 -0.13463508
vn -0.96889490 0.11102910 -0.22116783
vn -0.94617570 0.10495390 -0.30616372
vn -0.91559099 0.10296824 -0.38870386
vn -0.87745512 0.10513630 -0.46799451
vn -0.83209428 0.11139051 -0.54333347
vn -0.77998705 0.12157959 -0.61387181
vn -0.72141407 0.13548551 -0.67912106
vn -0.65714814 0.15268241 -0.73813576
vn -0.58781319 0.17273716 -0.79034013
vn -0.51408814 0.19509631 -0.83525494
vn -0.49177869 0.13388092 -0.86036598
vn -0.88382831 0.23275378 0.40579946
vn -0.78719229 -0.01742020 0.61646155
vn -0.89442191 0.17778093 0.41036983
vn -0.69490588 -0.65507666 -0.29661490
vn -0.43680379 -0.21808840 -0.87271983
vn -0.51421572 -0.19405322 -0.83541938
vn -0.58793602 -0.17178478 -0.79045634
vn -0.65726081 -0.15184685 -0.73820780
vn -0.72151223 -0.13478935 -0.67915531
vn -0.78006834 -0.12104340 -0.61387449
vn -0.83215418 -0.11103031 -0.54331546
vn -0.87749607 -0.10496671 -0.46795580
vn -0.91561155 -0.10298524 -0.38865092
vn -0.94617340 -0.10515184 -0.30610290
vn -0.96886698 -0.11139914 -0.22110405
vn -0.98341282 -0.12159982 -0.13458346
vn -0.98965205 -0.13548351 -0.04725499
vn -0.98746394 -0.15269702 0.03998226
vn -0.97685357 -0.17275132 0.12615101
vn -0.95792741 -0.19513571 0.21046883
vn -0.96049031 -0.13389753 0.24398733
vn 0.29660759 -0.65507585 -0.69490976
vn 0.87274979 -0.21810864 -0.43673381
vn 0.83546169 -0.19408700 -0.51413422
vn 0.79044861 -0.17179034 -0.58794479
vn 0.73815200 -0.15183657 -0.65732586
vn 0.67910803 -0.13477496 -0.72155942
vn 0.61392127 -0.12104798 -0.78003081
vn 0.54331140 -0.11102631 -0.83215737
vn 0.46796503 -0.10494972 -0.87749318
vn 0.38862104 -0.10296986 -0.91562596
vn 0.30609034 -0.10514162 -0.94617860
vn 0.22113047 -0.11140734 -0.96886001
vn 0.13455431 -0.12160479 -0.98341619
vn 0.04725443 -0.13548006 -0.98965255
vn -0.03995136 -0.15268284 -0.98746739
vn -0.12617295 -0.17275171 -0.97685067
vn -0.21046310 -0.19512639 -0.95793057
vn -0.24394500 -0.13388586 -0.96050269
vn 0.64228629 -0.57991261 -0.50116833
vn -0.40052066 -0.55147927 -0.73174710
vn -0.61858718 -0.01945708 -0.78547522
vn -0.22406440 -0.07205093 -0.97190730
vn -0.13876456 -0.00412800 -0.99031680
vn -0.29974592 -0.00887371 -0.95397780
vn -0.06009829 -0.08956993 -0.99416569
vn -0.10005667 -0.00664664 -0.99495954
vn 0.04561151 -0.05557702 -0.99741204
vn 0.22789536 -0.00573871 -0.97366872
vn 0.03829945 -0.00930712 -0.99922296
vn 0.17424083 -0.06665369 -0.98244461
vn 0.28387134 -0.00352584 -0.95885590
vn 0.24929341 -0.11716688 -0.96131406
vn 0.27232431 -0.02261719 -0.96193967
vn 0.79636015 -0.02273270 -0.60439535
vn 0.33492536 -0.02235101 -0.94197953
vn 0.46262758 -0.02569731 -0.88618021
vn 0.54785202 -0.01081474 -0.83650535
vn 0.55310918 -0.01595671 -0.83295595
vn 0.63380961 -0.03766062 -0.77257171
vn 0.64097963 -0.00100246 -0.76755723
vn 0.67091006 -0.15402609 -0.72536588
vn 0.64918627 -0.01000817 -0.76056362
vn 0.75278741 -0.03121109 -0.65752337
vn 0.77364476 -0.00081533 -0.63361907
vn 0.81615882 -0.13407862 -0.56205668
vn 0.75299326 -0.00637339 -0.65799736
vn 0.85425594 -0.07276727 -0.51473460
vn 0.86946199 -0.00082158 -0.49399917
vn 0.88722793 -0.01481836 -0.46109328
vn 0.90489961 -0.00029834 -0.42562495
vn -0.70286914 0.00294549 -0.71131308
vn -0.65400520 0.01199395 -0.75639496
vn -0.95410287 0.00971830 -0.29932134
vn -0.97245543 0.00278849 0.23307221
vn -0.94075401 0.00463504 0.33905813
vn -0.92098180 0.10291174 0.37576815
vn -0.98398824 0.03276631 0.17519561
vn -0.91294007 0.01625502 -0.40776980
vn -0.99740615 0.00379102 -0.07187905
vn -0.99479457 0.00322082 0.10184983
vn -0.97829431 0.00746992 -0.20708558
vn -0.99188432 0.11574920 0.05260820
vn -0.96598672 0.00335873 -0.25856986
vn -0.96639473 0.00520765 -0.25700995
vn -0.91360457 0.00210184 -0.40659842
vn -0.95600916 0.12027884 -0.26754343
vn -0.72363921 0.01064667 -0.69009633
vn -0.94771011 0.00398063 -0.31910766
vn -0.70355656 -0.02170051 -0.71030786
vn -0.70544893 -0.00281648 -0.70875516
vn -0.55032454 0.03165807 -0.83435045
vn -0.57698157 0.02162712 -0.81647078
vn -0.58633043 0.00962000 -0.81001486
vn -0.69745201 0.01295459 -0.71651439
vn -0.51954777 0.03900396 -0.85355071
vn -0.55595031 0.66050744 0.50462775
vn -0.60780207 0.60111084 0.51888573
vn -0.61414285 0.59469485 0.51881268
vn -0.60211391 0.61712557 0.50657168
vn -0.49559360 0.74780832 0.44178015
vn -0.53449923 0.70652980 0.46381701
vn -0.56458290 0.68130753 0.46590363
vn -0.80398799 0.31957813 0.50147097
vn -0.83575425 0.27048671 0.47786167
vn -0.86069804 0.22120626 0.45854844
vn -0.88235774 0.16628655 0.44021994
vn -0.90065339 0.11141118 0.42001312
vn -0.76966833 0.36824384 0.52154304
vn -0.73301269 0.41623327 0.53799839
vn -0.69422477 0.46334761 0.55078214
vn -0.65339584 0.50951042 0.55988660
vn -0.78532094 0.30783677 0.53712898
vn -0.45539417 0.78976210 0.41096469
vn -0.52137614 0.74083003 0.42348291
vn -0.48253225 0.76921445 0.41889350
vn -0.58248424 0.68966264 0.43020641
vn -0.63913229 0.63359977 0.43596013
vn -0.54108585 0.75576178 0.36884989
vn -0.75182698 0.49918397 0.43078017
vn -0.69098564 0.57298624 0.44071034
vn -0.88624136 0.20292571 0.41641014
vn -0.83955946 0.32596812 0.43460867
vn -0.82036592 0.36240669 0.44233601
vn -0.78448088 0.42822360 0.44856917
vn -0.74336383 0.49417667 0.45077670
vn -0.69779277 0.55627605 0.45126735
vn -0.64807940 0.61507661 0.44908113
vn -0.59450943 0.67023898 0.44422771
vn -0.53737137 0.72145569 0.43673068
vn -0.47706468 0.76908951 0.42533588
vn -0.55119695 0.70163631 0.45154004
vn -0.60596308 0.65101219 0.45715629
vn -0.65734399 0.59674049 0.46021698
vn -0.70506453 0.53910694 0.46070350
vn -0.74880624 0.47850340 0.45861064
vn -0.78835266 0.41524052 0.45395528
vn -0.82353209 0.34957701 0.44675588
vn -0.85409991 0.28195390 0.43705301
vn -0.88774540 0.18494688 0.42154805
vn -0.61709219 0.63134418 0.46968262
vn -0.66634221 0.57806548 0.47098658
vn -0.71208614 0.52173889 0.46981046
vn -0.75409091 0.46264737 0.46615910
vn -0.79209869 0.40115859 0.46005592
vn -0.82594881 0.33753804 0.45152701
vn -0.85544873 0.27213996 0.44062151
vn -0.88133578 0.20150022 0.42736976
vn -0.88174673 0.19664196 0.42878274
vn -0.85677280 0.26223988 0.44403898
vn -0.82828782 0.32542847 0.45610920
vn -0.79569359 0.38702341 0.46592338
vn -0.75918323 0.44666218 0.47342762
vn -0.71891551 0.50409533 0.47858999
vn -0.67505988 0.55907242 0.48138570
vn -0.62786826 0.61127239 0.48179613
vn -0.57760738 0.66040620 0.47982639
vn -0.54101341 0.69261756 0.47705913
vn -0.61416865 0.61661791 0.49252333
vn -0.63834003 0.59074791 0.49349661
vn -0.68347734 0.53979045 0.49141123
vn -0.72548654 0.48626915 0.48704372
vn -0.76410910 0.43051066 0.48041425
vn -0.79917851 0.37275967 0.47155481
vn -0.83053304 0.31328671 0.46050658
vn -0.85803230 0.25235763 0.44732114
vn -0.88225109 0.18926233 0.43106008
vn -0.64843067 0.56986197 0.50477223
vn -0.69163208 0.52017639 0.50106046
vn -0.73182632 0.46822898 0.49516852
vn -0.76885315 0.41422034 0.48712047
vn -0.80252211 0.35842957 0.47695545
vn -0.83271527 0.30104752 0.46471032
vn -0.85927604 0.24237177 0.45044491
vn -0.88273569 0.18187784 0.43324144
vn -0.65813796 0.54862658 0.51561933
vn -0.69945679 0.50032405 0.51032935
vn -0.73794509 0.44996414 0.50296056
vn -0.77343787 0.39775741 0.49354119
vn -0.80576842 0.34395123 0.48211493
vn -0.83481007 0.28876282 0.46873038
vn -0.86045861 0.23239082 0.45343741
vn -0.88260656 0.17507105 0.43629781
vn -0.89876104 0.12548246 0.42009848
vn -0.92692817 -0.03105872 0.37395124
vn -0.93419118 0.05494526 0.35251647
vn -0.91671613 -0.07590768 0.39226210
vn -0.91400636 -0.10215546 0.39262786
vn -0.90053031 -0.15155057 0.40752618
vn -0.89754867 -0.17311225 0.40551023
vn -0.87874714 -0.22626588 0.42024660
vn -0.83801835 -0.34095260 0.42600068
vn -0.85148186 -0.29959425 0.43037418
vn -0.28760855 -0.88418012 0.36811254
vn -0.52857048 -0.72871874 0.43541043
vn -0.34210153 -0.85555818 0.38857013
vn -0.52581649 -0.73702387 0.42463259
vn -0.52064946 -0.72511081 0.45070884
vn -0.52696635 -0.70312697 0.47740857
vn -0.59573491 -0.62961131 0.49868779
vn -0.92113533 -0.05439274 0.38542331
vn -0.72438916 -0.40156573 0.56036177
vn -0.88239949 -0.05703943 0.46703066
vn -0.64666927 -0.49614203 0.57936339
vn -0.68636832 -0.44914842 0.57198272
vn -0.76062454 -0.35350423 0.54450442
vn -0.73916183 -0.44628614 0.50444868
vn -0.77433707 -0.39446889 0.49476903
vn -0.76980475 -0.41094078 0.48839362
vn -0.79485452 -0.30519431 0.52446422
vn -0.80640998 -0.34105654 0.48309770
vn -0.80319707 -0.35554444 0.47797763
vn -0.79986403 -0.36992681 0.47262215
vn -0.82691602 -0.25680390 0.50026159
vn -0.83523700 -0.28628512 0.46948907
vn -0.83315214 -0.29860118 0.46550493
vn -0.83097791 -0.31087342 0.46133873
vn -0.82874701 -0.32303743 0.45697397
vn -0.88912506 -0.14347544 0.43459340
vn -0.86069350 -0.23040084 0.45400678
vn -0.85952745 -0.24037826 0.45103310
vn -0.85829581 -0.25036668 0.44793396
vn -0.85702770 -0.26030401 0.44468568
vn -0.85571193 -0.27021431 0.44129504
vn -0.89702859 -0.13483141 0.42090402
vn -0.87898790 -0.19115367 0.43685301
vn -0.88167035 -0.18873083 0.43247898
vn -0.88111899 -0.19630320 0.43022597
vn -0.88056363 -0.20382060 0.42786078
vn -0.87999112 -0.21131946 0.42539360
vn -0.90888789 -0.09213159 0.40673650
vn -0.90027616 -0.12907090 0.41574455
vn -0.90112240 -0.13096954 0.41331029
vn -0.90105897 -0.13592310 0.41184662
vn -0.90099014 -0.14088750 0.41032607
vn -0.90063912 -0.14733803 0.40882842
vn -0.51100769 -0.72385637 0.46357641
vn -0.56720046 -0.67724149 0.46864444
vn -0.55386390 -0.69770743 0.45435572
vn -0.60818917 -0.64719527 0.45961312
vn -0.59677807 -0.66653389 0.44675330
vn -0.64989272 -0.61156176 0.45125565
vn -0.64025213 -0.62968688 0.43996778
vn -0.69181121 -0.56985991 0.44346017
vn -0.66761671 -0.60831641 0.42923079
vn -0.54013000 -0.71762631 0.43962718
vn -0.58506397 -0.68527849 0.43369752
vn -0.56930490 -0.70834601 0.41729829
vn -0.65308424 -0.62068339 0.43385840
vn -0.71289635 -0.55869767 0.42383453
vn -0.58014078 -0.65623499 0.48248556
vn -0.61926177 -0.62743006 0.47206608
vn -0.65913145 -0.59312638 0.46232761
vn -0.69923276 -0.55295811 0.45311243
vn -0.73883258 -0.50656067 0.44443526
vn -0.27790592 -0.90782914 0.31402954
vn -0.60196465 -0.61519509 0.50909092
vn -0.59266570 -0.63471423 0.49586814
vn -0.62997191 -0.60726840 0.48410793
vn -0.66807955 -0.57437790 0.47303250
vn -0.70643964 -0.53576843 0.46248807
vn -0.74447719 -0.49109249 0.45230728
vn -0.78131552 -0.44023993 0.44241933
vn -0.83863752 -0.34498341 0.42151340
vn -0.60472543 -0.61294198 0.50853641
vn -0.64036169 -0.58667336 0.49573307
vn -0.67676182 -0.55529408 0.48336520
vn -0.71344653 -0.51831053 0.47153816
vn -0.74986980 -0.47540771 0.46008998
vn -0.78530799 -0.42640867 0.44885077
vn -0.81896706 -0.37101605 0.43776712
vn -0.78457886 -0.45039085 0.42612684
vn -0.84369837 -0.18164209 0.50515266
vn -0.65038835 -0.56569694 0.50693389
vn -0.68513385 -0.53593105 0.49332497
vn -0.72024803 -0.50059511 0.48025754
vn -0.75512056 -0.45951756 0.46758589
vn -0.78914935 -0.41241683 0.45514356
vn -0.82155898 -0.35917670 0.44275608
vn -0.66003816 -0.54436280 0.51770530
vn -0.69321318 -0.51627505 0.50290710
vn -0.72677091 -0.48272224 0.48865457
vn -0.76017696 -0.44349747 0.47480626
vn -0.79283210 -0.39837863 0.46120682
vn -0.82402075 -0.34722300 0.44768961
vn -0.85298127 -0.28984700 0.43406413
vn -0.70100210 -0.49632806 0.51210791
vn -0.73308454 -0.46460534 0.49671816
vn -0.76507849 -0.42729341 0.48174189
vn -0.79640853 -0.38420653 0.46703189
vn -0.82642458 -0.33516124 0.45242608
vn -0.85436665 -0.28005186 0.43775403
vn -0.87938385 -0.21885381 0.42283218
vn -0.34109995 -0.01161343 -0.93995529
vn -0.54467429 -0.00467807 -0.83863462
vn -0.57028946 0.03399708 -0.82073999
vn -0.67661595 -0.00302758 -0.73632988
vn -0.58595207 -0.00644779 -0.81032006
vn -0.70425812 -0.08173600 -0.70522317
vn -0.77988053 -0.00745537 -0.62588400
vn -0.76454661 -0.01653137 -0.64435641
vn -0.23093879 -0.04673262 -0.97184533
vn -0.90128726 -0.06795142 -0.42785965
vn -0.98105317 -0.02396492 -0.19225079
vn -0.85112475 -0.00995989 -0.52486900
vn -0.91511011 -0.05137478 -0.39991765
vn -0.92988292 -0.00099037 -0.36785428
vn -0.96515120 -0.01672476 -0.26115789
vn -0.91562794 -0.04882315 -0.39905109
vn -0.93369451 -0.01200719 0.35786923
vn -0.99989309 -0.00086161 0.01459666
vn -0.99991364 -0.00311517 0.01276744
vn -0.97603246 -0.00355964 0.21759590
vn -0.99134800 -0.00252865 0.13123548
vn -0.94526425 -0.01283485 0.32605330
vn -0.27918888 0.01098574 -0.96017336
vn -0.28792667 0.07893742 -0.95439359
vn -0.18916917 0.00703683 -0.98191930
vn -0.17345956 0.12486065 -0.97689385
vn -0.17569586 0.00994588 -0.98439425
vn -0.08685388 0.05520007 -0.99469058
vn -0.04285631 0.00355753 -0.99907491
vn -0.01053427 0.15431673 -0.98796527
vn -0.00978895 0.01011915 -0.99990088
vn 0.08898558 0.08013651 -0.99280396
vn 0.08965650 0.00573334 -0.99595624
vn 0.17530017 0.05142651 -0.98317097
vn 0.21982876 0.00343290 -0.97553243
vn 0.14811305 0.01364192 -0.98887634
vn 0.41258949 0.01244693 -0.91083203
vn 0.38265491 0.01402978 -0.92378482
vn 0.47804955 0.12983779 -0.86868336
vn 0.41771731 0.00596746 -0.90855745
vn 0.50586893 0.01925392 -0.86239545
vn 0.90055590 0.03934788 -0.43295590
vn 0.13651016 0.02263791 -0.99037998
vn 0.57490719 0.08846849 -0.81342181
vn 0.77228381 0.00903669 -0.63521340
vn 0.66278622 0.16364642 -0.73070806
vn 0.73041782 0.00914728 -0.68293933
vn 0.61042679 0.00283354 -0.79206761
vn 0.81133680 0.02051060 -0.58421906
vn 0.84117296 0.00733974 -0.54071636
vn 0.86059373 0.05508343 -0.50630451
vn 0.99669523 0.03120950 0.07499730
vn 0.77103498 0.52980361 -0.35328911
vn 0.45073647 0.67738566 -0.58136503
vn 0.04275020 -0.72462819 -0.68781277
vn 0.35864582 -0.91910381 -0.16316053
vn 0.90013390 -0.11548997 -0.42002504
vn 0.52806107 -0.16399342 -0.83322126
vn 0.35188041 -0.29835566 -0.88722268
vn 0.08248387 -0.27436500 -0.95808155
vn -0.12432258 -0.23783080 -0.96331740
vn -0.98713836 0.10693380 -0.11884035
vn -0.72053621 0.14122690 -0.67888330
vn -0.81443100 0.08411288 -0.57413167
vn -0.89263247 0.03549926 -0.44938523
vn -0.90662119 0.01233934 -0.42176506
vn -0.88844706 0.09891591 -0.44819355
vn -0.87177082 0.48960969 0.01726255
vn -0.98646653 0.12428767 0.10694089
vn -0.56284959 0.75730795 0.33118727
vn -0.91816137 0.29722653 0.26198490
vn -0.98641030 0.05707026 0.15407047
vn -0.77044915 0.24507373 -0.58851251
vn -0.65736961 -0.02662810 -0.75309769
vn -0.94876457 -0.05517831 -0.31112882
vn -0.90911264 -0.19539064 0.36788138
vn -0.97983704 -0.02463237 0.19827409
vn -0.62193960 -0.66682579 0.41052953
vn -0.99343223 -0.05566474 0.09996920
vn -0.64958146 -0.64276454 0.40607596
vn -0.77861008 -0.60716601 0.15847957
vn -0.99399279 -0.06672592 0.08675243
vn -0.83436965 -0.36172041 0.41591541
vn -0.94423584 -0.04989807 -0.32546715
vn -0.88109293 -0.32514895 0.34344346
vn -0.92552416 -0.09658935 0.36616324
vn -0.97652932 -0.10572722 0.18764926
vn -0.96338893 -0.06978365 0.25886677
vn -0.88846692 -0.00504534 -0.45891293
vn -0.38816904 -0.81712038 0.42619136
vn -0.86264225 -0.07601903 -0.50006944
vn -0.94471033 -0.32744900 -0.01730736
vn -0.13130088 0.71366712 -0.68806927
vn -0.09578631 0.78122991 -0.61685072
vn -0.16729120 0.76471431 -0.62227460
vn -0.25797295 0.55590106 -0.79020502
vn -0.32973557 0.25453317 -0.90911348
vn -0.24319239 0.56506583 -0.78838954
vn -0.29946102 0.45172790 -0.84039574
vn -0.32106954 0.34124953 -0.88343823
vn -0.27140378 0.41388458 -0.86893011
vn -0.33408860 0.27356242 -0.90196919
vn -0.33680718 0.26419926 -0.90374757
vn -0.30920728 0.16640363 -0.93632296
vn -0.35564352 0.13896871 -0.92423232
vn -0.34927981 0.16270779 -0.92278372
vn 0.51037387 0.48731166 -0.70855195
vn 0.34649434 0.10979706 -0.93160414
vn 0.24712632 0.18546093 -0.95106931
vn 0.13109218 0.44483494 -0.88596654
vn 0.82703801 0.38219687 -0.41223013
vn 0.79181397 0.13592696 -0.59544480
vn 0.01662839 0.65648605 -0.75415486
vn -0.18943906 0.25953007 -0.94697254
vn 0.28424157 0.88328430 -0.37284793
vn -0.16688958 0.47010008 -0.86669128
vn -0.21700489 0.34204671 -0.91428274
vn -0.12241247 -0.87125728 -0.47531668
vn 0.06526579 -0.99643054 -0.05354022
vn 0.02659697 -0.98795728 -0.15242378
vn 0.00569997 -0.97293578 -0.23100537
vn -0.01201069 -0.95634026 -0.29200865
vn -0.05117209 -0.93364587 -0.35452334
vn -0.08805498 -0.90520949 -0.41574282
vn -0.18281199 -0.78770762 -0.58829966
vn -0.20847397 -0.73865874 -0.64103188
vn -0.25758320 -0.62238888 -0.73910958
vn -0.25327817 -0.32017306 -0.91287424
vn 0.16073633 -0.98024865 0.11522336
vn 0.15173852 -0.97975725 0.13058004
vn -0.27141091 -0.84939312 -0.45262285
vn 0.11382391 -0.99071868 0.07430087
vn 0.08106415 -0.99592005 -0.03964675
vn 0.13135203 -0.99045711 0.04172959
vn 0.09156635 -0.99064545 0.10117903
vn 0.07483687 -0.99567121 -0.05512059
vn 0.04551685 -0.99091589 -0.12654613
vn 0.10218319 -0.99426493 -0.03155716
vn 0.07237709 -0.99187212 -0.10464827
vn 0.08554331 -0.99619114 0.01689814
vn 0.07649206 -0.99482570 -0.06686402
vn 0.01590117 -0.98022153 -0.19726357
vn -0.01379842 -0.96365956 -0.26677679
vn 0.04212290 -0.98329461 -0.17708013
vn 0.01159056 -0.96857779 -0.24844059
vn 0.06436695 -0.98668411 -0.14936990
vn 0.04918428 -0.97197071 -0.22989966
vn -0.15753814 -0.79747380 -0.58242363
vn -0.23411986 -0.65622064 -0.71733002
vn -0.09554140 -0.86589359 -0.49101948
vn 0.00857945 -0.38744748 -0.92185185
vn -0.04342009 -0.94132287 -0.33470277
vn -0.01901966 -0.94781202 -0.31826188
vn 0.03101761 -0.95092546 -0.30786145
vn -0.07277325 -0.91335611 -0.40060537
vn -0.04951109 -0.92112999 -0.38609351
vn 0.03075375 -0.93242091 -0.36006313
vn -0.10168361 -0.87993133 -0.46409190
vn -0.08142529 -0.88845391 -0.45168526
vn -0.19439027 -0.69015850 -0.69706073
vn -0.10992166 -0.85150745 -0.51269123
vn -0.13000530 -0.84121421 -0.52484024
vn -0.15407383 -0.83199117 -0.53296524
vn -0.36785370 0.07589834 -0.92678104
vn -0.35893436 0.15155748 -0.92097582
vn -0.34789552 0.22638791 -0.90978966
vn -0.33485846 0.29979773 -0.89330350
vn -0.31985776 0.37150238 -0.87159451
vn -0.24214275 0.63269147 -0.73557351
vn -0.21892764 0.68965235 -0.69025381
vn -0.17143073 0.78157058 -0.59979908
vn 0.47809292 0.70293136 -0.52660675
vn -0.24601885 0.47835463 -0.84300153
vn -0.16022045 0.78583087 -0.59732675
vn -0.22216621 0.58237860 -0.78197017
vn -0.20097553 0.68601853 -0.69927635
vn -0.20770424 0.68466597 -0.69863543
vn -0.20660742 0.56331198 -0.79999562
vn -0.21188655 0.63493702 -0.74293948
vn -0.21347084 0.65254711 -0.72705740
vn -0.22808312 0.64282956 -0.73126483
vn -0.20587553 0.44471480 -0.87169032
vn -0.22523346 0.59979290 -0.76780099
vn -0.23866348 0.59090077 -0.77063352
vn -0.25159860 0.58160503 -0.77358499
vn -0.26402468 0.57205216 -0.77656120
vn -0.18060186 0.52652291 -0.83075664
vn -0.25068659 0.53374689 -0.80763264
vn -0.26235985 0.52546243 -0.80935563
vn -0.27356059 0.51690827 -0.81115377
vn -0.28433425 0.50803532 -0.81305237
vn -0.30296914 0.44106413 -0.84479117
vn -0.22862845 0.45874072 -0.85865359
vn -0.27448513 0.46417845 -0.84213792
vn -0.28438893 0.45670635 -0.84293668
vn -0.29386823 0.44903440 -0.84380660
vn -0.28122094 0.38848564 -0.87749284
vn -0.29647395 0.39155034 -0.87108641
vn -0.30461734 0.38504440 -0.87117684
vn -0.31240493 0.37835423 -0.87135024
vn -0.33736306 0.31633881 -0.88663179
vn -0.31650042 0.31636593 -0.89428188
vn -0.32290454 0.31097635 -0.89388275
vn -0.32902023 0.30544639 -0.89355928
vn -0.39587725 0.24272514 -0.88564423
vn -0.33444958 0.23905135 -0.91159088
vn -0.33914968 0.23491839 -0.91092856
vn -0.34362988 0.23070295 -0.91032667
vn -0.45497850 0.16832309 -0.87444949
vn -0.35019646 0.16013636 -0.92288611
vn -0.35324884 0.15735657 -0.92220072
vn -0.35616147 0.15447874 -0.92156678
vn -0.51244325 0.09417573 -0.85354136
vn -0.36361847 0.08024524 -0.92808529
vn -0.36510011 0.07884731 -0.92762331
vn -0.36651974 0.07732807 -0.92719127
vn -0.07639813 -0.47098417 -0.87882719
vn 0.96391340 -0.12269449 -0.23625626
vn 0.00458292 -0.98425491 0.17669540
vn 0.03145915 0.16581321 0.98565527
vn -0.43782742 -0.71519769 0.54479301
vn -0.51227808 -0.64308934 0.56921637
vn -0.60248412 -0.23029071 0.76418523
vn -0.66621667 -0.23007264 0.70938137
vn -0.25103289 -0.40132546 0.88086342
vn -0.50200395 -0.30715054 0.80848660
vn -0.14437044 -0.53637325 0.83154129
vn 0.16321036 -0.61746467 0.76948019
vn -0.04888901 -0.73992572 0.67090968
vn -0.75822010 -0.27776479 0.58987202
vn -0.38608071 -0.34956698 0.85366539
vn -0.07648535 -0.97290005 0.21820971
vn -0.36239643 -0.81016496 0.46076195
vn -0.28992227 -0.88184774 0.37187316
vn -0.31877985 -0.78487688 0.53136400
vn 0.59065100 -0.53741068 -0.60193119
vn 0.74269147 -0.41319168 -0.52695543
vn 0.63897287 -0.11035935 -0.76127162
vn 0.55514417 -0.61660198 -0.55822662
vn 0.82203566 -0.38037529 -0.42375938
vn 0.84152711 -0.40919472 -0.35269222
vn 0.61336678 -0.45717431 -0.64402860
vn 0.71632980 -0.37540610 -0.58816824
vn 0.69638233 -0.05985126 -0.71517094
vn 0.79647018 0.58724828 0.14413434
vn -0.65455721 0.73446814 0.17919654
vn 0.47061180 -0.80376842 -0.36397921
vn 0.83242918 -0.54941384 -0.07215323
vn 0.39335761 -0.88931832 -0.23320103
vn 0.41128520 -0.88532855 -0.21688211
vn 0.81084984 -0.57897873 0.08547612
vn 0.19470194 -0.97952044 -0.05129186
vn 0.13500943 -0.98975254 -0.04650114
vn 0.60861981 -0.59785296 0.52168359
vn 0.03645402 -0.98220820 0.18422313
vn 0.02278995 0.99302910 0.11564529
vn -0.06720689 0.96581132 0.25038317
vn 0.04379859 0.92848859 0.36876907
vn -0.31426021 0.85452281 0.41355930
vn 0.05380837 0.93512214 0.35021600
vn 0.06503931 0.91576829 0.39640676
vn 0.05977169 0.93677318 0.34479465
vn -0.20872356 0.90657467 0.36681992
vn 0.07248287 0.95988166 0.27087531
vn 0.24047491 0.89819859 0.36798250
vn 0.56101589 0.55509934 -0.61410577
vn 0.42845691 0.84778298 -0.31255190
vn 0.42032041 0.85728470 -0.29731077
vn 0.38667382 0.89966646 -0.20269092
vn 0.37234819 0.92445670 -0.08207706
vn -0.16031874 0.80206988 0.57531019
vn 0.53535472 0.70817422 0.46030925
vn 0.16152148 0.97075132 0.17763078
vn 0.73753464 0.43666237 0.51513943
vn -0.00516429 0.98824890 0.15276597
vn 0.19954692 0.93465707 0.29427402
vn -0.01485248 0.98095239 0.19367965
vn 0.88899571 -0.03079925 0.45687858
vn 0.50878260 0.77517952 -0.37448227
vn 0.52921636 0.71352409 -0.45914423
vn 0.66938949 0.59572456 -0.44388057
vn 0.89477126 0.42179140 -0.14654831
vn 0.78787234 0.30408392 -0.53552790
vn 0.86676538 0.40463487 -0.29152768
vn 0.81595737 0.57810661 0.00251266
vn 0.93884927 0.19578198 -0.28325159
vn 0.58494013 0.78846807 0.19016610
vn 0.20330023 0.97617280 -0.07586618
vn 0.64477670 0.76049650 -0.07686399
vn 0.46742228 0.25716916 -0.84580165
vn 0.68781709 0.33233066 -0.64534021
vn 0.85994803 0.24087389 -0.44996572
vn 0.58258644 0.32438936 -0.74522787
vn 0.46765850 0.83606604 -0.28686077
vn 0.09417883 0.95203259 -0.29114308
vn -0.76291938 0.30901111 0.56786103
vn -0.32511879 0.84958862 0.41532752
vn -0.23475994 0.77434120 0.58760826
vn -0.47064147 0.65229467 0.59414499
vn -0.62151857 0.46855921 0.62782716
vn -0.18967835 0.38219338 0.90440607
vn -0.39604103 0.72686653 0.56108516
vn -0.54781494 0.62728643 0.55354361
vn -0.69159927 -0.67241527 -0.26371983
vn -0.42584912 0.38955713 0.81663809
vn -0.64097564 0.19641946 0.74200379
vn -0.35515862 0.36372584 0.86114219
vn 0.10552567 0.34522032 0.93257025
vn -0.53360276 0.27112320 0.80109944
vn -0.16306264 0.90707436 0.38810655
vn -0.22943872 0.94666597 0.22623311
vn 0.29571873 0.58925017 0.75188741
vn 0.06051761 0.97259990 0.22447062
vn 0.04257300 0.99251719 0.11444290
vn 0.06447508 0.99109859 0.11647552
vn 0.13528693 0.97947979 0.14938807
vn 0.12487751 0.97408531 0.18858267
vn 0.59339905 0.66862279 0.44813072
vn 0.46234752 -0.78007256 0.42157036
vn 0.34085575 -0.93975374 0.02608181
vn 0.28631690 -0.66154307 0.69309696
vn -0.20730596 -0.86078631 0.46483456
vn 0.28034652 -0.88471994 -0.37239288
vn 0.35730547 -0.93166476 0.06582998
vn 0.29589119 -0.95184543 0.08024138
vn 0.40007432 -0.89937484 -0.17625387
vn 0.39346610 -0.89155013 -0.22432742
vn 0.44703224 -0.84855428 -0.28305089
vn 0.36500132 -0.93033536 -0.03535754
vn 0.24197813 -0.86498292 -0.43960338
vn 0.06373698 -0.91827032 -0.39079051
vn 0.09220096 -0.92558311 -0.36714424
vn -0.16418027 -0.93012990 -0.32848623
vn -0.00151508 -0.96121859 -0.27578347
vn -0.09988970 -0.92926924 0.35564129
vn 0.40077400 -0.83478001 0.37752156
vn -0.33780906 -0.85836655 0.38612421
vn -0.26979718 -0.88024751 0.39035088
vn -0.33566513 -0.82306172 0.45814661
vn -0.15776490 -0.91580242 0.36934559
vn 0.63592385 -0.69288158 0.33987642
vn -0.05641065 -0.92526668 0.37509921
vn -0.08250161 -0.93974553 0.33177073
vn 0.06190727 -0.94211249 0.32953231
vn -0.44939202 -0.81242688 -0.37149613
vn -0.04759517 -0.91694215 0.39617142
vn -0.00387323 -0.97117319 0.23834350
vn 0.04015052 -0.98374502 0.17502477
vn 0.36397943 -0.82339462 0.43536223
vn 0.13406812 -0.97189073 0.19353075
vn -0.64918219 -0.70891859 -0.27567540
vn 0.25618380 -0.74169624 -0.61988431
vn -0.83873308 -0.41200185 -0.35606361
vn -0.81602989 -0.46274138 -0.34636054
vn 0.33590283 -0.51079320 -0.79136565
vn 0.32474898 -0.55602844 -0.76509508
vn -0.79134964 -0.51079463 -0.33593836
vn -0.76513222 -0.55596769 -0.32476546
vn 0.31310313 -0.59842253 -0.73746654
vn 0.30081082 -0.63799464 -0.70885520
vn -0.73748563 -0.59841887 -0.31306515
vn -0.70881606 -0.63801210 -0.30086601
vn 0.28835793 -0.67483912 -0.67929512
vn 0.27552914 -0.70905773 -0.64909231
vn -0.64911191 -0.70904372 -0.27551902
vn -0.61852030 -0.74059495 -0.26258669
vn 0.24496192 -0.77905864 -0.57711463
vn -0.67928287 -0.67485257 -0.28835532
vn 0.26254117 -0.74061149 -0.61851981
vn -0.57710789 -0.77906332 -0.24496290
vn -0.51950615 -0.82551994 -0.22052253
vn 0.22054183 -0.82551930 -0.51949897
vn -0.45706173 -0.86801688 -0.19401358
vn 0.19401044 -0.86801843 -0.45706013
vn -0.39527582 -0.90310837 -0.16778646
vn 0.16777903 -0.90311236 -0.39526987
vn -0.33438632 -0.93168721 -0.14193215
vn 0.14194016 -0.93168230 -0.33439659
vn -0.27448585 -0.95450592 -0.11651595
vn 0.11651593 -0.95450632 -0.27448446
vn -0.21550427 -0.97220876 -0.09147698
vn 0.09146917 -0.97221026 -0.21550083
vn -0.15732358 -0.98528656 -0.06678095
vn 0.06677896 -0.98528666 -0.15732376
vn -0.09976029 -0.99411004 -0.04234504
vn 0.04234641 -0.99411006 -0.09975952
vn -0.04267550 -0.99892476 -0.01811407
vn 0.01811516 -0.99892471 -0.04267633
vn 0.09954452 -0.99345507 -0.05601705
vn 0.14235795 -0.98537093 -0.09369279
vn 0.23022131 -0.96738320 -0.10567825
vn 0.31535353 -0.94146086 -0.11917890
vn 0.39703408 -0.90794610 -0.13415596
vn 0.47457819 -0.86724654 -0.15052898
vn 0.54739148 -0.81980178 -0.16818920
vn 0.61497968 -0.76604402 -0.18702017
vn 0.67686372 -0.70643956 -0.20687835
vn 0.73256912 -0.64151458 -0.22759949
vn 0.78173088 -0.57172733 -0.24904756
vn 0.82399135 -0.49755376 -0.27106921
vn 0.72785556 -0.64169892 -0.24176184
vn -0.49721727 -0.81511552 0.29725692
vn -0.61764558 -0.74024138 0.26562500
vn -0.86213706 -0.34342799 0.37252772
vn -0.83345705 -0.42510592 0.35303582
vn -0.79972957 -0.50339053 0.32715529
vn -0.90982450 -0.18374879 0.37209643
vn -0.42226508 -0.88692614 0.18722775
vn -0.58580052 -0.76716336 0.26133911
vn -0.52403389 -0.82075133 0.22749889
vn -0.45925669 -0.86790219 0.18928569
vn -0.39306007 -0.90487178 0.16343452
vn -0.31376970 -0.93951695 0.13731887
vn -0.23596245 -0.96598628 0.10579333
vn -0.15725423 -0.98499261 0.07113834
vn -0.07829021 -0.99636278 0.03364290
vn 0.14546892 -0.88318135 -0.44590300
vn -0.05449320 -0.99590181 0.07218086
vn -0.54000789 -0.74926893 0.38338956
vn -0.20505218 -0.97265355 0.10908107
vn 0.25537762 0.96415517 0.07202138
vn 0.28177433 0.95271644 -0.11373040
vn 0.13585449 0.94161847 -0.30805554
vn 0.14162826 0.98876299 -0.04784535
vn 0.09147848 0.97220452 -0.21552274
vn 0.24265106 0.96635144 -0.08535432
vn 0.06678039 0.98528602 -0.15732714
vn 0.16013028 0.98526106 -0.06015765
vn 0.04234245 0.99411117 -0.09975017
vn 0.07555832 0.99646586 -0.03669771
vn 0.01811359 0.99892489 -0.04267266
vn -0.15773225 0.97963934 0.12420668
vn -0.34805891 0.92370363 -0.16008309
vn -0.21552619 0.97220302 -0.09148627
vn -0.15732695 0.98528592 -0.06678239
vn -0.09975095 0.99411115 -0.04234107
vn -0.04267183 0.99892495 -0.01811252
vn 0.23004928 0.85558899 0.46372924
vn 0.32334241 0.70649136 0.62953924
vn 0.29342552 0.76628786 0.57158060
vn 0.25802174 0.82023313 0.51053149
vn 0.21735645 0.86783604 0.44678494
vn 0.17178069 0.90853456 0.38086263
vn 0.12165896 0.94186002 0.31320728
vn 0.06744588 0.96736223 0.24425679
vn 0.00985105 0.98458298 0.17464050
vn 0.02143182 0.99350739 0.11173064
vn -0.08779874 0.99567847 0.03026156
vn -0.15877777 0.98550006 0.05982683
vn -0.23392374 0.96673608 0.10344579
vn -0.30820931 0.94038290 0.14382986
vn -0.20223843 0.97472973 0.09487664
vn 0.08300539 0.78415440 0.61498942
vn 0.10127589 0.93347249 0.34405278
vn 0.19151755 0.76670600 0.61276662
vn 0.17541291 0.82062961 0.54387255
vn 0.16138743 0.86819214 0.46925100
vn 0.14952466 0.90878329 0.38955783
vn 0.13985878 0.94188143 0.30544868
vn 0.13231364 0.96702884 0.21759671
vn 0.12676453 0.98378019 0.12691451
vn 0.12297477 0.99180732 0.03457520
vn -0.12402657 0.94299949 0.30881932
vn -0.34503640 0.87907625 0.32889942
vn -0.43260868 0.80828660 0.39940269
vn -0.50743549 0.85341447 0.11913426
vn -0.53035136 0.66452736 0.52643216
vn -0.60985551 0.79128449 0.04410338
vn -0.79395748 0.56933845 0.21327271
vn -0.91620625 0.21387662 0.33885529
vn -0.09065210 0.98082954 0.17249817
vn -0.99662142 -0.02528273 -0.07814423
vn 0.19002479 0.98062532 0.04758748
vn 0.07405504 0.99524556 -0.06326244
vn -0.24360305 0.95792527 0.15177855
vn -0.72479789 -0.26373944 0.63648215
vn -0.39153583 0.91721292 0.07362174
vn -0.89028513 -0.44352106 0.10335117
vn -0.70061297 0.61555978 0.36087064
vn -0.91188520 0.12184222 0.39194368
vn -0.83662591 -0.52525867 0.15543622
vn -0.92095106 -0.25387446 0.29562968
vn -0.88641436 0.07704868 0.45643518
vn -0.79901897 0.55222583 0.23793975
vn -0.12304911 0.93525955 0.33188627
vn -0.69803426 -0.43640523 0.56771353
vn -0.79340587 -0.17437757 0.58318059
vn -0.79530366 0.09857364 0.59814323
vn -0.66695229 0.74467381 -0.02521028
vn -0.15082247 0.97966791 0.13230031
vn 0.17672484 -0.98186279 0.06865707
vn -0.30171272 -0.91459228 0.26924039
vn -0.40231521 -0.76148645 0.50821339
vn 0.06872241 -0.18555573 0.98022768
vn -0.37547413 -0.92477366 0.06174843
vn -0.54338794 -0.18353179 0.81917375
vn -0.11559151 -0.21436175 0.96989053
vn 0.11872076 -0.90242104 0.41417587
vn -0.33455447 -0.82446744 0.45642825
vn -0.57281645 -0.66873159 0.47400356
vn -0.31813169 -0.39148605 0.86344131
vn -0.15365620 -0.96267047 0.22283477
vn -0.21912617 -0.96952218 0.10959228
vn -0.50637331 -0.64739399 0.56962013
vn -0.71734691 -0.67579695 0.16944584
vn -0.78952500 -0.60746994 0.08735302
vn -0.46994821 -0.76528972 0.43986398
vn 0.18864751 -0.84141149 0.50639789
vn -0.10953797 -0.94735899 0.30085275
vn 0.22077280 -0.95047059 0.21878077
vn -0.15231314 -0.94703813 0.28270035
vn -0.64584939 -0.76343061 0.00722964
vn 0.46789081 0.66483535 -0.58229902
vn -0.03870786 -0.89549051 -0.44339423
vn -0.02365293 -0.79473743 -0.60649234
vn 0.65248529 -0.22269039 -0.72434242
vn 0.71479324 0.12287546 -0.68845642
vn 0.39890203 -0.47163018 -0.78641092
vn -0.18712591 -0.06139107 -0.98041574
vn 0.01332157 0.32635582 -0.94515312
vn -0.10110421 0.49850862 -0.86096869
vn 0.67577581 0.01742049 -0.73690134
vn 0.48765273 -0.70589003 -0.51372569
vn 0.52116798 -0.59198691 -0.61476453
vn 0.01059059 0.12957594 -0.99151294
vn 0.06785823 -0.94711868 -0.31362633
vn 0.02830100 -0.92615109 -0.37608937
vn 0.54462579 -0.56218205 -0.62236170
vn 0.32314442 -0.38672836 -0.86372383
vn 0.11977970 -0.21263741 -0.96976191
vn 0.52113724 -0.57299145 -0.63253203
vn -0.00255243 -0.59232656 -0.80569395
vn -0.00966847 0.60678129 -0.79481003
vn 0.50321165 0.55063488 -0.66601746
vn -0.00681356 0.74321627 -0.66901655
vn 0.26396727 0.79005255 -0.55329762
vn 0.04766533 0.87722633 -0.47770491
vn 0.07363627 0.92507791 -0.37257022
vn 0.15542995 0.96037491 -0.23134727
vn 0.24013090 0.93585449 -0.25790215
vn 0.31556736 0.94277592 -0.10766058
vn 0.34392472 0.93376113 -0.09902490
vn -0.24091249 0.78995929 0.56384882
vn 0.45894361 0.76945987 -0.44418720
vn 0.43532067 0.89696761 -0.07710398
vn 0.60531934 0.78001159 -0.15865186
vn 0.53188797 0.83811759 -0.12105406
vn 0.67734937 0.70821997 -0.19905351
vn 0.65859258 0.74465317 -0.10838578
vn 0.72300246 0.63610901 -0.26950468
vn 0.76041370 0.52691202 -0.37965080
vn 0.75910763 0.36075007 -0.54186252
vn 0.73182179 0.67399555 0.10083090
vn 0.84579968 0.30534634 0.43747745
vn 0.78191519 0.02279877 -0.62296778
vn 0.16057217 -0.96961827 -0.18454536
vn 0.23538721 -0.96581606 -0.10859193
vn 0.32683246 -0.88936186 -0.31971241
vn 0.14955110 -0.95917658 -0.24003075
vn -0.88648801 0.00770288 0.46268745
vn -0.99471834 0.10244217 -0.00640536
vn -0.88897249 0.25389913 0.38113401
vn -0.76437800 0.58530070 0.27046139
vn 0.40158740 -0.17988983 -0.89797951
vn 0.43902988 0.39327748 -0.80782770
vn -0.21538570 0.75534488 -0.61892093
vn 0.40255835 -0.53618568 -0.74192432
vn 0.36877550 -0.42937251 -0.82440517
vn 0.45840802 0.00394712 -0.88873309
vn 0.25625140 0.25461832 -0.93247237
vn 0.08361399 0.51040449 -0.85585977
vn -0.92928092 -0.35768468 0.09218806
vn 0.34703053 -0.38943086 -0.85317842
vn 0.16898692 -0.08389168 -0.98204155
vn 0.27320228 0.20338580 -0.94020994
vn -0.99328023 -0.10132484 -0.05592558
vn -0.97144644 -0.23092914 0.05443848
vn 0.24358995 -0.24232817 -0.93911713
vn -0.10516552 0.33930481 -0.93477936
vn 0.88102657 0.38800332 -0.27063927
vn 0.05360272 0.10999023 -0.99248622
vn -0.85806831 0.41479832 0.30275588
vn -0.38578756 -0.34566195 0.85538633
vn 0.59996847 -0.57525646 0.55598367
vn 0.99202102 -0.06493475 -0.10806376
vn 0.99052340 0.12166773 0.06372090
vn 0.76364132 0.37696145 -0.52416792
vn 0.80633763 0.55293239 -0.20996525
vn -0.51061585 0.48921061 0.70706748
vn -0.12606388 0.27807509 0.95225109
vn 0.90498134 -0.28335359 -0.31736338
vn 0.64063882 -0.70936308 -0.29391484
vn 0.46962217 -0.83124929 -0.29745527
vn 0.00088759 0.31417736 0.94936389
vn 0.90642500 -0.42061053 -0.03847737
vn 0.61631244 -0.76431165 0.18970152
vn -0.04596369 0.09866453 0.99405867
vn 0.91014718 0.07338608 -0.40773347
vn 0.77703764 -0.60285516 0.18104738
vn 0.61180494 -0.61252083 0.50051269
vn 0.18526799 0.37536969 0.90817034
vn -0.20551888 0.63801940 0.74208708
vn 0.80690322 0.58411085 0.08787328
vn 0.86018656 0.40814618 -0.30577080
vn 0.92550497 -0.17901930 -0.33375537
vn 0.90713854 -0.37667776 -0.18765267
vn -0.29189560 0.04799996 0.95524497
vn 0.00413336 0.25682560 0.96644893
vn 0.38813830 0.74425932 0.54353171
vn -0.08756269 -0.58143154 0.80886967
vn 0.09481797 0.10722600 0.98970306
vn 0.95782148 0.27301101 -0.08968277
vn -0.38013996 -0.61450221 0.69128912
vn 0.93117008 0.33220503 0.15020683
vn 0.11727876 -0.04407042 0.99212070
vn -0.42664693 -0.19685895 0.88273380
vn 0.30202772 -0.11523608 0.94630857
vn 0.04356061 -0.33943415 0.93962063
vn -0.00504005 -0.42563553 0.90488065
vn -0.57690438 -0.69963971 0.42152771
vn 0.08419654 0.55146161 -0.82994038
vn -0.75007100 0.44236362 -0.49163800
vn -0.36631414 0.90525495 0.21523809
vn -0.28036787 0.92241542 -0.26560053
vn -0.55385088 0.63412371 -0.53957050
vn -0.47207126 0.55556696 -0.68446627
vn -0.91312616 -0.37704214 -0.15504784
vn 0.08831606 0.31783270 -0.94402471
vn -0.36223110 -0.32665717 -0.87297407
vn 0.17427120 -0.93447541 -0.31045974
vn -0.01454703 -0.98140285 -0.19140751
vn -0.56928976 -0.72179227 -0.39360523
vn -0.66373906 -0.59103623 -0.45839573
vn -0.39160710 -0.71994662 0.57299279
vn -0.44843286 -0.70362937 0.55119296
vn -0.88742629 -0.41888635 0.19237671
vn -0.93116595 -0.06910146 0.35798739
vn -0.75850286 -0.18097223 -0.62603711
vn -0.75480074 0.44856529 -0.47860738
vn -0.48731685 0.86628248 -0.10989521
vn -0.44763672 0.86544100 -0.22501829
vn -0.69546046 0.03660903 -0.71763119
vn 0.12140980 0.96210888 -0.24414374
vn -0.35705608 0.48039693 -0.80108036
vn -0.48130441 0.51657542 -0.70816375
vn 0.30593993 0.82444618 -0.47611895
vn -0.04437056 0.43449925 -0.89957860
vn -0.49611991 -0.45331521 -0.74052033
vn -0.45963295 -0.62932601 -0.62664689
vn -0.14617789 -0.98151350 0.12354462
vn -0.33833795 -0.91069125 0.23699975
vn -0.75147586 -0.54596169 -0.37041849
vn -0.83271197 -0.47114602 -0.29088177
vn -0.95516645 -0.23123669 -0.18489629
vn -0.65026456 -0.28424236 0.70452984
vn 0.68050387 0.02748240 0.73222893
vn 0.78247616 0.02454508 0.62219659
vn 0.87531829 -0.33578930 0.34794171
vn 0.92349841 -0.13194840 0.36019481
vn 0.46958845 0.32894110 0.81931949
f 3642//3642 3626//3626 2//2
f 763//763 3699//3699 3657//3657
f 3699//3699 3653//3653 3657//3657
f 3653//3653 3699//3699 3698//3698
f 3643//3643 3622//3622 3651//3651
f 1//1 3628//3628 3656//3656
f 1//1 3656//3656 3702//3702
f 3701//3701 2//2 3700//3700
f 3699//3699 763//763 3642//3642
f 3699//3699 3642//3642 2//2
f 3700//3700 2//2 3626//3626
f 3701//3701 1//1 2//2
f 3701//3701 3628//3628 1//1
f 3622//3622 3698//3698 3699//3699
f 3698//3698 3622//3622 3643//3643
f 3//3 4//4 5//5
f 5//5 4//4 6//6
f 5//5 6//6 8//8
f 8//8 6//6 7//7
f 8//8 7//7 9//9
f 8//8 9//9 10//10
f 10//10 9//9 11//11
f 10//10 11//11 28//28
f 28//28 11//11 2863//2863
f 28//28 2863//2863 3112//3112
f 5//5 12//12 3//3
f 3//3 12//12 13//13
f 13//13 12//12 518//518
f 13//13 518//518 14//14
f 14//14 518//518 15//15
f 15//15 518//518 2751//2751
f 3585//3585 518//518 16//16
f 17//17 518//518 18//18
f 17//17 18//18 19//19
f 19//19 18//18 20//20
f 19//19 20//20 21//21
f 21//21 20//20 22//22
f 21//21 22//22 23//23
f 23//23 22//22 25//25
f 23//23 25//25 24//24
f 26//26 25//25 3259//3259
f 3259//3259 1101//1101 27//27
f 3259//3259 27//27 3260//3260
f 517//517 3260//3260 27//27
f 3260//3260 517//517 3193//3193
f 517//517 34//34 3193//3193
f 28//28 3112//3112 34//34
f 28//28 34//34 517//517
f 3669//3669 1103//1103 518//518
f 34//34 31//31 32//32
f 3170//3170 3193//3193 33//33
f 32//32 3193//3193 34//34
f 33//33 3193//3193 32//32
f 35//35 3096//3096 2674//2674
f 35//35 37//37 3096//3096
f 3096//3096 37//37 38//38
f 3096//3096 38//38 39//39
f 40//40 41//41 36//36
f 36//36 41//41 42//42
f 39//39 43//43 3096//3096
f 3096//3096 43//43 44//44
f 3096//3096 44//44 36//36
f 36//36 44//44 45//45
f 36//36 45//45 40//40
f 42//42 46//46 36//36
f 36//36 46//46 47//47
f 36//36 47//47 48//48
f 48//48 49//49 36//36
f 36//36 49//49 50//50
f 36//36 50//50 51//51
f 52//52 3096//3096 36//36
f 52//52 3095//3095 3096//3096
f 51//51 53//53 36//36
f 36//36 53//53 54//54
f 36//36 54//54 55//55
f 3095//3095 52//52 3153//3153
f 3680//3680 30//30 27//27
f 3696//3696 30//30 3680//3680
f 57//57 1103//1103 3669//3669
f 3684//3684 1101//1101 1103//1103
f 3690//3690 1102//1102 58//58
f 3671//3671 29//29 3690//3690
f 3690//3690 29//29 1102//1102
f 244//244 29//29 3671//3671
f 244//244 3669//3669 29//29
f 3294//3294 59//59 60//60
f 3291//3291 61//61 62//62
f 3272//3272 63//63 64//64
f 460//460 65//65 66//66
f 298//298 67//67 68//68
f 3512//3512 69//69 70//70
f 3511//3511 71//71 72//72
f 3597//3597 73//73 74//74
f 3589//3589 75//75 76//76
f 77//77 78//78 79//79
f 3561//3561 80//80 81//81
f 3560//3560 82//82 83//83
f 3289//3289 84//84 85//85
f 84//84 3598//3598 85//85
f 3600//3600 86//86 87//87
f 86//86 3600//3600 88//88
f 86//86 88//88 89//89
f 89//89 88//88 90//90
f 89//89 90//90 91//91
f 91//91 90//90 3599//3599
f 93//93 94//94 92//92
f 92//92 94//94 3601//3601
f 94//94 93//93 95//95
f 94//94 95//95 3568//3568
f 84//84 3289//3289 92//92
f 84//84 92//92 3601//3601
f 3568//3568 95//95 96//96
f 96//96 95//95 97//97
f 3283//3283 99//99 98//98
f 98//98 99//99 3569//3569
f 96//96 97//97 98//98
f 96//96 98//98 3569//3569
f 3556//3556 100//100 101//101
f 101//101 100//100 3282//3282
f 99//99 3283//3283 100//100
f 99//99 100//100 3556//3556
f 101//101 3282//3282 102//102
f 3279//3279 103//103 102//102
f 102//102 103//103 3565//3565
f 102//102 3565//3565 101//101
f 3281//3281 104//104 105//105
f 105//105 104//104 3557//3557
f 103//103 3279//3279 105//105
f 103//103 105//105 3557//3557
f 3285//3285 106//106 107//107
f 107//107 106//106 3566//3566
f 104//104 3281//3281 107//107
f 104//104 107//107 3566//3566
f 3570//3570 109//109 108//108
f 108//108 109//109 3286//3286
f 106//106 3285//3285 109//109
f 106//106 109//109 3570//3570
f 110//110 3284//3284 111//111
f 111//111 3284//3284 112//112
f 113//113 3573//3573 111//111
f 3286//3286 110//110 108//108
f 108//108 110//110 111//111
f 108//108 111//111 3573//3573
f 111//111 3610//3610 113//113
f 113//113 3610//3610 114//114
f 113//113 114//114 3574//3574
f 83//83 82//82 3615//3615
f 3574//3574 114//114 82//82
f 82//82 114//114 3615//3615
f 3620//3620 115//115 116//116
f 116//116 115//115 117//117
f 116//116 117//117 118//118
f 116//116 118//118 119//119
f 119//119 118//118 120//120
f 119//119 120//120 83//83
f 83//83 120//120 3560//3560
f 115//115 3620//3620 121//121
f 115//115 121//121 3571//3571
f 3558//3558 122//122 123//123
f 122//122 3558//3558 124//124
f 122//122 124//124 125//125
f 125//125 124//124 126//126
f 125//125 126//126 121//121
f 121//121 126//126 3571//3571
f 81//81 80//80 3616//3616
f 3572//3572 127//127 80//80
f 80//80 127//127 3616//3616
f 122//122 3606//3606 123//123
f 123//123 3606//3606 127//127
f 123//123 127//127 3572//3572
f 79//79 78//78 128//128
f 128//128 78//78 129//129
f 128//128 129//129 81//81
f 81//81 129//129 3561//3561
f 77//77 79//79 130//130
f 130//130 79//79 3611//3611
f 130//130 3611//3611 131//131
f 132//132 133//133 134//134
f 134//134 133//133 135//135
f 134//134 135//135 136//136
f 136//136 135//135 137//137
f 136//136 137//137 131//131
f 131//131 137//137 3564//3564
f 131//131 3564//3564 130//130
f 3559//3559 138//138 139//139
f 132//132 3567//3567 133//133
f 139//139 138//138 3623//3623
f 3567//3567 132//132 138//138
f 138//138 132//132 3623//3623
f 3562//3562 140//140 141//141
f 141//141 140//140 142//142
f 142//142 140//140 143//143
f 142//142 143//143 139//139
f 139//139 143//143 3559//3559
f 144//144 145//145 146//146
f 146//146 145//145 147//147
f 146//146 147//147 141//141
f 141//141 147//147 3562//3562
f 154//154 148//148 149//149
f 144//144 3563//3563 145//145
f 149//149 148//148 3612//3612
f 3563//3563 144//144 148//148
f 148//148 144//144 3612//3612
f 150//150 151//151 152//152
f 152//152 151//151 153//153
f 152//152 153//153 149//149
f 149//149 153//153 154//154
f 150//150 155//155 151//151
f 3607//3607 156//156 157//157
f 155//155 150//150 157//157
f 157//157 150//150 3607//3607
f 158//158 159//159 3576//3576
f 156//156 3575//3575 157//157
f 3575//3575 156//156 158//158
f 158//158 156//156 3621//3621
f 158//158 3621//3621 159//159
f 434//434 160//160 159//159
f 159//159 160//160 161//161
f 159//159 161//161 3576//3576
f 162//162 3577//3577 160//160
f 160//160 3577//3577 161//161
f 160//160 434//434 162//162
f 162//162 434//434 163//163
f 162//162 163//163 164//164
f 164//164 163//163 165//165
f 164//164 165//165 166//166
f 166//166 165//165 167//167
f 3333//3333 168//168 167//167
f 167//167 168//168 3555//3555
f 167//167 3555//3555 166//166
f 168//168 3333//3333 3325//3325
f 168//168 3325//3325 169//169
f 168//168 169//169 170//170
f 170//170 169//169 171//171
f 170//170 171//171 3578//3578
f 3578//3578 171//171 172//172
f 172//172 171//171 3334//3334
f 3334//3334 173//173 172//172
f 172//172 173//173 174//174
f 172//172 174//174 175//175
f 175//175 174//174 176//176
f 175//175 176//176 178//178
f 3323//3323 177//177 176//176
f 176//176 177//177 178//178
f 177//177 3323//3323 179//179
f 177//177 179//179 180//180
f 180//180 179//179 181//181
f 180//180 181//181 3579//3579
f 3322//3322 183//183 181//181
f 181//181 183//183 3579//3579
f 182//182 3580//3580 184//184
f 182//182 184//184 185//185
f 185//185 184//184 183//183
f 185//185 183//183 3322//3322
f 186//186 3326//3326 187//187
f 186//186 187//187 188//188
f 188//188 187//187 189//189
f 188//188 189//189 3581//3581
f 3326//3326 186//186 182//182
f 182//182 186//186 3580//3580
f 190//190 3321//3321 191//191
f 190//190 191//191 201//201
f 3321//3321 190//190 189//189
f 189//189 190//190 3581//3581
f 193//193 192//192 3582//3582
f 192//192 193//193 194//194
f 194//194 193//193 195//195
f 194//194 195//195 196//196
f 196//196 195//195 197//197
f 196//196 197//197 202//202
f 193//193 3582//3582 198//198
f 193//193 198//198 199//199
f 199//199 198//198 3582//3582
f 199//199 3582//3582 200//200
f 199//199 200//200 3324//3324
f 3324//3324 200//200 191//191
f 191//191 200//200 201//201
f 197//197 3583//3583 202//202
f 203//203 3583//3583 197//197
f 197//197 3688//3688 203//203
f 203//203 3688//3688 205//205
f 203//203 205//205 206//206
f 206//206 205//205 204//204
f 206//206 204//204 3584//3584
f 207//207 3586//3586 208//208
f 207//207 208//208 209//209
f 209//209 208//208 210//210
f 209//209 210//210 204//204
f 204//204 210//210 3584//3584
f 3587//3587 211//211 75//75
f 211//211 3587//3587 212//212
f 211//211 212//212 213//213
f 213//213 212//212 214//214
f 213//213 214//214 207//207
f 207//207 214//214 3586//3586
f 3663//3663 216//216 3590//3590
f 3663//3663 3588//3588 215//215
f 215//215 3588//3588 217//217
f 215//215 217//217 218//218
f 218//218 217//217 219//219
f 218//218 219//219 76//76
f 76//76 219//219 3589//3589
f 220//220 3591//3591 221//221
f 222//222 223//223 224//224
f 224//224 223//223 220//220
f 224//224 220//220 3689//3689
f 3689//3689 220//220 221//221
f 221//221 3591//3591 225//225
f 221//221 225//225 226//226
f 226//226 225//225 227//227
f 226//226 227//227 216//216
f 216//216 227//227 3590//3590
f 228//228 3593//3593 229//229
f 229//229 3593//3593 230//230
f 229//229 230//230 231//231
f 231//231 230//230 232//232
f 231//231 232//232 222//222
f 222//222 232//232 3592//3592
f 222//222 3592//3592 223//223
f 3595//3595 233//233 234//234
f 234//234 233//233 235//235
f 234//234 235//235 236//236
f 236//236 235//235 237//237
f 236//236 237//237 3594//3594
f 229//229 3670//3670 228//228
f 228//228 3670//3670 238//238
f 228//228 238//238 239//239
f 239//239 238//238 233//233
f 239//239 233//233 3595//3595
f 3596//3596 240//240 73//73
f 240//240 3596//3596 241//241
f 240//240 241//241 242//242
f 242//242 241//241 243//243
f 242//242 243//243 237//237
f 237//237 243//243 3594//3594
f 244//244 245//245 246//246
f 246//246 245//245 247//247
f 246//246 247//247 74//74
f 74//74 247//247 3597//3597
f 3671//3671 2398//2398 245//245
f 91//91 3599//3599 3671//3671
f 248//248 3527//3527 3664//3664
f 3343//3343 250//250 249//249
f 249//249 250//250 3506//3506
f 249//249 3506//3506 251//251
f 249//249 251//251 252//252
f 253//253 248//248 254//254
f 254//254 248//248 255//255
f 254//254 255//255 252//252
f 252//252 255//255 256//256
f 252//252 256//256 249//249
f 248//248 253//253 3527//3527
f 1088//1088 257//257 258//258
f 258//258 257//257 3344//3344
f 250//250 3343//3343 257//257
f 250//250 257//257 1088//1088
f 3349//3349 260//260 259//259
f 259//259 260//260 3507//3507
f 258//258 3344//3344 259//259
f 258//258 259//259 3507//3507
f 3519//3519 261//261 262//262
f 262//262 261//261 3341//3341
f 260//260 3349//3349 261//261
f 260//260 261//261 3519//3519
f 3508//3508 263//263 264//264
f 264//264 263//263 3347//3347
f 262//262 3341//3341 263//263
f 262//262 263//263 3508//3508
f 264//264 3347//3347 266//266
f 264//264 266//266 3509//3509
f 3345//3345 265//265 266//266
f 266//266 265//265 3509//3509
f 3351//3351 267//267 268//268
f 268//268 267//267 3510//3510
f 265//265 3345//3345 268//268
f 265//265 268//268 3510//3510
f 3348//3348 269//269 270//270
f 270//270 269//269 3531//3531
f 267//267 3351//3351 270//270
f 267//267 270//270 3531//3531
f 3342//3342 271//271 272//272
f 3342//3342 272//272 273//273
f 273//273 272//272 3521//3521
f 269//269 3348//3348 273//273
f 269//269 273//273 3521//3521
f 274//274 275//275 276//276
f 276//276 275//275 277//277
f 276//276 277//277 278//278
f 278//278 277//277 271//271
f 278//278 271//271 1063//1063
f 72//72 71//71 3624//3624
f 279//279 274//274 71//71
f 71//71 274//274 3624//3624
f 271//271 275//275 272//272
f 272//272 275//275 274//274
f 272//272 274//274 279//279
f 280//280 281//281 282//282
f 282//282 281//281 283//283
f 282//282 283//283 72//72
f 72//72 283//283 3511//3511
f 284//284 3526//3526 280//280
f 280//280 3526//3526 281//281
f 70//70 69//69 3604//3604
f 1086//1086 285//285 69//69
f 69//69 285//285 3604//3604
f 280//280 286//286 284//284
f 284//284 286//286 285//285
f 284//284 285//285 1086//1086
f 68//68 67//67 3603//3603
f 3522//3522 287//287 67//67
f 67//67 287//287 3603//3603
f 287//287 3522//3522 288//288
f 287//287 288//288 289//289
f 289//289 288//288 290//290
f 289//289 290//290 70//70
f 70//70 290//290 3512//3512
f 3530//3530 291//291 292//292
f 292//292 291//291 293//293
f 292//292 293//293 294//294
f 291//291 3530//3530 295//295
f 291//291 295//295 296//296
f 296//296 295//295 297//297
f 296//296 297//297 68//68
f 68//68 297//297 298//298
f 293//293 3602//3602 294//294
f 294//294 3602//3602 299//299
f 294//294 299//299 300//300
f 300//300 299//299 301//301
f 300//300 301//301 3514//3514
f 302//302 3529//3529 303//303
f 302//302 303//303 304//304
f 304//304 303//303 305//305
f 304//304 305//305 301//301
f 301//301 305//305 3514//3514
f 3618//3618 306//306 302//302
f 302//302 306//306 3529//3529
f 306//306 3618//3618 307//307
f 306//306 307//307 3524//3524
f 3520//3520 308//308 309//309
f 3524//3524 307//307 310//310
f 310//310 307//307 311//311
f 310//310 311//311 312//312
f 312//312 311//311 313//313
f 312//312 313//313 3518//3518
f 309//309 308//308 3619//3619
f 3518//3518 313//313 308//308
f 308//308 313//313 3619//3619
f 3523//3523 314//314 315//315
f 315//315 314//314 316//316
f 316//316 314//314 317//317
f 316//316 317//317 309//309
f 309//309 317//317 3520//3520
f 318//318 3528//3528 319//319
f 318//318 319//319 320//320
f 320//320 319//319 321//321
f 320//320 321//321 315//315
f 315//315 321//321 3523//3523
f 3614//3614 322//322 323//323
f 323//323 322//322 3548//3548
f 3528//3528 318//318 323//323
f 323//323 318//318 3614//3614
f 64//64 63//63 324//324
f 324//324 63//63 325//325
f 324//324 325//325 322//322
f 322//322 325//325 326//326
f 328//328 3548//3548 322//322
f 322//322 326//326 327//327
f 322//322 327//327 328//328
f 328//328 327//327 3547//3547
f 3547//3547 327//327 329//329
f 329//329 327//327 3266//3266
f 330//330 331//331 3554//3554
f 329//329 3266//3266 332//332
f 329//329 332//332 333//333
f 333//333 332//332 330//330
f 333//333 330//330 3554//3554
f 330//330 3265//3265 331//331
f 334//334 335//335 3542//3542
f 331//331 3265//3265 336//336
f 331//331 336//336 337//337
f 337//337 336//336 334//334
f 337//337 334//334 3542//3542
f 334//334 3268//3268 335//335
f 3268//3268 338//338 335//335
f 335//335 338//338 339//339
f 335//335 339//339 340//340
f 340//340 339//339 341//341
f 340//340 341//341 3546//3546
f 3264//3264 342//342 341//341
f 341//341 342//342 3546//3546
f 342//342 3264//3264 343//343
f 342//342 343//343 344//344
f 344//344 343//343 345//345
f 344//344 345//345 1085//1085
f 3273//3273 346//346 345//345
f 345//345 346//346 1085//1085
f 346//346 3273//3273 347//347
f 346//346 347//347 348//348
f 348//348 347//347 349//349
f 348//348 349//349 3549//3549
f 3263//3263 351//351 349//349
f 349//349 351//351 3549//3549
f 350//350 3537//3537 352//352
f 350//350 352//352 353//353
f 353//353 352//352 351//351
f 353//353 351//351 3263//3263
f 3537//3537 350//350 355//355
f 355//355 350//350 3267//3267
f 354//354 3545//3545 356//356
f 354//354 356//356 357//357
f 357//357 356//356 355//355
f 357//357 355//355 3267//3267
f 3544//3544 359//359 358//358
f 358//358 359//359 360//360
f 358//358 360//360 361//361
f 360//360 359//359 361//361
f 361//361 359//359 3534//3534
f 361//361 3534//3534 362//362
f 361//361 362//362 3275//3275
f 3275//3275 362//362 354//354
f 354//354 362//362 3545//3545
f 363//363 3695//3695 3551//3551
f 363//363 3551//3551 364//364
f 363//363 364//364 365//365
f 365//365 364//364 366//366
f 365//365 366//366 358//358
f 358//358 366//366 3553//3553
f 358//358 3553//3553 3544//3544
f 3695//3695 367//367 3541//3541
f 3540//3540 368//368 369//369
f 368//368 3676//3676 369//369
f 369//369 3676//3676 370//370
f 369//369 370//370 371//371
f 371//371 370//370 372//372
f 371//371 372//372 3535//3535
f 368//368 3540//3540 373//373
f 368//368 373//373 374//374
f 374//374 373//373 375//375
f 374//374 375//375 367//367
f 367//367 375//375 3541//3541
f 3550//3550 376//376 377//377
f 376//376 3550//3550 378//378
f 376//376 378//378 379//379
f 379//379 378//378 380//380
f 379//379 380//380 372//372
f 372//372 380//380 3535//3535
f 382//382 381//381 383//383
f 382//382 383//383 384//384
f 384//384 383//383 385//385
f 384//384 385//385 391//391
f 382//382 1066//1066 381//381
f 390//390 3697//3697 386//386
f 386//386 3697//3697 387//387
f 386//386 387//387 388//388
f 388//388 387//387 389//389
f 388//388 389//389 3543//3543
f 390//390 391//391 385//385
f 392//392 3538//3538 393//393
f 393//393 3538//3538 394//394
f 393//393 394//394 395//395
f 395//395 394//394 396//396
f 395//395 396//396 389//389
f 389//389 396//396 3543//3543
f 3536//3536 397//397 398//398
f 398//398 397//397 399//399
f 398//398 399//399 400//400
f 400//400 399//399 401//401
f 400//400 401//401 3539//3539
f 393//393 3679//3679 392//392
f 392//392 3679//3679 402//402
f 392//392 402//402 403//403
f 403//403 402//402 397//397
f 403//403 397//397 3536//3536
f 3260//3260 404//404 3678//3678
f 3678//3678 404//404 405//405
f 405//405 404//404 406//406
f 405//405 406//406 401//401
f 401//401 406//406 3539//3539
f 3357//3357 407//407 408//408
f 408//408 407//407 409//409
f 408//408 409//409 3359//3359
f 3360//3360 410//410 411//411
f 3359//3359 409//409 412//412
f 412//412 409//409 413//413
f 412//412 413//413 3358//3358
f 411//411 410//410 3667//3667
f 3358//3358 413//413 410//410
f 410//410 413//413 3667//3667
f 3330//3330 414//414 415//415
f 415//415 414//414 416//416
f 416//416 414//414 417//417
f 416//416 417//417 411//411
f 411//411 417//417 3360//3360
f 3330//3330 415//415 418//418
f 3685//3685 419//419 420//420
f 420//420 419//419 3329//3329
f 415//415 3668//3668 418//418
f 418//418 3668//3668 420//420
f 418//418 420//420 3329//3329
f 419//419 3685//3685 421//421
f 419//419 421//421 3337//3337
f 422//422 3331//3331 423//423
f 422//422 423//423 3687//3687
f 3337//3337 421//421 424//424
f 424//424 421//421 425//425
f 424//424 425//425 426//426
f 426//426 425//425 427//427
f 426//426 427//427 423//423
f 423//423 427//427 3687//3687
f 428//428 3327//3327 429//429
f 428//428 429//429 430//430
f 430//430 429//429 431//431
f 430//430 431//431 422//422
f 422//422 431//431 3331//3331
f 3686//3686 432//432 428//428
f 428//428 432//432 3327//3327
f 199//199 3336//3336 193//193
f 193//193 3336//3336 432//432
f 193//193 432//432 3686//3686
f 434//434 3613//3613 433//433
f 433//433 3613//3613 436//436
f 433//433 436//436 437//437
f 437//437 436//436 435//435
f 437//437 435//435 3335//3335
f 3332//3332 438//438 3608//3608
f 438//438 3332//3332 439//439
f 438//438 439//439 440//440
f 440//440 439//439 441//441
f 440//440 441//441 435//435
f 435//435 441//441 3335//3335
f 3608//3608 3346//3346 1062//1062
f 2//2 3346//3346 3608//3608
f 3338//3338 3346//3346 442//442
f 3346//3346 2//2 442//442
f 278//278 1063//1063 443//443
f 3338//3338 442//442 444//444
f 444//444 442//442 445//445
f 444//444 445//445 443//443
f 443//443 445//445 3605//3605
f 443//443 3605//3605 278//278
f 3681//3681 446//446 447//447
f 3339//3339 256//256 447//447
f 447//447 256//256 3681//3681
f 256//256 3339//3339 249//249
f 3352//3352 448//448 449//449
f 448//448 3352//3352 450//450
f 448//448 450//450 451//451
f 451//451 450//450 452//452
f 451//451 452//452 446//446
f 446//446 452//452 3340//3340
f 446//446 3340//3340 447//447
f 66//66 65//65 3682//3682
f 3353//3353 453//453 65//65
f 65//65 453//453 3682//3682
f 448//448 3665//3665 449//449
f 449//449 3665//3665 453//453
f 449//449 453//453 3353//3353
f 3683//3683 455//455 456//456
f 3354//3354 454//454 456//456
f 456//456 454//454 3683//3683
f 454//454 3354//3354 457//457
f 454//454 457//457 458//458
f 458//458 457//457 459//459
f 458//458 459//459 66//66
f 66//66 459//459 460//460
f 461//461 462//462 463//463
f 463//463 462//462 464//464
f 463//463 464//464 455//455
f 455//455 464//464 3355//3355
f 455//455 3355//3355 456//456
f 3666//3666 465//465 461//461
f 461//461 465//465 3356//3356
f 407//407 3357//3357 465//465
f 407//407 465//465 3666//3666
f 461//461 3356//3356 462//462
f 3261//3261 467//467 468//468
f 3296//3296 466//466 469//469
f 469//469 466//466 470//470
f 469//469 470//470 471//471
f 471//471 470//470 472//472
f 471//471 472//472 3297//3297
f 468//468 467//467 3674//3674
f 3297//3297 472//472 467//467
f 467//467 472//472 3674//3674
f 473//473 474//474 475//475
f 475//475 474//474 476//476
f 475//475 476//476 468//468
f 468//468 476//476 3261//3261
f 3274//3274 477//477 478//478
f 473//473 479//479 474//474
f 478//478 477//477 3692//3692
f 479//479 473//473 477//477
f 477//477 473//473 3692//3692
f 480//480 481//481 482//482
f 482//482 481//481 483//483
f 482//482 483//483 478//478
f 478//478 483//483 3274//3274
f 3271//3271 484//484 485//485
f 480//480 3270//3270 481//481
f 485//485 484//484 3675//3675
f 3270//3270 480//480 484//484
f 484//484 480//480 3675//3675
f 486//486 3276//3276 487//487
f 487//487 3276//3276 488//488
f 487//487 488//488 489//489
f 489//489 488//488 490//490
f 489//489 490//490 485//485
f 485//485 490//490 3271//3271
f 361//361 3269//3269 358//358
f 358//358 3269//3269 491//491
f 358//358 491//491 3694//3694
f 487//487 3693//3693 486//486
f 486//486 3693//3693 492//492
f 486//486 492//492 491//491
f 491//491 492//492 3694//3694
f 64//64 3662//3662 3272//3272
f 3622//3622 3288//3288 3662//3662
f 3622//3622 3308//3308 3288//3288
f 493//493 3280//3280 3308//3308
f 493//493 3308//3308 3622//3622
f 494//494 112//112 3278//3278
f 494//494 3278//3278 495//495
f 3280//3280 493//493 496//496
f 496//496 493//493 497//497
f 496//496 497//497 495//495
f 495//495 497//497 3609//3609
f 495//495 3609//3609 494//494
f 62//62 61//61 3690//3690
f 3290//3290 86//86 61//61
f 61//61 86//86 3690//3690
f 3598//3598 87//87 85//85
f 85//85 87//87 86//86
f 85//85 86//86 3290//3290
f 3292//3292 498//498 499//499
f 499//499 498//498 3672//3672
f 499//499 3672//3672 500//500
f 499//499 500//500 3293//3293
f 498//498 3292//3292 501//501
f 498//498 501//501 502//502
f 502//502 501//501 503//503
f 502//502 503//503 62//62
f 62//62 503//503 3291//3291
f 60//60 59//59 58//58
f 504//504 505//505 59//59
f 59//59 505//505 58//58
f 505//505 504//504 506//506
f 505//505 506//506 507//507
f 507//507 506//506 508//508
f 507//507 508//508 500//500
f 500//500 508//508 3293//3293
f 509//509 3295//3295 510//510
f 509//509 510//510 511//511
f 511//511 510//510 512//512
f 511//511 512//512 60//60
f 60//60 512//512 3294//3294
f 513//513 3295//3295 509//509
f 514//514 515//515 516//516
f 516//516 515//515 3691//3691
f 466//466 3296//3296 516//516
f 466//466 516//516 3691//3691
f 509//509 3673//3673 513//513
f 513//513 3673//3673 515//515
f 513//513 515//515 514//514
f 1103//1103 25//25 518//518
f 517//517 1102//1102 29//29
f 517//517 30//30 1102//1102
f 3259//3259 25//25 1101//1101
f 25//25 22//22 20//20
f 20//20 18//18 25//25
f 25//25 18//18 518//518
f 12//12 29//29 518//518
f 12//12 5//5 29//29
f 5//5 8//8 29//29
f 8//8 10//10 29//29
f 10//10 28//28 29//29
f 29//29 28//28 517//517
f 1101//1101 25//25 1103//1103
f 517//517 27//27 30//30
f 519//519 3259//3259 3215//3215
f 3215//3215 520//520 519//519
f 519//519 520//520 521//521
f 519//519 521//521 522//522
f 522//522 523//523 519//519
f 519//519 523//523 524//524
f 519//519 524//524 525//525
f 526//526 3259//3259 519//519
f 26//26 3259//3259 526//526
f 530//530 3099//3099 527//527
f 529//529 528//528 530//530
f 531//531 532//532 529//529
f 529//529 532//532 533//533
f 529//529 533//533 528//528
f 534//534 535//535 529//529
f 529//529 535//535 536//536
f 529//529 536//536 531//531
f 529//529 530//530 527//527
f 537//537 538//538 529//529
f 529//529 538//538 539//539
f 529//529 539//539 534//534
f 529//529 1976//1976 537//537
f 1638//1638 540//540 1985//1985
f 541//541 542//542 543//543
f 543//543 542//542 544//544
f 543//543 544//544 545//545
f 546//546 547//547 544//544
f 544//544 547//547 548//548
f 544//544 548//548 545//545
f 541//541 549//549 542//542
f 542//542 549//549 550//550
f 542//542 550//550 551//551
f 552//552 553//553 544//544
f 544//544 553//553 554//554
f 544//544 554//554 546//546
f 551//551 555//555 542//542
f 542//542 555//555 556//556
f 542//542 556//556 557//557
f 558//558 559//559 544//544
f 544//544 559//559 560//560
f 544//544 560//560 552//552
f 557//557 561//561 542//542
f 542//542 561//561 562//562
f 542//542 562//562 563//563
f 544//544 564//564 558//558
f 563//563 565//565 542//542
f 542//542 565//565 566//566
f 542//542 566//566 567//567
f 1932//1932 1896//1896 544//544
f 544//544 1896//1896 564//564
f 567//567 568//568 542//542
f 542//542 568//568 569//569
f 542//542 569//569 570//570
f 544//544 1862//1862 1932//1932
f 570//570 571//571 542//542
f 542//542 571//571 572//572
f 542//542 572//572 573//573
f 544//544 1933//1933 1862//1862
f 573//573 574//574 542//542
f 544//544 1787//1787 1933//1933
f 575//575 1459//1459 1863//1863
f 542//542 574//574 1985//1985
f 1787//1787 544//544 575//575
f 574//574 1750//1750 1985//1985
f 575//575 1863//1863 1787//1787
f 1985//1985 1750//1750 1638//1638
f 576//576 1100//1100 577//577
f 576//576 2397//2397 1100//1100
f 577//577 1100//1100 2396//2396
f 577//577 2396//2396 2950//2950
f 2950//2950 579//579 578//578
f 578//578 579//579 580//580
f 582//582 583//583 581//581
f 581//581 583//583 584//584
f 581//581 584//584 2395//2395
f 580//580 585//585 578//578
f 578//578 585//585 586//586
f 578//578 586//586 587//587
f 581//581 588//588 589//589
f 581//581 589//589 582//582
f 587//587 590//590 578//578
f 578//578 590//590 591//591
f 578//578 591//591 2934//2934
f 581//581 2395//2395 2397//2397
f 581//581 2397//2397 576//576
f 577//577 2950//2950 578//578
f 581//581 2826//2826 2871//2871
f 581//581 2871//2871 588//588
f 592//592 56//56 593//593
f 592//592 593//593 595//595
f 595//595 593//593 596//596
f 595//595 596//596 597//597
f 597//597 596//596 598//598
f 597//597 598//598 594//594
f 594//594 598//598 599//599
f 594//594 599//599 3462//3462
f 3462//3462 3460//3460 594//594
f 594//594 3460//3460 592//592
f 592//592 3460//3460 56//56
f 600//600 3463//3463 601//601
f 603//603 604//604 602//602
f 602//602 604//604 605//605
f 605//605 604//604 606//606
f 605//605 606//606 607//607
f 607//607 606//606 608//608
f 607//607 608//608 600//600
f 600//600 608//608 609//609
f 600//600 609//609 3464//3464
f 602//602 3505//3505 603//603
f 600//600 601//601 602//602
f 602//602 601//601 610//610
f 602//602 610//610 3505//3505
f 600//600 3464//3464 3463//3463
f 3376//3376 611//611 612//612
f 2709//2709 613//613 614//614
f 615//615 2481//2481 616//616
f 615//615 616//616 637//637
f 2710//2710 617//617 616//616
f 616//616 617//617 3633//3633
f 616//616 3633//3633 618//618
f 616//616 618//618 637//637
f 619//619 620//620 621//621
f 621//621 620//620 622//622
f 621//621 622//622 623//623
f 623//623 622//622 624//624
f 623//623 624//624 625//625
f 625//625 624//624 626//626
f 625//625 626//626 627//627
f 627//627 626//626 628//628
f 627//627 628//628 629//629
f 629//629 628//628 630//630
f 629//629 630//630 631//631
f 631//631 630//630 632//632
f 631//631 632//632 633//633
f 633//633 632//632 634//634
f 633//633 634//634 635//635
f 635//635 634//634 636//636
f 635//635 636//636 618//618
f 618//618 636//636 637//637
f 621//621 3637//3637 619//619
f 619//619 3637//3637 638//638
f 619//619 638//638 639//639
f 639//639 638//638 640//640
f 640//640 638//638 641//641
f 640//640 641//641 642//642
f 642//642 641//641 643//643
f 642//642 643//643 644//644
f 644//644 643//643 645//645
f 644//644 645//645 646//646
f 646//646 645//645 647//647
f 646//646 647//647 648//648
f 648//648 647//647 649//649
f 648//648 649//649 650//650
f 650//650 649//649 651//651
f 650//650 651//651 652//652
f 653//653 3364//3364 654//654
f 651//651 653//653 652//652
f 652//652 653//653 654//654
f 652//652 654//654 655//655
f 655//655 654//654 656//656
f 655//655 656//656 657//657
f 657//657 656//656 3364//3364
f 657//657 3364//3364 658//658
f 657//657 658//658 659//659
f 659//659 658//658 660//660
f 660//660 658//658 3370//3370
f 3368//3368 661//661 662//662
f 662//662 661//661 663//663
f 660//660 3370//3370 662//662
f 660//660 662//662 663//663
f 661//661 3368//3368 664//664
f 3369//3369 665//665 666//666
f 666//666 665//665 667//667
f 665//665 3369//3369 668//668
f 665//665 668//668 669//669
f 669//669 668//668 670//670
f 669//669 670//670 2099//2099
f 667//667 671//671 666//666
f 666//666 671//671 672//672
f 666//666 672//672 664//664
f 664//664 672//672 673//673
f 664//664 673//673 661//661
f 3366//3366 674//674 670//670
f 670//670 674//674 2099//2099
f 675//675 1601//1601 676//676
f 675//675 676//676 677//677
f 677//677 676//676 678//678
f 674//674 3366//3366 679//679
f 674//674 679//679 680//680
f 680//680 679//679 681//681
f 680//680 681//681 682//682
f 682//682 681//681 683//683
f 682//682 683//683 678//678
f 678//678 683//683 3363//3363
f 678//678 3363//3363 677//677
f 3371//3371 684//684 675//675
f 675//675 684//684 1601//1601
f 684//684 3371//3371 685//685
f 684//684 685//685 686//686
f 686//686 685//685 687//687
f 686//686 687//687 688//688
f 688//688 687//687 3362//3362
f 688//688 3362//3362 689//689
f 688//688 689//689 690//690
f 690//690 689//689 691//691
f 690//690 691//691 692//692
f 692//692 691//691 3367//3367
f 692//692 3367//3367 3361//3361
f 692//692 3361//3361 693//693
f 1863//1863 693//693 3361//3361
f 1863//1863 3361//3361 694//694
f 694//694 695//695 696//696
f 696//696 695//695 697//697
f 696//696 697//697 698//698
f 697//697 699//699 698//698
f 698//698 699//699 700//700
f 700//700 699//699 701//701
f 700//700 701//701 702//702
f 702//702 701//701 3392//3392
f 702//702 3392//3392 703//703
f 702//702 703//703 704//704
f 704//704 703//703 705//705
f 704//704 705//705 706//706
f 706//706 705//705 3390//3390
f 706//706 3390//3390 707//707
f 706//706 707//707 708//708
f 708//708 707//707 709//709
f 708//708 709//709 710//710
f 710//710 709//709 3391//3391
f 710//710 3391//3391 711//711
f 710//710 711//711 712//712
f 712//712 711//711 713//713
f 712//712 713//713 714//714
f 714//714 713//713 3389//3389
f 714//714 3389//3389 715//715
f 714//714 715//715 716//716
f 716//716 715//715 717//717
f 716//716 717//717 718//718
f 718//718 717//717 3378//3378
f 718//718 3378//3378 719//719
f 718//718 719//719 720//720
f 720//720 719//719 721//721
f 720//720 721//721 722//722
f 721//721 3386//3386 722//722
f 722//722 3386//3386 723//723
f 722//722 723//723 724//724
f 724//724 723//723 725//725
f 724//724 725//725 726//726
f 725//725 3385//3385 726//726
f 726//726 3385//3385 727//727
f 726//726 727//727 728//728
f 728//728 727//727 729//729
f 728//728 729//729 730//730
f 730//730 729//729 3384//3384
f 730//730 3384//3384 731//731
f 730//730 731//731 732//732
f 732//732 731//731 733//733
f 732//732 733//733 734//734
f 734//734 733//733 3383//3383
f 734//734 3383//3383 735//735
f 734//734 735//735 736//736
f 736//736 735//735 737//737
f 736//736 737//737 738//738
f 738//738 737//737 3377//3377
f 3377//3377 3380//3380 738//738
f 738//738 3380//3380 739//739
f 738//738 739//739 740//740
f 740//740 739//739 741//741
f 740//740 741//741 742//742
f 742//742 741//741 3388//3388
f 742//742 3388//3388 743//743
f 742//742 743//743 744//744
f 744//744 743//743 745//745
f 744//744 745//745 746//746
f 746//746 745//745 747//747
f 746//746 747//747 748//748
f 746//746 748//748 749//749
f 749//749 748//748 750//750
f 749//749 750//750 751//751
f 750//750 3382//3382 751//751
f 753//753 3379//3379 752//752
f 751//751 3382//3382 754//754
f 751//751 754//754 755//755
f 755//755 754//754 753//753
f 755//755 753//753 756//756
f 756//756 753//753 752//752
f 752//752 3379//3379 758//758
f 752//752 758//758 759//759
f 759//759 758//758 760//760
f 759//759 760//760 757//757
f 757//757 760//760 762//762
f 761//761 762//762 763//763
f 763//763 762//762 1062//1062
f 757//757 762//762 761//761
f 757//757 761//761 764//764
f 764//764 761//761 765//765
f 764//764 765//765 766//766
f 765//765 3655//3655 766//766
f 766//766 3655//3655 767//767
f 766//766 767//767 768//768
f 768//768 767//767 769//769
f 768//768 769//769 770//770
f 770//770 769//769 771//771
f 770//770 771//771 772//772
f 772//772 771//771 773//773
f 772//772 773//773 774//774
f 773//773 3661//3661 774//774
f 774//774 3661//3661 775//775
f 774//774 775//775 776//776
f 776//776 775//775 777//777
f 776//776 777//777 778//778
f 778//778 777//777 779//779
f 778//778 779//779 780//780
f 780//780 779//779 781//781
f 780//780 781//781 782//782
f 781//781 3660//3660 782//782
f 782//782 3660//3660 783//783
f 782//782 783//783 784//784
f 784//784 783//783 785//785
f 784//784 785//785 786//786
f 786//786 785//785 787//787
f 786//786 787//787 788//788
f 788//788 787//787 789//789
f 788//788 789//789 790//790
f 790//790 789//789 791//791
f 790//790 791//791 792//792
f 792//792 791//791 793//793
f 792//792 793//793 794//794
f 793//793 795//795 794//794
f 794//794 795//795 796//796
f 794//794 796//796 797//797
f 797//797 796//796 798//798
f 797//797 798//798 799//799
f 799//799 798//798 800//800
f 799//799 800//800 801//801
f 800//800 3658//3658 801//801
f 801//801 3658//3658 802//802
f 801//801 802//802 803//803
f 803//803 802//802 804//804
f 803//803 804//804 805//805
f 805//805 804//804 806//806
f 805//805 806//806 807//807
f 807//807 806//806 808//808
f 807//807 808//808 809//809
f 809//809 808//808 810//810
f 809//809 810//810 811//811
f 811//811 810//810 812//812
f 811//811 812//812 813//813
f 813//813 812//812 814//814
f 813//813 814//814 815//815
f 815//815 814//814 816//816
f 815//815 816//816 817//817
f 817//817 816//816 818//818
f 817//817 818//818 819//819
f 819//819 818//818 820//820
f 819//819 820//820 821//821
f 821//821 820//820 822//822
f 821//821 822//822 823//823
f 823//823 822//822 824//824
f 823//823 824//824 825//825
f 824//824 3649//3649 825//825
f 825//825 3649//3649 826//826
f 825//825 826//826 827//827
f 827//827 826//826 828//828
f 827//827 828//828 829//829
f 828//828 3653//3653 829//829
f 829//829 3653//3653 830//830
f 829//829 830//830 831//831
f 831//831 830//830 832//832
f 831//831 832//832 833//833
f 833//833 832//832 834//834
f 834//834 832//832 835//835
f 834//834 835//835 836//836
f 835//835 3632//3632 836//836
f 836//836 3632//3632 837//837
f 836//836 837//837 838//838
f 838//838 837//837 839//839
f 838//838 839//839 840//840
f 840//840 839//839 841//841
f 840//840 841//841 842//842
f 842//842 841//841 843//843
f 842//842 843//843 844//844
f 843//843 3639//3639 844//844
f 844//844 3639//3639 845//845
f 844//844 845//845 846//846
f 846//846 845//845 847//847
f 846//846 847//847 848//848
f 848//848 847//847 849//849
f 848//848 849//849 850//850
f 850//850 849//849 851//851
f 850//850 851//851 852//852
f 852//852 851//851 853//853
f 852//852 853//853 854//854
f 854//854 853//853 855//855
f 854//854 855//855 856//856
f 855//855 3636//3636 856//856
f 856//856 3636//3636 857//857
f 856//856 857//857 858//858
f 858//858 857//857 859//859
f 858//858 859//859 860//860
f 860//860 859//859 861//861
f 860//860 861//861 862//862
f 863//863 864//864 865//865
f 865//865 864//864 866//866
f 865//865 866//866 867//867
f 867//867 866//866 868//868
f 867//867 868//868 869//869
f 869//869 868//868 870//870
f 869//869 870//870 871//871
f 871//871 870//870 872//872
f 871//871 872//872 873//873
f 873//873 872//872 874//874
f 873//873 874//874 875//875
f 875//875 874//874 862//862
f 875//875 862//862 3643//3643
f 3643//3643 862//862 861//861
f 863//863 1060//1060 876//876
f 863//863 876//876 864//864
f 864//864 876//876 877//877
f 864//864 877//877 878//878
f 878//878 877//877 879//879
f 878//878 879//879 880//880
f 880//880 879//879 1060//1060
f 880//880 1060//1060 881//881
f 880//880 881//881 1393//1393
f 1393//1393 881//881 882//882
f 882//882 881//881 3308//3308
f 882//882 3308//3308 883//883
f 882//882 883//883 1389//1389
f 1389//1389 883//883 884//884
f 884//884 883//883 3305//3305
f 884//884 3305//3305 885//885
f 884//884 885//885 1392//1392
f 1392//1392 885//885 886//886
f 886//886 885//885 3301//3301
f 886//886 3301//3301 887//887
f 886//886 887//887 1530//1530
f 1530//1530 887//887 888//888
f 888//888 887//887 3302//3302
f 888//888 3302//3302 889//889
f 888//888 889//889 1956//1956
f 1956//1956 889//889 3287//3287
f 3287//3287 890//890 1426//1426
f 1426//1426 890//890 891//891
f 891//891 890//890 3303//3303
f 891//891 3303//3303 892//892
f 891//891 892//892 1675//1675
f 1675//1675 892//892 893//893
f 893//893 892//892 3300//3300
f 893//893 3300//3300 894//894
f 893//893 894//894 895//895
f 895//895 894//894 896//896
f 895//895 896//896 897//897
f 897//897 896//896 3304//3304
f 897//897 3304//3304 898//898
f 897//897 898//898 899//899
f 899//899 898//898 900//900
f 899//899 900//900 901//901
f 901//901 900//900 3299//3299
f 901//901 3299//3299 902//902
f 901//901 902//902 903//903
f 903//903 902//902 904//904
f 903//903 904//904 905//905
f 905//905 904//904 3306//3306
f 905//905 3306//3306 906//906
f 905//905 906//906 907//907
f 907//907 906//906 908//908
f 907//907 908//908 909//909
f 909//909 908//908 3319//3319
f 909//909 3319//3319 910//910
f 909//909 910//910 911//911
f 911//911 910//910 3317//3317
f 911//911 3317//3317 912//912
f 3317//3317 3318//3318 912//912
f 912//912 3318//3318 913//913
f 912//912 913//913 914//914
f 914//914 913//913 3298//3298
f 914//914 3298//3298 1460//1460
f 1460//1460 3298//3298 915//915
f 915//915 3298//3298 916//916
f 915//915 916//916 917//917
f 916//916 3315//3315 917//917
f 917//917 3315//3315 918//918
f 918//918 3315//3315 919//919
f 918//918 919//919 920//920
f 919//919 922//922 920//920
f 920//920 922//922 921//921
f 920//920 921//921 1674//1674
f 1674//1674 921//921 3314//3314
f 926//926 2124//2124 925//925
f 926//926 925//925 3311//3311
f 3311//3311 925//925 927//927
f 3310//3310 3309//3309 928//928
f 3310//3310 928//928 929//929
f 928//928 930//930 929//929
f 929//929 930//930 931//931
f 929//929 931//931 926//926
f 926//926 931//931 2124//2124
f 3312//3312 932//932 933//933
f 928//928 3309//3309 934//934
f 928//928 934//934 935//935
f 935//935 934//934 933//933
f 935//935 933//933 936//936
f 936//936 933//933 932//932
f 932//932 3312//3312 938//938
f 932//932 938//938 939//939
f 939//939 938//938 940//940
f 939//939 940//940 937//937
f 937//937 940//940 3313//3313
f 942//942 946//946 941//941
f 937//937 3313//3313 943//943
f 937//937 943//943 944//944
f 944//944 943//943 942//942
f 944//944 942//942 945//945
f 945//945 942//942 941//941
f 946//946 3702//3702 947//947
f 941//941 946//946 947//947
f 941//941 947//947 948//948
f 948//948 947//947 949//949
f 948//948 949//949 950//950
f 950//950 949//949 951//951
f 950//950 951//951 952//952
f 952//952 951//951 953//953
f 952//952 953//953 954//954
f 954//954 953//953 955//955
f 954//954 955//955 956//956
f 956//956 955//955 957//957
f 956//956 957//957 958//958
f 958//958 957//957 959//959
f 958//958 959//959 960//960
f 960//960 959//959 961//961
f 960//960 961//961 962//962
f 962//962 961//961 963//963
f 963//963 961//961 964//964
f 963//963 964//964 965//965
f 964//964 3656//3656 965//965
f 965//965 3656//3656 966//966
f 965//965 966//966 967//967
f 967//967 966//966 968//968
f 969//969 3654//3654 970//970
f 970//970 3654//3654 971//971
f 970//970 2703//2703 969//969
f 2703//2703 972//972 969//969
f 969//969 972//972 973//973
f 969//969 973//973 974//974
f 974//974 973//973 975//975
f 974//974 975//975 976//976
f 976//976 975//975 977//977
f 976//976 977//977 978//978
f 978//978 977//977 979//979
f 978//978 979//979 980//980
f 980//980 979//979 981//981
f 980//980 981//981 982//982
f 982//982 981//981 983//983
f 982//982 983//983 968//968
f 968//968 983//983 984//984
f 968//968 984//984 967//967
f 985//985 986//986 987//987
f 987//987 986//986 988//988
f 987//987 988//988 989//989
f 989//989 988//988 2704//2704
f 989//989 2704//2704 990//990
f 989//989 990//990 991//991
f 991//991 990//990 992//992
f 991//991 992//992 971//971
f 971//971 992//992 2705//2705
f 971//971 2705//2705 970//970
f 614//614 613//613 3628//3628
f 993//993 985//985 613//613
f 613//613 985//985 3628//3628
f 985//985 993//993 986//986
f 3640//3640 995//995 996//996
f 2706//2706 994//994 996//996
f 996//996 994//994 3640//3640
f 994//994 2706//2706 997//997
f 994//994 997//997 998//998
f 998//998 997//997 999//999
f 998//998 999//999 614//614
f 614//614 999//999 2709//2709
f 1000//1000 1001//1001 1002//1002
f 1002//1002 1001//1001 1003//1003
f 1002//1002 1003//1003 1004//1004
f 1003//1003 1005//1005 1004//1004
f 1004//1004 1005//1005 1006//1006
f 1004//1004 1006//1006 1007//1007
f 1007//1007 1006//1006 1008//1008
f 1007//1007 1008//1008 995//995
f 995//995 1008//1008 2712//2712
f 995//995 2712//2712 996//996
f 1000//1000 2707//2707 1001//1001
f 3627//3627 1009//1009 1000//1000
f 1000//1000 1009//1009 2707//2707
f 1010//1010 1011//1011 1012//1012
f 1012//1012 1011//1011 1009//1009
f 1012//1012 1009//1009 3627//3627
f 2711//2711 1013//1013 1014//1014
f 1010//1010 1015//1015 1011//1011
f 1014//1014 1013//1013 3647//3647
f 1015//1015 1010//1010 1013//1013
f 1013//1013 1010//1010 3647//3647
f 2708//2708 1016//1016 1017//1017
f 1017//1017 1016//1016 1018//1018
f 1018//1018 1016//1016 1019//1019
f 1018//1018 1019//1019 1014//1014
f 1014//1014 1019//1019 2711//2711
f 617//617 2710//2710 1020//1020
f 617//617 1020//1020 1021//1021
f 1021//1021 1020//1020 1022//1022
f 1021//1021 1022//1022 1017//1017
f 1017//1017 1022//1022 2708//2708
f 1024//1024 3365//3365 1023//1023
f 1023//1023 3365//3365 1025//1025
f 1023//1023 1025//1025 1026//1026
f 1026//1026 1025//1025 1027//1027
f 1026//1026 1027//1027 653//653
f 653//653 1027//1027 3364//3364
f 1023//1023 3634//3634 1024//1024
f 1024//1024 3634//3634 1028//1028
f 1024//1024 1028//1028 1029//1029
f 1029//1029 1028//1028 1030//1030
f 1029//1029 1030//1030 1035//1035
f 1031//1031 3372//3372 1032//1032
f 1031//1031 1032//1032 1033//1033
f 1033//1033 1032//1032 1034//1034
f 1033//1033 1034//1034 1030//1030
f 1030//1030 1034//1034 1035//1035
f 1036//1036 3373//3373 1037//1037
f 1037//1037 3635//3635 1036//1036
f 1036//1036 3635//3635 1038//1038
f 1036//1036 1038//1038 1039//1039
f 1039//1039 1038//1038 1040//1040
f 1039//1039 1040//1040 3374//3374
f 1037//1037 3373//3373 1041//1041
f 1037//1037 1041//1041 1042//1042
f 1042//1042 1041//1041 1043//1043
f 1042//1042 1043//1043 1031//1031
f 1031//1031 1043//1043 3372//3372
f 3375//3375 1044//1044 1045//1045
f 1045//1045 1044//1044 1046//1046
f 1045//1045 1046//1046 611//611
f 611//611 1046//1046 3638//3638
f 611//611 3638//3638 612//612
f 1044//1044 3375//3375 1047//1047
f 1044//1044 1047//1047 1048//1048
f 1048//1048 1047//1047 1049//1049
f 1048//1048 1049//1049 1040//1040
f 1040//1040 1049//1049 3374//3374
f 3626//3626 3346//3346 3376//3376
f 3626//3626 3376//3376 612//612
f 3642//3642 3346//3346 3626//3626
f 1050//1050 1051//1051 3346//3346
f 1050//1050 3346//3346 3642//3642
f 1051//1051 1050//1050 1052//1052
f 1051//1051 1052//1052 1053//1053
f 1053//1053 1052//1052 1054//1054
f 1053//1053 1054//1054 3387//3387
f 1055//1055 1059//1059 1056//1056
f 1055//1055 1056//1056 1057//1057
f 1057//1057 1056//1056 1058//1058
f 1057//1057 1058//1058 1054//1054
f 1054//1054 1058//1058 3387//3387
f 763//763 1059//1059 1055//1055
f 763//763 1062//1062 1059//1059
f 3651//3651 3308//3308 1060//1060
f 3651//3651 3622//3622 3308//3308
f 3288//3288 3308//3308 3622//3622
f 3288//3288 3622//3622 3702//3702
f 3288//3288 3702//3702 946//946
f 3608//3608 3699//3699 2//2
f 2//2 1//1 3662//3662
f 3699//3699 3608//3608 3622//3622
f 3622//3622 3662//3662 3702//3702
f 3702//3702 3662//3662 1//1
f 3662//3662 3618//3618 286//286
f 3662//3662 286//286 2//2
f 3608//3608 3621//3621 3622//3622
f 3474//3474 3505//3505 3495//3495
f 3296//3296 3270//3270 923//923
f 3314//3314 3296//3296 923//923
f 3270//3270 3262//3262 923//923
f 3267//3267 3273//3273 3262//3262
f 3273//3273 3268//3268 3262//3262
f 3262//3262 3268//3268 3313//3313
f 3268//3268 3265//3265 3313//3313
f 3313//3313 3265//3265 3266//3266
f 3266//3266 946//946 3313//3313
f 946//946 3266//3266 3272//3272
f 3288//3288 946//946 3272//3272
f 3280//3280 3286//3286 3308//3308
f 3285//3285 3308//3308 3286//3286
f 3287//3287 3308//3308 3285//3285
f 3290//3290 3293//3293 3287//3287
f 3293//3293 3316//3316 3287//3287
f 3316//3316 3293//3293 3296//3296
f 3296//3296 3314//3314 3316//3316
f 3360//3360 3320//3320 3361//3361
f 3320//3320 3327//3327 3383//3383
f 3327//3327 3324//3324 3383//3383
f 3326//3326 3383//3383 3324//3324
f 3383//3383 3326//3326 747//747
f 3326//3326 3328//3328 747//747
f 3328//3328 3334//3334 747//747
f 747//747 3334//3334 3325//3325
f 3325//3325 3333//3333 747//747
f 747//747 3333//3333 1062//1062
f 1062//1062 3333//3333 434//434
f 3335//3335 1062//1062 434//434
f 3332//3332 1062//1062 3335//3335
f 3375//3375 3346//3346 1035//1035
f 1035//1035 3346//3346 3338//3338
f 1063//1063 3364//3364 3338//3338
f 3338//3338 3364//3364 1035//1035
f 1063//1063 3348//3348 3364//3364
f 3351//3351 3364//3364 3348//3348
f 3347//3347 3364//3364 3351//3351
f 3349//3349 3364//3364 3347//3347
f 3349//3349 3363//3363 3364//3364
f 3363//3363 3349//3349 3343//3343
f 3363//3363 3343//3343 3350//3350
f 3350//3350 3361//3361 3363//3363
f 3361//3361 3350//3350 3354//3354
f 3361//3361 3354//3354 3360//3360
f 3174//3174 3098//3098 1065//1065
f 3536//3536 3260//3260 3543//3543
f 3260//3260 1066//1066 3543//3543
f 3193//3193 1066//1066 3260//3260
f 3193//3193 3550//3550 1066//1066
f 3550//3550 3193//3193 3540//3540
f 3540//3540 3193//3193 3552//3552
f 1067//1067 3551//3551 1068//1068
f 3552//3552 3193//3193 1069//1069
f 3552//3552 1069//1069 1070//1070
f 1070//1070 1069//1069 1068//1068
f 1070//1070 1068//1068 3551//3551
f 1068//1068 1071//1071 1067//1067
f 1067//1067 1071//1071 1072//1072
f 1067//1067 1072//1072 1073//1073
f 1073//1073 1072//1072 1074//1074
f 1073//1073 1074//1074 3553//3553
f 1065//1065 3533//3533 1075//1075
f 3174//3174 1065//1065 1075//1075
f 3174//3174 1075//1075 1074//1074
f 1074//1074 1075//1075 3553//3553
f 1076//1076 3544//3544 1077//1077
f 1076//1076 1077//1077 1078//1078
f 1078//1078 1077//1077 1079//1079
f 1078//1078 1079//1079 1065//1065
f 1065//1065 1079//1079 3533//3533
f 3544//3544 1076//1076 1080//1080
f 1080//1080 1076//1076 1081//1081
f 1080//1080 1081//1081 1082//1082
f 1082//1082 1081//1081 1083//1083
f 1082//1082 1083//1083 1084//1084
f 1083//1083 3545//3545 1084//1084
f 3545//3545 530//530 3537//3537
f 3537//3537 530//530 1085//1085
f 1085//1085 530//530 3554//3554
f 3554//3554 530//530 2790//2790
f 2790//2790 993//993 3514//3514
f 2712//2712 3514//3514 993//993
f 3514//3514 2712//2712 1086//1086
f 1086//1086 1087//1087 3531//3531
f 1087//1087 3096//3096 3531//3531
f 3519//3519 3096//3096 1088//1088
f 3096//3096 1089//1089 3517//3517
f 1090//1090 3532//3532 1091//1091
f 1090//1090 1091//1091 1092//1092
f 1092//1092 1091//1091 1093//1093
f 1092//1092 1093//1093 1089//1089
f 1089//1089 1093//1093 3517//3517
f 3532//3532 1090//1090 1094//1094
f 1094//1094 1090//1090 1095//1095
f 1094//1094 1095//1095 1096//1096
f 1096//1096 1095//1095 1097//1097
f 1096//1096 1097//1097 3516//3516
f 1098//1098 3513//3513 1099//1099
f 1098//1098 1099//1099 1097//1097
f 1097//1097 1099//1099 3516//3516
f 1098//1098 1064//1064 3513//3513
f 3214//3214 1064//1064 3157//3157
f 3214//3214 3527//3527 1064//1064
f 3260//3260 3527//3527 3214//3214
f 3598//3598 2395//2395 3599//3599
f 3599//3599 2395//2395 2398//2398
f 2398//2398 518//518 245//245
f 518//518 3596//3596 245//245
f 518//518 3595//3595 3596//3596
f 518//518 3585//3585 3595//3595
f 3584//3584 3585//3585 3583//3583
f 2396//2396 3581//3581 3585//3585
f 3581//3581 2396//2396 3580//3580
f 3580//3580 2396//2396 3579//3579
f 1100//1100 3579//3579 2396//2396
f 1100//1100 3575//3575 3577//3577
f 1100//1100 3563//3563 3575//3575
f 2397//2397 3574//3574 1100//1100
f 2397//2397 3557//3557 3574//3574
f 2397//2397 3556//3556 3557//3557
f 2397//2397 3568//3568 3569//3569
f 2397//2397 3601//3601 3568//3568
f 2395//2395 3598//3598 2397//2397
f 3598//3598 3601//3601 2397//2397
f 3669//3669 518//518 29//29
f 1104//1104 1105//1105 1106//1106
f 1107//1107 1108//1108 1109//1109
f 1977//1977 1110//1110 1111//1111
f 1112//1112 1113//1113 1114//1114
f 1984//1984 1115//1115 1116//1116
f 1117//1117 1118//1118 529//529
f 529//529 1118//1118 1976//1976
f 1119//1119 1980//1980 1120//1120
f 1120//1120 1980//1980 1121//1121
f 1120//1120 1121//1121 1117//1117
f 1117//1117 1121//1121 1122//1122
f 1117//1117 1122//1122 1118//1118
f 1120//1120 1123//1123 1119//1119
f 1119//1119 1123//1123 1124//1124
f 1119//1119 1124//1124 1982//1982
f 1982//1982 1124//1124 1125//1125
f 1124//1124 1126//1126 1125//1125
f 1125//1125 1126//1126 1127//1127
f 1125//1125 1127//1127 1978//1978
f 1978//1978 1127//1127 1128//1128
f 1127//1127 1129//1129 1128//1128
f 1128//1128 1129//1129 1130//1130
f 1128//1128 1130//1130 1131//1131
f 1131//1131 1130//1130 1132//1132
f 1130//1130 1133//1133 1132//1132
f 1132//1132 1133//1133 1134//1134
f 1132//1132 1134//1134 1135//1135
f 1135//1135 1134//1134 1136//1136
f 1134//1134 1137//1137 1136//1136
f 1136//1136 1137//1137 1138//1138
f 1136//1136 1138//1138 1139//1139
f 1139//1139 1138//1138 1140//1140
f 1116//1116 1115//1115 1141//1141
f 1141//1141 1115//1115 1142//1142
f 1141//1141 1142//1142 1143//1143
f 1143//1143 1142//1142 1144//1144
f 1143//1143 1144//1144 1145//1145
f 1145//1145 1144//1144 1146//1146
f 1145//1145 1146//1146 1147//1147
f 1147//1147 1146//1146 1148//1148
f 1147//1147 1148//1148 1149//1149
f 1149//1149 1148//1148 1150//1150
f 1149//1149 1150//1150 1151//1151
f 1151//1151 1150//1150 1152//1152
f 1151//1151 1152//1152 1153//1153
f 1153//1153 1152//1152 1154//1154
f 1153//1153 1154//1154 1155//1155
f 1155//1155 1154//1154 1156//1156
f 1155//1155 1156//1156 1140//1140
f 1140//1140 1156//1156 1983//1983
f 1140//1140 1983//1983 1139//1139
f 1984//1984 1116//1116 1113//1113
f 1113//1113 1116//1116 1157//1157
f 1113//1113 1157//1157 1114//1114
f 1112//1112 1114//1114 1110//1110
f 1110//1110 1114//1114 1158//1158
f 1110//1110 1158//1158 1111//1111
f 1977//1977 1111//1111 1108//1108
f 1108//1108 1111//1111 1159//1159
f 1108//1108 1159//1159 1109//1109
f 1107//1107 1109//1109 1105//1105
f 1105//1105 1109//1109 1160//1160
f 1105//1105 1160//1160 1106//1106
f 1104//1104 1106//1106 1161//1161
f 1161//1161 1106//1106 1986//1986
f 1161//1161 1986//1986 1162//1162
f 1163//1163 1985//1985 540//540
f 540//540 1824//1824 1163//1163
f 1163//1163 1824//1824 1164//1164
f 1163//1163 1164//1164 1162//1162
f 1162//1162 1164//1164 1165//1165
f 1162//1162 1165//1165 1161//1161
f 542//542 1985//1985 1166//1166
f 542//542 1166//1166 1167//1167
f 1167//1167 1166//1166 1168//1168
f 1167//1167 1168//1168 1169//1169
f 1169//1169 1168//1168 1170//1170
f 1169//1169 1170//1170 1171//1171
f 1171//1171 1170//1170 1172//1172
f 1171//1171 1172//1172 1173//1173
f 1173//1173 1172//1172 1174//1174
f 1173//1173 1174//1174 1175//1175
f 1175//1175 1174//1174 1176//1176
f 1175//1175 1176//1176 1177//1177
f 1177//1177 1176//1176 1178//1178
f 1177//1177 1178//1178 1179//1179
f 1179//1179 1178//1178 1180//1180
f 1179//1179 1180//1180 1181//1181
f 1181//1181 1180//1180 1182//1182
f 1181//1181 1182//1182 1183//1183
f 1183//1183 1182//1182 1184//1184
f 1183//1183 1184//1184 1185//1185
f 1185//1185 1184//1184 1186//1186
f 1185//1185 1186//1186 1187//1187
f 1187//1187 1186//1186 1188//1188
f 1187//1187 1188//1188 1189//1189
f 1189//1189 1188//1188 1190//1190
f 1189//1189 1190//1190 1191//1191
f 1191//1191 1190//1190 1192//1192
f 1191//1191 1192//1192 1193//1193
f 1193//1193 1192//1192 1194//1194
f 1193//1193 1194//1194 1195//1195
f 1195//1195 1194//1194 1196//1196
f 1195//1195 1196//1196 1197//1197
f 1197//1197 1196//1196 1198//1198
f 1197//1197 1198//1198 1199//1199
f 1199//1199 1198//1198 605//605
f 1199//1199 605//605 607//607
f 544//544 542//542 1200//1200
f 544//544 1200//1200 1201//1201
f 1201//1201 1200//1200 1202//1202
f 1201//1201 1202//1202 1203//1203
f 1203//1203 1202//1202 1204//1204
f 1203//1203 1204//1204 1205//1205
f 1205//1205 1204//1204 1206//1206
f 1205//1205 1206//1206 1207//1207
f 1207//1207 1206//1206 1208//1208
f 1207//1207 1208//1208 1209//1209
f 1209//1209 1208//1208 1210//1210
f 1209//1209 1210//1210 1211//1211
f 1211//1211 1210//1210 1212//1212
f 1211//1211 1212//1212 1213//1213
f 1213//1213 1212//1212 1214//1214
f 1213//1213 1214//1214 1215//1215
f 1215//1215 1214//1214 1216//1216
f 1215//1215 1216//1216 1217//1217
f 1217//1217 1216//1216 1218//1218
f 1217//1217 1218//1218 1219//1219
f 1219//1219 1218//1218 1220//1220
f 1219//1219 1220//1220 1221//1221
f 1221//1221 1220//1220 1222//1222
f 1221//1221 1222//1222 1223//1223
f 1223//1223 1222//1222 1224//1224
f 1223//1223 1224//1224 1225//1225
f 1225//1225 1224//1224 1226//1226
f 1225//1225 1226//1226 1227//1227
f 1227//1227 1226//1226 1228//1228
f 1227//1227 1228//1228 1229//1229
f 1229//1229 1228//1228 1230//1230
f 1229//1229 1230//1230 1231//1231
f 1231//1231 1230//1230 1232//1232
f 1231//1231 1232//1232 1233//1233
f 1233//1233 1232//1232 576//576
f 1233//1233 576//576 577//577
f 1234//1234 575//575 544//544
f 1234//1234 544//544 1235//1235
f 1235//1235 544//544 1236//1236
f 1235//1235 1236//1236 1237//1237
f 1237//1237 1236//1236 1238//1238
f 1238//1238 1236//1236 1239//1239
f 1238//1238 1239//1239 1240//1240
f 1240//1240 1239//1239 1241//1241
f 1241//1241 1239//1239 1242//1242
f 1241//1241 1242//1242 1243//1243
f 1243//1243 1242//1242 1244//1244
f 1244//1244 1242//1242 1245//1245
f 1244//1244 1245//1245 1246//1246
f 1246//1246 1245//1245 1247//1247
f 1247//1247 1245//1245 1248//1248
f 1247//1247 1248//1248 1249//1249
f 1249//1249 1248//1248 1250//1250
f 1250//1250 1248//1248 1251//1251
f 1250//1250 1251//1251 1252//1252
f 1252//1252 1251//1251 1253//1253
f 1253//1253 1251//1251 1254//1254
f 1253//1253 1254//1254 1255//1255
f 1255//1255 1254//1254 1256//1256
f 1256//1256 1254//1254 1257//1257
f 1256//1256 1257//1257 1258//1258
f 1258//1258 1257//1257 1259//1259
f 1259//1259 1257//1257 1260//1260
f 1259//1259 1260//1260 1261//1261
f 1261//1261 1260//1260 1262//1262
f 1261//1261 1262//1262 2044//2044
f 2044//2044 1262//1262 1263//1263
f 1263//1263 1262//1262 1264//1264
f 1263//1263 1264//1264 2045//2045
f 2045//2045 1264//1264 1265//1265
f 1265//1265 1264//1264 1266//1266
f 1265//1265 1266//1266 2046//2046
f 2046//2046 1266//1266 1267//1267
f 1267//1267 1266//1266 1268//1268
f 1267//1267 1268//1268 2047//2047
f 2047//2047 1268//1268 1269//1269
f 1269//1269 1268//1268 1270//1270
f 1269//1269 1270//1270 2048//2048
f 2048//2048 1270//1270 1271//1271
f 1271//1271 1270//1270 1272//1272
f 1271//1271 1272//1272 2049//2049
f 2049//2049 1272//1272 1273//1273
f 1273//1273 1272//1272 1274//1274
f 1273//1273 1274//1274 2050//2050
f 2050//2050 1274//1274 1275//1275
f 1275//1275 1274//1274 1276//1276
f 1275//1275 1276//1276 1277//1277
f 1277//1277 1276//1276 1278//1278
f 1278//1278 1276//1276 595//595
f 1278//1278 595//595 597//597
f 1279//1279 1280//1280 1281//1281
f 1281//1281 1282//1282 1279//1279
f 1279//1279 1282//1282 1283//1283
f 1279//1279 1283//1283 575//575
f 575//575 1283//1283 1459//1459
f 1284//1284 1285//1285 1286//1286
f 1286//1286 2098//2098 1284//1284
f 1284//1284 2098//2098 1287//1287
f 1284//1284 1287//1287 1280//1280
f 1280//1280 1287//1287 1288//1288
f 1280//1280 1288//1288 1281//1281
f 1289//1289 1290//1290 1291//1291
f 1291//1291 1292//1292 1289//1289
f 1289//1289 1292//1292 1293//1293
f 1289//1289 1293//1293 1285//1285
f 1285//1285 1293//1293 1294//1294
f 1285//1285 1294//1294 1286//1286
f 1295//1295 1296//1296 1297//1297
f 1297//1297 1296//1296 1298//1298
f 1297//1297 1298//1298 1290//1290
f 1290//1290 1298//1298 1299//1299
f 1290//1290 1299//1299 1291//1291
f 1300//1300 1301//1301 1295//1295
f 1295//1295 1301//1301 1302//1302
f 1295//1295 1302//1302 1296//1296
f 1303//1303 1304//1304 1300//1300
f 1300//1300 1304//1304 2095//2095
f 1300//1300 2095//2095 1301//1301
f 1305//1305 1306//1306 1303//1303
f 1303//1303 1306//1306 1307//1307
f 1303//1303 1307//1307 1304//1304
f 1308//1308 1309//1309 1305//1305
f 1305//1305 1309//1309 2094//2094
f 1305//1305 2094//2094 1306//1306
f 1310//1310 1311//1311 1308//1308
f 1308//1308 1311//1311 2090//2090
f 1308//1308 2090//2090 1309//1309
f 1313//1313 1312//1312 1314//1314
f 1313//1313 1314//1314 1310//1310
f 1310//1310 1314//1314 2088//2088
f 1310//1310 2088//2088 1311//1311
f 1312//1312 1313//1313 1315//1315
f 1315//1315 1313//1313 1316//1316
f 1315//1315 1316//1316 2086//2086
f 2086//2086 1316//1316 1317//1317
f 1317//1317 1316//1316 1318//1318
f 1317//1317 1318//1318 2083//2083
f 2083//2083 1318//1318 1319//1319
f 1319//1319 1318//1318 1320//1320
f 1319//1319 1320//1320 2084//2084
f 2084//2084 1320//1320 1321//1321
f 1321//1321 1320//1320 1322//1322
f 1321//1321 1322//1322 1323//1323
f 1323//1323 1322//1322 1324//1324
f 1324//1324 1322//1322 36//36
f 1324//1324 36//36 55//55
f 684//684 686//686 1601//1601
f 1601//1601 686//686 688//688
f 1601//1601 688//688 1459//1459
f 1459//1459 688//688 690//690
f 1459//1459 690//690 692//692
f 692//692 693//693 1459//1459
f 694//694 696//696 1354//1354
f 1354//1354 696//696 698//698
f 1354//1354 698//698 1637//1637
f 698//698 700//700 1637//1637
f 1637//1637 700//700 702//702
f 702//702 704//704 1637//1637
f 1637//1637 704//704 706//706
f 1637//1637 706//706 1355//1355
f 706//706 708//708 1355//1355
f 1355//1355 708//708 710//710
f 710//710 712//712 1355//1355
f 1355//1355 712//712 714//714
f 1355//1355 714//714 1787//1787
f 714//714 716//716 1787//1787
f 1787//1787 716//716 718//718
f 718//718 720//720 1787//1787
f 1787//1787 720//720 722//722
f 1787//1787 722//722 1495//1495
f 722//722 724//724 1495//1495
f 1495//1495 724//724 726//726
f 1495//1495 726//726 728//728
f 1495//1495 728//728 730//730
f 730//730 732//732 1495//1495
f 1495//1495 732//732 734//734
f 1495//1495 734//734 1933//1933
f 1933//1933 734//734 736//736
f 1933//1933 736//736 738//738
f 738//738 740//740 1933//1933
f 1933//1933 740//740 742//742
f 1933//1933 742//742 1356//1356
f 1356//1356 742//742 744//744
f 744//744 746//746 1356//1356
f 1356//1356 746//746 749//749
f 1356//1356 749//749 1357//1357
f 1357//1357 749//749 751//751
f 751//751 755//755 1357//1357
f 1357//1357 755//755 756//756
f 756//756 752//752 1325//1325
f 752//752 759//759 1325//1325
f 1325//1325 759//759 757//757
f 1325//1325 757//757 1326//1326
f 757//757 764//764 1326//1326
f 1326//1326 764//764 766//766
f 1326//1326 766//766 1327//1327
f 766//766 768//768 1327//1327
f 1327//1327 768//768 770//770
f 1327//1327 770//770 1328//1328
f 770//770 772//772 1328//1328
f 1328//1328 772//772 774//774
f 1328//1328 774//774 1329//1329
f 774//774 776//776 1329//1329
f 1329//1329 776//776 778//778
f 1329//1329 778//778 1330//1330
f 778//778 780//780 1330//1330
f 1330//1330 780//780 782//782
f 1330//1330 782//782 1331//1331
f 790//790 1332//1332 1333//1333
f 782//782 784//784 1331//1331
f 1331//1331 784//784 786//786
f 1331//1331 786//786 1333//1333
f 1333//1333 786//786 788//788
f 1333//1333 788//788 790//790
f 799//799 1334//1334 1335//1335
f 790//790 792//792 1332//1332
f 1332//1332 792//792 794//794
f 1332//1332 794//794 1335//1335
f 1335//1335 794//794 797//797
f 1335//1335 797//797 799//799
f 799//799 801//801 1334//1334
f 1334//1334 801//801 803//803
f 1334//1334 803//803 1336//1336
f 1336//1336 803//803 805//805
f 1336//1336 805//805 1337//1337
f 805//805 807//807 1337//1337
f 1337//1337 807//807 809//809
f 1337//1337 809//809 1338//1338
f 1338//1338 809//809 811//811
f 811//811 813//813 1338//1338
f 1338//1338 813//813 815//815
f 1338//1338 815//815 1339//1339
f 1339//1339 815//815 817//817
f 1339//1339 817//817 1340//1340
f 817//817 819//819 1340//1340
f 1340//1340 819//819 821//821
f 1340//1340 821//821 1341//1341
f 821//821 823//823 1341//1341
f 1341//1341 823//823 825//825
f 1341//1341 825//825 1342//1342
f 825//825 827//827 1342//1342
f 1342//1342 827//827 829//829
f 1342//1342 829//829 833//833
f 829//829 831//831 833//833
f 833//833 834//834 1343//1343
f 1343//1343 834//834 836//836
f 1343//1343 836//836 1344//1344
f 836//836 838//838 1344//1344
f 1344//1344 838//838 840//840
f 1344//1344 840//840 1345//1345
f 848//848 1346//1346 1347//1347
f 840//840 842//842 1345//1345
f 1345//1345 842//842 844//844
f 1345//1345 844//844 1347//1347
f 1347//1347 844//844 846//846
f 1347//1347 846//846 848//848
f 856//856 1348//1348 1349//1349
f 848//848 850//850 1346//1346
f 1346//1346 850//850 852//852
f 1346//1346 852//852 1349//1349
f 1349//1349 852//852 854//854
f 1349//1349 854//854 856//856
f 856//856 858//858 1348//1348
f 1348//1348 858//858 860//860
f 1348//1348 860//860 1350//1350
f 1350//1350 860//860 862//862
f 1350//1350 862//862 1351//1351
f 862//862 874//874 1351//1351
f 1351//1351 874//874 872//872
f 1351//1351 872//872 1352//1352
f 1352//1352 872//872 870//870
f 870//870 868//868 1352//1352
f 1352//1352 868//868 866//866
f 1352//1352 866//866 1353//1353
f 1353//1353 866//866 864//864
f 1353//1353 864//864 1394//1394
f 864//864 878//878 1394//1394
f 1394//1394 878//878 880//880
f 1394//1394 880//880 1393//1393
f 1393//1393 882//882 1389//1389
f 1389//1389 884//884 1392//1392
f 1392//1392 886//886 1530//1530
f 1530//1530 888//888 1956//1956
f 1956//1956 3287//3287 1426//1426
f 893//893 1788//1788 1675//1675
f 1426//1426 891//891 1675//1675
f 893//893 895//895 1788//1788
f 1788//1788 895//895 897//897
f 1788//1788 897//897 899//899
f 1788//1788 899//899 901//901
f 901//901 903//903 1788//1788
f 1788//1788 903//903 905//905
f 1788//1788 905//905 1390//1390
f 1390//1390 905//905 907//907
f 907//907 909//909 1390//1390
f 1390//1390 909//909 911//911
f 1390//1390 911//911 1391//1391
f 1391//1391 911//911 912//912
f 912//912 914//914 1391//1391
f 1391//1391 914//914 1460//1460
f 1460//1460 915//915 917//917
f 1460//1460 917//917 1674//1674
f 917//917 918//918 1674//1674
f 1674//1674 918//918 920//920
f 1674//1674 3314//3314 1638//1638
f 1638//1638 924//924 1979//1979
f 1358//1358 1357//1357 756//756
f 1358//1358 756//756 1359//1359
f 1359//1359 756//756 1325//1325
f 1359//1359 1325//1325 1360//1360
f 1360//1360 1325//1325 1326//1326
f 1360//1360 1326//1326 1361//1361
f 1361//1361 1326//1326 1327//1327
f 1361//1361 1327//1327 1362//1362
f 1362//1362 1327//1327 1328//1328
f 1362//1362 1328//1328 1363//1363
f 1363//1363 1328//1328 1329//1329
f 1363//1363 1329//1329 1364//1364
f 1364//1364 1329//1329 1330//1330
f 1364//1364 1330//1330 1365//1365
f 1365//1365 1330//1330 1331//1331
f 1365//1365 1331//1331 1366//1366
f 1366//1366 1331//1331 1333//1333
f 1366//1366 1333//1333 1367//1367
f 1367//1367 1333//1333 1332//1332
f 1367//1367 1332//1332 1368//1368
f 1368//1368 1332//1332 1335//1335
f 1368//1368 1335//1335 1369//1369
f 1369//1369 1335//1335 1334//1334
f 1369//1369 1334//1334 1370//1370
f 1370//1370 1334//1334 1336//1336
f 1370//1370 1336//1336 1371//1371
f 1371//1371 1336//1336 1337//1337
f 1371//1371 1337//1337 1372//1372
f 1372//1372 1337//1337 1338//1338
f 1372//1372 1338//1338 1373//1373
f 1373//1373 1338//1338 1339//1339
f 1373//1373 1339//1339 1374//1374
f 1374//1374 1339//1339 1340//1340
f 1374//1374 1340//1340 1375//1375
f 1375//1375 1340//1340 1341//1341
f 1375//1375 1341//1341 1376//1376
f 1376//1376 1341//1341 1342//1342
f 1376//1376 1342//1342 1377//1377
f 1377//1377 1342//1342 833//833
f 1377//1377 833//833 1378//1378
f 1378//1378 833//833 1343//1343
f 1378//1378 1343//1343 1379//1379
f 1379//1379 1343//1343 1344//1344
f 1379//1379 1344//1344 1380//1380
f 1380//1380 1344//1344 1345//1345
f 1380//1380 1345//1345 1381//1381
f 1381//1381 1345//1345 1347//1347
f 1381//1381 1347//1347 1382//1382
f 1382//1382 1347//1347 1346//1346
f 1382//1382 1346//1346 1383//1383
f 1383//1383 1346//1346 1349//1349
f 1383//1383 1349//1349 1384//1384
f 1384//1384 1349//1349 1348//1348
f 1384//1384 1348//1348 1385//1385
f 1385//1385 1348//1348 1350//1350
f 1385//1385 1350//1350 1386//1386
f 1386//1386 1350//1350 1351//1351
f 1386//1386 1351//1351 1387//1387
f 1387//1387 1351//1351 1352//1352
f 1387//1387 1352//1352 1388//1388
f 1388//1388 1352//1352 1353//1353
f 1388//1388 1353//1353 1394//1394
f 1388//1388 1394//1394 1395//1395
f 1388//1388 1395//1395 1387//1387
f 1387//1387 1395//1395 1396//1396
f 1387//1387 1396//1396 1386//1386
f 1386//1386 1396//1396 1397//1397
f 1386//1386 1397//1397 1385//1385
f 1385//1385 1397//1397 1398//1398
f 1385//1385 1398//1398 1384//1384
f 1384//1384 1398//1398 1399//1399
f 1384//1384 1399//1399 1383//1383
f 1383//1383 1399//1399 1400//1400
f 1383//1383 1400//1400 1382//1382
f 1382//1382 1400//1400 1401//1401
f 1382//1382 1401//1401 1381//1381
f 1381//1381 1401//1401 1402//1402
f 1381//1381 1402//1402 1380//1380
f 1380//1380 1402//1402 1403//1403
f 1380//1380 1403//1403 1379//1379
f 1379//1379 1403//1403 1404//1404
f 1379//1379 1404//1404 1378//1378
f 1378//1378 1404//1404 1405//1405
f 1378//1378 1405//1405 1377//1377
f 1377//1377 1405//1405 1406//1406
f 1377//1377 1406//1406 1376//1376
f 1376//1376 1406//1406 1407//1407
f 1376//1376 1407//1407 1375//1375
f 1375//1375 1407//1407 1408//1408
f 1375//1375 1408//1408 1374//1374
f 1374//1374 1408//1408 1409//1409
f 1374//1374 1409//1409 1373//1373
f 1373//1373 1409//1409 1410//1410
f 1373//1373 1410//1410 1372//1372
f 1372//1372 1410//1410 1411//1411
f 1372//1372 1411//1411 1371//1371
f 1371//1371 1411//1411 1412//1412
f 1371//1371 1412//1412 1370//1370
f 1370//1370 1412//1412 1413//1413
f 1370//1370 1413//1413 1369//1369
f 1369//1369 1413//1413 1414//1414
f 1369//1369 1414//1414 1368//1368
f 1368//1368 1414//1414 1415//1415
f 1368//1368 1415//1415 1367//1367
f 1367//1367 1415//1415 1416//1416
f 1367//1367 1416//1416 1366//1366
f 1366//1366 1416//1416 1417//1417
f 1366//1366 1417//1417 1365//1365
f 1365//1365 1417//1417 1418//1418
f 1365//1365 1418//1418 1364//1364
f 1364//1364 1418//1418 1419//1419
f 1364//1364 1419//1419 1363//1363
f 1363//1363 1419//1419 1420//1420
f 1363//1363 1420//1420 1362//1362
f 1362//1362 1420//1420 1421//1421
f 1362//1362 1421//1421 1361//1361
f 1361//1361 1421//1421 1422//1422
f 1361//1361 1422//1422 1360//1360
f 1360//1360 1422//1422 1423//1423
f 1360//1360 1423//1423 1359//1359
f 1359//1359 1423//1423 1424//1424
f 1359//1359 1424//1424 1358//1358
f 1358//1358 1424//1424 1425//1425
f 1358//1358 1425//1425 1357//1357
f 1357//1357 1425//1425 1458//1458
f 1357//1357 1458//1458 1356//1356
f 1356//1356 1458//1458 1529//1529
f 1395//1395 1394//1394 1427//1427
f 1395//1395 1427//1427 1396//1396
f 1396//1396 1427//1427 1428//1428
f 1396//1396 1428//1428 1397//1397
f 1397//1397 1428//1428 1429//1429
f 1397//1397 1429//1429 1398//1398
f 1398//1398 1429//1429 1430//1430
f 1398//1398 1430//1430 1399//1399
f 1399//1399 1430//1430 1431//1431
f 1399//1399 1431//1431 1400//1400
f 1400//1400 1431//1431 1432//1432
f 1400//1400 1432//1432 1401//1401
f 1401//1401 1432//1432 1433//1433
f 1401//1401 1433//1433 1402//1402
f 1402//1402 1433//1433 1434//1434
f 1402//1402 1434//1434 1403//1403
f 1403//1403 1434//1434 1435//1435
f 1403//1403 1435//1435 1404//1404
f 1404//1404 1435//1435 1436//1436
f 1404//1404 1436//1436 1405//1405
f 1405//1405 1436//1436 1437//1437
f 1405//1405 1437//1437 1406//1406
f 1406//1406 1437//1437 1438//1438
f 1406//1406 1438//1438 1407//1407
f 1407//1407 1438//1438 1439//1439
f 1407//1407 1439//1439 1408//1408
f 1408//1408 1439//1439 1440//1440
f 1408//1408 1440//1440 1409//1409
f 1409//1409 1440//1440 1441//1441
f 1409//1409 1441//1441 1410//1410
f 1410//1410 1441//1441 1442//1442
f 1410//1410 1442//1442 1411//1411
f 1411//1411 1442//1442 1443//1443
f 1411//1411 1443//1443 1412//1412
f 1412//1412 1443//1443 1444//1444
f 1412//1412 1444//1444 1413//1413
f 1413//1413 1444//1444 1445//1445
f 1413//1413 1445//1445 1414//1414
f 1414//1414 1445//1445 1446//1446
f 1414//1414 1446//1446 1415//1415
f 1415//1415 1446//1446 1447//1447
f 1415//1415 1447//1447 1416//1416
f 1416//1416 1447//1447 1448//1448
f 1416//1416 1448//1448 1417//1417
f 1417//1417 1448//1448 1449//1449
f 1417//1417 1449//1449 1418//1418
f 1418//1418 1449//1449 1450//1450
f 1418//1418 1450//1450 1419//1419
f 1419//1419 1450//1450 1451//1451
f 1419//1419 1451//1451 1420//1420
f 1420//1420 1451//1451 1452//1452
f 1420//1420 1452//1452 1421//1421
f 1421//1421 1452//1452 1453//1453
f 1421//1421 1453//1453 1422//1422
f 1422//1422 1453//1453 1454//1454
f 1422//1422 1454//1454 1423//1423
f 1423//1423 1454//1454 1455//1455
f 1423//1423 1455//1455 1424//1424
f 1424//1424 1455//1455 1456//1456
f 1424//1424 1456//1456 1425//1425
f 1425//1425 1456//1456 1457//1457
f 1425//1425 1457//1457 1458//1458
f 1393//1393 1389//1389 1461//1461
f 1393//1393 1461//1461 1394//1394
f 1394//1394 1461//1461 1462//1462
f 1394//1394 1462//1462 1427//1427
f 1427//1427 1462//1462 1463//1463
f 1427//1427 1463//1463 1428//1428
f 1428//1428 1463//1463 1464//1464
f 1428//1428 1464//1464 1429//1429
f 1429//1429 1464//1464 1465//1465
f 1429//1429 1465//1465 1430//1430
f 1430//1430 1465//1465 1466//1466
f 1430//1430 1466//1466 1431//1431
f 1431//1431 1466//1466 1467//1467
f 1431//1431 1467//1467 1432//1432
f 1432//1432 1467//1467 1468//1468
f 1432//1432 1468//1468 1433//1433
f 1433//1433 1468//1468 1469//1469
f 1433//1433 1469//1469 1434//1434
f 1434//1434 1469//1469 1470//1470
f 1434//1434 1470//1470 1435//1435
f 1435//1435 1470//1470 1471//1471
f 1435//1435 1471//1471 1436//1436
f 1436//1436 1471//1471 1472//1472
f 1436//1436 1472//1472 1437//1437
f 1437//1437 1472//1472 1473//1473
f 1437//1437 1473//1473 1438//1438
f 1438//1438 1473//1473 1474//1474
f 1438//1438 1474//1474 1439//1439
f 1439//1439 1474//1474 1475//1475
f 1439//1439 1475//1475 1440//1440
f 1440//1440 1475//1475 1476//1476
f 1440//1440 1476//1476 1441//1441
f 1441//1441 1476//1476 1477//1477
f 1441//1441 1477//1477 1442//1442
f 1442//1442 1477//1477 1478//1478
f 1442//1442 1478//1478 1443//1443
f 1443//1443 1478//1478 1479//1479
f 1443//1443 1479//1479 1444//1444
f 1444//1444 1479//1479 1480//1480
f 1444//1444 1480//1480 1445//1445
f 1445//1445 1480//1480 1481//1481
f 1445//1445 1481//1481 1446//1446
f 1446//1446 1481//1481 1482//1482
f 1446//1446 1482//1482 1447//1447
f 1447//1447 1482//1482 1483//1483
f 1447//1447 1483//1483 1448//1448
f 1448//1448 1483//1483 1484//1484
f 1448//1448 1484//1484 1449//1449
f 1449//1449 1484//1484 1485//1485
f 1449//1449 1485//1485 1450//1450
f 1450//1450 1485//1485 1486//1486
f 1450//1450 1486//1486 1451//1451
f 1451//1451 1486//1486 1487//1487
f 1451//1451 1487//1487 1452//1452
f 1452//1452 1487//1487 1488//1488
f 1452//1452 1488//1488 1453//1453
f 1453//1453 1488//1488 1489//1489
f 1453//1453 1489//1489 1454//1454
f 1454//1454 1489//1489 1490//1490
f 1454//1454 1490//1490 1455//1455
f 1455//1455 1490//1490 1491//1491
f 1455//1455 1491//1491 1456//1456
f 1456//1456 1491//1491 1492//1492
f 1456//1456 1492//1492 1457//1457
f 1457//1457 1492//1492 1493//1493
f 1457//1457 1493//1493 1458//1458
f 1458//1458 1493//1493 1494//1494
f 1458//1458 1494//1494 1529//1529
f 1354//1354 1637//1637 1863//1863
f 1354//1354 1863//1863 694//694
f 1462//1462 1461//1461 1496//1496
f 1462//1462 1496//1496 1463//1463
f 1463//1463 1496//1496 1497//1497
f 1463//1463 1497//1497 1464//1464
f 1464//1464 1497//1497 1498//1498
f 1464//1464 1498//1498 1465//1465
f 1465//1465 1498//1498 1499//1499
f 1465//1465 1499//1499 1466//1466
f 1466//1466 1499//1499 1500//1500
f 1466//1466 1500//1500 1467//1467
f 1467//1467 1500//1500 1501//1501
f 1467//1467 1501//1501 1468//1468
f 1468//1468 1501//1501 1502//1502
f 1468//1468 1502//1502 1469//1469
f 1469//1469 1502//1502 1503//1503
f 1469//1469 1503//1503 1470//1470
f 1470//1470 1503//1503 1504//1504
f 1470//1470 1504//1504 1471//1471
f 1471//1471 1504//1504 1505//1505
f 1471//1471 1505//1505 1472//1472
f 1472//1472 1505//1505 1506//1506
f 1472//1472 1506//1506 1473//1473
f 1473//1473 1506//1506 1507//1507
f 1473//1473 1507//1507 1474//1474
f 1474//1474 1507//1507 1508//1508
f 1474//1474 1508//1508 1475//1475
f 1475//1475 1508//1508 1509//1509
f 1475//1475 1509//1509 1476//1476
f 1476//1476 1509//1509 1510//1510
f 1476//1476 1510//1510 1477//1477
f 1477//1477 1510//1510 1511//1511
f 1477//1477 1511//1511 1478//1478
f 1478//1478 1511//1511 1512//1512
f 1478//1478 1512//1512 1479//1479
f 1479//1479 1512//1512 1513//1513
f 1479//1479 1513//1513 1480//1480
f 1480//1480 1513//1513 1514//1514
f 1480//1480 1514//1514 1481//1481
f 1481//1481 1514//1514 1515//1515
f 1481//1481 1515//1515 1482//1482
f 1482//1482 1515//1515 1516//1516
f 1482//1482 1516//1516 1483//1483
f 1483//1483 1516//1516 1517//1517
f 1483//1483 1517//1517 1484//1484
f 1484//1484 1517//1517 1518//1518
f 1484//1484 1518//1518 1485//1485
f 1485//1485 1518//1518 1519//1519
f 1485//1485 1519//1519 1486//1486
f 1486//1486 1519//1519 1520//1520
f 1486//1486 1520//1520 1487//1487
f 1487//1487 1520//1520 1521//1521
f 1487//1487 1521//1521 1488//1488
f 1488//1488 1521//1521 1522//1522
f 1488//1488 1522//1522 1489//1489
f 1489//1489 1522//1522 1523//1523
f 1489//1489 1523//1523 1490//1490
f 1490//1490 1523//1523 1524//1524
f 1490//1490 1524//1524 1491//1491
f 1491//1491 1524//1524 1525//1525
f 1491//1491 1525//1525 1492//1492
f 1492//1492 1525//1525 1526//1526
f 1492//1492 1526//1526 1493//1493
f 1493//1493 1526//1526 1527//1527
f 1493//1493 1527//1527 1494//1494
f 1494//1494 1527//1527 1528//1528
f 1494//1494 1528//1528 1529//1529
f 1426//1426 1675//1675 1956//1956
f 1392//1392 1530//1530 1389//1389
f 1389//1389 1530//1530 1531//1531
f 1389//1389 1531//1531 1461//1461
f 1461//1461 1531//1531 1532//1532
f 1461//1461 1532//1532 1496//1496
f 1496//1496 1532//1532 1533//1533
f 1496//1496 1533//1533 1497//1497
f 1497//1497 1533//1533 1534//1534
f 1497//1497 1534//1534 1498//1498
f 1498//1498 1534//1534 1535//1535
f 1498//1498 1535//1535 1499//1499
f 1499//1499 1535//1535 1536//1536
f 1499//1499 1536//1536 1500//1500
f 1500//1500 1536//1536 1537//1537
f 1500//1500 1537//1537 1501//1501
f 1501//1501 1537//1537 1538//1538
f 1501//1501 1538//1538 1502//1502
f 1502//1502 1538//1538 1539//1539
f 1502//1502 1539//1539 1503//1503
f 1503//1503 1539//1539 1540//1540
f 1503//1503 1540//1540 1504//1504
f 1504//1504 1540//1540 1541//1541
f 1504//1504 1541//1541 1505//1505
f 1505//1505 1541//1541 1542//1542
f 1505//1505 1542//1542 1506//1506
f 1506//1506 1542//1542 1543//1543
f 1506//1506 1543//1543 1507//1507
f 1507//1507 1543//1543 1544//1544
f 1507//1507 1544//1544 1508//1508
f 1508//1508 1544//1544 1545//1545
f 1508//1508 1545//1545 1509//1509
f 1509//1509 1545//1545 1546//1546
f 1509//1509 1546//1546 1510//1510
f 1510//1510 1546//1546 1547//1547
f 1510//1510 1547//1547 1511//1511
f 1511//1511 1547//1547 1548//1548
f 1511//1511 1548//1548 1512//1512
f 1512//1512 1548//1548 1549//1549
f 1512//1512 1549//1549 1513//1513
f 1513//1513 1549//1549 1550//1550
f 1513//1513 1550//1550 1514//1514
f 1514//1514 1550//1550 1551//1551
f 1514//1514 1551//1551 1515//1515
f 1515//1515 1551//1551 1552//1552
f 1515//1515 1552//1552 1516//1516
f 1516//1516 1552//1552 1553//1553
f 1516//1516 1553//1553 1517//1517
f 1517//1517 1553//1553 1554//1554
f 1517//1517 1554//1554 1518//1518
f 1518//1518 1554//1554 1555//1555
f 1518//1518 1555//1555 1519//1519
f 1519//1519 1555//1555 1556//1556
f 1519//1519 1556//1556 1520//1520
f 1520//1520 1556//1556 1557//1557
f 1520//1520 1557//1557 1521//1521
f 1521//1521 1557//1557 1558//1558
f 1521//1521 1558//1558 1522//1522
f 1522//1522 1558//1558 1559//1559
f 1522//1522 1559//1559 1523//1523
f 1523//1523 1559//1559 1560//1560
f 1523//1523 1560//1560 1524//1524
f 1524//1524 1560//1560 1561//1561
f 1524//1524 1561//1561 1525//1525
f 1525//1525 1561//1561 1562//1562
f 1525//1525 1562//1562 1526//1526
f 1526//1526 1562//1562 1563//1563
f 1526//1526 1563//1563 1527//1527
f 1527//1527 1563//1563 1564//1564
f 1527//1527 1564//1564 1528//1528
f 1528//1528 1564//1564 1565//1565
f 1528//1528 1565//1565 1529//1529
f 1529//1529 1565//1565 1600//1600
f 1529//1529 1600//1600 1356//1356
f 1532//1532 1531//1531 1566//1566
f 1532//1532 1566//1566 1533//1533
f 1533//1533 1566//1566 1567//1567
f 1533//1533 1567//1567 1534//1534
f 1534//1534 1567//1567 1568//1568
f 1534//1534 1568//1568 1535//1535
f 1535//1535 1568//1568 1569//1569
f 1535//1535 1569//1569 1536//1536
f 1536//1536 1569//1569 1570//1570
f 1536//1536 1570//1570 1537//1537
f 1537//1537 1570//1570 1571//1571
f 1537//1537 1571//1571 1538//1538
f 1538//1538 1571//1571 1572//1572
f 1538//1538 1572//1572 1539//1539
f 1539//1539 1572//1572 1573//1573
f 1539//1539 1573//1573 1540//1540
f 1540//1540 1573//1573 1574//1574
f 1540//1540 1574//1574 1541//1541
f 1541//1541 1574//1574 1575//1575
f 1541//1541 1575//1575 1542//1542
f 1542//1542 1575//1575 1576//1576
f 1542//1542 1576//1576 1543//1543
f 1543//1543 1576//1576 1577//1577
f 1543//1543 1577//1577 1544//1544
f 1544//1544 1577//1577 1578//1578
f 1544//1544 1578//1578 1545//1545
f 1545//1545 1578//1578 1579//1579
f 1545//1545 1579//1579 1546//1546
f 1546//1546 1579//1579 1580//1580
f 1546//1546 1580//1580 1547//1547
f 1547//1547 1580//1580 1581//1581
f 1547//1547 1581//1581 1548//1548
f 1548//1548 1581//1581 1582//1582
f 1548//1548 1582//1582 1549//1549
f 1549//1549 1582//1582 1583//1583
f 1549//1549 1583//1583 1550//1550
f 1550//1550 1583//1583 1584//1584
f 1550//1550 1584//1584 1551//1551
f 1551//1551 1584//1584 1585//1585
f 1551//1551 1585//1585 1552//1552
f 1552//1552 1585//1585 1586//1586
f 1552//1552 1586//1586 1553//1553
f 1553//1553 1586//1586 1587//1587
f 1553//1553 1587//1587 1554//1554
f 1554//1554 1587//1587 1588//1588
f 1554//1554 1588//1588 1555//1555
f 1555//1555 1588//1588 1589//1589
f 1555//1555 1589//1589 1556//1556
f 1556//1556 1589//1589 1590//1590
f 1556//1556 1590//1590 1557//1557
f 1557//1557 1590//1590 1591//1591
f 1557//1557 1591//1591 1558//1558
f 1558//1558 1591//1591 1592//1592
f 1558//1558 1592//1592 1559//1559
f 1559//1559 1592//1592 1593//1593
f 1559//1559 1593//1593 1560//1560
f 1560//1560 1593//1593 1594//1594
f 1560//1560 1594//1594 1561//1561
f 1561//1561 1594//1594 1595//1595
f 1561//1561 1595//1595 1562//1562
f 1562//1562 1595//1595 1596//1596
f 1562//1562 1596//1596 1563//1563
f 1563//1563 1596//1596 1597//1597
f 1563//1563 1597//1597 1564//1564
f 1564//1564 1597//1597 1598//1598
f 1564//1564 1598//1598 1565//1565
f 1565//1565 1598//1598 1599//1599
f 1565//1565 1599//1599 1600//1600
f 693//693 1863//1863 1459//1459
f 1460//1460 1674//1674 1391//1391
f 1531//1531 1530//1530 1602//1602
f 1531//1531 1602//1602 1566//1566
f 1566//1566 1602//1602 1603//1603
f 1566//1566 1603//1603 1567//1567
f 1567//1567 1603//1603 1604//1604
f 1567//1567 1604//1604 1568//1568
f 1568//1568 1604//1604 1605//1605
f 1568//1568 1605//1605 1569//1569
f 1569//1569 1605//1605 1606//1606
f 1569//1569 1606//1606 1570//1570
f 1570//1570 1606//1606 1607//1607
f 1570//1570 1607//1607 1571//1571
f 1571//1571 1607//1607 1608//1608
f 1571//1571 1608//1608 1572//1572
f 1572//1572 1608//1608 1609//1609
f 1572//1572 1609//1609 1573//1573
f 1573//1573 1609//1609 1610//1610
f 1573//1573 1610//1610 1574//1574
f 1574//1574 1610//1610 1611//1611
f 1574//1574 1611//1611 1575//1575
f 1575//1575 1611//1611 1612//1612
f 1575//1575 1612//1612 1576//1576
f 1576//1576 1612//1612 1613//1613
f 1576//1576 1613//1613 1577//1577
f 1577//1577 1613//1613 1614//1614
f 1577//1577 1614//1614 1578//1578
f 1578//1578 1614//1614 1615//1615
f 1578//1578 1615//1615 1579//1579
f 1579//1579 1615//1615 1616//1616
f 1579//1579 1616//1616 1580//1580
f 1580//1580 1616//1616 1617//1617
f 1580//1580 1617//1617 1581//1581
f 1581//1581 1617//1617 1618//1618
f 1581//1581 1618//1618 1582//1582
f 1582//1582 1618//1618 1619//1619
f 1582//1582 1619//1619 1583//1583
f 1583//1583 1619//1619 1620//1620
f 1583//1583 1620//1620 1584//1584
f 1584//1584 1620//1620 1621//1621
f 1584//1584 1621//1621 1585//1585
f 1585//1585 1621//1621 1622//1622
f 1585//1585 1622//1622 1586//1586
f 1586//1586 1622//1622 1623//1623
f 1586//1586 1623//1623 1587//1587
f 1587//1587 1623//1623 1624//1624
f 1587//1587 1624//1624 1588//1588
f 1588//1588 1624//1624 1625//1625
f 1588//1588 1625//1625 1589//1589
f 1589//1589 1625//1625 1626//1626
f 1589//1589 1626//1626 1590//1590
f 1590//1590 1626//1626 1627//1627
f 1590//1590 1627//1627 1591//1591
f 1591//1591 1627//1627 1628//1628
f 1591//1591 1628//1628 1592//1592
f 1592//1592 1628//1628 1629//1629
f 1592//1592 1629//1629 1593//1593
f 1593//1593 1629//1629 1630//1630
f 1593//1593 1630//1630 1594//1594
f 1594//1594 1630//1630 1631//1631
f 1594//1594 1631//1631 1595//1595
f 1595//1595 1631//1631 1632//1632
f 1595//1595 1632//1632 1596//1596
f 1596//1596 1632//1632 1633//1633
f 1596//1596 1633//1633 1597//1597
f 1597//1597 1633//1633 1634//1634
f 1597//1597 1634//1634 1598//1598
f 1598//1598 1634//1634 1635//1635
f 1598//1598 1635//1635 1599//1599
f 1599//1599 1635//1635 1636//1636
f 1599//1599 1636//1636 1600//1600
f 1600//1600 1636//1636 1673//1673
f 1600//1600 1673//1673 1356//1356
f 1356//1356 1673//1673 1749//1749
f 1356//1356 1749//1749 1933//1933
f 1355//1355 1787//1787 1637//1637
f 1603//1603 1602//1602 1639//1639
f 1603//1603 1639//1639 1604//1604
f 1604//1604 1639//1639 1640//1640
f 1604//1604 1640//1640 1605//1605
f 1605//1605 1640//1640 1641//1641
f 1605//1605 1641//1641 1606//1606
f 1606//1606 1641//1641 1642//1642
f 1606//1606 1642//1642 1607//1607
f 1607//1607 1642//1642 1643//1643
f 1607//1607 1643//1643 1608//1608
f 1608//1608 1643//1643 1644//1644
f 1608//1608 1644//1644 1609//1609
f 1609//1609 1644//1644 1645//1645
f 1609//1609 1645//1645 1610//1610
f 1610//1610 1645//1645 1646//1646
f 1610//1610 1646//1646 1611//1611
f 1611//1611 1646//1646 1647//1647
f 1611//1611 1647//1647 1612//1612
f 1612//1612 1647//1647 1648//1648
f 1612//1612 1648//1648 1613//1613
f 1613//1613 1648//1648 1649//1649
f 1613//1613 1649//1649 1614//1614
f 1614//1614 1649//1649 1650//1650
f 1614//1614 1650//1650 1615//1615
f 1615//1615 1650//1650 1651//1651
f 1615//1615 1651//1651 1616//1616
f 1616//1616 1651//1651 1652//1652
f 1616//1616 1652//1652 1617//1617
f 1617//1617 1652//1652 1653//1653
f 1617//1617 1653//1653 1618//1618
f 1618//1618 1653//1653 1654//1654
f 1618//1618 1654//1654 1619//1619
f 1619//1619 1654//1654 1655//1655
f 1619//1619 1655//1655 1620//1620
f 1620//1620 1655//1655 1656//1656
f 1620//1620 1656//1656 1621//1621
f 1621//1621 1656//1656 1657//1657
f 1621//1621 1657//1657 1622//1622
f 1622//1622 1657//1657 1658//1658
f 1622//1622 1658//1658 1623//1623
f 1623//1623 1658//1658 1659//1659
f 1623//1623 1659//1659 1624//1624
f 1624//1624 1659//1659 1660//1660
f 1624//1624 1660//1660 1625//1625
f 1625//1625 1660//1660 1661//1661
f 1625//1625 1661//1661 1626//1626
f 1626//1626 1661//1661 1662//1662
f 1626//1626 1662//1662 1627//1627
f 1627//1627 1662//1662 1663//1663
f 1627//1627 1663//1663 1628//1628
f 1628//1628 1663//1663 1664//1664
f 1628//1628 1664//1664 1629//1629
f 1629//1629 1664//1664 1665//1665
f 1629//1629 1665//1665 1630//1630
f 1630//1630 1665//1665 1666//1666
f 1630//1630 1666//1666 1631//1631
f 1631//1631 1666//1666 1667//1667
f 1631//1631 1667//1667 1632//1632
f 1632//1632 1667//1667 1668//1668
f 1632//1632 1668//1668 1633//1633
f 1633//1633 1668//1668 1669//1669
f 1633//1633 1669//1669 1634//1634
f 1634//1634 1669//1669 1670//1670
f 1634//1634 1670//1670 1635//1635
f 1635//1635 1670//1670 1671//1671
f 1635//1635 1671//1671 1636//1636
f 1636//1636 1671//1671 1672//1672
f 1636//1636 1672//1672 1673//1673
f 1391//1391 1750//1750 1390//1390
f 1530//1530 1956//1956 1676//1676
f 1530//1530 1676//1676 1602//1602
f 1602//1602 1676//1676 1677//1677
f 1602//1602 1677//1677 1639//1639
f 1639//1639 1677//1677 1678//1678
f 1639//1639 1678//1678 1640//1640
f 1640//1640 1678//1678 1679//1679
f 1640//1640 1679//1679 1641//1641
f 1641//1641 1679//1679 1680//1680
f 1641//1641 1680//1680 1642//1642
f 1642//1642 1680//1680 1681//1681
f 1642//1642 1681//1681 1643//1643
f 1643//1643 1681//1681 1682//1682
f 1643//1643 1682//1682 1644//1644
f 1644//1644 1682//1682 1683//1683
f 1644//1644 1683//1683 1645//1645
f 1645//1645 1683//1683 1684//1684
f 1645//1645 1684//1684 1646//1646
f 1646//1646 1684//1684 1685//1685
f 1646//1646 1685//1685 1647//1647
f 1647//1647 1685//1685 1686//1686
f 1647//1647 1686//1686 1648//1648
f 1648//1648 1686//1686 1687//1687
f 1648//1648 1687//1687 1649//1649
f 1649//1649 1687//1687 1688//1688
f 1649//1649 1688//1688 1650//1650
f 1650//1650 1688//1688 1689//1689
f 1650//1650 1689//1689 1651//1651
f 1651//1651 1689//1689 1690//1690
f 1651//1651 1690//1690 1652//1652
f 1652//1652 1690//1690 1691//1691
f 1652//1652 1691//1691 1653//1653
f 1653//1653 1691//1691 1692//1692
f 1653//1653 1692//1692 1654//1654
f 1654//1654 1692//1692 1693//1693
f 1654//1654 1693//1693 1655//1655
f 1655//1655 1693//1693 1694//1694
f 1655//1655 1694//1694 1656//1656
f 1656//1656 1694//1694 1695//1695
f 1656//1656 1695//1695 1657//1657
f 1657//1657 1695//1695 1696//1696
f 1657//1657 1696//1696 1658//1658
f 1658//1658 1696//1696 1697//1697
f 1658//1658 1697//1697 1659//1659
f 1659//1659 1697//1697 1698//1698
f 1659//1659 1698//1698 1660//1660
f 1660//1660 1698//1698 1699//1699
f 1660//1660 1699//1699 1661//1661
f 1661//1661 1699//1699 1700//1700
f 1661//1661 1700//1700 1662//1662
f 1662//1662 1700//1700 1701//1701
f 1662//1662 1701//1701 1663//1663
f 1663//1663 1701//1701 1702//1702
f 1663//1663 1702//1702 1664//1664
f 1664//1664 1702//1702 1703//1703
f 1664//1664 1703//1703 1665//1665
f 1665//1665 1703//1703 1704//1704
f 1665//1665 1704//1704 1666//1666
f 1666//1666 1704//1704 1705//1705
f 1666//1666 1705//1705 1667//1667
f 1667//1667 1705//1705 1706//1706
f 1667//1667 1706//1706 1668//1668
f 1668//1668 1706//1706 1707//1707
f 1668//1668 1707//1707 1669//1669
f 1669//1669 1707//1707 1708//1708
f 1669//1669 1708//1708 1670//1670
f 1670//1670 1708//1708 1709//1709
f 1670//1670 1709//1709 1671//1671
f 1671//1671 1709//1709 1710//1710
f 1671//1671 1710//1710 1672//1672
f 1672//1672 1710//1710 1711//1711
f 1672//1672 1711//1711 1673//1673
f 1673//1673 1711//1711 1712//1712
f 1673//1673 1712//1712 1749//1749
f 1390//1390 1750//1750 1788//1788
f 1677//1677 1676//1676 1713//1713
f 1677//1677 1713//1713 1678//1678
f 1678//1678 1713//1713 1714//1714
f 1678//1678 1714//1714 1679//1679
f 1679//1679 1714//1714 1715//1715
f 1679//1679 1715//1715 1680//1680
f 1680//1680 1715//1715 1716//1716
f 1680//1680 1716//1716 1681//1681
f 1681//1681 1716//1716 1717//1717
f 1681//1681 1717//1717 1682//1682
f 1682//1682 1717//1717 1718//1718
f 1682//1682 1718//1718 1683//1683
f 1683//1683 1718//1718 1719//1719
f 1683//1683 1719//1719 1684//1684
f 1684//1684 1719//1719 1720//1720
f 1684//1684 1720//1720 1685//1685
f 1685//1685 1720//1720 1721//1721
f 1685//1685 1721//1721 1686//1686
f 1686//1686 1721//1721 1722//1722
f 1686//1686 1722//1722 1687//1687
f 1687//1687 1722//1722 1723//1723
f 1687//1687 1723//1723 1688//1688
f 1688//1688 1723//1723 1724//1724
f 1688//1688 1724//1724 1689//1689
f 1689//1689 1724//1724 1725//1725
f 1689//1689 1725//1725 1690//1690
f 1690//1690 1725//1725 1726//1726
f 1690//1690 1726//1726 1691//1691
f 1691//1691 1726//1726 1727//1727
f 1691//1691 1727//1727 1692//1692
f 1692//1692 1727//1727 1728//1728
f 1692//1692 1728//1728 1693//1693
f 1693//1693 1728//1728 1729//1729
f 1693//1693 1729//1729 1694//1694
f 1694//1694 1729//1729 1730//1730
f 1694//1694 1730//1730 1695//1695
f 1695//1695 1730//1730 1731//1731
f 1695//1695 1731//1731 1696//1696
f 1696//1696 1731//1731 1732//1732
f 1696//1696 1732//1732 1697//1697
f 1697//1697 1732//1732 1733//1733
f 1697//1697 1733//1733 1698//1698
f 1698//1698 1733//1733 1734//1734
f 1698//1698 1734//1734 1699//1699
f 1699//1699 1734//1734 1735//1735
f 1699//1699 1735//1735 1700//1700
f 1700//1700 1735//1735 1736//1736
f 1700//1700 1736//1736 1701//1701
f 1701//1701 1736//1736 1737//1737
f 1701//1701 1737//1737 1702//1702
f 1702//1702 1737//1737 1738//1738
f 1702//1702 1738//1738 1703//1703
f 1703//1703 1738//1738 1739//1739
f 1703//1703 1739//1739 1704//1704
f 1704//1704 1739//1739 1740//1740
f 1704//1704 1740//1740 1705//1705
f 1705//1705 1740//1740 1741//1741
f 1705//1705 1741//1741 1706//1706
f 1706//1706 1741//1741 1742//1742
f 1706//1706 1742//1742 1707//1707
f 1707//1707 1742//1742 1743//1743
f 1707//1707 1743//1743 1708//1708
f 1708//1708 1743//1743 1744//1744
f 1708//1708 1744//1744 1709//1709
f 1709//1709 1744//1744 1745//1745
f 1709//1709 1745//1745 1710//1710
f 1710//1710 1745//1745 1746//1746
f 1710//1710 1746//1746 1711//1711
f 1711//1711 1746//1746 1747//1747
f 1711//1711 1747//1747 1712//1712
f 1712//1712 1747//1747 1748//1748
f 1712//1712 1748//1748 1749//1749
f 1674//1674 1638//1638 1750//1750
f 1674//1674 1750//1750 1391//1391
f 1676//1676 1956//1956 1751//1751
f 1676//1676 1751//1751 1713//1713
f 1713//1713 1751//1751 1752//1752
f 1713//1713 1752//1752 1714//1714
f 1714//1714 1752//1752 1753//1753
f 1714//1714 1753//1753 1715//1715
f 1715//1715 1753//1753 1754//1754
f 1715//1715 1754//1754 1716//1716
f 1716//1716 1754//1754 1755//1755
f 1716//1716 1755//1755 1717//1717
f 1717//1717 1755//1755 1756//1756
f 1717//1717 1756//1756 1718//1718
f 1718//1718 1756//1756 1757//1757
f 1718//1718 1757//1757 1719//1719
f 1719//1719 1757//1757 1758//1758
f 1719//1719 1758//1758 1720//1720
f 1720//1720 1758//1758 1759//1759
f 1720//1720 1759//1759 1721//1721
f 1721//1721 1759//1759 1760//1760
f 1721//1721 1760//1760 1722//1722
f 1722//1722 1760//1760 1761//1761
f 1722//1722 1761//1761 1723//1723
f 1723//1723 1761//1761 1762//1762
f 1723//1723 1762//1762 1724//1724
f 1724//1724 1762//1762 1763//1763
f 1724//1724 1763//1763 1725//1725
f 1725//1725 1763//1763 1764//1764
f 1725//1725 1764//1764 1726//1726
f 1726//1726 1764//1764 1765//1765
f 1726//1726 1765//1765 1727//1727
f 1727//1727 1765//1765 1766//1766
f 1727//1727 1766//1766 1728//1728
f 1728//1728 1766//1766 1767//1767
f 1728//1728 1767//1767 1729//1729
f 1729//1729 1767//1767 1768//1768
f 1729//1729 1768//1768 1730//1730
f 1730//1730 1768//1768 1769//1769
f 1730//1730 1769//1769 1731//1731
f 1731//1731 1769//1769 1770//1770
f 1731//1731 1770//1770 1732//1732
f 1732//1732 1770//1770 1771//1771
f 1732//1732 1771//1771 1733//1733
f 1733//1733 1771//1771 1772//1772
f 1733//1733 1772//1772 1734//1734
f 1734//1734 1772//1772 1773//1773
f 1734//1734 1773//1773 1735//1735
f 1735//1735 1773//1773 1774//1774
f 1735//1735 1774//1774 1736//1736
f 1736//1736 1774//1774 1775//1775
f 1736//1736 1775//1775 1737//1737
f 1737//1737 1775//1775 1776//1776
f 1737//1737 1776//1776 1738//1738
f 1738//1738 1776//1776 1777//1777
f 1738//1738 1777//1777 1739//1739
f 1739//1739 1777//1777 1778//1778
f 1739//1739 1778//1778 1740//1740
f 1740//1740 1778//1778 1779//1779
f 1740//1740 1779//1779 1741//1741
f 1741//1741 1779//1779 1780//1780
f 1741//1741 1780//1780 1742//1742
f 1742//1742 1780//1780 1781//1781
f 1742//1742 1781//1781 1743//1743
f 1743//1743 1781//1781 1782//1782
f 1743//1743 1782//1782 1744//1744
f 1744//1744 1782//1782 1783//1783
f 1744//1744 1783//1783 1745//1745
f 1745//1745 1783//1783 1784//1784
f 1745//1745 1784//1784 1746//1746
f 1746//1746 1784//1784 1785//1785
f 1746//1746 1785//1785 1747//1747
f 1747//1747 1785//1785 1786//1786
f 1747//1747 1786//1786 1748//1748
f 1748//1748 1786//1786 1955//1955
f 1748//1748 1955//1955 1749//1749
f 1749//1749 1955//1955 1862//1862
f 1749//1749 1862//1862 1933//1933
f 1495//1495 1933//1933 1787//1787
f 1637//1637 1787//1787 1863//1863
f 1752//1752 1751//1751 1789//1789
f 1752//1752 1789//1789 1753//1753
f 1753//1753 1789//1789 1790//1790
f 1753//1753 1790//1790 1754//1754
f 1754//1754 1790//1790 1791//1791
f 1754//1754 1791//1791 1755//1755
f 1755//1755 1791//1791 1792//1792
f 1755//1755 1792//1792 1756//1756
f 1756//1756 1792//1792 1793//1793
f 1756//1756 1793//1793 1757//1757
f 1757//1757 1793//1793 1794//1794
f 1757//1757 1794//1794 1758//1758
f 1758//1758 1794//1794 1795//1795
f 1758//1758 1795//1795 1759//1759
f 1759//1759 1795//1795 1796//1796
f 1759//1759 1796//1796 1760//1760
f 1760//1760 1796//1796 1797//1797
f 1760//1760 1797//1797 1761//1761
f 1761//1761 1797//1797 1798//1798
f 1761//1761 1798//1798 1762//1762
f 1762//1762 1798//1798 1799//1799
f 1762//1762 1799//1799 1763//1763
f 1763//1763 1799//1799 1800//1800
f 1763//1763 1800//1800 1764//1764
f 1764//1764 1800//1800 1801//1801
f 1764//1764 1801//1801 1765//1765
f 1765//1765 1801//1801 1802//1802
f 1765//1765 1802//1802 1766//1766
f 1766//1766 1802//1802 1803//1803
f 1766//1766 1803//1803 1767//1767
f 1767//1767 1803//1803 1804//1804
f 1767//1767 1804//1804 1768//1768
f 1768//1768 1804//1804 1805//1805
f 1768//1768 1805//1805 1769//1769
f 1769//1769 1805//1805 1806//1806
f 1769//1769 1806//1806 1770//1770
f 1770//1770 1806//1806 1807//1807
f 1770//1770 1807//1807 1771//1771
f 1771//1771 1807//1807 1808//1808
f 1771//1771 1808//1808 1772//1772
f 1772//1772 1808//1808 1809//1809
f 1772//1772 1809//1809 1773//1773
f 1773//1773 1809//1809 1810//1810
f 1773//1773 1810//1810 1774//1774
f 1774//1774 1810//1810 1811//1811
f 1774//1774 1811//1811 1775//1775
f 1775//1775 1811//1811 1812//1812
f 1775//1775 1812//1812 1776//1776
f 1776//1776 1812//1812 1813//1813
f 1776//1776 1813//1813 1777//1777
f 1777//1777 1813//1813 1814//1814
f 1777//1777 1814//1814 1778//1778
f 1778//1778 1814//1814 1815//1815
f 1778//1778 1815//1815 1779//1779
f 1779//1779 1815//1815 1816//1816
f 1779//1779 1816//1816 1780//1780
f 1780//1780 1816//1816 1817//1817
f 1780//1780 1817//1817 1781//1781
f 1781//1781 1817//1817 1818//1818
f 1781//1781 1818//1818 1782//1782
f 1782//1782 1818//1818 1819//1819
f 1782//1782 1819//1819 1783//1783
f 1783//1783 1819//1819 1820//1820
f 1783//1783 1820//1820 1784//1784
f 1784//1784 1820//1820 1821//1821
f 1784//1784 1821//1821 1785//1785
f 1785//1785 1821//1821 1822//1822
f 1785//1785 1822//1822 1786//1786
f 1786//1786 1822//1822 1823//1823
f 1786//1786 1823//1823 1955//1955
f 1979//1979 1824//1824 1638//1638
f 1788//1788 1750//1750 574//574
f 1788//1788 574//574 1675//1675
f 1675//1675 574//574 1956//1956
f 1956//1956 1825//1825 1751//1751
f 1751//1751 1825//1825 1826//1826
f 1751//1751 1826//1826 1789//1789
f 1789//1789 1826//1826 1827//1827
f 1789//1789 1827//1827 1790//1790
f 1790//1790 1827//1827 1828//1828
f 1790//1790 1828//1828 1791//1791
f 1791//1791 1828//1828 1829//1829
f 1791//1791 1829//1829 1792//1792
f 1792//1792 1829//1829 1830//1830
f 1792//1792 1830//1830 1793//1793
f 1793//1793 1830//1830 1831//1831
f 1793//1793 1831//1831 1794//1794
f 1794//1794 1831//1831 1832//1832
f 1794//1794 1832//1832 1795//1795
f 1795//1795 1832//1832 1833//1833
f 1795//1795 1833//1833 1796//1796
f 1796//1796 1833//1833 1834//1834
f 1796//1796 1834//1834 1797//1797
f 1797//1797 1834//1834 1835//1835
f 1797//1797 1835//1835 1798//1798
f 1798//1798 1835//1835 1836//1836
f 1798//1798 1836//1836 1799//1799
f 1799//1799 1836//1836 1837//1837
f 1799//1799 1837//1837 1800//1800
f 1800//1800 1837//1837 1838//1838
f 1800//1800 1838//1838 1801//1801
f 1801//1801 1838//1838 1839//1839
f 1801//1801 1839//1839 1802//1802
f 1802//1802 1839//1839 1840//1840
f 1802//1802 1840//1840 1803//1803
f 1803//1803 1840//1840 1841//1841
f 1803//1803 1841//1841 1804//1804
f 1804//1804 1841//1841 1842//1842
f 1804//1804 1842//1842 1805//1805
f 1805//1805 1842//1842 1843//1843
f 1805//1805 1843//1843 1806//1806
f 1806//1806 1843//1843 1844//1844
f 1806//1806 1844//1844 1807//1807
f 1807//1807 1844//1844 1845//1845
f 1807//1807 1845//1845 1808//1808
f 1808//1808 1845//1845 1846//1846
f 1808//1808 1846//1846 1809//1809
f 1809//1809 1846//1846 1847//1847
f 1809//1809 1847//1847 1810//1810
f 1810//1810 1847//1847 1848//1848
f 1810//1810 1848//1848 1811//1811
f 1811//1811 1848//1848 1849//1849
f 1811//1811 1849//1849 1812//1812
f 1812//1812 1849//1849 1850//1850
f 1812//1812 1850//1850 1813//1813
f 1813//1813 1850//1850 1851//1851
f 1813//1813 1851//1851 1814//1814
f 1814//1814 1851//1851 1852//1852
f 1814//1814 1852//1852 1815//1815
f 1815//1815 1852//1852 1853//1853
f 1815//1815 1853//1853 1816//1816
f 1816//1816 1853//1853 1854//1854
f 1816//1816 1854//1854 1817//1817
f 1817//1817 1854//1854 1855//1855
f 1817//1817 1855//1855 1818//1818
f 1818//1818 1855//1855 1856//1856
f 1818//1818 1856//1856 1819//1819
f 1819//1819 1856//1856 1857//1857
f 1819//1819 1857//1857 1820//1820
f 1820//1820 1857//1857 1858//1858
f 1820//1820 1858//1858 1821//1821
f 1821//1821 1858//1858 1859//1859
f 1821//1821 1859//1859 1822//1822
f 1822//1822 1859//1859 1860//1860
f 1822//1822 1860//1860 1823//1823
f 1823//1823 1860//1860 1861//1861
f 1823//1823 1861//1861 1955//1955
f 1826//1826 1825//1825 1864//1864
f 1826//1826 1864//1864 1827//1827
f 1827//1827 1864//1864 1865//1865
f 1827//1827 1865//1865 1828//1828
f 1828//1828 1865//1865 1866//1866
f 1828//1828 1866//1866 1829//1829
f 1829//1829 1866//1866 1867//1867
f 1829//1829 1867//1867 1830//1830
f 1830//1830 1867//1867 1868//1868
f 1830//1830 1868//1868 1831//1831
f 1831//1831 1868//1868 1869//1869
f 1831//1831 1869//1869 1832//1832
f 1832//1832 1869//1869 1870//1870
f 1832//1832 1870//1870 1833//1833
f 1833//1833 1870//1870 1871//1871
f 1833//1833 1871//1871 1834//1834
f 1834//1834 1871//1871 1872//1872
f 1834//1834 1872//1872 1835//1835
f 1835//1835 1872//1872 1873//1873
f 1835//1835 1873//1873 1836//1836
f 1836//1836 1873//1873 1874//1874
f 1836//1836 1874//1874 1837//1837
f 1837//1837 1874//1874 1875//1875
f 1837//1837 1875//1875 1838//1838
f 1838//1838 1875//1875 1876//1876
f 1838//1838 1876//1876 1839//1839
f 1839//1839 1876//1876 1877//1877
f 1839//1839 1877//1877 1840//1840
f 1840//1840 1877//1877 1878//1878
f 1840//1840 1878//1878 1841//1841
f 1841//1841 1878//1878 1879//1879
f 1841//1841 1879//1879 1842//1842
f 1842//1842 1879//1879 1880//1880
f 1842//1842 1880//1880 1843//1843
f 1843//1843 1880//1880 1881//1881
f 1843//1843 1881//1881 1844//1844
f 1844//1844 1881//1881 1882//1882
f 1844//1844 1882//1882 1845//1845
f 1845//1845 1882//1882 1883//1883
f 1845//1845 1883//1883 1846//1846
f 1846//1846 1883//1883 1884//1884
f 1846//1846 1884//1884 1847//1847
f 1847//1847 1884//1884 1885//1885
f 1847//1847 1885//1885 1848//1848
f 1848//1848 1885//1885 1886//1886
f 1848//1848 1886//1886 1849//1849
f 1849//1849 1886//1886 1887//1887
f 1849//1849 1887//1887 1850//1850
f 1850//1850 1887//1887 1888//1888
f 1850//1850 1888//1888 1851//1851
f 1851//1851 1888//1888 1889//1889
f 1851//1851 1889//1889 1852//1852
f 1852//1852 1889//1889 1890//1890
f 1852//1852 1890//1890 1853//1853
f 1853//1853 1890//1890 1891//1891
f 1853//1853 1891//1891 1854//1854
f 1854//1854 1891//1891 1892//1892
f 1854//1854 1892//1892 1855//1855
f 1855//1855 1892//1892 1893//1893
f 1855//1855 1893//1893 1856//1856
f 1856//1856 1893//1893 1894//1894
f 1856//1856 1894//1894 1857//1857
f 1857//1857 1894//1894 1895//1895
f 1857//1857 1895//1895 1858//1858
f 1858//1858 1895//1895 1896//1896
f 1858//1858 1896//1896 1859//1859
f 1859//1859 1896//1896 1897//1897
f 1859//1859 1897//1897 1860//1860
f 1860//1860 1897//1897 1898//1898
f 1860//1860 1898//1898 1861//1861
f 1861//1861 1898//1898 1899//1899
f 1861//1861 1899//1899 1955//1955
f 1825//1825 1956//1956 1900//1900
f 1825//1825 1900//1900 1864//1864
f 1864//1864 1900//1900 1901//1901
f 1864//1864 1901//1901 1865//1865
f 1865//1865 1901//1901 1902//1902
f 1865//1865 1902//1902 1866//1866
f 1866//1866 1902//1902 1903//1903
f 1866//1866 1903//1903 1867//1867
f 1867//1867 1903//1903 1904//1904
f 1867//1867 1904//1904 1868//1868
f 1868//1868 1904//1904 1905//1905
f 1868//1868 1905//1905 1869//1869
f 1869//1869 1905//1905 1906//1906
f 1869//1869 1906//1906 1870//1870
f 1870//1870 1906//1906 1907//1907
f 1870//1870 1907//1907 1871//1871
f 1871//1871 1907//1907 1908//1908
f 1871//1871 1908//1908 1872//1872
f 1872//1872 1908//1908 1909//1909
f 1872//1872 1909//1909 1873//1873
f 1873//1873 1909//1909 1910//1910
f 1873//1873 1910//1910 1874//1874
f 1874//1874 1910//1910 1911//1911
f 1874//1874 1911//1911 1875//1875
f 1875//1875 1911//1911 1912//1912
f 1875//1875 1912//1912 1876//1876
f 1876//1876 1912//1912 1913//1913
f 1876//1876 1913//1913 1877//1877
f 1877//1877 1913//1913 1914//1914
f 1877//1877 1914//1914 1878//1878
f 1878//1878 1914//1914 1915//1915
f 1878//1878 1915//1915 1879//1879
f 1879//1879 1915//1915 1916//1916
f 1879//1879 1916//1916 1880//1880
f 1880//1880 1916//1916 1917//1917
f 1880//1880 1917//1917 1881//1881
f 1881//1881 1917//1917 1918//1918
f 1881//1881 1918//1918 1882//1882
f 1882//1882 1918//1918 1919//1919
f 1882//1882 1919//1919 1883//1883
f 1883//1883 1919//1919 1920//1920
f 1883//1883 1920//1920 1884//1884
f 1884//1884 1920//1920 1921//1921
f 1884//1884 1921//1921 1885//1885
f 1885//1885 1921//1921 1922//1922
f 1885//1885 1922//1922 1886//1886
f 1886//1886 1922//1922 1923//1923
f 1886//1886 1923//1923 1887//1887
f 1887//1887 1923//1923 1924//1924
f 1887//1887 1924//1924 1888//1888
f 1888//1888 1924//1924 1925//1925
f 1888//1888 1925//1925 1889//1889
f 1889//1889 1925//1925 1926//1926
f 1889//1889 1926//1926 1890//1890
f 1890//1890 1926//1926 1927//1927
f 1890//1890 1927//1927 1891//1891
f 1891//1891 1927//1927 1928//1928
f 1891//1891 1928//1928 1892//1892
f 1892//1892 1928//1928 1929//1929
f 1892//1892 1929//1929 1893//1893
f 1893//1893 1929//1929 1930//1930
f 1893//1893 1930//1930 1894//1894
f 1894//1894 1930//1930 1931//1931
f 1894//1894 1931//1931 1895//1895
f 1895//1895 1931//1931 564//564
f 1895//1895 564//564 1896//1896
f 1897//1897 1896//1896 1898//1898
f 1898//1898 1896//1896 1932//1932
f 1898//1898 1932//1932 1899//1899
f 1899//1899 1932//1932 1955//1955
f 1900//1900 1956//1956 1934//1934
f 1900//1900 1934//1934 1901//1901
f 1901//1901 1934//1934 1935//1935
f 1901//1901 1935//1935 1902//1902
f 1902//1902 1935//1935 1936//1936
f 1902//1902 1936//1936 1903//1903
f 1903//1903 1936//1936 1937//1937
f 1903//1903 1937//1937 1904//1904
f 1904//1904 1937//1937 1938//1938
f 1904//1904 1938//1938 1905//1905
f 1905//1905 1938//1938 1939//1939
f 1905//1905 1939//1939 1906//1906
f 1906//1906 1939//1939 1940//1940
f 1906//1906 1940//1940 1907//1907
f 1907//1907 1940//1940 1941//1941
f 1907//1907 1941//1941 1908//1908
f 1908//1908 1941//1941 1942//1942
f 1908//1908 1942//1942 1909//1909
f 1909//1909 1942//1942 1943//1943
f 1909//1909 1943//1943 1910//1910
f 1910//1910 1943//1943 1944//1944
f 1910//1910 1944//1944 1911//1911
f 1911//1911 1944//1944 1945//1945
f 1911//1911 1945//1945 1912//1912
f 1912//1912 1945//1945 1946//1946
f 1912//1912 1946//1946 1913//1913
f 1913//1913 1946//1946 1947//1947
f 1913//1913 1947//1947 1914//1914
f 1914//1914 1947//1947 1948//1948
f 1914//1914 1948//1948 1915//1915
f 1915//1915 1948//1948 1949//1949
f 1915//1915 1949//1949 1916//1916
f 1916//1916 1949//1949 1950//1950
f 1916//1916 1950//1950 1917//1917
f 1917//1917 1950//1950 1951//1951
f 1917//1917 1951//1951 1918//1918
f 1918//1918 1951//1951 1952//1952
f 1918//1918 1952//1952 1919//1919
f 1919//1919 1952//1952 1953//1953
f 1919//1919 1953//1953 1920//1920
f 1920//1920 1953//1953 1954//1954
f 1920//1920 1954//1954 1921//1921
f 1921//1921 1954//1954 548//548
f 1921//1921 548//548 1922//1922
f 1922//1922 548//548 547//547
f 1922//1922 547//547 1923//1923
f 1923//1923 547//547 546//546
f 1923//1923 546//546 1924//1924
f 1924//1924 546//546 554//554
f 1924//1924 554//554 1925//1925
f 1925//1925 554//554 553//553
f 1925//1925 553//553 1926//1926
f 1926//1926 553//553 552//552
f 1926//1926 552//552 1927//1927
f 1927//1927 552//552 560//560
f 1927//1927 560//560 1928//1928
f 1928//1928 560//560 559//559
f 1928//1928 559//559 1929//1929
f 1929//1929 559//559 558//558
f 1929//1929 558//558 1930//1930
f 1930//1930 558//558 564//564
f 1930//1930 564//564 1931//1931
f 1934//1934 1956//1956 1957//1957
f 1934//1934 1957//1957 1935//1935
f 1935//1935 1957//1957 1958//1958
f 1935//1935 1958//1958 1936//1936
f 1936//1936 1958//1958 1959//1959
f 1936//1936 1959//1959 1937//1937
f 1937//1937 1959//1959 1960//1960
f 1937//1937 1960//1960 1938//1938
f 1938//1938 1960//1960 1961//1961
f 1938//1938 1961//1961 1939//1939
f 1939//1939 1961//1961 1962//1962
f 1939//1939 1962//1962 1940//1940
f 1940//1940 1962//1962 1963//1963
f 1940//1940 1963//1963 1941//1941
f 1941//1941 1963//1963 1964//1964
f 1941//1941 1964//1964 1942//1942
f 1942//1942 1964//1964 1965//1965
f 1942//1942 1965//1965 1943//1943
f 1943//1943 1965//1965 1966//1966
f 1943//1943 1966//1966 1944//1944
f 1944//1944 1966//1966 1967//1967
f 1944//1944 1967//1967 1945//1945
f 1945//1945 1967//1967 1968//1968
f 1945//1945 1968//1968 1946//1946
f 1946//1946 1968//1968 1969//1969
f 1946//1946 1969//1969 1947//1947
f 1947//1947 1969//1969 1970//1970
f 1947//1947 1970//1970 1948//1948
f 1948//1948 1970//1970 1971//1971
f 1948//1948 1971//1971 1949//1949
f 1949//1949 1971//1971 1972//1972
f 1949//1949 1972//1972 1950//1950
f 1950//1950 1972//1972 1973//1973
f 1950//1950 1973//1973 1951//1951
f 1951//1951 1973//1973 1974//1974
f 1951//1951 1974//1974 1952//1952
f 1952//1952 1974//1974 1975//1975
f 1952//1952 1975//1975 1953//1953
f 1953//1953 1975//1975 545//545
f 1953//1953 545//545 1954//1954
f 1954//1954 545//545 548//548
f 1955//1955 1932//1932 1862//1862
f 543//543 545//545 1975//1975
f 543//543 1975//1975 541//541
f 541//541 1975//1975 1974//1974
f 541//541 1974//1974 549//549
f 549//549 1974//1974 1973//1973
f 549//549 1973//1973 550//550
f 550//550 1973//1973 1972//1972
f 550//550 1972//1972 551//551
f 551//551 1972//1972 1971//1971
f 551//551 1971//1971 555//555
f 555//555 1971//1971 1970//1970
f 555//555 1970//1970 556//556
f 556//556 1970//1970 1969//1969
f 556//556 1969//1969 557//557
f 557//557 1969//1969 1968//1968
f 557//557 1968//1968 561//561
f 561//561 1968//1968 1967//1967
f 561//561 1967//1967 562//562
f 562//562 1967//1967 1966//1966
f 562//562 1966//1966 563//563
f 563//563 1966//1966 1965//1965
f 563//563 1965//1965 565//565
f 565//565 1965//1965 1964//1964
f 565//565 1964//1964 566//566
f 566//566 1964//1964 1963//1963
f 566//566 1963//1963 567//567
f 567//567 1963//1963 1962//1962
f 567//567 1962//1962 568//568
f 568//568 1962//1962 1961//1961
f 568//568 1961//1961 569//569
f 569//569 1961//1961 1960//1960
f 569//569 1960//1960 570//570
f 570//570 1960//1960 1959//1959
f 570//570 1959//1959 571//571
f 571//571 1959//1959 1958//1958
f 571//571 1958//1958 572//572
f 572//572 1958//1958 1957//1957
f 572//572 1957//1957 573//573
f 573//573 1957//1957 1956//1956
f 573//573 1956//1956 574//574
f 1638//1638 1824//1824 540//540
f 1104//1104 1161//1161 1824//1824
f 1824//1824 1161//1161 1165//1165
f 1824//1824 1165//1165 1164//1164
f 1105//1105 1104//1104 1107//1107
f 1107//1107 1104//1104 1108//1108
f 1108//1108 1104//1104 1977//1977
f 1110//1110 1977//1977 1112//1112
f 1113//1113 1112//1112 1984//1984
f 1146//1146 1144//1144 1981//1981
f 1981//1981 1144//1144 1142//1142
f 1981//1981 1142//1142 1984//1984
f 1984//1984 1142//1142 1115//1115
f 1981//1981 1152//1152 1150//1150
f 1981//1981 1150//1150 1148//1148
f 1981//1981 1148//1148 1146//1146
f 1136//1136 1139//1139 1983//1983
f 1981//1981 1983//1983 1156//1156
f 1981//1981 1156//1156 1154//1154
f 1981//1981 1154//1154 1152//1152
f 1136//1136 1983//1983 1135//1135
f 1132//1132 1135//1135 1131//1131
f 1131//1131 1135//1135 1128//1128
f 1128//1128 1135//1135 1978//1978
f 1125//1125 1978//1978 1982//1982
f 1979//1979 927//927 1135//1135
f 1982//1982 1980//1980 1119//1119
f 924//924 927//927 1979//1979
f 1135//1135 1981//1981 1979//1979
f 925//925 2124//2124 927//927
f 927//927 1980//1980 1135//1135
f 1979//1979 1977//1977 1824//1824
f 1135//1135 1983//1983 1981//1981
f 1981//1981 1984//1984 1979//1979
f 1979//1979 1984//1984 1977//1977
f 1135//1135 1980//1980 1982//1982
f 1982//1982 1978//1978 1135//1135
f 1977//1977 1984//1984 1112//1112
f 1824//1824 1977//1977 1104//1104
f 1121//1121 1980//1980 1122//1122
f 1122//1122 1980//1980 1118//1118
f 1118//1118 1980//1980 1976//1976
f 605//605 1198//1198 1989//1989
f 1198//1198 1196//1196 1989//1989
f 1147//1147 1149//1149 1987//1987
f 1143//1143 1145//1145 1987//1987
f 1116//1116 1141//1141 1157//1157
f 1985//1985 1163//1163 1162//1162
f 1986//1986 1985//1985 1162//1162
f 1986//1986 1106//1106 1160//1160
f 1159//1159 1986//1986 1160//1160
f 1159//1159 1160//1160 1109//1109
f 1158//1158 1159//1159 1111//1111
f 1157//1157 1159//1159 1158//1158
f 1157//1157 1158//1158 1114//1114
f 1987//1987 1159//1159 1157//1157
f 1987//1987 1157//1157 1141//1141
f 1987//1987 1141//1141 1143//1143
f 1987//1987 1145//1145 1147//1147
f 1149//1149 1151//1151 1987//1987
f 1987//1987 1151//1151 1153//1153
f 1987//1987 1153//1153 1155//1155
f 1133//1133 1987//1987 1137//1137
f 1155//1155 1140//1140 1987//1987
f 1987//1987 1140//1140 1138//1138
f 1987//1987 1138//1138 1137//1137
f 1989//1989 1987//1987 1133//1133
f 1133//1133 1137//1137 1134//1134
f 1166//1166 1985//1985 1168//1168
f 1168//1168 1985//1985 1988//1988
f 1168//1168 1988//1988 1170//1170
f 1170//1170 1988//1988 1172//1172
f 1172//1172 1988//1988 1174//1174
f 1174//1174 1988//1988 1176//1176
f 1176//1176 1988//1988 1178//1178
f 1178//1178 1988//1988 1180//1180
f 1180//1180 1988//1988 1182//1182
f 1182//1182 1988//1988 1184//1184
f 1184//1184 1988//1988 1186//1186
f 1186//1186 1988//1988 1188//1188
f 1188//1188 1988//1988 1989//1989
f 1188//1188 1989//1989 1190//1190
f 1190//1190 1989//1989 1192//1192
f 1192//1192 1989//1989 1194//1194
f 1133//1133 1130//1130 1129//1129
f 1133//1133 1129//1129 1127//1127
f 1123//1123 1989//1989 1133//1133
f 1123//1123 1133//1133 1126//1126
f 1126//1126 1133//1133 1127//1127
f 1196//1196 1194//1194 1989//1989
f 1989//1989 1988//1988 1987//1987
f 1987//1987 1988//1988 1159//1159
f 1159//1159 1988//1988 1986//1986
f 1986//1986 1988//1988 1985//1985
f 1126//1126 1124//1124 1123//1123
f 1989//1989 1123//1123 1120//1120
f 1989//1989 1120//1120 1117//1117
f 605//605 1989//1989 1990//1990
f 1990//1990 1989//1989 1991//1991
f 1991//1991 1989//1989 1992//1992
f 1992//1992 1989//1989 1993//1993
f 1993//1993 1989//1989 1994//1994
f 1994//1994 1989//1989 1995//1995
f 1995//1995 1989//1989 1996//1996
f 1996//1996 1989//1989 1997//1997
f 1997//1997 1989//1989 1998//1998
f 1998//1998 1989//1989 1999//1999
f 1999//1999 1989//1989 2000//2000
f 2000//2000 1989//1989 2001//2001
f 2001//2001 1989//1989 2002//2002
f 2002//2002 1989//1989 2003//2003
f 2003//2003 1989//1989 2004//2004
f 2004//2004 1989//1989 2005//2005
f 2005//2005 1989//1989 2006//2006
f 2006//2006 1989//1989 1117//1117
f 2006//2006 1117//1117 529//529
f 576//576 1232//1232 2007//2007
f 542//542 1167//1167 2007//2007
f 2007//2007 1167//1167 1169//1169
f 2007//2007 1169//1169 1171//1171
f 2007//2007 1171//1171 1173//1173
f 2007//2007 1173//1173 1175//1175
f 2007//2007 1175//1175 1177//1177
f 2007//2007 1177//1177 1179//1179
f 2007//2007 1179//1179 1181//1181
f 2007//2007 1181//1181 1183//1183
f 2007//2007 1183//1183 1185//1185
f 2007//2007 1185//1185 1187//1187
f 2007//2007 1187//1187 1189//1189
f 2007//2007 1189//1189 1191//1191
f 1200//1200 542//542 2007//2007
f 2007//2007 1191//1191 1193//1193
f 1200//1200 2007//2007 1202//1202
f 1202//1202 2007//2007 1204//1204
f 1204//1204 2007//2007 1206//1206
f 1206//1206 2007//2007 1208//1208
f 1208//1208 2007//2007 1210//1210
f 1210//1210 2007//2007 1212//1212
f 1212//1212 2007//2007 1214//1214
f 1214//1214 2007//2007 1216//1216
f 1216//1216 2007//2007 1218//1218
f 1218//1218 2007//2007 1220//1220
f 1220//1220 2007//2007 1222//1222
f 1222//1222 2007//2007 1224//1224
f 1224//1224 2007//2007 1226//1226
f 1226//1226 2007//2007 1228//1228
f 1228//1228 2007//2007 1230//1230
f 2007//2007 1193//1193 1195//1195
f 2007//2007 1195//1195 1197//1197
f 2007//2007 1197//1197 1199//1199
f 576//576 2007//2007 2008//2008
f 2008//2008 2007//2007 2009//2009
f 2009//2009 2007//2007 2010//2010
f 2010//2010 2007//2007 2011//2011
f 2011//2011 2007//2007 2012//2012
f 2012//2012 2007//2007 2013//2013
f 2013//2013 2007//2007 2014//2014
f 2014//2014 2007//2007 2015//2015
f 2015//2015 2007//2007 2016//2016
f 2016//2016 2007//2007 2017//2017
f 2017//2017 2007//2007 2018//2018
f 2018//2018 2007//2007 2019//2019
f 2019//2019 2007//2007 2020//2020
f 2020//2020 2007//2007 2021//2021
f 2021//2021 2007//2007 2022//2022
f 2022//2022 2007//2007 2023//2023
f 2023//2023 2007//2007 2024//2024
f 2024//2024 2007//2007 1199//1199
f 2024//2024 1199//1199 607//607
f 1232//1232 1230//1230 2007//2007
f 595//595 1276//1276 2025//2025
f 544//544 1201//1201 2025//2025
f 2025//2025 1201//1201 1203//1203
f 2025//2025 1203//1203 1205//1205
f 2025//2025 1205//1205 1207//1207
f 2025//2025 1207//1207 1209//1209
f 2025//2025 1209//1209 1211//1211
f 2025//2025 1211//1211 1213//1213
f 2025//2025 1213//1213 1215//1215
f 2025//2025 1215//1215 1217//1217
f 2025//2025 1217//1217 1219//1219
f 2025//2025 1219//1219 1221//1221
f 2025//2025 1221//1221 1223//1223
f 2025//2025 1223//1223 1225//1225
f 1236//1236 544//544 2025//2025
f 2025//2025 1225//1225 1227//1227
f 1236//1236 2025//2025 1239//1239
f 1239//1239 2025//2025 1242//1242
f 1242//1242 2025//2025 1245//1245
f 1245//1245 2025//2025 1248//1248
f 1248//1248 2025//2025 1251//1251
f 1251//1251 2025//2025 1254//1254
f 1254//1254 2025//2025 1257//1257
f 1257//1257 2025//2025 1260//1260
f 1260//1260 2025//2025 1262//1262
f 1262//1262 2025//2025 1264//1264
f 1264//1264 2025//2025 1266//1266
f 1266//1266 2025//2025 1268//1268
f 1268//1268 2025//2025 1270//1270
f 1270//1270 2025//2025 1272//1272
f 1272//1272 2025//2025 1274//1274
f 2025//2025 1227//1227 1229//1229
f 2025//2025 1229//1229 1231//1231
f 2025//2025 1231//1231 1233//1233
f 595//595 2025//2025 2026//2026
f 2026//2026 2025//2025 2027//2027
f 2027//2027 2025//2025 2028//2028
f 2028//2028 2025//2025 2029//2029
f 2029//2029 2025//2025 2030//2030
f 2030//2030 2025//2025 2031//2031
f 2031//2031 2025//2025 2032//2032
f 2032//2032 2025//2025 2033//2033
f 2033//2033 2025//2025 2034//2034
f 2034//2034 2025//2025 2035//2035
f 2035//2035 2025//2025 2036//2036
f 2036//2036 2025//2025 2037//2037
f 2037//2037 2025//2025 2038//2038
f 2038//2038 2025//2025 2039//2039
f 2039//2039 2025//2025 2040//2040
f 2040//2040 2025//2025 2041//2041
f 2041//2041 2025//2025 2042//2042
f 2042//2042 2025//2025 1233//1233
f 2042//2042 1233//1233 577//577
f 1276//1276 1274//1274 2025//2025
f 36//36 1322//1322 2043//2043
f 1322//1322 1320//1320 2043//2043
f 1320//1320 1318//1318 2043//2043
f 575//575 1234//1234 1237//1237
f 1237//1237 1234//1234 1235//1235
f 1243//1243 1237//1237 1240//1240
f 1240//1240 1237//1237 1238//1238
f 1240//1240 1241//1241 1243//1243
f 1249//1249 1243//1243 1244//1244
f 1244//1244 1246//1246 1249//1249
f 1249//1249 1246//1246 1247//1247
f 1255//1255 1249//1249 1252//1252
f 1252//1252 1249//1249 1250//1250
f 2043//2043 1249//1249 1255//1255
f 1252//1252 1253//1253 1255//1255
f 2044//2044 1255//1255 1258//1258
f 1258//1258 1255//1255 1256//1256
f 2044//2044 1258//1258 1259//1259
f 2046//2046 2043//2043 1255//1255
f 2046//2046 1255//1255 2044//2044
f 1259//1259 1261//1261 2044//2044
f 2044//2044 1263//1263 2045//2045
f 2046//2046 2044//2044 2045//2045
f 1279//1279 575//575 2043//2043
f 1279//1279 2043//2043 1280//1280
f 1280//1280 2043//2043 1284//1284
f 1284//1284 2043//2043 1285//1285
f 1285//1285 2043//2043 1289//1289
f 1289//1289 2043//2043 1290//1290
f 1290//1290 2043//2043 1297//1297
f 1297//1297 2043//2043 1295//1295
f 1295//1295 2043//2043 1300//1300
f 1300//1300 2043//2043 1303//1303
f 1303//1303 2043//2043 1305//1305
f 1305//1305 2043//2043 1308//1308
f 1308//1308 2043//2043 1310//1310
f 1310//1310 2043//2043 1313//1313
f 1313//1313 2043//2043 1316//1316
f 2045//2045 1265//1265 2046//2046
f 2046//2046 1267//1267 2047//2047
f 2048//2048 2046//2046 2047//2047
f 2043//2043 2046//2046 2050//2050
f 2050//2050 2046//2046 2048//2048
f 2047//2047 1269//1269 2048//2048
f 2048//2048 1271//1271 2049//2049
f 2050//2050 2048//2048 2049//2049
f 1318//1318 1316//1316 2043//2043
f 1249//1249 2043//2043 1243//1243
f 1243//1243 2043//2043 1237//1237
f 1237//1237 2043//2043 575//575
f 2049//2049 1273//1273 2050//2050
f 2050//2050 1275//1275 1277//1277
f 2051//2051 2050//2050 1277//1277
f 2051//2051 1277//1277 1278//1278
f 36//36 2043//2043 2052//2052
f 2052//2052 2043//2043 2053//2053
f 2053//2053 2043//2043 2054//2054
f 2054//2054 2043//2043 2055//2055
f 2055//2055 2043//2043 2056//2056
f 2056//2056 2043//2043 2057//2057
f 2057//2057 2043//2043 2058//2058
f 2058//2058 2043//2043 2059//2059
f 2059//2059 2043//2043 2060//2060
f 2060//2060 2043//2043 2061//2061
f 2061//2061 2043//2043 2062//2062
f 2062//2062 2043//2043 2063//2063
f 2063//2063 2043//2043 2050//2050
f 2063//2063 2050//2050 2064//2064
f 2064//2064 2050//2050 2065//2065
f 2065//2065 2050//2050 2066//2066
f 2066//2066 2050//2050 2067//2067
f 2067//2067 2050//2050 2051//2051
f 2067//2067 2051//2051 2068//2068
f 2068//2068 2051//2051 1278//1278
f 2068//2068 1278//1278 597//597
f 1298//1298 1296//1296 1299//1299
f 2071//2071 2069//2069 2097//2097
f 2082//2082 2070//2070 2071//2071
f 2072//2072 2082//2082 2085//2085
f 2085//2085 2082//2082 2071//2071
f 2083//2083 1319//1319 2084//2084
f 2084//2084 1321//1321 1323//1323
f 1323//1323 1324//1324 55//55
f 2073//2073 2085//2085 2087//2087
f 2087//2087 2085//2085 2099//2099
f 1317//1317 2083//2083 2086//2086
f 2074//2074 2087//2087 2075//2075
f 2076//2076 2075//2075 2077//2077
f 2075//2075 2087//2087 2099//2099
f 1315//1315 2086//2086 1312//1312
f 1312//1312 2088//2088 1314//1314
f 2088//2088 2090//2090 1311//1311
f 2078//2078 2089//2089 2077//2077
f 2093//2093 2077//2077 2075//2075
f 2093//2093 2075//2075 2099//2099
f 2090//2090 2094//2094 1309//1309
f 2079//2079 2078//2078 2093//2093
f 2093//2093 2078//2078 2077//2077
f 2083//2083 2093//2093 2099//2099
f 2092//2092 2091//2091 2093//2093
f 2086//2086 2083//2083 2099//2099
f 2086//2086 2099//2099 1312//1312
f 1312//1312 2099//2099 2094//2094
f 2080//2080 2092//2092 2081//2081
f 2088//2088 1312//1312 2094//2094
f 1306//1306 2094//2094 1307//1307
f 1307//1307 2094//2094 2095//2095
f 1307//1307 2095//2095 1304//1304
f 55//55 2081//2081 1323//1323
f 1323//1323 2081//2081 2084//2084
f 2084//2084 2081//2081 2092//2092
f 2084//2084 2092//2092 2093//2093
f 2084//2084 2093//2093 2083//2083
f 2090//2090 2088//2088 2094//2094
f 2095//2095 2094//2094 2099//2099
f 1299//1299 1296//1296 2095//2095
f 2095//2095 1296//1296 1302//1302
f 2095//2095 1302//1302 1301//1301
f 1292//1292 1299//1299 2095//2095
f 1292//1292 2095//2095 2099//2099
f 1292//1292 1291//1291 1299//1299
f 667//667 2097//2097 2096//2096
f 674//674 680//680 1601//1601
f 1601//1601 680//680 682//682
f 1601//1601 682//682 678//678
f 1294//1294 1293//1293 1292//1292
f 1294//1294 1292//1292 2098//2098
f 1601//1601 678//678 676//676
f 2098//2098 1286//1286 1294//1294
f 2071//2071 2097//2097 667//667
f 1288//1288 1287//1287 2098//2098
f 667//667 2085//2085 2071//2071
f 1282//1282 1281//1281 1288//1288
f 2099//2099 674//674 1601//1601
f 2099//2099 1601//1601 1459//1459
f 665//665 669//669 667//667
f 667//667 669//669 2099//2099
f 1459//1459 1283//1283 1282//1282
f 1459//1459 1282//1282 1288//1288
f 1459//1459 1288//1288 2098//2098
f 1459//1459 2098//2098 1292//1292
f 1459//1459 1292//1292 2099//2099
f 2085//2085 667//667 2099//2099
f 2100//2100 972//972 2101//2101
f 983//983 981//981 2102//2102
f 965//965 967//967 2103//2103
f 2109//2109 2713//2713 530//530
f 2110//2110 2101//2101 972//972
f 2110//2110 972//972 2703//2703
f 1980//1980 927//927 2111//2111
f 1980//1980 2104//2104 1976//1976
f 2124//2124 931//931 2113//2113
f 2113//2113 931//931 930//930
f 2113//2113 930//930 2114//2114
f 2114//2114 930//930 928//928
f 2114//2114 928//928 2115//2115
f 937//937 2116//2116 2117//2117
f 928//928 935//935 2115//2115
f 2115//2115 935//935 936//936
f 2115//2115 936//936 2118//2118
f 2118//2118 936//936 932//932
f 2118//2118 932//932 2117//2117
f 2117//2117 932//932 939//939
f 2117//2117 939//939 937//937
f 937//937 944//944 2116//2116
f 2116//2116 944//944 945//945
f 2116//2116 945//945 2119//2119
f 2119//2119 945//945 941//941
f 2119//2119 941//941 2120//2120
f 958//958 2121//2121 956//956
f 956//956 2121//2121 2122//2122
f 941//941 948//948 2120//2120
f 2120//2120 948//948 950//950
f 2120//2120 950//950 2123//2123
f 2123//2123 950//950 952//952
f 2123//2123 952//952 2122//2122
f 2122//2122 952//952 954//954
f 2122//2122 954//954 956//956
f 2125//2125 2124//2124 2113//2113
f 2125//2125 2113//2113 2126//2126
f 2126//2126 2113//2113 2114//2114
f 2126//2126 2114//2114 2127//2127
f 2127//2127 2114//2114 2115//2115
f 2127//2127 2115//2115 2128//2128
f 2128//2128 2115//2115 2118//2118
f 2128//2128 2118//2118 2129//2129
f 2129//2129 2118//2118 2117//2117
f 2129//2129 2117//2117 2130//2130
f 2130//2130 2117//2117 2116//2116
f 2130//2130 2116//2116 2131//2131
f 2131//2131 2116//2116 2119//2119
f 2131//2131 2119//2119 2132//2132
f 2132//2132 2119//2119 2120//2120
f 2132//2132 2120//2120 2133//2133
f 2133//2133 2120//2120 2123//2123
f 2133//2133 2123//2123 2134//2134
f 2134//2134 2123//2123 2122//2122
f 2134//2134 2122//2122 2135//2135
f 2135//2135 2122//2122 2121//2121
f 2135//2135 2121//2121 2136//2136
f 2137//2137 2124//2124 2125//2125
f 2137//2137 2125//2125 2138//2138
f 2138//2138 2125//2125 2126//2126
f 2138//2138 2126//2126 2139//2139
f 2139//2139 2126//2126 2127//2127
f 2139//2139 2127//2127 2140//2140
f 2140//2140 2127//2127 2128//2128
f 2140//2140 2128//2128 2141//2141
f 2141//2141 2128//2128 2129//2129
f 2141//2141 2129//2129 2142//2142
f 2142//2142 2129//2129 2130//2130
f 2142//2142 2130//2130 2143//2143
f 2143//2143 2130//2130 2131//2131
f 2143//2143 2131//2131 2144//2144
f 2144//2144 2131//2131 2132//2132
f 2144//2144 2132//2132 2145//2145
f 2145//2145 2132//2132 2133//2133
f 2145//2145 2133//2133 2146//2146
f 2146//2146 2133//2133 2134//2134
f 2146//2146 2134//2134 2147//2147
f 2147//2147 2134//2134 2135//2135
f 2147//2147 2135//2135 2148//2148
f 2148//2148 2135//2135 2136//2136
f 2148//2148 2136//2136 2149//2149
f 965//965 2103//2103 963//963
f 2108//2108 927//927 2124//2124
f 2108//2108 2124//2124 2150//2150
f 2150//2150 2124//2124 2137//2137
f 2150//2150 2137//2137 2151//2151
f 2151//2151 2137//2137 2138//2138
f 2151//2151 2138//2138 2152//2152
f 2152//2152 2138//2138 2139//2139
f 2152//2152 2139//2139 2153//2153
f 2153//2153 2139//2139 2140//2140
f 2153//2153 2140//2140 2154//2154
f 2154//2154 2140//2140 2141//2141
f 2154//2154 2141//2141 2155//2155
f 2155//2155 2141//2141 2142//2142
f 2155//2155 2142//2142 2156//2156
f 2156//2156 2142//2142 2143//2143
f 2156//2156 2143//2143 2157//2157
f 2157//2157 2143//2143 2144//2144
f 2157//2157 2144//2144 2158//2158
f 2158//2158 2144//2144 2145//2145
f 2158//2158 2145//2145 2159//2159
f 2159//2159 2145//2145 2146//2146
f 2159//2159 2146//2146 2160//2160
f 2160//2160 2146//2146 2147//2147
f 2160//2160 2147//2147 2161//2161
f 2161//2161 2147//2147 2148//2148
f 2161//2161 2148//2148 2162//2162
f 2162//2162 2148//2148 2149//2149
f 2162//2162 2149//2149 2163//2163
f 2107//2107 927//927 2108//2108
f 2107//2107 2108//2108 2164//2164
f 2164//2164 2108//2108 2150//2150
f 2164//2164 2150//2150 2165//2165
f 2165//2165 2150//2150 2151//2151
f 2165//2165 2151//2151 2166//2166
f 2166//2166 2151//2151 2152//2152
f 2166//2166 2152//2152 2167//2167
f 2167//2167 2152//2152 2153//2153
f 2167//2167 2153//2153 2168//2168
f 2168//2168 2153//2153 2154//2154
f 2168//2168 2154//2154 2169//2169
f 2169//2169 2154//2154 2155//2155
f 2169//2169 2155//2155 2170//2170
f 2170//2170 2155//2155 2156//2156
f 2170//2170 2156//2156 2171//2171
f 2171//2171 2156//2156 2157//2157
f 2171//2171 2157//2157 2172//2172
f 2172//2172 2157//2157 2158//2158
f 2172//2172 2158//2158 2173//2173
f 2173//2173 2158//2158 2159//2159
f 2173//2173 2159//2159 2174//2174
f 2174//2174 2159//2159 2160//2160
f 2174//2174 2160//2160 2175//2175
f 2175//2175 2160//2160 2161//2161
f 2175//2175 2161//2161 2176//2176
f 2176//2176 2161//2161 2162//2162
f 2176//2176 2162//2162 2177//2177
f 2177//2177 2162//2162 2163//2163
f 2177//2177 2163//2163 2178//2178
f 2106//2106 927//927 2107//2107
f 2106//2106 2107//2107 2179//2179
f 2179//2179 2107//2107 2164//2164
f 2179//2179 2164//2164 2180//2180
f 2180//2180 2164//2164 2165//2165
f 2180//2180 2165//2165 2181//2181
f 2181//2181 2165//2165 2166//2166
f 2181//2181 2166//2166 2182//2182
f 2182//2182 2166//2166 2167//2167
f 2182//2182 2167//2167 2183//2183
f 2183//2183 2167//2167 2168//2168
f 2183//2183 2168//2168 2184//2184
f 2184//2184 2168//2168 2169//2169
f 2184//2184 2169//2169 2185//2185
f 2185//2185 2169//2169 2170//2170
f 2185//2185 2170//2170 2186//2186
f 2186//2186 2170//2170 2171//2171
f 2186//2186 2171//2171 2187//2187
f 2187//2187 2171//2171 2172//2172
f 2187//2187 2172//2172 2188//2188
f 2188//2188 2172//2172 2173//2173
f 2188//2188 2173//2173 2189//2189
f 2189//2189 2173//2173 2174//2174
f 2189//2189 2174//2174 2190//2190
f 2190//2190 2174//2174 2175//2175
f 2190//2190 2175//2175 2191//2191
f 2191//2191 2175//2175 2176//2176
f 2191//2191 2176//2176 2192//2192
f 2192//2192 2176//2176 2177//2177
f 2192//2192 2177//2177 2193//2193
f 2193//2193 2177//2177 2178//2178
f 2193//2193 2178//2178 2194//2194
f 2111//2111 927//927 2106//2106
f 2111//2111 2106//2106 2195//2195
f 2195//2195 2106//2106 2179//2179
f 2195//2195 2179//2179 2196//2196
f 2196//2196 2179//2179 2180//2180
f 2196//2196 2180//2180 2197//2197
f 2197//2197 2180//2180 2181//2181
f 2197//2197 2181//2181 2198//2198
f 2198//2198 2181//2181 2182//2182
f 2198//2198 2182//2182 2199//2199
f 2199//2199 2182//2182 2183//2183
f 2199//2199 2183//2183 2200//2200
f 2200//2200 2183//2183 2184//2184
f 2200//2200 2184//2184 2201//2201
f 2201//2201 2184//2184 2185//2185
f 2201//2201 2185//2185 2202//2202
f 2202//2202 2185//2185 2186//2186
f 2202//2202 2186//2186 2203//2203
f 2203//2203 2186//2186 2187//2187
f 2203//2203 2187//2187 2204//2204
f 2204//2204 2187//2187 2188//2188
f 2204//2204 2188//2188 2205//2205
f 2205//2205 2188//2188 2189//2189
f 2205//2205 2189//2189 2206//2206
f 2206//2206 2189//2189 2190//2190
f 2206//2206 2190//2190 2207//2207
f 2207//2207 2190//2190 2191//2191
f 2207//2207 2191//2191 2208//2208
f 2208//2208 2191//2191 2192//2192
f 2208//2208 2192//2192 2209//2209
f 2209//2209 2192//2192 2193//2193
f 2209//2209 2193//2193 2210//2210
f 2210//2210 2193//2193 2194//2194
f 2210//2210 2194//2194 2211//2211
f 2105//2105 1980//1980 2111//2111
f 2105//2105 2111//2111 2212//2212
f 2212//2212 2111//2111 2195//2195
f 2212//2212 2195//2195 2213//2213
f 2213//2213 2195//2195 2196//2196
f 2213//2213 2196//2196 2214//2214
f 2214//2214 2196//2196 2197//2197
f 2214//2214 2197//2197 2215//2215
f 2215//2215 2197//2197 2198//2198
f 2215//2215 2198//2198 2216//2216
f 2216//2216 2198//2198 2199//2199
f 2216//2216 2199//2199 2217//2217
f 2217//2217 2199//2199 2200//2200
f 2217//2217 2200//2200 2218//2218
f 2218//2218 2200//2200 2201//2201
f 2218//2218 2201//2201 2219//2219
f 2219//2219 2201//2201 2202//2202
f 2219//2219 2202//2202 2220//2220
f 2220//2220 2202//2202 2203//2203
f 2220//2220 2203//2203 2221//2221
f 2221//2221 2203//2203 2204//2204
f 2221//2221 2204//2204 2222//2222
f 2222//2222 2204//2204 2205//2205
f 2222//2222 2205//2205 2223//2223
f 2223//2223 2205//2205 2206//2206
f 2223//2223 2206//2206 2224//2224
f 2224//2224 2206//2206 2207//2207
f 2224//2224 2207//2207 2225//2225
f 2225//2225 2207//2207 2208//2208
f 2225//2225 2208//2208 2226//2226
f 2226//2226 2208//2208 2209//2209
f 2226//2226 2209//2209 2227//2227
f 2227//2227 2209//2209 2210//2210
f 2227//2227 2210//2210 2228//2228
f 2228//2228 2210//2210 2211//2211
f 2228//2228 2211//2211 2229//2229
f 977//977 975//975 2100//2100
f 2100//2100 975//975 973//973
f 2100//2100 973//973 972//972
f 979//979 977//977 2230//2230
f 2230//2230 977//977 2100//2100
f 2230//2230 2100//2100 2231//2231
f 2231//2231 2100//2100 2101//2101
f 2231//2231 2101//2101 2232//2232
f 2232//2232 2101//2101 2110//2110
f 981//981 979//979 2102//2102
f 2102//2102 979//979 2230//2230
f 2102//2102 2230//2230 2233//2233
f 2233//2233 2230//2230 2231//2231
f 2233//2233 2231//2231 2234//2234
f 2234//2234 2231//2231 2232//2232
f 2234//2234 2232//2232 2235//2235
f 2235//2235 2232//2232 2110//2110
f 984//984 983//983 2236//2236
f 2236//2236 983//983 2102//2102
f 2236//2236 2102//2102 2237//2237
f 2237//2237 2102//2102 2233//2233
f 2237//2237 2233//2233 2238//2238
f 2238//2238 2233//2233 2234//2234
f 2238//2238 2234//2234 2239//2239
f 2239//2239 2234//2234 2235//2235
f 2239//2239 2235//2235 2240//2240
f 2240//2240 2235//2235 2110//2110
f 967//967 984//984 2103//2103
f 2103//2103 984//984 2236//2236
f 2103//2103 2236//2236 2241//2241
f 2241//2241 2236//2236 2237//2237
f 2241//2241 2237//2237 2242//2242
f 2242//2242 2237//2237 2238//2238
f 2242//2242 2238//2238 2243//2243
f 2243//2243 2238//2238 2239//2239
f 2243//2243 2239//2239 2244//2244
f 2244//2244 2239//2239 2240//2240
f 2244//2244 2240//2240 2245//2245
f 2245//2245 2240//2240 2110//2110
f 2245//2245 2110//2110 2713//2713
f 962//962 963//963 2246//2246
f 2246//2246 963//963 2103//2103
f 2246//2246 2103//2103 2247//2247
f 2247//2247 2103//2103 2241//2241
f 2247//2247 2241//2241 2248//2248
f 2248//2248 2241//2241 2242//2242
f 2248//2248 2242//2242 2249//2249
f 2249//2249 2242//2242 2243//2243
f 2249//2249 2243//2243 2250//2250
f 2250//2250 2243//2243 2244//2244
f 2250//2250 2244//2244 2251//2251
f 2251//2251 2244//2244 2245//2245
f 2251//2251 2245//2245 2252//2252
f 2252//2252 2245//2245 2713//2713
f 960//960 962//962 2253//2253
f 2253//2253 962//962 2246//2246
f 2253//2253 2246//2246 2254//2254
f 2254//2254 2246//2246 2247//2247
f 2254//2254 2247//2247 2255//2255
f 2255//2255 2247//2247 2248//2248
f 2255//2255 2248//2248 2256//2256
f 2256//2256 2248//2248 2249//2249
f 2256//2256 2249//2249 2257//2257
f 2257//2257 2249//2249 2250//2250
f 2257//2257 2250//2250 2258//2258
f 2258//2258 2250//2250 2251//2251
f 2258//2258 2251//2251 2259//2259
f 2259//2259 2251//2251 2252//2252
f 2259//2259 2252//2252 2260//2260
f 2260//2260 2252//2252 2713//2713
f 2112//2112 1980//1980 2105//2105
f 2112//2112 2105//2105 2261//2261
f 2261//2261 2105//2105 2212//2212
f 2261//2261 2212//2212 2262//2262
f 2262//2262 2212//2212 2213//2213
f 2262//2262 2213//2213 2263//2263
f 2263//2263 2213//2213 2214//2214
f 2263//2263 2214//2214 2264//2264
f 2264//2264 2214//2214 2215//2215
f 2264//2264 2215//2215 2265//2265
f 2265//2265 2215//2215 2216//2216
f 2265//2265 2216//2216 2266//2266
f 2266//2266 2216//2216 2217//2217
f 2266//2266 2217//2217 2267//2267
f 2267//2267 2217//2217 2218//2218
f 2267//2267 2218//2218 2268//2268
f 2268//2268 2218//2218 2219//2219
f 2268//2268 2219//2219 2269//2269
f 2269//2269 2219//2219 2220//2220
f 2269//2269 2220//2220 2270//2270
f 2270//2270 2220//2220 2221//2221
f 2270//2270 2221//2221 2271//2271
f 2271//2271 2221//2221 2222//2222
f 2271//2271 2222//2222 2272//2272
f 2272//2272 2222//2222 2223//2223
f 2272//2272 2223//2223 2273//2273
f 2273//2273 2223//2223 2224//2224
f 2273//2273 2224//2224 2274//2274
f 2274//2274 2224//2224 2225//2225
f 2274//2274 2225//2225 2275//2275
f 2275//2275 2225//2225 2226//2226
f 2275//2275 2226//2226 2276//2276
f 2276//2276 2226//2226 2227//2227
f 2276//2276 2227//2227 2277//2277
f 2277//2277 2227//2227 2228//2228
f 2277//2277 2228//2228 2278//2278
f 2278//2278 2228//2228 2229//2229
f 2278//2278 2229//2229 2279//2279
f 2279//2279 2280//2280 2278//2278
f 2278//2278 2280//2280 2281//2281
f 2278//2278 2281//2281 2277//2277
f 2277//2277 2281//2281 2282//2282
f 2277//2277 2282//2282 2276//2276
f 2276//2276 2282//2282 2283//2283
f 2276//2276 2283//2283 2275//2275
f 2275//2275 2283//2283 2284//2284
f 2275//2275 2284//2284 2274//2274
f 2274//2274 2284//2284 2285//2285
f 2274//2274 2285//2285 2273//2273
f 2273//2273 2285//2285 2286//2286
f 2273//2273 2286//2286 2272//2272
f 2272//2272 2286//2286 2287//2287
f 2272//2272 2287//2287 2271//2271
f 2271//2271 2287//2287 2288//2288
f 2271//2271 2288//2288 2270//2270
f 2270//2270 2288//2288 2289//2289
f 2270//2270 2289//2289 2269//2269
f 2269//2269 2289//2289 2290//2290
f 2269//2269 2290//2290 2268//2268
f 2268//2268 2290//2290 2291//2291
f 2268//2268 2291//2291 2267//2267
f 2267//2267 2291//2291 2292//2292
f 2267//2267 2292//2292 2266//2266
f 2266//2266 2292//2292 2293//2293
f 2266//2266 2293//2293 2265//2265
f 2265//2265 2293//2293 2294//2294
f 2265//2265 2294//2294 2264//2264
f 2264//2264 2294//2294 2295//2295
f 2264//2264 2295//2295 2263//2263
f 2263//2263 2295//2295 2296//2296
f 2263//2263 2296//2296 2262//2262
f 2262//2262 2296//2296 2297//2297
f 2262//2262 2297//2297 2261//2261
f 2261//2261 2297//2297 2298//2298
f 2261//2261 2298//2298 2112//2112
f 2112//2112 2298//2298 2104//2104
f 2112//2112 2104//2104 1980//1980
f 2280//2280 2299//2299 2281//2281
f 2281//2281 2299//2299 2300//2300
f 2281//2281 2300//2300 2282//2282
f 2282//2282 2300//2300 2301//2301
f 2282//2282 2301//2301 2283//2283
f 2283//2283 2301//2301 2302//2302
f 2283//2283 2302//2302 2284//2284
f 2284//2284 2302//2302 2303//2303
f 2284//2284 2303//2303 2285//2285
f 2285//2285 2303//2303 2304//2304
f 2285//2285 2304//2304 2286//2286
f 2286//2286 2304//2304 2305//2305
f 2286//2286 2305//2305 2287//2287
f 2287//2287 2305//2305 2306//2306
f 2287//2287 2306//2306 2288//2288
f 2288//2288 2306//2306 2307//2307
f 2288//2288 2307//2307 2289//2289
f 2289//2289 2307//2307 2308//2308
f 2289//2289 2308//2308 2290//2290
f 2290//2290 2308//2308 2309//2309
f 2290//2290 2309//2309 2291//2291
f 2291//2291 2309//2309 2310//2310
f 2291//2291 2310//2310 2292//2292
f 2292//2292 2310//2310 2311//2311
f 2292//2292 2311//2311 2293//2293
f 2293//2293 2311//2311 2312//2312
f 2293//2293 2312//2312 2294//2294
f 2294//2294 2312//2312 2313//2313
f 2294//2294 2313//2313 2295//2295
f 2295//2295 2313//2313 539//539
f 2295//2295 539//539 2296//2296
f 2296//2296 539//539 538//538
f 2296//2296 538//538 2297//2297
f 2297//2297 538//538 537//537
f 2297//2297 537//537 2298//2298
f 2298//2298 537//537 1976//1976
f 2298//2298 1976//1976 2104//2104
f 958//958 960//960 2121//2121
f 2121//2121 960//960 2253//2253
f 2121//2121 2253//2253 2136//2136
f 2136//2136 2253//2253 2254//2254
f 2136//2136 2254//2254 2149//2149
f 2149//2149 2254//2254 2255//2255
f 2149//2149 2255//2255 2163//2163
f 2163//2163 2255//2255 2256//2256
f 2163//2163 2256//2256 2178//2178
f 2178//2178 2256//2256 2257//2257
f 2178//2178 2257//2257 2194//2194
f 2194//2194 2257//2257 2258//2258
f 2194//2194 2258//2258 2211//2211
f 2211//2211 2258//2258 2259//2259
f 2211//2211 2259//2259 2229//2229
f 2229//2229 2259//2259 2260//2260
f 2229//2229 2260//2260 2279//2279
f 2279//2279 2260//2260 2713//2713
f 2279//2279 2713//2713 2280//2280
f 2280//2280 2713//2713 2299//2299
f 2299//2299 2713//2713 2109//2109
f 2299//2299 2109//2109 2300//2300
f 2300//2300 2109//2109 2314//2314
f 2300//2300 2314//2314 2301//2301
f 2301//2301 2314//2314 2315//2315
f 2301//2301 2315//2315 2302//2302
f 2302//2302 2315//2315 2316//2316
f 2302//2302 2316//2316 2303//2303
f 2303//2303 2316//2316 2317//2317
f 2303//2303 2317//2317 2304//2304
f 2304//2304 2317//2317 2318//2318
f 2304//2304 2318//2318 2305//2305
f 2305//2305 2318//2318 2319//2319
f 2305//2305 2319//2319 2306//2306
f 2306//2306 2319//2319 2320//2320
f 2306//2306 2320//2320 2307//2307
f 2307//2307 2320//2320 2321//2321
f 2307//2307 2321//2321 2308//2308
f 2308//2308 2321//2321 2322//2322
f 2308//2308 2322//2322 2309//2309
f 2309//2309 2322//2322 2323//2323
f 2309//2309 2323//2323 2310//2310
f 2310//2310 2323//2323 2324//2324
f 2310//2310 2324//2324 2311//2311
f 2311//2311 2324//2324 2325//2325
f 2311//2311 2325//2325 2312//2312
f 2312//2312 2325//2325 2326//2326
f 2312//2312 2326//2326 2313//2313
f 2313//2313 2326//2326 539//539
f 2109//2109 530//530 2314//2314
f 2314//2314 530//530 2315//2315
f 2315//2315 530//530 2316//2316
f 2316//2316 530//530 2317//2317
f 2317//2317 530//530 2318//2318
f 2318//2318 530//530 2319//2319
f 2319//2319 530//530 528//528
f 2319//2319 528//528 2320//2320
f 2320//2320 528//528 2321//2321
f 2321//2321 528//528 533//533
f 2321//2321 533//533 2322//2322
f 2322//2322 533//533 532//532
f 2322//2322 532//532 2323//2323
f 2323//2323 532//532 531//531
f 2323//2323 531//531 2324//2324
f 2324//2324 531//531 536//536
f 2324//2324 536//536 2325//2325
f 2325//2325 536//536 535//535
f 2325//2325 535//535 2326//2326
f 2326//2326 535//535 534//534
f 2326//2326 534//534 539//539
f 529//529 527//527 2327//2327
f 529//529 2327//2327 2006//2006
f 2006//2006 2327//2327 2328//2328
f 2006//2006 2328//2328 2005//2005
f 2005//2005 2328//2328 2329//2329
f 2005//2005 2329//2329 2004//2004
f 2004//2004 2329//2329 2330//2330
f 2004//2004 2330//2330 2003//2003
f 2003//2003 2330//2330 2331//2331
f 2003//2003 2331//2331 2002//2002
f 2002//2002 2331//2331 2332//2332
f 2002//2002 2332//2332 2001//2001
f 2001//2001 2332//2332 2333//2333
f 2001//2001 2333//2333 2000//2000
f 2000//2000 2333//2333 2334//2334
f 2000//2000 2334//2334 1999//1999
f 1999//1999 2334//2334 2335//2335
f 1999//1999 2335//2335 1998//1998
f 1998//1998 2335//2335 2336//2336
f 1998//1998 2336//2336 1997//1997
f 1997//1997 2336//2336 2337//2337
f 1997//1997 2337//2337 1996//1996
f 1996//1996 2337//2337 2338//2338
f 1996//1996 2338//2338 1995//1995
f 1995//1995 2338//2338 2339//2339
f 1995//1995 2339//2339 1994//1994
f 1994//1994 2339//2339 2340//2340
f 1994//1994 2340//2340 1993//1993
f 1993//1993 2340//2340 2341//2341
f 1993//1993 2341//2341 1992//1992
f 1992//1992 2341//2341 2342//2342
f 1992//1992 2342//2342 1991//1991
f 1991//1991 2342//2342 2343//2343
f 1991//1991 2343//2343 1990//1990
f 1990//1990 2343//2343 602//602
f 1990//1990 602//602 605//605
f 33//33 32//32 2344//2344
f 33//33 2344//2344 2345//2345
f 2345//2345 2344//2344 2346//2346
f 2345//2345 2346//2346 2347//2347
f 2347//2347 2346//2346 2348//2348
f 2347//2347 2348//2348 2349//2349
f 2349//2349 2348//2348 2350//2350
f 2349//2349 2350//2350 2351//2351
f 2351//2351 2350//2350 2352//2352
f 2351//2351 2352//2352 2353//2353
f 2353//2353 2352//2352 2354//2354
f 2353//2353 2354//2354 2355//2355
f 2355//2355 2354//2354 2356//2356
f 2355//2355 2356//2356 2357//2357
f 2357//2357 2356//2356 2358//2358
f 2357//2357 2358//2358 2359//2359
f 2359//2359 2358//2358 2360//2360
f 2359//2359 2360//2360 2361//2361
f 2361//2361 2360//2360 2362//2362
f 2361//2361 2362//2362 2363//2363
f 2363//2363 2362//2362 2364//2364
f 2363//2363 2364//2364 2365//2365
f 2365//2365 2364//2364 2366//2366
f 2365//2365 2366//2366 2367//2367
f 2367//2367 2366//2366 2368//2368
f 2367//2367 2368//2368 2369//2369
f 2369//2369 2368//2368 2370//2370
f 2369//2369 2370//2370 2371//2371
f 2371//2371 2370//2370 2372//2372
f 2371//2371 2372//2372 2373//2373
f 2373//2373 2372//2372 2374//2374
f 2373//2373 2374//2374 2375//2375
f 2375//2375 2374//2374 2376//2376
f 2375//2375 2376//2376 2377//2377
f 2377//2377 2376//2376 600//600
f 2377//2377 600//600 602//602
f 2398//2398 2751//2751 518//518
f 581//581 576//576 2008//2008
f 581//581 2008//2008 2378//2378
f 2378//2378 2008//2008 2009//2009
f 2378//2378 2009//2009 2379//2379
f 2379//2379 2009//2009 2010//2010
f 2379//2379 2010//2010 2380//2380
f 2380//2380 2010//2010 2011//2011
f 2380//2380 2011//2011 2381//2381
f 2381//2381 2011//2011 2012//2012
f 2381//2381 2012//2012 2382//2382
f 2382//2382 2012//2012 2013//2013
f 2382//2382 2013//2013 2383//2383
f 2383//2383 2013//2013 2014//2014
f 2383//2383 2014//2014 2384//2384
f 2384//2384 2014//2014 2015//2015
f 2384//2384 2015//2015 2385//2385
f 2385//2385 2015//2015 2016//2016
f 2385//2385 2016//2016 2386//2386
f 2386//2386 2016//2016 2017//2017
f 2386//2386 2017//2017 2387//2387
f 2387//2387 2017//2017 2018//2018
f 2387//2387 2018//2018 2388//2388
f 2388//2388 2018//2018 2019//2019
f 2388//2388 2019//2019 2389//2389
f 2389//2389 2019//2019 2020//2020
f 2389//2389 2020//2020 2390//2390
f 2390//2390 2020//2020 2021//2021
f 2390//2390 2021//2021 2391//2391
f 2391//2391 2021//2021 2022//2022
f 2391//2391 2022//2022 2392//2392
f 2392//2392 2022//2022 2023//2023
f 2392//2392 2023//2023 2393//2393
f 2393//2393 2023//2023 2024//2024
f 2393//2393 2024//2024 2394//2394
f 2394//2394 2024//2024 607//607
f 2394//2394 607//607 600//600
f 2752//2752 2396//2396 3585//3585
f 2751//2751 2398//2398 2395//2395
f 2950//2950 2396//2396 2752//2752
f 577//577 578//578 2399//2399
f 577//577 2399//2399 2042//2042
f 2042//2042 2399//2399 2400//2400
f 2042//2042 2400//2400 2041//2041
f 2041//2041 2400//2400 2401//2401
f 2041//2041 2401//2401 2040//2040
f 2040//2040 2401//2401 2402//2402
f 2040//2040 2402//2402 2039//2039
f 2039//2039 2402//2402 2403//2403
f 2039//2039 2403//2403 2038//2038
f 2038//2038 2403//2403 2404//2404
f 2038//2038 2404//2404 2037//2037
f 2037//2037 2404//2404 2405//2405
f 2037//2037 2405//2405 2036//2036
f 2036//2036 2405//2405 2406//2406
f 2036//2036 2406//2406 2035//2035
f 2035//2035 2406//2406 2407//2407
f 2035//2035 2407//2407 2034//2034
f 2034//2034 2407//2407 2408//2408
f 2034//2034 2408//2408 2033//2033
f 2033//2033 2408//2408 2409//2409
f 2033//2033 2409//2409 2032//2032
f 2032//2032 2409//2409 2410//2410
f 2032//2032 2410//2410 2031//2031
f 2031//2031 2410//2410 2411//2411
f 2031//2031 2411//2411 2030//2030
f 2030//2030 2411//2411 2412//2412
f 2030//2030 2412//2412 2029//2029
f 2029//2029 2412//2412 2413//2413
f 2029//2029 2413//2413 2028//2028
f 2028//2028 2413//2413 2414//2414
f 2028//2028 2414//2414 2027//2027
f 2027//2027 2414//2414 2415//2415
f 2027//2027 2415//2415 2026//2026
f 2026//2026 2415//2415 592//592
f 2026//2026 592//592 595//595
f 526//526 519//519 2416//2416
f 526//526 2416//2416 2417//2417
f 2417//2417 2416//2416 2418//2418
f 2417//2417 2418//2418 2419//2419
f 2419//2419 2418//2418 2420//2420
f 2419//2419 2420//2420 2421//2421
f 2421//2421 2420//2420 2422//2422
f 2421//2421 2422//2422 2423//2423
f 2423//2423 2422//2422 2424//2424
f 2423//2423 2424//2424 2425//2425
f 2425//2425 2424//2424 2426//2426
f 2425//2425 2426//2426 2427//2427
f 2427//2427 2426//2426 2428//2428
f 2427//2427 2428//2428 2429//2429
f 2429//2429 2428//2428 2430//2430
f 2429//2429 2430//2430 2431//2431
f 2431//2431 2430//2430 2432//2432
f 2431//2431 2432//2432 2433//2433
f 2433//2433 2432//2432 2434//2434
f 2433//2433 2434//2434 2435//2435
f 2435//2435 2434//2434 2436//2436
f 2435//2435 2436//2436 2437//2437
f 2437//2437 2436//2436 2438//2438
f 2437//2437 2438//2438 2439//2439
f 2439//2439 2438//2438 2440//2440
f 2439//2439 2440//2440 2441//2441
f 2441//2441 2440//2440 2442//2442
f 2441//2441 2442//2442 2443//2443
f 2443//2443 2442//2442 2444//2444
f 2443//2443 2444//2444 2445//2445
f 2445//2445 2444//2444 2446//2446
f 2445//2445 2446//2446 2447//2447
f 2447//2447 2446//2446 2448//2448
f 2447//2447 2448//2448 2449//2449
f 2449//2449 2448//2448 594//594
f 2449//2449 594//594 592//592
f 52//52 36//36 2052//2052
f 52//52 2052//2052 2450//2450
f 2450//2450 2052//2052 2053//2053
f 2450//2450 2053//2053 2451//2451
f 2451//2451 2053//2053 2054//2054
f 2451//2451 2054//2054 2452//2452
f 2452//2452 2054//2054 2055//2055
f 2452//2452 2055//2055 2453//2453
f 2453//2453 2055//2055 2056//2056
f 2453//2453 2056//2056 2454//2454
f 2454//2454 2056//2056 2057//2057
f 2454//2454 2057//2057 2455//2455
f 2455//2455 2057//2057 2058//2058
f 2455//2455 2058//2058 2456//2456
f 2456//2456 2058//2058 2059//2059
f 2456//2456 2059//2059 2457//2457
f 2457//2457 2059//2059 2060//2060
f 2457//2457 2060//2060 2458//2458
f 2458//2458 2060//2060 2061//2061
f 2458//2458 2061//2061 2459//2459
f 2459//2459 2061//2061 2062//2062
f 2459//2459 2062//2062 2460//2460
f 2460//2460 2062//2062 2063//2063
f 2460//2460 2063//2063 2461//2461
f 2461//2461 2063//2063 2064//2064
f 2461//2461 2064//2064 2462//2462
f 2462//2462 2064//2064 2065//2065
f 2462//2462 2065//2065 2463//2463
f 2463//2463 2065//2065 2066//2066
f 2463//2463 2066//2066 2464//2464
f 2464//2464 2066//2066 2067//2067
f 2464//2464 2067//2067 2465//2465
f 2465//2465 2067//2067 2068//2068
f 2465//2465 2068//2068 2466//2466
f 2466//2466 2068//2068 597//597
f 2466//2466 597//597 594//594
f 2081//2081 55//55 54//54
f 2092//2092 2080//2080 2467//2467
f 2093//2093 2091//2091 2468//2468
f 2078//2078 2079//2079 2469//2469
f 2085//2085 2073//2073 2471//2471
f 2472//2472 2473//2473 2469//2469
f 2474//2474 2475//2475 2476//2476
f 660//660 663//663 2477//2477
f 657//657 659//659 2478//2478
f 2481//2481 2482//2482 2483//2483
f 2484//2484 2485//2485 2486//2486
f 2486//2486 2485//2485 2481//2481
f 2487//2487 2488//2488 2489//2489
f 2489//2489 2488//2488 2490//2490
f 2479//2479 2480//2480 2491//2491
f 2492//2492 2481//2481 615//615
f 2492//2492 615//615 2493//2493
f 2493//2493 615//615 637//637
f 2493//2493 637//637 636//636
f 2493//2493 636//636 2494//2494
f 2494//2494 636//636 634//634
f 2494//2494 634//634 2495//2495
f 624//624 2496//2496 2497//2497
f 634//634 632//632 2495//2495
f 2495//2495 632//632 630//630
f 2495//2495 630//630 2498//2498
f 2498//2498 630//630 628//628
f 2498//2498 628//628 2497//2497
f 2497//2497 628//628 626//626
f 2497//2497 626//626 624//624
f 624//624 622//622 2496//2496
f 2496//2496 622//622 620//620
f 2496//2496 620//620 2499//2499
f 2499//2499 620//620 619//619
f 2499//2499 619//619 2500//2500
f 646//646 2501//2501 2502//2502
f 619//619 639//639 2500//2500
f 2500//2500 639//639 640//640
f 2500//2500 640//640 2503//2503
f 2503//2503 640//640 642//642
f 2503//2503 642//642 2502//2502
f 2502//2502 642//642 644//644
f 2502//2502 644//644 646//646
f 646//646 648//648 2501//2501
f 2501//2501 648//648 650//650
f 2501//2501 650//650 2504//2504
f 2504//2504 650//650 652//652
f 2504//2504 652//652 2505//2505
f 657//657 2478//2478 655//655
f 2481//2481 2492//2492 2482//2482
f 2482//2482 2492//2492 2493//2493
f 2482//2482 2493//2493 2506//2506
f 2506//2506 2493//2493 2494//2494
f 2506//2506 2494//2494 2507//2507
f 2507//2507 2494//2494 2495//2495
f 2507//2507 2495//2495 2508//2508
f 2508//2508 2495//2495 2498//2498
f 2508//2508 2498//2498 2509//2509
f 2509//2509 2498//2498 2497//2497
f 2509//2509 2497//2497 2510//2510
f 2510//2510 2497//2497 2496//2496
f 2510//2510 2496//2496 2511//2511
f 2511//2511 2496//2496 2499//2499
f 2511//2511 2499//2499 2512//2512
f 2512//2512 2499//2499 2500//2500
f 2512//2512 2500//2500 2513//2513
f 2513//2513 2500//2500 2503//2503
f 2513//2513 2503//2503 2514//2514
f 2514//2514 2503//2503 2502//2502
f 2514//2514 2502//2502 2515//2515
f 2515//2515 2502//2502 2501//2501
f 2515//2515 2501//2501 2516//2516
f 2516//2516 2501//2501 2504//2504
f 2516//2516 2504//2504 2517//2517
f 2517//2517 2504//2504 2505//2505
f 2517//2517 2505//2505 2518//2518
f 2481//2481 2483//2483 2486//2486
f 2486//2486 2483//2483 2482//2482
f 2486//2486 2482//2482 2519//2519
f 2519//2519 2482//2482 2506//2506
f 2519//2519 2506//2506 2520//2520
f 2520//2520 2506//2506 2507//2507
f 2520//2520 2507//2507 2521//2521
f 2521//2521 2507//2507 2508//2508
f 2521//2521 2508//2508 2522//2522
f 2522//2522 2508//2508 2509//2509
f 2522//2522 2509//2509 2523//2523
f 2523//2523 2509//2509 2510//2510
f 2523//2523 2510//2510 2524//2524
f 2524//2524 2510//2510 2511//2511
f 2524//2524 2511//2511 2525//2525
f 2525//2525 2511//2511 2512//2512
f 2525//2525 2512//2512 2526//2526
f 2526//2526 2512//2512 2513//2513
f 2526//2526 2513//2513 2527//2527
f 2527//2527 2513//2513 2514//2514
f 2527//2527 2514//2514 2528//2528
f 2528//2528 2514//2514 2515//2515
f 2528//2528 2515//2515 2529//2529
f 2529//2529 2515//2515 2516//2516
f 2529//2529 2516//2516 2530//2530
f 2530//2530 2516//2516 2517//2517
f 2530//2530 2517//2517 2531//2531
f 2531//2531 2517//2517 2518//2518
f 2531//2531 2518//2518 2532//2532
f 2484//2484 2486//2486 2533//2533
f 2533//2533 2486//2486 2519//2519
f 2533//2533 2519//2519 2534//2534
f 2534//2534 2519//2519 2520//2520
f 2534//2534 2520//2520 2535//2535
f 2535//2535 2520//2520 2521//2521
f 2535//2535 2521//2521 2536//2536
f 2536//2536 2521//2521 2522//2522
f 2536//2536 2522//2522 2537//2537
f 2537//2537 2522//2522 2523//2523
f 2537//2537 2523//2523 2538//2538
f 2538//2538 2523//2523 2524//2524
f 2538//2538 2524//2524 2539//2539
f 2539//2539 2524//2524 2525//2525
f 2539//2539 2525//2525 2540//2540
f 2540//2540 2525//2525 2526//2526
f 2540//2540 2526//2526 2541//2541
f 2541//2541 2526//2526 2527//2527
f 2541//2541 2527//2527 2542//2542
f 2542//2542 2527//2527 2528//2528
f 2542//2542 2528//2528 2543//2543
f 2543//2543 2528//2528 2529//2529
f 2543//2543 2529//2529 2544//2544
f 2544//2544 2529//2529 2530//2530
f 2544//2544 2530//2530 2545//2545
f 2545//2545 2530//2530 2531//2531
f 2545//2545 2531//2531 2546//2546
f 2546//2546 2531//2531 2532//2532
f 2546//2546 2532//2532 2547//2547
f 2548//2548 2549//2549 2550//2550
f 2550//2550 2549//2549 2551//2551
f 2550//2550 2551//2551 2552//2552
f 2552//2552 2551//2551 2553//2553
f 2552//2552 2553//2553 2554//2554
f 2554//2554 2553//2553 2555//2555
f 2554//2554 2555//2555 2556//2556
f 2556//2556 2555//2555 2557//2557
f 2556//2556 2557//2557 2558//2558
f 2558//2558 2557//2557 2559//2559
f 2558//2558 2559//2559 2560//2560
f 2560//2560 2559//2559 2561//2561
f 2560//2560 2561//2561 2562//2562
f 2562//2562 2561//2561 2563//2563
f 2562//2562 2563//2563 2564//2564
f 2564//2564 2563//2563 2565//2565
f 2564//2564 2565//2565 2566//2566
f 2566//2566 2565//2565 2567//2567
f 2566//2566 2567//2567 2568//2568
f 2568//2568 2567//2567 2569//2569
f 2568//2568 2569//2569 2570//2570
f 2570//2570 2569//2569 2571//2571
f 2570//2570 2571//2571 2572//2572
f 2572//2572 2571//2571 2573//2573
f 2572//2572 2573//2573 2574//2574
f 2574//2574 2573//2573 2575//2575
f 2574//2574 2575//2575 2576//2576
f 2576//2576 2575//2575 2577//2577
f 2576//2576 2577//2577 2578//2578
f 2490//2490 2485//2485 2489//2489
f 2489//2489 2485//2485 2484//2484
f 2489//2489 2484//2484 2579//2579
f 2579//2579 2484//2484 2533//2533
f 2579//2579 2533//2533 2580//2580
f 2580//2580 2533//2533 2534//2534
f 2580//2580 2534//2534 2581//2581
f 2581//2581 2534//2534 2535//2535
f 2581//2581 2535//2535 2582//2582
f 2582//2582 2535//2535 2536//2536
f 2582//2582 2536//2536 2583//2583
f 2583//2583 2536//2536 2537//2537
f 2583//2583 2537//2537 2584//2584
f 2584//2584 2537//2537 2538//2538
f 2584//2584 2538//2538 2585//2585
f 2585//2585 2538//2538 2539//2539
f 2585//2585 2539//2539 2586//2586
f 2586//2586 2539//2539 2540//2540
f 2586//2586 2540//2540 2587//2587
f 2587//2587 2540//2540 2541//2541
f 2587//2587 2541//2541 2588//2588
f 2588//2588 2541//2541 2542//2542
f 2588//2588 2542//2542 2589//2589
f 2589//2589 2542//2542 2543//2543
f 2589//2589 2543//2543 2590//2590
f 2590//2590 2543//2543 2544//2544
f 2590//2590 2544//2544 2591//2591
f 2591//2591 2544//2544 2545//2545
f 2591//2591 2545//2545 2592//2592
f 2592//2592 2545//2545 2546//2546
f 2592//2592 2546//2546 2593//2593
f 2593//2593 2546//2546 2547//2547
f 2593//2593 2547//2547 2594//2594
f 2595//2595 2548//2548 2596//2596
f 2596//2596 2548//2548 2550//2550
f 2596//2596 2550//2550 2597//2597
f 2597//2597 2550//2550 2552//2552
f 2597//2597 2552//2552 2598//2598
f 2598//2598 2552//2552 2554//2554
f 2598//2598 2554//2554 2599//2599
f 2599//2599 2554//2554 2556//2556
f 2599//2599 2556//2556 2600//2600
f 2600//2600 2556//2556 2558//2558
f 2600//2600 2558//2558 2601//2601
f 2601//2601 2558//2558 2560//2560
f 2601//2601 2560//2560 2602//2602
f 2602//2602 2560//2560 2562//2562
f 2602//2602 2562//2562 2603//2603
f 2603//2603 2562//2562 2564//2564
f 2603//2603 2564//2564 2604//2604
f 2604//2604 2564//2564 2566//2566
f 2604//2604 2566//2566 2605//2605
f 2605//2605 2566//2566 2568//2568
f 2605//2605 2568//2568 2606//2606
f 2606//2606 2568//2568 2570//2570
f 2606//2606 2570//2570 2607//2607
f 2607//2607 2570//2570 2572//2572
f 2607//2607 2572//2572 2608//2608
f 2608//2608 2572//2572 2574//2574
f 2608//2608 2574//2574 2609//2609
f 2609//2609 2574//2574 2576//2576
f 2609//2609 2576//2576 2610//2610
f 2610//2610 2576//2576 2578//2578
f 2610//2610 2578//2578 2611//2611
f 2612//2612 663//663 661//661
f 2612//2612 661//661 2613//2613
f 2487//2487 2489//2489 2614//2614
f 2614//2614 2489//2489 2579//2579
f 2614//2614 2579//2579 2615//2615
f 2615//2615 2579//2579 2580//2580
f 2615//2615 2580//2580 2616//2616
f 2616//2616 2580//2580 2581//2581
f 2616//2616 2581//2581 2617//2617
f 2617//2617 2581//2581 2582//2582
f 2617//2617 2582//2582 2618//2618
f 2618//2618 2582//2582 2583//2583
f 2618//2618 2583//2583 2619//2619
f 2619//2619 2583//2583 2584//2584
f 2619//2619 2584//2584 2620//2620
f 2620//2620 2584//2584 2585//2585
f 2620//2620 2585//2585 2621//2621
f 2621//2621 2585//2585 2586//2586
f 2621//2621 2586//2586 2622//2622
f 2622//2622 2586//2586 2587//2587
f 2622//2622 2587//2587 2623//2623
f 2623//2623 2587//2587 2588//2588
f 2623//2623 2588//2588 2624//2624
f 2624//2624 2588//2588 2589//2589
f 2624//2624 2589//2589 2625//2625
f 2625//2625 2589//2589 2590//2590
f 2625//2625 2590//2590 2626//2626
f 2626//2626 2590//2590 2591//2591
f 2626//2626 2591//2591 2627//2627
f 2627//2627 2591//2591 2592//2592
f 2627//2627 2592//2592 2628//2628
f 2628//2628 2592//2592 2593//2593
f 2628//2628 2593//2593 2629//2629
f 2629//2629 2593//2593 2594//2594
f 2629//2629 2594//2594 2630//2630
f 2631//2631 2595//2595 2632//2632
f 2632//2632 2595//2595 2596//2596
f 2632//2632 2596//2596 2633//2633
f 2633//2633 2596//2596 2597//2597
f 2633//2633 2597//2597 2634//2634
f 2634//2634 2597//2597 2598//2598
f 2634//2634 2598//2598 2635//2635
f 2635//2635 2598//2598 2599//2599
f 2635//2635 2599//2599 2636//2636
f 2636//2636 2599//2599 2600//2600
f 2636//2636 2600//2600 2637//2637
f 2637//2637 2600//2600 2601//2601
f 2637//2637 2601//2601 2638//2638
f 2638//2638 2601//2601 2602//2602
f 2638//2638 2602//2602 2639//2639
f 2639//2639 2602//2602 2603//2603
f 2639//2639 2603//2603 2640//2640
f 2640//2640 2603//2603 2604//2604
f 2640//2640 2604//2604 2641//2641
f 2641//2641 2604//2604 2605//2605
f 2641//2641 2605//2605 2642//2642
f 2642//2642 2605//2605 2606//2606
f 2642//2642 2606//2606 2643//2643
f 2643//2643 2606//2606 2607//2607
f 2643//2643 2607//2607 2644//2644
f 2644//2644 2607//2607 2608//2608
f 2644//2644 2608//2608 2645//2645
f 2645//2645 2608//2608 2609//2609
f 2645//2645 2609//2609 2646//2646
f 2646//2646 2609//2609 2610//2610
f 2646//2646 2610//2610 2647//2647
f 2647//2647 2610//2610 2611//2611
f 2647//2647 2611//2611 2648//2648
f 659//659 660//660 2649//2649
f 2649//2649 660//660 2477//2477
f 2649//2649 2477//2477 2650//2650
f 2650//2650 2477//2477 2651//2651
f 2650//2650 2651//2651 2652//2652
f 2652//2652 2651//2651 2653//2653
f 2652//2652 2653//2653 2654//2654
f 2654//2654 2653//2653 2655//2655
f 2654//2654 2655//2655 2656//2656
f 2479//2479 2488//2488 2480//2480
f 2480//2480 2488//2488 2487//2487
f 2480//2480 2487//2487 2657//2657
f 2657//2657 2487//2487 2614//2614
f 2657//2657 2614//2614 2658//2658
f 2658//2658 2614//2614 2615//2615
f 2658//2658 2615//2615 2659//2659
f 2659//2659 2615//2615 2616//2616
f 2659//2659 2616//2616 2660//2660
f 2660//2660 2616//2616 2617//2617
f 2660//2660 2617//2617 2661//2661
f 2661//2661 2617//2617 2618//2618
f 2661//2661 2618//2618 2662//2662
f 2662//2662 2618//2618 2619//2619
f 2662//2662 2619//2619 2663//2663
f 2663//2663 2619//2619 2620//2620
f 2663//2663 2620//2620 2664//2664
f 2664//2664 2620//2620 2621//2621
f 2664//2664 2621//2621 2665//2665
f 2665//2665 2621//2621 2622//2622
f 2665//2665 2622//2622 2666//2666
f 2666//2666 2622//2622 2623//2623
f 2666//2666 2623//2623 2667//2667
f 2667//2667 2623//2623 2624//2624
f 2667//2667 2624//2624 2668//2668
f 2668//2668 2624//2624 2625//2625
f 2668//2668 2625//2625 2669//2669
f 2669//2669 2625//2625 2626//2626
f 2669//2669 2626//2626 2670//2670
f 2670//2670 2626//2626 2627//2627
f 2670//2670 2627//2627 2671//2671
f 2671//2671 2627//2627 2628//2628
f 2671//2671 2628//2628 2672//2672
f 2672//2672 2628//2628 2629//2629
f 2672//2672 2629//2629 2673//2673
f 2673//2673 2629//2629 2630//2630
f 2673//2673 2630//2630 2470//2470
f 2674//2674 2631//2631 2632//2632
f 2674//2674 2632//2632 2675//2675
f 2675//2675 2632//2632 2633//2633
f 2675//2675 2633//2633 2676//2676
f 2676//2676 2633//2633 2634//2634
f 2676//2676 2634//2634 2677//2677
f 2677//2677 2634//2634 2635//2635
f 2677//2677 2635//2635 2678//2678
f 2678//2678 2635//2635 2636//2636
f 2678//2678 2636//2636 2679//2679
f 2679//2679 2636//2636 2637//2637
f 2679//2679 2637//2637 2680//2680
f 2680//2680 2637//2637 2638//2638
f 2680//2680 2638//2638 2681//2681
f 2681//2681 2638//2638 2639//2639
f 2681//2681 2639//2639 2682//2682
f 2682//2682 2639//2639 2640//2640
f 2682//2682 2640//2640 2683//2683
f 2683//2683 2640//2640 2641//2641
f 2683//2683 2641//2641 2684//2684
f 2684//2684 2641//2641 2642//2642
f 2684//2684 2642//2642 2685//2685
f 2685//2685 2642//2642 2643//2643
f 2685//2685 2643//2643 2686//2686
f 2686//2686 2643//2643 2644//2644
f 2686//2686 2644//2644 2687//2687
f 2687//2687 2644//2644 2645//2645
f 2687//2687 2645//2645 2688//2688
f 2688//2688 2645//2645 2646//2646
f 2688//2688 2646//2646 2689//2689
f 2689//2689 2646//2646 2647//2647
f 2689//2689 2647//2647 2690//2690
f 2690//2690 2647//2647 2648//2648
f 2690//2690 2648//2648 2467//2467
f 672//672 671//671 2613//2613
f 672//672 2613//2613 673//673
f 673//673 2613//2613 661//661
f 671//671 2475//2475 2613//2613
f 2613//2613 2475//2475 2474//2474
f 2613//2613 2474//2474 2612//2612
f 671//671 667//667 2475//2475
f 2475//2475 667//667 2096//2096
f 2475//2475 2096//2096 2476//2476
f 2476//2476 2096//2096 2097//2097
f 2476//2476 2097//2097 2069//2069
f 2477//2477 663//663 2612//2612
f 2477//2477 2612//2612 2651//2651
f 2651//2651 2612//2612 2474//2474
f 2651//2651 2474//2474 2653//2653
f 2653//2653 2474//2474 2476//2476
f 2653//2653 2476//2476 2655//2655
f 2655//2655 2476//2476 2069//2069
f 2655//2655 2069//2069 2071//2071
f 2655//2655 2071//2071 2070//2070
f 2655//2655 2070//2070 2656//2656
f 2656//2656 2070//2070 2082//2082
f 2656//2656 2082//2082 2072//2072
f 2478//2478 659//659 2649//2649
f 2478//2478 2649//2649 2691//2691
f 2691//2691 2649//2649 2650//2650
f 2691//2691 2650//2650 2692//2692
f 2692//2692 2650//2650 2652//2652
f 2692//2692 2652//2652 2693//2693
f 2693//2693 2652//2652 2654//2654
f 2693//2693 2654//2654 2694//2694
f 2694//2694 2654//2654 2656//2656
f 2694//2694 2656//2656 2471//2471
f 2471//2471 2656//2656 2072//2072
f 2471//2471 2072//2072 2085//2085
f 652//652 655//655 2505//2505
f 2505//2505 655//655 2478//2478
f 2505//2505 2478//2478 2518//2518
f 2518//2518 2478//2478 2691//2691
f 2518//2518 2691//2691 2532//2532
f 2532//2532 2691//2691 2692//2692
f 2532//2532 2692//2692 2547//2547
f 2547//2547 2692//2692 2693//2693
f 2547//2547 2693//2693 2594//2594
f 2594//2594 2693//2693 2694//2694
f 2594//2594 2694//2694 2630//2630
f 2630//2630 2694//2694 2471//2471
f 2630//2630 2471//2471 2470//2470
f 2470//2470 2471//2471 2073//2073
f 2470//2470 2073//2073 2087//2087
f 2074//2074 2075//2075 2695//2695
f 2075//2075 2076//2076 2695//2695
f 2695//2695 2076//2076 2473//2473
f 2695//2695 2473//2473 2696//2696
f 2696//2696 2473//2473 2472//2472
f 2696//2696 2472//2472 2697//2697
f 2076//2076 2077//2077 2473//2473
f 2473//2473 2077//2077 2089//2089
f 2473//2473 2089//2089 2469//2469
f 2469//2469 2089//2089 2078//2078
f 2698//2698 2697//2697 2699//2699
f 2699//2699 2697//2697 2472//2472
f 2699//2699 2472//2472 2700//2700
f 2700//2700 2472//2472 2469//2469
f 2700//2700 2469//2469 2468//2468
f 2468//2468 2469//2469 2079//2079
f 2468//2468 2079//2079 2093//2093
f 2577//2577 2698//2698 2578//2578
f 2578//2578 2698//2698 2699//2699
f 2578//2578 2699//2699 2611//2611
f 2611//2611 2699//2699 2700//2700
f 2611//2611 2700//2700 2648//2648
f 2648//2648 2700//2700 2468//2468
f 2648//2648 2468//2468 2467//2467
f 2467//2467 2468//2468 2091//2091
f 2467//2467 2091//2091 2092//2092
f 2087//2087 2074//2074 2470//2470
f 2470//2470 2074//2074 2695//2695
f 2470//2470 2695//2695 2673//2673
f 2673//2673 2695//2695 2696//2696
f 2673//2673 2696//2696 2672//2672
f 2672//2672 2696//2696 2697//2697
f 2672//2672 2697//2697 2671//2671
f 2671//2671 2697//2697 2698//2698
f 2671//2671 2698//2698 2670//2670
f 2670//2670 2698//2698 2577//2577
f 2670//2670 2577//2577 2669//2669
f 2669//2669 2577//2577 2575//2575
f 2669//2669 2575//2575 2668//2668
f 2668//2668 2575//2575 2573//2573
f 2668//2668 2573//2573 2667//2667
f 2667//2667 2573//2573 2571//2571
f 2667//2667 2571//2571 2666//2666
f 2666//2666 2571//2571 2569//2569
f 2666//2666 2569//2569 2665//2665
f 2665//2665 2569//2569 2567//2567
f 2665//2665 2567//2567 2664//2664
f 2664//2664 2567//2567 2565//2565
f 2664//2664 2565//2565 2663//2663
f 2663//2663 2565//2565 2563//2563
f 2663//2663 2563//2563 2662//2662
f 2662//2662 2563//2563 2561//2561
f 2662//2662 2561//2561 2661//2661
f 2661//2661 2561//2561 2559//2559
f 2661//2661 2559//2559 2660//2660
f 2660//2660 2559//2559 2557//2557
f 2660//2660 2557//2557 2659//2659
f 2659//2659 2557//2557 2555//2555
f 2659//2659 2555//2555 2658//2658
f 2658//2658 2555//2555 2553//2553
f 2658//2658 2553//2553 2657//2657
f 2657//2657 2553//2553 2551//2551
f 2657//2657 2551//2551 2480//2480
f 2480//2480 2551//2551 2549//2549
f 2480//2480 2549//2549 2491//2491
f 2491//2491 2549//2549 2548//2548
f 2491//2491 2548//2548 2701//2701
f 2701//2701 2548//2548 2595//2595
f 2701//2701 2595//2595 2702//2702
f 2702//2702 2595//2595 2631//2631
f 2702//2702 2631//2631 3096//3096
f 3096//3096 2631//2631 2674//2674
f 35//35 2674//2674 2675//2675
f 35//35 2675//2675 37//37
f 37//37 2675//2675 2676//2676
f 37//37 2676//2676 38//38
f 38//38 2676//2676 2677//2677
f 38//38 2677//2677 39//39
f 39//39 2677//2677 2678//2678
f 39//39 2678//2678 43//43
f 43//43 2678//2678 2679//2679
f 43//43 2679//2679 44//44
f 44//44 2679//2679 2680//2680
f 44//44 2680//2680 45//45
f 45//45 2680//2680 2681//2681
f 45//45 2681//2681 40//40
f 40//40 2681//2681 2682//2682
f 40//40 2682//2682 41//41
f 41//41 2682//2682 2683//2683
f 41//41 2683//2683 42//42
f 42//42 2683//2683 2684//2684
f 42//42 2684//2684 46//46
f 46//46 2684//2684 2685//2685
f 46//46 2685//2685 47//47
f 47//47 2685//2685 2686//2686
f 47//47 2686//2686 48//48
f 48//48 2686//2686 2687//2687
f 48//48 2687//2687 49//49
f 49//49 2687//2687 2688//2688
f 49//49 2688//2688 50//50
f 50//50 2688//2688 2689//2689
f 50//50 2689//2689 51//51
f 51//51 2689//2689 2690//2690
f 51//51 2690//2690 53//53
f 53//53 2690//2690 2467//2467
f 53//53 2467//2467 54//54
f 54//54 2467//2467 2080//2080
f 54//54 2080//2080 2081//2081
f 2705//2705 2703//2703 970//970
f 2705//2705 992//992 2704//2704
f 2704//2704 992//992 990//990
f 986//986 2704//2704 988//988
f 986//986 993//993 2704//2704
f 2709//2709 993//993 613//613
f 2706//2706 2709//2709 999//999
f 2706//2706 999//999 997//997
f 2712//2712 2706//2706 996//996
f 2712//2712 1008//1008 1006//1006
f 2712//2712 1006//1006 1005//1005
f 1005//1005 1003//1003 2707//2707
f 2707//2707 1003//1003 1001//1001
f 2707//2707 1009//1009 1015//1015
f 1015//1015 1009//1009 1011//1011
f 2711//2711 1015//1015 1013//1013
f 2711//2711 1019//1019 1016//1016
f 2711//2711 1016//1016 2708//2708
f 2708//2708 1022//1022 1020//1020
f 2708//2708 1020//1020 2710//2710
f 2481//2481 2710//2710 616//616
f 1015//1015 2711//2711 2707//2707
f 2707//2707 2712//2712 1005//1005
f 2706//2706 2712//2712 2709//2709
f 2704//2704 993//993 2705//2705
f 2703//2703 2705//2705 2790//2790
f 2710//2710 2481//2481 1087//1087
f 2708//2708 2710//2710 2711//2711
f 2705//2705 993//993 2790//2790
f 2710//2710 1087//1087 2711//2711
f 2711//2711 2712//2712 2707//2707
f 993//993 2709//2709 2712//2712
f 1086//1086 2711//2711 1087//1087
f 2712//2712 2711//2711 1086//1086
f 2790//2790 2110//2110 2703//2703
f 2713//2713 2110//2110 2790//2790
f 33//33 2345//2345 2714//2714
f 602//602 2343//2343 2714//2714
f 2714//2714 2343//2343 2342//2342
f 2714//2714 2342//2342 2341//2341
f 2714//2714 2341//2341 2340//2340
f 2714//2714 2340//2340 2339//2339
f 2714//2714 2339//2339 2338//2338
f 2714//2714 2338//2338 2337//2337
f 2714//2714 2337//2337 2336//2336
f 2714//2714 2336//2336 2335//2335
f 2714//2714 2335//2335 2334//2334
f 2714//2714 2334//2334 2333//2333
f 2714//2714 2333//2333 2332//2332
f 2714//2714 2332//2332 2331//2331
f 2377//2377 602//602 2714//2714
f 2714//2714 2331//2331 2330//2330
f 2377//2377 2714//2714 2375//2375
f 2375//2375 2714//2714 2373//2373
f 2373//2373 2714//2714 2371//2371
f 2371//2371 2714//2714 2369//2369
f 2369//2369 2714//2714 2367//2367
f 2367//2367 2714//2714 2365//2365
f 2365//2365 2714//2714 2363//2363
f 2363//2363 2714//2714 2361//2361
f 2361//2361 2714//2714 2359//2359
f 2359//2359 2714//2714 2357//2357
f 2357//2357 2714//2714 2355//2355
f 2355//2355 2714//2714 2353//2353
f 2353//2353 2714//2714 2351//2351
f 2351//2351 2714//2714 2349//2349
f 2349//2349 2714//2714 2347//2347
f 2714//2714 2330//2330 2329//2329
f 2714//2714 2329//2329 2328//2328
f 2714//2714 2328//2328 2327//2327
f 33//33 2714//2714 2715//2715
f 2715//2715 2714//2714 2716//2716
f 2716//2716 2714//2714 2717//2717
f 2717//2717 2714//2714 2718//2718
f 2718//2718 2714//2714 2719//2719
f 2719//2719 2714//2714 2720//2720
f 2720//2720 2714//2714 2721//2721
f 2721//2721 2714//2714 2722//2722
f 2722//2722 2714//2714 2723//2723
f 2723//2723 2714//2714 2724//2724
f 2724//2724 2714//2714 2725//2725
f 2725//2725 2714//2714 2726//2726
f 2726//2726 2714//2714 2727//2727
f 2727//2727 2714//2714 2728//2728
f 2728//2728 2714//2714 2729//2729
f 2729//2729 2714//2714 2730//2730
f 2730//2730 2714//2714 2731//2731
f 2731//2731 2714//2714 2327//2327
f 2731//2731 2327//2327 527//527
f 2345//2345 2347//2347 2714//2714
f 581//581 2378//2378 2732//2732
f 600//600 2376//2376 2732//2732
f 2732//2732 2376//2376 2374//2374
f 2732//2732 2374//2374 2372//2372
f 2732//2732 2372//2372 2370//2370
f 2732//2732 2370//2370 2368//2368
f 2732//2732 2368//2368 2366//2366
f 2732//2732 2366//2366 2364//2364
f 2732//2732 2364//2364 2362//2362
f 2732//2732 2362//2362 2360//2360
f 2732//2732 2360//2360 2358//2358
f 2732//2732 2358//2358 2356//2356
f 2732//2732 2356//2356 2354//2354
f 2732//2732 2354//2354 2352//2352
f 2394//2394 600//600 2732//2732
f 2732//2732 2352//2352 2350//2350
f 2394//2394 2732//2732 2393//2393
f 2393//2393 2732//2732 2392//2392
f 2392//2392 2732//2732 2391//2391
f 2391//2391 2732//2732 2390//2390
f 2390//2390 2732//2732 2389//2389
f 2389//2389 2732//2732 2388//2388
f 2388//2388 2732//2732 2387//2387
f 2387//2387 2732//2732 2386//2386
f 2386//2386 2732//2732 2385//2385
f 2385//2385 2732//2732 2384//2384
f 2384//2384 2732//2732 2383//2383
f 2383//2383 2732//2732 2382//2382
f 2382//2382 2732//2732 2381//2381
f 2381//2381 2732//2732 2380//2380
f 2380//2380 2732//2732 2379//2379
f 2732//2732 2350//2350 2348//2348
f 2732//2732 2348//2348 2346//2346
f 2732//2732 2346//2346 2344//2344
f 581//581 2732//2732 2733//2733
f 2733//2733 2732//2732 2734//2734
f 2734//2734 2732//2732 2735//2735
f 2735//2735 2732//2732 2736//2736
f 2736//2736 2732//2732 2737//2737
f 2737//2737 2732//2732 2738//2738
f 2738//2738 2732//2732 2739//2739
f 2739//2739 2732//2732 2740//2740
f 2740//2740 2732//2732 2741//2741
f 2741//2741 2732//2732 2742//2742
f 2742//2742 2732//2732 2743//2743
f 2743//2743 2732//2732 2744//2744
f 2744//2744 2732//2732 2745//2745
f 2745//2745 2732//2732 2746//2746
f 2746//2746 2732//2732 2747//2747
f 2747//2747 2732//2732 2748//2748
f 2748//2748 2732//2732 2749//2749
f 2749//2749 2732//2732 2344//2344
f 2749//2749 2344//2344 32//32
f 2378//2378 2379//2379 2732//2732
f 2750//2750 2751//2751 2395//2395
f 526//526 2417//2417 2753//2753
f 592//592 2415//2415 2753//2753
f 2753//2753 2415//2415 2414//2414
f 2753//2753 2414//2414 2413//2413
f 2753//2753 2413//2413 2412//2412
f 2753//2753 2412//2412 2411//2411
f 2753//2753 2411//2411 2410//2410
f 2753//2753 2410//2410 2409//2409
f 2753//2753 2409//2409 2408//2408
f 2753//2753 2408//2408 2407//2407
f 2753//2753 2407//2407 2406//2406
f 2753//2753 2406//2406 2405//2405
f 2753//2753 2405//2405 2404//2404
f 2753//2753 2404//2404 2403//2403
f 2449//2449 592//592 2753//2753
f 2753//2753 2403//2403 2402//2402
f 2449//2449 2753//2753 2447//2447
f 2447//2447 2753//2753 2445//2445
f 2445//2445 2753//2753 2443//2443
f 2443//2443 2753//2753 2441//2441
f 2441//2441 2753//2753 2439//2439
f 2439//2439 2753//2753 2437//2437
f 2437//2437 2753//2753 2435//2435
f 2435//2435 2753//2753 2433//2433
f 2433//2433 2753//2753 2431//2431
f 2431//2431 2753//2753 2429//2429
f 2429//2429 2753//2753 2427//2427
f 2427//2427 2753//2753 2425//2425
f 2425//2425 2753//2753 2423//2423
f 2423//2423 2753//2753 2421//2421
f 2421//2421 2753//2753 2419//2419
f 2753//2753 2402//2402 2401//2401
f 2753//2753 2401//2401 2400//2400
f 2753//2753 2400//2400 2399//2399
f 526//526 2753//2753 2754//2754
f 2754//2754 2753//2753 2755//2755
f 2755//2755 2753//2753 2756//2756
f 2756//2756 2753//2753 2757//2757
f 2757//2757 2753//2753 2758//2758
f 2758//2758 2753//2753 2759//2759
f 2759//2759 2753//2753 2760//2760
f 2760//2760 2753//2753 2761//2761
f 2761//2761 2753//2753 2762//2762
f 2762//2762 2753//2753 2763//2763
f 2763//2763 2753//2753 2764//2764
f 2764//2764 2753//2753 2765//2765
f 2765//2765 2753//2753 2766//2766
f 2766//2766 2753//2753 2767//2767
f 2767//2767 2753//2753 2768//2768
f 2768//2768 2753//2753 2769//2769
f 2769//2769 2753//2753 2770//2770
f 2770//2770 2753//2753 2399//2399
f 2770//2770 2399//2399 578//578
f 2417//2417 2419//2419 2753//2753
f 52//52 2450//2450 2771//2771
f 594//594 2448//2448 2771//2771
f 2771//2771 2448//2448 2446//2446
f 2771//2771 2446//2446 2444//2444
f 2771//2771 2444//2444 2442//2442
f 2771//2771 2442//2442 2440//2440
f 2771//2771 2440//2440 2438//2438
f 2771//2771 2438//2438 2436//2436
f 2771//2771 2436//2436 2434//2434
f 2771//2771 2434//2434 2432//2432
f 2771//2771 2432//2432 2430//2430
f 2771//2771 2430//2430 2428//2428
f 2771//2771 2428//2428 2426//2426
f 2771//2771 2426//2426 2424//2424
f 2466//2466 594//594 2771//2771
f 2771//2771 2424//2424 2422//2422
f 2466//2466 2771//2771 2465//2465
f 2465//2465 2771//2771 2464//2464
f 2464//2464 2771//2771 2463//2463
f 2463//2463 2771//2771 2462//2462
f 2462//2462 2771//2771 2461//2461
f 2461//2461 2771//2771 2460//2460
f 2460//2460 2771//2771 2459//2459
f 2459//2459 2771//2771 2458//2458
f 2458//2458 2771//2771 2457//2457
f 2457//2457 2771//2771 2456//2456
f 2456//2456 2771//2771 2455//2455
f 2455//2455 2771//2771 2454//2454
f 2454//2454 2771//2771 2453//2453
f 2453//2453 2771//2771 2452//2452
f 2452//2452 2771//2771 2451//2451
f 2771//2771 2422//2422 2420//2420
f 2771//2771 2420//2420 2418//2418
f 2771//2771 2418//2418 2416//2416
f 52//52 2771//2771 2772//2772
f 2772//2772 2771//2771 2773//2773
f 2773//2773 2771//2771 2774//2774
f 2774//2774 2771//2771 2775//2775
f 2775//2775 2771//2771 2776//2776
f 2776//2776 2771//2771 2777//2777
f 2777//2777 2771//2771 2778//2778
f 2778//2778 2771//2771 2779//2779
f 2779//2779 2771//2771 2780//2780
f 2780//2780 2771//2771 2781//2781
f 2781//2781 2771//2771 2782//2782
f 2782//2782 2771//2771 2783//2783
f 2783//2783 2771//2771 2784//2784
f 2784//2784 2771//2771 2785//2785
f 2785//2785 2771//2771 2786//2786
f 2786//2786 2771//2771 2787//2787
f 2787//2787 2771//2771 2788//2788
f 2788//2788 2771//2771 2416//2416
f 2788//2788 2416//2416 519//519
f 2450//2450 2451//2451 2771//2771
f 2491//2491 2701//2701 1087//1087
f 1087//1087 2481//2481 2490//2490
f 2485//2485 2490//2490 2481//2481
f 1087//1087 2490//2490 2479//2479
f 2479//2479 2490//2490 2488//2488
f 1087//1087 2479//2479 2491//2491
f 2702//2702 1087//1087 2701//2701
f 3096//3096 1087//1087 2702//2702
f 2713//2713 2790//2790 530//530
f 530//530 3545//3545 1083//1083
f 530//530 1083//1083 2789//2789
f 1083//1083 1081//1081 2789//2789
f 2789//2789 1081//1081 1076//1076
f 1065//1065 3098//3098 2789//2789
f 1065//1065 2789//2789 1078//1078
f 1078//1078 2789//2789 1076//1076
f 530//530 2789//2789 3099//3099
f 3170//3170 33//33 2791//2791
f 2791//2791 33//33 2715//2715
f 2791//2791 2715//2715 2792//2792
f 2792//2792 2715//2715 2793//2793
f 2793//2793 2715//2715 2716//2716
f 2793//2793 2716//2716 3103//3103
f 3103//3103 2716//2716 2794//2794
f 2794//2794 2716//2716 2717//2717
f 2794//2794 2717//2717 2795//2795
f 2795//2795 2717//2717 2796//2796
f 2796//2796 2717//2717 2718//2718
f 2796//2796 2718//2718 2797//2797
f 2797//2797 2718//2718 2798//2798
f 2798//2798 2718//2718 2719//2719
f 2798//2798 2719//2719 3102//3102
f 3102//3102 2719//2719 2799//2799
f 2799//2799 2719//2719 2720//2720
f 2799//2799 2720//2720 2800//2800
f 2800//2800 2720//2720 2801//2801
f 2801//2801 2720//2720 2721//2721
f 2801//2801 2721//2721 2802//2802
f 2802//2802 2721//2721 2803//2803
f 2803//2803 2721//2721 2722//2722
f 2803//2803 2722//2722 2804//2804
f 2804//2804 2722//2722 2723//2723
f 2804//2804 2723//2723 3101//3101
f 3101//3101 2723//2723 2805//2805
f 2805//2805 2723//2723 2724//2724
f 2805//2805 2724//2724 2806//2806
f 2806//2806 2724//2724 2807//2807
f 2807//2807 2724//2724 2725//2725
f 2807//2807 2725//2725 3100//3100
f 3100//3100 2725//2725 2808//2808
f 2808//2808 2725//2725 2726//2726
f 2808//2808 2726//2726 2809//2809
f 2809//2809 2726//2726 2810//2810
f 2810//2810 2726//2726 2727//2727
f 2810//2810 2727//2727 2811//2811
f 2811//2811 2727//2727 2812//2812
f 2812//2812 2727//2727 2728//2728
f 2812//2812 2728//2728 2813//2813
f 2813//2813 2728//2728 2814//2814
f 2814//2814 2728//2728 2729//2729
f 2814//2814 2729//2729 2815//2815
f 2815//2815 2729//2729 2816//2816
f 2816//2816 2729//2729 2730//2730
f 2816//2816 2730//2730 2817//2817
f 2817//2817 2730//2730 2818//2818
f 2818//2818 2730//2730 2731//2731
f 2818//2818 2731//2731 2819//2819
f 2819//2819 2731//2731 2820//2820
f 2820//2820 2731//2731 527//527
f 2820//2820 527//527 3099//3099
f 3105//3105 2821//2821 2746//2746
f 3107//3107 2822//2822 2742//2742
f 2834//2834 2823//2823 2739//2739
f 3114//3114 2824//2824 2735//2735
f 2733//2733 2825//2825 581//581
f 581//581 2825//2825 2826//2826
f 2735//2735 2824//2824 2734//2734
f 2824//2824 2827//2827 2734//2734
f 2734//2734 2827//2827 2828//2828
f 2734//2734 2828//2828 2733//2733
f 2733//2733 2828//2828 3113//3113
f 2733//2733 3113//3113 2825//2825
f 2736//2736 2737//2737 2829//2829
f 2829//2829 3111//3111 2736//2736
f 2736//2736 3111//3111 2830//2830
f 2736//2736 2830//2830 2735//2735
f 2735//2735 2830//2830 3114//3114
f 2739//2739 2823//2823 2738//2738
f 2823//2823 3104//3104 2738//2738
f 2738//2738 3104//3104 2831//2831
f 2738//2738 2831//2831 2737//2737
f 2737//2737 2831//2831 2832//2832
f 2737//2737 2832//2832 2829//2829
f 2740//2740 2833//2833 2739//2739
f 2739//2739 2833//2833 2834//2834
f 2742//2742 2822//2822 2741//2741
f 2822//2822 3108//3108 2741//2741
f 2741//2741 3108//3108 2835//2835
f 2741//2741 2835//2835 2740//2740
f 2740//2740 2835//2835 2836//2836
f 2740//2740 2836//2836 2833//2833
f 2743//2743 2744//2744 2837//2837
f 2837//2837 3109//3109 2743//2743
f 2743//2743 3109//3109 2838//2838
f 2743//2743 2838//2838 2742//2742
f 2742//2742 2838//2838 3107//3107
f 2746//2746 2821//2821 2745//2745
f 2821//2821 2839//2839 2745//2745
f 2745//2745 2839//2839 2840//2840
f 2745//2745 2840//2840 2744//2744
f 2744//2744 2840//2840 3106//3106
f 2744//2744 3106//3106 2837//2837
f 2747//2747 2748//2748 2841//2841
f 2841//2841 2842//2842 2747//2747
f 2747//2747 2842//2842 2843//2843
f 2747//2747 2843//2843 2746//2746
f 2746//2746 2843//2843 3105//3105
f 2749//2749 32//32 31//31
f 31//31 3115//3115 2749//2749
f 2749//2749 3115//3115 2844//2844
f 2749//2749 2844//2844 2748//2748
f 2748//2748 2844//2844 2845//2845
f 2748//2748 2845//2845 2841//2841
f 2846//2846 2847//2847 2848//2848
f 13//13 2846//2846 2849//2849
f 2850//2850 2851//2851 2852//2852
f 584//584 2750//2750 2395//2395
f 2853//2853 2751//2751 2854//2854
f 2854//2854 2751//2751 2855//2855
f 2855//2855 2751//2751 2750//2750
f 2855//2855 2750//2750 2856//2856
f 2856//2856 2750//2750 2857//2857
f 2857//2857 2750//2750 584//584
f 2853//2853 2858//2858 2751//2751
f 2751//2751 2858//2858 2859//2859
f 2751//2751 2859//2859 2860//2860
f 2861//2861 2751//2751 2860//2860
f 2862//2862 15//15 2751//2751
f 2862//2862 2751//2751 2861//2861
f 2864//2864 2868//2868 2865//2865
f 2865//2865 2868//2868 2863//2863
f 2866//2866 2867//2867 2868//2868
f 2866//2866 2868//2868 2864//2864
f 2869//2869 2868//2868 2870//2870
f 2870//2870 2868//2868 2867//2867
f 2868//2868 2869//2869 3112//3112
f 3112//3112 2869//2869 2871//2871
f 3112//3112 2871//2871 2826//2826
f 2865//2865 2863//2863 11//11
f 588//588 2871//2871 2872//2872
f 2872//2872 2871//2871 2873//2873
f 2873//2873 2871//2871 2874//2874
f 2874//2874 2871//2871 2869//2869
f 2874//2874 2869//2869 2875//2875
f 2875//2875 2869//2869 2870//2870
f 2875//2875 2870//2870 2876//2876
f 2876//2876 2870//2870 2867//2867
f 2876//2876 2867//2867 2877//2877
f 2877//2877 2867//2867 2866//2866
f 2877//2877 2866//2866 2878//2878
f 2878//2878 2866//2866 2864//2864
f 2878//2878 2864//2864 2879//2879
f 2879//2879 2864//2864 2865//2865
f 2879//2879 2865//2865 2880//2880
f 2880//2880 2865//2865 11//11
f 2880//2880 11//11 9//9
f 9//9 2850//2850 2880//2880
f 2880//2880 2850//2850 2881//2881
f 2880//2880 2881//2881 2879//2879
f 2879//2879 2881//2881 2882//2882
f 2879//2879 2882//2882 2878//2878
f 2878//2878 2882//2882 2883//2883
f 2878//2878 2883//2883 2877//2877
f 2877//2877 2883//2883 2884//2884
f 2877//2877 2884//2884 2876//2876
f 2876//2876 2884//2884 2885//2885
f 2876//2876 2885//2885 2875//2875
f 2875//2875 2885//2885 2886//2886
f 2875//2875 2886//2886 2874//2874
f 2874//2874 2886//2886 2887//2887
f 2874//2874 2887//2887 2873//2873
f 2873//2873 2887//2887 2888//2888
f 2873//2873 2888//2888 2872//2872
f 2872//2872 2888//2888 2889//2889
f 2872//2872 2889//2889 588//588
f 2850//2850 2852//2852 2881//2881
f 2881//2881 2852//2852 2890//2890
f 2881//2881 2890//2890 2882//2882
f 2882//2882 2890//2890 2891//2891
f 2882//2882 2891//2891 2883//2883
f 2883//2883 2891//2891 2892//2892
f 2883//2883 2892//2892 2884//2884
f 2884//2884 2892//2892 2893//2893
f 2884//2884 2893//2893 2885//2885
f 2885//2885 2893//2893 2894//2894
f 2885//2885 2894//2894 2886//2886
f 2886//2886 2894//2894 2895//2895
f 2886//2886 2895//2895 2887//2887
f 2887//2887 2895//2895 2896//2896
f 2887//2887 2896//2896 2888//2888
f 2888//2888 2896//2896 2897//2897
f 2888//2888 2897//2897 2889//2889
f 2889//2889 2897//2897 588//588
f 9//9 7//7 2850//2850
f 2850//2850 7//7 2851//2851
f 2851//2851 7//7 6//6
f 589//589 588//588 2897//2897
f 589//589 2897//2897 2898//2898
f 2898//2898 2897//2897 2896//2896
f 2898//2898 2896//2896 2899//2899
f 2899//2899 2896//2896 2895//2895
f 2899//2899 2895//2895 2900//2900
f 2900//2900 2895//2895 2894//2894
f 2900//2900 2894//2894 2901//2901
f 2901//2901 2894//2894 2893//2893
f 2901//2901 2893//2893 2902//2902
f 2902//2902 2893//2893 2892//2892
f 2902//2902 2892//2892 2903//2903
f 2903//2903 2892//2892 2891//2891
f 2903//2903 2891//2891 2904//2904
f 2904//2904 2891//2891 2890//2890
f 2904//2904 2890//2890 2905//2905
f 2905//2905 2890//2890 2852//2852
f 2905//2905 2852//2852 2906//2906
f 2906//2906 2852//2852 2851//2851
f 2906//2906 2851//2851 2907//2907
f 2907//2907 2851//2851 6//6
f 2907//2907 6//6 4//4
f 4//4 13//13 2907//2907
f 2907//2907 13//13 2908//2908
f 2907//2907 2908//2908 2906//2906
f 2906//2906 2908//2908 2909//2909
f 2906//2906 2909//2909 2905//2905
f 2905//2905 2909//2909 2910//2910
f 2905//2905 2910//2910 2904//2904
f 2904//2904 2910//2910 2911//2911
f 2904//2904 2911//2911 2903//2903
f 2903//2903 2911//2911 2912//2912
f 2903//2903 2912//2912 2902//2902
f 2902//2902 2912//2912 2913//2913
f 2902//2902 2913//2913 2901//2901
f 2901//2901 2913//2913 2914//2914
f 2901//2901 2914//2914 2900//2900
f 2900//2900 2914//2914 2915//2915
f 2900//2900 2915//2915 2899//2899
f 2899//2899 2915//2915 2916//2916
f 2899//2899 2916//2916 2898//2898
f 2898//2898 2916//2916 582//582
f 2898//2898 582//582 589//589
f 13//13 2849//2849 2908//2908
f 2908//2908 2849//2849 2917//2917
f 2908//2908 2917//2917 2909//2909
f 2909//2909 2917//2917 2918//2918
f 2909//2909 2918//2918 2910//2910
f 2910//2910 2918//2918 2919//2919
f 2910//2910 2919//2919 2911//2911
f 2911//2911 2919//2919 2920//2920
f 2911//2911 2920//2920 2912//2912
f 2912//2912 2920//2920 2921//2921
f 2912//2912 2921//2921 2913//2913
f 2913//2913 2921//2921 2922//2922
f 2913//2913 2922//2922 2914//2914
f 2914//2914 2922//2922 2923//2923
f 2914//2914 2923//2923 2915//2915
f 2915//2915 2923//2923 2924//2924
f 2915//2915 2924//2924 2916//2916
f 2916//2916 2924//2924 583//583
f 2916//2916 583//583 582//582
f 2846//2846 2848//2848 2849//2849
f 2849//2849 2848//2848 2925//2925
f 2849//2849 2925//2925 2917//2917
f 2917//2917 2925//2925 2926//2926
f 2917//2917 2926//2926 2918//2918
f 2918//2918 2926//2926 2927//2927
f 2918//2918 2927//2927 2919//2919
f 2919//2919 2927//2927 2928//2928
f 2919//2919 2928//2928 2920//2920
f 2920//2920 2928//2928 2929//2929
f 2920//2920 2929//2929 2921//2921
f 2921//2921 2929//2929 2930//2930
f 2921//2921 2930//2930 2922//2922
f 2922//2922 2930//2930 2931//2931
f 2922//2922 2931//2931 2923//2923
f 2923//2923 2931//2931 2932//2932
f 2923//2923 2932//2932 2924//2924
f 2924//2924 2932//2932 2933//2933
f 2924//2924 2933//2933 583//583
f 4//4 3//3 13//13
f 2846//2846 13//13 14//14
f 2846//2846 14//14 2847//2847
f 2847//2847 14//14 15//15
f 2847//2847 15//15 2862//2862
f 2847//2847 2862//2862 2848//2848
f 2848//2848 2862//2862 2861//2861
f 2848//2848 2861//2861 2925//2925
f 2925//2925 2861//2861 2860//2860
f 2925//2925 2860//2860 2926//2926
f 2926//2926 2860//2860 2859//2859
f 2926//2926 2859//2859 2927//2927
f 2927//2927 2859//2859 2858//2858
f 2927//2927 2858//2858 2928//2928
f 2928//2928 2858//2858 2853//2853
f 2928//2928 2853//2853 2929//2929
f 2929//2929 2853//2853 2854//2854
f 2929//2929 2854//2854 2930//2930
f 2930//2930 2854//2854 2855//2855
f 2930//2930 2855//2855 2931//2931
f 2931//2931 2855//2855 2856//2856
f 2931//2931 2856//2856 2932//2932
f 2932//2932 2856//2856 2857//2857
f 2932//2932 2857//2857 2933//2933
f 2933//2933 2857//2857 584//584
f 2933//2933 584//584 583//583
f 3128//3128 2935//2935 2936//2936
f 3118//3118 2937//2937 2938//2938
f 3127//3127 2939//2939 2940//2940
f 3125//3125 2941//2941 2942//2942
f 2944//2944 2945//2945 2946//2946
f 23//23 24//24 2947//2947
f 17//17 19//19 2948//2948
f 2951//2951 2752//2752 2954//2954
f 2951//2951 2954//2954 2956//2956
f 2955//2955 2752//2752 2951//2951
f 2955//2955 2951//2951 2957//2957
f 2957//2957 2951//2951 2956//2956
f 2957//2957 2956//2956 2958//2958
f 2959//2959 2752//2752 2955//2955
f 2959//2959 2955//2955 2960//2960
f 2960//2960 2955//2955 2957//2957
f 2960//2960 2957//2957 2961//2961
f 2961//2961 2957//2957 2958//2958
f 2961//2961 2958//2958 2962//2962
f 2963//2963 2752//2752 2959//2959
f 2963//2963 2959//2959 2964//2964
f 2964//2964 2959//2959 2960//2960
f 2964//2964 2960//2960 2965//2965
f 2965//2965 2960//2960 2961//2961
f 2965//2965 2961//2961 2966//2966
f 2966//2966 2961//2961 2962//2962
f 2966//2966 2962//2962 2967//2967
f 2968//2968 2752//2752 2963//2963
f 2968//2968 2963//2963 2969//2969
f 2969//2969 2963//2963 2964//2964
f 2969//2969 2964//2964 2970//2970
f 2970//2970 2964//2964 2965//2965
f 2970//2970 2965//2965 2971//2971
f 2971//2971 2965//2965 2966//2966
f 2971//2971 2966//2966 2972//2972
f 2972//2972 2966//2966 2967//2967
f 2972//2972 2967//2967 2973//2973
f 2950//2950 2752//2752 2968//2968
f 2950//2950 2968//2968 2974//2974
f 2974//2974 2968//2968 2969//2969
f 2974//2974 2969//2969 2975//2975
f 2975//2975 2969//2969 2970//2970
f 2975//2975 2970//2970 2976//2976
f 2976//2976 2970//2970 2971//2971
f 2976//2976 2971//2971 2977//2977
f 2977//2977 2971//2971 2972//2972
f 2977//2977 2972//2972 2978//2978
f 2978//2978 2972//2972 2973//2973
f 2978//2978 2973//2973 2979//2979
f 2980//2980 2950//2950 2974//2974
f 2980//2980 2974//2974 2975//2975
f 2980//2980 2975//2975 2981//2981
f 2981//2981 2975//2975 2976//2976
f 2981//2981 2976//2976 2982//2982
f 2982//2982 2976//2976 2977//2977
f 2982//2982 2977//2977 2983//2983
f 2983//2983 2977//2977 2978//2978
f 2983//2983 2978//2978 2984//2984
f 2984//2984 2978//2978 2979//2979
f 2984//2984 2979//2979 2985//2985
f 25//25 2945//2945 24//24
f 24//24 2945//2945 2944//2944
f 19//19 21//21 2948//2948
f 2948//2948 21//21 2986//2986
f 2948//2948 2986//2986 2987//2987
f 2987//2987 2986//2986 2988//2988
f 2987//2987 2988//2988 2989//2989
f 2989//2989 2988//2988 2990//2990
f 2989//2989 2990//2990 2991//2991
f 2991//2991 2990//2990 2992//2992
f 2991//2991 2992//2992 2993//2993
f 2950//2950 2980//2980 579//579
f 579//579 2980//2980 2981//2981
f 579//579 2981//2981 580//580
f 580//580 2981//2981 2982//2982
f 580//580 2982//2982 585//585
f 585//585 2982//2982 2983//2983
f 585//585 2983//2983 586//586
f 586//586 2983//2983 2984//2984
f 586//586 2984//2984 587//587
f 587//587 2984//2984 2985//2985
f 587//587 2985//2985 2936//2936
f 2945//2945 25//25 2943//2943
f 2945//2945 2943//2943 2946//2946
f 2946//2946 2943//2943 3132//3132
f 2946//2946 3132//3132 2994//2994
f 2947//2947 24//24 2944//2944
f 2947//2947 2944//2944 2995//2995
f 2995//2995 2944//2944 2946//2946
f 2995//2995 2946//2946 2996//2996
f 2996//2996 2946//2946 2994//2994
f 2996//2996 2994//2994 2997//2997
f 21//21 23//23 2986//2986
f 2986//2986 23//23 2947//2947
f 2986//2986 2947//2947 2988//2988
f 2988//2988 2947//2947 2995//2995
f 2988//2988 2995//2995 2990//2990
f 2990//2990 2995//2995 2996//2996
f 2990//2990 2996//2996 2992//2992
f 2992//2992 2996//2996 2997//2997
f 2997//2997 3120//3120 2992//2992
f 2992//2992 3120//3120 2998//2998
f 2992//2992 2998//2998 2993//2993
f 2993//2993 2998//2998 3122//3122
f 2993//2993 3122//3122 2999//2999
f 518//518 17//17 2949//2949
f 2949//2949 17//17 2948//2948
f 2949//2949 2948//2948 3000//3000
f 3000//3000 2948//2948 2987//2987
f 3000//3000 2987//2987 3001//3001
f 3001//3001 2987//2987 2989//2989
f 3001//3001 2989//2989 3002//3002
f 3002//3002 2989//2989 2991//2991
f 3002//3002 2991//2991 3003//3003
f 3003//3003 2991//2991 2993//2993
f 3003//3003 2993//2993 3004//3004
f 3004//3004 2993//2993 2999//2999
f 3004//3004 2999//2999 3005//3005
f 16//16 518//518 3006//3006
f 3006//3006 518//518 2949//2949
f 3006//3006 2949//2949 3007//3007
f 3007//3007 2949//2949 3000//3000
f 3007//3007 3000//3000 3008//3008
f 3008//3008 3000//3000 3001//3001
f 3008//3008 3001//3001 3009//3009
f 3009//3009 3001//3001 3002//3002
f 3009//3009 3002//3002 3010//3010
f 3010//3010 3002//3002 3003//3003
f 3010//3010 3003//3003 3011//3011
f 3011//3011 3003//3003 3004//3004
f 3011//3011 3004//3004 3012//3012
f 3012//3012 3004//3004 3005//3005
f 3005//3005 3123//3123 3012//3012
f 3012//3012 3123//3123 3013//3013
f 16//16 3006//3006 3014//3014
f 3014//3014 3006//3006 3007//3007
f 3014//3014 3007//3007 3015//3015
f 3015//3015 3007//3007 3008//3008
f 3015//3015 3008//3008 3016//3016
f 3016//3016 3008//3008 3009//3009
f 3016//3016 3009//3009 3017//3017
f 3017//3017 3009//3009 3010//3010
f 3017//3017 3010//3010 3018//3018
f 3018//3018 3010//3010 3011//3011
f 3018//3018 3011//3011 3019//3019
f 3019//3019 3011//3011 3012//3012
f 3019//3019 3012//3012 3020//3020
f 3020//3020 3012//3012 3013//3013
f 3020//3020 3013//3013 3021//3021
f 3585//3585 16//16 3022//3022
f 3022//3022 16//16 3014//3014
f 3022//3022 3014//3014 3023//3023
f 3023//3023 3014//3014 3015//3015
f 3023//3023 3015//3015 3024//3024
f 3024//3024 3015//3015 3016//3016
f 3024//3024 3016//3016 3025//3025
f 3025//3025 3016//3016 3017//3017
f 3025//3025 3017//3017 3026//3026
f 3026//3026 3017//3017 3018//3018
f 3026//3026 3018//3018 3027//3027
f 3027//3027 3018//3018 3019//3019
f 3027//3027 3019//3019 3028//3028
f 3028//3028 3019//3019 3020//3020
f 3028//3028 3020//3020 2942//2942
f 2942//2942 3020//3020 3021//3021
f 2942//2942 3021//3021 3125//3125
f 2752//2752 3585//3585 2952//2952
f 2952//2952 3585//3585 3022//3022
f 2952//2952 3022//3022 3029//3029
f 3029//3029 3022//3022 3023//3023
f 3029//3029 3023//3023 3030//3030
f 3030//3030 3023//3023 3024//3024
f 3030//3030 3024//3024 3031//3031
f 3031//3031 3024//3024 3025//3025
f 3031//3031 3025//3025 3032//3032
f 3032//3032 3025//3025 3026//3026
f 3032//3032 3026//3026 3033//3033
f 3033//3033 3026//3026 3027//3027
f 3033//3033 3027//3027 3034//3034
f 3034//3034 3027//3027 3028//3028
f 3034//3034 3028//3028 3035//3035
f 3035//3035 3028//3028 2942//2942
f 3035//3035 2942//2942 2940//2940
f 2940//2940 2942//2942 2941//2941
f 2940//2940 2941//2941 3127//3127
f 2752//2752 2952//2952 2953//2953
f 2953//2953 2952//2952 3029//3029
f 2953//2953 3029//3029 3036//3036
f 3036//3036 3029//3029 3030//3030
f 3036//3036 3030//3030 3037//3037
f 3037//3037 3030//3030 3031//3031
f 3037//3037 3031//3031 3038//3038
f 3038//3038 3031//3031 3032//3032
f 3038//3038 3032//3032 3039//3039
f 3039//3039 3032//3032 3033//3033
f 3039//3039 3033//3033 3040//3040
f 3040//3040 3033//3033 3034//3034
f 3040//3040 3034//3034 3041//3041
f 3041//3041 3034//3034 3035//3035
f 3041//3041 3035//3035 3042//3042
f 3042//3042 3035//3035 2940//2940
f 3042//3042 2940//2940 2938//2938
f 2938//2938 2940//2940 2939//2939
f 2938//2938 2939//2939 3118//3118
f 2752//2752 2953//2953 2954//2954
f 2954//2954 2953//2953 3036//3036
f 2954//2954 3036//3036 2956//2956
f 2956//2956 3036//3036 3037//3037
f 2956//2956 3037//3037 2958//2958
f 2958//2958 3037//3037 3038//3038
f 2958//2958 3038//3038 2962//2962
f 2962//2962 3038//3038 3039//3039
f 2962//2962 3039//3039 2967//2967
f 2967//2967 3039//3039 3040//3040
f 2967//2967 3040//3040 2973//2973
f 2973//2973 3040//3040 3041//3041
f 2973//2973 3041//3041 2979//2979
f 2979//2979 3041//3041 3042//3042
f 2979//2979 3042//3042 2985//2985
f 2985//2985 3042//3042 2938//2938
f 2985//2985 2938//2938 2936//2936
f 2936//2936 2938//2938 2937//2937
f 2936//2936 2937//2937 3128//3128
f 590//590 587//587 2936//2936
f 590//590 2936//2936 591//591
f 591//591 2936//2936 2935//2935
f 591//591 2935//2935 2934//2934
f 26//26 526//526 3043//3043
f 3043//3043 526//526 2754//2754
f 3043//3043 2754//2754 3133//3133
f 3133//3133 2754//2754 3044//3044
f 3044//3044 2754//2754 2755//2755
f 3044//3044 2755//2755 3045//3045
f 3045//3045 2755//2755 3046//3046
f 3046//3046 2755//2755 2756//2756
f 3046//3046 2756//2756 3116//3116
f 3116//3116 2756//2756 3047//3047
f 3047//3047 2756//2756 2757//2757
f 3047//3047 2757//2757 3048//3048
f 3048//3048 2757//2757 3049//3049
f 3049//3049 2757//2757 2758//2758
f 3049//3049 2758//2758 3050//3050
f 3050//3050 2758//2758 3051//3051
f 3051//3051 2758//2758 2759//2759
f 3051//3051 2759//2759 3131//3131
f 2761//2761 3052//3052 2760//2760
f 2760//2760 3052//3052 3053//3053
f 2760//2760 3053//3053 2759//2759
f 2759//2759 3053//3053 3131//3131
f 2762//2762 3054//3054 2761//2761
f 2761//2761 3054//3054 3055//3055
f 2761//2761 3055//3055 3052//3052
f 2763//2763 3056//3056 2762//2762
f 2762//2762 3056//3056 3126//3126
f 2762//2762 3126//3126 3054//3054
f 2764//2764 3057//3057 2763//2763
f 2763//2763 3057//3057 3117//3117
f 2763//2763 3117//3117 3056//3056
f 2765//2765 3134//3134 3058//3058
f 2765//2765 3058//3058 2764//2764
f 2764//2764 3058//3058 3057//3057
f 3134//3134 2765//2765 3059//3059
f 3059//3059 2765//2765 2766//2766
f 3059//3059 2766//2766 3124//3124
f 2767//2767 3060//3060 2766//2766
f 2766//2766 3060//3060 3124//3124
f 2768//2768 3061//3061 2767//2767
f 2767//2767 3061//3061 3121//3121
f 2767//2767 3121//3121 3060//3060
f 2769//2769 3062//3062 2768//2768
f 2768//2768 3062//3062 3129//3129
f 2768//2768 3129//3129 3061//3061
f 2770//2770 3130//3130 3063//3063
f 2770//2770 3063//3063 2769//2769
f 2769//2769 3063//3063 3119//3119
f 2769//2769 3119//3119 3062//3062
f 3130//3130 2770//2770 3064//3064
f 3064//3064 2770//2770 578//578
f 3064//3064 578//578 2934//2934
f 525//525 3065//3065 519//519
f 519//519 3065//3065 2788//2788
f 3065//3065 3066//3066 2788//2788
f 2788//2788 3066//3066 3067//3067
f 2788//2788 3067//3067 2787//2787
f 3067//3067 3068//3068 2787//2787
f 2787//2787 3068//3068 3069//3069
f 2787//2787 3069//3069 2786//2786
f 3069//3069 3070//3070 2786//2786
f 2786//2786 3070//3070 3071//3071
f 2786//2786 3071//3071 2785//2785
f 3071//3071 3072//3072 2785//2785
f 2785//2785 3072//3072 3073//3073
f 2785//2785 3073//3073 2784//2784
f 3073//3073 3074//3074 2784//2784
f 2784//2784 3074//3074 3075//3075
f 2784//2784 3075//3075 2783//2783
f 3075//3075 3076//3076 2783//2783
f 2783//2783 3076//3076 3077//3077
f 2783//2783 3077//3077 2782//2782
f 3077//3077 3151//3151 2782//2782
f 2782//2782 3151//3151 3078//3078
f 2782//2782 3078//3078 2781//2781
f 2781//2781 3078//3078 3079//3079
f 2781//2781 3079//3079 2780//2780
f 3079//3079 3150//3150 2780//2780
f 2780//2780 3150//3150 3080//3080
f 2780//2780 3080//3080 2779//2779
f 3080//3080 3081//3081 2779//2779
f 2779//2779 3081//3081 3082//3082
f 2779//2779 3082//3082 2778//2778
f 3082//3082 3083//3083 2778//2778
f 2778//2778 3083//3083 3084//3084
f 2778//2778 3084//3084 2777//2777
f 3084//3084 3149//3149 2777//2777
f 2777//2777 3149//3149 3085//3085
f 2777//2777 3085//3085 2776//2776
f 3085//3085 3086//3086 2776//2776
f 2776//2776 3086//3086 3087//3087
f 2776//2776 3087//3087 2775//2775
f 3087//3087 3088//3088 2775//2775
f 2775//2775 3088//3088 3089//3089
f 2775//2775 3089//3089 2774//2774
f 3089//3089 3154//3154 2774//2774
f 2774//2774 3154//3154 3090//3090
f 2774//2774 3090//3090 2773//2773
f 3090//3090 3091//3091 2773//2773
f 2773//2773 3091//3091 3092//3092
f 2773//2773 3092//3092 2772//2772
f 3092//3092 3093//3093 2772//2772
f 2772//2772 3093//3093 3094//3094
f 2772//2772 3094//3094 52//52
f 52//52 3094//3094 3153//3153
f 1092//1092 1089//1089 3095//3095
f 1095//1095 1090//1090 3095//3095
f 1098//1098 1097//1097 3095//3095
f 3095//3095 3153//3153 3157//3157
f 3095//3095 3157//3157 1064//1064
f 3095//3095 1064//1064 1098//1098
f 1095//1095 3095//3095 1097//1097
f 1092//1092 3095//3095 1090//1090
f 3096//3096 3095//3095 1089//1089
f 2817//2817 2818//2818 2819//2819
f 2815//2815 2813//2813 2814//2814
f 2815//2815 2816//2816 2817//2817
f 2811//2811 2809//2809 2810//2810
f 2811//2811 2812//2812 2813//2813
f 2815//2815 2789//2789 2811//2811
f 3100//3100 2808//2808 2809//2809
f 2819//2819 3099//3099 2817//2817
f 2817//2817 3099//3099 2789//2789
f 2817//2817 2789//2789 2815//2815
f 2813//2813 2815//2815 2811//2811
f 2809//2809 2811//2811 3100//3100
f 2820//2820 3099//3099 2819//2819
f 2803//2803 2804//2804 3101//3101
f 2789//2789 3100//3100 2811//2811
f 3101//3101 2805//2805 3100//3100
f 3100//3100 2805//2805 2806//2806
f 3100//3100 2806//2806 2807//2807
f 2802//2802 2803//2803 3101//3101
f 2800//2800 2801//2801 2802//2802
f 3101//3101 3100//3100 2789//2789
f 3102//3102 2799//2799 2800//2800
f 2797//2797 2798//2798 3102//3102
f 3102//3102 2800//2800 2802//2802
f 3097//3097 2789//2789 3098//3098
f 2795//2795 2796//2796 2797//2797
f 2795//2795 2797//2797 3102//3102
f 3102//3102 2802//2802 3101//3101
f 3103//3103 2794//2794 2795//2795
f 3103//3103 3102//3102 3097//3097
f 2792//2792 2793//2793 3103//3103
f 3103//3103 2795//2795 3102//3102
f 3097//3097 3102//3102 3101//3101
f 3097//3097 3101//3101 2789//2789
f 2791//2791 2792//2792 3170//3170
f 3170//3170 2792//2792 3103//3103
f 3170//3170 3103//3103 3097//3097
f 2844//2844 3115//3115 2845//2845
f 2845//2845 3115//3115 2841//2841
f 2841//2841 3115//3115 2842//2842
f 2842//2842 3115//3115 2843//2843
f 2843//2843 3115//3115 3105//3105
f 2821//2821 3105//3105 2839//2839
f 2839//2839 3105//3105 2840//2840
f 2840//2840 3105//3105 3106//3106
f 2837//2837 3106//3106 3109//3109
f 2838//2838 3109//3109 3107//3107
f 2836//2836 2835//2835 3108//3108
f 3108//3108 2822//2822 3107//3107
f 2833//2833 2836//2836 2834//2834
f 2834//2834 2836//2836 3104//3104
f 3110//3110 34//34 3112//3112
f 2832//2832 2831//2831 3104//3104
f 3104//3104 2823//2823 2834//2834
f 2829//2829 2832//2832 3111//3111
f 2830//2830 3111//3111 3114//3114
f 3114//3114 2827//2827 2824//2824
f 3112//3112 2863//2863 2868//2868
f 3112//3112 3113//3113 3110//3110
f 3110//3110 3111//3111 2832//2832
f 34//34 3110//3110 3109//3109
f 3113//3113 3114//3114 3110//3110
f 3110//3110 3114//3114 3111//3111
f 3110//3110 2836//2836 3109//3109
f 3112//3112 2826//2826 3113//3113
f 3114//3114 3113//3113 2827//2827
f 3110//3110 2832//2832 3104//3104
f 3110//3110 3104//3104 2836//2836
f 3109//3109 2836//2836 3108//3108
f 3109//3109 3108//3108 3107//3107
f 34//34 3109//3109 3106//3106
f 34//34 3106//3106 3105//3105
f 34//34 3105//3105 3115//3115
f 2828//2828 2827//2827 3113//3113
f 2825//2825 3113//3113 2826//2826
f 3047//3047 3048//3048 3116//3116
f 3005//3005 2999//2999 3123//3123
f 3021//3021 3013//3013 3123//3123
f 2934//2934 2935//2935 3128//3128
f 2997//2997 2994//2994 3132//3132
f 3119//3119 3063//3063 3130//3130
f 3128//3128 3130//3130 3064//3064
f 3128//3128 3064//3064 2934//2934
f 3120//3120 2997//2997 3132//3132
f 3120//3120 3132//3132 3123//3123
f 3062//3062 3119//3119 3129//3129
f 3129//3129 3121//3121 3061//3061
f 3122//3122 2998//2998 3120//3120
f 3121//3121 3124//3124 3060//3060
f 2999//2999 3122//3122 3123//3123
f 3123//3123 3122//3122 3120//3120
f 3124//3124 3134//3134 3059//3059
f 3125//3125 3021//3021 3123//3123
f 3125//3125 3123//3123 3127//3127
f 3127//3127 3123//3123 3134//3134
f 3117//3117 3057//3057 3134//3134
f 3134//3134 3057//3057 3058//3058
f 3127//3127 2941//2941 3125//3125
f 3056//3056 3117//3117 3126//3126
f 2939//2939 3127//3127 3118//3118
f 3054//3054 3126//3126 3055//3055
f 3055//3055 3126//3126 3131//3131
f 3055//3055 3131//3131 3052//3052
f 3118//3118 3127//3127 3129//3129
f 3129//3129 3127//3127 3134//3134
f 3128//3128 2937//2937 3118//3118
f 3052//3052 3131//3131 3053//3053
f 3130//3130 3128//3128 3118//3118
f 3130//3130 3118//3118 3129//3129
f 3051//3051 3131//3131 3048//3048
f 3051//3051 3048//3048 3050//3050
f 3119//3119 3130//3130 3129//3129
f 3121//3121 3129//3129 3134//3134
f 3121//3121 3134//3134 3124//3124
f 3134//3134 3131//3131 3117//3117
f 3117//3117 3131//3131 3126//3126
f 3048//3048 3049//3049 3050//3050
f 3045//3045 3116//3116 3048//3048
f 3132//3132 2943//2943 25//25
f 3045//3045 3046//3046 3116//3116
f 3133//3133 3044//3044 3045//3045
f 3133//3133 3045//3045 3048//3048
f 3133//3133 3048//3048 3131//3131
f 26//26 3131//3131 3134//3134
f 26//26 3132//3132 25//25
f 3123//3123 26//26 3134//3134
f 26//26 3043//3043 3133//3133
f 26//26 3133//3133 3131//3131
f 26//26 3123//3123 3132//3132
f 3157//3157 3135//3135 3136//3136
f 3158//3158 3137//3137 3155//3155
f 3135//3135 3155//3155 3138//3138
f 3158//3158 3139//3139 3140//3140
f 3158//3158 3140//3140 3137//3137
f 3143//3143 3141//3141 3158//3158
f 3159//3159 3142//3142 3143//3143
f 3156//3156 3145//3145 3159//3159
f 3144//3144 3156//3156 3146//3146
f 3147//3147 3146//3146 3066//3066
f 3148//3148 3066//3066 3065//3065
f 3148//3148 3065//3065 525//525
f 3154//3154 3153//3153 3093//3093
f 3093//3093 3153//3153 3094//3094
f 3154//3154 3093//3093 3091//3091
f 3093//3093 3092//3092 3091//3091
f 3154//3154 3091//3091 3090//3090
f 3154//3154 3089//3089 3088//3088
f 3149//3149 3088//3088 3086//3086
f 3086//3086 3088//3088 3087//3087
f 3086//3086 3085//3085 3149//3149
f 3081//3081 3149//3149 3084//3084
f 3084//3084 3083//3083 3081//3081
f 3081//3081 3083//3083 3082//3082
f 3151//3151 3149//3149 3081//3081
f 3151//3151 3081//3081 3150//3150
f 3150//3150 3081//3081 3080//3080
f 3150//3150 3079//3079 3151//3151
f 3151//3151 3079//3079 3078//3078
f 3152//3152 3149//3149 3151//3151
f 3157//3157 3153//3153 3149//3149
f 3151//3151 3076//3076 3074//3074
f 3151//3151 3077//3077 3076//3076
f 3074//3074 3076//3076 3075//3075
f 3157//3157 3149//3149 3152//3152
f 3157//3157 3152//3152 3155//3155
f 3152//3152 3151//3151 3072//3072
f 3072//3072 3151//3151 3074//3074
f 3074//3074 3073//3073 3072//3072
f 3070//3070 3072//3072 3071//3071
f 3156//3156 3152//3152 3072//3072
f 3156//3156 3072//3072 3068//3068
f 3068//3068 3072//3072 3070//3070
f 3158//3158 3155//3155 3152//3152
f 3158//3158 3152//3152 3159//3159
f 3159//3159 3152//3152 3156//3156
f 3149//3149 3153//3153 3088//3088
f 3088//3088 3153//3153 3154//3154
f 3070//3070 3069//3069 3068//3068
f 3066//3066 3068//3068 3067//3067
f 3157//3157 3155//3155 3135//3135
f 3143//3143 3158//3158 3159//3159
f 3156//3156 3068//3068 3146//3146
f 3146//3146 3068//3068 3066//3066
f 3097//3097 3098//3098 3163//3163
f 1072//1072 3171//3171 1074//1074
f 1074//1074 3171//3171 3174//3174
f 1072//1072 1071//1071 3171//3171
f 3171//3171 1071//1071 1068//1068
f 3171//3171 1068//1068 3172//3172
f 3172//3172 1068//1068 1069//1069
f 3172//3172 1069//1069 3173//3173
f 3175//3175 3174//3174 3171//3171
f 3175//3175 3171//3171 3176//3176
f 3176//3176 3171//3171 3172//3172
f 3176//3176 3172//3172 3177//3177
f 3177//3177 3172//3172 3173//3173
f 3098//3098 3161//3161 3162//3162
f 3162//3162 3161//3161 3178//3178
f 3162//3162 3178//3178 3179//3179
f 3179//3179 3178//3178 3180//3180
f 3179//3179 3180//3180 3181//3181
f 3181//3181 3180//3180 3182//3182
f 3181//3181 3182//3182 3183//3183
f 3183//3183 3182//3182 3173//3173
f 3097//3097 3163//3163 3164//3164
f 3164//3164 3163//3163 3184//3184
f 3164//3164 3184//3184 3185//3185
f 3185//3185 3184//3184 3186//3186
f 3185//3185 3186//3186 3187//3187
f 3187//3187 3186//3186 3188//3188
f 3187//3187 3188//3188 3189//3189
f 3189//3189 3188//3188 3173//3173
f 3097//3097 3167//3167 3168//3168
f 3168//3168 3167//3167 3190//3190
f 3168//3168 3190//3190 3191//3191
f 3191//3191 3190//3190 3192//3192
f 3191//3191 3192//3192 3202//3202
f 3097//3097 3169//3169 3170//3170
f 3170//3170 3169//3169 3193//3193
f 1069//1069 3193//3193 3173//3173
f 3173//3173 3182//3182 3177//3177
f 3177//3177 3182//3182 3180//3180
f 3177//3177 3180//3180 3176//3176
f 3176//3176 3180//3180 3178//3178
f 3176//3176 3178//3178 3175//3175
f 3175//3175 3178//3178 3161//3161
f 3175//3175 3161//3161 3174//3174
f 3174//3174 3161//3161 3098//3098
f 3173//3173 3188//3188 3183//3183
f 3183//3183 3188//3188 3186//3186
f 3183//3183 3186//3186 3181//3181
f 3181//3181 3186//3186 3184//3184
f 3181//3181 3184//3184 3179//3179
f 3179//3179 3184//3184 3163//3163
f 3179//3179 3163//3163 3162//3162
f 3162//3162 3163//3163 3098//3098
f 3097//3097 3164//3164 3165//3165
f 3165//3165 3164//3164 3185//3185
f 3165//3165 3185//3185 3194//3194
f 3194//3194 3185//3185 3187//3187
f 3194//3194 3187//3187 3195//3195
f 3195//3195 3187//3187 3189//3189
f 3195//3195 3189//3189 3196//3196
f 3196//3196 3189//3189 3173//3173
f 3097//3097 3165//3165 3166//3166
f 3166//3166 3165//3165 3194//3194
f 3166//3166 3194//3194 3197//3197
f 3197//3197 3194//3194 3195//3195
f 3197//3197 3195//3195 3198//3198
f 3198//3198 3195//3195 3196//3196
f 3198//3198 3196//3196 3199//3199
f 3199//3199 3196//3196 3173//3173
f 3097//3097 3166//3166 3160//3160
f 3160//3160 3166//3166 3197//3197
f 3160//3160 3197//3197 3200//3200
f 3200//3200 3197//3197 3198//3198
f 3200//3200 3198//3198 3201//3201
f 3201//3201 3198//3198 3199//3199
f 3201//3201 3199//3199 3202//3202
f 3202//3202 3199//3199 3173//3173
f 3202//3202 3203//3203 3201//3201
f 3201//3201 3203//3203 3204//3204
f 3201//3201 3204//3204 3200//3200
f 3200//3200 3204//3204 3205//3205
f 3200//3200 3205//3205 3160//3160
f 3160//3160 3205//3205 3097//3097
f 3202//3202 3192//3192 3203//3203
f 3203//3203 3192//3192 3190//3190
f 3203//3203 3190//3190 3204//3204
f 3204//3204 3190//3190 3167//3167
f 3204//3204 3167//3167 3205//3205
f 3205//3205 3167//3167 3097//3097
f 3202//3202 3193//3193 3191//3191
f 3191//3191 3193//3193 3169//3169
f 3191//3191 3169//3169 3168//3168
f 3168//3168 3169//3169 3097//3097
f 3193//3193 3202//3202 3173//3173
f 34//34 3115//3115 31//31
f 3066//3066 3148//3148 3206//3206
f 3146//3146 3147//3147 3207//3207
f 3156//3156 3144//3144 3208//3208
f 3159//3159 3145//3145 3209//3209
f 3143//3143 3142//3142 3210//3210
f 3155//3155 3137//3137 3211//3211
f 3135//3135 3138//3138 3212//3212
f 3157//3157 3136//3136 3213//3213
f 3214//3214 3215//3215 3259//3259
f 3217//3217 3214//3214 3157//3157
f 3217//3217 3157//3157 3216//3216
f 3213//3213 3216//3216 3157//3157
f 3215//3215 3214//3214 3217//3217
f 3220//3220 3217//3217 3218//3218
f 3218//3218 3217//3217 3216//3216
f 3218//3218 3216//3216 3219//3219
f 3219//3219 3216//3216 3213//3213
f 3219//3219 3213//3213 3212//3212
f 3212//3212 3213//3213 3136//3136
f 3212//3212 3136//3136 3135//3135
f 3215//3215 3217//3217 3220//3220
f 3221//3221 3220//3220 3218//3218
f 3221//3221 3218//3218 3222//3222
f 3222//3222 3218//3218 3219//3219
f 3222//3222 3219//3219 3223//3223
f 3223//3223 3219//3219 3212//3212
f 3223//3223 3212//3212 3211//3211
f 3211//3211 3212//3212 3138//3138
f 3211//3211 3138//3138 3155//3155
f 3215//3215 3220//3220 3224//3224
f 3224//3224 3220//3220 3221//3221
f 3224//3224 3221//3221 3225//3225
f 3225//3225 3221//3221 3222//3222
f 3225//3225 3222//3222 3226//3226
f 3226//3226 3222//3222 3223//3223
f 3226//3226 3223//3223 3227//3227
f 3227//3227 3223//3223 3211//3211
f 3227//3227 3211//3211 3228//3228
f 3228//3228 3211//3211 3137//3137
f 3228//3228 3137//3137 3140//3140
f 3215//3215 3224//3224 3229//3229
f 3229//3229 3224//3224 3225//3225
f 3229//3229 3225//3225 3230//3230
f 3230//3230 3225//3225 3226//3226
f 3230//3230 3226//3226 3231//3231
f 3231//3231 3226//3226 3227//3227
f 3231//3231 3227//3227 3232//3232
f 3232//3232 3227//3227 3228//3228
f 3232//3232 3228//3228 3233//3233
f 3233//3233 3228//3228 3140//3140
f 3233//3233 3140//3140 3139//3139
f 3158//3158 3141//3141 3234//3234
f 3215//3215 3229//3229 3235//3235
f 3235//3235 3229//3229 3230//3230
f 3235//3235 3230//3230 3236//3236
f 3236//3236 3230//3230 3231//3231
f 3236//3236 3231//3231 3237//3237
f 3237//3237 3231//3231 3232//3232
f 3237//3237 3232//3232 3238//3238
f 3238//3238 3232//3232 3233//3233
f 3238//3238 3233//3233 3234//3234
f 3234//3234 3233//3233 3139//3139
f 3234//3234 3139//3139 3158//3158
f 3215//3215 3235//3235 3239//3239
f 3239//3239 3235//3235 3236//3236
f 3239//3239 3236//3236 3240//3240
f 3240//3240 3236//3236 3237//3237
f 3240//3240 3237//3237 3241//3241
f 3241//3241 3237//3237 3238//3238
f 3241//3241 3238//3238 3242//3242
f 3242//3242 3238//3238 3234//3234
f 3242//3242 3234//3234 3210//3210
f 3210//3210 3234//3234 3141//3141
f 3210//3210 3141//3141 3143//3143
f 3215//3215 3239//3239 3243//3243
f 3243//3243 3239//3239 3240//3240
f 3243//3243 3240//3240 3244//3244
f 3244//3244 3240//3240 3241//3241
f 3244//3244 3241//3241 3245//3245
f 3245//3245 3241//3241 3242//3242
f 3245//3245 3242//3242 3246//3246
f 3246//3246 3242//3242 3210//3210
f 3246//3246 3210//3210 3209//3209
f 3209//3209 3210//3210 3142//3142
f 3209//3209 3142//3142 3159//3159
f 3215//3215 3243//3243 3247//3247
f 3247//3247 3243//3243 3244//3244
f 3247//3247 3244//3244 3248//3248
f 3248//3248 3244//3244 3245//3245
f 3248//3248 3245//3245 3249//3249
f 3249//3249 3245//3245 3246//3246
f 3249//3249 3246//3246 3250//3250
f 3250//3250 3246//3246 3209//3209
f 3250//3250 3209//3209 3208//3208
f 3208//3208 3209//3209 3145//3145
f 3208//3208 3145//3145 3156//3156
f 3215//3215 3247//3247 3251//3251
f 3251//3251 3247//3247 3248//3248
f 3251//3251 3248//3248 3252//3252
f 3252//3252 3248//3248 3249//3249
f 3252//3252 3249//3249 3253//3253
f 3253//3253 3249//3249 3250//3250
f 3253//3253 3250//3250 3254//3254
f 3254//3254 3250//3250 3208//3208
f 3254//3254 3208//3208 3207//3207
f 3207//3207 3208//3208 3144//3144
f 3207//3207 3144//3144 3146//3146
f 3215//3215 3251//3251 3255//3255
f 3255//3255 3251//3251 3252//3252
f 3255//3255 3252//3252 3256//3256
f 3256//3256 3252//3252 3253//3253
f 3256//3256 3253//3253 3257//3257
f 3257//3257 3253//3253 3254//3254
f 3257//3257 3254//3254 3258//3258
f 3258//3258 3254//3254 3207//3207
f 3258//3258 3207//3207 3206//3206
f 3206//3206 3207//3207 3147//3147
f 3206//3206 3147//3147 3066//3066
f 3215//3215 3255//3255 520//520
f 520//520 3255//3255 3256//3256
f 520//520 3256//3256 521//521
f 521//521 3256//3256 3257//3257
f 521//521 3257//3257 522//522
f 522//522 3257//3257 3258//3258
f 522//522 3258//3258 523//523
f 523//523 3258//3258 3206//3206
f 523//523 3206//3206 524//524
f 524//524 3206//3206 3148//3148
f 524//524 3148//3148 525//525
f 3259//3259 3260//3260 3214//3214
f 479//479 477//477 3274//3274
f 3274//3274 483//483 481//481
f 3274//3274 481//481 3270//3270
f 3270//3270 484//484 3271//3271
f 3271//3271 490//490 488//488
f 3271//3271 488//488 3276//3276
f 3276//3276 486//486 3269//3269
f 3269//3269 486//486 491//491
f 361//361 3275//3275 3269//3269
f 3275//3275 354//354 3277//3277
f 354//354 357//357 3277//3277
f 3277//3277 357//357 3267//3267
f 3267//3267 350//350 3263//3263
f 350//350 353//353 3263//3263
f 3263//3263 349//349 3273//3273
f 349//349 347//347 3273//3273
f 3273//3273 345//345 3264//3264
f 345//345 343//343 3264//3264
f 3264//3264 341//341 338//338
f 341//341 339//339 338//338
f 336//336 3268//3268 334//334
f 336//336 3265//3265 3268//3268
f 3265//3265 330//330 332//332
f 3265//3265 332//332 3266//3266
f 3266//3266 327//327 326//326
f 326//326 325//325 3272//3272
f 3272//3272 325//325 63//63
f 3288//3288 3272//3272 3662//3662
f 3269//3269 3267//3267 3262//3262
f 3271//3271 3262//3262 3270//3270
f 3269//3269 3262//3262 3271//3271
f 3274//3274 3270//3270 3296//3296
f 3277//3277 3267//3267 3269//3269
f 3274//3274 3296//3296 479//479
f 3269//3269 3271//3271 3276//3276
f 3263//3263 3273//3273 3267//3267
f 3275//3275 3277//3277 3269//3269
f 338//338 3268//3268 3264//3264
f 3264//3264 3268//3268 3273//3273
f 3272//3272 3266//3266 326//326
f 3280//3280 496//496 495//495
f 3280//3280 495//495 3278//3278
f 3278//3278 112//112 3284//3284
f 3284//3284 110//110 3286//3286
f 3285//3285 3286//3286 109//109
f 3285//3285 107//107 3281//3281
f 105//105 3279//3279 3281//3281
f 102//102 3282//3282 3279//3279
f 3282//3282 100//100 3283//3283
f 3283//3283 98//98 97//97
f 3283//3283 97//97 93//93
f 3286//3286 3278//3278 3284//3284
f 3287//3287 3283//3283 93//93
f 3285//3285 3281//3281 3279//3279
f 3287//3287 3279//3279 3282//3282
f 3280//3280 3278//3278 3286//3286
f 3285//3285 3279//3279 3287//3287
f 3287//3287 3282//3282 3283//3283
f 95//95 93//93 97//97
f 3290//3290 3287//3287 93//93
f 3290//3290 93//93 3289//3289
f 3289//3289 93//93 92//92
f 85//85 3290//3290 3289//3289
f 3290//3290 61//61 3291//3291
f 3293//3293 3290//3290 3292//3292
f 3292//3292 3290//3290 3291//3291
f 503//503 3292//3292 3291//3291
f 501//501 3292//3292 503//503
f 3292//3292 499//499 3293//3293
f 506//506 504//504 508//508
f 504//504 3293//3293 508//508
f 504//504 59//59 3294//3294
f 510//510 3295//3295 512//512
f 3294//3294 512//512 3295//3295
f 3294//3294 3295//3295 504//504
f 504//504 3295//3295 514//514
f 504//504 514//514 3296//3296
f 3293//3293 504//504 3296//3296
f 514//514 3295//3295 513//513
f 3296//3296 514//514 516//516
f 469//469 471//471 3297//3297
f 3296//3296 469//469 3297//3297
f 3296//3296 3297//3297 3261//3261
f 479//479 3296//3296 3261//3261
f 3261//3261 3297//3297 467//467
f 479//479 3261//3261 474//474
f 474//474 3261//3261 476//476
f 908//908 906//906 3306//3306
f 3299//3299 3306//3306 904//904
f 904//904 902//902 3299//3299
f 900//900 3307//3307 3299//3299
f 900//900 898//898 3307//3307
f 3307//3307 898//898 3304//3304
f 896//896 894//894 3304//3304
f 3304//3304 894//894 3300//3300
f 3300//3300 892//892 3303//3303
f 3303//3303 890//890 3287//3287
f 3287//3287 889//889 3302//3302
f 3302//3302 887//887 3301//3301
f 3301//3301 885//885 3305//3305
f 3305//3305 883//883 3308//3308
f 3308//3308 881//881 1060//1060
f 1060//1060 879//879 877//877
f 1060//1060 877//877 876//876
f 3301//3301 3305//3305 3302//3302
f 3303//3303 3287//3287 3300//3300
f 3299//3299 3307//3307 3306//3306
f 3302//3302 3305//3305 3287//3287
f 3287//3287 3304//3304 3300//3300
f 3304//3304 3287//3287 3307//3307
f 3308//3308 3287//3287 3305//3305
f 3307//3307 3287//3287 3316//3316
f 3313//3313 946//946 942//942
f 943//943 3313//3313 942//942
f 3312//3312 3313//3313 940//940
f 3312//3312 940//940 938//938
f 3309//3309 3312//3312 933//933
f 934//934 3309//3309 933//933
f 3310//3310 929//929 926//926
f 3310//3310 926//926 3311//3311
f 927//927 924//924 3311//3311
f 924//924 1638//1638 923//923
f 3312//3312 3309//3309 3310//3310
f 3312//3312 3310//3310 3311//3311
f 3312//3312 3311//3311 924//924
f 3262//3262 3312//3312 924//924
f 3313//3313 3312//3312 3262//3262
f 3262//3262 924//924 923//923
f 923//923 1638//1638 3314//3314
f 921//921 922//922 3314//3314
f 922//922 919//919 3315//3315
f 922//922 3315//3315 3314//3314
f 3314//3314 3315//3315 3318//3318
f 3314//3314 3318//3318 3316//3316
f 916//916 3298//3298 3315//3315
f 3318//3318 3315//3315 3298//3298
f 3318//3318 3298//3298 913//913
f 910//910 3319//3319 3317//3317
f 3317//3317 3319//3319 3318//3318
f 3306//3306 3318//3318 3319//3319
f 3306//3306 3319//3319 908//908
f 3307//3307 3316//3316 3318//3318
f 3307//3307 3318//3318 3306//3306
f 3330//3330 418//418 3329//3329
f 3337//3337 3329//3329 419//419
f 3337//3337 424//424 426//426
f 3337//3337 426//426 423//423
f 3337//3337 423//423 3331//3331
f 3331//3331 431//431 429//429
f 3331//3331 429//429 3327//3327
f 3327//3327 432//432 3336//3336
f 3336//3336 199//199 3324//3324
f 3324//3324 191//191 3321//3321
f 3321//3321 189//189 3326//3326
f 189//189 187//187 3326//3326
f 3326//3326 182//182 3322//3322
f 182//182 185//185 3322//3322
f 3322//3322 181//181 3323//3323
f 181//181 179//179 3323//3323
f 3323//3323 176//176 173//173
f 176//176 174//174 173//173
f 3334//3334 171//171 3325//3325
f 171//171 169//169 3325//3325
f 3333//3333 167//167 165//165
f 3333//3333 165//165 163//163
f 3333//3333 163//163 434//434
f 3335//3335 434//434 433//433
f 3335//3335 433//433 437//437
f 3335//3335 441//441 3332//3332
f 3332//3332 441//441 439//439
f 3332//3332 3608//3608 1062//1062
f 3323//3323 3328//3328 3326//3326
f 3329//3329 3320//3320 3360//3360
f 3331//3331 3320//3320 3329//3329
f 3327//3327 3320//3320 3331//3331
f 3337//3337 3331//3331 3329//3329
f 3329//3329 3360//3360 3330//3330
f 3334//3334 3328//3328 3323//3323
f 3324//3324 3327//3327 3336//3336
f 173//173 3334//3334 3323//3323
f 3326//3326 3324//3324 3321//3321
f 3322//3322 3323//3323 3326//3326
f 3338//3338 444//444 443//443
f 3338//3338 443//443 1063//1063
f 271//271 277//277 275//275
f 3342//3342 273//273 3348//3348
f 270//270 3351//3351 3348//3348
f 268//268 3345//3345 3351//3351
f 266//266 3347//3347 3345//3345
f 3347//3347 263//263 3341//3341
f 3341//3341 261//261 3349//3349
f 3349//3349 259//259 3344//3344
f 3344//3344 257//257 3343//3343
f 249//249 3339//3339 3343//3343
f 3340//3340 3339//3339 447//447
f 1063//1063 271//271 3342//3342
f 1063//1063 3342//3342 3348//3348
f 3349//3349 3347//3347 3341//3341
f 3343//3343 3339//3339 3340//3340
f 3349//3349 3344//3344 3343//3343
f 3343//3343 3340//3340 3350//3350
f 3351//3351 3345//3345 3347//3347
f 452//452 450//450 3340//3340
f 3352//3352 3350//3350 3340//3340
f 449//449 3353//3353 3352//3352
f 450//450 3352//3352 3340//3340
f 3352//3352 3353//3353 460//460
f 3352//3352 460//460 3350//3350
f 460//460 3354//3354 3350//3350
f 65//65 460//460 3353//3353
f 3354//3354 456//456 3355//3355
f 3354//3354 3355//3355 3356//3356
f 459//459 457//457 460//460
f 460//460 457//457 3354//3354
f 3356//3356 3355//3355 462//462
f 462//462 3355//3355 464//464
f 3359//3359 3360//3360 3354//3354
f 3359//3359 3354//3354 3356//3356
f 3359//3359 3356//3356 3357//3357
f 408//408 3359//3359 3357//3357
f 3357//3357 3356//3356 465//465
f 3358//3358 3359//3359 412//412
f 3359//3359 3358//3358 3360//3360
f 417//417 414//414 3360//3360
f 410//410 3360//3360 3358//3358
f 3330//3330 3360//3360 414//414
f 691//691 689//689 3367//3367
f 3367//3367 689//689 3362//3362
f 687//687 685//685 3362//3362
f 3362//3362 685//685 3371//3371
f 675//675 677//677 3371//3371
f 3371//3371 677//677 3363//3363
f 681//681 3363//3363 683//683
f 681//681 679//679 3363//3363
f 3363//3363 679//679 3366//3366
f 3366//3366 670//670 668//668
f 3366//3366 668//668 3369//3369
f 3369//3369 666//666 3368//3368
f 666//666 664//664 3368//3368
f 3368//3368 662//662 3370//3370
f 3370//3370 658//658 3364//3364
f 3364//3364 656//656 654//654
f 3364//3364 1027//1027 3365//3365
f 3365//3365 1027//1027 1025//1025
f 3367//3367 3363//3363 3361//3361
f 1035//1035 3364//3364 3365//3365
f 3368//3368 3364//3364 3363//3363
f 1035//1035 3365//3365 1024//1024
f 1035//1035 1024//1024 1029//1029
f 3368//3368 3363//3363 3366//3366
f 3362//3362 3363//3363 3367//3367
f 1032//1032 3372//3372 1034//1034
f 1034//1034 3372//3372 1035//1035
f 3371//3371 3363//3363 3362//3362
f 3373//3373 1035//1035 3372//3372
f 3370//3370 3364//3364 3368//3368
f 3368//3368 3366//3366 3369//3369
f 3372//3372 1043//1043 3373//3373
f 3373//3373 1043//1043 1041//1041
f 3374//3374 3373//3373 1036//1036
f 1036//1036 1039//1039 3374//3374
f 3375//3375 3374//3374 1049//1049
f 1049//1049 1047//1047 3375//3375
f 3375//3375 1045//1045 3376//3376
f 1045//1045 611//611 3376//3376
f 3375//3375 3373//3373 3374//3374
f 3346//3346 3375//3375 3376//3376
f 3375//3375 1035//1035 3373//3373
f 3346//3346 1051//1051 3387//3387
f 1051//1051 1053//1053 3387//3387
f 3387//3387 1058//1058 1059//1059
f 1058//1058 1056//1056 1059//1059
f 762//762 760//760 3379//3379
f 3379//3379 760//760 758//758
f 3381//3381 3379//3379 753//753
f 3381//3381 753//753 754//754
f 754//754 3382//3382 3381//3381
f 748//748 3382//3382 750//750
f 748//748 747//747 3382//3382
f 743//743 3388//3388 745//745
f 745//745 3388//3388 747//747
f 3388//3388 741//741 3380//3380
f 3380//3380 741//741 739//739
f 3377//3377 737//737 735//735
f 3377//3377 735//735 3383//3383
f 3383//3383 733//733 3384//3384
f 3384//3384 733//733 731//731
f 3384//3384 729//729 3385//3385
f 3385//3385 729//729 727//727
f 3385//3385 725//725 3386//3386
f 3386//3386 725//725 723//723
f 719//719 3378//3378 721//721
f 721//721 3378//3378 3386//3386
f 3388//3388 3380//3380 3377//3377
f 3388//3388 3377//3377 3383//3383
f 3386//3386 3383//3383 3384//3384
f 3386//3386 3384//3384 3385//3385
f 3387//3387 1059//1059 1062//1062
f 3379//3379 3381//3381 3382//3382
f 3379//3379 3382//3382 747//747
f 1062//1062 762//762 3379//3379
f 3383//3383 3386//3386 3378//3378
f 747//747 3388//3388 3383//3383
f 747//747 1062//1062 3379//3379
f 3383//3383 3378//3378 3320//3320
f 3346//3346 3387//3387 1062//1062
f 715//715 3389//3389 717//717
f 3389//3389 3378//3378 717//717
f 3391//3391 3378//3378 3389//3389
f 713//713 711//711 3389//3389
f 3389//3389 711//711 3391//3391
f 3391//3391 3320//3320 3378//3378
f 3390//3390 3391//3391 707//707
f 707//707 3391//3391 709//709
f 3361//3361 3320//3320 3391//3391
f 3391//3391 3390//3390 3392//3392
f 705//705 703//703 3390//3390
f 3390//3390 703//703 3392//3392
f 3391//3391 3392//3392 3361//3361
f 3361//3361 3392//3392 699//699
f 699//699 3392//3392 701//701
f 695//695 699//699 697//697
f 699//699 695//695 3361//3361
f 3361//3361 695//695 694//694
f 56//56 3393//3393 3394//3394
f 3393//3393 3395//3395 3394//3394
f 3394//3394 3395//3395 3396//3396
f 3394//3394 3396//3396 3397//3397
f 3397//3397 3396//3396 3398//3398
f 3396//3396 3399//3399 3398//3398
f 3398//3398 3399//3399 3400//3400
f 3398//3398 3400//3400 3401//3401
f 3401//3401 3400//3400 3402//3402
f 3400//3400 3403//3403 3402//3402
f 3402//3402 3403//3403 3404//3404
f 3402//3402 3404//3404 3405//3405
f 3405//3405 3404//3404 3406//3406
f 3407//3407 3408//3408 3409//3409
f 3404//3404 3410//3410 3406//3406
f 3406//3406 3410//3410 3407//3407
f 3406//3406 3407//3407 3411//3411
f 3411//3411 3407//3407 3409//3409
f 3408//3408 3412//3412 3409//3409
f 3409//3409 3412//3412 3413//3413
f 3409//3409 3413//3413 3414//3414
f 3414//3414 3413//3413 3415//3415
f 3414//3414 3415//3415 3416//3416
f 3416//3416 3415//3415 3417//3417
f 3416//3416 3417//3417 3418//3418
f 3418//3418 3417//3417 3419//3419
f 3418//3418 3419//3419 3420//3420
f 3420//3420 3419//3419 3421//3421
f 3420//3420 3421//3421 3422//3422
f 3422//3422 3421//3421 3423//3423
f 3422//3422 3423//3423 3424//3424
f 3424//3424 3423//3423 3425//3425
f 3424//3424 3425//3425 3426//3426
f 3426//3426 3425//3425 3427//3427
f 3426//3426 3427//3427 3428//3428
f 3428//3428 3427//3427 3429//3429
f 3428//3428 3429//3429 3430//3430
f 3430//3430 3429//3429 598//598
f 3430//3430 598//598 596//596
f 596//596 593//593 3431//3431
f 596//596 3431//3431 3430//3430
f 3430//3430 3431//3431 3432//3432
f 3430//3430 3432//3432 3428//3428
f 3428//3428 3432//3432 3433//3433
f 3428//3428 3433//3433 3426//3426
f 3426//3426 3433//3433 3434//3434
f 3426//3426 3434//3434 3424//3424
f 3424//3424 3434//3434 3435//3435
f 3424//3424 3435//3435 3422//3422
f 3422//3422 3435//3435 3436//3436
f 3422//3422 3436//3436 3420//3420
f 3420//3420 3436//3436 3437//3437
f 3420//3420 3437//3437 3418//3418
f 3418//3418 3437//3437 3438//3438
f 3418//3418 3438//3438 3416//3416
f 3416//3416 3438//3438 3439//3439
f 3416//3416 3439//3439 3414//3414
f 3414//3414 3439//3439 3440//3440
f 3414//3414 3440//3440 3409//3409
f 3441//3441 3442//3442 3402//3402
f 3402//3402 3405//3405 3441//3441
f 3441//3441 3405//3405 3406//3406
f 3441//3441 3406//3406 3440//3440
f 3440//3440 3406//3406 3411//3411
f 3440//3440 3411//3411 3409//3409
f 3443//3443 56//56 3394//3394
f 3394//3394 3397//3397 3443//3443
f 3443//3443 3397//3397 3398//3398
f 3443//3443 3398//3398 3442//3442
f 3442//3442 3398//3398 3401//3401
f 3442//3442 3401//3401 3402//3402
f 3460//3460 3444//3444 56//56
f 3445//3445 3446//3446 3396//3396
f 3396//3396 3395//3395 3445//3445
f 3445//3445 3395//3395 3393//3393
f 3445//3445 3393//3393 3444//3444
f 3444//3444 3393//3393 56//56
f 3447//3447 3448//3448 3404//3404
f 3404//3404 3403//3403 3447//3447
f 3447//3447 3403//3403 3400//3400
f 3447//3447 3400//3400 3446//3446
f 3446//3446 3400//3400 3399//3399
f 3446//3446 3399//3399 3396//3396
f 3412//3412 3408//3408 3449//3449
f 3449//3449 3408//3408 3407//3407
f 3449//3449 3407//3407 3448//3448
f 3448//3448 3407//3407 3410//3410
f 3448//3448 3410//3410 3404//3404
f 3449//3449 3461//3461 3412//3412
f 3412//3412 3461//3461 3450//3450
f 3412//3412 3450//3450 3413//3413
f 3413//3413 3450//3450 3451//3451
f 3413//3413 3451//3451 3415//3415
f 3415//3415 3451//3451 3452//3452
f 3415//3415 3452//3452 3417//3417
f 3417//3417 3452//3452 3453//3453
f 3417//3417 3453//3453 3419//3419
f 3419//3419 3453//3453 3454//3454
f 3419//3419 3454//3454 3421//3421
f 3421//3421 3454//3454 3455//3455
f 3421//3421 3455//3455 3423//3423
f 3423//3423 3455//3455 3456//3456
f 3423//3423 3456//3456 3425//3425
f 3425//3425 3456//3456 3457//3457
f 3425//3425 3457//3457 3427//3427
f 3427//3427 3457//3457 3458//3458
f 3427//3427 3458//3458 3429//3429
f 3429//3429 3458//3458 599//599
f 3429//3429 599//599 598//598
f 3431//3431 593//593 3459//3459
f 3431//3431 3459//3459 3432//3432
f 3432//3432 3459//3459 3433//3433
f 3433//3433 3459//3459 3434//3434
f 3434//3434 3459//3459 3435//3435
f 3435//3435 3459//3459 3436//3436
f 3436//3436 3459//3459 3437//3437
f 3437//3437 3459//3459 3438//3438
f 3438//3438 3459//3459 3439//3439
f 3439//3439 3459//3459 3440//3440
f 3440//3440 3459//3459 3441//3441
f 3441//3441 3459//3459 3442//3442
f 3442//3442 3459//3459 3443//3443
f 3443//3443 3459//3459 56//56
f 56//56 3459//3459 593//593
f 3460//3460 3462//3462 3461//3461
f 3460//3460 3461//3461 3444//3444
f 3462//3462 599//599 3458//3458
f 3462//3462 3458//3458 3457//3457
f 3462//3462 3457//3457 3456//3456
f 3462//3462 3456//3456 3455//3455
f 3462//3462 3455//3455 3454//3454
f 3462//3462 3454//3454 3461//3461
f 3461//3461 3454//3454 3453//3453
f 3461//3461 3453//3453 3452//3452
f 3461//3461 3452//3452 3451//3451
f 3461//3461 3451//3451 3450//3450
f 3461//3461 3449//3449 3444//3444
f 3444//3444 3449//3449 3448//3448
f 3444//3444 3448//3448 3447//3447
f 3444//3444 3447//3447 3446//3446
f 3444//3444 3446//3446 3445//3445
f 3474//3474 3464//3464 3465//3465
f 3465//3465 3464//3464 3466//3466
f 3465//3465 3466//3466 3467//3467
f 3467//3467 3466//3466 3468//3468
f 3467//3467 3468//3468 3469//3469
f 3469//3469 3468//3468 3470//3470
f 3469//3469 3470//3470 3471//3471
f 3471//3471 3470//3470 3472//3472
f 3471//3471 3472//3472 3473//3473
f 3473//3473 3472//3472 609//609
f 3473//3473 609//609 608//608
f 3474//3474 3465//3465 3475//3475
f 3475//3475 3465//3465 3467//3467
f 3475//3475 3467//3467 3476//3476
f 3476//3476 3467//3467 3469//3469
f 3476//3476 3469//3469 3477//3477
f 3477//3477 3469//3469 3471//3471
f 3477//3477 3471//3471 3478//3478
f 3478//3478 3471//3471 3473//3473
f 3478//3478 3473//3473 3479//3479
f 3479//3479 3473//3473 608//608
f 3479//3479 608//608 606//606
f 609//609 3472//3472 3464//3464
f 3472//3472 3470//3470 3464//3464
f 3470//3470 3468//3468 3464//3464
f 3468//3468 3466//3466 3464//3464
f 1061//1061 3463//3463 3480//3480
f 3464//3464 3474//3474 3463//3463
f 1061//1061 3480//3480 3481//3481
f 1061//1061 3481//3481 3482//3482
f 1061//1061 3482//3482 3483//3483
f 1061//1061 3483//3483 3484//3484
f 1061//1061 3484//3484 3485//3485
f 1061//1061 3485//3485 3486//3486
f 1061//1061 3486//3486 3487//3487
f 1061//1061 3487//3487 3488//3488
f 1061//1061 3488//3488 3489//3489
f 3463//3463 1061//1061 601//601
f 601//601 1061//1061 3489//3489
f 606//606 604//604 3490//3490
f 606//606 3490//3490 3479//3479
f 3479//3479 3490//3490 3491//3491
f 3479//3479 3491//3491 3478//3478
f 3478//3478 3491//3491 3492//3492
f 3478//3478 3492//3492 3477//3477
f 3477//3477 3492//3492 3493//3493
f 3477//3477 3493//3493 3476//3476
f 3476//3476 3493//3493 3494//3494
f 3476//3476 3494//3494 3475//3475
f 3475//3475 3494//3494 603//603
f 3475//3475 603//603 3474//3474
f 3463//3463 3474//3474 3495//3495
f 3463//3463 3495//3495 3480//3480
f 3480//3480 3495//3495 3496//3496
f 3480//3480 3496//3496 3481//3481
f 3481//3481 3496//3496 3497//3497
f 3481//3481 3497//3497 3482//3482
f 3482//3482 3497//3497 3498//3498
f 3482//3482 3498//3498 3483//3483
f 3483//3483 3498//3498 3499//3499
f 3483//3483 3499//3499 3484//3484
f 3484//3484 3499//3499 3500//3500
f 3484//3484 3500//3500 3485//3485
f 3485//3485 3500//3500 3501//3501
f 3485//3485 3501//3501 3486//3486
f 3486//3486 3501//3501 3502//3502
f 3486//3486 3502//3502 3487//3487
f 3487//3487 3502//3502 3503//3503
f 3487//3487 3503//3503 3488//3488
f 3488//3488 3503//3503 3504//3504
f 3488//3488 3504//3504 3489//3489
f 3489//3489 3504//3504 610//610
f 3489//3489 610//610 601//601
f 610//610 3504//3504 3495//3495
f 3504//3504 3503//3503 3495//3495
f 3503//3503 3502//3502 3495//3495
f 3502//3502 3501//3501 3495//3495
f 3501//3501 3500//3500 3495//3495
f 3500//3500 3499//3499 3495//3495
f 3499//3499 3498//3498 3495//3495
f 3498//3498 3497//3497 3495//3495
f 3497//3497 3496//3496 3495//3495
f 603//603 3505//3505 3474//3474
f 603//603 3494//3494 3493//3493
f 603//603 3493//3493 3492//3492
f 603//603 3492//3492 3491//3491
f 603//603 3491//3491 3490//3490
f 610//610 3495//3495 3505//3505
f 604//604 603//603 3490//3490
f 3260//3260 3664//3664 3527//3527
f 3527//3527 3515//3515 1064//1064
f 3513//3513 1064//1064 3515//3515
f 3516//3516 1099//1099 3513//3513
f 3516//3516 3532//3532 1094//1094
f 3516//3516 1094//1094 1096//1096
f 3517//3517 1093//1093 1091//1091
f 3517//3517 1091//1091 3532//3532
f 1088//1088 3096//3096 3517//3517
f 253//253 254//254 251//251
f 251//251 254//254 252//252
f 1088//1088 3506//3506 250//250
f 258//258 3507//3507 1088//1088
f 3507//3507 260//260 3519//3519
f 262//262 3508//3508 3519//3519
f 3508//3508 264//264 3509//3509
f 265//265 3510//3510 3509//3509
f 267//267 3531//3531 3510//3510
f 269//269 3521//3521 3531//3531
f 272//272 279//279 3521//3521
f 3511//3511 279//279 71//71
f 3511//3511 283//283 3526//3526
f 3526//3526 283//283 281//281
f 284//284 1086//1086 3526//3526
f 69//69 3512//3512 1086//1086
f 3512//3512 290//290 288//288
f 3512//3512 288//288 3522//3522
f 298//298 3522//3522 67//67
f 298//298 297//297 3530//3530
f 3530//3530 297//297 295//295
f 3530//3530 292//292 3525//3525
f 3525//3525 292//292 294//294
f 3525//3525 294//294 3514//3514
f 294//294 300//300 3514//3514
f 3514//3514 305//305 303//303
f 3514//3514 303//303 3529//3529
f 3524//3524 3529//3529 306//306
f 3513//3513 3515//3515 3527//3527
f 312//312 3518//3518 310//310
f 310//310 3518//3518 3524//3524
f 3531//3531 3096//3096 3510//3510
f 3521//3521 3511//3511 1086//1086
f 3518//3518 308//308 3520//3520
f 3522//3522 3514//3514 1086//1086
f 3526//3526 1086//1086 3511//3511
f 3521//3521 1086//1086 3531//3531
f 3508//3508 3096//3096 3519//3519
f 3507//3507 3519//3519 1088//1088
f 3513//3513 3532//3532 3516//3516
f 2790//2790 3514//3514 3524//3524
f 3510//3510 3096//3096 3508//3508
f 3520//3520 317//317 314//314
f 3520//3520 314//314 3523//3523
f 3529//3529 3524//3524 3514//3514
f 3520//3520 2790//2790 3524//3524
f 3511//3511 3521//3521 279//279
f 3509//3509 3510//3510 3508//3508
f 3530//3530 3514//3514 3522//3522
f 3512//3512 3522//3522 1086//1086
f 3532//3532 3513//3513 3506//3506
f 3523//3523 321//321 319//319
f 3523//3523 319//319 3528//3528
f 3525//3525 3514//3514 3530//3530
f 298//298 3530//3530 3522//3522
f 3506//3506 1088//1088 3517//3517
f 3506//3506 3517//3517 3532//3532
f 3518//3518 3520//3520 3524//3524
f 251//251 3506//3506 3513//3513
f 251//251 3513//3513 253//253
f 253//253 3513//3513 3527//3527
f 3528//3528 323//323 3548//3548
f 3548//3548 328//328 3547//3547
f 3547//3547 329//329 3554//3554
f 329//329 333//333 3554//3554
f 3554//3554 331//331 3542//3542
f 331//331 337//337 3542//3542
f 3542//3542 335//335 3546//3546
f 335//335 340//340 3546//3546
f 1085//1085 3546//3546 342//342
f 342//342 344//344 1085//1085
f 1085//1085 346//346 3549//3549
f 346//346 348//348 3549//3549
f 3549//3549 351//351 3537//3537
f 351//351 352//352 3537//3537
f 355//355 356//356 3537//3537
f 3537//3537 356//356 3545//3545
f 1084//1084 3544//3544 1080//1080
f 1084//1084 1080//1080 1082//1082
f 3533//3533 1079//1079 1077//1077
f 3533//3533 1077//1077 3544//3544
f 3553//3553 1075//1075 3533//3533
f 3545//3545 362//362 3534//3534
f 3553//3553 366//366 364//364
f 3553//3553 364//364 3551//3551
f 3552//3552 1070//1070 3551//3551
f 3551//3551 1067//1067 1073//1073
f 3551//3551 1073//1073 3553//3553
f 3551//3551 3695//3695 3541//3541
f 373//373 3541//3541 375//375
f 373//373 3540//3540 3541//3541
f 3540//3540 369//369 371//371
f 3540//3540 371//371 3535//3535
f 378//378 3550//3550 380//380
f 380//380 3550//3550 3535//3535
f 377//377 1066//1066 3550//3550
f 384//384 391//391 382//382
f 382//382 391//391 1066//1066
f 388//388 390//390 386//386
f 388//388 3543//3543 390//390
f 3543//3543 396//396 394//394
f 394//394 3538//3538 3543//3543
f 3538//3538 392//392 3536//3536
f 3536//3536 392//392 403//403
f 400//400 3539//3539 398//398
f 398//398 3539//3539 3536//3536
f 406//406 404//404 3539//3539
f 404//404 3260//3260 3539//3539
f 359//359 3544//3544 1084//1084
f 359//359 3545//3545 3534//3534
f 3553//3553 3533//3533 3544//3544
f 3528//3528 3548//3548 3523//3523
f 1084//1084 3545//3545 359//359
f 3536//3536 3543//3543 3538//3538
f 390//390 1066//1066 391//391
f 3541//3541 3552//3552 3551//3551
f 3542//3542 3546//3546 3554//3554
f 3523//3523 2790//2790 3520//3520
f 3550//3550 3540//3540 3535//3535
f 3548//3548 2790//2790 3523//3523
f 390//390 3543//3543 1066//1066
f 3547//3547 2790//2790 3548//3548
f 3260//3260 3536//3536 3539//3539
f 3547//3547 3554//3554 2790//2790
f 3540//3540 3552//3552 3541//3541
f 3537//3537 1085//1085 3549//3549
f 3546//3546 1085//1085 3554//3554
f 183//183 184//184 3579//3579
f 177//177 180//180 3579//3579
f 172//172 175//175 178//178
f 168//168 170//170 3555//3555
f 162//162 164//164 3577//3577
f 3601//3601 3598//3598 84//84
f 3601//3601 94//94 3568//3568
f 3568//3568 96//96 3569//3569
f 3556//3556 2397//2397 3569//3569
f 3569//3569 99//99 3556//3556
f 101//101 3565//3565 3556//3556
f 3565//3565 103//103 3557//3557
f 3557//3557 104//104 3566//3566
f 3566//3566 106//106 3570//3570
f 108//108 3573//3573 3570//3570
f 3574//3574 3573//3573 113//113
f 82//82 3560//3560 3574//3574
f 118//118 117//117 120//120
f 120//120 117//117 3560//3560
f 3571//3571 117//117 115//115
f 3571//3571 126//126 124//124
f 3571//3571 124//124 3558//3558
f 123//123 3572//3572 3558//3558
f 80//80 3561//3561 3572//3572
f 78//78 77//77 129//129
f 129//129 77//77 3561//3561
f 77//77 130//130 3564//3564
f 3564//3564 137//137 3567//3567
f 137//137 135//135 3567//3567
f 3567//3567 135//135 133//133
f 3567//3567 138//138 3559//3559
f 3559//3559 143//143 140//140
f 3559//3559 140//140 3562//3562
f 77//77 3564//3564 3567//3567
f 3566//3566 3570//3570 3573//3573
f 3571//3571 3558//3558 3572//3572
f 3561//3561 77//77 1100//1100
f 1100//1100 77//77 3567//3567
f 3557//3557 3566//3566 3573//3573
f 3560//3560 117//117 3571//3571
f 3567//3567 3559//3559 3562//3562
f 3571//3571 3572//3572 1100//1100
f 3560//3560 3571//3571 1100//1100
f 1100//1100 3567//3567 3562//3562
f 1100//1100 3562//3562 3563//3563
f 3574//3574 3560//3560 1100//1100
f 3557//3557 3556//3556 3565//3565
f 1100//1100 3572//3572 3561//3561
f 3557//3557 3573//3573 3574//3574
f 145//145 3563//3563 3562//3562
f 145//145 3562//3562 147//147
f 3563//3563 148//148 154//154
f 154//154 155//155 3563//3563
f 154//154 153//153 151//151
f 154//154 151//151 155//155
f 155//155 3575//3575 3563//3563
f 3575//3575 155//155 157//157
f 158//158 3576//3576 3575//3575
f 3576//3576 3577//3577 3575//3575
f 161//161 3577//3577 3576//3576
f 164//164 166//166 3577//3577
f 166//166 3555//3555 3577//3577
f 1100//1100 3577//3577 3578//3578
f 3578//3578 3577//3577 3555//3555
f 3578//3578 3555//3555 170//170
f 178//178 3578//3578 172//172
f 1100//1100 3578//3578 3579//3579
f 3579//3579 3578//3578 178//178
f 3579//3579 178//178 177//177
f 3580//3580 3579//3579 184//184
f 3581//3581 3580//3580 188//188
f 188//188 3580//3580 186//186
f 190//190 201//201 3581//3581
f 3581//3581 201//201 3582//3582
f 3582//3582 201//201 200//200
f 3582//3582 3585//3585 3581//3581
f 202//202 3585//3585 3582//3582
f 202//202 3582//3582 192//192
f 192//192 194//194 202//202
f 3583//3583 3585//3585 202//202
f 196//196 202//202 194//194
f 203//203 3584//3584 3583//3583
f 206//206 3584//3584 203//203
f 3584//3584 210//210 3586//3586
f 3584//3584 3586//3586 3587//3587
f 210//210 208//208 3586//3586
f 3584//3584 3587//3587 3585//3585
f 3587//3587 3586//3586 214//214
f 214//214 212//212 3587//3587
f 3587//3587 75//75 3589//3589
f 3587//3587 3589//3589 3585//3585
f 3588//3588 3585//3585 3589//3589
f 217//217 3588//3588 219//219
f 3588//3588 3589//3589 219//219
f 3588//3588 3663//3663 3590//3590
f 3588//3588 3590//3590 3585//3585
f 3590//3590 3591//3591 3585//3585
f 3591//3591 3590//3590 227//227
f 225//225 3591//3591 227//227
f 3591//3591 220//220 3592//3592
f 3591//3591 3592//3592 3585//3585
f 220//220 223//223 3592//3592
f 3592//3592 3593//3593 3585//3585
f 230//230 3593//3593 232//232
f 3593//3593 3592//3592 232//232
f 3593//3593 3595//3595 3585//3585
f 228//228 239//239 3593//3593
f 3593//3593 239//239 3595//3595
f 234//234 236//236 3594//3594
f 3594//3594 3595//3595 234//234
f 3596//3596 3595//3595 3594//3594
f 241//241 3596//3596 243//243
f 243//243 3596//3596 3594//3594
f 3596//3596 73//73 3597//3597
f 245//245 3596//3596 3597//3597
f 245//245 3597//3597 247//247
f 3671//3671 3599//3599 2398//2398
f 88//88 3600//3600 3599//3599
f 90//90 88//88 3599//3599
f 3600//3600 87//87 3598//3598
f 3600//3600 3598//3598 3599//3599
f 280//280 282//282 286//286
f 291//291 296//296 3603//3603
f 3602//3602 293//293 291//291
f 68//68 3603//3603 296//296
f 287//287 289//289 3603//3603
f 3603//3603 289//289 70//70
f 72//72 3624//3624 282//282
f 274//274 276//276 3624//3624
f 3624//3624 276//276 278//278
f 3605//3605 445//445 442//442
f 3608//3608 438//438 3613//3613
f 3613//3613 438//438 440//440
f 440//440 435//435 3613//3613
f 3613//3613 435//435 436//436
f 3613//3613 434//434 159//159
f 3613//3613 159//159 3621//3621
f 3621//3621 156//156 3607//3607
f 3607//3607 150//150 152//152
f 3607//3607 152//152 3612//3612
f 152//152 149//149 3612//3612
f 3612//3612 144//144 3617//3617
f 3617//3617 144//144 146//146
f 3617//3617 146//146 141//141
f 141//141 142//142 3617//3617
f 3617//3617 142//142 139//139
f 3617//3617 139//139 3623//3623
f 3623//3623 132//132 3611//3611
f 3611//3611 132//132 134//134
f 134//134 136//136 3611//3611
f 3611//3611 136//136 131//131
f 3611//3611 79//79 3616//3616
f 79//79 128//128 3616//3616
f 3616//3616 128//128 81//81
f 3616//3616 127//127 3606//3606
f 3606//3606 122//122 3620//3620
f 3620//3620 122//122 125//125
f 125//125 121//121 3620//3620
f 116//116 119//119 3620//3620
f 3620//3620 119//119 83//83
f 3620//3620 83//83 3615//3615
f 3615//3615 114//114 3610//3610
f 3610//3610 111//111 112//112
f 112//112 494//494 3609//3609
f 3609//3609 497//497 493//493
f 3609//3609 493//493 3622//3622
f 3662//3662 64//64 3614//3614
f 3614//3614 64//64 324//324
f 324//324 322//322 3614//3614
f 3614//3614 318//318 320//320
f 3614//3614 320//320 315//315
f 315//315 316//316 3614//3614
f 3614//3614 316//316 309//309
f 3614//3614 309//309 3619//3619
f 3619//3619 313//313 311//311
f 3619//3619 311//311 3618//3618
f 311//311 307//307 3618//3618
f 299//299 3618//3618 301//301
f 3618//3618 302//302 304//304
f 3618//3618 304//304 301//301
f 3607//3607 3612//3612 3621//3621
f 112//112 3609//3609 3610//3610
f 3610//3610 3620//3620 3615//3615
f 3609//3609 3622//3622 3610//3610
f 3611//3611 3616//3616 3623//3623
f 3614//3614 3619//3619 3662//3662
f 3610//3610 3622//3622 3620//3620
f 3606//3606 3620//3620 3616//3616
f 3617//3617 3623//3623 3621//3621
f 3617//3617 3621//3621 3612//3612
f 3613//3613 3621//3621 3608//3608
f 3619//3619 3618//3618 3662//3662
f 3620//3620 3622//3622 3616//3616
f 3616//3616 3622//3622 3623//3623
f 291//291 3603//3603 3602//3602
f 70//70 3604//3604 3603//3603
f 3604//3604 286//286 3603//3603
f 285//285 286//286 3604//3604
f 282//282 3624//3624 286//286
f 3624//3624 3605//3605 286//286
f 278//278 3605//3605 3624//3624
f 442//442 2//2 3605//3605
f 3605//3605 2//2 286//286
f 299//299 3602//3602 3618//3618
f 3618//3618 3602//3602 3603//3603
f 3618//3618 3603//3603 286//286
f 3621//3621 3623//3623 3622//3622
f 1055//1055 1057//1057 1050//1050
f 771//771 769//769 3655//3655
f 787//787 785//785 3625//3625
f 791//791 789//789 3625//3625
f 804//804 802//802 3658//3658
f 812//812 810//810 3657//3657
f 818//818 816//816 3657//3657
f 3657//3657 816//816 814//814
f 804//804 3658//3658 806//806
f 796//796 795//795 798//798
f 775//775 3661//3661 777//777
f 1057//1057 1054//1054 1050//1050
f 1054//1054 1052//1052 1050//1050
f 3638//3638 3626//3626 612//612
f 3638//3638 1046//1046 1044//1044
f 3638//3638 1044//1044 3641//3641
f 3641//3641 1044//1044 1048//1048
f 3641//3641 1048//1048 1040//1040
f 1040//1040 1038//1038 3641//3641
f 3641//3641 1038//1038 3635//3635
f 3635//3635 1037//1037 3641//3641
f 1037//1037 1042//1042 3641//3641
f 3641//3641 1042//1042 1031//1031
f 3641//3641 1031//1031 1033//1033
f 3641//3641 1033//1033 3634//3634
f 3634//3634 1033//1033 1030//1030
f 1030//1030 1028//1028 3634//3634
f 3634//3634 1023//1023 3700//3700
f 3700//3700 1023//1023 1026//1026
f 3700//3700 1026//1026 653//653
f 653//653 651//651 3700//3700
f 3700//3700 651//651 649//649
f 3700//3700 649//649 647//647
f 3700//3700 647//647 3637//3637
f 3637//3637 647//647 645//645
f 3637//3637 645//645 643//643
f 643//643 641//641 3637//3637
f 3637//3637 641//641 638//638
f 3637//3637 621//621 623//623
f 3637//3637 623//623 3648//3648
f 3648//3648 623//623 625//625
f 3648//3648 625//625 627//627
f 618//618 3633//3633 3648//3648
f 627//627 629//629 3648//3648
f 3648//3648 629//629 631//631
f 3648//3648 631//631 633//633
f 3648//3648 633//633 635//635
f 3648//3648 635//635 618//618
f 3633//3633 617//617 3701//3701
f 617//617 1021//1021 3701//3701
f 3701//3701 1021//1021 1017//1017
f 3701//3701 1017//1017 1018//1018
f 3701//3701 1018//1018 3647//3647
f 3647//3647 1018//1018 1014//1014
f 3647//3647 1010//1010 3627//3627
f 3627//3627 1010//1010 1012//1012
f 1000//1000 1002//1002 3627//3627
f 3627//3627 1002//1002 1004//1004
f 3627//3627 1004//1004 1007//1007
f 3627//3627 1007//1007 3640//3640
f 3640//3640 1007//1007 995//995
f 3640//3640 994//994 3628//3628
f 3628//3628 994//994 998//998
f 3628//3628 998//998 614//614
f 3628//3628 985//985 987//987
f 3628//3628 987//987 989//989
f 989//989 991//991 3628//3628
f 3628//3628 991//991 971//971
f 3628//3628 971//971 3654//3654
f 3654//3654 969//969 3646//3646
f 3646//3646 969//969 974//974
f 3646//3646 974//974 976//976
f 966//966 3656//3656 3646//3646
f 976//976 978//978 3646//3646
f 3646//3646 978//978 980//980
f 3646//3646 980//980 982//982
f 3646//3646 982//982 968//968
f 3646//3646 968//968 966//966
f 3656//3656 964//964 3629//3629
f 3629//3629 964//964 961//961
f 3629//3629 961//961 3630//3630
f 961//961 959//959 3630//3630
f 3630//3630 959//959 957//957
f 3630//3630 957//957 955//955
f 3630//3630 955//955 3645//3645
f 3645//3645 955//955 953//953
f 953//953 951//951 3645//3645
f 3645//3645 951//951 949//949
f 3645//3645 949//949 947//947
f 3645//3645 947//947 3702//3702
f 3651//3651 1060//1060 863//863
f 3651//3651 863//863 3644//3644
f 863//863 865//865 3644//3644
f 3644//3644 865//865 867//867
f 3644//3644 867//867 3643//3643
f 3643//3643 867//867 869//869
f 3643//3643 869//869 871//871
f 3643//3643 871//871 873//873
f 857//857 3636//3636 3643//3643
f 873//873 875//875 3643//3643
f 3643//3643 861//861 859//859
f 3643//3643 859//859 857//857
f 3636//3636 855//855 3631//3631
f 3631//3631 855//855 853//853
f 3631//3631 853//853 3650//3650
f 853//853 851//851 3650//3650
f 3650//3650 851//851 849//849
f 3650//3650 849//849 847//847
f 3650//3650 847//847 3639//3639
f 3639//3639 847//847 845//845
f 837//837 3632//3632 3698//3698
f 3639//3639 843//843 841//841
f 3639//3639 841//841 3698//3698
f 3698//3698 841//841 839//839
f 3698//3698 839//839 837//837
f 3632//3632 835//835 832//832
f 832//832 830//830 3653//3653
f 3653//3653 828//828 3649//3649
f 3649//3649 828//828 826//826
f 3649//3649 824//824 822//822
f 3649//3649 822//822 3657//3657
f 3657//3657 822//822 820//820
f 3657//3657 820//820 818//818
f 763//763 1055//1055 1050//1050
f 3650//3650 3636//3636 3631//3631
f 3630//3630 3656//3656 3629//3629
f 3700//3700 3641//3641 3634//3634
f 3640//3640 3628//3628 3627//3627
f 3627//3627 3701//3701 3647//3647
f 3633//3633 3701//3701 3648//3648
f 3638//3638 3641//3641 3626//3626
f 1050//1050 3642//3642 763//763
f 3644//3644 3643//3643 3651//3651
f 3645//3645 3702//3702 3656//3656
f 3645//3645 3656//3656 3630//3630
f 3646//3646 3656//3656 3654//3654
f 3648//3648 3701//3701 3637//3637
f 3650//3650 3639//3639 3698//3698
f 3698//3698 3632//3632 3653//3653
f 3636//3636 3650//3650 3698//3698
f 765//765 761//761 3652//3652
f 3652//3652 761//761 763//763
f 3643//3643 3636//3636 3698//3698
f 3655//3655 765//765 3652//3652
f 3661//3661 3652//3652 763//763
f 769//769 767//767 3655//3655
f 3661//3661 3655//3655 3652//3652
f 3628//3628 3701//3701 3627//3627
f 3637//3637 3701//3701 3700//3700
f 3653//3653 3649//3649 3657//3657
f 3656//3656 3628//3628 3654//3654
f 3641//3641 3700//3700 3626//3626
f 812//812 3657//3657 814//814
f 810//810 808//808 3657//3657
f 808//808 806//806 3657//3657
f 3657//3657 806//806 3658//3658
f 3658//3658 3659//3659 3657//3657
f 3658//3658 800//800 795//795
f 3658//3658 795//795 3659//3659
f 800//800 798//798 795//795
f 795//795 793//793 3625//3625
f 3659//3659 795//795 3660//3660
f 3657//3657 3659//3659 763//763
f 793//793 791//791 3625//3625
f 795//795 3625//3625 3660//3660
f 789//789 787//787 3625//3625
f 3659//3659 3660//3660 763//763
f 785//785 783//783 3625//3625
f 3625//3625 783//783 3660//3660
f 781//781 779//779 3660//3660
f 779//779 777//777 3660//3660
f 3660//3660 777//777 3661//3661
f 3660//3660 3661//3661 763//763
f 773//773 771//771 3661//3661
f 3661//3661 771//771 3655//3655
f 832//832 3653//3653 3632//3632
f 401//401 399//399 3678//3678
f 393//393 395//395 3680//3680
f 385//385 383//383 381//381
f 381//381 1066//1066 3696//3696
f 3696//3696 1066//1066 377//377
f 376//376 379//379 3677//3677
f 368//368 374//374 3695//3695
f 363//363 365//365 3694//3694
f 487//487 489//489 3675//3675
f 480//480 482//482 3675//3675
f 473//473 475//475 3674//3674
f 472//472 470//470 3691//3691
f 509//509 511//511 3673//3673
f 505//505 507//507 58//58
f 498//498 502//502 3672//3672
f 86//86 89//89 3690//3690
f 244//244 246//246 73//73
f 240//240 242//242 3669//3669
f 237//237 235//235 3669//3669
f 229//229 231//231 3669//3669
f 221//221 226//226 3663//3663
f 215//215 218//218 3663//3663
f 211//211 213//213 57//57
f 207//207 209//209 57//57
f 197//197 195//195 3686//3686
f 428//428 430//430 3686//3686
f 427//427 425//425 3685//3685
f 415//415 416//416 3668//3668
f 413//413 409//409 3667//3667
f 461//461 463//463 3666//3666
f 454//454 458//458 3683//3683
f 448//448 451//451 3665//3665
f 256//256 255//255 3681//3681
f 27//27 3260//3260 3678//3678
f 3676//3676 377//377 3677//3677
f 3678//3678 3680//3680 27//27
f 3664//3664 3260//3260 27//27
f 27//27 1101//1101 3664//3664
f 3681//3681 255//255 3664//3664
f 3664//3664 255//255 248//248
f 3665//3665 451//451 3681//3681
f 3681//3681 451//451 446//446
f 3664//3664 1101//1101 3681//3681
f 3681//3681 3684//3684 3665//3665
f 3682//3682 453//453 3665//3665
f 3682//3682 3665//3665 3684//3684
f 3684//3684 3681//3681 1101//1101
f 3682//3682 3683//3683 66//66
f 66//66 3683//3683 458//458
f 3683//3683 3682//3682 3684//3684
f 3666//3666 463//463 3683//3683
f 3683//3683 463//463 455//455
f 3683//3683 3684//3684 3666//3666
f 3667//3667 409//409 3666//3666
f 3666//3666 409//409 407//407
f 3684//3684 1103//1103 3667//3667
f 3684//3684 3667//3667 3666//3666
f 3668//3668 416//416 3667//3667
f 3667//3667 416//416 411//411
f 3668//3668 3667//3667 1103//1103
f 3685//3685 420//420 3668//3668
f 3668//3668 1103//1103 3687//3687
f 3668//3668 3687//3687 3685//3685
f 421//421 3685//3685 425//425
f 3687//3687 427//427 3685//3685
f 3686//3686 430//430 3687//3687
f 3687//3687 430//430 422//422
f 3687//3687 1103//1103 3686//3686
f 3686//3686 195//195 193//193
f 3688//3688 197//197 3686//3686
f 3686//3686 1103//1103 57//57
f 3686//3686 57//57 3688//3688
f 57//57 209//209 3688//3688
f 3688//3688 209//209 204//204
f 3688//3688 204//204 205//205
f 213//213 207//207 57//57
f 75//75 211//211 57//57
f 75//75 3663//3663 76//76
f 76//76 3663//3663 218//218
f 3669//3669 3663//3663 75//75
f 3669//3669 75//75 57//57
f 3669//3669 3689//3689 3663//3663
f 216//216 3663//3663 226//226
f 3689//3689 221//221 3663//3663
f 3669//3669 231//231 3689//3689
f 3689//3689 231//231 222//222
f 3689//3689 222//222 224//224
f 3670//3670 229//229 3669//3669
f 3669//3669 235//235 3670//3670
f 3670//3670 235//235 233//233
f 3670//3670 233//233 238//238
f 242//242 237//237 3669//3669
f 73//73 240//240 3669//3669
f 74//74 73//73 246//246
f 244//244 73//73 3669//3669
f 3671//3671 245//245 244//244
f 3671//3671 3690//3690 91//91
f 91//91 3690//3690 89//89
f 3672//3672 502//502 3690//3690
f 3690//3690 502//502 62//62
f 3690//3690 58//58 3672//3672
f 58//58 507//507 3672//3672
f 3672//3672 507//507 500//500
f 3673//3673 511//511 58//58
f 58//58 511//511 60//60
f 58//58 3691//3691 3673//3673
f 3691//3691 515//515 3673//3673
f 3691//3691 58//58 1102//1102
f 466//466 3691//3691 470//470
f 3674//3674 472//472 3691//3691
f 1102//1102 3674//3674 3691//3691
f 3674//3674 475//475 468//468
f 3692//3692 473//473 3674//3674
f 30//30 3675//3675 1102//1102
f 1102//1102 3675//3675 3674//3674
f 3674//3674 3675//3675 3692//3692
f 3675//3675 482//482 3692//3692
f 3692//3692 482//482 478//478
f 3675//3675 489//489 485//485
f 3693//3693 487//487 3675//3675
f 3693//3693 3675//3675 3694//3694
f 3694//3694 3675//3675 30//30
f 3694//3694 492//492 3693//3693
f 358//358 3694//3694 365//365
f 3695//3695 363//363 3694//3694
f 3695//3695 3694//3694 30//30
f 367//367 3695//3695 374//374
f 3676//3676 368//368 3695//3695
f 3695//3695 30//30 377//377
f 3695//3695 377//377 3676//3676
f 3676//3676 3677//3677 370//370
f 3677//3677 379//379 372//372
f 3677//3677 372//372 370//370
f 377//377 376//376 3677//3677
f 3696//3696 377//377 30//30
f 381//381 3696//3696 3697//3697
f 381//381 3697//3697 385//385
f 385//385 3697//3697 390//390
f 3696//3696 3680//3680 3697//3697
f 3680//3680 395//395 3697//3697
f 3697//3697 395//395 389//389
f 3697//3697 389//389 387//387
f 3679//3679 393//393 3680//3680
f 3680//3680 3678//3678 3679//3679
f 3678//3678 399//399 3679//3679
f 3679//3679 399//399 397//397
f 3679//3679 397//397 402//402
f 405//405 401//401 3678//3678

