# fatfinger_leftfinger — generated by scripts/gen_system_model.py
# 3990 vertices, 8000 faces, metres, panda_hand frame
o fatfinger_leftfinger
v 0.058800 0.025000 0.003842
v 0.079250 0.025000 0.003842
v 0.058800 0.020000 0.003842
v 0.079250 0.020000 0.003842
v 0.079250 0.026484 0.005326
v 0.058800 0.026484 0.005326
v 0.078339 0.026490 0.009827
v 0.078458 0.026490 0.010038
v 0.066339 0.026490 0.009827
v 0.066458 0.026490 0.010038
v 0.078861 0.026493 0.012389
v 0.078820 0.026493 0.012628
v 0.079250 0.026500 0.017666
v 0.064994 0.026488 0.008490
v 0.065199 0.026488 0.008621
v 0.076994 0.026488 0.008490
v 0.077199 0.026488 0.008621
v 0.074428 0.026487 0.007984
v 0.074669 0.026487 0.007956
v 0.076193 0.026497 0.015555
v 0.075960 0.026497 0.015621
v 0.075723 0.026497 0.015674
v 0.075484 0.026497 0.015711
v 0.060657 0.026488 0.008724
v 0.060855 0.026488 0.008585
v 0.066207 0.026490 0.009623
v 0.078207 0.026490 0.009623
v 0.078732 0.026491 0.010711
v 0.078795 0.026491 0.010945
v 0.078844 0.026492 0.011182
v 0.078877 0.026492 0.011422
v 0.078396 0.026495 0.013759
v 0.078509 0.026495 0.013544
v 0.078608 0.026494 0.013323
v 0.078270 0.026495 0.013966
v 0.078132 0.026495 0.014165
v 0.077982 0.026496 0.014355
v 0.062694 0.026498 0.015729
v 0.058800 0.026500 0.017666
v 0.062453 0.026497 0.015703
v 0.062214 0.026497 0.015661
v 0.064782 0.026488 0.008373
v 0.065394 0.026488 0.008764
v 0.065581 0.026489 0.008918
v 0.065758 0.026489 0.009084
v 0.076782 0.026488 0.008373
v 0.077394 0.026488 0.008764
v 0.077581 0.026489 0.008918
v 0.077758 0.026489 0.009084
v 0.078563 0.026490 0.010257
v 0.078655 0.026491 0.010481
v 0.078763 0.026494 0.012864
v 0.078693 0.026494 0.013096
v 0.077820 0.026496 0.014536
v 0.077647 0.026496 0.014706
v 0.077464 0.026496 0.014865
v 0.077271 0.026497 0.015012
v 0.077070 0.026497 0.015147
v 0.076861 0.026497 0.015269
v 0.061083 0.026497 0.015238
v 0.061298 0.026497 0.015350
v 0.061519 0.026497 0.015449
v 0.060876 0.026497 0.015112
v 0.060677 0.026497 0.014974
v 0.060487 0.026496 0.014823
v 0.059287 0.026494 0.013035
v 0.059220 0.026494 0.012802
v 0.059168 0.026493 0.012565
v 0.059131 0.026493 0.012325
v 0.059128 0.026492 0.011382
v 0.059164 0.026492 0.011143
v 0.059215 0.026491 0.010906
v 0.059280 0.026491 0.010672
v 0.060468 0.026489 0.008876
v 0.065907 0.026489 0.009243
v 0.066063 0.026489 0.009428
v 0.075242 0.026498 0.015734
v 0.074974 0.026498 0.015742
v 0.073978 0.026497 0.015605
v 0.073746 0.026497 0.015534
v 0.073519 0.026497 0.015449
v 0.073298 0.026497 0.015350
v 0.073083 0.026497 0.015238
v 0.072876 0.026497 0.015112
v 0.072677 0.026497 0.014974
v 0.072487 0.026496 0.014823
v 0.072136 0.026496 0.014489
v 0.071977 0.026496 0.014306
v 0.065982 0.026496 0.014355
v 0.063723 0.026497 0.015674
v 0.063484 0.026497 0.015711
v 0.071454 0.026490 0.010220
v 0.071561 0.026490 0.010003
v 0.072468 0.026489 0.008876
v 0.072657 0.026488 0.008724
v 0.074190 0.026487 0.008027
v 0.077907 0.026489 0.009243
v 0.078063 0.026489 0.009428
v 0.076644 0.026497 0.015378
v 0.076421 0.026497 0.015473
v 0.061978 0.026497 0.015605
v 0.061746 0.026497 0.015534
v 0.060306 0.026496 0.014661
v 0.060136 0.026496 0.014489
v 0.059977 0.026496 0.014306
v 0.059830 0.026495 0.014113
v 0.059695 0.026495 0.013912
v 0.059573 0.026495 0.013702
v 0.059108 0.026493 0.012084
v 0.059100 0.026492 0.011842
v 0.059107 0.026492 0.011624
v 0.059561 0.026490 0.010003
v 0.059682 0.026490 0.009793
v 0.059816 0.026490 0.009590
v 0.059962 0.026489 0.009397
v 0.061496 0.026488 0.008244
v 0.061723 0.026488 0.008157
v 0.061954 0.026488 0.008085
v 0.062190 0.026487 0.008027
v 0.062428 0.026487 0.007984
v 0.062669 0.026487 0.007956
v 0.062911 0.026487 0.007943
v 0.063153 0.026487 0.007945
v 0.074694 0.026498 0.015729
v 0.074453 0.026497 0.015703
v 0.074214 0.026497 0.015661
v 0.072306 0.026496 0.014661
v 0.065647 0.026496 0.014706
v 0.065464 0.026496 0.014865
v 0.063242 0.026498 0.015734
v 0.062974 0.026498 0.015742
v 0.066888 0.026493 0.012148
v 0.066861 0.026493 0.012389
v 0.071168 0.026493 0.012565
v 0.066563 0.026490 0.010257
v 0.066655 0.026491 0.010481
v 0.071280 0.026491 0.010672
v 0.066732 0.026491 0.010711
v 0.071215 0.026491 0.010906
v 0.066820 0.026493 0.012628
v 0.066763 0.026494 0.012864
v 0.066693 0.026494 0.013096
v 0.071682 0.026490 0.009793
v 0.071816 0.026490 0.009590
v 0.071962 0.026489 0.009397
v 0.074911 0.026487 0.007943
v 0.075153 0.026487 0.007945
v 0.075395 0.026487 0.007962
v 0.075636 0.026487 0.007994
v 0.075873 0.026487 0.008041
v 0.076108 0.026488 0.008103
v 0.059464 0.026495 0.013486
v 0.059369 0.026494 0.013263
v 0.059360 0.026491 0.010443
v 0.059454 0.026490 0.010220
v 0.061062 0.026488 0.008458
v 0.061276 0.026488 0.008344
v 0.063395 0.026487 0.007962
v 0.063636 0.026487 0.007994
v 0.063873 0.026487 0.008041
v 0.064108 0.026488 0.008103
v 0.064338 0.026488 0.008179
v 0.064563 0.026488 0.008269
v 0.071830 0.026495 0.014113
v 0.071695 0.026495 0.013912
v 0.071573 0.026495 0.013702
v 0.066608 0.026494 0.013323
v 0.066509 0.026495 0.013544
v 0.071220 0.026494 0.012802
v 0.066396 0.026495 0.013759
v 0.066270 0.026495 0.013966
v 0.071369 0.026494 0.013263
v 0.071287 0.026494 0.013035
v 0.063960 0.026497 0.015621
v 0.064193 0.026497 0.015555
v 0.071360 0.026491 0.010443
v 0.072855 0.026488 0.008585
v 0.073062 0.026488 0.008458
v 0.073276 0.026488 0.008344
v 0.073496 0.026488 0.008244
v 0.073723 0.026488 0.008157
v 0.073954 0.026488 0.008085
v 0.076338 0.026488 0.008179
v 0.076563 0.026488 0.008269
v 0.078896 0.026492 0.011664
v 0.078899 0.026493 0.011906
v 0.078888 0.026493 0.012148
v 0.066132 0.026495 0.014165
v 0.071464 0.026495 0.013486
v 0.065820 0.026496 0.014536
v 0.065271 0.026497 0.015012
v 0.065070 0.026497 0.015147
v 0.064861 0.026497 0.015269
v 0.066795 0.026491 0.010945
v 0.071128 0.026492 0.011382
v 0.071164 0.026492 0.011143
v 0.060120 0.026489 0.009213
v 0.060289 0.026489 0.009039
v 0.064644 0.026497 0.015378
v 0.064421 0.026497 0.015473
v 0.072120 0.026489 0.009213
v 0.072289 0.026489 0.009039
v 0.066844 0.026492 0.011182
v 0.066877 0.026492 0.011422
v 0.066896 0.026492 0.011664
v 0.071131 0.026493 0.012325
v 0.071108 0.026493 0.012084
v 0.066899 0.026493 0.011906
v 0.071100 0.026492 0.011842
v 0.071107 0.026492 0.011624
v 0.009280 0.014200 0.053842
v -0.004000 0.014200 0.053842
v -0.004000 0.010650 0.053842
v 0.074500 0.010650 0.053842
v 0.074500 0.014200 0.053842
v 0.062401 0.014200 0.053842
v 0.049121 0.014200 0.053842
v 0.035840 0.014200 0.053842
v 0.022560 0.014200 0.053842
v -0.009081 0.014200 0.035528
v -0.009081 0.015570 0.035528
v -0.009155 0.016400 0.034244
v -0.009156 0.009120 0.034237
v -0.009081 0.008286 0.035528
v -0.009081 0.009800 0.035528
v -0.009066 0.009800 0.035842
v -0.009066 0.010650 0.035842
v -0.009264 0.017298 0.032854
v -0.009264 0.010014 0.032854
v -0.009066 0.014200 0.035845
v -0.009013 0.010650 0.037493
v -0.009013 0.014200 0.037493
v -0.009000 0.010650 0.038842
v -0.009000 0.014200 0.038842
v -0.009000 0.010650 0.048842
v -0.009000 0.014200 0.048842
v 0.000759 0.010900 0.041939
v 0.000777 0.014100 0.041944
v 0.001914 0.010900 0.042531
v 0.001929 0.014100 0.042544
v 0.002710 0.010900 0.043555
v 0.002719 0.014100 0.043574
v -0.002311 0.010900 0.042929
v -0.002298 0.014100 0.042914
v -0.001287 0.010900 0.042132
v -0.001268 0.014100 0.042123
v -0.000261 0.014100 0.041854
v -0.000247 0.010900 0.041852
v 0.000000 0.014100 0.041842
v -0.000422 0.010900 0.041872
v -0.000521 0.014100 0.041888
v -0.000521 0.010900 0.041888
v -0.001026 0.014100 0.042023
v -0.000988 0.010900 0.042009
v -0.000776 0.014100 0.041944
v -0.000781 0.010900 0.041945
v -0.000605 0.010900 0.041904
v -0.001140 0.010900 0.042067
v -0.001500 0.014100 0.042244
v -0.001485 0.010900 0.042235
v -0.001634 0.010900 0.042327
v -0.001721 0.014100 0.042385
v -0.001721 0.010900 0.042385
v -0.002121 0.014100 0.042721
v -0.002121 0.010900 0.042721
v -0.002073 0.010900 0.042673
v -0.001928 0.014100 0.042544
v -0.001931 0.010900 0.042546
v -0.001788 0.010900 0.042433
v -0.002203 0.010900 0.042806
v -0.002457 0.014100 0.043121
v -0.002446 0.010900 0.043105
v -0.002542 0.010900 0.043250
v -0.002598 0.014100 0.043342
v -0.002598 0.010900 0.043342
v -0.002819 0.014100 0.043816
v -0.002819 0.010900 0.043816
v -0.002794 0.010900 0.043749
v -0.002719 0.014100 0.043574
v -0.002719 0.010900 0.043576
v -0.002637 0.010900 0.043411
v -0.002898 0.014100 0.044066
v -0.002856 0.010900 0.043925
v -0.002954 0.014100 0.044321
v -0.002903 0.010900 0.044083
v -0.002994 0.010900 0.044656
v -0.002988 0.010900 0.044581
v -0.002988 0.014100 0.044581
v -0.002977 0.010900 0.044470
v -0.002951 0.010900 0.044300
v -0.003000 0.010900 0.044842
v -0.003000 0.014100 0.044842
v -0.002995 0.010900 0.045011
v -0.002988 0.014100 0.045104
v -0.002988 0.010900 0.045104
v -0.002979 0.010900 0.045197
v -0.002954 0.014100 0.045363
v -0.002898 0.014100 0.045619
v -0.002953 0.010900 0.045373
v -0.002819 0.014100 0.045868
v -0.002861 0.010900 0.045743
v -0.002907 0.010900 0.045585
v -0.002724 0.010900 0.046100
v -0.002719 0.014100 0.046110
v -0.002807 0.010900 0.045901
v -0.002645 0.010900 0.046258
v -0.002598 0.014100 0.046342
v -0.002598 0.010900 0.046342
v -0.002552 0.010900 0.046419
v -0.002457 0.014100 0.046563
v -0.002298 0.014100 0.046770
v -0.002453 0.010900 0.046570
v -0.002121 0.014100 0.046963
v -0.002215 0.010900 0.046865
v -0.002322 0.010900 0.046742
v -0.001938 0.010900 0.047132
v -0.001928 0.014100 0.047140
v -0.002099 0.010900 0.046986
v -0.001802 0.010900 0.047241
v -0.001721 0.014100 0.047300
v -0.001721 0.010900 0.047300
v -0.001649 0.010900 0.047348
v -0.001500 0.014100 0.047440
v -0.001268 0.014100 0.047561
v -0.001495 0.010900 0.047443
v -0.001026 0.014100 0.047661
v -0.001156 0.010900 0.047610
v -0.001304 0.010900 0.047544
v -0.000791 0.010900 0.047736
v -0.000776 0.014100 0.047740
v -0.000998 0.010900 0.047672
v -0.000623 0.010900 0.047777
v -0.000521 0.014100 0.047797
v -0.000521 0.010900 0.047797
v -0.000439 0.010900 0.047810
v -0.000261 0.014100 0.047831
v 0.000000 0.014100 0.047842
v -0.000068 0.010900 0.047841
v -0.000257 0.010900 0.047831
v 0.000262 0.014100 0.047831
v 0.000118 0.010900 0.047840
v 0.000000 0.010900 0.047842
v 0.000504 0.010900 0.047800
v 0.000521 0.014100 0.047797
v 0.000289 0.010900 0.047828
v 0.000672 0.010900 0.047766
v 0.000777 0.014100 0.047740
v 0.000777 0.010900 0.047740
v 0.000853 0.010900 0.047718
v 0.001026 0.014100 0.047661
v 0.001268 0.014100 0.047561
v 0.001203 0.010900 0.047591
v 0.001028 0.010900 0.047661
v 0.001500 0.014100 0.047440
v 0.001371 0.010900 0.047510
v 0.001268 0.010900 0.047561
v 0.001705 0.010900 0.047311
v 0.001721 0.014100 0.047300
v 0.001522 0.010900 0.047428
v 0.001842 0.010900 0.047210
v 0.001929 0.014100 0.047140
v 0.001929 0.010900 0.047140
v 0.001986 0.010900 0.047091
v 0.002121 0.014100 0.046963
v 0.002121 0.010900 0.046963
v 0.002237 0.010900 0.046841
v 0.002298 0.014100 0.046770
v 0.002298 0.010900 0.046770
v 0.002357 0.010900 0.046698
v 0.002458 0.014100 0.046563
v 0.002598 0.014100 0.046342
v 0.002464 0.010900 0.046555
v 0.002719 0.014100 0.046110
v 0.002661 0.010900 0.046229
v 0.002581 0.010900 0.046373
v 0.002816 0.010900 0.045879
v 0.002819 0.014100 0.045868
v 0.002734 0.010900 0.046079
v 0.002872 0.010900 0.045711
v 0.002898 0.014100 0.045619
v 0.002898 0.010900 0.045619
v 0.002920 0.010900 0.045531
v 0.002955 0.014100 0.045363
v 0.002989 0.014100 0.045104
v 0.002956 0.010900 0.045355
v 0.003000 0.010900 0.044811
v 0.003000 0.014100 0.044842
v 0.002997 0.010900 0.044978
v 0.002986 0.010900 0.045141
v 0.002989 0.014100 0.044581
v 0.002990 0.010900 0.044595
v 0.002970 0.010900 0.044420
v 0.002955 0.014100 0.044321
v 0.002955 0.010900 0.044321
v 0.002819 0.014100 0.043816
v 0.002833 0.010900 0.043854
v 0.002898 0.014100 0.044066
v 0.002897 0.010900 0.044061
v 0.002938 0.010900 0.044237
v 0.002775 0.010900 0.043702
v 0.002598 0.014100 0.043342
v 0.002607 0.010900 0.043357
v 0.002516 0.010900 0.043207
v 0.002458 0.014100 0.043121
v 0.002458 0.010900 0.043121
v 0.002121 0.014100 0.042721
v 0.002121 0.010900 0.042721
v 0.002169 0.010900 0.042769
v 0.002298 0.014100 0.042914
v 0.002296 0.010900 0.042911
v 0.002409 0.010900 0.043054
v 0.002036 0.010900 0.042639
v 0.001721 0.014100 0.042385
v 0.001737 0.010900 0.042396
v 0.001592 0.010900 0.042300
v 0.001500 0.014100 0.042244
v 0.001500 0.010900 0.042244
v 0.001026 0.014100 0.042023
v 0.001026 0.010900 0.042023
v 0.001093 0.010900 0.042048
v 0.001268 0.014100 0.042123
v 0.001267 0.010900 0.042123
v 0.001431 0.010900 0.042205
v 0.000917 0.010900 0.041986
v 0.000521 0.014100 0.041888
v 0.000542 0.010900 0.041891
v 0.000372 0.010900 0.041865
v 0.000262 0.014100 0.041854
v 0.000262 0.010900 0.041854
v -0.000022 0.010900 0.041842
v 0.000186 0.010900 0.041848
v -0.004218 0.010650 0.053837
v -0.004436 0.014200 0.053823
v -0.004436 0.010650 0.053823
v -0.004652 0.010650 0.053799
v -0.004868 0.014200 0.053766
v -0.004868 0.010650 0.053766
v -0.005082 0.010650 0.053724
v -0.005294 0.014200 0.053672
v -0.005294 0.010650 0.053672
v -0.005710 0.014200 0.053541
v -0.005710 0.010650 0.053541
v -0.006113 0.014200 0.053374
v -0.006113 0.010650 0.053374
v -0.006500 0.014200 0.053172
v -0.006500 0.010650 0.053172
v -0.006868 0.014200 0.052938
v -0.006868 0.010650 0.052938
v -0.007214 0.014200 0.052672
v -0.007214 0.010650 0.052672
v -0.007535 0.014200 0.052378
v -0.007535 0.010650 0.052378
v -0.007830 0.014200 0.052056
v -0.007830 0.010650 0.052056
v -0.008096 0.014200 0.051710
v -0.008096 0.010650 0.051710
v -0.008330 0.014200 0.051342
v -0.008330 0.010650 0.051342
v -0.008531 0.014200 0.050955
v -0.008531 0.010650 0.050955
v -0.008698 0.014200 0.050552
v -0.008698 0.010650 0.050552
v -0.008829 0.014200 0.050136
v -0.008829 0.010650 0.050136
v -0.008924 0.014200 0.049710
v -0.008924 0.010650 0.049710
v -0.008981 0.014200 0.049278
v -0.008981 0.010650 0.049278
v -0.008766 0.009500 0.035842
v -0.008766 0.008350 0.035842
v -0.009030 0.008198 0.035578
v 0.079500 0.009750 0.035842
v 0.079500 0.009750 0.035592
v 0.079500 0.010650 0.035842
v 0.079500 0.014250 0.035592
v 0.079500 0.010650 0.048842
v 0.079500 0.014250 0.048842
v 0.079500 0.025938 0.019360
v 0.079500 0.018684 0.019243
v 0.079500 0.018713 0.019145
v 0.079500 0.025494 0.020237
v 0.079500 0.025618 0.020034
v 0.079500 0.025791 0.019703
v 0.079500 0.018551 0.019519
v 0.079500 0.018603 0.019430
v 0.079500 0.018647 0.019339
v 0.079500 0.008494 0.035592
v 0.079500 0.008359 0.035358
v 0.079500 0.020104 0.004092
v 0.079500 0.024896 0.004092
v 0.079500 0.018750 0.005464
v 0.079500 0.026234 0.005430
v 0.079500 0.018750 0.018842
v 0.079500 0.026250 0.017667
v 0.079500 0.026244 0.017904
v 0.079500 0.026211 0.018276
v 0.079500 0.018733 0.019045
v 0.079500 0.018746 0.018944
v 0.079500 0.026057 0.019006
v 0.079500 0.026148 0.018644
v 0.079500 0.015750 0.035380
v 0.079500 0.015383 0.035592
v 0.071121 0.010900 0.046963
v 0.071121 0.014250 0.046963
v 0.071169 0.014250 0.046915
v 0.071237 0.010900 0.046841
v 0.071293 0.014250 0.046776
v 0.071298 0.010900 0.046770
v 0.071298 0.014250 0.046770
v 0.071357 0.010900 0.046698
v 0.071409 0.014250 0.046630
v 0.071458 0.010900 0.046563
v 0.071458 0.014250 0.046563
v 0.071468 0.010900 0.046548
v 0.071516 0.014250 0.046477
v 0.071569 0.010900 0.046391
v 0.071598 0.014250 0.046342
v 0.071598 0.010900 0.046342
v 0.071612 0.014250 0.046318
v 0.071661 0.010900 0.046229
v 0.071699 0.014250 0.046152
v 0.071719 0.010900 0.046110
v 0.071719 0.014250 0.046110
v 0.071741 0.010900 0.046061
v 0.071775 0.014250 0.045982
v 0.071812 0.010900 0.045888
v 0.071819 0.014250 0.045868
v 0.071819 0.010900 0.045868
v 0.071841 0.014250 0.045807
v 0.071872 0.010900 0.045711
v 0.071895 0.014250 0.045629
v 0.071898 0.010900 0.045619
v 0.071898 0.014250 0.045619
v 0.071920 0.010900 0.045531
v 0.071938 0.014250 0.045448
v 0.071955 0.010900 0.045363
v 0.071955 0.014250 0.045363
v 0.071957 0.010900 0.045348
v 0.071970 0.014250 0.045264
v 0.071983 0.010900 0.045164
v 0.071989 0.014250 0.045104
v 0.071989 0.010900 0.045104
v 0.071991 0.014250 0.045079
v 0.071997 0.010900 0.044978
v 0.072000 0.014250 0.044892
v 0.072000 0.010900 0.044842
v 0.072000 0.014250 0.044842
v 0.072000 0.010900 0.044792
v 0.071997 0.014250 0.044706
v 0.071991 0.010900 0.044605
v 0.071989 0.014250 0.044581
v 0.071989 0.010900 0.044581
v 0.071983 0.014250 0.044521
v 0.071970 0.010900 0.044420
v 0.071957 0.014250 0.044336
v 0.071955 0.010900 0.044321
v 0.071955 0.014250 0.044321
v 0.071938 0.010900 0.044237
v 0.071920 0.014250 0.044153
v 0.071898 0.010900 0.044066
v 0.071898 0.014250 0.044066
v 0.071895 0.010900 0.044055
v 0.071872 0.014250 0.043973
v 0.071841 0.010900 0.043877
v 0.071819 0.014250 0.043816
v 0.071819 0.010900 0.043816
v 0.071812 0.014250 0.043796
v 0.071775 0.010900 0.043702
v 0.071741 0.014250 0.043623
v 0.071719 0.010900 0.043574
v 0.071719 0.014250 0.043574
v 0.071699 0.010900 0.043532
v 0.071661 0.014250 0.043456
v 0.071612 0.010900 0.043367
v 0.071598 0.014250 0.043342
v 0.071598 0.010900 0.043342
v 0.071569 0.014250 0.043293
v 0.071516 0.010900 0.043207
v 0.071468 0.014250 0.043136
v 0.071458 0.010900 0.043121
v 0.071458 0.014250 0.043121
v 0.071409 0.010900 0.043054
v 0.071357 0.014250 0.042986
v 0.071298 0.010900 0.042914
v 0.071298 0.014250 0.042914
v 0.071293 0.010900 0.042908
v 0.071237 0.014250 0.042843
v 0.071169 0.010900 0.042769
v 0.071121 0.014250 0.042721
v 0.071121 0.010900 0.042721
v 0.071036 0.014250 0.047045
v 0.070986 0.010900 0.047091
v 0.070929 0.014250 0.047140
v 0.070929 0.010900 0.047140
v 0.070895 0.014250 0.047168
v 0.070842 0.010900 0.047210
v 0.070747 0.014250 0.047281
v 0.070721 0.010900 0.047300
v 0.070721 0.014250 0.047300
v 0.070691 0.010900 0.047320
v 0.070592 0.014250 0.047385
v 0.070534 0.010900 0.047420
v 0.070500 0.014250 0.047440
v 0.070500 0.010900 0.047440
v 0.070431 0.014250 0.047479
v 0.070371 0.010900 0.047510
v 0.070268 0.014250 0.047561
v 0.070268 0.010900 0.047561
v 0.070265 0.014250 0.047562
v 0.070203 0.010900 0.047591
v 0.070093 0.014250 0.047636
v 0.070029 0.010900 0.047660
v 0.070026 0.014250 0.047661
v 0.070026 0.010900 0.047661
v 0.069917 0.014250 0.047698
v 0.069853 0.010900 0.047718
v 0.069777 0.014250 0.047740
v 0.069777 0.010900 0.047740
v 0.069738 0.014250 0.047750
v 0.069672 0.010900 0.047766
v 0.069556 0.014250 0.047790
v 0.069521 0.010900 0.047797
v 0.069521 0.014250 0.047797
v 0.069489 0.010900 0.047802
v 0.069372 0.014250 0.047819
v 0.069304 0.010900 0.047827
v 0.069262 0.014250 0.047831
v 0.069262 0.010900 0.047831
v 0.069186 0.014250 0.047836
v 0.069118 0.010900 0.047840
v 0.069000 0.014250 0.047842
v 0.069000 0.010900 0.047842
v 0.068950 0.014250 0.047842
v 0.068932 0.010900 0.047841
v 0.068764 0.014250 0.047833
v 0.068746 0.010900 0.047831
v 0.068739 0.014250 0.047831
v 0.068739 0.010900 0.047831
v 0.068578 0.014250 0.047812
v 0.068561 0.010900 0.047810
v 0.068479 0.014250 0.047797
v 0.068479 0.010900 0.047797
v 0.068395 0.014250 0.047780
v 0.068377 0.010900 0.047777
v 0.068224 0.014250 0.047740
v 0.068224 0.010900 0.047740
v 0.068213 0.014250 0.047737
v 0.068196 0.010900 0.047732
v 0.068035 0.014250 0.047683
v 0.068018 0.010900 0.047677
v 0.067974 0.014250 0.047661
v 0.067974 0.010900 0.047661
v 0.067860 0.014250 0.047617
v 0.067844 0.010900 0.047610
v 0.067732 0.014250 0.047561
v 0.067732 0.010900 0.047561
v 0.067690 0.014250 0.047541
v 0.067674 0.010900 0.047533
v 0.067525 0.014250 0.047454
v 0.067510 0.010900 0.047446
v 0.067500 0.014250 0.047440
v 0.067500 0.010900 0.047440
v 0.067366 0.014250 0.047358
v 0.067351 0.010900 0.047348
v 0.067279 0.014250 0.047300
v 0.067279 0.010900 0.047300
v 0.067212 0.014250 0.047251
v 0.067198 0.010900 0.047241
v 0.067072 0.014250 0.047140
v 0.067072 0.010900 0.047140
v 0.067066 0.014250 0.047135
v 0.067053 0.010900 0.047124
v 0.066927 0.014250 0.047011
v 0.066915 0.010900 0.046999
v 0.066879 0.014250 0.046963
v 0.066879 0.010900 0.046963
v 0.066797 0.014250 0.046878
v 0.066785 0.010900 0.046865
v 0.066702 0.014250 0.046770
v 0.066702 0.010900 0.046770
v 0.066675 0.014250 0.046737
v 0.066664 0.010900 0.046724
v 0.066562 0.014250 0.046589
v 0.066551 0.010900 0.046575
v 0.066543 0.014250 0.046563
v 0.066543 0.010900 0.046563
v 0.066458 0.014250 0.046434
v 0.066448 0.010900 0.046419
v 0.066402 0.014250 0.046342
v 0.066402 0.010900 0.046342
v 0.066363 0.014250 0.046273
v 0.066355 0.010900 0.046258
v 0.066281 0.014250 0.046110
v 0.066281 0.010900 0.046110
v 0.066280 0.014250 0.046107
v 0.066272 0.010900 0.046091
v 0.066206 0.014250 0.045935
v 0.066200 0.010900 0.045919
v 0.066181 0.014250 0.045868
v 0.066181 0.010900 0.045868
v 0.066144 0.014250 0.045759
v 0.066139 0.010900 0.045743
v 0.066102 0.014250 0.045619
v 0.066102 0.010900 0.045619
v 0.066092 0.014250 0.045580
v 0.066088 0.010900 0.045563
v 0.066052 0.014250 0.045398
v 0.066049 0.010900 0.045381
v 0.066046 0.014250 0.045363
v 0.066046 0.010900 0.045363
v 0.066023 0.014250 0.045214
v 0.066021 0.010900 0.045197
v 0.066012 0.014250 0.045104
v 0.066012 0.010900 0.045104
v 0.066006 0.014250 0.045028
v 0.066005 0.010900 0.045011
v 0.066000 0.014250 0.044842
v 0.066000 0.010900 0.044842
v 0.066005 0.014250 0.044673
v 0.066006 0.010900 0.044656
v 0.066012 0.014250 0.044581
v 0.066012 0.010900 0.044581
v 0.066021 0.014250 0.044488
v 0.066023 0.010900 0.044470
v 0.066046 0.014250 0.044321
v 0.066046 0.010900 0.044321
v 0.066049 0.014250 0.044303
v 0.066052 0.010900 0.044286
v 0.066088 0.014250 0.044121
v 0.066092 0.010900 0.044104
v 0.066102 0.014250 0.044066
v 0.066102 0.010900 0.044066
v 0.066139 0.014250 0.043941
v 0.066144 0.010900 0.043925
v 0.066181 0.014250 0.043816
v 0.066181 0.010900 0.043816
v 0.066200 0.014250 0.043766
v 0.066206 0.010900 0.043749
v 0.066272 0.014250 0.043593
v 0.066280 0.010900 0.043577
v 0.066281 0.014250 0.043574
v 0.066281 0.010900 0.043574
v 0.066355 0.014250 0.043426
v 0.066363 0.010900 0.043411
v 0.066402 0.014250 0.043342
v 0.066402 0.010900 0.043342
v 0.066448 0.014250 0.043265
v 0.066458 0.010900 0.043250
v 0.066543 0.014250 0.043121
v 0.066543 0.010900 0.043121
v 0.066551 0.014250 0.043109
v 0.066562 0.010900 0.043095
v 0.066664 0.014250 0.042960
v 0.066675 0.010900 0.042947
v 0.066702 0.014250 0.042914
v 0.066702 0.010900 0.042914
v 0.066785 0.014250 0.042819
v 0.066797 0.010900 0.042806
v 0.066879 0.014250 0.042721
v 0.066879 0.010900 0.042721
v 0.066915 0.014250 0.042686
v 0.066927 0.010900 0.042673
v 0.067053 0.014250 0.042560
v 0.067066 0.010900 0.042549
v 0.067072 0.014250 0.042544
v 0.067072 0.010900 0.042544
v 0.067198 0.014250 0.042444
v 0.067212 0.010900 0.042433
v 0.067279 0.014250 0.042385
v 0.067279 0.010900 0.042385
v 0.067351 0.014250 0.042336
v 0.067366 0.010900 0.042327
v 0.067500 0.014250 0.042244
v 0.067500 0.010900 0.042244
v 0.067510 0.014250 0.042239
v 0.067525 0.010900 0.042230
v 0.067674 0.014250 0.042151
v 0.067690 0.010900 0.042143
v 0.067732 0.014250 0.042123
v 0.067732 0.010900 0.042123
v 0.067844 0.014250 0.042074
v 0.067860 0.010900 0.042067
v 0.067974 0.014250 0.042023
v 0.067974 0.010900 0.042023
v 0.068018 0.014250 0.042007
v 0.068035 0.010900 0.042002
v 0.068196 0.014250 0.041952
v 0.068213 0.010900 0.041947
v 0.068224 0.014250 0.041944
v 0.068224 0.010900 0.041944
v 0.068377 0.014250 0.041907
v 0.068395 0.010900 0.041904
v 0.068479 0.014250 0.041888
v 0.068479 0.010900 0.041888
v 0.068561 0.014250 0.041874
v 0.068578 0.010900 0.041872
v 0.068739 0.014250 0.041854
v 0.068739 0.010900 0.041854
v 0.068746 0.014250 0.041853
v 0.068764 0.010900 0.041851
v 0.068932 0.014250 0.041843
v 0.068950 0.010900 0.041843
v 0.069000 0.014250 0.041842
v 0.069000 0.010900 0.041842
v 0.069118 0.014250 0.041844
v 0.069186 0.010900 0.041848
v 0.069262 0.014250 0.041854
v 0.069262 0.010900 0.041854
v 0.069304 0.014250 0.041858
v 0.069372 0.010900 0.041865
v 0.069489 0.014250 0.041882
v 0.069521 0.010900 0.041888
v 0.069521 0.014250 0.041888
v 0.069556 0.010900 0.041894
v 0.069672 0.014250 0.041918
v 0.069738 0.010900 0.041934
v 0.069777 0.014250 0.041944
v 0.069777 0.010900 0.041944
v 0.069853 0.014250 0.041966
v 0.069917 0.010900 0.041986
v 0.070026 0.014250 0.042023
v 0.070026 0.010900 0.042023
v 0.070029 0.014250 0.042024
v 0.070093 0.010900 0.042048
v 0.070203 0.014250 0.042094
v 0.070265 0.010900 0.042122
v 0.070268 0.014250 0.042123
v 0.070268 0.010900 0.042123
v 0.070371 0.014250 0.042174
v 0.070431 0.010900 0.042205
v 0.070500 0.014250 0.042244
v 0.070500 0.010900 0.042244
v 0.070534 0.014250 0.042264
v 0.070592 0.010900 0.042300
v 0.070691 0.014250 0.042364
v 0.070721 0.010900 0.042385
v 0.070721 0.014250 0.042385
v 0.070747 0.010900 0.042403
v 0.070842 0.014250 0.042474
v 0.070895 0.010900 0.042516
v 0.070929 0.014250 0.042544
v 0.070929 0.010900 0.042544
v 0.070986 0.014250 0.042593
v 0.071036 0.010900 0.042639
v 0.074539 0.010650 0.053842
v 0.074539 0.014200 0.053842
v 0.074755 0.014207 0.053836
v 0.074971 0.010650 0.053820
v 0.074971 0.014222 0.053820
v 0.075205 0.014250 0.053792
v 0.075398 0.010650 0.053761
v 0.075447 0.014250 0.053752
v 0.075820 0.010650 0.053665
v 0.076231 0.010650 0.053533
v 0.076071 0.014250 0.053589
v 0.075795 0.014250 0.053672
v 0.076639 0.014250 0.053362
v 0.076629 0.010650 0.053366
v 0.076363 0.014250 0.053482
v 0.076231 0.014250 0.053533
v 0.076924 0.014250 0.053215
v 0.077011 0.010650 0.053166
v 0.077011 0.014250 0.053166
v 0.077191 0.014250 0.053056
v 0.077375 0.010650 0.052933
v 0.077375 0.014250 0.052933
v 0.077448 0.014250 0.052881
v 0.077717 0.010650 0.052670
v 0.078036 0.014250 0.052378
v 0.078036 0.010650 0.052378
v 0.077926 0.014250 0.052484
v 0.077705 0.014250 0.052680
v 0.078173 0.014250 0.052236
v 0.078328 0.010650 0.052059
v 0.078328 0.014250 0.052059
v 0.078395 0.014250 0.051977
v 0.078591 0.010650 0.051717
v 0.078824 0.010650 0.051353
v 0.078754 0.014250 0.051470
v 0.078587 0.014250 0.051723
v 0.079038 0.014250 0.050943
v 0.079024 0.010650 0.050971
v 0.078909 0.014250 0.051201
v 0.078824 0.014250 0.051353
v 0.079191 0.010650 0.050573
v 0.079177 0.014250 0.050611
v 0.079270 0.014250 0.050342
v 0.079323 0.010650 0.050161
v 0.079323 0.014250 0.050161
v 0.079354 0.014250 0.050043
v 0.079419 0.010650 0.049740
v 0.079419 0.014250 0.049739
v 0.079465 0.014250 0.049432
v 0.079478 0.010650 0.049313
v 0.079478 0.014250 0.049313
v 0.079500 0.010650 0.048881
v 0.079492 0.014250 0.049122
v 0.079250 0.009500 0.035842
v 0.079250 0.008350 0.035842
v 0.072850 0.021500 0.011842
v 0.072850 0.023500 0.011842
v 0.072858 0.021500 0.012029
v 0.072858 0.023500 0.012029
v 0.072883 0.021500 0.012215
v 0.072883 0.023500 0.012215
v 0.072923 0.021500 0.012399
v 0.072923 0.023500 0.012399
v 0.072980 0.021500 0.012577
v 0.072980 0.023500 0.012577
v 0.073052 0.021500 0.012751
v 0.073052 0.023500 0.012751
v 0.073138 0.021500 0.012917
v 0.073138 0.023500 0.012917
v 0.073239 0.021500 0.013075
v 0.073239 0.023500 0.013075
v 0.073353 0.021500 0.013224
v 0.073353 0.023500 0.013224
v 0.073480 0.021500 0.013362
v 0.073480 0.023500 0.013362
v 0.073618 0.021500 0.013489
v 0.073618 0.023500 0.013489
v 0.073767 0.021500 0.013603
v 0.073767 0.023500 0.013603
v 0.073925 0.021500 0.013704
v 0.073925 0.023500 0.013704
v 0.074092 0.021500 0.013791
v 0.074092 0.023500 0.013791
v 0.074265 0.021500 0.013862
v 0.074265 0.023500 0.013862
v 0.074444 0.021500 0.013919
v 0.074444 0.023500 0.013919
v 0.074627 0.021500 0.013959
v 0.074627 0.023500 0.013959
v 0.074813 0.021500 0.013984
v 0.074813 0.023500 0.013984
v 0.075000 0.021500 0.013992
v 0.075000 0.023500 0.013992
v 0.075188 0.021500 0.013984
v 0.075188 0.023500 0.013984
v 0.075374 0.021500 0.013959
v 0.075374 0.023500 0.013959
v 0.075557 0.021500 0.013919
v 0.075557 0.023500 0.013919
v 0.075736 0.021500 0.013862
v 0.075736 0.023500 0.013862
v 0.075909 0.021500 0.013791
v 0.075909 0.023500 0.013791
v 0.076075 0.021500 0.013704
v 0.076075 0.023500 0.013704
v 0.076233 0.021500 0.013603
v 0.076233 0.023500 0.013603
v 0.076382 0.021500 0.013489
v 0.076382 0.023500 0.013489
v 0.076520 0.021500 0.013362
v 0.076520 0.023500 0.013362
v 0.076647 0.021500 0.013224
v 0.076647 0.023500 0.013224
v 0.076761 0.021500 0.013075
v 0.076761 0.023500 0.013075
v 0.076862 0.021500 0.012917
v 0.076862 0.023500 0.012917
v 0.076949 0.021500 0.012751
v 0.076949 0.023500 0.012751
v 0.077021 0.021500 0.012577
v 0.077021 0.023500 0.012577
v 0.077077 0.021500 0.012399
v 0.077077 0.023500 0.012399
v 0.077117 0.021500 0.012215
v 0.077117 0.023500 0.012215
v 0.077142 0.021500 0.012029
v 0.077142 0.023500 0.012029
v 0.077150 0.021500 0.011842
v 0.077150 0.023500 0.011842
v 0.077142 0.021500 0.011655
v 0.077142 0.023500 0.011655
v 0.077117 0.021500 0.011469
v 0.077117 0.023500 0.011469
v 0.077077 0.021500 0.011286
v 0.077077 0.023500 0.011286
v 0.077021 0.021500 0.011107
v 0.077021 0.023500 0.011107
v 0.076949 0.021500 0.010933
v 0.076949 0.023500 0.010933
v 0.076862 0.021500 0.010767
v 0.076862 0.023500 0.010767
v 0.076761 0.021500 0.010609
v 0.076761 0.023500 0.010609
v 0.076647 0.021500 0.010460
v 0.076647 0.023500 0.010460
v 0.076520 0.021500 0.010322
v 0.076520 0.023500 0.010322
v 0.076382 0.021500 0.010195
v 0.076382 0.023500 0.010195
v 0.076233 0.021500 0.010081
v 0.076233 0.023500 0.010081
v 0.076075 0.021500 0.009980
v 0.076075 0.023500 0.009980
v 0.075909 0.021500 0.009894
v 0.075909 0.023500 0.009894
v 0.075736 0.021500 0.009822
v 0.075736 0.023500 0.009822
v 0.075557 0.021500 0.009765
v 0.075557 0.023500 0.009765
v 0.075374 0.021500 0.009725
v 0.075374 0.023500 0.009725
v 0.075188 0.021500 0.009700
v 0.075188 0.023500 0.009700
v 0.075000 0.021500 0.009692
v 0.075000 0.023500 0.009692
v 0.074813 0.021500 0.009700
v 0.074813 0.023500 0.009700
v 0.074627 0.021500 0.009725
v 0.074627 0.023500 0.009725
v 0.074444 0.021500 0.009765
v 0.074444 0.023500 0.009765
v 0.074265 0.021500 0.009822
v 0.074265 0.023500 0.009822
v 0.074092 0.021500 0.009894
v 0.074092 0.023500 0.009894
v 0.073925 0.021500 0.009980
v 0.073925 0.023500 0.009980
v 0.073767 0.021500 0.010081
v 0.073767 0.023500 0.010081
v 0.073618 0.021500 0.010195
v 0.073618 0.023500 0.010195
v 0.073480 0.021500 0.010322
v 0.073480 0.023500 0.010322
v 0.073353 0.021500 0.010460
v 0.073353 0.023500 0.010460
v 0.073239 0.021500 0.010609
v 0.073239 0.023500 0.010609
v 0.073138 0.021500 0.010767
v 0.073138 0.023500 0.010767
v 0.073052 0.021500 0.010933
v 0.073052 0.023500 0.010933
v 0.072980 0.021500 0.011107
v 0.072980 0.023500 0.011107
v 0.072923 0.021500 0.011286
v 0.072923 0.023500 0.011286
v 0.072883 0.021500 0.011469
v 0.072883 0.023500 0.011469
v 0.072858 0.021500 0.011655
v 0.072858 0.023500 0.011655
v 0.060850 0.021500 0.011842
v 0.060850 0.023500 0.011842
v 0.060858 0.021500 0.012029
v 0.060858 0.023500 0.012029
v 0.060883 0.021500 0.012215
v 0.060883 0.023500 0.012215
v 0.060923 0.021500 0.012399
v 0.060923 0.023500 0.012399
v 0.060980 0.021500 0.012577
v 0.060980 0.023500 0.012577
v 0.061052 0.021500 0.012751
v 0.061052 0.023500 0.012751
v 0.061138 0.021500 0.012917
v 0.061138 0.023500 0.012917
v 0.061239 0.021500 0.013075
v 0.061239 0.023500 0.013075
v 0.061353 0.021500 0.013224
v 0.061353 0.023500 0.013224
v 0.061480 0.021500 0.013362
v 0.061480 0.023500 0.013362
v 0.061618 0.021500 0.013489
v 0.061618 0.023500 0.013489
v 0.061767 0.021500 0.013603
v 0.061767 0.023500 0.013603
v 0.061925 0.021500 0.013704
v 0.061925 0.023500 0.013704
v 0.062092 0.021500 0.013791
v 0.062092 0.023500 0.013791
v 0.062265 0.021500 0.013862
v 0.062265 0.023500 0.013862
v 0.062444 0.021500 0.013919
v 0.062444 0.023500 0.013919
v 0.062627 0.021500 0.013959
v 0.062627 0.023500 0.013959
v 0.062813 0.021500 0.013984
v 0.062813 0.023500 0.013984
v 0.063000 0.021500 0.013992
v 0.063000 0.023500 0.013992
v 0.063188 0.021500 0.013984
v 0.063188 0.023500 0.013984
v 0.063373 0.021500 0.013959
v 0.063373 0.023500 0.013959
v 0.063557 0.021500 0.013919
v 0.063557 0.023500 0.013919
v 0.063736 0.021500 0.013862
v 0.063736 0.023500 0.013862
v 0.063909 0.021500 0.013791
v 0.063909 0.023500 0.013791
v 0.064075 0.021500 0.013704
v 0.064075 0.023500 0.013704
v 0.064233 0.021500 0.013603
v 0.064233 0.023500 0.013603
v 0.064382 0.021500 0.013489
v 0.064382 0.023500 0.013489
v 0.064520 0.021500 0.013362
v 0.064520 0.023500 0.013362
v 0.064647 0.021500 0.013224
v 0.064647 0.023500 0.013224
v 0.064761 0.021500 0.013075
v 0.064761 0.023500 0.013075
v 0.064862 0.021500 0.012917
v 0.064862 0.023500 0.012917
v 0.064949 0.021500 0.012751
v 0.064949 0.023500 0.012751
v 0.065020 0.021500 0.012577
v 0.065020 0.023500 0.012577
v 0.065077 0.021500 0.012399
v 0.065077 0.023500 0.012399
v 0.065117 0.021500 0.012215
v 0.065117 0.023500 0.012215
v 0.065142 0.021500 0.012029
v 0.065142 0.023500 0.012029
v 0.065150 0.021500 0.011842
v 0.065150 0.023500 0.011842
v 0.065142 0.021500 0.011655
v 0.065142 0.023500 0.011655
v 0.065117 0.021500 0.011469
v 0.065117 0.023500 0.011469
v 0.065077 0.021500 0.011286
v 0.065077 0.023500 0.011286
v 0.065020 0.021500 0.011107
v 0.065020 0.023500 0.011107
v 0.064949 0.021500 0.010933
v 0.064949 0.023500 0.010933
v 0.064862 0.021500 0.010767
v 0.064862 0.023500 0.010767
v 0.064761 0.021500 0.010609
v 0.064761 0.023500 0.010609
v 0.064647 0.021500 0.010460
v 0.064647 0.023500 0.010460
v 0.064520 0.021500 0.010322
v 0.064520 0.023500 0.010322
v 0.064382 0.021500 0.010195
v 0.064382 0.023500 0.010195
v 0.064233 0.021500 0.010081
v 0.064233 0.023500 0.010081
v 0.064075 0.021500 0.009980
v 0.064075 0.023500 0.009980
v 0.063909 0.021500 0.009894
v 0.063909 0.023500 0.009894
v 0.063736 0.021500 0.009822
v 0.063736 0.023500 0.009822
v 0.063557 0.021500 0.009765
v 0.063557 0.023500 0.009765
v 0.063373 0.021500 0.009725
v 0.063373 0.023500 0.009725
v 0.063188 0.021500 0.009700
v 0.063188 0.023500 0.009700
v 0.063000 0.021500 0.009692
v 0.063000 0.023500 0.009692
v 0.062813 0.021500 0.009700
v 0.062813 0.023500 0.009700
v 0.062627 0.021500 0.009725
v 0.062627 0.023500 0.009725
v 0.062444 0.021500 0.009765
v 0.062444 0.023500 0.009765
v 0.062265 0.021500 0.009822
v 0.062265 0.023500 0.009822
v 0.062092 0.021500 0.009894
v 0.062092 0.023500 0.009894
v 0.061925 0.021500 0.009980
v 0.061925 0.023500 0.009980
v 0.061767 0.021500 0.010081
v 0.061767 0.023500 0.010081
v 0.061618 0.021500 0.010195
v 0.061618 0.023500 0.010195
v 0.061480 0.021500 0.010322
v 0.061480 0.023500 0.010322
v 0.061353 0.021500 0.010460
v 0.061353 0.023500 0.010460
v 0.061239 0.021500 0.010609
v 0.061239 0.023500 0.010609
v 0.061138 0.021500 0.010767
v 0.061138 0.023500 0.010767
v 0.061052 0.021500 0.010933
v 0.061052 0.023500 0.010933
v 0.060980 0.021500 0.011107
v 0.060980 0.023500 0.011107
v 0.060923 0.021500 0.011286
v 0.060923 0.023500 0.011286
v 0.060883 0.021500 0.011469
v 0.060883 0.023500 0.011469
v 0.060858 0.021500 0.011655
v 0.060858 0.023500 0.011655
v 0.004000 0.026247 0.014895
v 0.004000 0.026200 0.014895
v 0.004000 0.026497 0.015190
v 0.004000 0.026488 0.008494
v 0.004000 0.026488 0.008449
v 0.004000 0.026238 0.008789
v 0.004000 0.026200 0.008789
v 0.008150 0.021500 0.011842
v 0.008150 0.023500 0.011842
v 0.008142 0.021500 0.011655
v 0.008142 0.023500 0.011655
v 0.008117 0.021500 0.011469
v 0.008117 0.023500 0.011469
v 0.008077 0.021500 0.011286
v 0.008077 0.023500 0.011286
v 0.008020 0.021500 0.011107
v 0.008020 0.023500 0.011107
v 0.007949 0.021500 0.010933
v 0.007949 0.023500 0.010933
v 0.007862 0.021500 0.010767
v 0.007862 0.023500 0.010767
v 0.007761 0.021500 0.010609
v 0.007761 0.023500 0.010609
v 0.007647 0.021500 0.010460
v 0.007647 0.023500 0.010460
v 0.007520 0.021500 0.010322
v 0.007520 0.023500 0.010322
v 0.007382 0.021500 0.010195
v 0.007382 0.023500 0.010195
v 0.007233 0.021500 0.010081
v 0.007233 0.023500 0.010081
v 0.007075 0.021500 0.009980
v 0.007075 0.023500 0.009980
v 0.006909 0.021500 0.009894
v 0.006909 0.023500 0.009894
v 0.006736 0.021500 0.009822
v 0.006736 0.023500 0.009822
v 0.006557 0.021500 0.009765
v 0.006557 0.023500 0.009765
v 0.006374 0.021500 0.009725
v 0.006374 0.023500 0.009725
v 0.006188 0.021500 0.009700
v 0.006188 0.023500 0.009700
v 0.006000 0.021500 0.009692
v 0.006000 0.023500 0.009692
v 0.005813 0.021500 0.009700
v 0.005813 0.023500 0.009700
v 0.005627 0.021500 0.009725
v 0.005627 0.023500 0.009725
v 0.005444 0.021500 0.009765
v 0.005444 0.023500 0.009765
v 0.005265 0.021500 0.009822
v 0.005265 0.023500 0.009822
v 0.005092 0.021500 0.009894
v 0.005092 0.023500 0.009894
v 0.004925 0.021500 0.009980
v 0.004925 0.023500 0.009980
v 0.004767 0.021500 0.010081
v 0.004767 0.023500 0.010081
v 0.004618 0.021500 0.010195
v 0.004618 0.023500 0.010195
v 0.004480 0.021500 0.010322
v 0.004480 0.023500 0.010322
v 0.004353 0.021500 0.010460
v 0.004353 0.023500 0.010460
v 0.004239 0.021500 0.010609
v 0.004239 0.023500 0.010609
v 0.004138 0.021500 0.010767
v 0.004138 0.023500 0.010767
v 0.004052 0.021500 0.010933
v 0.004052 0.023500 0.010933
v 0.003980 0.021500 0.011107
v 0.003980 0.023500 0.011107
v 0.003923 0.021500 0.011286
v 0.003923 0.023500 0.011286
v 0.003883 0.021500 0.011469
v 0.003883 0.023500 0.011469
v 0.003858 0.021500 0.011655
v 0.003858 0.023500 0.011655
v 0.003850 0.021500 0.011842
v 0.003850 0.023500 0.011842
v 0.003858 0.021500 0.012029
v 0.003858 0.023500 0.012029
v 0.003883 0.021500 0.012215
v 0.003883 0.023500 0.012215
v 0.003923 0.021500 0.012399
v 0.003923 0.023500 0.012399
v 0.003980 0.021500 0.012577
v 0.003980 0.023500 0.012577
v 0.004052 0.021500 0.012751
v 0.004052 0.023500 0.012751
v 0.004138 0.021500 0.012917
v 0.004138 0.023500 0.012917
v 0.004239 0.021500 0.013075
v 0.004239 0.023500 0.013075
v 0.004353 0.021500 0.013224
v 0.004353 0.023500 0.013224
v 0.004480 0.021500 0.013362
v 0.004480 0.023500 0.013362
v 0.004618 0.021500 0.013489
v 0.004618 0.023500 0.013489
v 0.004767 0.021500 0.013603
v 0.004767 0.023500 0.013603
v 0.004925 0.021500 0.013704
v 0.004925 0.023500 0.013704
v 0.005092 0.021500 0.013791
v 0.005092 0.023500 0.013791
v 0.005265 0.021500 0.013862
v 0.005265 0.023500 0.013862
v 0.005444 0.021500 0.013919
v 0.005444 0.023500 0.013919
v 0.005627 0.021500 0.013959
v 0.005627 0.023500 0.013959
v 0.005813 0.021500 0.013984
v 0.005813 0.023500 0.013984
v 0.006000 0.021500 0.013992
v 0.006000 0.023500 0.013992
v 0.006188 0.021500 0.013984
v 0.006188 0.023500 0.013984
v 0.006374 0.021500 0.013959
v 0.006374 0.023500 0.013959
v 0.006557 0.021500 0.013919
v 0.006557 0.023500 0.013919
v 0.006736 0.021500 0.013862
v 0.006736 0.023500 0.013862
v 0.006909 0.021500 0.013791
v 0.006909 0.023500 0.013791
v 0.007075 0.021500 0.013704
v 0.007075 0.023500 0.013704
v 0.007233 0.021500 0.013603
v 0.007233 0.023500 0.013603
v 0.007382 0.021500 0.013489
v 0.007382 0.023500 0.013489
v 0.007520 0.021500 0.013362
v 0.007520 0.023500 0.013362
v 0.007647 0.021500 0.013224
v 0.007647 0.023500 0.013224
v 0.007761 0.021500 0.013075
v 0.007761 0.023500 0.013075
v 0.007862 0.021500 0.012917
v 0.007862 0.023500 0.012917
v 0.007949 0.021500 0.012751
v 0.007949 0.023500 0.012751
v 0.008020 0.021500 0.012577
v 0.008020 0.023500 0.012577
v 0.008077 0.021500 0.012399
v 0.008077 0.023500 0.012399
v 0.008117 0.021500 0.012215
v 0.008117 0.023500 0.012215
v 0.008142 0.021500 0.012029
v 0.008142 0.023500 0.012029
v 0.004000 0.018750 0.008789
v 0.004000 0.018800 0.008789
v 0.004000 0.018500 0.008494
v 0.004000 0.018500 0.008436
v 0.004000 0.018500 0.015190
v 0.004000 0.018500 0.015248
v 0.004000 0.018750 0.014895
v 0.004000 0.018800 0.014895
v 0.006000 0.023500 0.015492
v 0.006318 0.023500 0.015478
v 0.006634 0.023500 0.015437
v 0.006945 0.023500 0.015368
v 0.007249 0.023500 0.015272
v 0.007543 0.023500 0.015150
v 0.007825 0.023500 0.015003
v 0.008094 0.023500 0.014832
v 0.008346 0.023500 0.014638
v 0.008581 0.023500 0.014423
v 0.008796 0.023500 0.014188
v 0.008990 0.023500 0.013936
v 0.009161 0.023500 0.013667
v 0.009308 0.023500 0.013385
v 0.009430 0.023500 0.013090
v 0.009526 0.023500 0.012787
v 0.009595 0.023500 0.012476
v 0.009636 0.023500 0.012160
v 0.009650 0.023500 0.011842
v 0.009636 0.023500 0.011524
v 0.009595 0.023500 0.011208
v 0.009526 0.023500 0.010897
v 0.009430 0.023500 0.010594
v 0.009308 0.023500 0.010300
v 0.009161 0.023500 0.010017
v 0.008990 0.023500 0.009749
v 0.008796 0.023500 0.009496
v 0.008581 0.023500 0.009261
v 0.008346 0.023500 0.009046
v 0.008094 0.023500 0.008852
v 0.007825 0.023500 0.008681
v 0.007543 0.023500 0.008534
v 0.007249 0.023500 0.008412
v 0.006945 0.023500 0.008316
v 0.006634 0.023500 0.008248
v 0.006318 0.023500 0.008206
v 0.006000 0.023500 0.008192
v 0.005682 0.023500 0.008206
v 0.005366 0.023500 0.008248
v 0.005055 0.023500 0.008316
v 0.004752 0.023500 0.008412
v 0.004458 0.023500 0.008534
v 0.004175 0.023500 0.008681
v 0.003907 0.023500 0.008852
v 0.003654 0.023500 0.009046
v 0.003419 0.023500 0.009261
v 0.003204 0.023500 0.009496
v 0.003010 0.023500 0.009749
v 0.002839 0.023500 0.010017
v 0.002692 0.023500 0.010300
v 0.002570 0.023500 0.010594
v 0.002475 0.023500 0.010897
v 0.002406 0.023500 0.011208
v 0.002364 0.023500 0.011524
v 0.002350 0.023500 0.011842
v 0.002364 0.023500 0.012160
v 0.002406 0.023500 0.012476
v 0.002475 0.023500 0.012787
v 0.002570 0.023500 0.013090
v 0.002692 0.023500 0.013385
v 0.002839 0.023500 0.013667
v 0.003010 0.023500 0.013936
v 0.003204 0.023500 0.014188
v 0.003419 0.023500 0.014423
v 0.003654 0.023500 0.014638
v 0.003907 0.023500 0.014832
v 0.004175 0.023500 0.015003
v 0.004458 0.023500 0.015150
v 0.004752 0.023500 0.015272
v 0.005055 0.023500 0.015368
v 0.005366 0.023500 0.015437
v 0.005682 0.023500 0.015478
v 0.009532 0.026241 0.010918
v 0.008812 0.026239 0.009514
v 0.007594 0.026238 0.008558
v 0.007543 0.026238 0.008534
v 0.004143 0.026247 0.014985
v 0.003907 0.026200 0.014832
v 0.003654 0.026200 0.014638
v 0.003419 0.026200 0.014423
v 0.003204 0.026200 0.014188
v 0.003010 0.026200 0.013936
v 0.002839 0.026200 0.013667
v 0.002692 0.026200 0.013385
v 0.002570 0.026200 0.013090
v 0.002475 0.026200 0.012787
v 0.002406 0.026200 0.012476
v 0.002364 0.026200 0.012160
v 0.002350 0.026200 0.011842
v 0.002364 0.026200 0.011524
v 0.002406 0.026200 0.011208
v 0.002475 0.026200 0.010897
v 0.002570 0.026200 0.010594
v 0.002692 0.026200 0.010300
v 0.002839 0.026200 0.010017
v 0.003010 0.026200 0.009749
v 0.003204 0.026200 0.009496
v 0.003419 0.026200 0.009261
v 0.003654 0.026200 0.009046
v 0.003907 0.026200 0.008852
v 0.004147 0.026238 0.008697
v 0.004318 0.026238 0.008603
v 0.004458 0.026238 0.008534
v 0.004522 0.026238 0.008505
v 0.004948 0.026238 0.008347
v 0.004740 0.026238 0.008416
v 0.005167 0.026237 0.008289
v 0.005055 0.026238 0.008316
v 0.005364 0.026237 0.008248
v 0.005583 0.026237 0.008216
v 0.005682 0.026237 0.008206
v 0.006016 0.026237 0.008192
v 0.005809 0.026237 0.008197
v 0.006712 0.026237 0.008262
v 0.006634 0.026237 0.008248
v 0.006488 0.026237 0.008225
v 0.006284 0.026237 0.008203
v 0.007249 0.026238 0.008412
v 0.007150 0.026238 0.008378
v 0.006941 0.026237 0.008315
v 0.007379 0.026238 0.008462
v 0.007807 0.026238 0.008670
v 0.007989 0.026238 0.008781
v 0.008094 0.026238 0.008852
v 0.008581 0.026239 0.009261
v 0.008522 0.026239 0.009203
v 0.008349 0.026239 0.009048
v 0.008175 0.026238 0.008911
v 0.008681 0.026239 0.009365
v 0.008977 0.026239 0.009729
v 0.009094 0.026240 0.009905
v 0.009161 0.026240 0.010017
v 0.009430 0.026241 0.010594
v 0.009399 0.026241 0.010512
v 0.009309 0.026240 0.010301
v 0.009208 0.026240 0.010101
v 0.009475 0.026241 0.010726
v 0.009590 0.026242 0.011182
v 0.009622 0.026242 0.011389
v 0.009636 0.026242 0.011524
v 0.009645 0.026243 0.012045
v 0.009650 0.026242 0.011842
v 0.009643 0.026242 0.011615
v 0.009593 0.026243 0.012487
v 0.009625 0.026243 0.012271
v 0.009636 0.026243 0.012160
v 0.009544 0.026244 0.012717
v 0.009526 0.026244 0.012787
v 0.009483 0.026244 0.012936
v 0.009416 0.026244 0.013129
v 0.009219 0.026245 0.013562
v 0.009315 0.026245 0.013371
v 0.008985 0.026245 0.013943
v 0.009106 0.026245 0.013759
v 0.009161 0.026245 0.013667
v 0.008845 0.026246 0.014129
v 0.008796 0.026246 0.014188
v 0.008697 0.026246 0.014302
v 0.008555 0.026246 0.014450
v 0.008194 0.026246 0.014759
v 0.008360 0.026246 0.014627
v 0.007820 0.026247 0.015006
v 0.008009 0.026247 0.014890
v 0.008094 0.026247 0.014832
v 0.007615 0.026247 0.015115
v 0.007543 0.026247 0.015150
v 0.007388 0.026247 0.015218
v 0.006943 0.026247 0.015368
v 0.007158 0.026247 0.015303
v 0.007249 0.026247 0.015272
v 0.006720 0.026247 0.015420
v 0.006634 0.026247 0.015437
v 0.006497 0.026247 0.015458
v 0.006288 0.026247 0.015481
v 0.005817 0.026248 0.015488
v 0.006024 0.026247 0.015492
v 0.005366 0.026247 0.015437
v 0.005591 0.026247 0.015469
v 0.005682 0.026247 0.015478
v 0.005159 0.026247 0.015394
v 0.005055 0.026247 0.015368
v 0.004940 0.026247 0.015335
v 0.004736 0.026247 0.015266
v 0.004310 0.026247 0.015077
v 0.004492 0.026247 0.015167
v 0.006000 0.021500 0.015492
v 0.005682 0.021500 0.015478
v 0.005366 0.021500 0.015437
v 0.005055 0.021500 0.015368
v 0.004752 0.021500 0.015272
v 0.004458 0.021500 0.015150
v 0.004175 0.021500 0.015003
v 0.003907 0.021500 0.014832
v 0.003654 0.021500 0.014638
v 0.003419 0.021500 0.014423
v 0.003204 0.021500 0.014188
v 0.003010 0.021500 0.013936
v 0.002839 0.021500 0.013667
v 0.002692 0.021500 0.013385
v 0.002570 0.021500 0.013090
v 0.002475 0.021500 0.012787
v 0.002406 0.021500 0.012476
v 0.002364 0.021500 0.012160
v 0.002350 0.021500 0.011842
v 0.002364 0.021500 0.011524
v 0.002406 0.021500 0.011208
v 0.002475 0.021500 0.010897
v 0.002570 0.021500 0.010594
v 0.002692 0.021500 0.010300
v 0.002839 0.021500 0.010017
v 0.003010 0.021500 0.009749
v 0.003204 0.021500 0.009496
v 0.003419 0.021500 0.009261
v 0.003654 0.021500 0.009046
v 0.003907 0.021500 0.008852
v 0.004175 0.021500 0.008681
v 0.004458 0.021500 0.008534
v 0.004752 0.021500 0.008412
v 0.005055 0.021500 0.008316
v 0.005366 0.021500 0.008248
v 0.005682 0.021500 0.008206
v 0.006000 0.021500 0.008192
v 0.006318 0.021500 0.008206
v 0.006634 0.021500 0.008248
v 0.006945 0.021500 0.008316
v 0.007249 0.021500 0.008412
v 0.007543 0.021500 0.008534
v 0.007825 0.021500 0.008681
v 0.008094 0.021500 0.008852
v 0.008346 0.021500 0.009046
v 0.008581 0.021500 0.009261
v 0.008796 0.021500 0.009496
v 0.008990 0.021500 0.009749
v 0.009161 0.021500 0.010017
v 0.009308 0.021500 0.010300
v 0.009430 0.021500 0.010594
v 0.009526 0.021500 0.010897
v 0.009595 0.021500 0.011208
v 0.009636 0.021500 0.011524
v 0.009650 0.021500 0.011842
v 0.009636 0.021500 0.012160
v 0.009595 0.021500 0.012476
v 0.009526 0.021500 0.012787
v 0.009430 0.021500 0.013090
v 0.009308 0.021500 0.013385
v 0.009161 0.021500 0.013667
v 0.008990 0.021500 0.013936
v 0.008796 0.021500 0.014188
v 0.008581 0.021500 0.014423
v 0.008346 0.021500 0.014638
v 0.008094 0.021500 0.014832
v 0.007825 0.021500 0.015003
v 0.007543 0.021500 0.015150
v 0.007249 0.021500 0.015272
v 0.006945 0.021500 0.015368
v 0.006634 0.021500 0.015437
v 0.006318 0.021500 0.015478
v 0.004175 0.018750 0.008681
v 0.003907 0.018800 0.014832
v 0.003654 0.018800 0.014638
v 0.003419 0.018800 0.014423
v 0.003204 0.018800 0.014188
v 0.003010 0.018800 0.013936
v 0.002839 0.018800 0.013667
v 0.002692 0.018800 0.013385
v 0.002570 0.018800 0.013090
v 0.002475 0.018800 0.012787
v 0.002406 0.018800 0.012476
v 0.002364 0.018800 0.012160
v 0.002350 0.018800 0.011842
v 0.002364 0.018800 0.011524
v 0.002406 0.018800 0.011208
v 0.002475 0.018800 0.010897
v 0.002570 0.018800 0.010594
v 0.002692 0.018800 0.010300
v 0.002839 0.018800 0.010017
v 0.003010 0.018800 0.009749
v 0.003204 0.018800 0.009496
v 0.003419 0.018800 0.009261
v 0.003654 0.018800 0.009046
v 0.003907 0.018800 0.008852
v 0.004458 0.018750 0.008534
v 0.004752 0.018750 0.008412
v 0.005055 0.018750 0.008316
v 0.005366 0.018750 0.008248
v 0.005682 0.018750 0.008206
v 0.006000 0.018750 0.008192
v 0.006318 0.018750 0.008206
v 0.006634 0.018750 0.008248
v 0.006945 0.018750 0.008316
v 0.007249 0.018750 0.008412
v 0.007543 0.018750 0.008534
v 0.007825 0.018750 0.008681
v 0.008094 0.018750 0.008852
v 0.008346 0.018750 0.009046
v 0.008581 0.018750 0.009261
v 0.008796 0.018750 0.009496
v 0.008990 0.018750 0.009749
v 0.009161 0.018750 0.010017
v 0.009308 0.018750 0.010300
v 0.009430 0.018750 0.010594
v 0.009526 0.018750 0.010897
v 0.009595 0.018750 0.011208
v 0.009636 0.018750 0.011524
v 0.009650 0.018750 0.011842
v 0.009636 0.018750 0.012160
v 0.009595 0.018750 0.012476
v 0.009526 0.018750 0.012787
v 0.009430 0.018750 0.013090
v 0.009308 0.018750 0.013385
v 0.009161 0.018750 0.013667
v 0.008990 0.018750 0.013936
v 0.008796 0.018750 0.014188
v 0.008581 0.018750 0.014423
v 0.008346 0.018750 0.014638
v 0.008094 0.018750 0.014832
v 0.007825 0.018750 0.015003
v 0.007543 0.018750 0.015150
v 0.007249 0.018750 0.015272
v 0.006945 0.018750 0.015368
v 0.006634 0.018750 0.015437
v 0.006318 0.018750 0.015478
v 0.006000 0.018750 0.015492
v 0.005682 0.018750 0.015478
v 0.005366 0.018750 0.015437
v 0.005055 0.018750 0.015368
v 0.004752 0.018750 0.015272
v 0.004458 0.018750 0.015150
v 0.004175 0.018750 0.015003
v 0.003735 0.018500 0.015078
v 0.003461 0.018500 0.014868
v 0.003207 0.018500 0.014635
v 0.002974 0.018500 0.014381
v 0.002765 0.018500 0.014108
v 0.002579 0.018500 0.013817
v 0.002420 0.018500 0.013511
v 0.002288 0.018500 0.013193
v 0.002185 0.018500 0.012864
v 0.002110 0.018500 0.012528
v 0.002065 0.018500 0.012186
v 0.002050 0.018500 0.011842
v 0.002065 0.018500 0.011498
v 0.002110 0.018500 0.011156
v 0.002185 0.018500 0.010820
v 0.002288 0.018500 0.010491
v 0.002420 0.018500 0.010173
v 0.002579 0.018500 0.009867
v 0.002765 0.018500 0.009576
v 0.002974 0.018500 0.009303
v 0.003207 0.018500 0.009049
v 0.003461 0.018500 0.008816
v 0.003735 0.018500 0.008606
v 0.003735 0.026500 0.008606
v 0.004025 0.026500 0.008421
v 0.004025 0.026500 0.015263
v 0.004331 0.026500 0.015422
v 0.004178 0.026497 0.015343
v 0.004649 0.026500 0.015554
v 0.004490 0.026497 0.015489
v 0.004332 0.026497 0.015419
v 0.004978 0.026500 0.015658
v 0.004813 0.026497 0.015607
v 0.004650 0.026497 0.015551
v 0.005314 0.026500 0.015732
v 0.005146 0.026497 0.015696
v 0.004979 0.026497 0.015655
v 0.005656 0.026500 0.015777
v 0.005485 0.026498 0.015756
v 0.005315 0.026498 0.015730
v 0.006000 0.026500 0.015792
v 0.005828 0.026498 0.015786
v 0.005656 0.026498 0.015775
v 0.006344 0.026500 0.015777
v 0.006172 0.026498 0.015786
v 0.006000 0.026498 0.015790
v 0.006686 0.026500 0.015732
v 0.006515 0.026498 0.015756
v 0.006344 0.026498 0.015775
v 0.007022 0.026500 0.015658
v 0.006855 0.026497 0.015696
v 0.006686 0.026498 0.015730
v 0.007351 0.026500 0.015554
v 0.007187 0.026497 0.015607
v 0.007022 0.026497 0.015655
v 0.007670 0.026500 0.015422
v 0.007511 0.026497 0.015489
v 0.007350 0.026497 0.015551
v 0.007975 0.026500 0.015263
v 0.007823 0.026497 0.015343
v 0.007668 0.026497 0.015419
v 0.008266 0.026500 0.015078
v 0.008121 0.026497 0.015171
v 0.007974 0.026497 0.015260
v 0.008539 0.026500 0.014868
v 0.008403 0.026497 0.014973
v 0.008264 0.026497 0.015075
v 0.008793 0.026500 0.014635
v 0.008666 0.026496 0.014752
v 0.008537 0.026496 0.014865
v 0.009026 0.026500 0.014381
v 0.008909 0.026496 0.014508
v 0.008790 0.026496 0.014632
v 0.009236 0.026500 0.014108
v 0.009130 0.026496 0.014244
v 0.009023 0.026496 0.014378
v 0.009421 0.026500 0.013817
v 0.009327 0.026495 0.013962
v 0.009232 0.026495 0.014105
v 0.009580 0.026500 0.013511
v 0.009499 0.026495 0.013664
v 0.009417 0.026495 0.013815
v 0.009712 0.026500 0.013193
v 0.009644 0.026494 0.013352
v 0.009575 0.026495 0.013509
v 0.009816 0.026500 0.012864
v 0.009762 0.026494 0.013028
v 0.009706 0.026494 0.013191
v 0.009890 0.026500 0.012528
v 0.009850 0.026494 0.012696
v 0.009810 0.026494 0.012863
v 0.009935 0.026500 0.012186
v 0.009910 0.026493 0.012357
v 0.009884 0.026493 0.012527
v 0.004336 0.026488 0.008273
v 0.004331 0.026500 0.008262
v 0.004653 0.026488 0.008142
v 0.004649 0.026500 0.008130
v 0.004981 0.026487 0.008039
v 0.004978 0.026500 0.008027
v 0.005316 0.026487 0.007965
v 0.005314 0.026500 0.007952
v 0.005657 0.026487 0.007920
v 0.005656 0.026500 0.007907
v 0.006000 0.026487 0.007905
v 0.006000 0.026500 0.007892
v 0.006343 0.026487 0.007920
v 0.006344 0.026500 0.007907
v 0.006684 0.026487 0.007965
v 0.006686 0.026500 0.007952
v 0.007019 0.026487 0.008039
v 0.007022 0.026500 0.008027
v 0.007347 0.026488 0.008142
v 0.007351 0.026500 0.008130
v 0.007664 0.026488 0.008273
v 0.007670 0.026500 0.008262
v 0.007969 0.026488 0.008432
v 0.007975 0.026500 0.008421
v 0.008259 0.026488 0.008616
v 0.008266 0.026500 0.008606
v 0.008532 0.026489 0.008825
v 0.008539 0.026500 0.008816
v 0.008785 0.026489 0.009057
v 0.008793 0.026500 0.009049
v 0.009018 0.026489 0.009310
v 0.009026 0.026500 0.009303
v 0.009227 0.026489 0.009583
v 0.009236 0.026500 0.009576
v 0.009412 0.026490 0.009872
v 0.009421 0.026500 0.009867
v 0.009571 0.026490 0.010177
v 0.009580 0.026500 0.010173
v 0.009703 0.026491 0.010494
v 0.009712 0.026500 0.010491
v 0.009807 0.026491 0.010822
v 0.009816 0.026500 0.010820
v 0.009882 0.026492 0.011158
v 0.009890 0.026500 0.011156
v 0.009927 0.026492 0.011499
v 0.009935 0.026500 0.011498
v 0.009943 0.026492 0.011842
v 0.009950 0.026500 0.011842
v 0.009939 0.026493 0.012014
v 0.009928 0.026493 0.012186
v 0.004000 0.026497 0.015245
v 0.003735 0.026500 0.015078
v 0.003461 0.026500 0.014868
v 0.003207 0.026500 0.014635
v 0.002974 0.026500 0.014381
v 0.002765 0.026500 0.014108
v 0.002579 0.026500 0.013817
v 0.002420 0.026500 0.013511
v 0.002288 0.026500 0.013193
v 0.002185 0.026500 0.012864
v 0.002110 0.026500 0.012528
v 0.002065 0.026500 0.012186
v 0.002050 0.026500 0.011842
v 0.002065 0.026500 0.011498
v 0.002110 0.026500 0.011156
v 0.002185 0.026500 0.010820
v 0.002288 0.026500 0.010491
v 0.002420 0.026500 0.010173
v 0.002579 0.026500 0.009867
v 0.002765 0.026500 0.009576
v 0.002974 0.026500 0.009303
v 0.003207 0.026500 0.009049
v 0.003461 0.026500 0.008816
v 0.035242 0.008350 0.035842
v 0.010200 0.020000 0.003842
v -0.010200 0.020000 0.003842
v 0.010200 0.025000 0.003842
v -0.010200 0.025000 0.003842
v -0.003850 0.021500 0.011842
v -0.003850 0.023500 0.011842
v -0.003858 0.021500 0.011655
v -0.003858 0.023500 0.011655
v -0.003883 0.021500 0.011469
v -0.003883 0.023500 0.011469
v -0.003923 0.021500 0.011286
v -0.003923 0.023500 0.011286
v -0.003980 0.021500 0.011107
v -0.003980 0.023500 0.011107
v -0.004051 0.021500 0.010933
v -0.004051 0.023500 0.010933
v -0.004138 0.021500 0.010767
v -0.004138 0.023500 0.010767
v -0.004239 0.021500 0.010609
v -0.004239 0.023500 0.010609
v -0.004353 0.021500 0.010460
v -0.004353 0.023500 0.010460
v -0.004480 0.021500 0.010322
v -0.004480 0.023500 0.010322
v -0.004618 0.021500 0.010195
v -0.004618 0.023500 0.010195
v -0.004767 0.021500 0.010081
v -0.004767 0.023500 0.010081
v -0.004925 0.021500 0.009980
v -0.004925 0.023500 0.009980
v -0.005091 0.021500 0.009894
v -0.005091 0.023500 0.009894
v -0.005264 0.021500 0.009822
v -0.005264 0.023500 0.009822
v -0.005443 0.021500 0.009765
v -0.005443 0.023500 0.009765
v -0.005626 0.021500 0.009725
v -0.005626 0.023500 0.009725
v -0.005812 0.021500 0.009700
v -0.005812 0.023500 0.009700
v -0.006000 0.021500 0.009692
v -0.006000 0.023500 0.009692
v -0.006187 0.021500 0.009700
v -0.006187 0.023500 0.009700
v -0.006373 0.021500 0.009725
v -0.006373 0.023500 0.009725
v -0.006556 0.021500 0.009765
v -0.006556 0.023500 0.009765
v -0.006735 0.021500 0.009822
v -0.006735 0.023500 0.009822
v -0.006908 0.021500 0.009894
v -0.006908 0.023500 0.009894
v -0.007075 0.021500 0.009980
v -0.007075 0.023500 0.009980
v -0.007233 0.021500 0.010081
v -0.007233 0.023500 0.010081
v -0.007382 0.021500 0.010195
v -0.007382 0.023500 0.010195
v -0.007520 0.021500 0.010322
v -0.007520 0.023500 0.010322
v -0.007647 0.021500 0.010460
v -0.007647 0.023500 0.010460
v -0.007761 0.021500 0.010609
v -0.007761 0.023500 0.010609
v -0.007862 0.021500 0.010767
v -0.007862 0.023500 0.010767
v -0.007948 0.021500 0.010933
v -0.007948 0.023500 0.010933
v -0.008020 0.021500 0.011107
v -0.008020 0.023500 0.011107
v -0.008077 0.021500 0.011286
v -0.008077 0.023500 0.011286
v -0.008117 0.021500 0.011469
v -0.008117 0.023500 0.011469
v -0.008142 0.021500 0.011655
v -0.008142 0.023500 0.011655
v -0.008150 0.021500 0.011842
v -0.008150 0.023500 0.011842
v -0.008142 0.021500 0.012029
v -0.008142 0.023500 0.012029
v -0.008117 0.021500 0.012215
v -0.008117 0.023500 0.012215
v -0.008077 0.021500 0.012399
v -0.008077 0.023500 0.012399
v -0.008020 0.021500 0.012577
v -0.008020 0.023500 0.012577
v -0.007948 0.021500 0.012751
v -0.007948 0.023500 0.012751
v -0.007862 0.021500 0.012917
v -0.007862 0.023500 0.012917
v -0.007761 0.021500 0.013075
v -0.007761 0.023500 0.013075
v -0.007647 0.021500 0.013224
v -0.007647 0.023500 0.013224
v -0.007520 0.021500 0.013362
v -0.007520 0.023500 0.013362
v -0.007382 0.021500 0.013489
v -0.007382 0.023500 0.013489
v -0.007233 0.021500 0.013603
v -0.007233 0.023500 0.013603
v -0.007075 0.021500 0.013704
v -0.007075 0.023500 0.013704
v -0.006908 0.021500 0.013791
v -0.006908 0.023500 0.013791
v -0.006735 0.021500 0.013862
v -0.006735 0.023500 0.013862
v -0.006556 0.021500 0.013919
v -0.006556 0.023500 0.013919
v -0.006373 0.021500 0.013959
v -0.006373 0.023500 0.013959
v -0.006187 0.021500 0.013984
v -0.006187 0.023500 0.013984
v -0.006000 0.021500 0.013992
v -0.006000 0.023500 0.013992
v -0.005812 0.021500 0.013984
v -0.005812 0.023500 0.013984
v -0.005626 0.021500 0.013959
v -0.005626 0.023500 0.013959
v -0.005443 0.021500 0.013919
v -0.005443 0.023500 0.013919
v -0.005264 0.021500 0.013862
v -0.005264 0.023500 0.013862
v -0.005091 0.021500 0.013791
v -0.005091 0.023500 0.013791
v -0.004925 0.021500 0.013704
v -0.004925 0.023500 0.013704
v -0.004767 0.021500 0.013603
v -0.004767 0.023500 0.013603
v -0.004618 0.021500 0.013489
v -0.004618 0.023500 0.013489
v -0.004480 0.021500 0.013362
v -0.004480 0.023500 0.013362
v -0.004353 0.021500 0.013224
v -0.004353 0.023500 0.013224
v -0.004239 0.021500 0.013075
v -0.004239 0.023500 0.013075
v -0.004138 0.021500 0.012917
v -0.004138 0.023500 0.012917
v -0.004051 0.021500 0.012751
v -0.004051 0.023500 0.012751
v -0.003980 0.021500 0.012577
v -0.003980 0.023500 0.012577
v -0.003923 0.021500 0.012399
v -0.003923 0.023500 0.012399
v -0.003883 0.021500 0.012215
v -0.003883 0.023500 0.012215
v -0.003858 0.021500 0.012029
v -0.003858 0.023500 0.012029
v -0.007975 0.026500 0.015263
v -0.008265 0.026500 0.015078
v -0.010184 0.026500 0.017666
v -0.010184 0.026500 0.005342
v -0.009890 0.026500 0.011156
v -0.009815 0.026500 0.010820
v -0.009712 0.026500 0.010491
v -0.009580 0.026500 0.010173
v -0.009421 0.026500 0.009867
v -0.008539 0.026500 0.014868
v -0.008793 0.026500 0.014635
v -0.009026 0.026500 0.014381
v -0.003734 0.026500 0.008606
v -0.009235 0.026500 0.014108
v -0.009421 0.026500 0.013817
v -0.009580 0.026500 0.013511
v -0.009712 0.026500 0.013193
v -0.009815 0.026500 0.012864
v -0.009890 0.026500 0.012528
v -0.009235 0.026500 0.009576
v -0.009026 0.026500 0.009303
v -0.008793 0.026500 0.009049
v -0.008539 0.026500 0.008816
v -0.008265 0.026500 0.008606
v -0.007975 0.026500 0.008421
v 0.010185 0.026500 0.005342
v -0.002974 0.026500 0.009303
v -0.002764 0.026500 0.009576
v -0.009935 0.026500 0.012186
v -0.009950 0.026500 0.011842
v -0.009935 0.026500 0.011498
v -0.007669 0.026500 0.008262
v -0.007351 0.026500 0.008130
v -0.007022 0.026500 0.008027
v -0.006686 0.026500 0.007952
v -0.006344 0.026500 0.007907
v -0.006000 0.026500 0.007892
v -0.004649 0.026500 0.008130
v -0.003207 0.026500 0.009049
v -0.003461 0.026500 0.014868
v -0.005656 0.026500 0.007907
v -0.005314 0.026500 0.007952
v -0.004978 0.026500 0.008027
v -0.004025 0.026500 0.008421
v -0.003734 0.026500 0.015078
v -0.004025 0.026500 0.015263
v -0.004331 0.026500 0.015422
v -0.005314 0.026500 0.015732
v -0.005656 0.026500 0.015777
v -0.006000 0.026500 0.015792
v -0.003461 0.026500 0.008816
v -0.002579 0.026500 0.009867
v -0.002420 0.026500 0.010173
v -0.002288 0.026500 0.010491
v -0.002579 0.026500 0.013817
v -0.002764 0.026500 0.014108
v -0.004649 0.026500 0.015554
v -0.004978 0.026500 0.015658
v -0.004331 0.026500 0.008262
v 0.010185 0.026500 0.017666
v -0.006344 0.026500 0.015777
v -0.006686 0.026500 0.015732
v -0.007022 0.026500 0.015658
v -0.007351 0.026500 0.015554
v -0.007669 0.026500 0.015422
v -0.002184 0.026500 0.010820
v -0.002110 0.026500 0.011156
v -0.002065 0.026500 0.011498
v -0.002288 0.026500 0.013193
v -0.002420 0.026500 0.013511
v -0.002974 0.026500 0.014381
v -0.003207 0.026500 0.014635
v -0.002050 0.026500 0.011842
v -0.002065 0.026500 0.012186
v -0.002184 0.026500 0.012864
v -0.002110 0.026500 0.012528
v 0.079250 0.025835 0.020158
v 0.079250 0.026017 0.019810
v -0.010110 0.026017 0.019810
v -0.010064 0.025705 0.020372
v 0.079250 0.025705 0.020372
v -0.010083 0.025847 0.020137
v -0.010103 0.025976 0.019894
v -0.010167 0.026297 0.019076
v -0.010162 0.026274 0.019154
v 0.079250 0.026297 0.019076
v -0.010145 0.026194 0.019389
v 0.079250 0.026172 0.019449
v -0.010140 0.026172 0.019449
v -0.010124 0.026092 0.019644
v -0.010174 0.026341 0.018916
v 0.079250 0.026393 0.018695
v -0.010182 0.026397 0.018675
v 0.079250 0.026494 0.017916
v 0.058800 0.026497 0.017842
v 0.010200 0.026500 0.017666
v 0.010200 0.026497 0.017842
v -0.010184 0.026494 0.017916
v -0.010184 0.026441 0.018430
v 0.079250 0.026459 0.018308
v -0.010184 0.026459 0.018308
v -0.008841 0.016677 0.034401
v -0.008772 0.015927 0.035567
v 0.079250 0.015927 0.035567
v -0.008949 0.017576 0.033005
v 0.008766 0.014500 0.035842
v 0.079250 0.014500 0.035842
v 0.079250 0.015450 0.035842
v -0.008766 0.014500 0.035842
v -0.008766 0.015450 0.035842
v -0.000296 0.014500 0.048229
v -0.000590 0.014500 0.048190
v -0.004000 0.014500 0.053542
v -0.000880 0.014500 0.048126
v -0.002185 0.014500 0.042238
v -0.001950 0.014500 0.042057
v -0.001700 0.014500 0.041898
v -0.001437 0.014500 0.041761
v 0.000591 0.014500 0.041494
v 0.000880 0.014500 0.041558
v -0.008700 0.014500 0.048842
v -0.003284 0.014500 0.045722
v -0.003348 0.014500 0.045433
v -0.008682 0.014500 0.049252
v -0.002944 0.014500 0.046542
v -0.003081 0.014500 0.046279
v -0.003195 0.014500 0.046005
v -0.003348 0.014500 0.044252
v -0.003284 0.014500 0.043962
v -0.008700 0.014500 0.038842
v -0.003195 0.014500 0.043679
v -0.003081 0.014500 0.043405
v -0.002944 0.014500 0.043142
v -0.002785 0.014500 0.042892
v -0.008713 0.014500 0.037487
v -0.002604 0.014500 0.042657
v -0.002404 0.014500 0.042438
v -0.001163 0.014500 0.041647
v -0.000880 0.014500 0.041558
v -0.000590 0.014500 0.041494
v 0.001700 0.014500 0.041898
v 0.001950 0.014500 0.042057
v 0.001437 0.014500 0.047924
v 0.001163 0.014500 0.048037
v 0.004000 0.014500 0.053542
v 0.000296 0.014500 0.048229
v 0.000000 0.014500 0.048242
v -0.003387 0.014500 0.045138
v -0.003400 0.014500 0.044842
v -0.003387 0.014500 0.044546
v 0.001163 0.014500 0.041647
v 0.001437 0.014500 0.041761
v 0.002186 0.014500 0.042238
v 0.002404 0.014500 0.042438
v 0.008717 0.014500 0.037333
v 0.002605 0.014500 0.042657
v 0.008700 0.014500 0.038842
v 0.002785 0.014500 0.042892
v 0.002945 0.014500 0.043142
v 0.004937 0.014500 0.053447
v 0.001700 0.014500 0.047787
v 0.005493 0.014500 0.053299
v 0.001950 0.014500 0.047627
v 0.000880 0.014500 0.048126
v 0.000591 0.014500 0.048190
v -0.000296 0.014500 0.041455
v 0.000000 0.014500 0.041442
v 0.000296 0.014500 0.041455
v 0.008304 0.014500 0.050744
v 0.002785 0.014500 0.046792
v 0.008127 0.014500 0.051091
v 0.002605 0.014500 0.047028
v 0.007326 0.014500 0.052184
v 0.002404 0.014500 0.047246
v -0.001163 0.014500 0.048037
v -0.001437 0.014500 0.047924
v -0.004409 0.014500 0.053524
v -0.001700 0.014500 0.047787
v -0.005986 0.014500 0.053102
v -0.005607 0.014500 0.053259
v -0.001950 0.014500 0.047627
v -0.005216 0.014500 0.053382
v -0.004816 0.014500 0.053471
v -0.006350 0.014500 0.052912
v -0.002185 0.014500 0.047447
v -0.006696 0.014500 0.052692
v -0.007021 0.014500 0.052443
v -0.002404 0.014500 0.047246
v -0.007323 0.014500 0.052166
v -0.007600 0.014500 0.051863
v -0.002604 0.014500 0.047028
v -0.007850 0.014500 0.051538
v -0.008070 0.014500 0.051192
v -0.002785 0.014500 0.046792
v -0.008259 0.014500 0.050828
v -0.008628 0.014500 0.049658
v -0.008540 0.014500 0.050059
v -0.008416 0.014500 0.050450
v 0.003082 0.014500 0.043405
v 0.003195 0.014500 0.043679
v 0.003284 0.014500 0.043962
v 0.005858 0.014500 0.053159
v 0.006210 0.014500 0.052990
v 0.002186 0.014500 0.047447
v 0.006547 0.014500 0.052792
v 0.006867 0.014500 0.052567
v 0.004346 0.014500 0.053529
v 0.003349 0.014500 0.044252
v 0.003387 0.014500 0.044546
v 0.008700 0.014500 0.048842
v 0.003400 0.014500 0.044842
v 0.003387 0.014500 0.045138
v 0.003349 0.014500 0.045433
v 0.003284 0.014500 0.045722
v 0.003195 0.014500 0.046005
v 0.003082 0.014500 0.046279
v 0.008684 0.014500 0.049233
v 0.002945 0.014500 0.046542
v 0.008583 0.014500 0.050011
v -0.010151 0.018341 0.019383
v 0.079250 0.018341 0.019383
v -0.008978 0.009784 0.032681
v 0.079250 0.008066 0.035351
v -0.008870 0.008891 0.034070
v -0.008795 0.008066 0.035351
v -0.010203 0.018500 0.018842
v 0.079250 0.018500 0.018842
v -0.010201 0.018500 0.018866
v 0.079250 0.018497 0.018924
v 0.079250 0.018492 0.018970
v -0.010196 0.018495 0.018943
v -0.010200 0.018499 0.018892
v -0.010164 0.018403 0.019271
v -0.010168 0.018419 0.019236
v 0.079250 0.018434 0.019199
v -0.010172 0.018434 0.019199
v 0.079250 0.018447 0.019163
v -0.010174 0.018440 0.019184
v 0.079250 0.018459 0.019124
v -0.010180 0.018459 0.019124
v 0.079250 0.018470 0.019085
v -0.010182 0.018465 0.019105
v 0.079250 0.018479 0.019048
v -0.010187 0.018479 0.019048
v 0.079250 0.018487 0.019005
v -0.010189 0.018483 0.019025
v -0.010194 0.018492 0.018970
v 0.079250 0.018418 0.019239
v 0.079250 0.018403 0.019271
v -0.010162 0.018396 0.019286
v -0.010157 0.018370 0.019336
v 0.079250 0.018382 0.019313
v 0.007950 0.018500 0.015220
v 0.008237 0.018500 0.015037
v 0.010200 0.018500 0.017842
v 0.007648 0.018500 0.015377
v 0.008758 0.018500 0.009084
v 0.008507 0.018500 0.008855
v 0.010200 0.018500 0.005342
v 0.006340 0.018500 0.007957
v 0.006000 0.018500 0.007942
v 0.004352 0.018500 0.015377
v 0.004050 0.018500 0.015220
v 0.005660 0.018500 0.015727
v 0.006000 0.018500 0.015742
v 0.006340 0.018500 0.015727
v 0.006677 0.018500 0.015683
v 0.007648 0.018500 0.008308
v 0.007334 0.018500 0.008177
v 0.005660 0.018500 0.007957
v 0.005323 0.018500 0.008001
v 0.004991 0.018500 0.008075
v 0.004666 0.018500 0.008177
v 0.004352 0.018500 0.008308
v 0.004050 0.018500 0.008465
v 0.072763 0.018500 0.015037
v 0.073050 0.018500 0.015220
v 0.058800 0.018500 0.017842
v 0.007010 0.018500 0.015609
v 0.007334 0.018500 0.015507
v 0.009841 0.018500 0.011165
v 0.009767 0.018500 0.010833
v -0.006000 0.018500 0.007892
v -0.006344 0.018500 0.007907
v -0.010200 0.018500 0.005342
v 0.078378 0.018500 0.009892
v 0.078195 0.018500 0.009605
v 0.079250 0.018500 0.005361
v 0.078535 0.018500 0.013490
v 0.078378 0.018500 0.013792
v 0.078195 0.018500 0.014079
v 0.004666 0.018500 0.015507
v 0.004991 0.018500 0.015609
v 0.005323 0.018500 0.015683
v 0.008507 0.018500 0.014830
v 0.008758 0.018500 0.014600
v 0.008988 0.018500 0.014349
v 0.009535 0.018500 0.013490
v 0.009665 0.018500 0.013176
v 0.009767 0.018500 0.012851
v 0.009841 0.018500 0.012519
v 0.007010 0.018500 0.008075
v 0.006677 0.018500 0.008001
v 0.066841 0.018500 0.012519
v 0.066885 0.018500 0.012182
v 0.072493 0.018500 0.008855
v 0.071805 0.018500 0.014079
v 0.072013 0.018500 0.014349
v 0.077237 0.018500 0.015037
v 0.077507 0.018500 0.014830
v 0.078841 0.018500 0.012519
v 0.078885 0.018500 0.012182
v 0.078900 0.018500 0.011842
v 0.009195 0.018500 0.014079
v 0.009378 0.018500 0.013792
v 0.009885 0.018500 0.012182
v 0.009900 0.018500 0.011842
v 0.009885 0.018500 0.011502
v 0.009665 0.018500 0.010508
v 0.009535 0.018500 0.010194
v 0.009378 0.018500 0.009892
v 0.008237 0.018500 0.008647
v 0.007950 0.018500 0.008465
v -0.008539 0.018500 0.008816
v -0.008793 0.018500 0.009049
v -0.010213 0.018500 0.005361
v -0.009026 0.018500 0.009303
v -0.009235 0.018500 0.009576
v -0.009421 0.018500 0.009867
v -0.009580 0.018500 0.010173
v -0.009026 0.018500 0.014381
v -0.008793 0.018500 0.014635
v -0.010213 0.018500 0.018380
v 0.065988 0.018500 0.014349
v 0.065758 0.018500 0.014600
v 0.072242 0.018500 0.009084
v 0.072013 0.018500 0.009335
v 0.066195 0.018500 0.014079
v 0.066378 0.018500 0.013792
v 0.066535 0.018500 0.013490
v 0.072242 0.018500 0.014600
v 0.072493 0.018500 0.014830
v 0.076950 0.018500 0.015220
v 0.009195 0.018500 0.009605
v 0.008988 0.018500 0.009335
v -0.002110 0.018500 0.011156
v -0.002184 0.018500 0.010820
v -0.006686 0.018500 0.007952
v -0.007022 0.018500 0.008027
v -0.007351 0.018500 0.008130
v -0.009712 0.018500 0.010491
v -0.009815 0.018500 0.010820
v -0.009890 0.018500 0.011156
v 0.072763 0.018500 0.008647
v 0.066900 0.018500 0.011842
v 0.073050 0.018500 0.008465
v 0.066885 0.018500 0.011502
v 0.073352 0.018500 0.008308
v 0.073352 0.018500 0.015377
v 0.073666 0.018500 0.015507
v 0.073991 0.018500 0.015609
v 0.074323 0.018500 0.015683
v 0.074660 0.018500 0.015727
v 0.075000 0.018500 0.015742
v 0.077758 0.018500 0.014600
v 0.077988 0.018500 0.014349
v 0.078665 0.018500 0.013176
v 0.078767 0.018500 0.012851
v -0.002764 0.018500 0.009576
v -0.002974 0.018500 0.009303
v -0.003207 0.018500 0.009049
v -0.003461 0.018500 0.008816
v -0.003734 0.018500 0.008606
v 0.066665 0.018500 0.013176
v 0.066767 0.018500 0.012851
v 0.078885 0.018500 0.011502
v 0.078841 0.018500 0.011165
v 0.078767 0.018500 0.010833
v 0.071805 0.018500 0.009605
v 0.071623 0.018500 0.009892
v 0.065507 0.018500 0.014830
v 0.071466 0.018500 0.010194
v 0.071335 0.018500 0.010508
v 0.071233 0.018500 0.010833
v 0.065237 0.018500 0.015037
v -0.004025 0.018500 0.008421
v -0.004331 0.018500 0.008262
v -0.004649 0.018500 0.008130
v -0.004978 0.018500 0.008027
v -0.005314 0.018500 0.007952
v -0.005656 0.018500 0.007907
v -0.007669 0.018500 0.008262
v -0.007975 0.018500 0.008421
v -0.008265 0.018500 0.008606
v -0.009935 0.018500 0.011498
v -0.009950 0.018500 0.011842
v -0.009935 0.018500 0.012186
v -0.009890 0.018500 0.012528
v 0.078665 0.018500 0.010508
v 0.078535 0.018500 0.010194
v 0.071159 0.018500 0.011165
v 0.071115 0.018500 0.011502
v 0.064950 0.018500 0.015220
v 0.075340 0.018500 0.015727
v 0.075677 0.018500 0.015683
v 0.076010 0.018500 0.015609
v -0.002288 0.018500 0.010491
v -0.002420 0.018500 0.010173
v -0.002579 0.018500 0.009867
v -0.009580 0.018500 0.013511
v -0.009421 0.018500 0.013817
v -0.009235 0.018500 0.014108
v 0.066195 0.018500 0.009605
v 0.065988 0.018500 0.009335
v 0.076334 0.018500 0.015507
v 0.076648 0.018500 0.015377
v -0.009815 0.018500 0.012864
v -0.009712 0.018500 0.013193
v -0.002050 0.018500 0.011842
v -0.002065 0.018500 0.011498
v 0.077988 0.018500 0.009335
v 0.077758 0.018500 0.009084
v 0.077507 0.018500 0.008855
v -0.007669 0.018500 0.015422
v -0.007351 0.018500 0.015554
v -0.007022 0.018500 0.015658
v -0.006000 0.018500 0.015792
v -0.005656 0.018500 0.015777
v -0.002579 0.018500 0.013817
v -0.002764 0.018500 0.014108
v -0.002974 0.018500 0.014381
v 0.077237 0.018500 0.008647
v 0.076950 0.018500 0.008465
v 0.076648 0.018500 0.008308
v 0.076334 0.018500 0.008177
v 0.076010 0.018500 0.008075
v 0.075677 0.018500 0.008001
v 0.075340 0.018500 0.007957
v 0.075000 0.018500 0.007942
v 0.074660 0.018500 0.007957
v 0.066841 0.018500 0.011165
v 0.066767 0.018500 0.010833
v 0.073666 0.018500 0.008177
v 0.071335 0.018500 0.013176
v 0.071466 0.018500 0.013490
v 0.071623 0.018500 0.013792
v -0.006686 0.018500 0.015732
v -0.006344 0.018500 0.015777
v -0.003734 0.018500 0.015078
v -0.004025 0.018500 0.015263
v -0.004331 0.018500 0.015422
v -0.003461 0.018500 0.014868
v -0.003207 0.018500 0.014635
v -0.002420 0.018500 0.013511
v -0.002288 0.018500 0.013193
v -0.002184 0.018500 0.012864
v -0.002065 0.018500 0.012186
v -0.002110 0.018500 0.012528
v 0.074323 0.018500 0.008001
v 0.073991 0.018500 0.008075
v 0.061666 0.018500 0.008177
v 0.061352 0.018500 0.008308
v 0.058800 0.018500 0.005361
v 0.061050 0.018500 0.008465
v 0.059623 0.018500 0.013792
v 0.059805 0.018500 0.014079
v -0.008539 0.018500 0.014868
v -0.008265 0.018500 0.015078
v -0.007975 0.018500 0.015263
v -0.005314 0.018500 0.015732
v -0.004978 0.018500 0.015658
v -0.004649 0.018500 0.015554
v 0.066665 0.018500 0.010508
v 0.066535 0.018500 0.010194
v 0.066378 0.018500 0.009892
v 0.065758 0.018500 0.009084
v 0.065507 0.018500 0.008855
v 0.065237 0.018500 0.008647
v 0.063000 0.018500 0.007942
v 0.062660 0.018500 0.007957
v 0.059233 0.018500 0.010833
v 0.059159 0.018500 0.011165
v 0.059466 0.018500 0.013490
v 0.064950 0.018500 0.008465
v 0.064648 0.018500 0.008308
v 0.064334 0.018500 0.008177
v 0.064010 0.018500 0.008075
v 0.063677 0.018500 0.008001
v 0.063340 0.018500 0.007957
v 0.062323 0.018500 0.008001
v 0.061991 0.018500 0.008075
v 0.060763 0.018500 0.008647
v 0.060493 0.018500 0.008855
v 0.060242 0.018500 0.009084
v 0.060013 0.018500 0.009335
v 0.059805 0.018500 0.009605
v 0.059623 0.018500 0.009892
v 0.059466 0.018500 0.010194
v 0.059335 0.018500 0.010508
v 0.062323 0.018500 0.015683
v 0.062660 0.018500 0.015727
v 0.059115 0.018500 0.011502
v 0.059100 0.018500 0.011842
v 0.059115 0.018500 0.012182
v 0.059159 0.018500 0.012519
v 0.059233 0.018500 0.012851
v 0.059335 0.018500 0.013176
v 0.061352 0.018500 0.015377
v 0.061666 0.018500 0.015507
v 0.061991 0.018500 0.015609
v 0.063000 0.018500 0.015742
v 0.063340 0.018500 0.015727
v 0.063677 0.018500 0.015683
v 0.071100 0.018500 0.011842
v 0.071115 0.018500 0.012182
v 0.064648 0.018500 0.015377
v 0.071159 0.018500 0.012519
v 0.060493 0.018500 0.014830
v 0.060763 0.018500 0.015037
v 0.061050 0.018500 0.015220
v 0.060013 0.018500 0.014349
v 0.060242 0.018500 0.014600
v 0.064010 0.018500 0.015609
v 0.064334 0.018500 0.015507
v 0.071233 0.018500 0.012851
v -0.010500 0.026115 0.018380
v -0.010500 0.026131 0.018265
v -0.010500 0.018773 0.018380
v -0.010500 0.026164 0.017900
v -0.010500 0.026170 0.017666
v -0.010500 0.020124 0.004142
v -0.010500 0.018773 0.005494
v -0.010500 0.024876 0.004142
v -0.010500 0.026170 0.005436
v -0.010477 0.018754 0.019076
v -0.010459 0.025884 0.019303
v -0.010483 0.018768 0.018966
v -0.010477 0.025959 0.019077
v -0.010489 0.018773 0.018855
v -0.010469 0.018732 0.019184
v -0.010461 0.018702 0.019285
v -0.010459 0.018696 0.019303
v -0.010497 0.026074 0.018615
v -0.010489 0.026022 0.018848
v -0.010438 0.025789 0.019541
v -0.010437 0.018570 0.019556
v -0.010378 0.025427 0.020221
v -0.010442 0.018607 0.019495
v -0.010448 0.018640 0.019433
v -0.010453 0.018670 0.019369
v -0.010398 0.025560 0.020001
v -0.010418 0.025681 0.019774
v -0.010200 0.026484 0.005326
v 0.010200 0.026484 0.005326
v -0.006000 0.023500 0.015492
v -0.005682 0.023500 0.015478
v -0.005366 0.023500 0.015437
v -0.005055 0.023500 0.015368
v -0.004751 0.023500 0.015272
v -0.004457 0.023500 0.015150
v -0.004175 0.023500 0.015003
v -0.003906 0.023500 0.014832
v -0.003654 0.023500 0.014638
v -0.003419 0.023500 0.014423
v -0.003204 0.023500 0.014188
v -0.003010 0.023500 0.013936
v -0.002839 0.023500 0.013667
v -0.002692 0.023500 0.013385
v -0.002570 0.023500 0.013090
v -0.002474 0.023500 0.012787
v -0.002405 0.023500 0.012476
v -0.002364 0.023500 0.012160
v -0.002350 0.023500 0.011842
v -0.002364 0.023500 0.011524
v -0.002405 0.023500 0.011208
v -0.002474 0.023500 0.010897
v -0.002570 0.023500 0.010594
v -0.002692 0.023500 0.010300
v -0.002839 0.023500 0.010017
v -0.003010 0.023500 0.009749
v -0.003204 0.023500 0.009496
v -0.003419 0.023500 0.009261
v -0.003654 0.023500 0.009046
v -0.003906 0.023500 0.008852
v -0.004175 0.023500 0.008681
v -0.004457 0.023500 0.008534
v -0.004751 0.023500 0.008412
v -0.005055 0.023500 0.008316
v -0.005366 0.023500 0.008248
v -0.005682 0.023500 0.008206
v -0.006000 0.023500 0.008192
v -0.006318 0.023500 0.008206
v -0.006634 0.023500 0.008248
v -0.006945 0.023500 0.008316
v -0.007248 0.023500 0.008412
v -0.007542 0.023500 0.008534
v -0.007825 0.023500 0.008681
v -0.008093 0.023500 0.008852
v -0.008346 0.023500 0.009046
v -0.008581 0.023500 0.009261
v -0.008796 0.023500 0.009496
v -0.008990 0.023500 0.009749
v -0.009161 0.023500 0.010017
v -0.009308 0.023500 0.010300
v -0.009430 0.023500 0.010594
v -0.009525 0.023500 0.010897
v -0.009594 0.023500 0.011208
v -0.009636 0.023500 0.011524
v -0.009650 0.023500 0.011842
v -0.009636 0.023500 0.012160
v -0.009594 0.023500 0.012476
v -0.009525 0.023500 0.012787
v -0.009430 0.023500 0.013090
v -0.009308 0.023500 0.013385
v -0.009161 0.023500 0.013667
v -0.008990 0.023500 0.013936
v -0.008796 0.023500 0.014188
v -0.008581 0.023500 0.014423
v -0.008346 0.023500 0.014638
v -0.008093 0.023500 0.014832
v -0.007825 0.023500 0.015003
v -0.007542 0.023500 0.015150
v -0.007248 0.023500 0.015272
v -0.006945 0.023500 0.015368
v -0.006634 0.023500 0.015437
v -0.006318 0.023500 0.015478
v -0.006000 0.026200 0.015492
v -0.005682 0.026200 0.015478
v -0.005366 0.026200 0.015437
v -0.005055 0.026200 0.015368
v -0.004751 0.026200 0.015272
v -0.004457 0.026200 0.015150
v -0.004175 0.026200 0.015003
v -0.003906 0.026200 0.014832
v -0.003654 0.026200 0.014638
v -0.003419 0.026200 0.014423
v -0.003204 0.026200 0.014188
v -0.003010 0.026200 0.013936
v -0.002839 0.026200 0.013667
v -0.002692 0.026200 0.013385
v -0.002570 0.026200 0.013090
v -0.002474 0.026200 0.012787
v -0.002405 0.026200 0.012476
v -0.002364 0.026200 0.012160
v -0.002350 0.026200 0.011842
v -0.002364 0.026200 0.011524
v -0.002405 0.026200 0.011208
v -0.002474 0.026200 0.010897
v -0.002570 0.026200 0.010594
v -0.002692 0.026200 0.010300
v -0.002839 0.026200 0.010017
v -0.003010 0.026200 0.009749
v -0.003204 0.026200 0.009496
v -0.003419 0.026200 0.009261
v -0.003654 0.026200 0.009046
v -0.003906 0.026200 0.008852
v -0.004175 0.026200 0.008681
v -0.004457 0.026200 0.008534
v -0.004751 0.026200 0.008412
v -0.005055 0.026200 0.008316
v -0.005366 0.026200 0.008248
v -0.005682 0.026200 0.008206
v -0.006000 0.026200 0.008192
v -0.006318 0.026200 0.008206
v -0.006634 0.026200 0.008248
v -0.006945 0.026200 0.008316
v -0.007248 0.026200 0.008412
v -0.007542 0.026200 0.008534
v -0.007825 0.026200 0.008681
v -0.008093 0.026200 0.008852
v -0.008346 0.026200 0.009046
v -0.008581 0.026200 0.009261
v -0.008796 0.026200 0.009496
v -0.008990 0.026200 0.009749
v -0.009161 0.026200 0.010017
v -0.009308 0.026200 0.010300
v -0.009430 0.026200 0.010594
v -0.009525 0.026200 0.010897
v -0.009594 0.026200 0.011208
v -0.009636 0.026200 0.011524
v -0.009650 0.026200 0.011842
v -0.009636 0.026200 0.012160
v -0.009594 0.026200 0.012476
v -0.009525 0.026200 0.012787
v -0.009430 0.026200 0.013090
v -0.009308 0.026200 0.013385
v -0.009161 0.026200 0.013667
v -0.008990 0.026200 0.013936
v -0.008796 0.026200 0.014188
v -0.008581 0.026200 0.014423
v -0.008346 0.026200 0.014638
v -0.008093 0.026200 0.014832
v -0.007825 0.026200 0.015003
v -0.007542 0.026200 0.015150
v -0.007248 0.026200 0.015272
v -0.006945 0.026200 0.015368
v -0.006634 0.026200 0.015437
v -0.006318 0.026200 0.015478
v -0.009308 0.021500 0.013385
v -0.009430 0.021500 0.013090
v -0.009525 0.021500 0.012787
v -0.009594 0.021500 0.012476
v -0.009636 0.021500 0.012160
v -0.009650 0.021500 0.011842
v -0.009636 0.021500 0.011524
v -0.009594 0.021500 0.011208
v -0.009525 0.021500 0.010897
v -0.009430 0.021500 0.010594
v -0.009308 0.021500 0.010300
v -0.009161 0.021500 0.010017
v -0.008990 0.021500 0.009749
v -0.008796 0.021500 0.009496
v -0.008581 0.021500 0.009261
v -0.008346 0.021500 0.009046
v -0.008093 0.021500 0.008852
v -0.007825 0.021500 0.008681
v -0.007542 0.021500 0.008534
v -0.007248 0.021500 0.008412
v -0.006945 0.021500 0.008316
v -0.006634 0.021500 0.008248
v -0.006318 0.021500 0.008206
v -0.006000 0.021500 0.008192
v -0.005682 0.021500 0.008206
v -0.005366 0.021500 0.008248
v -0.005055 0.021500 0.008316
v -0.004751 0.021500 0.008412
v -0.004457 0.021500 0.008534
v -0.004175 0.021500 0.008681
v -0.003906 0.021500 0.008852
v -0.003654 0.021500 0.009046
v -0.003419 0.021500 0.009261
v -0.003204 0.021500 0.009496
v -0.003010 0.021500 0.009749
v -0.002839 0.021500 0.010017
v -0.002692 0.021500 0.010300
v -0.002570 0.021500 0.010594
v -0.002474 0.021500 0.010897
v -0.002405 0.021500 0.011208
v -0.002364 0.021500 0.011524
v -0.002350 0.021500 0.011842
v -0.002364 0.021500 0.012160
v -0.002405 0.021500 0.012476
v -0.002474 0.021500 0.012787
v -0.002570 0.021500 0.013090
v -0.002692 0.021500 0.013385
v -0.002839 0.021500 0.013667
v -0.003010 0.021500 0.013936
v -0.003204 0.021500 0.014188
v -0.003419 0.021500 0.014423
v -0.003654 0.021500 0.014638
v -0.003906 0.021500 0.014832
v -0.004175 0.021500 0.015003
v -0.004457 0.021500 0.015150
v -0.004751 0.021500 0.015272
v -0.005055 0.021500 0.015368
v -0.005366 0.021500 0.015437
v -0.005682 0.021500 0.015478
v -0.006000 0.021500 0.015492
v -0.006318 0.021500 0.015478
v -0.006634 0.021500 0.015437
v -0.006945 0.021500 0.015368
v -0.007248 0.021500 0.015272
v -0.007542 0.021500 0.015150
v -0.007825 0.021500 0.015003
v -0.008093 0.021500 0.014832
v -0.008346 0.021500 0.014638
v -0.008581 0.021500 0.014423
v -0.008796 0.021500 0.014188
v -0.008990 0.021500 0.013936
v -0.009161 0.021500 0.013667
v -0.006000 0.018800 0.008192
v -0.005682 0.018800 0.008206
v -0.005366 0.018800 0.008248
v -0.005055 0.018800 0.008316
v -0.004751 0.018800 0.008412
v -0.004457 0.018800 0.008534
v -0.004175 0.018800 0.008681
v -0.003906 0.018800 0.008852
v -0.003654 0.018800 0.009046
v -0.003419 0.018800 0.009261
v -0.003204 0.018800 0.009496
v -0.003010 0.018800 0.009749
v -0.002839 0.018800 0.010017
v -0.002692 0.018800 0.010300
v -0.002570 0.018800 0.010594
v -0.002474 0.018800 0.010897
v -0.002405 0.018800 0.011208
v -0.002364 0.018800 0.011524
v -0.002350 0.018800 0.011842
v -0.002364 0.018800 0.012160
v -0.002405 0.018800 0.012476
v -0.002474 0.018800 0.012787
v -0.002570 0.018800 0.013090
v -0.002692 0.018800 0.013385
v -0.002839 0.018800 0.013667
v -0.003010 0.018800 0.013936
v -0.003204 0.018800 0.014188
v -0.003419 0.018800 0.014423
v -0.003654 0.018800 0.014638
v -0.003906 0.018800 0.014832
v -0.004175 0.018800 0.015003
v -0.004457 0.018800 0.015150
v -0.004751 0.018800 0.015272
v -0.005055 0.018800 0.015368
v -0.005366 0.018800 0.015437
v -0.005682 0.018800 0.015478
v -0.006000 0.018800 0.015492
v -0.006318 0.018800 0.015478
v -0.006634 0.018800 0.015437
v -0.006945 0.018800 0.015368
v -0.007248 0.018800 0.015272
v -0.007542 0.018800 0.015150
v -0.007825 0.018800 0.015003
v -0.008093 0.018800 0.014832
v -0.008346 0.018800 0.014638
v -0.008581 0.018800 0.014423
v -0.008796 0.018800 0.014188
v -0.008990 0.018800 0.013936
v -0.009161 0.018800 0.013667
v -0.009308 0.018800 0.013385
v -0.009430 0.018800 0.013090
v -0.009525 0.018800 0.012787
v -0.009594 0.018800 0.012476
v -0.009636 0.018800 0.012160
v -0.009650 0.018800 0.011842
v -0.009636 0.018800 0.011524
v -0.009594 0.018800 0.011208
v -0.009525 0.018800 0.010897
v -0.009430 0.018800 0.010594
v -0.009308 0.018800 0.010300
v -0.009161 0.018800 0.010017
v -0.008990 0.018800 0.009749
v -0.008796 0.018800 0.009496
v -0.008581 0.018800 0.009261
v -0.008346 0.018800 0.009046
v -0.008093 0.018800 0.008852
v -0.007825 0.018800 0.008681
v -0.007542 0.018800 0.008534
v -0.007248 0.018800 0.008412
v -0.006945 0.018800 0.008316
v -0.006634 0.018800 0.008248
v -0.006318 0.018800 0.008206
v 0.075187 0.014500 0.053542
v 0.062401 0.014500 0.053542
v 0.049121 0.014500 0.053542
v 0.035840 0.014500 0.053542
v 0.022560 0.014500 0.053542
v 0.009280 0.014500 0.053542
v -0.008894 0.015671 0.035714
v 0.004413 0.026497 0.015404
v 0.004195 0.026497 0.015299
v 0.004203 0.026488 0.008381
v 0.004421 0.026488 0.008276
v 0.004646 0.026488 0.008185
v 0.004876 0.026488 0.008107
v 0.005110 0.026487 0.008045
v 0.008864 0.026489 0.009195
v 0.009023 0.026489 0.009378
v 0.009641 0.026494 0.013239
v 0.009721 0.026494 0.013010
v 0.009786 0.026494 0.012777
v 0.005314 0.026487 0.008003
v 0.005554 0.026487 0.007967
v 0.005796 0.026487 0.007947
v 0.006038 0.026487 0.007942
v 0.007229 0.026488 0.008140
v 0.009171 0.026489 0.009571
v 0.009305 0.026490 0.009772
v 0.009428 0.026490 0.009981
v 0.009537 0.026490 0.010198
v 0.009632 0.026491 0.010421
v 0.009713 0.026491 0.010649
v 0.009780 0.026491 0.010882
v 0.008713 0.026496 0.014644
v 0.008882 0.026496 0.014470
v 0.009040 0.026496 0.014286
v 0.006280 0.026487 0.007952
v 0.006522 0.026487 0.007977
v 0.006761 0.026487 0.008017
v 0.006997 0.026488 0.008071
v 0.008125 0.026488 0.008571
v 0.008324 0.026488 0.008710
v 0.008514 0.026489 0.008860
v 0.008695 0.026489 0.009022
v 0.009837 0.026493 0.012540
v 0.009873 0.026493 0.012300
v 0.005563 0.026497 0.015717
v 0.005805 0.026498 0.015737
v 0.006047 0.026498 0.015741
v 0.006289 0.026498 0.015731
v 0.007469 0.026488 0.008229
v 0.007703 0.026488 0.008333
v 0.007917 0.026488 0.008446
v 0.009319 0.026495 0.013890
v 0.009440 0.026495 0.013680
v 0.009547 0.026495 0.013463
v 0.009186 0.026495 0.014092
v 0.008146 0.026497 0.015098
v 0.008345 0.026496 0.014959
v 0.008534 0.026496 0.014807
v 0.006769 0.026497 0.015665
v 0.007006 0.026497 0.015610
v 0.007238 0.026497 0.015540
v 0.005101 0.026497 0.015637
v 0.005323 0.026497 0.015683
v 0.004637 0.026497 0.015496
v 0.004867 0.026497 0.015574
v 0.009832 0.026491 0.011118
v 0.009870 0.026492 0.011358
v 0.009893 0.026492 0.011599
v 0.009900 0.026492 0.011842
v 0.009894 0.026493 0.012058
v 0.006531 0.026497 0.015706
v 0.007726 0.026497 0.015339
v 0.007487 0.026497 0.015448
v 0.007940 0.026497 0.015225
v 0.069603 0.014500 0.048036
v 0.069403 0.014500 0.048067
v 0.066053 0.014500 0.046212
v 0.065974 0.014500 0.046026
v 0.069202 0.014500 0.048086
v 0.068978 0.014500 0.048092
v 0.068744 0.014500 0.048082
v 0.065906 0.014500 0.045836
v 0.065850 0.014500 0.045642
v 0.065807 0.014500 0.045445
v 0.072247 0.014500 0.044695
v 0.072250 0.014500 0.044896
v 0.079250 0.014500 0.048842
v 0.070893 0.014500 0.047484
v 0.070725 0.014500 0.047597
v 0.068543 0.014500 0.048060
v 0.068344 0.014500 0.048025
v 0.068148 0.014500 0.047978
v 0.066135 0.014500 0.043308
v 0.066236 0.014500 0.043134
v 0.070303 0.014500 0.041865
v 0.070486 0.014500 0.041951
v 0.070662 0.014500 0.042049
v 0.070832 0.014500 0.042158
v 0.070184 0.014500 0.047869
v 0.069994 0.014500 0.047936
v 0.069800 0.014500 0.047992
v 0.067954 0.014500 0.047919
v 0.067765 0.014500 0.047848
v 0.067581 0.014500 0.047766
v 0.066246 0.014500 0.046567
v 0.066144 0.014500 0.046392
v 0.066347 0.014500 0.042965
v 0.066469 0.014500 0.042804
v 0.066600 0.014500 0.042650
v 0.066741 0.014500 0.042506
v 0.066890 0.014500 0.042370
v 0.067048 0.014500 0.042244
v 0.069728 0.014500 0.041675
v 0.069924 0.014500 0.041726
v 0.070115 0.014500 0.041789
v 0.071674 0.014500 0.042994
v 0.071783 0.014500 0.043164
v 0.072046 0.014500 0.043709
v 0.072111 0.014500 0.043901
v 0.072163 0.014500 0.044095
v 0.072204 0.014500 0.044294
v 0.072231 0.014500 0.044494
v 0.072240 0.014500 0.045098
v 0.072218 0.014500 0.045299
v 0.072183 0.014500 0.045498
v 0.070550 0.014500 0.047699
v 0.070370 0.014500 0.047789
v 0.067402 0.014500 0.047672
v 0.067229 0.014500 0.047567
v 0.067063 0.014500 0.047452
v 0.065900 0.014500 0.043866
v 0.065845 0.014500 0.044061
v 0.065803 0.014500 0.044259
v 0.065967 0.014500 0.043676
v 0.066045 0.014500 0.043489
v 0.067213 0.014500 0.042128
v 0.067385 0.014500 0.042022
v 0.067564 0.014500 0.041927
v 0.068325 0.014500 0.041663
v 0.068524 0.014500 0.041627
v 0.065750 0.014500 0.044842
v 0.065756 0.014500 0.045044
v 0.065775 0.014500 0.045245
v 0.067747 0.014500 0.041843
v 0.067936 0.014500 0.041771
v 0.068129 0.014500 0.041711
v 0.071882 0.014500 0.043340
v 0.071970 0.014500 0.043522
v 0.066613 0.014500 0.047048
v 0.066481 0.014500 0.046895
v 0.066358 0.014500 0.046735
v 0.065755 0.014500 0.044659
v 0.065773 0.014500 0.044458
v 0.070996 0.014500 0.042277
v 0.071151 0.014500 0.042406
v 0.071298 0.014500 0.042544
v 0.072136 0.014500 0.045695
v 0.072077 0.014500 0.045888
v 0.079243 0.014500 0.049108
v 0.072006 0.014500 0.046077
v 0.079217 0.014500 0.049402
v 0.071924 0.014500 0.046262
v 0.079173 0.014500 0.049694
v 0.066905 0.014500 0.047326
v 0.066755 0.014500 0.047192
v 0.069128 0.014500 0.041595
v 0.069330 0.014500 0.041609
v 0.069530 0.014500 0.041636
v 0.071424 0.014500 0.042677
v 0.071554 0.014500 0.042832
v 0.079111 0.014500 0.049983
v 0.071830 0.014500 0.046440
v 0.079031 0.014500 0.050267
v 0.071725 0.014500 0.046613
v 0.078820 0.014500 0.050818
v 0.078934 0.014500 0.050546
v 0.078200 0.014500 0.051820
v 0.078378 0.014500 0.051585
v 0.071610 0.014500 0.046779
v 0.078541 0.014500 0.051339
v 0.078689 0.014500 0.051083
v 0.068725 0.014500 0.041604
v 0.068927 0.014500 0.041593
v 0.075709 0.014500 0.053436
v 0.075992 0.014500 0.053352
v 0.071053 0.014500 0.047361
v 0.076270 0.014500 0.053250
v 0.071206 0.014500 0.047229
v 0.077300 0.014500 0.052679
v 0.077533 0.014500 0.052498
v 0.071350 0.014500 0.047088
v 0.071484 0.014500 0.046938
v 0.076540 0.014500 0.053132
v 0.076803 0.014500 0.052997
v 0.077056 0.014500 0.052846
v 0.075421 0.014500 0.053502
v 0.077754 0.014500 0.052302
v 0.077963 0.014500 0.052093
v 0.078008 0.014500 0.052044
v 0.063945 0.023500 0.015368
v 0.064249 0.023500 0.015272
v 0.064543 0.023500 0.015150
v 0.064825 0.023500 0.015003
v 0.065094 0.023500 0.014832
v 0.065346 0.023500 0.014638
v 0.065581 0.023500 0.014423
v 0.065796 0.023500 0.014188
v 0.065990 0.023500 0.013936
v 0.066161 0.023500 0.013667
v 0.066308 0.023500 0.013385
v 0.066430 0.023500 0.013090
v 0.066526 0.023500 0.012787
v 0.066595 0.023500 0.012476
v 0.066636 0.023500 0.012160
v 0.066650 0.023500 0.011842
v 0.066636 0.023500 0.011524
v 0.066595 0.023500 0.011208
v 0.066526 0.023500 0.010897
v 0.066430 0.023500 0.010594
v 0.066308 0.023500 0.010300
v 0.066161 0.023500 0.010017
v 0.065990 0.023500 0.009749
v 0.065796 0.023500 0.009496
v 0.065581 0.023500 0.009261
v 0.065346 0.023500 0.009046
v 0.065094 0.023500 0.008852
v 0.064825 0.023500 0.008681
v 0.064543 0.023500 0.008534
v 0.064249 0.023500 0.008412
v 0.063945 0.023500 0.008316
v 0.063634 0.023500 0.008248
v 0.063318 0.023500 0.008206
v 0.063000 0.023500 0.008192
v 0.062682 0.023500 0.008206
v 0.062366 0.023500 0.008248
v 0.062055 0.023500 0.008316
v 0.061752 0.023500 0.008412
v 0.061458 0.023500 0.008534
v 0.061175 0.023500 0.008681
v 0.060907 0.023500 0.008852
v 0.060654 0.023500 0.009046
v 0.060419 0.023500 0.009261
v 0.060204 0.023500 0.009496
v 0.060010 0.023500 0.009749
v 0.059839 0.023500 0.010017
v 0.059692 0.023500 0.010300
v 0.059570 0.023500 0.010594
v 0.059475 0.023500 0.010897
v 0.059406 0.023500 0.011208
v 0.059364 0.023500 0.011524
v 0.059350 0.023500 0.011842
v 0.059364 0.023500 0.012160
v 0.059406 0.023500 0.012476
v 0.059475 0.023500 0.012787
v 0.059570 0.023500 0.013090
v 0.059692 0.023500 0.013385
v 0.059839 0.023500 0.013667
v 0.060010 0.023500 0.013936
v 0.060204 0.023500 0.014188
v 0.060419 0.023500 0.014423
v 0.060654 0.023500 0.014638
v 0.060907 0.023500 0.014832
v 0.061175 0.023500 0.015003
v 0.061458 0.023500 0.015150
v 0.061752 0.023500 0.015272
v 0.062055 0.023500 0.015368
v 0.062366 0.023500 0.015437
v 0.062682 0.023500 0.015478
v 0.063000 0.023500 0.015492
v 0.063318 0.023500 0.015478
v 0.063634 0.023500 0.015437
v 0.063342 0.026238 0.008208
v 0.061805 0.026238 0.008393
v 0.061752 0.026238 0.008412
v 0.060462 0.026239 0.009219
v 0.060419 0.026239 0.009261
v 0.059593 0.026241 0.010533
v 0.059570 0.026241 0.010594
v 0.062699 0.026248 0.015480
v 0.062940 0.026248 0.015492
v 0.062488 0.026248 0.015456
v 0.062366 0.026248 0.015437
v 0.062264 0.026248 0.015417
v 0.061826 0.026248 0.015298
v 0.062049 0.026248 0.015366
v 0.061614 0.026248 0.015219
v 0.061752 0.026248 0.015272
v 0.061191 0.026247 0.015013
v 0.061425 0.026248 0.015135
v 0.061012 0.026247 0.014903
v 0.060907 0.026247 0.014832
v 0.060826 0.026247 0.014774
v 0.060479 0.026247 0.014481
v 0.060650 0.026247 0.014635
v 0.060320 0.026247 0.014320
v 0.060419 0.026247 0.014423
v 0.060022 0.026246 0.013953
v 0.060183 0.026246 0.014163
v 0.059907 0.026246 0.013780
v 0.059839 0.026246 0.013667
v 0.059792 0.026246 0.013584
v 0.059601 0.026245 0.013172
v 0.059691 0.026245 0.013383
v 0.059525 0.026245 0.012959
v 0.059570 0.026245 0.013090
v 0.059410 0.026244 0.012500
v 0.059466 0.026244 0.012758
v 0.059378 0.026244 0.012295
v 0.059364 0.026244 0.012160
v 0.059357 0.026243 0.012069
v 0.059350 0.026243 0.011842
v 0.059356 0.026243 0.011638
v 0.059364 0.026243 0.011524
v 0.059475 0.026242 0.010897
v 0.059457 0.026242 0.010966
v 0.059407 0.026242 0.011199
v 0.059376 0.026242 0.011412
v 0.059518 0.026242 0.010747
v 0.059685 0.026241 0.010314
v 0.059782 0.026241 0.010121
v 0.059839 0.026241 0.010017
v 0.060204 0.026240 0.009496
v 0.060157 0.026240 0.009554
v 0.060014 0.026240 0.009743
v 0.059895 0.026240 0.009924
v 0.060304 0.026240 0.009381
v 0.060640 0.026239 0.009058
v 0.060807 0.026239 0.008924
v 0.060907 0.026239 0.008852
v 0.061458 0.026238 0.008534
v 0.061386 0.026239 0.008568
v 0.061180 0.026239 0.008678
v 0.060993 0.026239 0.008794
v 0.061593 0.026238 0.008474
v 0.062035 0.026238 0.008322
v 0.062242 0.026238 0.008272
v 0.062366 0.026238 0.008248
v 0.063000 0.026238 0.008192
v 0.062917 0.026238 0.008193
v 0.062686 0.026238 0.008206
v 0.062465 0.026238 0.008232
v 0.063144 0.026238 0.008195
v 0.063611 0.026238 0.008243
v 0.063818 0.026238 0.008285
v 0.063945 0.026238 0.008316
v 0.064543 0.026238 0.008534
v 0.064463 0.026238 0.008498
v 0.064250 0.026238 0.008413
v 0.064037 0.026238 0.008342
v 0.064825 0.026239 0.008681
v 0.064668 0.026239 0.008595
v 0.065058 0.026239 0.008827
v 0.064866 0.026239 0.008705
v 0.065416 0.026239 0.009106
v 0.065346 0.026239 0.009046
v 0.065241 0.026239 0.008961
v 0.065094 0.026239 0.008852
v 0.065581 0.026239 0.009261
v 0.065721 0.026240 0.009409
v 0.065796 0.026240 0.009496
v 0.066125 0.026240 0.009956
v 0.066002 0.026240 0.009766
v 0.065990 0.026240 0.009749
v 0.065867 0.026240 0.009583
v 0.066335 0.026241 0.010358
v 0.066308 0.026241 0.010300
v 0.066236 0.026241 0.010154
v 0.066161 0.026241 0.010017
v 0.066421 0.026241 0.010568
v 0.066430 0.026241 0.010594
v 0.066493 0.026242 0.010783
v 0.066526 0.026242 0.010897
v 0.066595 0.026242 0.011208
v 0.066552 0.026242 0.011003
v 0.066646 0.026243 0.011676
v 0.066636 0.026243 0.011524
v 0.066629 0.026243 0.011450
v 0.066598 0.026242 0.011225
v 0.066650 0.026243 0.011842
v 0.066650 0.026243 0.011902
v 0.066639 0.026243 0.012129
v 0.066614 0.026244 0.012355
v 0.066636 0.026244 0.012160
v 0.066523 0.026244 0.012799
v 0.066526 0.026244 0.012787
v 0.066575 0.026244 0.012578
v 0.066595 0.026244 0.012476
v 0.066456 0.026245 0.013016
v 0.066430 0.026245 0.013090
v 0.066377 0.026245 0.013228
v 0.066308 0.026245 0.013385
v 0.066284 0.026245 0.013435
v 0.066179 0.026246 0.013636
v 0.066061 0.026246 0.013830
v 0.066161 0.026246 0.013667
v 0.065791 0.026246 0.014195
v 0.065796 0.026246 0.014188
v 0.065932 0.026246 0.014017
v 0.065990 0.026246 0.013936
v 0.065639 0.026247 0.014364
v 0.065581 0.026247 0.014423
v 0.065478 0.026247 0.014523
v 0.065346 0.026247 0.014638
v 0.065306 0.026247 0.014671
v 0.065126 0.026247 0.014809
v 0.064938 0.026247 0.014935
v 0.065094 0.026247 0.014832
v 0.064539 0.026248 0.015152
v 0.064543 0.026248 0.015150
v 0.064742 0.026248 0.015050
v 0.064825 0.026247 0.015003
v 0.064330 0.026248 0.015241
v 0.064249 0.026248 0.015272
v 0.064117 0.026248 0.015317
v 0.063945 0.026248 0.015368
v 0.063899 0.026248 0.015380
v 0.063677 0.026248 0.015429
v 0.063453 0.026248 0.015464
v 0.063634 0.026248 0.015437
v 0.063000 0.026248 0.015492
v 0.063227 0.026248 0.015485
v 0.063318 0.026248 0.015478
v 0.074366 0.023500 0.015437
v 0.074682 0.023500 0.015478
v 0.075000 0.023500 0.015492
v 0.075318 0.023500 0.015478
v 0.075634 0.023500 0.015437
v 0.075945 0.023500 0.015368
v 0.076249 0.023500 0.015272
v 0.076543 0.023500 0.015150
v 0.076825 0.023500 0.015003
v 0.077094 0.023500 0.014832
v 0.077346 0.023500 0.014638
v 0.077581 0.023500 0.014423
v 0.077796 0.023500 0.014188
v 0.077990 0.023500 0.013936
v 0.078161 0.023500 0.013667
v 0.078308 0.023500 0.013385
v 0.078430 0.023500 0.013090
v 0.078526 0.023500 0.012787
v 0.078595 0.023500 0.012476
v 0.078636 0.023500 0.012160
v 0.078650 0.023500 0.011842
v 0.078636 0.023500 0.011524
v 0.078595 0.023500 0.011208
v 0.078526 0.023500 0.010897
v 0.078430 0.023500 0.010594
v 0.078308 0.023500 0.010300
v 0.078161 0.023500 0.010017
v 0.077990 0.023500 0.009749
v 0.077796 0.023500 0.009496
v 0.077581 0.023500 0.009261
v 0.077346 0.023500 0.009046
v 0.077094 0.023500 0.008852
v 0.076825 0.023500 0.008681
v 0.076543 0.023500 0.008534
v 0.076249 0.023500 0.008412
v 0.075945 0.023500 0.008316
v 0.075634 0.023500 0.008248
v 0.075318 0.023500 0.008206
v 0.075000 0.023500 0.008192
v 0.074682 0.023500 0.008206
v 0.074366 0.023500 0.008248
v 0.074055 0.023500 0.008316
v 0.073752 0.023500 0.008412
v 0.073458 0.023500 0.008534
v 0.073175 0.023500 0.008681
v 0.072907 0.023500 0.008852
v 0.072654 0.023500 0.009046
v 0.072419 0.023500 0.009261
v 0.072204 0.023500 0.009496
v 0.072010 0.023500 0.009749
v 0.071839 0.023500 0.010017
v 0.071692 0.023500 0.010300
v 0.071570 0.023500 0.010594
v 0.071475 0.023500 0.010897
v 0.071406 0.023500 0.011208
v 0.071364 0.023500 0.011524
v 0.071350 0.023500 0.011842
v 0.071364 0.023500 0.012160
v 0.071406 0.023500 0.012476
v 0.071475 0.023500 0.012787
v 0.071570 0.023500 0.013090
v 0.071692 0.023500 0.013385
v 0.071839 0.023500 0.013667
v 0.072010 0.023500 0.013936
v 0.072204 0.023500 0.014188
v 0.072419 0.023500 0.014423
v 0.072654 0.023500 0.014638
v 0.072907 0.023500 0.014832
v 0.073175 0.023500 0.015003
v 0.073458 0.023500 0.015150
v 0.073752 0.023500 0.015272
v 0.074055 0.023500 0.015368
v 0.075370 0.026238 0.008211
v 0.075318 0.026238 0.008206
v 0.073805 0.026238 0.008393
v 0.073752 0.026238 0.008412
v 0.072462 0.026239 0.009219
v 0.072419 0.026239 0.009261
v 0.071593 0.026241 0.010533
v 0.071570 0.026241 0.010594
v 0.074682 0.026248 0.015478
v 0.074713 0.026248 0.015481
v 0.074940 0.026248 0.015492
v 0.074488 0.026248 0.015456
v 0.074366 0.026248 0.015437
v 0.074264 0.026248 0.015417
v 0.074055 0.026248 0.015368
v 0.073826 0.026248 0.015298
v 0.074044 0.026248 0.015365
v 0.073614 0.026248 0.015219
v 0.073752 0.026248 0.015272
v 0.073175 0.026247 0.015003
v 0.073206 0.026248 0.015021
v 0.073407 0.026248 0.015126
v 0.073458 0.026248 0.015150
v 0.073012 0.026247 0.014903
v 0.072907 0.026247 0.014832
v 0.072826 0.026247 0.014774
v 0.072654 0.026247 0.014638
v 0.072479 0.026247 0.014481
v 0.072648 0.026247 0.014633
v 0.072320 0.026247 0.014320
v 0.072419 0.026247 0.014423
v 0.072010 0.026246 0.013936
v 0.072033 0.026246 0.013968
v 0.072171 0.026246 0.014148
v 0.072204 0.026246 0.014188
v 0.071907 0.026246 0.013780
v 0.071839 0.026246 0.013667
v 0.071792 0.026246 0.013584
v 0.071692 0.026245 0.013385
v 0.071601 0.026245 0.013172
v 0.071690 0.026245 0.013381
v 0.071525 0.026245 0.012959
v 0.071570 0.026245 0.013090
v 0.071406 0.026244 0.012476
v 0.071413 0.026244 0.012519
v 0.071462 0.026244 0.012741
v 0.071475 0.026244 0.012787
v 0.071378 0.026244 0.012295
v 0.071364 0.026244 0.012160
v 0.071357 0.026243 0.012069
v 0.071350 0.026243 0.011842
v 0.071356 0.026243 0.011638
v 0.071364 0.026243 0.011524
v 0.071475 0.026242 0.010897
v 0.071457 0.026242 0.010966
v 0.071409 0.026242 0.011188
v 0.071406 0.026242 0.011208
v 0.071376 0.026242 0.011412
v 0.071518 0.026242 0.010747
v 0.071681 0.026241 0.010324
v 0.071692 0.026241 0.010300
v 0.071782 0.026241 0.010121
v 0.071839 0.026241 0.010017
v 0.072204 0.026240 0.009496
v 0.072157 0.026240 0.009554
v 0.072020 0.026240 0.009735
v 0.072010 0.026240 0.009749
v 0.071895 0.026240 0.009924
v 0.072304 0.026240 0.009381
v 0.072630 0.026239 0.009066
v 0.072654 0.026239 0.009046
v 0.072807 0.026239 0.008924
v 0.072907 0.026239 0.008852
v 0.073458 0.026238 0.008534
v 0.073386 0.026239 0.008568
v 0.073186 0.026239 0.008675
v 0.073175 0.026239 0.008681
v 0.072993 0.026239 0.008794
v 0.073593 0.026238 0.008474
v 0.074021 0.026238 0.008326
v 0.074055 0.026238 0.008316
v 0.074242 0.026238 0.008272
v 0.074366 0.026238 0.008248
v 0.075000 0.026238 0.008192
v 0.074917 0.026238 0.008193
v 0.074690 0.026238 0.008205
v 0.074682 0.026238 0.008206
v 0.074465 0.026238 0.008232
v 0.075144 0.026238 0.008195
v 0.075595 0.026238 0.008241
v 0.075634 0.026238 0.008248
v 0.075818 0.026238 0.008285
v 0.075945 0.026238 0.008316
v 0.076543 0.026238 0.008534
v 0.076463 0.026238 0.008498
v 0.076252 0.026238 0.008414
v 0.076249 0.026238 0.008412
v 0.076037 0.026238 0.008342
v 0.076825 0.026239 0.008681
v 0.076668 0.026239 0.008595
v 0.077058 0.026239 0.008827
v 0.076866 0.026239 0.008705
v 0.077416 0.026239 0.009106
v 0.077346 0.026239 0.009046
v 0.077241 0.026239 0.008961
v 0.077094 0.026239 0.008852
v 0.077581 0.026239 0.009261
v 0.077721 0.026240 0.009409
v 0.077796 0.026240 0.009496
v 0.078125 0.026240 0.009956
v 0.078002 0.026240 0.009766
v 0.077990 0.026240 0.009749
v 0.077867 0.026240 0.009583
v 0.078335 0.026241 0.010358
v 0.078308 0.026241 0.010300
v 0.078236 0.026241 0.010154
v 0.078161 0.026241 0.010017
v 0.078421 0.026241 0.010568
v 0.078430 0.026241 0.010594
v 0.078493 0.026242 0.010783
v 0.078526 0.026242 0.010897
v 0.078595 0.026242 0.011208
v 0.078552 0.026242 0.011003
v 0.078646 0.026243 0.011676
v 0.078636 0.026243 0.011524
v 0.078629 0.026243 0.011450
v 0.078598 0.026242 0.011225
v 0.078650 0.026243 0.011842
v 0.078650 0.026243 0.011902
v 0.078639 0.026243 0.012129
v 0.078614 0.026244 0.012355
v 0.078636 0.026244 0.012160
v 0.078523 0.026244 0.012799
v 0.078526 0.026244 0.012787
v 0.078575 0.026244 0.012578
v 0.078595 0.026244 0.012476
v 0.078456 0.026245 0.013016
v 0.078430 0.026245 0.013090
v 0.078377 0.026245 0.013228
v 0.078308 0.026245 0.013385
v 0.078284 0.026245 0.013435
v 0.078179 0.026246 0.013636
v 0.078061 0.026246 0.013830
v 0.078161 0.026246 0.013667
v 0.077791 0.026246 0.014195
v 0.077796 0.026246 0.014188
v 0.077932 0.026246 0.014017
v 0.077990 0.026246 0.013936
v 0.077639 0.026247 0.014364
v 0.077581 0.026247 0.014423
v 0.077478 0.026247 0.014523
v 0.077346 0.026247 0.014638
v 0.077306 0.026247 0.014671
v 0.077126 0.026247 0.014809
v 0.076938 0.026247 0.014935
v 0.077094 0.026247 0.014832
v 0.076539 0.026248 0.015152
v 0.076543 0.026248 0.015150
v 0.076742 0.026248 0.015050
v 0.076825 0.026247 0.015003
v 0.076330 0.026248 0.015241
v 0.076249 0.026248 0.015272
v 0.076117 0.026248 0.015317
v 0.075945 0.026248 0.015368
v 0.075898 0.026248 0.015380
v 0.075677 0.026248 0.015429
v 0.075453 0.026248 0.015464
v 0.075634 0.026248 0.015437
v 0.075000 0.026248 0.015492
v 0.075227 0.026248 0.015485
v 0.075318 0.026248 0.015478
v 0.074366 0.021500 0.008248
v 0.074682 0.021500 0.008206
v 0.075000 0.021500 0.008192
v 0.075318 0.021500 0.008206
v 0.075634 0.021500 0.008248
v 0.075945 0.021500 0.008316
v 0.076249 0.021500 0.008412
v 0.076543 0.021500 0.008534
v 0.076825 0.021500 0.008681
v 0.077094 0.021500 0.008852
v 0.077346 0.021500 0.009046
v 0.077581 0.021500 0.009261
v 0.077796 0.021500 0.009496
v 0.077990 0.021500 0.009749
v 0.078161 0.021500 0.010017
v 0.078308 0.021500 0.010300
v 0.078430 0.021500 0.010594
v 0.078526 0.021500 0.010897
v 0.078595 0.021500 0.011208
v 0.078636 0.021500 0.011524
v 0.078650 0.021500 0.011842
v 0.078636 0.021500 0.012160
v 0.078595 0.021500 0.012476
v 0.078526 0.021500 0.012787
v 0.078430 0.021500 0.013090
v 0.078308 0.021500 0.013385
v 0.078161 0.021500 0.013667
v 0.077990 0.021500 0.013936
v 0.077796 0.021500 0.014188
v 0.077581 0.021500 0.014423
v 0.077346 0.021500 0.014638
v 0.077094 0.021500 0.014832
v 0.076825 0.021500 0.015003
v 0.076543 0.021500 0.015150
v 0.076249 0.021500 0.015272
v 0.075945 0.021500 0.015368
v 0.075634 0.021500 0.015437
v 0.075318 0.021500 0.015478
v 0.075000 0.021500 0.015492
v 0.074682 0.021500 0.015478
v 0.074366 0.021500 0.015437
v 0.074055 0.021500 0.015368
v 0.073752 0.021500 0.015272
v 0.073458 0.021500 0.015150
v 0.073175 0.021500 0.015003
v 0.072907 0.021500 0.014832
v 0.072654 0.021500 0.014638
v 0.072419 0.021500 0.014423
v 0.072204 0.021500 0.014188
v 0.072010 0.021500 0.013936
v 0.071839 0.021500 0.013667
v 0.071692 0.021500 0.013385
v 0.071570 0.021500 0.013090
v 0.071475 0.021500 0.012787
v 0.071406 0.021500 0.012476
v 0.071364 0.021500 0.012160
v 0.071350 0.021500 0.011842
v 0.071364 0.021500 0.011524
v 0.071406 0.021500 0.011208
v 0.071475 0.021500 0.010897
v 0.071570 0.021500 0.010594
v 0.071692 0.021500 0.010300
v 0.071839 0.021500 0.010017
v 0.072010 0.021500 0.009749
v 0.072204 0.021500 0.009496
v 0.072419 0.021500 0.009261
v 0.072654 0.021500 0.009046
v 0.072907 0.021500 0.008852
v 0.073175 0.021500 0.008681
v 0.073458 0.021500 0.008534
v 0.073752 0.021500 0.008412
v 0.074055 0.021500 0.008316
v 0.078650 0.018750 0.011842
v 0.078636 0.018750 0.012160
v 0.078595 0.018750 0.012476
v 0.078526 0.018750 0.012787
v 0.078430 0.018750 0.013090
v 0.078308 0.018750 0.013385
v 0.078161 0.018750 0.013667
v 0.077990 0.018750 0.013936
v 0.077796 0.018750 0.014188
v 0.077581 0.018750 0.014423
v 0.077346 0.018750 0.014638
v 0.077094 0.018750 0.014832
v 0.076825 0.018750 0.015003
v 0.076543 0.018750 0.015150
v 0.076249 0.018750 0.015272
v 0.075945 0.018750 0.015368
v 0.075634 0.018750 0.015437
v 0.075318 0.018750 0.015478
v 0.075000 0.018750 0.015492
v 0.074682 0.018750 0.015478
v 0.074366 0.018750 0.015437
v 0.074055 0.018750 0.015368
v 0.073752 0.018750 0.015272
v 0.073458 0.018750 0.015150
v 0.073175 0.018750 0.015003
v 0.072907 0.018750 0.014832
v 0.072654 0.018750 0.014638
v 0.072419 0.018750 0.014423
v 0.072204 0.018750 0.014188
v 0.072010 0.018750 0.013936
v 0.071839 0.018750 0.013667
v 0.071692 0.018750 0.013385
v 0.071570 0.018750 0.013090
v 0.071475 0.018750 0.012787
v 0.071406 0.018750 0.012476
v 0.071364 0.018750 0.012160
v 0.071350 0.018750 0.011842
v 0.071364 0.018750 0.011524
v 0.071406 0.018750 0.011208
v 0.071475 0.018750 0.010897
v 0.071570 0.018750 0.010594
v 0.071692 0.018750 0.010300
v 0.071839 0.018750 0.010017
v 0.072010 0.018750 0.009749
v 0.072204 0.018750 0.009496
v 0.072419 0.018750 0.009261
v 0.072654 0.018750 0.009046
v 0.072907 0.018750 0.008852
v 0.073175 0.018750 0.008681
v 0.073458 0.018750 0.008534
v 0.073752 0.018750 0.008412
v 0.074055 0.018750 0.008316
v 0.074366 0.018750 0.008248
v 0.074682 0.018750 0.008206
v 0.075000 0.018750 0.008192
v 0.075318 0.018750 0.008206
v 0.075634 0.018750 0.008248
v 0.075945 0.018750 0.008316
v 0.076249 0.018750 0.008412
v 0.076543 0.018750 0.008534
v 0.076825 0.018750 0.008681
v 0.077094 0.018750 0.008852
v 0.077346 0.018750 0.009046
v 0.077581 0.018750 0.009261
v 0.077796 0.018750 0.009496
v 0.077990 0.018750 0.009749
v 0.078161 0.018750 0.010017
v 0.078308 0.018750 0.010300
v 0.078430 0.018750 0.010594
v 0.078526 0.018750 0.010897
v 0.078595 0.018750 0.011208
v 0.078636 0.018750 0.011524
v 0.063945 0.021500 0.015368
v 0.063634 0.021500 0.015437
v 0.063318 0.021500 0.015478
v 0.063000 0.021500 0.015492
v 0.062682 0.021500 0.015478
v 0.062366 0.021500 0.015437
v 0.062055 0.021500 0.015368
v 0.061752 0.021500 0.015272
v 0.061458 0.021500 0.015150
v 0.061175 0.021500 0.015003
v 0.060907 0.021500 0.014832
v 0.060654 0.021500 0.014638
v 0.060419 0.021500 0.014423
v 0.060204 0.021500 0.014188
v 0.060010 0.021500 0.013936
v 0.059839 0.021500 0.013667
v 0.059692 0.021500 0.013385
v 0.059570 0.021500 0.013090
v 0.059475 0.021500 0.012787
v 0.059406 0.021500 0.012476
v 0.059364 0.021500 0.012160
v 0.059350 0.021500 0.011842
v 0.059364 0.021500 0.011524
v 0.059406 0.021500 0.011208
v 0.059475 0.021500 0.010897
v 0.059570 0.021500 0.010594
v 0.059692 0.021500 0.010300
v 0.059839 0.021500 0.010017
v 0.060010 0.021500 0.009749
v 0.060204 0.021500 0.009496
v 0.060419 0.021500 0.009261
v 0.060654 0.021500 0.009046
v 0.060907 0.021500 0.008852
v 0.061175 0.021500 0.008681
v 0.061458 0.021500 0.008534
v 0.061752 0.021500 0.008412
v 0.062055 0.021500 0.008316
v 0.062366 0.021500 0.008248
v 0.062682 0.021500 0.008206
v 0.063000 0.021500 0.008192
v 0.063318 0.021500 0.008206
v 0.063634 0.021500 0.008248
v 0.063945 0.021500 0.008316
v 0.064249 0.021500 0.008412
v 0.064543 0.021500 0.008534
v 0.064825 0.021500 0.008681
v 0.065094 0.021500 0.008852
v 0.065346 0.021500 0.009046
v 0.065581 0.021500 0.009261
v 0.065796 0.021500 0.009496
v 0.065990 0.021500 0.009749
v 0.066161 0.021500 0.010017
v 0.066308 0.021500 0.010300
v 0.066430 0.021500 0.010594
v 0.066526 0.021500 0.010897
v 0.066595 0.021500 0.011208
v 0.066636 0.021500 0.011524
v 0.066650 0.021500 0.011842
v 0.066636 0.021500 0.012160
v 0.066595 0.021500 0.012476
v 0.066526 0.021500 0.012787
v 0.066430 0.021500 0.013090
v 0.066308 0.021500 0.013385
v 0.066161 0.021500 0.013667
v 0.065990 0.021500 0.013936
v 0.065796 0.021500 0.014188
v 0.065581 0.021500 0.014423
v 0.065346 0.021500 0.014638
v 0.065094 0.021500 0.014832
v 0.064825 0.021500 0.015003
v 0.064543 0.021500 0.015150
v 0.064249 0.021500 0.015272
v 0.066650 0.018750 0.011842
v 0.066636 0.018750 0.012160
v 0.066595 0.018750 0.012476
v 0.066526 0.018750 0.012787
v 0.066430 0.018750 0.013090
v 0.066308 0.018750 0.013385
v 0.066161 0.018750 0.013667
v 0.065990 0.018750 0.013936
v 0.065796 0.018750 0.014188
v 0.065581 0.018750 0.014423
v 0.065346 0.018750 0.014638
v 0.065094 0.018750 0.014832
v 0.064825 0.018750 0.015003
v 0.064543 0.018750 0.015150
v 0.064249 0.018750 0.015272
v 0.063945 0.018750 0.015368
v 0.063634 0.018750 0.015437
v 0.063318 0.018750 0.015478
v 0.063000 0.018750 0.015492
v 0.062682 0.018750 0.015478
v 0.062366 0.018750 0.015437
v 0.062055 0.018750 0.015368
v 0.061752 0.018750 0.015272
v 0.061458 0.018750 0.015150
v 0.061175 0.018750 0.015003
v 0.060907 0.018750 0.014832
v 0.060654 0.018750 0.014638
v 0.060419 0.018750 0.014423
v 0.060204 0.018750 0.014188
v 0.060010 0.018750 0.013936
v 0.059839 0.018750 0.013667
v 0.059692 0.018750 0.013385
v 0.059570 0.018750 0.013090
v 0.059475 0.018750 0.012787
v 0.059406 0.018750 0.012476
v 0.059364 0.018750 0.012160
v 0.059350 0.018750 0.011842
v 0.059364 0.018750 0.011524
v 0.059406 0.018750 0.011208
v 0.059475 0.018750 0.010897
v 0.059570 0.018750 0.010594
v 0.059692 0.018750 0.010300
v 0.059839 0.018750 0.010017
v 0.060010 0.018750 0.009749
v 0.060204 0.018750 0.009496
v 0.060419 0.018750 0.009261
v 0.060654 0.018750 0.009046
v 0.060907 0.018750 0.008852
v 0.061175 0.018750 0.008681
v 0.061458 0.018750 0.008534
v 0.061752 0.018750 0.008412
v 0.062055 0.018750 0.008316
v 0.062366 0.018750 0.008248
v 0.062682 0.018750 0.008206
v 0.063000 0.018750 0.008192
v 0.063318 0.018750 0.008206
v 0.063634 0.018750 0.008248
v 0.063945 0.018750 0.008316
v 0.064249 0.018750 0.008412
v 0.064543 0.018750 0.008534
v 0.064825 0.018750 0.008681
v 0.065094 0.018750 0.008852
v 0.065346 0.018750 0.009046
v 0.065581 0.018750 0.009261
v 0.065796 0.018750 0.009496
v 0.065990 0.018750 0.009749
v 0.066161 0.018750 0.010017
v 0.066308 0.018750 0.010300
v 0.066430 0.018750 0.010594
v 0.066526 0.018750 0.010897
v 0.066595 0.018750 0.011208
v 0.066636 0.018750 0.011524
v 0.069603 0.010650 0.041648
v 0.069403 0.010650 0.041617
v 0.069202 0.010650 0.041598
v 0.000603 0.010650 0.041648
v 0.000403 0.010650 0.041617
v 0.000202 0.010650 0.041598
v 0.000000 0.010650 0.041592
v 0.069000 0.010650 0.041592
v 0.068946 0.010650 0.041593
v 0.068744 0.010650 0.041602
v 0.066053 0.010650 0.043472
v 0.065974 0.010650 0.043658
v 0.066144 0.010650 0.043292
v 0.065906 0.010650 0.043848
v 0.065850 0.010650 0.044042
v 0.065807 0.010650 0.044240
v -0.000054 0.010650 0.041593
v -0.000256 0.010650 0.041602
v -0.000457 0.010650 0.041624
v -0.003150 0.010650 0.044042
v -0.003094 0.010650 0.043848
v -0.003026 0.010650 0.043658
v -0.002400 0.010650 0.047034
v -0.002259 0.010650 0.047178
v 0.072163 0.010650 0.045589
v 0.072204 0.010650 0.045391
v 0.067954 0.010650 0.041765
v 0.067765 0.010650 0.041836
v 0.067581 0.010650 0.041918
v 0.067402 0.010650 0.042012
v -0.002754 0.010650 0.043117
v -0.002856 0.010650 0.043292
v -0.002947 0.010650 0.043472
v 0.068543 0.010650 0.041624
v 0.068344 0.010650 0.041659
v 0.068148 0.010650 0.041706
v 0.067229 0.010650 0.042117
v 0.067063 0.010650 0.042232
v 0.066905 0.010650 0.042358
v 0.066481 0.010650 0.042789
v 0.066358 0.010650 0.042949
v 0.066246 0.010650 0.043117
v -0.000656 0.010650 0.041659
v -0.000852 0.010650 0.041706
v -0.001046 0.010650 0.041765
v -0.002110 0.010650 0.047314
v 0.000728 0.010650 0.048010
v 0.000924 0.010650 0.047958
v 0.001115 0.010650 0.047895
v 0.001303 0.010650 0.047820
v 0.001486 0.010650 0.047733
v 0.001550 0.010650 0.041986
v 0.001370 0.010650 0.041895
v 0.072111 0.010650 0.045783
v 0.070184 0.010650 0.041816
v 0.069994 0.010650 0.041748
v 0.069800 0.010650 0.041692
v -0.001235 0.010650 0.041836
v -0.001419 0.010650 0.041918
v -0.001598 0.010650 0.042012
v -0.002653 0.010650 0.046719
v -0.002764 0.010650 0.046551
v -0.002865 0.010650 0.046376
v -0.001952 0.010650 0.047440
v -0.001787 0.010650 0.047557
v -0.001615 0.010650 0.047663
v -0.000871 0.010650 0.047973
v -0.000675 0.010650 0.048021
v -0.000476 0.010650 0.048057
v 0.003136 0.010650 0.043989
v 0.003077 0.010650 0.043796
v 0.001184 0.010650 0.041816
v 0.000994 0.010650 0.041748
v 0.000800 0.010650 0.041692
v 0.072231 0.010650 0.045190
v 0.072247 0.010650 0.044989
v 0.072250 0.010650 0.044788
v 0.070725 0.010650 0.042088
v 0.070550 0.010650 0.041986
v 0.070370 0.010650 0.041895
v 0.066755 0.010650 0.042493
v 0.066613 0.010650 0.042636
v -0.003197 0.010650 0.045426
v -0.003155 0.010650 0.045623
v -0.003100 0.010650 0.045818
v -0.003033 0.010650 0.046008
v -0.002955 0.010650 0.046195
v -0.002531 0.010650 0.046881
v -0.001436 0.010650 0.047757
v -0.001253 0.010650 0.047841
v -0.001064 0.010650 0.047913
v 0.003111 0.010650 0.045783
v 0.003163 0.010650 0.045589
v 0.066347 0.010650 0.046719
v 0.003204 0.010650 0.045391
v 0.066236 0.010650 0.046551
v 0.066135 0.010650 0.046376
v 0.066741 0.010650 0.047178
v 0.001832 0.010650 0.047526
v 0.066600 0.010650 0.047034
v 0.066469 0.010650 0.046881
v 0.066890 0.010650 0.047314
v 0.067048 0.010650 0.047440
v 0.067213 0.010650 0.047557
v 0.069728 0.010650 0.048010
v 0.069924 0.010650 0.047958
v 0.070115 0.010650 0.047895
v 0.070303 0.010650 0.047820
v 0.070486 0.010650 0.047733
v 0.070662 0.010650 0.047635
v 0.070832 0.010650 0.047526
v 0.071783 0.010650 0.046520
v 0.071674 0.010650 0.046690
v 0.071554 0.010650 0.046852
v 0.072240 0.010650 0.044586
v 0.072218 0.010650 0.044385
v 0.072183 0.010650 0.044186
v 0.072136 0.010650 0.043989
v 0.072077 0.010650 0.043796
v 0.072006 0.010650 0.043607
v 0.071924 0.010650 0.043423
v -0.003193 0.010650 0.044240
v -0.003225 0.010650 0.044439
v -0.003244 0.010650 0.044640
v -0.003250 0.010650 0.044842
v 0.001662 0.010650 0.047635
v 0.067385 0.010650 0.047663
v 0.067564 0.010650 0.047757
v 0.067747 0.010650 0.047841
v 0.067936 0.010650 0.047913
v 0.003006 0.010650 0.043607
v 0.002924 0.010650 0.043423
v 0.002830 0.010650 0.043244
v 0.002725 0.010650 0.043071
v 0.002610 0.010650 0.042905
v 0.002484 0.010650 0.042747
v 0.070996 0.010650 0.047407
v 0.072046 0.010650 0.045975
v 0.071970 0.010650 0.046162
v 0.071830 0.010650 0.043244
v 0.071725 0.010650 0.043071
v 0.071610 0.010650 0.042905
v -0.001771 0.010650 0.042117
v -0.001937 0.010650 0.042232
v -0.002095 0.010650 0.042358
v -0.002245 0.010650 0.042493
v -0.002387 0.010650 0.042636
v -0.002519 0.010650 0.042789
v -0.002642 0.010650 0.042949
v -0.003245 0.010650 0.045025
v -0.003227 0.010650 0.045226
v 0.000128 0.010650 0.048090
v 0.000330 0.010650 0.048075
v 0.000530 0.010650 0.048049
v 0.002151 0.010650 0.047278
v 0.002298 0.010650 0.047140
v 0.002882 0.010650 0.046344
v 0.002783 0.010650 0.046520
v 0.002674 0.010650 0.046690
v 0.002970 0.010650 0.046162
v 0.003046 0.010650 0.045975
v 0.003240 0.010650 0.044586
v 0.003218 0.010650 0.044385
v 0.003183 0.010650 0.044186
v 0.065900 0.010650 0.045818
v 0.065845 0.010650 0.045623
v 0.065803 0.010650 0.045426
v 0.065967 0.010650 0.046008
v 0.066045 0.010650 0.046195
v 0.068129 0.010650 0.047973
v 0.068325 0.010650 0.048021
v 0.068524 0.010650 0.048057
v 0.002053 0.010650 0.042323
v 0.001893 0.010650 0.042200
v 0.001725 0.010650 0.042088
v 0.071151 0.010650 0.047278
v 0.071882 0.010650 0.046344
v -0.000275 0.010650 0.048080
v -0.000073 0.010650 0.048091
v 0.001996 0.010650 0.047407
v 0.002424 0.010650 0.047007
v 0.002554 0.010650 0.046852
v 0.065756 0.010650 0.044640
v 0.065750 0.010650 0.044842
v 0.071206 0.010650 0.042455
v 0.071053 0.010650 0.042323
v 0.070893 0.010650 0.042200
v 0.003231 0.010650 0.045190
v 0.003247 0.010650 0.044989
v 0.003250 0.010650 0.044788
v 0.065775 0.010650 0.044439
v 0.069128 0.010650 0.048090
v 0.069330 0.010650 0.048075
v 0.069530 0.010650 0.048049
v 0.002350 0.010650 0.042597
v 0.002206 0.010650 0.042455
v 0.071484 0.010650 0.042747
v 0.071350 0.010650 0.042597
v 0.065755 0.010650 0.045025
v 0.065773 0.010650 0.045226
v 0.068725 0.010650 0.048080
v 0.068927 0.010650 0.048091
v 0.071424 0.010650 0.047007
v 0.071298 0.010650 0.047140
vn -0.054465 0.222764 -0.973350
vn 0.008199 0.223981 -0.974559
vn -0.071221 -0.226958 -0.971297
vn 0.021393 -0.225579 -0.973990
vn 0.039948 0.981918 -0.185043
vn -0.615593 0.721450 -0.317105
vn -0.097171 0.993552 0.058421
vn -0.090375 0.994824 0.046443
vn -0.024884 0.999592 0.013988
vn -0.005376 0.999984 0.001537
vn -0.228621 0.972993 -0.031900
vn -0.195198 0.979970 -0.039461
vn 0.046375 0.998924 0.000691
vn -0.017749 0.999416 0.029208
vn -0.019606 0.999416 0.027976
vn -0.043306 0.996380 0.073151
vn -0.050514 0.995967 0.074153
vn 0.024729 0.987620 0.154906
vn 0.013238 0.990375 0.137778
vn -0.030284 0.995092 -0.094208
vn -0.029412 0.993219 -0.112474
vn -0.024919 0.991577 -0.127103
vn -0.016201 0.992146 -0.124031
vn 0.051976 0.996423 0.066631
vn 0.048319 0.996339 0.070523
vn -0.022094 0.999654 0.014306
vn -0.081156 0.995125 0.056036
vn -0.138121 0.989534 0.041781
vn -0.166711 0.985200 0.039861
vn -0.200697 0.979021 0.035207
vn -0.270327 0.962296 0.030165
vn -0.109388 0.992081 -0.061721
vn -0.115798 0.991689 -0.056064
vn -0.116417 0.992018 -0.048445
vn -0.091426 0.994019 -0.059725
vn -0.087823 0.994006 -0.065102
vn -0.080811 0.994403 -0.068058
vn 0.009250 0.990048 -0.140423
vn -0.894932 0.446202 0.000326
vn 0.016652 0.991849 -0.126329
vn 0.023083 0.992587 -0.119326
vn -0.015098 0.999482 0.028411
vn -0.018092 0.999588 0.022285
vn -0.019800 0.999571 0.021574
vn -0.020723 0.999586 0.019948
vn -0.034919 0.997114 0.067407
vn -0.049712 0.996741 0.063523
vn -0.057373 0.996235 0.064997
vn -0.063339 0.995961 0.063635
vn -0.110302 0.992685 0.049097
vn -0.128441 0.990559 0.047922
vn -0.166491 0.985027 -0.044746
vn -0.158311 0.985929 -0.053676
vn -0.081999 0.993540 -0.078448
vn -0.061185 0.995882 -0.066901
vn -0.063469 0.994961 -0.077612
vn -0.061248 0.994482 -0.085167
vn -0.050727 0.995421 -0.081022
vn -0.048918 0.994801 -0.089317
vn 0.050885 0.994291 -0.093788
vn 0.042736 0.994856 -0.091845
vn 0.035621 0.995370 -0.089275
vn 0.052657 0.995086 -0.083856
vn 0.058652 0.994904 -0.082018
vn 0.063580 0.994902 -0.078285
vn 0.137166 0.989479 -0.046011
vn 0.173006 0.983790 -0.047183
vn 0.217550 0.975022 -0.044769
vn 0.253322 0.966749 -0.034982
vn 0.250838 0.967681 0.025961
vn 0.197480 0.979765 0.032602
vn 0.181612 0.982475 0.041955
vn 0.130626 0.990664 0.039017
vn 0.058736 0.996083 0.066095
vn -0.020627 0.999636 0.017383
vn -0.021521 0.999640 0.016002
vn -0.009844 0.989849 -0.141782
vn -0.000395 0.986099 -0.166156
vn 0.014552 0.998265 -0.057049
vn 0.017622 0.998355 -0.054554
vn 0.015299 0.999118 -0.039100
vn 0.017793 0.999084 -0.038917
vn 0.019480 0.999141 -0.036563
vn 0.018410 0.999377 -0.030109
vn 0.019898 0.999391 -0.028681
vn 0.004400 0.999968 -0.006629
vn 0.049579 0.997638 -0.047533
vn 0.055596 0.997321 -0.047541
vn -0.011768 0.999870 -0.011025
vn -0.050762 0.964924 -0.257577
vn -0.025856 0.980029 -0.197168
vn 0.069250 0.997160 0.029588
vn 0.064364 0.997398 0.032471
vn 0.073370 0.993843 0.083020
vn 0.069835 0.993477 0.090144
vn 0.038043 0.984460 0.171436
vn -0.067046 0.995979 0.059423
vn -0.074083 0.995548 0.058270
vn -0.044232 0.994588 -0.094012
vn -0.043463 0.992986 -0.109956
vn 0.028546 0.993436 -0.110766
vn 0.037772 0.992584 -0.115542
vn 0.077105 0.993538 -0.083291
vn 0.067942 0.995592 -0.064657
vn 0.080190 0.994450 -0.068104
vn 0.093636 0.993146 -0.069949
vn 0.096083 0.993405 -0.062567
vn 0.108068 0.992248 -0.061359
vn 0.336949 0.941176 -0.025566
vn 0.041734 0.999127 -0.001818
vn 0.327223 0.944828 0.014965
vn 0.098067 0.993920 0.050057
vn 0.090030 0.994524 0.053079
vn 0.080983 0.995212 0.054717
vn 0.082664 0.994515 0.064079
vn 0.031216 0.996887 0.072407
vn 0.030742 0.995936 0.084654
vn 0.026677 0.995503 0.090892
vn 0.020853 0.995456 0.092913
vn 0.016160 0.994776 0.100796
vn 0.010370 0.994157 0.107447
vn 0.004022 0.991573 0.129484
vn -0.004049 0.993387 0.114739
vn 0.012486 0.982278 -0.187011
vn 0.000538 0.999986 -0.005319
vn 0.012876 0.997661 -0.067134
vn 0.061195 0.995918 -0.066357
vn -0.043510 0.997901 -0.047954
vn -0.048872 0.996997 -0.060065
vn -0.012228 0.984354 -0.175775
vn -0.000383 0.986897 -0.161350
vn -0.043137 0.999060 -0.004300
vn -0.074551 0.997153 -0.011289
vn 0.022091 0.999740 -0.005678
vn -0.073682 0.996757 0.032361
vn -0.076114 0.996710 0.027868
vn 0.028130 0.999577 0.007377
vn -0.030096 0.999514 0.008084
vn 0.081287 0.996526 0.018106
vn -0.077638 0.996845 -0.016491
vn -0.077761 0.996738 -0.021599
vn -0.085936 0.995857 -0.029738
vn 0.066766 0.997005 0.039026
vn 0.066968 0.996737 0.045054
vn 0.073665 0.995652 0.057017
vn 0.004229 0.990529 0.137239
vn -0.003620 0.994733 0.102434
vn -0.009857 0.994306 0.106102
vn -0.016412 0.994434 0.104077
vn -0.019958 0.995879 0.088467
vn -0.025555 0.995774 0.088207
vn 0.119546 0.991113 -0.058336
vn 0.148271 0.987087 -0.060622
vn 0.124882 0.991139 0.045260
vn 0.112330 0.992476 0.048718
vn 0.043485 0.996394 0.072859
vn 0.043654 0.995387 0.085440
vn -0.012567 0.990480 0.137082
vn -0.000505 0.999998 0.001991
vn -0.011982 0.998530 0.052869
vn -0.013712 0.998814 0.046725
vn -0.014918 0.999053 0.040862
vn -0.018051 0.999003 0.040842
vn 0.058881 0.997281 -0.044313
vn 0.053630 0.997932 -0.035425
vn 0.057068 0.997824 -0.033017
vn -0.070626 0.997055 -0.029904
vn -0.050098 0.998432 -0.024990
vn 0.049656 0.998662 -0.014432
vn -0.036603 0.999098 -0.021524
vn -0.068855 0.996597 -0.045305
vn 0.034048 0.999309 -0.014921
vn 0.058582 0.998074 -0.020402
vn -0.003214 0.999904 -0.013453
vn -0.045495 0.988983 -0.140863
vn 0.067278 0.997451 0.023777
vn 0.075900 0.990860 0.111517
vn 0.080322 0.987479 0.135769
vn 0.094062 0.978076 0.185792
vn 0.089390 0.973648 0.209808
vn 0.005534 0.999884 0.014167
vn 0.063963 0.973278 0.220544
vn -0.030110 0.996031 0.083763
vn -0.038557 0.995313 0.088686
vn -0.319557 0.947449 0.014936
vn -0.037166 0.999308 -0.001549
vn -0.307975 0.951125 -0.022651
vn -0.073054 0.995845 -0.054371
vn 0.057764 0.997913 -0.028857
vn -0.054664 0.997111 -0.052734
vn -0.051133 0.996142 -0.071319
vn -0.046081 0.996214 -0.073721
vn -0.048921 0.994801 -0.089320
vn -0.079065 0.996703 0.018216
vn 0.027920 0.999609 0.001726
vn 0.074904 0.997123 0.011589
vn 0.061814 0.996595 0.054557
vn 0.062980 0.996054 0.062522
vn -0.049331 0.993279 -0.104702
vn -0.054943 0.988817 -0.138646
vn 0.061337 0.996648 0.054127
vn 0.069173 0.995230 0.068798
vn -0.078842 0.996802 0.013034
vn -0.086392 0.996223 0.008741
vn -0.038282 0.999267 0.000636
vn 0.074937 0.997125 -0.011190
vn 0.054577 0.998496 -0.005244
vn -0.054731 0.998500 -0.001666
vn 0.054732 0.998499 -0.001974
vn 0.078550 0.996907 0.002589
vn 0.000000 0.124561 0.992212
vn -0.001690 0.117529 0.993068
vn -0.000026 -0.753143 0.657857
vn 0.000001 -0.911328 0.411680
vn 0.000023 0.077456 0.996996
vn 0.000000 0.112045 0.993703
vn 0.000000 0.111796 0.993731
vn 0.000000 0.031036 0.999518
vn 0.000000 0.111796 0.993731
vn -0.995558 0.009089 0.093713
vn -0.923694 0.132393 0.359530
vn -0.994938 0.040998 0.091749
vn -0.998216 -0.036707 0.047081
vn -0.972539 -0.227648 0.048423
vn -0.995272 -0.004793 0.097007
vn -0.003543 -0.000941 0.999993
vn -0.007683 -0.997707 0.067239
vn -0.994696 0.021492 0.100591
vn -0.996576 -0.071992 0.040673
vn -0.998485 0.043892 0.033189
vn -0.616779 -0.786979 0.015738
vn -0.994416 0.103891 0.018533
vn -0.711300 -0.702888 0.000825
vn -0.990722 0.135899 0.001091
vn -0.460195 -0.887818 0.000825
vn -0.999178 0.040509 0.001822
vn -0.264563 -0.066505 0.962073
vn -0.247858 0.119822 0.961358
vn -0.645921 -0.066471 0.760505
vn -0.630724 0.119766 0.766710
vn -0.906526 -0.066507 0.416879
vn -0.895534 0.119692 0.428594
vn 0.760487 -0.066468 0.645942
vn 0.766698 0.119783 0.630735
vn 0.416877 -0.066509 0.906526
vn 0.428591 0.119687 0.895536
vn 0.090035 0.126420 0.987882
vn 0.064302 -0.066391 0.995720
vn 0.010245 0.119438 0.992789
vn 0.130504 -0.064996 0.989315
vn 0.181048 0.102281 0.978141
vn 0.170790 -0.071828 0.982686
vn 0.351338 0.106977 0.930117
vn 0.313282 -0.066150 0.947354
vn 0.264011 0.120515 0.956961
vn 0.247202 -0.066522 0.966678
vn 0.216035 -0.120577 0.968912
vn 0.378633 -0.112446 0.918691
vn 0.498896 0.126625 0.857362
vn 0.478603 -0.066354 0.875521
vn 0.536225 -0.065070 0.841563
vn 0.577296 0.102077 0.810130
vn 0.569238 -0.071828 0.819029
vn 0.710725 0.104111 0.695724
vn 0.706176 -0.138213 0.694416
vn 0.675397 -0.037691 0.736491
vn 0.642168 0.124332 0.756414
vn 0.630164 -0.066217 0.773633
vn 0.605138 -0.120780 0.786905
vn 0.734167 -0.118142 0.668611
vn 0.814354 0.126789 0.566350
vn 0.803369 -0.066377 0.591770
vn 0.841537 -0.065103 0.536261
vn 0.865470 0.101869 0.490494
vn 0.861413 -0.071830 0.502800
vn 0.938102 0.103886 0.330413
vn 0.933105 -0.138202 0.331988
vn 0.923292 -0.037809 0.382234
vn 0.901508 0.124642 0.414425
vn 0.897732 -0.066252 0.435532
vn 0.880876 -0.120971 0.457629
vn 0.961359 0.119818 0.247857
vn 0.947856 -0.118312 0.295923
vn 0.977354 0.126959 0.169294
vn 0.962073 -0.066505 0.264562
vn 0.991704 -0.121252 0.042677
vn 0.993090 -0.071836 0.092800
vn 0.991672 0.101700 0.079013
vn 0.989305 -0.065084 0.130536
vn 0.978079 -0.066373 0.197375
vn 0.997784 -0.063949 0.018387
vn 0.991811 0.127653 -0.003919
vn 0.998327 -0.037955 -0.043611
vn 0.988595 0.124640 -0.084530
vn 0.986630 -0.138178 -0.086419
vn 0.989203 -0.065007 -0.131348
vn 0.979611 0.099543 -0.174511
vn 0.957513 0.128113 -0.258373
vn 0.977631 -0.105160 -0.182150
vn 0.933999 0.127770 -0.333648
vn 0.951436 -0.065657 -0.300763
vn 0.970714 -0.066208 -0.230935
vn 0.904621 -0.105284 -0.413009
vn 0.903942 0.099753 -0.415857
vn 0.927252 -0.066252 -0.368530
vn 0.884896 -0.064899 -0.461246
vn 0.860380 0.124694 -0.494164
vn 0.864343 -0.071821 -0.497749
vn 0.841090 -0.065039 -0.536970
vn 0.814299 0.099403 -0.571871
vn 0.758727 0.128340 -0.638640
vn 0.809632 -0.105037 -0.577463
vn 0.705645 0.127617 -0.696979
vn 0.735483 -0.065633 -0.674357
vn 0.782575 -0.066141 -0.619033
vn 0.646219 -0.105347 -0.755846
vn 0.643831 0.099900 -0.758619
vn 0.685107 -0.066276 -0.725421
vn 0.607222 -0.064972 -0.791871
vn 0.571176 0.124652 -0.811308
vn 0.574090 -0.071823 -0.815636
vn 0.535471 -0.065032 -0.842046
vn 0.496702 0.099283 -0.862224
vn 0.417936 0.128544 -0.899336
vn 0.490723 -0.104876 -0.864981
vn 0.345176 0.127344 -0.929859
vn 0.381944 -0.065739 -0.921844
vn 0.448285 -0.066134 -0.891441
vn 0.267212 -0.105453 -0.957850
vn 0.263268 0.100025 -0.959523
vn 0.314978 -0.066271 -0.946782
vn 0.215820 -0.065043 -0.974264
vn 0.175021 0.124608 -0.976648
vn 0.176623 -0.071824 -0.981655
vn 0.129572 -0.064982 -0.989438
vn 0.087399 0.101709 -0.990968
vn 0.000070 0.124717 -0.992192
vn 0.043142 -0.037621 -0.998360
vn 0.083054 -0.106839 -0.990801
vn -0.079925 0.127157 -0.988657
vn -0.046072 -0.065263 -0.996804
vn -0.008300 -0.138207 -0.990369
vn -0.161538 -0.105643 -0.981196
vn -0.166494 0.100151 -0.980943
vn -0.113924 -0.066253 -0.991278
vn -0.215956 -0.065076 -0.974232
vn -0.253843 0.124617 -0.959184
vn -0.253581 -0.071828 -0.964644
vn -0.300527 -0.064897 -0.951563
vn -0.339141 0.101712 -0.935221
vn -0.419035 0.124620 -0.899377
vn -0.382606 -0.037783 -0.923139
vn -0.342259 -0.106909 -0.933504
vn -0.490104 0.127029 -0.862358
vn -0.462827 -0.065182 -0.884049
vn -0.425060 -0.138195 -0.894554
vn -0.560295 -0.105748 -0.821515
vn -0.565165 0.100236 -0.818866
vn -0.521661 -0.066306 -0.850572
vn -0.607315 -0.065059 -0.791793
vn -0.635219 0.124676 -0.762203
vn -0.636599 -0.071834 -0.767842
vn -0.674403 -0.064890 -0.735507
vn -0.701404 0.103495 -0.705210
vn -0.701913 -0.105246 -0.704444
vn -0.736765 -0.037955 -0.675083
vn -0.758819 0.124633 -0.639265
vn -0.758773 -0.138177 -0.636530
vn -0.792349 -0.065006 -0.606595
vn -0.816091 0.099543 -0.569286
vn -0.859766 0.128108 -0.494359
vn -0.820095 -0.105161 -0.562481
vn -0.896360 0.127771 -0.424515
vn -0.885441 -0.065658 -0.460090
vn -0.849701 -0.066209 -0.523091
vn -0.931709 -0.105283 -0.347611
vn -0.933241 0.099751 -0.345125
vn -0.916255 -0.066251 -0.395080
vn -0.951866 -0.064900 -0.299564
vn -0.957809 0.124695 -0.258947
vn -0.963149 -0.071822 -0.259201
vn -0.974437 -0.065039 -0.215039
vn -0.980171 0.099405 -0.171416
vn -0.988089 0.128338 -0.084908
vn -0.980826 -0.105041 -0.164155
vn -0.994162 -0.106221 0.018965
vn -0.994902 0.100711 0.005191
vn -0.996906 -0.065621 -0.043263
vn -0.991088 -0.066143 -0.115630
vn -0.987883 0.126416 0.090034
vn -0.995691 -0.066319 0.064809
vn -0.989317 -0.064993 0.130491
vn -0.978141 0.102277 0.181054
vn -0.982683 -0.071825 0.170808
vn -0.930115 0.106980 0.351342
vn -0.947348 -0.066149 0.313298
vn -0.956959 0.120514 0.264020
vn -0.966674 -0.066521 0.247219
vn -0.968909 -0.120561 0.216055
vn -0.918685 -0.112448 0.378647
vn -0.857361 0.126618 0.498898
vn -0.875515 -0.066353 0.478613
vn -0.841563 -0.065069 0.536225
vn -0.810125 0.102071 0.577303
vn -0.819016 -0.071828 0.569257
vn -0.695718 0.104114 0.710729
vn -0.694411 -0.138214 0.706180
vn -0.736479 -0.037682 0.675410
vn -0.756406 0.124340 0.642176
vn -0.773626 -0.066217 0.630173
vn -0.786902 -0.120759 0.605146
vn -0.668611 -0.118140 0.734167
vn -0.566347 0.126807 0.814353
vn -0.591764 -0.066379 0.803374
vn -0.536252 -0.065102 0.841544
vn -0.490494 0.101876 0.865469
vn -0.502784 -0.071831 0.861422
vn -0.330413 0.103896 0.938101
vn -0.331970 -0.138205 0.933110
vn -0.382230 -0.037811 0.923293
vn -0.414419 0.124632 0.901512
vn -0.435525 -0.066254 0.897735
vn -0.457637 -0.120976 0.880871
vn -0.295932 -0.118319 0.947853
vn -0.169299 0.126944 0.977355
vn -0.197371 -0.066375 0.978079
vn -0.130555 -0.065085 0.989302
vn -0.077765 0.099565 0.991988
vn -0.092763 -0.071838 0.993093
vn -0.008179 -0.072234 0.997354
vn -0.041001 -0.117810 0.992189
vn -0.026563 -0.793097 0.608516
vn -0.087960 0.077056 0.993139
vn -0.042769 -0.871346 0.488802
vn -0.077581 -0.804209 0.589262
vn -0.174180 0.077056 0.981694
vn -0.082491 -0.879963 0.467826
vn -0.157819 -0.684318 0.711901
vn -0.255143 0.090496 0.962659
vn -0.158195 -0.835896 0.525597
vn -0.329409 0.076254 0.941103
vn -0.216037 -0.794389 0.567691
vn -0.410175 0.076254 0.908813
vn -0.225750 -0.855352 0.466272
vn -0.487821 0.076255 0.869607
vn -0.262250 -0.859193 0.439332
vn -0.561756 0.076255 0.823781
vn -0.343936 -0.809242 0.476272
vn -0.631422 0.076254 0.771681
vn -0.330202 -0.863127 0.382072
vn -0.696273 0.076254 0.713715
vn -0.361828 -0.863471 0.351423
vn -0.755824 0.076255 0.650320
vn -0.453359 -0.811225 0.369297
vn -0.809630 0.076255 0.581966
vn -0.420012 -0.861583 0.285070
vn -0.857269 0.076255 0.509191
vn -0.447111 -0.858971 0.249523
vn -0.898386 0.076255 0.432536
vn -0.546571 -0.800699 0.245235
vn -0.932666 0.076255 0.352589
vn -0.496299 -0.850845 0.172481
vn -0.959847 0.076255 0.269962
vn -0.519769 -0.844174 0.131184
vn -0.979723 0.076256 0.185278
vn -0.623039 -0.775705 0.100519
vn -0.992143 0.076255 0.099183
vn -0.558716 -0.828361 0.040680
vn -0.001628 -0.000346 0.999999
vn -0.009877 -0.493004 0.869971
vn -0.321435 -0.811516 0.487977
vn 0.776228 -0.168751 0.607448
vn 0.999999 -0.000288 0.001448
vn 0.069910 -0.952760 0.295570
vn 0.999849 0.017165 0.002699
vn 0.666086 -0.745875 0.000188
vn 0.992894 0.118999 0.000539
vn 0.999999 0.001320 0.000524
vn 0.998505 -0.051638 -0.017942
vn 0.998909 -0.045306 -0.011350
vn 0.987457 0.132804 0.085395
vn 0.750654 0.573733 0.327641
vn 0.720297 0.622576 0.305893
vn 0.998057 -0.052395 -0.033707
vn 0.998673 -0.045145 -0.024766
vn 0.998770 -0.045281 -0.020226
vn 0.833777 -0.050711 0.549767
vn 0.987096 -0.137916 -0.081366
vn 0.973998 -0.080104 -0.211921
vn 0.989881 0.016932 -0.140885
vn 0.998379 -0.056846 -0.002727
vn 0.999827 0.018268 -0.003442
vn 0.999865 -0.016460 -0.000009
vn 0.998073 0.062056 -0.000065
vn 0.997913 0.064446 0.004152
vn 0.998777 0.048948 0.007008
vn 0.998937 -0.045471 -0.007554
vn 0.999885 -0.015108 -0.001304
vn 0.998976 0.043240 0.013350
vn 0.998735 0.049054 0.011012
vn 0.810649 0.490706 0.319462
vn 0.999718 0.005687 0.023072
vn -0.702642 -0.068659 -0.708224
vn -0.694902 0.132952 -0.706707
vn -0.732078 0.042814 -0.679874
vn -0.739360 -0.041787 -0.672013
vn -0.744956 0.092637 -0.660650
vn -0.759769 -0.128416 -0.637386
vn -0.780645 0.046990 -0.623206
vn -0.788434 -0.072535 -0.610828
vn -0.794253 0.074241 -0.603035
vn -0.805478 -0.048717 -0.590620
vn -0.819454 0.063166 -0.569653
vn -0.832180 -0.089000 -0.547316
vn -0.839226 0.071364 -0.539080
vn -0.847094 -0.043192 -0.529685
vn -0.851597 0.105405 -0.513491
vn -0.865574 -0.117699 -0.486752
vn -0.880121 0.044251 -0.472683
vn -0.884638 -0.071359 -0.460786
vn -0.888642 0.081197 -0.451357
vn -0.899719 -0.055755 -0.432893
vn -0.910795 0.054256 -0.409278
vn -0.917510 -0.079535 -0.389678
vn -0.921986 0.071435 -0.380576
vn -0.928250 -0.044655 -0.369266
vn -0.929677 0.121211 -0.347863
vn -0.941681 -0.102731 -0.320442
vn -0.950645 0.042907 -0.307300
vn -0.952704 -0.071314 -0.295414
vn -0.954282 0.091481 -0.284564
vn -0.963573 -0.065241 -0.259367
vn -0.970652 0.047584 -0.235735
vn -0.972634 -0.073077 -0.220552
vn -0.974697 0.073700 -0.211033
vn -0.979482 -0.048212 -0.195682
vn -0.983197 0.064107 -0.170923
vn -0.985351 -0.090127 -0.144780
vn -0.988369 0.071313 -0.134319
vn -0.991525 -0.043063 -0.122574
vn -0.988847 0.104188 -0.106423
vn -0.989910 -0.119328 -0.076413
vn -0.997381 0.044454 -0.057049
vn -0.996473 -0.071298 -0.044256
vn -0.996180 0.080418 -0.034048
vn -0.998399 -0.055040 -0.013075
vn -0.998399 0.055040 0.013075
vn -0.996180 -0.080417 0.034045
vn -0.996473 0.071298 0.044254
vn -0.997381 -0.044454 0.057046
vn -0.989910 0.119330 0.076412
vn -0.988847 -0.104190 0.106422
vn -0.991525 0.043064 0.122572
vn -0.988369 -0.071313 0.134316
vn -0.985352 0.090127 0.144769
vn -0.983198 -0.064107 0.170917
vn -0.979481 0.048213 0.195684
vn -0.974696 -0.073702 0.211035
vn -0.972634 0.073080 0.220552
vn -0.970652 -0.047585 0.235735
vn -0.963574 0.065245 0.259362
vn -0.954285 -0.091483 0.284555
vn -0.952705 0.071317 0.295411
vn -0.950644 -0.042909 0.307303
vn -0.941675 0.102740 0.320456
vn -0.929673 -0.121217 0.347872
vn -0.928253 0.044657 0.369259
vn -0.921988 -0.071437 0.380572
vn -0.917511 0.079537 0.389676
vn -0.910798 -0.054258 0.409271
vn -0.899728 0.055756 0.432875
vn -0.888649 -0.081196 0.451342
vn -0.884639 0.071363 0.460784
vn -0.880117 -0.044252 0.472690
vn -0.865571 0.117704 0.486758
vn -0.851598 -0.105407 0.513489
vn -0.847093 0.043193 0.529687
vn -0.839221 -0.071369 0.539086
vn -0.832176 0.089007 0.547321
vn -0.819456 -0.063169 0.569651
vn -0.805488 0.048721 0.590606
vn -0.794260 -0.074242 0.603025
vn -0.788436 0.072540 0.610824
vn -0.780646 -0.046991 0.623205
vn -0.759771 0.128425 0.637381
vn -0.744956 -0.092639 0.660650
vn -0.739361 0.041791 0.672011
vn -0.732078 -0.042815 0.679874
vn -0.702639 0.068665 0.708225
vn -0.694909 -0.132957 0.706699
vn -0.676770 0.071490 -0.732715
vn -0.669057 -0.078297 -0.739075
vn -0.653815 0.050031 -0.754998
vn -0.637075 -0.056640 -0.768718
vn -0.615212 0.085877 -0.783670
vn -0.607625 -0.071397 -0.791008
vn -0.598997 0.042119 -0.799643
vn -0.583776 -0.115780 -0.803617
vn -0.554901 0.114247 -0.824034
vn -0.546097 -0.042055 -0.836665
vn -0.535088 0.071402 -0.841773
vn -0.525523 -0.086849 -0.846335
vn -0.503486 0.057523 -0.862086
vn -0.484970 -0.049361 -0.873136
vn -0.465552 0.077706 -0.881602
vn -0.456837 -0.071954 -0.886635
vn -0.445607 0.043796 -0.894157
vn -0.425371 -0.130857 -0.895509
vn -0.396180 0.099732 -0.912740
vn -0.386895 -0.041487 -0.921190
vn -0.377799 0.041484 -0.924958
vn -0.365267 -0.099762 -0.925542
vn -0.332404 0.130897 -0.934009
vn -0.317147 -0.043788 -0.947365
vn -0.303914 0.071945 -0.949979
vn -0.294196 -0.077715 -0.952580
vn -0.274448 0.049370 -0.960334
vn -0.253519 -0.057509 -0.965619
vn -0.226840 0.086834 -0.970053
vn -0.216874 -0.071402 -0.973585
vn -0.205487 0.042054 -0.977756
vn -0.190291 -0.114263 -0.975055
vn -0.155396 0.115752 -0.981047
vn -0.141838 -0.042116 -0.988994
vn -0.129654 0.071397 -0.988985
vn -0.119119 -0.085891 -0.989158
vn -0.093095 0.056653 -0.994044
vn -0.071535 -0.050016 -0.996183
vn -0.049358 0.081675 -0.995436
vn -0.039546 -0.071494 -0.996657
vn -0.021752 0.047088 -0.998654
vn -0.005185 -0.108166 -0.994119
vn 0.033979 0.102646 -0.994137
vn 0.044579 -0.041192 -0.998156
vn 0.052735 0.038147 -0.997880
vn 0.057323 -0.117892 -0.991371
vn 0.108035 0.128642 -0.985789
vn 0.114714 -0.038329 -0.992659
vn 0.126294 0.072456 -0.989343
vn 0.136136 -0.086811 -0.986879
vn 0.167742 0.048741 -0.984625
vn 0.180073 -0.048227 -0.982470
vn 0.209600 0.086087 -0.973990
vn 0.219835 -0.072988 -0.972803
vn 0.232546 0.038705 -0.971815
vn 0.237132 -0.126741 -0.963174
vn 0.285650 0.115670 -0.951328
vn 0.292575 -0.038382 -0.955472
vn 0.300278 0.040994 -0.952971
vn 0.308580 -0.097805 -0.946157
vn 0.345937 0.109482 -0.931848
vn 0.357857 -0.042905 -0.932790
vn 0.376370 0.078979 -0.923097
vn 0.386606 -0.078976 -0.918857
vn 0.406535 0.042906 -0.912627
vn 0.414287 -0.109477 -0.903538
vn 0.450816 0.097803 -0.887243
vn 0.461526 -0.040992 -0.886179
vn 0.468749 0.038384 -0.882497
vn 0.470717 -0.115667 -0.874670
vn 0.513383 0.126744 -0.848748
vn 0.522732 -0.038703 -0.851618
vn 0.532425 0.072989 -0.843324
vn 0.540504 -0.086087 -0.836925
vn 0.567392 0.048226 -0.822034
vn 0.577619 -0.048745 -0.814850
vn 0.601560 0.086813 -0.794096
vn 0.610261 -0.072456 -0.788880
vn 0.620798 0.038331 -0.783033
vn 0.620656 -0.128640 -0.773458
vn 0.660452 0.117896 -0.741555
vn 0.668313 -0.038147 -0.742901
vn 0.674277 0.041193 -0.737329
vn 0.679292 -0.096521 -0.727493
vn 0.706608 0.108163 -0.699289
vn 0.717917 -0.043333 -0.694779
vn 0.731164 0.079685 -0.677532
vn 0.738703 -0.078173 -0.669483
vn 0.753431 0.042384 -0.656160
vn 0.756224 -0.111089 -0.644814
vn 0.783085 0.099358 -0.613927
vn 0.792236 -0.040770 -0.608851
vn 0.797192 0.038660 -0.602486
vn 0.796240 -0.113182 -0.594299
vn 0.823313 0.124712 -0.553717
vn 0.833153 -0.039091 -0.551660
vn 0.838833 0.073588 -0.539393
vn 0.843622 -0.085253 -0.530126
vn 0.861065 0.047579 -0.506264
vn 0.867225 -0.049388 -0.495461
vn 0.880706 0.087665 -0.465480
vn 0.886397 -0.071846 -0.457317
vn 0.893084 0.037874 -0.448292
vn 0.888327 -0.131096 -0.440101
vn 0.911576 0.120648 -0.393030
vn 0.919315 -0.037800 -0.391702
vn 0.922368 0.041473 -0.384081
vn 0.923067 -0.095144 -0.372685
vn 0.935686 0.106702 -0.336314
vn 0.943926 -0.043787 -0.327239
vn 0.948901 0.080292 -0.305187
vn 0.952412 -0.077644 -0.294758
vn 0.959886 0.041890 -0.277243
vn 0.957368 -0.112694 -0.265983
vn 0.968948 0.100772 -0.225796
vn 0.975162 -0.040523 -0.217754
vn 0.976946 0.038938 -0.209907
vn 0.972962 -0.111263 -0.202398
vn 0.980196 0.123007 -0.155192
vn 0.988094 -0.039398 -0.148724
vn 0.988139 0.074107 -0.134499
vn 0.988686 -0.084515 -0.123924
vn 0.994275 0.046972 -0.095974
vn 0.991588 -0.098824 -0.083583
vn 0.994841 0.088436 -0.049706
vn 0.998380 -0.041783 -0.038622
vn 0.997433 0.070950 -0.009704
vn 0.997433 -0.070948 0.009702
vn 0.998380 0.041783 0.038622
vn 0.994841 -0.088434 0.049702
vn 0.991588 0.098827 0.083583
vn 0.994275 -0.046971 0.095977
vn 0.988687 0.084517 0.123916
vn 0.988139 -0.074104 0.134496
vn 0.988094 0.039399 0.148719
vn 0.980198 -0.123007 0.155182
vn 0.972961 0.111270 0.202399
vn 0.976946 -0.038938 0.209907
vn 0.975162 0.040526 0.217754
vn 0.968948 -0.100774 0.225799
vn 0.957367 0.112700 0.265982
vn 0.959886 -0.041892 0.277244
vn 0.952412 0.077648 0.294758
vn 0.948902 -0.080294 0.305185
vn 0.943926 0.043791 0.327239
vn 0.935687 -0.106702 0.336309
vn 0.923071 0.095147 0.372675
vn 0.922369 -0.041473 0.384078
vn 0.919315 0.037802 0.391703
vn 0.911573 -0.120653 0.393037
vn 0.888324 0.131107 0.440104
vn 0.893088 -0.037876 0.448285
vn 0.886401 0.071850 0.457309
vn 0.880710 -0.087668 0.465471
vn 0.867226 0.049392 0.495460
vn 0.861065 -0.047582 0.506264
vn 0.843622 0.085260 0.530126
vn 0.838827 -0.073590 0.539402
vn 0.833147 0.039094 0.551669
vn 0.823317 -0.124715 0.553711
vn 0.796250 0.113191 0.594284
vn 0.797201 -0.038661 0.602475
vn 0.792239 0.040773 0.608847
vn 0.783087 -0.099361 0.613924
vn 0.756224 0.111097 0.644812
vn 0.753431 -0.042386 0.656160
vn 0.738706 0.078178 0.669478
vn 0.731163 -0.079688 0.677533
vn 0.717918 0.043337 0.694777
vn 0.706614 -0.108166 0.699283
vn 0.679285 0.096532 0.727498
vn 0.674274 -0.041196 0.737331
vn 0.668318 0.038151 0.742896
vn 0.660478 -0.117900 0.741531
vn 0.620677 0.128649 0.773440
vn 0.620791 -0.038332 0.783038
vn 0.610251 0.072464 0.788887
vn 0.601554 -0.086816 0.794101
vn 0.577621 0.048749 0.814849
vn 0.567392 -0.048229 0.822034
vn 0.540508 0.086094 0.836923
vn 0.532427 -0.072995 0.843323
vn 0.522732 0.038707 0.851618
vn 0.513387 -0.126750 0.848745
vn 0.470717 0.115679 0.874668
vn 0.468750 -0.038387 0.882496
vn 0.461526 0.040997 0.886179
vn 0.450817 -0.097811 0.887241
vn 0.414286 0.109488 0.903537
vn 0.406534 -0.042909 0.912627
vn 0.386607 0.078984 0.918856
vn 0.376370 -0.078983 0.923097
vn 0.357859 0.042909 0.932789
vn 0.345950 -0.109489 0.931843
vn 0.308593 0.097814 0.946152
vn 0.300269 -0.040996 0.952973
vn 0.292560 0.038387 0.955476
vn 0.285635 -0.115679 0.951331
vn 0.237147 0.126754 0.963169
vn 0.232556 -0.038708 0.971812
vn 0.219828 0.072996 0.972804
vn 0.209584 -0.086093 0.973993
vn 0.180060 0.048233 0.982472
vn 0.167755 -0.048746 0.984623
vn 0.136166 0.086820 0.986874
vn 0.126320 -0.072462 0.989339
vn 0.114725 0.038333 0.992657
vn 0.108037 -0.128652 0.985787
vn 0.057323 0.117905 0.991369
vn 0.052736 -0.038150 0.997880
vn 0.044570 0.041197 0.998156
vn 0.034048 -0.096535 0.994747
vn -0.005202 0.108178 0.994118
vn -0.021429 -0.057340 0.998125
vn -0.039546 0.071502 0.996656
vn -0.049488 -0.078283 0.995702
vn -0.071507 0.050022 0.996185
vn -0.093094 -0.056657 0.994044
vn -0.119140 0.085900 0.989155
vn -0.129671 -0.071402 0.988983
vn -0.141858 0.042121 0.988991
vn -0.155410 -0.115761 0.981044
vn -0.190297 0.114276 0.975053
vn -0.205477 -0.042058 0.977758
vn -0.216866 0.071409 0.973586
vn -0.226833 -0.086842 0.970054
vn -0.253505 0.057514 0.965623
vn -0.274434 -0.049374 0.960338
vn -0.294190 0.077723 0.952582
vn -0.303914 -0.071950 0.949979
vn -0.317158 0.043791 0.947361
vn -0.332420 -0.130905 0.934003
vn -0.365268 0.099772 0.925540
vn -0.377799 -0.041487 0.924958
vn -0.386896 0.041492 0.921189
vn -0.396178 -0.099739 0.912741
vn -0.425371 0.130869 0.895507
vn -0.445608 -0.043800 0.894156
vn -0.456837 0.071961 0.886635
vn -0.465554 -0.077712 0.881601
vn -0.484970 0.049366 0.873136
vn -0.503488 -0.057527 0.862085
vn -0.525525 0.086856 0.846333
vn -0.535089 -0.071406 0.841772
vn -0.546098 0.042058 0.836665
vn -0.554917 -0.114251 0.824023
vn -0.583790 0.115789 0.803606
vn -0.598990 -0.042121 0.799648
vn -0.607611 0.071404 0.791018
vn -0.615191 -0.085883 0.783686
vn -0.637085 0.056644 0.768710
vn -0.653841 -0.050033 0.754976
vn -0.669067 0.078302 0.739066
vn -0.676772 -0.071494 0.732713
vn 0.019583 -0.868869 0.494655
vn 0.023576 0.073681 0.997003
vn 0.049171 0.036031 0.998140
vn 0.060157 -0.773866 0.630486
vn 0.089555 0.066664 0.993748
vn 0.137018 0.034804 0.989957
vn 0.081761 -0.885588 0.457219
vn 0.207896 0.070296 0.975622
vn 0.169066 -0.758038 0.629917
vn 0.158553 -0.888434 0.430750
vn 0.304187 0.033928 0.952008
vn 0.252834 0.091439 0.963179
vn 0.426448 0.118418 0.896727
vn 0.264767 -0.784934 0.560159
vn 0.386436 0.033403 0.921711
vn 0.341037 0.118945 0.932494
vn 0.464864 0.032618 0.884781
vn 0.222012 -0.898089 0.379666
vn 0.508087 0.118877 0.853062
vn 0.538844 0.032913 0.841762
vn 0.250967 -0.898661 0.359755
vn 0.560083 0.118842 0.819868
vn 0.608119 0.054431 0.791977
vn 0.380950 -0.804517 0.455664
vn 0.705043 0.113131 0.700083
vn 0.307960 -0.900409 0.307287
vn 0.675101 0.033606 0.736959
vn 0.636502 0.092490 0.765710
vn 0.736429 0.037817 0.675457
vn 0.386941 -0.861980 0.327517
vn 0.752762 0.114278 0.648298
vn 0.791210 0.054556 0.609106
vn 0.413762 -0.862438 0.291552
vn 0.365084 -0.906625 0.211527
vn 0.841623 0.033275 0.539040
vn 0.813482 0.092508 0.574186
vn 0.903913 0.116241 0.411618
vn 0.542332 -0.801603 0.251612
vn 0.885636 0.034109 0.463126
vn 0.860531 0.118943 0.495317
vn 0.395700 -0.907099 0.143500
vn 0.927685 0.056813 0.369016
vn 0.951213 0.034447 0.306605
vn 0.494816 -0.858246 0.136276
vn 0.955975 0.118925 0.268268
vn 0.973673 0.054660 0.221297
vn 0.520570 -0.848519 0.094988
vn 0.979728 0.092518 0.177687
vn 0.990043 0.032973 0.136851
vn 0.464329 -0.884541 0.044561
vn 0.996330 0.053095 0.067133
vn 0.414765 -0.909640 0.022914
vn 0.995007 0.089932 0.043274
vn 0.002615 -0.000255 0.999997
vn 0.003733 -0.651347 0.758771
vn 0.734268 -0.678775 0.010693
vn 0.734271 0.678773 -0.010693
vn 0.732405 -0.678774 -0.053364
vn 0.730542 0.678776 -0.074650
vn 0.724970 -0.678775 -0.116973
vn 0.721261 0.678775 -0.138009
vn 0.712025 -0.678771 -0.179696
vn 0.706488 0.678776 -0.200344
vn 0.693641 -0.678776 -0.241090
vn 0.686334 0.678768 -0.261189
vn 0.669990 -0.678770 -0.300641
vn 0.660957 0.678777 -0.319996
vn 0.641245 -0.678775 -0.357868
vn 0.630559 0.678773 -0.376381
vn 0.607605 -0.678774 -0.412410
vn 0.595343 0.678769 -0.429930
vn 0.569345 -0.678773 -0.463803
vn 0.555614 0.678778 -0.480159
vn 0.526771 -0.678773 -0.511644
vn 0.511652 0.678773 -0.526764
vn 0.480161 -0.678775 -0.555617
vn 0.463794 0.678770 -0.569356
vn 0.429912 -0.678769 -0.595355
vn 0.412397 0.678774 -0.607614
vn 0.376389 -0.678770 -0.630558
vn 0.357887 0.678777 -0.641232
vn 0.320004 -0.678784 -0.660946
vn 0.300630 0.678768 -0.669996
vn 0.261174 -0.678770 -0.686338
vn 0.241093 0.678778 -0.693639
vn 0.200374 -0.678772 -0.706484
vn 0.179729 0.678778 -0.712010
vn 0.138033 -0.678775 -0.721257
vn 0.116981 0.678770 -0.724974
vn 0.074639 -0.678774 -0.730544
vn 0.053351 0.678766 -0.732414
vn 0.010688 -0.678765 -0.734278
vn -0.010688 0.678773 -0.734270
vn -0.053352 -0.678772 -0.732409
vn -0.074640 0.678771 -0.730547
vn -0.116979 -0.678773 -0.724971
vn -0.138031 0.678769 -0.721263
vn -0.179726 -0.678769 -0.712019
vn -0.200370 0.678775 -0.706482
vn -0.241096 -0.678778 -0.693637
vn -0.261180 0.678771 -0.686335
vn -0.300633 -0.678772 -0.669991
vn -0.320002 0.678779 -0.660952
vn -0.357883 -0.678776 -0.641235
vn -0.376391 0.678774 -0.630552
vn -0.412401 -0.678775 -0.607610
vn -0.429907 0.678769 -0.595359
vn -0.463792 -0.678765 -0.569364
vn -0.480165 0.678775 -0.555612
vn -0.511655 -0.678775 -0.526757
vn -0.526769 0.678769 -0.511652
vn -0.555612 -0.678774 -0.480168
vn -0.569348 0.678775 -0.463796
vn -0.595349 -0.678773 -0.429915
vn -0.607610 0.678774 -0.412403
vn -0.630559 -0.678773 -0.376381
vn -0.641245 0.678775 -0.357868
vn -0.660957 -0.678777 -0.319996
vn -0.669990 0.678770 -0.300641
vn -0.686333 -0.678770 -0.261189
vn -0.693641 0.678776 -0.241090
vn -0.706485 -0.678776 -0.200353
vn -0.712019 0.678772 -0.179714
vn -0.721260 -0.678773 -0.138029
vn -0.724968 0.678776 -0.116983
vn -0.730543 -0.678774 -0.074650
vn -0.732407 0.678773 -0.053364
vn -0.734272 -0.678771 -0.010693
vn -0.734270 0.678773 0.010693
vn -0.732405 -0.678775 0.053364
vn -0.730545 0.678772 0.074650
vn -0.724969 -0.678774 0.116982
vn -0.721259 0.678773 0.138029
vn -0.712019 -0.678772 0.179714
vn -0.706485 0.678776 0.200353
vn -0.693641 -0.678776 0.241090
vn -0.686333 0.678770 0.261189
vn -0.669990 -0.678770 0.300641
vn -0.660957 0.678777 0.319996
vn -0.641244 -0.678775 0.357869
vn -0.630557 0.678774 0.376382
vn -0.607610 -0.678774 0.412403
vn -0.595354 0.678771 0.429912
vn -0.569355 -0.678772 0.463793
vn -0.555615 0.678774 0.480165
vn -0.526768 -0.678768 0.511653
vn -0.511652 0.678775 0.526760
vn -0.480162 -0.678777 0.555614
vn -0.463791 0.678765 0.569365
vn -0.429907 -0.678770 0.595359
vn -0.412401 0.678775 0.607610
vn -0.376392 -0.678774 0.630552
vn -0.357883 0.678777 0.641234
vn -0.320002 -0.678779 0.660952
vn -0.300633 0.678772 0.669992
vn -0.261182 -0.678771 0.686334
vn -0.241101 0.678778 0.693636
vn -0.200370 -0.678775 0.706482
vn -0.179719 0.678769 0.712021
vn -0.138023 -0.678770 0.721263
vn -0.116980 0.678773 0.724971
vn -0.074643 -0.678771 0.730547
vn -0.053349 0.678772 0.732409
vn -0.010685 -0.678774 0.734270
vn 0.010685 0.678765 0.734278
vn 0.053348 -0.678766 0.732414
vn 0.074641 0.678774 0.730544
vn 0.116982 -0.678770 0.724974
vn 0.138026 0.678776 0.721257
vn 0.179722 -0.678779 0.712011
vn 0.200374 0.678772 0.706484
vn 0.241098 -0.678777 0.693637
vn 0.261176 0.678769 0.686338
vn 0.300631 -0.678768 0.669997
vn 0.320004 0.678784 0.660946
vn 0.357887 -0.678778 0.641231
vn 0.376389 0.678770 0.630558
vn 0.412397 -0.678774 0.607614
vn 0.429911 0.678770 0.595355
vn 0.463793 -0.678769 0.569358
vn 0.480157 0.678777 0.555618
vn 0.511649 -0.678772 0.526767
vn 0.526770 0.678772 0.511645
vn 0.555617 -0.678778 0.480157
vn 0.569352 0.678769 0.463800
vn 0.595347 -0.678767 0.429927
vn 0.607605 0.678775 0.412409
vn 0.630557 -0.678774 0.376382
vn 0.641244 0.678775 0.357869
vn 0.660957 -0.678777 0.319996
vn 0.669990 0.678770 0.300641
vn 0.686334 -0.678768 0.261189
vn 0.693641 0.678776 0.241090
vn 0.706488 -0.678776 0.200344
vn 0.712025 0.678771 0.179696
vn 0.721261 -0.678776 0.138009
vn 0.724972 0.678773 0.116972
vn 0.730544 -0.678773 0.074650
vn 0.732403 0.678777 0.053364
vn 0.734269 -0.678774 0.010683
vn 0.734271 0.678772 -0.010683
vn 0.732408 -0.678773 -0.053344
vn 0.730543 0.678775 -0.074640
vn 0.724970 -0.678774 -0.116983
vn 0.721260 0.678772 -0.138029
vn 0.712016 -0.678773 -0.179724
vn 0.706483 0.678773 -0.200372
vn 0.693641 -0.678773 -0.241100
vn 0.686333 0.678772 -0.261179
vn 0.669995 -0.678772 -0.300624
vn 0.660962 0.678776 -0.319988
vn 0.641244 -0.678776 -0.357868
vn 0.630559 0.678773 -0.376381
vn 0.607608 -0.678770 -0.412411
vn 0.595342 0.678770 -0.429929
vn 0.569340 -0.678773 -0.463809
vn 0.555609 0.678771 -0.480175
vn 0.526767 -0.678772 -0.511649
vn 0.511654 0.678777 -0.526756
vn 0.480172 -0.678773 -0.555610
vn 0.463797 0.678773 -0.569350
vn 0.429914 -0.678774 -0.595349
vn 0.412407 0.678773 -0.607609
vn 0.376386 -0.678777 -0.630552
vn 0.357877 0.678771 -0.641244
vn 0.319998 -0.678770 -0.660963
vn 0.300628 0.678775 -0.669991
vn 0.261180 -0.678771 -0.686334
vn 0.241097 0.678775 -0.693640
vn 0.200370 -0.678776 -0.706481
vn 0.179726 0.678769 -0.712019
vn 0.138031 -0.678770 -0.721262
vn 0.116979 0.678773 -0.724971
vn 0.074640 -0.678775 -0.730543
vn 0.053352 0.678772 -0.732409
vn 0.010688 -0.678771 -0.734272
vn -0.010688 0.678780 -0.734264
vn -0.053353 -0.678778 -0.732403
vn -0.074641 0.678772 -0.730546
vn -0.116979 -0.678773 -0.724971
vn -0.138031 0.678770 -0.721262
vn -0.179723 -0.678772 -0.712017
vn -0.200366 0.678770 -0.706488
vn -0.241097 -0.678767 -0.693648
vn -0.261180 0.678780 -0.686325
vn -0.300633 -0.678780 -0.669983
vn -0.320003 0.678767 -0.660964
vn -0.357877 -0.678771 -0.641244
vn -0.376386 0.678777 -0.630552
vn -0.412407 -0.678773 -0.607609
vn -0.429914 0.678774 -0.595349
vn -0.463795 -0.678777 -0.569347
vn -0.480172 0.678773 -0.555610
vn -0.511651 -0.678774 -0.526763
vn -0.526757 0.678772 -0.511660
vn -0.555607 -0.678767 -0.480183
vn -0.569345 0.678773 -0.463803
vn -0.595349 -0.678774 -0.429914
vn -0.607613 0.678770 -0.412405
vn -0.630559 -0.678773 -0.376381
vn -0.641244 0.678776 -0.357868
vn -0.660962 -0.678776 -0.319988
vn -0.669995 0.678772 -0.300624
vn -0.686333 -0.678772 -0.261179
vn -0.693641 0.678773 -0.241100
vn -0.706483 -0.678773 -0.200372
vn -0.712016 0.678773 -0.179724
vn -0.721260 -0.678772 -0.138029
vn -0.724970 0.678774 -0.116983
vn -0.730543 -0.678776 -0.074640
vn -0.732408 0.678773 -0.053344
vn -0.734270 -0.678773 -0.010683
vn -0.734268 0.678776 0.010683
vn -0.732406 -0.678775 0.053344
vn -0.730545 0.678773 0.074640
vn -0.724971 -0.678772 0.116982
vn -0.721260 0.678773 0.138029
vn -0.712016 -0.678773 0.179724
vn -0.706483 0.678773 0.200372
vn -0.693641 -0.678773 0.241100
vn -0.686333 0.678772 0.261179
vn -0.669995 -0.678772 0.300624
vn -0.660962 0.678776 0.319988
vn -0.641243 -0.678777 0.357869
vn -0.630557 0.678774 0.376382
vn -0.607612 -0.678771 0.412404
vn -0.595353 0.678772 0.429912
vn -0.569352 -0.678770 0.463800
vn -0.555610 0.678767 0.480181
vn -0.526756 -0.678772 0.511661
vn -0.511649 0.678773 0.526766
vn -0.480168 -0.678774 0.555611
vn -0.463794 0.678776 0.569349
vn -0.429914 -0.678774 0.595348
vn -0.412407 0.678773 0.607608
vn -0.376386 -0.678776 0.630552
vn -0.357877 0.678772 0.641243
vn -0.320003 -0.678767 0.660964
vn -0.300633 0.678780 0.669983
vn -0.261182 -0.678780 0.686325
vn -0.241101 0.678766 0.693647
vn -0.200366 -0.678770 0.706488
vn -0.179716 0.678772 0.712018
vn -0.138023 -0.678770 0.721263
vn -0.116979 0.678773 0.724971
vn -0.074644 -0.678772 0.730546
vn -0.053350 0.678778 0.732403
vn -0.010685 -0.678781 0.734263
vn 0.010685 0.678772 0.734272
vn 0.053349 -0.678772 0.732408
vn 0.074642 0.678775 0.730543
vn 0.116979 -0.678773 0.724971
vn 0.138023 0.678770 0.721263
vn 0.179719 -0.678769 0.712020
vn 0.200370 0.678775 0.706481
vn 0.241102 -0.678775 0.693639
vn 0.261182 0.678771 0.686334
vn 0.300628 -0.678774 0.669991
vn 0.319998 0.678770 0.660963
vn 0.357877 -0.678772 0.641243
vn 0.376386 0.678776 0.630552
vn 0.412407 -0.678773 0.607608
vn 0.429914 0.678774 0.595348
vn 0.463796 -0.678773 0.569351
vn 0.480168 0.678774 0.555611
vn 0.511652 -0.678777 0.526759
vn 0.526766 0.678772 0.511651
vn 0.555612 -0.678771 0.480173
vn 0.569347 0.678769 0.463806
vn 0.595346 -0.678768 0.429927
vn 0.607607 0.678771 0.412411
vn 0.630557 -0.678774 0.376382
vn 0.641243 0.678777 0.357869
vn 0.660962 -0.678776 0.319988
vn 0.669995 0.678772 0.300624
vn 0.686333 -0.678772 0.261179
vn 0.693641 0.678773 0.241100
vn 0.706483 -0.678773 0.200372
vn 0.712016 0.678773 0.179724
vn 0.721260 -0.678773 0.138029
vn 0.724971 0.678772 0.116982
vn 0.730545 -0.678773 0.074640
vn 0.732406 0.678775 0.053344
vn 0.208011 0.689004 -0.694265
vn 0.515954 0.042755 -0.855549
vn 0.207622 0.760345 -0.615441
vn 0.274801 0.753406 0.597381
vn 0.197884 0.803675 0.561203
vn 0.040302 0.715109 0.697850
vn 0.533502 0.070831 0.842827
vn -0.734271 -0.678772 -0.010688
vn -0.734269 0.678774 0.010688
vn -0.732406 -0.678775 0.053352
vn -0.730545 0.678773 0.074640
vn -0.724972 -0.678772 0.116977
vn -0.721260 0.678773 0.138026
vn -0.712017 -0.678772 0.179721
vn -0.706484 0.678774 0.200368
vn -0.693641 -0.678775 0.241095
vn -0.686335 0.678772 0.261177
vn -0.669994 -0.678771 0.300630
vn -0.660957 0.678775 0.320001
vn -0.641237 -0.678775 0.357883
vn -0.630553 0.678772 0.376393
vn -0.607609 -0.678773 0.412407
vn -0.595351 0.678772 0.429913
vn -0.569356 -0.678771 0.463792
vn -0.555617 0.678774 0.480162
vn -0.526765 -0.678773 0.511650
vn -0.511650 0.678773 0.526765
vn -0.480164 -0.678774 0.555616
vn -0.463793 0.678772 0.569354
vn -0.429913 -0.678774 0.595349
vn -0.412404 0.678773 0.607610
vn -0.376387 -0.678774 0.630555
vn -0.357879 0.678774 0.641240
vn -0.320001 -0.678773 0.660959
vn -0.300630 0.678773 0.669991
vn -0.261180 -0.678773 0.686333
vn -0.241100 0.678772 0.693642
vn -0.200370 -0.678773 0.706484
vn -0.179719 0.678774 0.712016
vn -0.138025 -0.678773 0.721260
vn -0.116980 0.678773 0.724971
vn -0.074642 -0.678773 0.730545
vn -0.053349 0.678772 0.732409
vn -0.010685 -0.678772 0.734271
vn 0.010685 0.678774 0.734269
vn 0.053349 -0.678774 0.732407
vn 0.074643 0.678772 0.730545
vn 0.116980 -0.678773 0.724971
vn 0.138024 0.678773 0.721260
vn 0.179719 -0.678773 0.712017
vn 0.200369 0.678772 0.706485
vn 0.241100 -0.678772 0.693642
vn 0.261180 0.678773 0.686332
vn 0.300631 -0.678773 0.669991
vn 0.320001 0.678774 0.660958
vn 0.357879 -0.678774 0.641240
vn 0.376387 0.678773 0.630555
vn 0.412404 -0.678773 0.607610
vn 0.429913 0.678774 0.595349
vn 0.463794 -0.678773 0.569353
vn 0.480165 0.678774 0.555615
vn 0.511650 -0.678774 0.526765
vn 0.526764 0.678772 0.511653
vn 0.555616 -0.678772 0.480166
vn 0.569355 0.678772 0.463793
vn 0.595352 -0.678772 0.429912
vn 0.607610 0.678773 0.412405
vn 0.630554 -0.678772 0.376391
vn 0.641237 0.678775 0.357882
vn 0.660957 -0.678775 0.320001
vn 0.669993 0.678771 0.300630
vn 0.686335 -0.678772 0.261176
vn 0.693642 0.678774 0.241093
vn 0.706484 -0.678774 0.200365
vn 0.712017 0.678772 0.179720
vn 0.721260 -0.678773 0.138029
vn 0.724971 0.678772 0.116982
vn 0.730545 -0.678772 0.074643
vn 0.732406 0.678775 0.053349
vn 0.734269 -0.678774 0.010685
vn 0.734271 0.678772 -0.010685
vn 0.732408 -0.678772 -0.053349
vn 0.730543 0.678775 -0.074643
vn 0.724970 -0.678774 -0.116983
vn 0.721261 0.678772 -0.138029
vn 0.712017 -0.678772 -0.179720
vn 0.706484 0.678774 -0.200365
vn 0.693642 -0.678774 -0.241093
vn 0.686335 0.678772 -0.261176
vn 0.669993 -0.678771 -0.300630
vn 0.660957 0.678775 -0.320001
vn 0.641238 -0.678774 -0.357881
vn 0.630556 0.678771 -0.376389
vn 0.607610 -0.678772 -0.412406
vn 0.595348 0.678774 -0.429915
vn 0.569349 -0.678775 -0.463796
vn 0.555613 0.678773 -0.480168
vn 0.526765 -0.678772 -0.511651
vn 0.511652 0.678774 -0.526762
vn 0.480168 -0.678773 -0.555613
vn 0.463795 0.678773 -0.569352
vn 0.429913 -0.678773 -0.595350
vn 0.412404 0.678773 -0.607610
vn 0.376387 -0.678773 -0.630555
vn 0.357879 0.678773 -0.641240
vn 0.320001 -0.678774 -0.660958
vn 0.300631 0.678774 -0.669990
vn 0.261178 -0.678774 -0.686333
vn 0.241095 0.678773 -0.693643
vn 0.200369 -0.678772 -0.706484
vn 0.179726 0.678773 -0.712016
vn 0.138032 -0.678772 -0.721260
vn 0.116980 0.678773 -0.724971
vn 0.074640 -0.678772 -0.730546
vn 0.053352 0.678774 -0.732407
vn 0.010688 -0.678774 -0.734270
vn -0.010688 0.678772 -0.734272
vn -0.053352 -0.678772 -0.732409
vn -0.074640 0.678773 -0.730545
vn -0.116980 -0.678773 -0.724971
vn -0.138032 0.678772 -0.721259
vn -0.179726 -0.678773 -0.712015
vn -0.200369 0.678773 -0.706484
vn -0.241095 -0.678772 -0.693643
vn -0.261177 0.678773 -0.686333
vn -0.300630 -0.678773 -0.669991
vn -0.320001 0.678773 -0.660959
vn -0.357879 -0.678773 -0.641240
vn -0.376387 0.678774 -0.630554
vn -0.412404 -0.678773 -0.607610
vn -0.429913 0.678773 -0.595350
vn -0.463795 -0.678773 -0.569352
vn -0.480167 0.678772 -0.555615
vn -0.511653 -0.678773 -0.526762
vn -0.526766 0.678773 -0.511649
vn -0.555615 -0.678774 -0.480165
vn -0.569350 0.678775 -0.463795
vn -0.595347 -0.678774 -0.429916
vn -0.607609 0.678772 -0.412407
vn -0.630556 -0.678771 -0.376391
vn -0.641238 0.678775 -0.357882
vn -0.660957 -0.678775 -0.320001
vn -0.669994 0.678771 -0.300630
vn -0.686335 -0.678772 -0.261177
vn -0.693641 0.678775 -0.241095
vn -0.706484 -0.678774 -0.200368
vn -0.712017 0.678772 -0.179721
vn -0.721261 -0.678772 -0.138027
vn -0.724970 0.678774 -0.116978
vn -0.730543 -0.678775 -0.074640
vn -0.732408 0.678773 -0.053352
vn 0.232185 -0.681812 0.693702
vn 0.510600 -0.128634 0.850141
vn 0.023520 -0.774873 0.631679
vn 0.001624 -0.999991 0.003835
vn -0.315339 -0.774409 -0.548500
vn 0.000385 -0.999999 -0.001090
vn 0.080423 -0.710684 -0.698900
vn 0.530371 -0.019285 -0.847546
vn -0.005381 0.376788 -0.926284
vn -0.081785 0.469865 -0.878941
vn -0.152329 0.462682 -0.873339
vn -0.238803 0.381916 -0.892812
vn -0.306085 0.455247 -0.836099
vn -0.374091 0.453272 -0.809074
vn -0.461081 0.381945 -0.800950
vn -0.509018 0.462802 -0.725751
vn -0.598983 0.375776 -0.707115
vn -0.626510 0.471770 -0.620418
vn -0.677535 0.462840 -0.571598
vn -0.756013 0.382261 -0.531339
vn -0.767795 0.463030 -0.442824
vn -0.841618 0.375529 -0.388145
vn -0.829461 0.472713 -0.297551
vn -0.855438 0.463058 -0.231955
vn -0.909603 0.382389 -0.162487
vn -0.882835 0.463313 -0.077096
vn -0.880897 0.473272 -0.005928
vn -0.921169 0.382648 0.070909
vn -0.869766 0.470682 0.148208
vn -0.867770 0.445363 0.220514
vn -0.869152 0.390739 0.303145
vn -0.806829 0.462242 0.367913
vn -0.804678 0.383588 0.453160
vn -0.725899 0.470350 0.501839
vn -0.693427 0.445403 0.566370
vn -0.659499 0.391679 0.641598
vn -0.576274 0.461406 0.674546
vn -0.537753 0.384570 0.750285
vn -0.446161 0.469727 0.761773
vn -0.390760 0.435404 0.811005
vn -0.324642 0.392794 0.860419
vn -0.235154 0.467363 0.852218
vn -0.169317 0.380581 0.909115
vn -0.081244 0.473240 0.877179
vn -0.010832 0.446640 0.894648
vn 0.068627 0.389132 0.918622
vn 0.146915 0.466367 0.872306
vn 0.228209 0.390901 0.891693
vn 0.296537 0.467242 0.832917
vn 0.383661 0.380613 0.841390
vn 0.457183 0.411787 0.788299
vn 0.487768 0.521519 0.700072
vn 0.569512 0.432291 0.699129
vn 0.628275 0.432292 0.646833
vn 0.682258 0.432293 0.589615
vn 0.731052 0.432292 0.527907
vn 0.774281 0.432291 0.462183
vn 0.811615 0.432293 0.392942
vn 0.842775 0.432291 0.320709
vn 0.867519 0.432293 0.246036
vn 0.885661 0.432293 0.169491
vn 0.897064 0.432291 0.091655
vn 0.901638 0.432293 0.013122
vn 0.899351 0.432291 -0.065510
vn 0.890218 0.432293 -0.143645
vn 0.874312 0.432292 -0.220686
vn 0.851751 0.432293 -0.296047
vn 0.822708 0.432291 -0.369157
vn 0.787402 0.432293 -0.439455
vn 0.746106 0.432291 -0.506408
vn 0.699129 0.432293 -0.569510
vn 0.646834 0.432292 -0.628275
vn 0.589614 0.432292 -0.682260
vn 0.527906 0.432292 -0.731053
vn 0.470242 0.378455 -0.797273
vn 0.376096 0.473090 -0.796705
vn 0.320925 0.374753 -0.869809
vn 0.229881 0.462679 -0.856203
vn 0.159398 0.386344 -0.908477
vn 0.075867 0.462548 -0.883342
vn -0.961487 0.076517 0.263984
vn -0.760223 0.076601 0.645130
vn -0.454157 0.141394 0.879630
vn -0.393703 0.037897 0.918456
vn 0.504443 0.082303 -0.859514
vn 0.568024 0.137642 -0.811420
vn 0.630641 0.101919 -0.769353
vn 0.695296 0.101919 -0.711461
vn 0.754657 0.101919 -0.648155
vn 0.808276 0.101919 -0.579916
vn 0.855744 0.101919 -0.507263
vn 0.896697 0.101919 -0.430751
vn 0.930828 0.101919 -0.350958
vn 0.957874 0.101919 -0.268496
vn 0.977630 0.101919 -0.183990
vn 0.989946 0.101919 -0.098083
vn 0.994727 0.101919 -0.011431
vn 0.991938 0.101919 0.075308
vn 0.981600 0.101919 0.161474
vn 0.963791 0.101919 0.246413
vn 0.938648 0.101919 0.329474
vn 0.906360 0.101919 0.410030
vn 0.867174 0.101919 0.487464
vn 0.821390 0.101919 0.561187
vn 0.769352 0.101919 0.630643
vn 0.711460 0.101919 0.695296
vn 0.648156 0.101919 0.754656
vn 0.600279 0.059948 0.797541
vn 0.500243 0.127707 0.856416
vn 0.461127 0.075074 0.884152
vn 0.431634 0.082935 0.898228
vn 0.380535 0.140009 0.914106
vn 0.300961 0.044968 0.952576
vn 0.359039 0.076301 0.930198
vn 0.214193 0.131675 0.967876
vn 0.255329 0.156516 0.954102
vn 0.188227 0.076083 0.979174
vn 0.130495 0.044321 0.990458
vn 0.082459 0.156537 0.984224
vn 0.007953 0.076693 0.997023
vn 0.040901 0.135906 0.989877
vn -0.214317 0.138816 0.966850
vn -0.163864 0.082928 0.982991
vn -0.129414 0.075081 0.988744
vn -0.060819 0.076399 0.995221
vn -0.341905 0.155248 0.926822
vn -0.300256 0.044431 0.952823
vn -0.240809 0.076315 0.967568
vn -0.380477 0.141062 0.913969
vn -0.479693 0.076256 0.874117
vn -0.536031 0.074853 0.840873
vn -0.568695 0.082842 0.818366
vn -0.704305 0.156439 0.692445
vn -0.675271 0.043893 0.736263
vn -0.629950 0.076330 0.772876
vn -0.603919 0.137636 0.785072
vn -0.732783 0.134652 0.667006
vn -0.802973 0.076357 0.591104
vn -0.841087 0.074831 0.535698
vn -0.860672 0.082769 0.502388
vn -0.930591 0.156269 0.331030
vn -0.923081 0.043974 0.382084
vn -0.897243 0.076246 0.434903
vn -0.879039 0.137798 0.456401
vn -0.945937 0.134818 0.295003
vn -0.977437 0.076285 0.196970
vn -0.988658 0.074788 0.130235
vn -0.992259 0.082674 0.092667
vn -0.996216 0.074374 -0.044974
vn -0.997145 0.073255 0.018293
vn -0.989544 0.137892 0.042297
vn -0.976280 0.121719 -0.179061
vn -0.988517 0.074689 -0.131359
vn -0.992833 0.082610 -0.086357
vn -0.975147 0.043279 -0.217293
vn -0.951073 0.156048 -0.266662
vn -0.950045 0.074953 -0.302981
vn -0.926709 0.076013 -0.368011
vn -0.884231 0.074470 -0.461076
vn -0.903231 0.119961 -0.412047
vn -0.809837 0.121615 -0.573911
vn -0.840502 0.074511 -0.536660
vn -0.863882 0.082510 -0.496891
vn -0.792095 0.043402 -0.608853
vn -0.750116 0.155867 -0.642675
vn -0.733164 0.074846 -0.675920
vn -0.684874 0.075955 -0.724692
vn -0.606699 0.074441 -0.791438
vn -0.645312 0.119969 -0.754440
vn -0.492477 0.121485 -0.861805
vn -0.535109 0.074462 -0.841495
vn -0.573993 0.082435 -0.814700
vn -0.460780 0.043524 -0.886446
vn -0.407225 0.154637 -0.900142
vn -0.380319 0.077107 -0.921635
vn -0.254571 0.121476 -0.959394
vn -0.299346 0.074357 -0.951243
vn -0.347091 0.082353 -0.934209
vn -0.216025 0.043776 -0.975406
vn -0.164647 0.155693 -0.973987
vn -0.127791 0.074700 -0.988984
vn -0.060608 0.075978 -0.995266
vn 0.043388 0.074535 -0.996274
vn -0.012223 0.120180 -0.992677
vn 0.171594 0.120259 -0.977800
vn 0.130545 0.074318 -0.988653
vn 0.080842 0.082406 -0.993315
vn 0.216221 0.043953 -0.975355
vn 0.257446 0.155675 -0.953670
vn 0.301242 0.074550 -0.950629
vn 0.350142 0.119715 -0.929015
vn 0.461154 0.073114 -0.884303
vn 0.396762 0.075859 -0.914782
vn -0.013167 -0.425868 -0.904690
vn 0.065733 -0.425869 -0.902394
vn 0.144132 -0.425868 -0.893231
vn 0.221431 -0.425869 -0.877271
vn 0.297049 -0.425869 -0.854633
vn 0.370407 -0.425869 -0.825491
vn 0.460032 -0.363031 -0.810296
vn 0.487765 -0.521519 -0.700074
vn 0.569509 -0.432292 -0.699130
vn 0.628276 -0.432293 -0.646832
vn 0.682261 -0.432291 -0.589614
vn 0.731052 -0.432293 -0.527907
vn 0.774281 -0.432291 -0.462183
vn 0.811615 -0.432293 -0.392942
vn 0.842775 -0.432291 -0.320709
vn 0.867519 -0.432293 -0.246036
vn 0.885662 -0.432292 -0.169491
vn 0.897063 -0.432293 -0.091655
vn 0.901639 -0.432291 -0.013122
vn 0.899351 -0.432293 0.065511
vn 0.890219 -0.432292 0.143644
vn 0.874312 -0.432292 0.220686
vn 0.851751 -0.432293 0.296047
vn 0.822708 -0.432291 0.369157
vn 0.787402 -0.432293 0.439455
vn 0.746106 -0.432293 0.506408
vn 0.699129 -0.432292 0.569511
vn 0.646832 -0.432291 0.628277
vn 0.589615 -0.432292 0.682259
vn 0.527909 -0.432292 0.731051
vn 0.462746 -0.429035 0.775754
vn 0.394270 -0.425869 0.814363
vn 0.321794 -0.425869 0.845626
vn 0.246867 -0.425868 0.870456
vn 0.170063 -0.425869 0.888659
vn 0.091967 -0.425868 0.900099
vn 0.013167 -0.425869 0.904689
vn -0.065733 -0.425868 0.902394
vn -0.144132 -0.425868 0.893231
vn -0.221431 -0.425869 0.877271
vn -0.297049 -0.425869 0.854633
vn -0.370405 -0.425869 0.825491
vn -0.440941 -0.425869 0.790068
vn -0.508125 -0.425868 0.748629
vn -0.571439 -0.425868 0.701494
vn -0.630402 -0.425868 0.649022
vn -0.684568 -0.425869 0.591610
vn -0.733525 -0.425869 0.529695
vn -0.776902 -0.425867 0.463746
vn -0.814361 -0.425870 0.394272
vn -0.845626 -0.425868 0.321797
vn -0.870455 -0.425869 0.246867
vn -0.888659 -0.425869 0.170063
vn -0.900099 -0.425868 0.091966
vn -0.904689 -0.425869 0.013167
vn -0.902394 -0.425868 -0.065733
vn -0.893231 -0.425869 -0.144132
vn -0.877271 -0.425868 -0.221431
vn -0.854632 -0.425870 -0.297050
vn -0.825491 -0.425867 -0.370408
vn -0.790067 -0.425870 -0.440941
vn -0.748631 -0.425868 -0.508123
vn -0.701495 -0.425868 -0.571438
vn -0.649023 -0.425869 -0.630400
vn -0.591609 -0.425869 -0.684569
vn -0.529692 -0.425869 -0.733527
vn -0.463746 -0.425868 -0.776901
vn -0.394273 -0.425869 -0.814362
vn -0.321795 -0.425869 -0.845626
vn -0.246867 -0.425869 -0.870455
vn -0.170063 -0.425868 -0.888659
vn -0.091967 -0.425869 -0.900099
vn 0.477243 -0.058832 0.876800
vn 0.595928 -0.098756 -0.796943
vn 0.648155 -0.101919 -0.754657
vn 0.711462 -0.101919 -0.695294
vn 0.769353 -0.101919 -0.630642
vn 0.821390 -0.101919 -0.561187
vn 0.867174 -0.101919 -0.487464
vn 0.906360 -0.101919 -0.410030
vn 0.938648 -0.101919 -0.329474
vn 0.963791 -0.101919 -0.246413
vn 0.981600 -0.101919 -0.161475
vn 0.991938 -0.101919 -0.075308
vn 0.994727 -0.101919 0.011431
vn 0.989946 -0.101919 0.098083
vn 0.977630 -0.101919 0.183990
vn 0.957874 -0.101919 0.268496
vn 0.930828 -0.101919 0.350958
vn 0.896697 -0.101919 0.430751
vn 0.855744 -0.101919 0.507263
vn 0.808276 -0.101919 0.579916
vn 0.754656 -0.101919 0.648157
vn 0.695295 -0.101919 0.711462
vn 0.630643 -0.101919 0.769351
vn 0.571765 -0.103028 0.813923
vn 0.410211 -0.084761 0.908043
vn 0.329509 -0.084761 0.940340
vn 0.246297 -0.084762 0.965481
vn 0.161215 -0.084762 0.983273
vn 0.074904 -0.084762 0.993582
vn -0.011978 -0.084762 0.996329
vn -0.098770 -0.084762 0.991494
vn -0.184806 -0.084762 0.979113
vn -0.269437 -0.084762 0.959281
vn -0.352021 -0.084762 0.932146
vn -0.431921 -0.084762 0.897919
vn -0.508538 -0.084761 0.856857
vn -0.581285 -0.084762 0.809273
vn -0.649605 -0.084762 0.755532
vn -0.712981 -0.084762 0.696042
vn -0.770930 -0.084762 0.631254
vn -0.823016 -0.084762 0.561659
vn -0.868836 -0.084762 0.487790
vn -0.908042 -0.084762 0.410214
vn -0.940340 -0.084762 0.329510
vn -0.965481 -0.084762 0.246297
vn -0.983273 -0.084762 0.161215
vn -0.993582 -0.084762 0.074904
vn -0.996329 -0.084762 -0.011978
vn -0.991494 -0.084762 -0.098770
vn -0.979113 -0.084762 -0.184806
vn -0.959280 -0.084762 -0.269437
vn -0.932146 -0.084762 -0.352023
vn -0.897918 -0.084762 -0.431924
vn -0.856858 -0.084762 -0.508536
vn -0.809274 -0.084762 -0.581284
vn -0.755534 -0.084762 -0.649603
vn -0.696043 -0.084762 -0.712980
vn -0.631252 -0.084762 -0.770932
vn -0.561657 -0.084762 -0.823017
vn -0.487792 -0.084762 -0.868835
vn -0.410213 -0.084762 -0.908042
vn -0.329509 -0.084762 -0.940340
vn -0.246297 -0.084762 -0.965481
vn -0.161215 -0.084762 -0.983273
vn -0.074904 -0.084762 -0.993582
vn 0.011978 -0.084762 -0.996329
vn 0.098770 -0.084762 -0.991494
vn 0.184806 -0.084762 -0.979113
vn 0.269437 -0.084762 -0.959281
vn 0.352020 -0.084762 -0.932147
vn 0.431925 -0.084761 -0.897918
vn 0.481488 -0.128488 -0.866983
vn 0.076172 -0.991549 -0.105014
vn 0.073807 -0.993598 -0.085535
vn 0.072945 -0.994808 -0.070960
vn 0.028439 -0.999326 -0.023202
vn 0.055939 -0.997710 -0.038030
vn 0.093126 -0.994292 -0.052067
vn 0.091748 -0.994927 -0.041251
vn 0.091029 -0.995343 -0.031717
vn 0.090870 -0.995597 -0.023010
vn 0.091220 -0.995721 -0.014790
vn 0.050169 -0.998734 -0.003692
vn 0.066273 -0.997801 0.000914
vn 0.096353 -0.995299 0.009771
vn 0.097091 -0.995104 0.018504
vn 0.098464 -0.994751 0.027845
vn 0.100590 -0.994195 0.038191
vn 0.103670 -0.993349 0.050095
vn 0.108039 -0.992060 0.064380
vn 0.114269 -0.990028 0.082385
vn 0.123400 -0.986628 0.106481
vn 0.137497 -0.980366 0.141344
vn 0.161225 -0.966931 0.197614
vn 0.183587 -0.947526 0.261708
vn 0.048894 0.996498 0.067833
vn 0.001982 0.999992 0.003550
vn 0.000051 1.000000 -0.000089
vn 0.000228 1.000000 -0.000487
vn 0.033026 0.997379 -0.064372
vn 0.000201 1.000000 -0.000550
vn 0.026009 0.997611 -0.063996
vn 0.024239 0.998289 -0.053212
vn 0.000174 1.000000 -0.000648
vn 0.019125 0.997899 -0.061901
vn 0.011128 0.999432 -0.031821
vn 0.000011 1.000000 -0.000062
vn 0.013721 0.997914 -0.063075
vn 0.013021 0.998674 -0.049812
vn 0.000217 0.999997 -0.002477
vn 0.013014 0.994895 -0.100074
vn 0.005151 0.999521 -0.030507
vn 0.000000 0.999998 -0.001958
vn 0.002554 0.998209 -0.059771
vn 0.002539 0.999538 -0.030285
vn -0.000146 0.999999 -0.001662
vn -0.004192 0.995260 -0.097157
vn 0.000003 0.999556 -0.029784
vn -0.000263 0.999999 -0.001485
vn -0.007738 0.998169 -0.059992
vn -0.002535 0.999540 -0.030237
vn -0.000370 0.999999 -0.001377
vn -0.013321 0.998031 -0.061296
vn -0.008495 0.998740 -0.049450
vn -0.000480 0.999999 -0.001315
vn -0.032226 0.994119 -0.103384
vn -0.007984 0.999487 -0.031030
vn -0.000601 0.999999 -0.001285
vn -0.025080 0.997776 -0.061760
vn -0.010698 0.999472 -0.030671
vn -0.000739 0.999999 -0.001277
vn -0.033479 0.997290 -0.065513
vn -0.024125 0.998305 -0.052969
vn -0.000904 0.999999 -0.001287
vn -0.069098 0.991571 -0.109601
vn -0.018564 0.999270 -0.033404
vn -0.001100 0.999999 -0.001308
vn -0.050932 0.996415 -0.067549
vn -0.023079 0.999148 -0.034218
vn -0.001341 0.999998 -0.001338
vn -0.098347 0.989227 -0.108433
vn -0.027763 0.999025 -0.034328
vn -0.001642 0.999998 -0.001374
vn -0.071885 0.995158 -0.067035
vn -0.033451 0.998838 -0.034692
vn -0.002022 0.999997 -0.001412
vn -0.084121 0.994287 -0.065703
vn -0.064073 0.996430 -0.054966
vn -0.002517 0.999996 -0.001450
vn -0.155224 0.982812 -0.099927
vn -0.045662 0.998405 -0.033190
vn -0.003189 0.999994 -0.001483
vn -0.109373 0.992303 -0.058064
vn -0.052566 0.998118 -0.031574
vn -0.004152 0.999990 -0.001506
vn -0.191122 0.978287 -0.080175
vn -0.059133 0.997835 -0.028788
vn -0.005647 0.999983 -0.001507
vn -0.135264 0.989844 -0.043741
vn -0.066708 0.997447 -0.025496
vn -0.008317 0.999964 -0.001458
vn -0.148728 0.988291 -0.034070
vn -0.118156 0.992454 -0.032788
vn -0.014537 0.999894 -0.001259
vn -0.248449 0.968061 -0.033640
vn -0.080664 0.996622 -0.015410
vn 0.115332 0.964877 0.236032
vn 0.001917 0.999989 0.004273
vn 0.081086 0.973858 0.212191
vn 0.001914 0.999983 0.005508
vn 0.074290 0.962442 0.261125
vn 0.000118 1.000000 0.000469
vn 0.044833 0.971355 0.233367
vn 0.001732 0.999941 0.010734
vn 0.028024 0.961497 0.273384
vn 0.000634 0.999962 0.008707
vn 0.003993 0.961945 0.273214
vn -0.000107 0.999973 0.007410
vn -0.016988 0.972483 0.232355
vn -0.000663 0.999979 0.006494
vn -0.043757 0.961749 0.270414
vn -0.001109 0.999983 0.005801
vn -0.056698 0.972992 0.223768
vn -0.001488 0.999985 0.005250
vn -0.088143 0.963493 0.252807
vn -0.001823 0.999987 0.004793
vn -0.107985 0.964786 0.239847
vn -0.002130 0.999988 0.004402
vn -0.108550 0.975056 0.193606
vn -0.002420 0.999989 0.004057
vn -0.145442 0.966063 0.213470
vn -0.002705 0.999989 0.003748
vn -0.158107 0.968325 0.193257
vn -0.002992 0.999990 0.003464
vn -0.144803 0.978305 0.148158
vn -0.003294 0.999989 0.003202
vn -0.181656 0.970886 0.156142
vn -0.003624 0.999989 0.002954
vn -0.158893 0.980715 0.113806
vn -0.004003 0.999988 0.002719
vn -0.194370 0.974147 0.115145
vn -0.004460 0.999987 0.002492
vn -0.193686 0.976657 0.092876
vn -0.005048 0.999985 0.002268
vn -0.162539 0.984822 0.060882
vn -0.005867 0.999981 0.002042
vn -0.192229 0.979885 0.053600
vn -0.007128 0.999973 0.001803
vn -0.155639 0.987395 0.028783
vn -0.009388 0.999955 0.001520
vn -0.181169 0.983295 0.017570
vn -0.014782 0.999890 0.001085
vn -0.174523 0.984644 0.004330
vn -0.001988 0.999998 -0.000008
vn -0.179403 0.983736 -0.008878
vn -0.087655 0.996112 -0.008850
vn 0.283523 0.774226 -0.565853
vn 0.039079 0.997702 -0.055357
vn 0.056503 0.995998 -0.069256
vn 0.015583 0.999750 -0.016019
vn 0.088988 0.993069 -0.076786
vn 0.087285 0.994194 -0.062930
vn 0.086347 0.994936 -0.051454
vn 0.086005 0.995428 -0.041559
vn 0.059966 0.997941 -0.022768
vn 0.047826 0.998764 -0.013525
vn 0.019681 0.999799 -0.003751
vn 0.073715 0.997251 -0.007475
vn 0.066691 0.997773 -0.000920
vn 0.064449 0.997910 0.004744
vn 0.062130 0.998017 0.010073
vn 0.060137 0.998074 0.015228
vn 0.053084 0.998419 0.018495
vn 0.054230 0.998231 0.024383
vn 0.047928 0.998491 0.026797
vn 0.049329 0.998219 0.033536
vn 0.048239 0.998060 0.039356
vn 0.047227 0.997827 0.045941
vn 0.046276 0.997488 0.053629
vn 0.000000 -0.000010 1.000000
vn 0.042990 -0.350799 -0.935464
vn -0.008954 -0.130140 -0.991455
vn 0.081732 0.127724 -0.988436
vn -0.020107 0.344953 -0.938404
vn -0.734271 -0.678772 -0.010687
vn -0.734269 0.678774 0.010687
vn -0.732406 -0.678775 0.053351
vn -0.730545 0.678772 0.074642
vn -0.724971 -0.678772 0.116980
vn -0.721260 0.678773 0.138027
vn -0.712017 -0.678772 0.179720
vn -0.706484 0.678774 0.200365
vn -0.693642 -0.678774 0.241094
vn -0.686335 0.678771 0.261177
vn -0.669993 -0.678771 0.300632
vn -0.660956 0.678775 0.320003
vn -0.641237 -0.678775 0.357882
vn -0.630554 0.678773 0.376390
vn -0.607610 -0.678773 0.412404
vn -0.595352 0.678772 0.429912
vn -0.569355 -0.678771 0.463793
vn -0.555616 0.678772 0.480165
vn -0.526764 -0.678773 0.511652
vn -0.511650 0.678773 0.526764
vn -0.480164 -0.678774 0.555615
vn -0.463793 0.678772 0.569354
vn -0.429912 -0.678773 0.595350
vn -0.412404 0.678774 0.607609
vn -0.376388 -0.678774 0.630554
vn -0.357879 0.678774 0.641240
vn -0.320001 -0.678774 0.660958
vn -0.300631 0.678773 0.669991
vn -0.261180 -0.678773 0.686333
vn -0.241100 0.678773 0.693642
vn -0.200370 -0.678772 0.706485
vn -0.179719 0.678773 0.712017
vn -0.138024 -0.678774 0.721260
vn -0.116980 0.678772 0.724972
vn -0.074642 -0.678773 0.730545
vn -0.053349 0.678773 0.732407
vn -0.010685 -0.678773 0.734270
vn 0.010685 0.678773 0.734270
vn 0.053349 -0.678773 0.732407
vn 0.074643 0.678773 0.730545
vn 0.116980 -0.678772 0.724971
vn 0.138024 0.678773 0.721260
vn 0.179719 -0.678773 0.712017
vn 0.200370 0.678772 0.706485
vn 0.241100 -0.678773 0.693641
vn 0.261180 0.678773 0.686333
vn 0.300630 -0.678773 0.669991
vn 0.320000 0.678773 0.660959
vn 0.357879 -0.678773 0.641241
vn 0.376387 0.678774 0.630554
vn 0.412404 -0.678774 0.607609
vn 0.429913 0.678773 0.595350
vn 0.463793 -0.678773 0.569353
vn 0.480164 0.678774 0.555615
vn 0.511650 -0.678773 0.526765
vn 0.526764 0.678772 0.511652
vn 0.555616 -0.678772 0.480165
vn 0.569356 0.678772 0.463792
vn 0.595352 -0.678773 0.429911
vn 0.607610 0.678773 0.412404
vn 0.630554 -0.678773 0.376390
vn 0.641237 0.678775 0.357882
vn 0.660957 -0.678775 0.320002
vn 0.669993 0.678771 0.300630
vn 0.686335 -0.678772 0.261176
vn 0.693642 0.678774 0.241094
vn 0.706484 -0.678774 0.200367
vn 0.712017 0.678772 0.179722
vn 0.721260 -0.678773 0.138028
vn 0.724971 0.678773 0.116980
vn 0.730545 -0.678772 0.074641
vn 0.732406 0.678775 0.053351
vn 0.734269 -0.678774 0.010687
vn 0.734271 0.678772 -0.010687
vn 0.732408 -0.678772 -0.053351
vn 0.730543 0.678775 -0.074641
vn 0.724970 -0.678774 -0.116980
vn 0.721261 0.678772 -0.138029
vn 0.712017 -0.678772 -0.179722
vn 0.706484 0.678774 -0.200367
vn 0.693642 -0.678774 -0.241094
vn 0.686335 0.678772 -0.261176
vn 0.669993 -0.678771 -0.300630
vn 0.660957 0.678775 -0.320002
vn 0.641238 -0.678775 -0.357881
vn 0.630556 0.678771 -0.376389
vn 0.607611 -0.678772 -0.412405
vn 0.595348 0.678775 -0.429914
vn 0.569349 -0.678775 -0.463795
vn 0.555614 0.678773 -0.480168
vn 0.526765 -0.678773 -0.511651
vn 0.511652 0.678774 -0.526762
vn 0.480168 -0.678773 -0.555613
vn 0.463795 0.678773 -0.569352
vn 0.429914 -0.678773 -0.595350
vn 0.412405 0.678773 -0.607609
vn 0.376387 -0.678774 -0.630554
vn 0.357879 0.678772 -0.641241
vn 0.320000 -0.678773 -0.660959
vn 0.300630 0.678774 -0.669991
vn 0.261178 -0.678773 -0.686333
vn 0.241095 0.678773 -0.693642
vn 0.200370 -0.678772 -0.706484
vn 0.179726 0.678773 -0.712015
vn 0.138032 -0.678772 -0.721259
vn 0.116980 0.678773 -0.724971
vn 0.074640 -0.678773 -0.730545
vn 0.053352 0.678773 -0.732408
vn 0.010688 -0.678773 -0.734270
vn -0.010688 0.678773 -0.734270
vn -0.053352 -0.678773 -0.732408
vn -0.074640 0.678773 -0.730546
vn -0.116980 -0.678772 -0.724972
vn -0.138032 0.678773 -0.721259
vn -0.179727 -0.678773 -0.712015
vn -0.200370 0.678772 -0.706484
vn -0.241095 -0.678773 -0.693643
vn -0.261178 0.678773 -0.686333
vn -0.300631 -0.678773 -0.669991
vn -0.320001 0.678774 -0.660958
vn -0.357880 -0.678773 -0.641240
vn -0.376388 0.678774 -0.630554
vn -0.412404 -0.678773 -0.607610
vn -0.429913 0.678773 -0.595351
vn -0.463794 -0.678773 -0.569353
vn -0.480168 0.678773 -0.555614
vn -0.511653 -0.678774 -0.526762
vn -0.526765 0.678773 -0.511650
vn -0.555614 -0.678773 -0.480168
vn -0.569349 0.678775 -0.463796
vn -0.595348 -0.678774 -0.429914
vn -0.607611 0.678772 -0.412405
vn -0.630556 -0.678771 -0.376388
vn -0.641238 0.678775 -0.357881
vn -0.660956 -0.678775 -0.320003
vn -0.669993 0.678771 -0.300632
vn -0.686335 -0.678771 -0.261177
vn -0.693642 0.678774 -0.241094
vn -0.706484 -0.678774 -0.200365
vn -0.712017 0.678772 -0.179720
vn -0.721261 -0.678772 -0.138028
vn -0.724970 0.678774 -0.116980
vn -0.730543 -0.678775 -0.074642
vn -0.732408 0.678772 -0.053351
vn 0.058626 0.992758 -0.104858
vn 0.066907 0.992894 -0.098416
vn -0.043746 0.999041 0.002011
vn -0.053517 0.998558 -0.004103
vn 0.241508 0.969609 0.039157
vn 0.188485 0.980916 0.047727
vn 0.154552 0.986516 0.053850
vn 0.130750 0.989671 0.058787
vn 0.112904 0.991599 0.063125
vn 0.075631 0.992817 -0.092702
vn 0.085131 0.992519 -0.087513
vn 0.095821 0.991959 -0.082683
vn -0.038946 0.997598 0.057286
vn 0.108265 0.991053 -0.078056
vn 0.123289 0.989648 -0.073467
vn 0.142199 0.987450 -0.068713
vn 0.167215 0.983874 -0.063487
vn 0.202468 0.977614 -0.057256
vn 0.256583 0.965284 -0.048902
vn 0.098816 0.992835 0.067180
vn 0.087214 0.993645 0.071154
vn 0.077300 0.994168 0.075196
vn 0.068543 0.994481 0.079435
vn 0.060559 0.994624 0.083996
vn 0.053048 0.994616 0.089022
vn 0.001861 0.999979 -0.006157
vn -0.144235 0.981686 0.124458
vn -0.128294 0.987413 0.092496
vn 0.350588 0.935855 -0.035553
vn 0.084986 0.996381 -0.001173
vn 0.336491 0.941361 0.024766
vn 0.045753 0.994455 0.094685
vn 0.038428 0.994122 0.101214
vn 0.030803 0.993573 0.108925
vn 0.022542 0.992725 0.118279
vn 0.013182 0.991428 0.129986
vn 0.002003 0.989400 0.145204
vn -0.002222 0.999977 0.006377
vn -0.170612 0.969604 0.175385
vn -0.025250 0.999253 -0.029263
vn -0.012215 0.986056 0.165963
vn -0.000861 0.999986 0.005307
vn -0.015449 0.998018 0.061010
vn -0.015151 0.999518 0.027098
vn -0.050699 0.996235 -0.070321
vn -0.050064 0.995206 -0.084016
vn -0.049562 0.993491 -0.102566
vn -0.003314 0.999843 -0.017386
vn -0.022404 0.975032 -0.220933
vn -0.002571 0.982486 -0.186318
vn -0.220896 0.936962 0.270753
vn -0.117780 0.990556 0.070185
vn -0.110449 0.992448 0.053371
vn -0.105159 0.993654 0.039926
vn -0.065170 0.997209 -0.036436
vn -0.064210 0.996981 -0.043652
vn -0.049234 0.990334 -0.129674
vn -0.049173 0.983538 -0.173882
vn -0.021170 0.998667 0.047083
vn 0.003177 0.999994 0.001006
vn 0.011963 0.986629 -0.162544
vn 0.023531 0.989132 -0.145132
vn 0.033362 0.990721 -0.131755
vn 0.042187 0.991746 -0.121081
vn 0.050488 0.992392 -0.112292
vn -0.101273 0.994446 0.028639
vn -0.098415 0.994969 0.018757
vn -0.096353 0.995299 0.009771
vn -0.028115 0.999557 -0.009796
vn -0.066354 0.997350 -0.029834
vn -0.063472 0.996639 -0.051784
vn -0.062970 0.996134 -0.061256
vn -0.094947 0.995481 0.001310
vn -0.065256 0.997857 -0.004803
vn -0.062010 0.997952 -0.015702
vn -0.091220 0.995721 -0.014790
vn 0.002817 0.878810 0.477163
vn 0.002757 0.908953 0.416889
vn -0.002818 0.894835 0.446388
vn -0.003573 0.841060 0.540930
vn 0.003056 0.841160 0.540777
vn -0.003560 0.864658 0.502349
vn -0.003498 0.886912 0.461925
vn -0.007096 0.961657 0.274162
vn -0.003582 0.949541 0.313624
vn 0.002549 0.957633 0.287980
vn -0.002778 0.946374 0.323062
vn 0.003809 0.934484 0.355984
vn -0.002821 0.923436 0.383743
vn -0.003516 0.919450 0.393192
vn -0.002930 0.969994 0.243110
vn 0.002545 0.978941 0.204127
vn -0.005423 0.979450 0.201615
vn 0.001877 0.996892 0.078755
vn -0.003618 0.035655 -0.999358
vn 0.999998 0.001919 -0.000002
vn 0.001808 0.015817 -0.999873
vn -0.006563 0.997289 0.073286
vn -0.001770 0.986095 0.166176
vn 0.003566 0.991519 0.129913
vn -0.002557 0.995354 0.096245
vn -0.005533 0.840744 0.541405
vn -0.006790 0.793934 0.607966
vn 0.002463 0.831213 0.555948
vn -0.003230 0.840807 0.541325
vn 0.000003 0.995153 0.098339
vn 0.012016 0.992853 0.118735
vn 0.002837 0.153321 0.988172
vn -0.010851 0.796354 0.604733
vn -0.003394 0.108005 0.994145
vn 0.006845 0.995694 -0.092452
vn 0.014311 0.996016 -0.088024
vn -0.000093 0.999043 0.043736
vn 0.021348 0.996224 -0.084154
vn 0.038718 0.998240 0.044910
vn 0.035121 0.998193 0.048759
vn 0.031469 0.998106 0.052861
vn 0.027672 0.997972 0.057330
vn -0.012199 0.997106 0.075034
vn -0.017374 0.997500 0.068491
vn -0.088559 0.996071 0.000157
vn 0.083553 0.996224 -0.023589
vn 0.087610 0.996016 -0.016658
vn -0.052819 0.998589 0.005429
vn 0.031849 0.999313 -0.018960
vn 0.048008 0.998578 -0.023173
vn 0.079925 0.996340 -0.030306
vn 0.083552 0.996411 0.013584
vn 0.078088 0.996750 0.019809
vn -0.048571 0.998820 0.000102
vn 0.073298 0.996982 0.025574
vn 0.069000 0.997133 0.031060
vn 0.065062 0.997217 0.036413
vn 0.022064 0.999644 0.015014
vn -0.042798 0.999083 0.000939
vn 0.017402 0.999748 0.014210
vn 0.042341 0.998252 0.041224
vn 0.023628 0.997777 0.062312
vn 0.019199 0.997500 0.068002
vn 0.014200 0.997106 0.074681
vn -0.030044 0.998106 0.053683
vn -0.033806 0.998193 0.049680
vn -0.036982 0.996374 -0.076619
vn -0.030306 0.996340 -0.079925
vn 0.000000 0.991713 0.128477
vn -0.000745 0.999972 -0.007379
vn -0.001305 0.995222 -0.097628
vn 0.092236 0.995694 -0.009313
vn 0.006035 0.999982 -0.000081
vn 0.089942 0.995925 0.006659
vn -0.021954 0.997777 0.062921
vn -0.026130 0.997972 0.058050
vn -0.037505 0.998240 0.045929
vn -0.016297 0.999727 0.016739
vn 0.000002 1.000000 0.000000
vn -0.018472 0.999703 0.015925
vn 0.000002 1.000000 -0.000001
vn -0.060236 0.997241 0.043389
vn -0.064065 0.997217 0.038138
vn 0.000005 1.000000 -0.000007
vn -0.013022 0.999676 -0.021882
vn 0.000002 1.000000 -0.000003
vn -0.020935 0.999358 -0.029073
vn -0.023589 0.996224 -0.083553
vn -0.016658 0.996016 -0.087610
vn 0.008357 0.996534 0.082768
vn 0.000045 0.999994 0.003347
vn -0.006142 0.996534 0.082962
vn 0.000002 1.000000 -0.000006
vn -0.023335 0.999602 -0.015867
vn 0.000003 1.000000 -0.000017
vn -0.018902 0.999702 -0.015457
vn -0.000015 1.000000 0.000013
vn -0.016343 0.999740 -0.015919
vn 0.028159 0.996340 -0.080707
vn 0.021881 0.998578 -0.048611
vn -0.003825 0.998589 0.052958
vn 0.018102 0.999313 -0.032344
vn -0.026312 0.997927 0.058734
vn -0.021467 0.997853 0.061882
vn 0.015427 0.999624 -0.022671
vn -0.012175 0.998756 0.048359
vn -0.011028 0.997583 0.068608
vn -0.022954 0.998888 0.041186
vn 0.021425 0.999426 -0.026237
vn -0.035051 0.998047 0.051709
vn -0.029236 0.998926 0.035934
vn 0.023437 0.999435 -0.024072
vn -0.043071 0.998085 0.044397
vn -0.035031 0.998926 0.030312
vn 0.025655 0.999426 -0.022118
vn -0.050622 0.998047 0.036602
vn -0.040471 0.998888 0.024191
vn 0.022250 0.999624 -0.016027
vn -0.057910 0.997927 0.028080
vn -0.068243 0.997583 0.013103
vn -0.047968 0.998756 0.013636
vn -0.061203 0.997853 0.023332
vn -0.068146 0.997133 0.032893
vn -0.072588 0.996982 0.027524
vn -0.077531 0.996750 0.021889
vn 0.000007 1.000000 -0.000009
vn 0.000005 1.000000 -0.000006
vn -0.031457 0.998838 -0.036517
vn 0.000017 1.000000 -0.000016
vn 0.000007 1.000000 -0.000010
vn 0.000004 1.000000 -0.000005
vn -0.083159 0.996411 0.015812
vn -0.005988 0.999982 0.000605
vn 0.000002 1.000000 0.000007
vn -0.097628 0.995222 0.001305
vn -0.092453 0.995694 -0.006845
vn -0.088023 0.996016 -0.014311
vn -0.084154 0.996224 -0.021348
vn -0.080707 0.996340 -0.028159
vn -0.049517 0.998526 -0.022215
vn 0.000000 1.000000 -0.000009
vn -0.033372 0.999268 -0.018692
vn 0.000001 1.000000 -0.000013
vn -0.006354 -0.841231 -0.540638
vn 0.001543 -0.841016 -0.541008
vn -0.001688 -0.841005 -0.541024
vn 0.004829 -0.852854 -0.522127
vn -0.004736 -0.841070 -0.540906
vn -0.002255 -0.993594 -0.112986
vn -0.001098 -0.999999 -0.000077
vn 0.034752 -0.999395 -0.001670
vn -0.003717 -0.999394 -0.034624
vn 0.003109 -0.997977 -0.063493
vn 0.003114 -0.991226 -0.132138
vn -0.004598 -0.995480 -0.094865
vn -0.003049 -0.998066 -0.062083
vn -0.001310 -0.914857 -0.403776
vn -0.005983 -0.919733 -0.392499
vn 0.001417 -0.926670 -0.375873
vn -0.004249 -0.934486 -0.355974
vn 0.002335 -0.945922 -0.324386
vn -0.002556 -0.949694 -0.313169
vn 0.003528 -0.955431 -0.295192
vn -0.004715 -0.957275 -0.289142
vn 0.002230 -0.968286 -0.249835
vn -0.002095 -0.971382 -0.237512
vn 0.003637 -0.976376 -0.216046
vn -0.002019 -0.977832 -0.209383
vn 0.002146 -0.984857 -0.173356
vn -0.005119 -0.987056 -0.160291
vn -0.003065 -0.989892 -0.141789
vn 0.006379 -0.919601 -0.392801
vn 0.001469 -0.894463 -0.447140
vn -0.006234 -0.887393 -0.460972
vn -0.002420 -0.872122 -0.489283
vn 0.004981 -0.874044 -0.485822
vn -0.047361 -0.995278 -0.084733
vn -0.054169 -0.995346 -0.079700
vn 0.438671 -0.283538 -0.852745
vn -0.040688 -0.995063 -0.090523
vn -0.064970 -0.995885 0.063187
vn -0.057616 -0.996105 0.066754
vn 0.596913 -0.787530 -0.153272
vn -0.011138 -0.993902 0.109699
vn -0.001709 -0.992436 0.122755
vn 0.294492 -0.736262 -0.609256
vn 0.323054 -0.748983 -0.578499
vn 0.017569 -0.984759 -0.173034
vn 0.002048 -0.989114 -0.147140
vn -0.009491 -0.991579 -0.129155
vn -0.018772 -0.993087 -0.115870
vn -0.038495 -0.996080 0.079640
vn -0.032351 -0.995841 0.085176
vn 0.010336 -0.990004 0.140663
vn 0.027047 -0.985595 0.166944
vn 0.053014 -0.976377 0.209470
vn 0.100919 -0.951765 0.289755
vn 0.132715 -0.946151 0.295269
vn 0.311867 -0.742273 0.593102
vn 0.020101 -0.999409 -0.027873
vn 0.019234 -0.999294 -0.032268
vn -0.122394 -0.319720 -0.939574
vn -0.026724 -0.994050 -0.105592
vn -0.033904 -0.994673 -0.097344
vn -0.204647 -0.978274 0.033155
vn -0.159088 -0.986443 0.040263
vn -0.002003 -0.989400 0.145204
vn 0.009587 -0.991435 0.130249
vn -0.004835 -0.894479 -0.447083
vn -0.094005 -0.994184 0.052544
vn -0.082393 -0.995025 0.055999
vn 0.021563 -0.952067 -0.305129
vn -0.100206 -0.993787 -0.048437
vn -0.085996 -0.994976 -0.051259
vn -0.074789 -0.995740 -0.053935
vn 0.142128 -0.916391 -0.374203
vn 0.081137 -0.954554 -0.286781
vn 0.040758 -0.976045 -0.213717
vn -0.061358 -0.995277 -0.075225
vn -0.069201 -0.995062 -0.071155
vn -0.078045 -0.994672 -0.067360
vn -0.116638 -0.991573 -0.056379
vn -0.137630 -0.989103 -0.052274
vn -0.167456 -0.984740 -0.047377
vn -0.213895 -0.976005 -0.040793
vn -0.025952 -0.995446 0.091728
vn -0.019013 -0.994836 0.099696
vn -0.067898 -0.997608 -0.012949
vn -0.058967 -0.998242 -0.005987
vn 0.016424 -0.999662 0.020136
vn 0.023024 -0.999612 -0.015649
vn 0.022326 -0.999585 -0.018211
vn -0.044337 -0.996885 -0.065234
vn -0.050697 -0.996778 -0.062155
vn -0.189390 -0.981237 -0.036119
vn -0.268216 -0.962974 -0.027233
vn -0.046101 -0.998937 -0.000641
vn -0.088363 -0.994048 -0.063723
vn -0.100856 -0.993083 -0.060116
vn -0.296872 -0.954441 -0.030142
vn -0.056752 -0.998388 -0.000790
vn -0.287847 -0.957443 0.021151
vn -0.130192 -0.990451 0.045344
vn -0.110021 -0.992698 0.049452
vn -0.094945 -0.994067 0.053069
vn -0.050914 -0.996204 0.070601
vn -0.044613 -0.996197 0.074847
vn 0.066263 -0.994491 0.081218
vn 0.075069 -0.994188 0.077169
vn -0.324953 -0.945570 -0.017392
vn 0.085004 -0.993677 0.073349
vn 0.096594 -0.992885 0.069641
vn 0.110621 -0.991674 0.065918
vn 0.128330 -0.989791 0.062011
vn 0.086199 -0.993793 -0.070326
vn 0.076425 -0.994300 -0.074344
vn -0.201047 -0.979582 0.000156
vn -0.149745 -0.980241 -0.129243
vn -0.064830 -0.995667 -0.066660
vn 0.229614 -0.944212 0.236094
vn 0.153340 -0.979271 0.132348
vn -0.116457 -0.989639 -0.083982
vn -0.098047 -0.993464 -0.058442
vn -0.086374 -0.995388 -0.041750
vn 0.021619 -0.999545 -0.021026
vn 0.020885 -0.999489 -0.024198
vn -0.038356 -0.996905 -0.068623
vn -0.083070 -0.994943 0.056459
vn -0.073304 -0.995516 0.059791
vn -0.062373 -0.998002 0.010113
vn -0.060375 -0.998059 0.015288
vn 0.019257 -0.992735 0.118769
vn 0.027758 -0.993586 0.109622
vn 0.035575 -0.994137 0.102104
vn 0.151862 -0.986719 0.057658
vn 0.185258 -0.981292 0.052389
vn 0.237132 -0.970426 0.045195
vn 0.053424 -0.995474 0.078602
vn -0.055471 -0.998460 -0.000772
vn 0.046661 -0.995416 0.083481
vn -0.052150 -0.998632 0.003832
vn 0.020186 -0.998787 0.044910
vn 0.018236 -0.999122 -0.037726
vn 0.017024 -0.998850 -0.044823
vn 0.001060 -0.999992 -0.003747
vn 0.025963 -0.990350 -0.136139
vn 0.011991 -0.992929 -0.118102
vn 0.001465 -0.994443 -0.105264
vn -0.057669 -0.996573 -0.059297
vn -0.065559 -0.996243 -0.056584
vn -0.119204 -0.991837 -0.045276
vn -0.146423 -0.988354 -0.041425
vn -0.026882 -0.999472 0.018276
vn -0.025977 -0.999438 0.021193
vn -0.025058 -0.999389 0.024376
vn -0.024103 -0.999319 0.027933
vn -0.023083 -0.999221 0.032016
vn -0.078313 -0.996485 -0.029743
vn -0.072411 -0.997164 -0.020488
vn -0.277742 -0.960439 0.020410
vn -0.199582 -0.979348 0.032332
vn -0.156102 -0.986951 0.039507
vn 0.119874 -0.989018 0.086448
vn 0.092288 -0.994212 0.055008
vn -0.036511 -0.998330 -0.044763
vn 0.086375 -0.995387 0.041752
vn 0.078314 -0.996485 0.029745
vn 0.068661 -0.997451 0.019425
vn -0.035664 -0.997985 -0.052474
vn -0.021956 -0.999080 0.036845
vn -0.020662 -0.998872 0.042760
vn -0.019106 -0.998550 0.050323
vn -0.017116 -0.998020 0.060526
vn -0.001005 -0.999986 0.005274
vn -0.016798 -0.986042 0.165646
vn 0.043057 -0.994472 0.095763
vn 0.049143 -0.994917 0.087897
vn 0.058204 -0.994627 0.085614
vn 0.329255 -0.943651 0.033389
vn 0.073334 -0.997307 0.001012
vn 0.328897 -0.944055 -0.024208
vn 0.237047 -0.970738 -0.038434
vn -0.128256 -0.990735 0.044670
vn -0.108694 -0.992874 0.048856
vn 0.065087 -0.997802 0.012413
vn 0.059340 -0.998220 0.006025
vn -0.026759 -0.998495 -0.047875
vn -0.007026 -0.995394 -0.095610
vn -0.014264 -0.996015 -0.088042
vn -0.020730 -0.996424 -0.081908
vn -0.058637 -0.998070 0.020431
vn -0.016902 -0.999828 0.007600
vn -0.027794 -0.999493 0.015540
vn 0.129001 -0.989947 -0.058001
vn 0.111481 -0.991810 -0.062329
vn 0.097626 -0.993008 -0.066370
vn -0.022484 -0.999630 0.015282
vn -0.021733 -0.999607 0.017727
vn -0.026747 -0.996688 -0.076794
vn -0.032555 -0.996842 -0.072431
vn 0.185465 -0.981528 -0.046962
vn 0.152319 -0.986905 -0.053072
vn -0.020044 -0.999799 -0.000277
vn -0.064698 -0.997894 0.004762
vn -0.072815 -0.995576 0.059392
vn -0.064620 -0.995929 0.062846
vn -0.057372 -0.996137 0.066472
vn 0.041222 -0.995502 -0.085307
vn 0.034407 -0.995291 -0.090622
vn 0.027377 -0.994926 -0.096811
vn 0.001721 -0.992188 -0.124743
vn -0.010298 -0.990110 -0.139917
vn -0.067928 -0.996869 -0.040478
vn -0.028116 -0.999399 -0.020271
vn -0.052269 -0.997614 -0.045102
vn -0.050755 -0.996228 0.070381
vn -0.044521 -0.996212 0.074693
vn -0.038457 -0.996088 0.079562
vn -0.032356 -0.995839 0.085189
vn -0.025987 -0.995433 0.091852
vn -0.019065 -0.994808 0.099967
vn -0.011186 -0.993850 0.110173
vn -0.001719 -0.992340 0.123526
vn 0.010428 -0.989824 0.141911
vn -0.049735 -0.998730 0.008058
vn -0.046493 -0.998849 0.011767
vn 0.005661 -0.999852 0.016254
vn 0.021768 -0.999734 -0.007581
vn 0.024453 -0.999641 -0.010991
vn 0.023729 -0.999630 -0.013263
vn 0.019858 -0.994359 -0.104196
vn 0.011485 -0.993499 -0.113256
vn -0.048993 -0.996196 -0.072065
vn -0.047995 -0.995152 -0.085843
vn -0.047001 -0.993410 -0.104535
vn -0.050024 -0.996864 -0.061315
vn -0.051110 -0.997310 -0.052540
vn -0.069147 -0.997047 -0.033413
vn -0.055498 -0.998236 -0.021071
vn -0.024794 -0.999668 -0.007011
vn -0.065948 -0.997801 -0.006688
vn -0.095493 -0.995264 -0.018200
vn 0.027385 -0.985230 0.169033
vn 0.053979 -0.975498 0.213282
vn 0.030099 -0.995804 0.086421
vn 0.036413 -0.996048 0.081012
vn -0.882153 -0.453070 -0.128583
vn 0.042677 -0.996167 0.076354
vn 0.102490 -0.993083 -0.057286
vn 0.090103 -0.994048 -0.061239
vn 0.067781 -0.994603 -0.078551
vn 0.044021 -0.997163 -0.061058
vn 0.048053 -0.995584 -0.080640
vn -0.026113 -0.986600 -0.161056
vn -0.002626 -0.999943 -0.010370
vn -0.045957 -0.990197 -0.131901
vn -0.044711 -0.998879 0.015572
vn -0.014068 -0.999881 0.006323
vn -0.023240 -0.999646 0.012990
vn -0.020972 -0.999572 0.020396
vn -0.020181 -0.999523 0.023382
vn -0.019336 -0.999453 0.026812
vn -0.001719 -0.992340 0.123526
vn 0.008126 -0.993833 0.110586
vn 0.158246 -0.986384 0.044772
vn 0.204013 -0.978195 0.038908
vn 0.118163 -0.991573 -0.053110
vn -0.018403 -0.999354 0.030874
vn -0.017332 -0.999207 0.035857
vn -0.016042 -0.998979 0.042237
vn -0.014391 -0.998602 0.050867
vn -0.000821 -0.999990 0.004304
vn -0.014349 -0.989859 0.141330
vn 0.016315 -0.994783 0.100701
vn 0.023499 -0.995403 0.092851
vn 0.049109 -0.996177 0.072254
vn 0.055928 -0.996078 0.068568
vn 0.063394 -0.995858 0.065184
vn 0.071835 -0.995488 0.062001
vn 0.081706 -0.994913 0.058922
vn 0.093691 -0.994034 0.055845
vn 0.108885 -0.992660 0.052631
vn 0.129188 -0.990405 0.049067
vn 0.021990 -0.993087 -0.115303
vn 0.013082 -0.991579 -0.128840
vn 0.287502 -0.957335 0.029191
vn 0.056828 -0.998384 0.000791
vn 0.297596 -0.954441 -0.021867
vn 0.214947 -0.976005 -0.034825
vn 0.168710 -0.984740 -0.042698
vn 0.139030 -0.989104 -0.048424
vn 0.043191 -0.995063 -0.089356
vn 0.036599 -0.994673 -0.096362
vn 0.029652 -0.994050 -0.104806
vn 0.002048 -0.989114 -0.147140
vn -0.012746 -0.984759 -0.173456
vn -0.034795 -0.976045 -0.214770
vn 0.056223 -0.998418 0.000782
vn 0.052150 -0.998632 -0.003832
vn -0.013502 -0.999457 -0.030040
vn 0.049735 -0.998730 -0.008058
vn 0.063427 -0.995277 -0.073488
vn 0.056366 -0.995346 -0.078161
vn 0.049701 -0.995277 -0.083382
vn 0.079890 -0.994672 -0.065162
vn 0.071154 -0.995062 -0.069201
vn -0.073123 -0.954555 -0.288926
vn -0.020124 -0.998126 -0.057780
vn 0.048147 -0.998766 -0.012185
vn -0.996569 0.080116 0.020780
vn -0.997392 0.071847 0.006930
vn -0.999349 -0.036076 0.000486
vn -0.998370 0.056999 0.003010
vn -0.996976 0.077704 0.000018
vn -0.938646 -0.076346 -0.336327
vn -0.998944 -0.045748 -0.004343
vn -0.999777 0.007310 -0.019811
vn -0.999435 0.033462 -0.003202
vn -0.996946 -0.052324 0.057974
vn -0.995750 0.027009 0.088046
vn -0.997587 -0.025973 0.064379
vn -0.995305 0.054165 0.080217
vn -0.999138 -0.022610 0.034822
vn -0.996437 -0.056573 0.062556
vn -0.996217 -0.058120 0.064601
vn -0.996287 -0.005121 0.085944
vn -0.999096 0.031014 0.029075
vn -0.996817 0.054340 0.058335
vn -0.990821 0.068409 0.116589
vn -0.996995 -0.020736 0.074635
vn -0.988349 0.072494 0.133832
vn -0.996828 -0.054481 0.058008
vn -0.996593 -0.054697 0.061728
vn -0.996617 -0.019255 0.079896
vn -0.991749 0.051589 0.117354
vn -0.990536 0.065680 0.120517
vn -0.108753 0.741993 -0.661528
vn 0.925235 0.269103 -0.267440
vn 0.013122 0.432292 -0.901638
vn -0.065511 0.432292 -0.899351
vn -0.143646 0.432292 -0.890219
vn -0.220684 0.432293 -0.874312
vn -0.296047 0.432293 -0.851751
vn -0.369157 0.432292 -0.822707
vn -0.439456 0.432292 -0.787402
vn -0.506408 0.432292 -0.746106
vn -0.569509 0.432292 -0.699130
vn -0.628276 0.432293 -0.646833
vn -0.682261 0.432291 -0.589613
vn -0.731052 0.432293 -0.527907
vn -0.774281 0.432291 -0.462183
vn -0.811615 0.432293 -0.392942
vn -0.842775 0.432291 -0.320709
vn -0.867519 0.432293 -0.246036
vn -0.885662 0.432292 -0.169491
vn -0.897063 0.432293 -0.091655
vn -0.901639 0.432291 -0.013122
vn -0.899351 0.432293 0.065511
vn -0.890219 0.432292 0.143644
vn -0.874312 0.432292 0.220686
vn -0.851751 0.432293 0.296047
vn -0.822708 0.432291 0.369157
vn -0.787402 0.432293 0.439456
vn -0.746106 0.432292 0.506408
vn -0.699129 0.432292 0.569510
vn -0.646832 0.432291 0.628277
vn -0.589614 0.432292 0.682260
vn -0.527910 0.432292 0.731051
vn -0.462185 0.432292 0.774280
vn -0.392940 0.432293 0.811616
vn -0.320709 0.432293 0.842775
vn -0.246035 0.432292 0.867520
vn -0.169490 0.432292 0.885662
vn -0.091656 0.432292 0.897063
vn -0.013122 0.432292 0.901638
vn 0.065511 0.432292 0.899351
vn 0.143646 0.432292 0.890219
vn 0.220684 0.432292 0.874312
vn 0.296047 0.432293 0.851751
vn 0.369155 0.432292 0.822708
vn 0.439455 0.432292 0.787403
vn 0.506412 0.432292 0.746103
vn 0.569511 0.432291 0.699129
vn 0.628275 0.432292 0.646834
vn 0.682259 0.432293 0.589615
vn 0.731052 0.432292 0.527907
vn 0.774281 0.432291 0.462183
vn 0.811615 0.432293 0.392942
vn 0.842775 0.432291 0.320708
vn 0.867519 0.432293 0.246037
vn 0.885661 0.432292 0.169492
vn 0.897064 0.432291 0.091654
vn 0.901638 0.432293 0.013122
vn 0.899351 0.432291 -0.065510
vn 0.890218 0.432293 -0.143646
vn 0.874312 0.432292 -0.220688
vn 0.851751 0.432293 -0.296047
vn 0.822708 0.432291 -0.369156
vn 0.787402 0.432293 -0.439455
vn 0.746106 0.432291 -0.506409
vn 0.699130 0.432293 -0.569509
vn 0.646834 0.432292 -0.628275
vn 0.589613 0.432292 -0.682261
vn 0.527906 0.432292 -0.731053
vn 0.462183 0.432293 -0.774280
vn 0.392943 0.432292 -0.811615
vn 0.320709 0.432292 -0.842775
vn 0.246035 0.432292 -0.867520
vn 0.169490 0.432292 -0.885662
vn 0.091656 0.432292 -0.897064
vn -0.011431 0.101919 -0.994727
vn -0.098085 0.101919 -0.989945
vn -0.183989 0.101919 -0.977630
vn -0.268495 0.101919 -0.957874
vn -0.350958 0.101919 -0.930828
vn -0.430752 0.101919 -0.896697
vn -0.507263 0.101919 -0.855743
vn -0.579914 0.101919 -0.808277
vn -0.648154 0.101919 -0.754658
vn -0.711462 0.101919 -0.695294
vn -0.769354 0.101919 -0.630641
vn -0.821390 0.101919 -0.561187
vn -0.867174 0.101919 -0.487465
vn -0.906360 0.101919 -0.410030
vn -0.938648 0.101919 -0.329474
vn -0.963791 0.101919 -0.246413
vn -0.981600 0.101919 -0.161475
vn -0.991938 0.101919 -0.075308
vn -0.994727 0.101919 0.011431
vn -0.989946 0.101919 0.098083
vn -0.977630 0.101919 0.183990
vn -0.957874 0.101919 0.268496
vn -0.930828 0.101919 0.350958
vn -0.896697 0.101919 0.430751
vn -0.855743 0.101919 0.507263
vn -0.808276 0.101919 0.579915
vn -0.754656 0.101919 0.648156
vn -0.695294 0.101919 0.711462
vn -0.630643 0.101919 0.769352
vn -0.561191 0.101919 0.821388
vn -0.487464 0.101918 0.867175
vn -0.410029 0.101919 0.906360
vn -0.329474 0.101919 0.938648
vn -0.246411 0.101919 0.963792
vn -0.161476 0.101919 0.981600
vn -0.075309 0.101919 0.991938
vn 0.011431 0.101919 0.994727
vn 0.098085 0.101919 0.989945
vn 0.183989 0.101919 0.977630
vn 0.268495 0.101919 0.957874
vn 0.350958 0.101919 0.930828
vn 0.430749 0.101919 0.896699
vn 0.507265 0.101918 0.855742
vn 0.579918 0.101919 0.808274
vn 0.648155 0.101919 0.754657
vn 0.711460 0.101919 0.695296
vn 0.769353 0.101919 0.630642
vn 0.821390 0.101919 0.561187
vn 0.867174 0.101919 0.487464
vn 0.906360 0.101919 0.410029
vn 0.938648 0.101919 0.329474
vn 0.963791 0.101919 0.246414
vn 0.981600 0.101919 0.161475
vn 0.991938 0.101919 0.075307
vn 0.994727 0.101919 -0.011431
vn 0.989946 0.101919 -0.098083
vn 0.977630 0.101919 -0.183992
vn 0.957874 0.101919 -0.268496
vn 0.930828 0.101919 -0.350957
vn 0.896698 0.101919 -0.430751
vn 0.855743 0.101919 -0.507263
vn 0.808276 0.101919 -0.579915
vn 0.754658 0.101919 -0.648154
vn 0.695295 0.101919 -0.711461
vn 0.630640 0.101919 -0.769354
vn 0.561187 0.101919 -0.821390
vn 0.487465 0.101919 -0.867174
vn 0.410031 0.101919 -0.906359
vn 0.329474 0.101919 -0.938648
vn 0.246411 0.101919 -0.963792
vn 0.161476 0.101919 -0.981600
vn 0.075309 0.101919 -0.991938
vn 0.811615 -0.432293 -0.392942
vn 0.842775 -0.432291 -0.320708
vn 0.867519 -0.432293 -0.246037
vn 0.885662 -0.432292 -0.169492
vn 0.897063 -0.432293 -0.091654
vn 0.901639 -0.432291 -0.013122
vn 0.899351 -0.432293 0.065510
vn 0.890219 -0.432292 0.143645
vn 0.874312 -0.432292 0.220688
vn 0.851751 -0.432293 0.296047
vn 0.822708 -0.432291 0.369156
vn 0.787402 -0.432293 0.439455
vn 0.746106 -0.432292 0.506408
vn 0.699129 -0.432292 0.569510
vn 0.646832 -0.432292 0.628277
vn 0.589614 -0.432292 0.682260
vn 0.527910 -0.432292 0.731051
vn 0.462185 -0.432292 0.774279
vn 0.392940 -0.432292 0.811617
vn 0.320709 -0.432292 0.842775
vn 0.246035 -0.432292 0.867520
vn 0.169490 -0.432292 0.885662
vn 0.091656 -0.432292 0.897063
vn 0.013122 -0.432292 0.901638
vn -0.065511 -0.432292 0.899351
vn -0.143646 -0.432291 0.890219
vn -0.220684 -0.432292 0.874312
vn -0.296047 -0.432293 0.851751
vn -0.369156 -0.432292 0.822707
vn -0.439455 -0.432292 0.787403
vn -0.506412 -0.432292 0.746104
vn -0.569511 -0.432291 0.699129
vn -0.628275 -0.432292 0.646834
vn -0.682259 -0.432293 0.589615
vn -0.731053 -0.432292 0.527907
vn -0.774281 -0.432291 0.462183
vn -0.811615 -0.432293 0.392942
vn -0.842775 -0.432291 0.320709
vn -0.867519 -0.432293 0.246036
vn -0.885661 -0.432292 0.169491
vn -0.897064 -0.432291 0.091655
vn -0.901638 -0.432293 0.013122
vn -0.899351 -0.432291 -0.065510
vn -0.890219 -0.432293 -0.143645
vn -0.874312 -0.432292 -0.220686
vn -0.851751 -0.432293 -0.296047
vn -0.822708 -0.432291 -0.369157
vn -0.787402 -0.432293 -0.439456
vn -0.746106 -0.432291 -0.506409
vn -0.699130 -0.432293 -0.569509
vn -0.646834 -0.432292 -0.628275
vn -0.589613 -0.432292 -0.682261
vn -0.527906 -0.432292 -0.731053
vn -0.462183 -0.432292 -0.774281
vn -0.392943 -0.432292 -0.811615
vn -0.320709 -0.432292 -0.842775
vn -0.246035 -0.432292 -0.867520
vn -0.169490 -0.432292 -0.885662
vn -0.091656 -0.432292 -0.897064
vn -0.013122 -0.432292 -0.901638
vn 0.065511 -0.432292 -0.899351
vn 0.143646 -0.432292 -0.890219
vn 0.220684 -0.432292 -0.874312
vn 0.296047 -0.432293 -0.851751
vn 0.369157 -0.432292 -0.822707
vn 0.439456 -0.432292 -0.787402
vn 0.506408 -0.432292 -0.746106
vn 0.569508 -0.432292 -0.699131
vn 0.628276 -0.432293 -0.646833
vn 0.682261 -0.432291 -0.589613
vn 0.731052 -0.432293 -0.527907
vn 0.774281 -0.432291 -0.462183
vn -0.011431 -0.101919 0.994727
vn -0.098085 -0.101919 0.989945
vn -0.183989 -0.101919 0.977630
vn -0.268495 -0.101919 0.957874
vn -0.350958 -0.101919 0.930828
vn -0.430749 -0.101919 0.896698
vn -0.507265 -0.101918 0.855742
vn -0.579918 -0.101919 0.808274
vn -0.648155 -0.101919 0.754657
vn -0.711460 -0.101919 0.695296
vn -0.769353 -0.101919 0.630642
vn -0.821390 -0.101919 0.561187
vn -0.867174 -0.101919 0.487465
vn -0.906360 -0.101919 0.410030
vn -0.938648 -0.101919 0.329474
vn -0.963791 -0.101919 0.246413
vn -0.981600 -0.101919 0.161474
vn -0.991938 -0.101919 0.075308
vn -0.994727 -0.101919 -0.011431
vn -0.989946 -0.101919 -0.098083
vn -0.977630 -0.101919 -0.183990
vn -0.957874 -0.101919 -0.268496
vn -0.930828 -0.101919 -0.350958
vn -0.896697 -0.101919 -0.430751
vn -0.855743 -0.101919 -0.507263
vn -0.808276 -0.101919 -0.579915
vn -0.754658 -0.101919 -0.648154
vn -0.695295 -0.101919 -0.711461
vn -0.630640 -0.101919 -0.769354
vn -0.561187 -0.101919 -0.821390
vn -0.487465 -0.101919 -0.867174
vn -0.410031 -0.101919 -0.906359
vn -0.329474 -0.101919 -0.938648
vn -0.246411 -0.101919 -0.963792
vn -0.161476 -0.101919 -0.981600
vn -0.075309 -0.101919 -0.991938
vn 0.011431 -0.101919 -0.994727
vn 0.098085 -0.101919 -0.989945
vn 0.183989 -0.101919 -0.977630
vn 0.268495 -0.101919 -0.957874
vn 0.350958 -0.101919 -0.930828
vn 0.430752 -0.101919 -0.896697
vn 0.507264 -0.101919 -0.855743
vn 0.579914 -0.101919 -0.808277
vn 0.648154 -0.101919 -0.754658
vn 0.711462 -0.101919 -0.695294
vn 0.769353 -0.101919 -0.630641
vn 0.821390 -0.101919 -0.561187
vn 0.867174 -0.101919 -0.487464
vn 0.906360 -0.101919 -0.410029
vn 0.938648 -0.101919 -0.329474
vn 0.963791 -0.101919 -0.246414
vn 0.981600 -0.101919 -0.161476
vn 0.991938 -0.101919 -0.075307
vn 0.994727 -0.101919 0.011431
vn 0.989946 -0.101919 0.098083
vn 0.977630 -0.101919 0.183991
vn 0.957874 -0.101919 0.268496
vn 0.930828 -0.101919 0.350957
vn 0.896698 -0.101919 0.430751
vn 0.855743 -0.101919 0.507263
vn 0.808276 -0.101919 0.579915
vn 0.754657 -0.101919 0.648156
vn 0.695294 -0.101919 0.711462
vn 0.630642 -0.101919 0.769352
vn 0.561191 -0.101919 0.821387
vn 0.487464 -0.101918 0.867175
vn 0.410029 -0.101919 0.906360
vn 0.329474 -0.101919 0.938648
vn 0.246411 -0.101919 0.963792
vn 0.161476 -0.101919 0.981600
vn 0.075309 -0.101919 0.991938
vn 0.000211 0.996626 0.082081
vn -0.000000 0.999773 0.021317
vn 0.000000 0.995561 0.094114
vn 0.000000 0.996253 0.086488
vn -0.000000 0.993941 0.109915
vn 0.000002 0.995459 0.095188
vn -0.001205 0.499981 0.866036
vn 0.252498 0.771166 -0.584421
vn 0.292440 0.764789 -0.574088
vn 0.301133 0.764415 0.570078
vn 0.269333 0.760118 0.591338
vn 0.240115 0.740275 0.627963
vn 0.193317 0.753842 0.627973
vn 0.150408 0.768609 0.621786
vn -0.468864 0.768059 0.436179
vn -0.495988 0.764223 0.412260
vn -0.595233 0.772255 -0.222081
vn -0.617326 0.763078 -0.191365
vn -0.627353 0.764093 -0.150298
vn 0.121652 0.741046 0.660342
vn 0.079476 0.754173 0.651848
vn 0.036006 0.767060 0.640564
vn 0.000578 0.760982 0.648772
vn -0.203895 0.754310 0.624054
vn -0.542488 0.740214 0.397229
vn -0.544225 0.764204 0.346138
vn -0.565303 0.763116 0.313186
vn -0.583107 0.763631 0.277225
vn -0.626772 0.738064 0.249835
vn -0.605668 0.771093 0.196424
vn -0.620851 0.766619 0.163825
vn -0.444504 0.774366 -0.450303
vn -0.477096 0.765439 -0.431836
vn -0.503721 0.766078 -0.399236
vn -0.041038 0.738379 0.673137
vn -0.081804 0.761494 0.642989
vn -0.120644 0.759757 0.638917
vn -0.165589 0.740252 0.651619
vn -0.348611 0.762066 0.545642
vn -0.381859 0.760996 0.524471
vn -0.413238 0.761545 0.499283
vn -0.463608 0.736919 0.491954
vn -0.641949 0.758676 -0.110962
vn -0.635594 0.768859 -0.069831
vn 0.064574 0.774118 -0.629739
vn 0.027158 0.763449 -0.645297
vn -0.014869 0.759001 -0.650919
vn -0.053427 0.775674 -0.628869
vn -0.239982 0.766201 0.596108
vn -0.277795 0.759606 0.588072
vn -0.325100 0.740145 0.588639
vn -0.544386 0.771378 -0.329575
vn -0.574875 0.760515 -0.301888
vn -0.597270 0.756647 -0.265996
vn -0.533539 0.760621 -0.369853
vn -0.353709 0.773248 -0.526286
vn -0.392942 0.762276 -0.514326
vn -0.428487 0.758198 -0.491462
vn -0.131028 0.767504 -0.627510
vn -0.172867 0.762178 -0.623860
vn -0.208653 0.772272 -0.600049
vn 0.144752 0.767128 -0.624950
vn 0.104951 0.761836 -0.639211
vn 0.219321 0.762802 -0.608302
vn 0.183476 0.768892 -0.612488
vn -0.657839 0.741685 0.130961
vn -0.636241 0.766929 0.083775
vn -0.641516 0.765770 0.045310
vn -0.653666 0.756750 0.007158
vn -0.650063 0.759159 -0.033101
vn -0.089666 0.767895 -0.634269
vn -0.287123 0.767364 -0.573335
vn -0.248121 0.765414 -0.593782
vn -0.327358 0.761934 -0.558832
vn -0.010976 0.998395 -0.055564
vn -0.006905 0.998604 -0.052375
vn 0.006144 0.999977 -0.002951
vn 0.006926 0.999972 -0.002790
vn -0.004063 0.998303 -0.058094
vn -0.000005 0.999997 -0.002410
vn 0.003972 0.998260 -0.058826
vn 0.005468 0.999983 -0.001802
vn 0.006234 0.999979 -0.001667
vn 0.000252 1.000000 -0.000044
vn -0.045874 0.998945 0.002292
vn -0.049080 0.998795 -0.000363
vn 0.031190 0.999513 0.000018
vn -0.029052 0.998784 -0.039821
vn -0.023874 0.999009 -0.037566
vn 0.006998 0.998614 -0.052163
vn 0.010050 0.998627 -0.051407
vn 0.012733 0.998727 -0.048798
vn 0.005736 0.999979 0.002990
vn 0.005894 0.999976 0.003541
vn -0.016950 0.999074 0.039540
vn -0.014900 0.999459 0.029307
vn -0.018202 0.999346 0.031249
vn -0.020824 0.999300 0.031065
vn -0.020216 0.998517 -0.050552
vn -0.013724 0.999018 -0.042117
vn -0.013176 0.998666 -0.049918
vn 0.016932 0.998548 -0.051134
vn 0.016010 0.999091 -0.039504
vn 0.019971 0.998910 -0.042187
vn 0.000292 1.000000 -0.000202
vn 0.006120 0.999975 -0.003400
vn 0.005838 0.999975 0.004023
vn 0.006355 0.999967 0.005035
vn 0.005116 0.999976 0.004599
vn 0.005646 0.999968 0.005698
vn 0.005806 0.999961 0.006676
vn 0.005248 0.999963 0.006875
vn -0.009186 0.999108 0.041221
vn -0.011586 0.999110 0.040561
vn -0.013409 0.999193 0.037855
vn -0.027969 0.999414 0.019718
vn -0.032269 0.999283 0.019794
vn -0.035764 0.999267 0.013685
vn -0.035328 0.999315 0.010985
vn -0.038699 0.999206 0.009515
vn -0.001533 0.999999 0.000262
vn -0.057779 0.998307 0.006677
vn -0.049523 0.998767 -0.003475
vn -0.044362 0.998998 -0.005971
vn -0.044989 0.998949 -0.008813
vn -0.022999 0.998878 -0.041396
vn -0.020633 0.998850 -0.043272
vn 0.023278 0.998842 -0.042114
vn 0.023415 0.999054 -0.036657
vn 0.026713 0.998967 -0.036773
vn 0.005517 0.999983 0.001685
vn 0.006751 0.999976 0.001594
vn 0.006212 0.999980 0.001052
vn 0.006052 0.999979 0.002259
vn 0.006216 0.999977 0.002755
vn 0.005405 0.999953 0.008005
vn 0.005306 0.999945 0.009022
vn 0.005715 0.999919 0.011374
vn 0.019736 0.995779 0.089636
vn 0.012609 0.996742 0.079670
vn 0.006478 0.999979 -0.000098
vn 0.006433 0.999979 -0.000464
vn 0.000710 1.000000 -0.000096
vn 0.004438 0.999935 0.010487
vn 0.000121 1.000000 0.000319
vn 0.034415 0.992241 0.119473
vn -0.028263 0.999489 0.014898
vn -0.032762 0.999352 0.014930
vn 0.030181 0.999148 -0.028162
vn 0.036344 0.998882 -0.030221
vn 0.041077 0.998705 -0.030018
vn 0.007259 0.999974 0.000365
vn 0.005285 0.999986 0.000594
vn -0.019904 0.999465 0.025949
vn -0.022445 0.999412 0.025930
vn -0.024146 0.999403 0.024711
vn -0.043852 0.998972 -0.011479
vn -0.029644 0.999512 -0.009841
vn 0.031759 0.999494 0.001989
vn -0.022039 0.999717 -0.008955
vn 0.039918 0.999190 0.005046
vn -0.016767 0.999828 -0.007953
vn 0.046039 0.998900 0.008892
vn 0.029014 0.998963 -0.035097
vn 0.034835 0.998706 -0.037042
vn -0.001747 0.998756 0.049840
vn -0.004704 0.998681 0.051133
vn -0.007731 0.998747 0.049452
vn -0.028875 0.999246 0.025942
vn -0.022589 0.999585 0.017893
vn 0.026705 0.999621 0.006655
vn -0.012778 0.999893 -0.007069
vn 0.050555 0.998591 0.016108
vn -0.014164 0.999859 -0.009074
vn 0.020183 0.999754 0.009222
vn 0.043922 0.998882 0.017456
vn 0.026706 0.999411 0.021549
vn 0.035857 0.999021 0.025927
vn -0.010486 0.999916 -0.007638
vn 0.031910 0.999291 0.020001
vn 0.045259 0.998688 0.023936
vn 0.006604 0.997554 0.069591
vn 0.002080 0.997641 0.068608
vn 0.013067 0.998559 0.052050
vn 0.017846 0.998337 0.054817
vn -0.008441 0.999913 -0.010166
vn 0.015650 0.999146 0.038251
vn -0.011340 0.999861 -0.012191
vn 0.020358 0.999402 0.027943
vn 0.021595 0.999413 0.026594
vn -0.011389 0.999877 -0.010738
vn -0.013666 0.999843 -0.011309
vn 0.013635 0.999497 0.028642
vn 0.018636 0.999237 0.034310
vn 0.027848 0.998662 0.043567
vn 0.007005 0.999389 0.034256
vn 0.034601 0.998708 0.037205
vn 0.020843 0.999576 0.020355
vn 0.035651 0.998879 0.031146
vn -0.233516 0.462471 -0.855331
vn -0.301666 0.462569 -0.833683
vn -0.390192 0.381874 -0.837808
vn -0.444255 0.462620 -0.767215
vn -0.533492 0.381983 -0.754636
vn -0.572873 0.462595 -0.676625
vn -0.625472 0.462754 -0.628207
vn -0.707372 0.382039 -0.594702
vn -0.726629 0.462828 -0.507740
vn -0.802147 0.382160 -0.458818
vn -0.804912 0.462873 -0.371303
vn -0.832178 0.462943 -0.305228
vn -0.892216 0.382288 -0.240431
vn -0.872959 0.463072 -0.153321
vn -0.920751 0.382427 -0.077254
vn -0.839623 0.543169 -0.000607
vn -0.913335 0.401458 0.068196
vn -0.877837 0.456029 0.146423
vn -0.892963 0.387748 0.228623
vn -0.834657 0.463247 0.297910
vn -0.840156 0.382745 0.384244
vn -0.768750 0.463475 0.440697
vn -0.734428 0.454638 0.503905
vn -0.712294 0.389231 0.584069
vn -0.627138 0.473215 0.618681
vn -0.601144 0.382942 0.701414
vn -0.511843 0.463662 0.723211
vn -0.456774 0.444072 0.770816
vn -0.397946 0.397881 0.826638
vn -0.310305 0.462528 0.830529
vn -0.248534 0.383789 0.889346
vn -0.158418 0.470484 0.868072
vn -0.089819 0.445568 0.890731
vn -0.012635 0.391730 0.919993
vn 0.069513 0.461582 0.884370
vn 0.150310 0.384526 0.910795
vn 0.223192 0.469742 0.854124
vn 0.297170 0.435484 0.849732
vn 0.376732 0.400559 0.835240
vn 0.436772 0.460501 0.772767
vn 0.520809 0.385139 0.761857
vn 0.563364 0.468972 0.680210
vn 0.628671 0.434356 0.645064
vn 0.693922 0.401812 0.597510
vn 0.722760 0.459311 0.516383
vn 0.793657 0.385683 0.470487
vn 0.798425 0.467995 0.378812
vn 0.842869 0.433122 0.319338
vn 0.880934 0.402899 0.248251
vn 0.873811 0.458149 0.162951
vn 0.917942 0.386087 0.091209
vn 0.921059 0.389420 -0.001168
vn 0.882797 0.463125 -0.078639
vn 0.911141 0.377141 -0.166094
vn 0.851130 0.470372 -0.233083
vn 0.833480 0.462979 -0.301599
vn 0.837699 0.382159 -0.390147
vn 0.767099 0.462862 -0.444205
vn 0.756018 0.376481 -0.535442
vn 0.672862 0.470737 -0.570669
vn 0.628195 0.462758 -0.625481
vn 0.594722 0.381961 -0.707398
vn 0.507785 0.462660 -0.726705
vn 0.459346 0.375936 -0.804782
vn 0.368745 0.471145 -0.801280
vn 0.305290 0.462546 -0.832376
vn 0.240470 0.381852 -0.892392
vn 0.153360 0.462523 -0.873243
vn 0.077264 0.381853 -0.920988
vn -0.006379 0.438235 -0.898838
vn -0.078660 0.462518 -0.883114
vn -0.165020 0.381883 -0.909359
vn -0.081259 0.076596 0.993745
vn 0.301045 0.141361 0.943074
vn 0.371129 0.037071 0.927841
vn 0.671133 0.140822 0.727839
vn 0.728148 0.037023 0.684420
vn 0.915750 0.140263 0.376468
vn 0.949017 0.036988 0.313047
vn 0.079320 0.121339 -0.989437
vn 0.042034 0.078616 -0.996018
vn 0.130607 0.074309 -0.988646
vn 0.170485 0.082285 -0.981919
vn 0.216628 0.074329 -0.973420
vn 0.301018 0.043402 -0.952630
vn 0.261394 0.121317 -0.957578
vn 0.384173 0.074657 -0.920238
vn 0.346490 0.155559 -0.925065
vn 0.487497 0.119845 -0.864861
vn 0.446285 0.075856 -0.891670
vn 0.536003 0.074371 -0.840934
vn 0.568530 0.082330 -0.818533
vn 0.607577 0.074354 -0.790773
vn 0.675237 0.043580 -0.736312
vn 0.640689 0.121372 -0.758147
vn 0.736914 0.074691 -0.671848
vn 0.704122 0.155653 -0.692809
vn 0.806691 0.120067 -0.578649
vn 0.780878 0.075932 -0.620051
vn 0.841054 0.074480 -0.535800
vn 0.860586 0.082413 -0.502593
vn 0.884754 0.074385 -0.460085
vn 0.923054 0.043790 -0.382170
vn 0.900557 0.121503 -0.417415
vn 0.951734 0.074743 -0.297684
vn 0.930531 0.155804 -0.331416
vn 0.975442 0.120313 -0.184493
vn 0.969605 0.076053 -0.232554
vn 0.988657 0.074610 -0.130352
vn 0.992247 0.082521 -0.092931
vn 0.996289 0.074454 -0.043186
vn 0.992809 0.119692 -0.002027
vn 0.996229 0.074324 0.044770
vn 0.992830 0.082543 0.086456
vn 0.951076 0.156112 0.266615
vn 0.975176 0.043398 0.217135
vn 0.984018 0.076122 0.160980
vn 0.981994 0.136359 0.130748
vn 0.944144 0.137691 0.299389
vn 0.912128 0.076049 0.402788
vn 0.884316 0.074607 0.460889
vn 0.863807 0.082648 0.496997
vn 0.749988 0.156265 0.642729
vn 0.792156 0.043578 0.608762
vn 0.824165 0.076202 0.561200
vn 0.834766 0.136819 0.533334
vn 0.729164 0.137817 0.670318
vn 0.656964 0.076117 0.750070
vn 0.606816 0.074734 0.791321
vn 0.573782 0.082730 0.814819
vn 0.409075 0.156365 0.899004
vn 0.460814 0.043746 0.886418
vn 0.510371 0.076259 0.856566
vn 0.531244 0.137218 0.836033
vn 0.377557 0.137964 0.915651
vn 0.279046 0.076154 0.957253
vn 0.215666 0.074805 0.973598
vn 0.176721 0.082775 0.980774
vn -0.008152 0.156394 0.987661
vn 0.043193 0.043877 0.998103
vn 0.101205 0.076271 0.991938
vn 0.128234 0.137564 0.982157
vn -0.046363 0.134616 0.989813
vn -0.149726 0.076382 0.985773
vn -0.215865 0.074844 0.973551
vn -0.253282 0.082777 0.963845
vn -0.423866 0.156347 0.892128
vn -0.382518 0.043987 0.922900
vn -0.326860 0.076256 0.941991
vn -0.298752 0.137813 0.944328
vn -0.471361 0.037080 0.881160
vn -0.458748 0.137980 0.877788
vn -0.539538 0.040753 0.840975
vn -0.527040 0.145511 0.837291
vn -0.669758 0.138005 0.729643
vn -0.636037 0.082736 0.767210
vn -0.608080 0.074529 0.790370
vn -0.581988 0.156477 0.798001
vn -0.692205 0.073441 0.717955
vn -0.736222 0.074463 0.672631
vn -0.763306 0.082684 0.640724
vn -0.843429 0.042664 0.535544
vn -0.828714 0.151241 0.538849
vn -0.797670 0.037081 0.601953
vn -0.786523 0.137929 0.601961
vn -0.913375 0.142207 0.381475
vn -0.897551 0.082738 0.433078
vn -0.885029 0.074492 0.459537
vn -0.861199 0.156209 0.483668
vn -0.924754 0.039379 0.378523
vn -0.935943 0.156374 0.315527
vn -0.951505 0.074376 0.298507
vn -0.962292 0.082588 0.259178
vn -0.977236 0.037047 0.208897
vn -0.967243 0.137797 0.213199
vn -0.989628 0.137582 0.041313
vn -0.984865 0.156020 0.075490
vn -0.990691 0.042889 0.129197
vn -0.978598 0.152062 0.138649
vn -0.998842 0.036947 0.030830
vn -0.996385 0.074009 -0.041710
vn -0.995167 0.083421 -0.051806
vn -0.988518 0.074300 -0.131572
vn -0.981768 0.156153 -0.108386
vn -0.945565 0.152977 -0.287235
vn -0.969341 0.082925 -0.231303
vn -0.973460 0.074403 -0.216426
vn -0.981873 0.082486 -0.170650
vn -0.952545 0.043126 -0.301327
vn -0.924919 0.155819 -0.346764
vn -0.920954 0.074319 -0.382520
vn -0.909665 0.082570 -0.407052
vn -0.885555 0.073867 -0.458624
vn -0.880304 0.083363 -0.467029
vn -0.840334 0.074210 -0.536965
vn -0.844586 0.155950 -0.512205
vn -0.735902 0.153867 -0.659373
vn -0.781473 0.082869 -0.618411
vn -0.790826 0.074331 -0.607510
vn -0.818419 0.082391 -0.568685
vn -0.736162 0.043344 -0.675416
vn -0.692570 0.155650 -0.704357
vn -0.673033 0.074254 -0.735876
vn -0.653299 0.082508 -0.752591
vn -0.609034 0.073716 -0.789711
vn -0.600948 0.083326 -0.794933
vn -0.534731 0.074152 -0.841763
vn -0.549995 0.155787 -0.820510
vn -0.388867 0.154899 -0.908179
vn -0.447960 0.082843 -0.890207
vn -0.460040 0.074263 -0.884787
vn -0.502439 0.082326 -0.860684
vn -0.382036 0.043588 -0.923119
vn -0.331154 0.155538 -0.930669
vn -0.299066 0.074206 -0.951343
vn -0.275155 0.082481 -0.957855
vn -0.218538 0.073624 -0.973047
vn -0.209270 0.083326 -0.974301
vn -0.128967 0.074131 -0.988874
vn -0.152866 0.155692 -0.975906
vn -0.022743 0.082803 -0.996306
vn -0.042984 0.077373 -0.996075
vn -0.092773 0.082301 -0.992280
vn 0.153361 0.462522 -0.873243
vn 0.077263 0.381879 -0.920977
vn -0.006379 0.438242 -0.898835
vn -0.078660 0.462521 -0.883112
vn -0.165020 0.381882 -0.909359
vn -0.233517 0.462464 -0.855334
vn -0.301663 0.462572 -0.833683
vn -0.390190 0.381872 -0.837810
vn -0.444256 0.462618 -0.767217
vn -0.533488 0.381986 -0.754637
vn -0.572877 0.462595 -0.676622
vn -0.625480 0.462753 -0.628199
vn -0.707369 0.382041 -0.594705
vn -0.726629 0.462828 -0.507740
vn -0.802148 0.382157 -0.458819
vn -0.804908 0.462873 -0.371309
vn -0.832181 0.462941 -0.305221
vn -0.892215 0.382286 -0.240437
vn -0.872958 0.463073 -0.153321
vn -0.920752 0.382427 -0.077241
vn -0.839624 0.543167 -0.000598
vn -0.913337 0.401459 0.068169
vn -0.877836 0.456030 0.146423
vn -0.892962 0.387745 0.228630
vn -0.834656 0.463248 0.297910
vn -0.840152 0.382744 0.384255
vn -0.768756 0.463476 0.440685
vn -0.734430 0.454640 0.503899
vn -0.712285 0.389228 0.584081
vn -0.627139 0.473211 0.618683
vn -0.601152 0.382947 0.701404
vn -0.511834 0.463657 0.723221
vn -0.456781 0.444071 0.770813
vn -0.397940 0.397881 0.826640
vn -0.310383 0.461802 0.830904
vn -0.248403 0.384314 0.889156
vn -0.158485 0.463725 0.871689
vn -0.088547 0.442591 0.892341
vn -0.011430 0.399286 0.916755
vn 0.069686 0.460111 0.885123
vn 0.150399 0.385598 0.910327
vn 0.224491 0.463727 0.857066
vn 0.296888 0.440918 0.847024
vn 0.376733 0.400554 0.835242
vn 0.437479 0.458329 0.773658
vn 0.520628 0.386745 0.761167
vn 0.565524 0.463579 0.682112
vn 0.627442 0.439202 0.642976
vn 0.693919 0.401812 0.597514
vn 0.724133 0.456345 0.517089
vn 0.793035 0.387894 0.469716
vn 0.800812 0.463324 0.379514
vn 0.841154 0.437302 0.318162
vn 0.880937 0.402899 0.248238
vn 0.875739 0.454426 0.163026
vn 0.916811 0.388891 0.090669
vn 0.921059 0.389421 -0.001168
vn 0.882796 0.463128 -0.078631
vn 0.909158 0.382366 -0.165009
vn 0.855101 0.462929 -0.233450
vn 0.833482 0.462980 -0.301592
vn 0.837696 0.382162 -0.390152
vn 0.767105 0.462865 -0.444192
vn 0.754583 0.382125 -0.533466
vn 0.676588 0.462666 -0.572861
vn 0.628198 0.462759 -0.625477
vn 0.594714 0.381966 -0.707401
vn 0.507780 0.462662 -0.726707
vn 0.458863 0.381933 -0.802230
vn 0.371371 0.462537 -0.805073
vn 0.305287 0.462549 -0.832375
vn 0.240469 0.381859 -0.892389
vn -0.124317 0.144762 0.981626
vn -0.055284 0.037091 0.997782
vn 0.301733 0.143961 0.942461
vn 0.371120 0.037072 0.927845
vn 0.671466 0.143106 0.727086
vn 0.728148 0.037022 0.684420
vn 0.915725 0.142198 0.375802
vn 0.949025 0.036989 0.313022
vn 0.108187 0.155766 -0.981852
vn 0.051687 0.083193 -0.995192
vn 0.041470 0.078506 -0.996051
vn 0.131453 0.074110 -0.988548
vn 0.170485 0.082285 -0.981919
vn 0.216321 0.074237 -0.973496
vn 0.231159 0.082748 -0.969391
vn 0.301238 0.043044 -0.952577
vn 0.286994 0.152696 -0.945684
vn 0.382409 0.074197 -0.921009
vn 0.346499 0.155563 -0.925061
vn 0.511989 0.155800 -0.844745
vn 0.466884 0.083266 -0.880390
vn 0.458498 0.073771 -0.885628
vn 0.406893 0.082447 -0.909748
vn 0.536857 0.074145 -0.840409
vn 0.568530 0.082330 -0.818533
vn 0.607389 0.074289 -0.790923
vn 0.618272 0.082831 -0.781587
vn 0.675361 0.043340 -0.736213
vn 0.659168 0.153840 -0.736092
vn 0.735770 0.074269 -0.673147
vn 0.704122 0.155653 -0.692809
vn 0.820330 0.155893 -0.550233
vn 0.794819 0.083380 -0.601091
vn 0.789611 0.073752 -0.609160
vn 0.752472 0.082535 -0.653432
vn 0.841693 0.074222 -0.534831
vn 0.860601 0.082414 -0.502568
vn 0.884711 0.074356 -0.460172
vn 0.890117 0.082957 -0.448119
vn 0.923083 0.043663 -0.382115
vn 0.908047 0.155132 -0.389081
vn 0.951303 0.074353 -0.299157
vn 0.930532 0.155802 -0.331416
vn 0.975806 0.156045 -0.153144
vn 0.974249 0.083522 -0.209436
vn 0.973006 0.073789 -0.218663
vn 0.957805 0.082654 -0.275276
vn 0.988845 0.074324 -0.129080
vn 0.992250 0.082522 -0.092898
vn 0.996289 0.074455 -0.043187
vn 0.992809 0.119695 -0.002026
vn 0.996229 0.074324 0.044770
vn 0.992830 0.082543 0.086456
vn 0.951085 0.156110 0.266584
vn 0.975104 0.042626 0.217613
vn 0.967112 0.151095 0.204607
vn 0.989698 0.037029 0.138299
vn 0.981879 0.137723 0.130176
vn 0.944157 0.137690 0.299349
vn 0.921600 0.039382 0.386138
vn 0.885105 0.156413 0.438320
vn 0.883963 0.074415 0.461597
vn 0.863807 0.082648 0.496997
vn 0.749972 0.156265 0.642746
vn 0.791932 0.042953 0.609096
vn 0.790208 0.152254 0.593625
vn 0.838789 0.037084 0.543192
vn 0.834882 0.137906 0.532873
vn 0.729175 0.137817 0.670306
vn 0.672239 0.039771 0.739265
vn 0.617795 0.156532 0.770602
vn 0.606060 0.074506 0.791921
vn 0.573782 0.082731 0.814819
vn 0.409086 0.156368 0.898998
vn 0.460574 0.043287 0.886565
vn 0.465717 0.153484 0.871522
vn 0.531066 0.037116 0.846517
vn 0.531457 0.138019 0.835766
vn 0.377549 0.137962 0.915654
vn 0.297003 0.040126 0.954033
vn 0.235208 0.156592 0.959248
vn 0.214615 0.074549 0.973850
vn 0.176721 0.082775 0.980774
vn -0.008151 0.156396 0.987661
vn 0.042993 0.043570 0.998125
vn 0.054269 0.154593 0.986487
vn 0.124015 0.037144 0.991585
vn 0.128429 0.138104 0.982056
vn -0.044797 0.138021 0.989416
vn -0.133795 0.040455 0.990183
vn -0.191179 0.156570 0.968987
vn -0.217072 0.074558 0.973304
vn -0.253273 0.082776 0.963847
vn -0.423854 0.156345 0.892134
vn -0.382600 0.043839 0.922874
vn -0.367172 0.155716 0.917026
vn -0.306207 0.037135 0.951240
vn -0.298652 0.138081 0.944320
vn -0.471373 0.037080 0.881154
vn -0.458756 0.137983 0.877783
vn -0.539532 0.040753 0.840979
vn -0.527052 0.145514 0.837282
vn -0.669778 0.138009 0.729624
vn -0.636070 0.082734 0.767183
vn -0.608070 0.074526 0.790378
vn -0.581958 0.156475 0.798023
vn -0.692209 0.073444 0.717951
vn -0.736212 0.074463 0.672642
vn -0.763306 0.082682 0.640725
vn -0.843434 0.042664 0.535536
vn -0.828727 0.151240 0.538830
vn -0.797664 0.037080 0.601961
vn -0.786512 0.137925 0.601977
vn -0.913375 0.142207 0.381475
vn -0.897525 0.082737 0.433132
vn -0.885029 0.074492 0.459537
vn -0.861212 0.156212 0.483645
vn -0.924749 0.039378 0.378534
vn -0.935944 0.156372 0.315527
vn -0.951515 0.074377 0.298476
vn -0.962300 0.082592 0.259146
vn -0.977230 0.037043 0.208924
vn -0.967234 0.137795 0.213240
vn -0.989629 0.137582 0.041292
vn -0.984870 0.156019 0.075427
vn -0.990693 0.042887 0.129185
vn -0.978598 0.152057 0.138649
vn -0.998841 0.036947 0.030832
vn -0.996386 0.074010 -0.041673
vn -0.995167 0.083421 -0.051806
vn -0.988521 0.074298 -0.131550
vn -0.981765 0.156153 -0.108417
vn -0.945564 0.152982 -0.287237
vn -0.969341 0.082927 -0.231303
vn -0.973453 0.074403 -0.216458
vn -0.981873 0.082484 -0.170650
vn -0.952552 0.043125 -0.301305
vn -0.924929 0.155819 -0.346737
vn -0.920945 0.074318 -0.382539
vn -0.909665 0.082570 -0.407052
vn -0.885555 0.073867 -0.458625
vn -0.880304 0.083361 -0.467029
vn -0.840345 0.074211 -0.536949
vn -0.844575 0.155948 -0.512223
vn -0.735901 0.153867 -0.659375
vn -0.781489 0.082868 -0.618391
vn -0.790815 0.074331 -0.607525
vn -0.818419 0.082391 -0.568685
vn -0.736150 0.043344 -0.675429
vn -0.692587 0.155649 -0.704341
vn -0.673056 0.074254 -0.735855
vn -0.653299 0.082507 -0.752591
vn -0.609028 0.073715 -0.789716
vn -0.600935 0.083326 -0.794943
vn -0.534730 0.074155 -0.841763
vn -0.549996 0.155785 -0.820509
vn -0.388857 0.154895 -0.908184
vn -0.447960 0.082842 -0.890207
vn -0.460050 0.074261 -0.884782
vn -0.502424 0.082325 -0.860693
vn -0.382023 0.043588 -0.923124
vn -0.331152 0.155542 -0.930669
vn -0.299073 0.074206 -0.951341
vn -0.275146 0.082481 -0.957858
vn -0.218538 0.073623 -0.973047
vn -0.209275 0.083327 -0.974300
vn -0.128967 0.074133 -0.988874
vn -0.152861 0.155691 -0.975907
vn -0.022743 0.082803 -0.996306
vn -0.042984 0.077372 -0.996075
vn -0.092776 0.082300 -0.992280
vn 0.170065 -0.425870 0.888658
vn 0.091966 -0.425872 0.900097
vn 0.013166 -0.425867 0.904690
vn -0.065733 -0.425869 0.902394
vn -0.144132 -0.425870 0.893231
vn -0.221432 -0.425866 0.877272
vn -0.297049 -0.425870 0.854632
vn -0.370402 -0.425865 0.825494
vn -0.440944 -0.425869 0.790066
vn -0.508123 -0.425871 0.748629
vn -0.571440 -0.425865 0.701495
vn -0.630407 -0.425870 0.649016
vn -0.684563 -0.425868 0.591617
vn -0.733525 -0.425868 0.529696
vn -0.776905 -0.425867 0.463741
vn -0.814358 -0.425871 0.394277
vn -0.845627 -0.425867 0.321796
vn -0.870454 -0.425870 0.246869
vn -0.888657 -0.425870 0.170068
vn -0.900101 -0.425868 0.091952
vn -0.904689 -0.425868 0.013163
vn -0.902395 -0.425868 -0.065720
vn -0.893231 -0.425871 -0.144126
vn -0.877269 -0.425867 -0.221440
vn -0.854633 -0.425871 -0.297047
vn -0.825490 -0.425867 -0.370411
vn -0.790067 -0.425868 -0.440943
vn -0.748634 -0.425869 -0.508117
vn -0.701490 -0.425868 -0.571444
vn -0.649025 -0.425866 -0.630401
vn -0.591613 -0.425873 -0.684562
vn -0.529689 -0.425867 -0.733530
vn -0.463748 -0.425867 -0.776901
vn -0.394273 -0.425870 -0.814361
vn -0.321792 -0.425865 -0.845629
vn -0.246868 -0.425871 -0.870454
vn -0.170063 -0.425868 -0.888659
vn -0.091967 -0.425869 -0.900099
vn -0.013166 -0.425873 -0.904687
vn 0.065733 -0.425867 -0.902395
vn 0.144133 -0.425866 -0.893232
vn 0.221433 -0.425869 -0.877270
vn 0.297044 -0.425871 -0.854633
vn 0.370404 -0.425863 -0.825495
vn 0.440948 -0.425871 -0.790062
vn 0.508122 -0.425870 -0.748629
vn 0.571429 -0.425868 -0.701502
vn 0.630408 -0.425868 -0.649016
vn 0.684564 -0.425870 -0.591614
vn 0.733525 -0.425868 -0.529696
vn 0.776905 -0.425867 -0.463741
vn 0.814358 -0.425871 -0.394277
vn 0.845629 -0.425867 -0.321789
vn 0.870459 -0.425869 -0.246856
vn 0.888656 -0.425869 -0.170076
vn 0.900098 -0.425871 -0.091967
vn 0.904689 -0.425869 -0.013163
vn 0.902393 -0.425871 0.065728
vn 0.893230 -0.425869 0.144140
vn 0.877272 -0.425866 0.221433
vn 0.854637 -0.425872 0.297034
vn 0.825490 -0.425867 0.370411
vn 0.790067 -0.425868 0.440943
vn 0.748632 -0.425873 0.508116
vn 0.701490 -0.425866 0.571446
vn 0.649022 -0.425868 0.630402
vn 0.591611 -0.425871 0.684565
vn 0.529689 -0.425867 0.733530
vn 0.463756 -0.425866 0.776896
vn 0.394269 -0.425873 0.814361
vn 0.321790 -0.425866 0.845630
vn 0.246867 -0.425864 0.870457
vn -0.996329 -0.084763 -0.011974
vn -0.991495 -0.084762 -0.098755
vn -0.979112 -0.084759 -0.184812
vn -0.959280 -0.084762 -0.269439
vn -0.932146 -0.084763 -0.352021
vn -0.897915 -0.084762 -0.431930
vn -0.856861 -0.084762 -0.508531
vn -0.809274 -0.084760 -0.581285
vn -0.755528 -0.084761 -0.649610
vn -0.696048 -0.084763 -0.712974
vn -0.631252 -0.084761 -0.770932
vn -0.561656 -0.084761 -0.823018
vn -0.487795 -0.084762 -0.868833
vn -0.410209 -0.084761 -0.908044
vn -0.329509 -0.084762 -0.940340
vn -0.246298 -0.084762 -0.965481
vn -0.161215 -0.084762 -0.983273
vn -0.074905 -0.084763 -0.993582
vn 0.011978 -0.084762 -0.996329
vn 0.098769 -0.084762 -0.991494
vn 0.184808 -0.084762 -0.979112
vn 0.269437 -0.084762 -0.959281
vn 0.352015 -0.084762 -0.932149
vn 0.431925 -0.084762 -0.897918
vn 0.508545 -0.084762 -0.856853
vn 0.581274 -0.084761 -0.809281
vn 0.649605 -0.084762 -0.755532
vn 0.712983 -0.084762 -0.696040
vn 0.770925 -0.084762 -0.631260
vn 0.823019 -0.084761 -0.561653
vn 0.868835 -0.084761 -0.487792
vn 0.908041 -0.084760 -0.410217
vn 0.940345 -0.084762 -0.329494
vn 0.965480 -0.084763 -0.246298
vn 0.983271 -0.084762 -0.161225
vn 0.993582 -0.084761 -0.074899
vn 0.996329 -0.084763 0.011974
vn 0.991494 -0.084762 0.098770
vn 0.979111 -0.084761 0.184819
vn 0.959284 -0.084763 0.269425
vn 0.932149 -0.084762 0.352014
vn 0.897915 -0.084761 0.431931
vn 0.856862 -0.084761 0.508531
vn 0.809274 -0.084760 0.581285
vn 0.755527 -0.084761 0.649612
vn 0.696047 -0.084764 0.712975
vn 0.631247 -0.084761 0.770937
vn 0.561663 -0.084763 0.823013
vn 0.487797 -0.084762 0.868832
vn 0.410207 -0.084761 0.908045
vn 0.329504 -0.084761 0.940342
vn 0.246299 -0.084763 0.965480
vn 0.161216 -0.084762 0.983272
vn 0.074903 -0.084761 0.993582
vn -0.011978 -0.084762 0.996329
vn -0.098770 -0.084762 0.991494
vn -0.184805 -0.084762 0.979113
vn -0.269439 -0.084762 0.959280
vn -0.352017 -0.084762 0.932148
vn -0.431921 -0.084762 0.897919
vn -0.508540 -0.084761 0.856856
vn -0.581281 -0.084762 0.809276
vn -0.649611 -0.084762 0.755527
vn -0.712981 -0.084762 0.696042
vn -0.770925 -0.084762 0.631261
vn -0.823019 -0.084761 0.561653
vn -0.868835 -0.084761 0.487792
vn -0.908040 -0.084762 0.410218
vn -0.940341 -0.084762 0.329507
vn -0.965478 -0.084763 0.246306
vn -0.983274 -0.084760 0.161209
vn -0.993583 -0.084761 0.074891
vn -0.246865 -0.425869 -0.870456
vn -0.170063 -0.425868 -0.888659
vn -0.091967 -0.425866 -0.900100
vn -0.013167 -0.425870 -0.904689
vn 0.065733 -0.425867 -0.902395
vn 0.144132 -0.425870 -0.893231
vn 0.221432 -0.425867 -0.877272
vn 0.297051 -0.425870 -0.854632
vn 0.370405 -0.425871 -0.825490
vn 0.440940 -0.425867 -0.790069
vn 0.508123 -0.425868 -0.748630
vn 0.571440 -0.425869 -0.701493
vn 0.630401 -0.425870 -0.649022
vn 0.684567 -0.425869 -0.591611
vn 0.733528 -0.425869 -0.529691
vn 0.776899 -0.425866 -0.463752
vn 0.814361 -0.425870 -0.394272
vn 0.845628 -0.425869 -0.321789
vn 0.870453 -0.425869 -0.246876
vn 0.888659 -0.425868 -0.170062
vn 0.900099 -0.425869 -0.091967
vn 0.904690 -0.425868 -0.013163
vn 0.902394 -0.425869 0.065728
vn 0.893231 -0.425869 0.144133
vn 0.877270 -0.425869 0.221433
vn 0.854631 -0.425869 0.297053
vn 0.825495 -0.425868 0.370399
vn 0.790064 -0.425868 0.440948
vn 0.748630 -0.425870 0.508122
vn 0.701495 -0.425870 0.571436
vn 0.649019 -0.425866 0.630407
vn 0.591612 -0.425868 0.684566
vn 0.529699 -0.425869 0.733522
vn 0.463746 -0.425870 0.776901
vn 0.394267 -0.425868 0.814365
vn 0.321796 -0.425868 0.845626
vn 0.246868 -0.425871 0.870454
vn 0.170063 -0.425868 0.888659
vn 0.091966 -0.425869 0.900099
vn 0.013166 -0.425864 0.904691
vn -0.065733 -0.425870 0.902394
vn -0.144132 -0.425870 0.893231
vn -0.221429 -0.425870 0.877270
vn -0.297050 -0.425865 0.854635
vn -0.370409 -0.425873 0.825488
vn -0.440938 -0.425867 0.790070
vn -0.508127 -0.425868 0.748628
vn -0.571439 -0.425868 0.701494
vn -0.630396 -0.425870 0.649027
vn -0.684573 -0.425869 0.591604
vn -0.733528 -0.425868 0.529691
vn -0.776899 -0.425866 0.463752
vn -0.814361 -0.425870 0.394272
vn -0.845628 -0.425869 0.321789
vn -0.870453 -0.425869 0.246876
vn -0.888659 -0.425869 0.170062
vn -0.900098 -0.425868 0.091974
vn -0.904688 -0.425871 0.013170
vn -0.902394 -0.425868 -0.065742
vn -0.893231 -0.425869 -0.144134
vn -0.877270 -0.425869 -0.221433
vn -0.854631 -0.425869 -0.297053
vn -0.825495 -0.425868 -0.370399
vn -0.790064 -0.425868 -0.440948
vn -0.748631 -0.425866 -0.508123
vn -0.701499 -0.425872 -0.571430
vn -0.649023 -0.425870 -0.630400
vn -0.591605 -0.425867 -0.684574
vn -0.529696 -0.425869 -0.733524
vn -0.463744 -0.425870 -0.776901
vn -0.394274 -0.425864 -0.814364
vn -0.321798 -0.425873 -0.845623
vn -0.996329 -0.084760 -0.011982
vn -0.991493 -0.084760 -0.098777
vn -0.979113 -0.084763 -0.184804
vn -0.959278 -0.084762 -0.269447
vn -0.932149 -0.084762 -0.352015
vn -0.897919 -0.084762 -0.431923
vn -0.856855 -0.084762 -0.508542
vn -0.809277 -0.084762 -0.581280
vn -0.755540 -0.084762 -0.649596
vn -0.696037 -0.084761 -0.712985
vn -0.631252 -0.084763 -0.770932
vn -0.561659 -0.084763 -0.823016
vn -0.487788 -0.084762 -0.868837
vn -0.410217 -0.084763 -0.908040
vn -0.329509 -0.084761 -0.940340
vn -0.246296 -0.084762 -0.965481
vn -0.161215 -0.084761 -0.983273
vn -0.074905 -0.084762 -0.993582
vn 0.011978 -0.084762 -0.996329
vn 0.098769 -0.084762 -0.991494
vn 0.184806 -0.084762 -0.979113
vn 0.269439 -0.084761 -0.959280
vn 0.352022 -0.084763 -0.932146
vn 0.431922 -0.084762 -0.897919
vn 0.508535 -0.084762 -0.856859
vn 0.581285 -0.084761 -0.809273
vn 0.649606 -0.084762 -0.755532
vn 0.712978 -0.084762 -0.696044
vn 0.770933 -0.084763 -0.631251
vn 0.823016 -0.084762 -0.561658
vn 0.868832 -0.084762 -0.487798
vn 0.908046 -0.084760 -0.410204
vn 0.940339 -0.084761 -0.329513
vn 0.965480 -0.084761 -0.246300
vn 0.983272 -0.084761 -0.161217
vn 0.993582 -0.084761 -0.074899
vn 0.996329 -0.084762 0.011974
vn 0.991494 -0.084761 0.098769
vn 0.979113 -0.084761 0.184804
vn 0.959278 -0.084761 0.269446
vn 0.932149 -0.084762 0.352015
vn 0.897918 -0.084761 0.431924
vn 0.856855 -0.084761 0.508542
vn 0.809277 -0.084762 0.581280
vn 0.755530 -0.084762 0.649607
vn 0.696040 -0.084763 0.712982
vn 0.631258 -0.084763 0.770927
vn 0.561663 -0.084762 0.823013
vn 0.487787 -0.084760 0.868838
vn 0.410210 -0.084762 0.908044
vn 0.329511 -0.084762 0.940339
vn 0.246297 -0.084762 0.965481
vn 0.161215 -0.084761 0.983273
vn 0.074903 -0.084761 0.993582
vn -0.011978 -0.084762 0.996329
vn -0.098770 -0.084762 0.991494
vn -0.184806 -0.084762 0.979113
vn -0.269435 -0.084761 0.959281
vn -0.352024 -0.084763 0.932145
vn -0.431922 -0.084761 0.897919
vn -0.508537 -0.084762 0.856858
vn -0.581288 -0.084762 0.809271
vn -0.649599 -0.084763 0.755537
vn -0.712981 -0.084762 0.696042
vn -0.770936 -0.084762 0.631247
vn -0.823016 -0.084762 0.561658
vn -0.868832 -0.084762 0.487798
vn -0.908046 -0.084762 0.410205
vn -0.940339 -0.084762 0.329513
vn -0.965480 -0.084761 0.246300
vn -0.983272 -0.084763 0.161217
vn -0.993581 -0.084762 0.074913
vn -0.009488 -0.998809 0.047855
vn -0.006119 -0.998904 0.046413
vn -0.003885 -0.998538 0.053909
vn -0.017651 -0.995965 0.087985
vn -0.009552 -0.997376 0.071763
vn -0.004734 -0.997828 0.065697
vn -0.001940 -0.997157 0.075321
vn -0.001763 -0.997745 0.067094
vn 0.001824 -0.998595 0.052967
vn 0.005012 -0.997403 0.071842
vn 0.004599 -0.999987 0.002172
vn 0.005200 -0.999984 0.002080
vn 0.004564 -0.999986 0.002515
vn 0.004118 -0.999991 0.001322
vn 0.004710 -0.999988 0.001226
vn 0.000251 -1.000000 0.000034
vn 0.001552 -0.999228 0.039265
vn 0.003812 -0.998379 0.056788
vn 0.006510 -0.998792 0.048704
vn 0.046544 -0.998840 0.012329
vn 0.040817 -0.999078 0.013282
vn 0.049292 -0.998590 0.019719
vn 0.011005 -0.999890 -0.009923
vn 0.015781 -0.999747 -0.016001
vn -0.042932 -0.999022 -0.010598
vn -0.044121 -0.998994 -0.008021
vn 0.004136 -0.999913 0.012492
vn 0.003485 -0.999957 0.008599
vn 0.003977 -0.999957 0.008402
vn 0.004276 -0.999961 0.007697
vn 0.038006 -0.998984 0.024215
vn 0.040473 -0.998928 0.022466
vn 0.042060 -0.998914 0.020040
vn 0.010254 -0.997033 0.076286
vn 0.000055 -1.000000 0.000263
vn 0.003515 -0.999903 0.013453
vn 0.003971 -0.999973 0.006176
vn 0.004223 -0.999974 0.005809
vn 0.004286 -0.999977 0.005185
vn 0.004438 -0.999983 0.003690
vn 0.004728 -0.999983 0.003429
vn 0.004282 -0.999987 0.002702
vn 0.009051 -0.998895 0.046115
vn 0.011158 -0.999024 0.042747
vn 0.013968 -0.998997 0.042551
vn 0.010710 -0.999867 -0.012285
vn -0.015396 -0.997454 -0.069636
vn -0.021729 -0.996866 -0.076066
vn -0.000103 -1.000000 -0.000309
vn -0.004588 -0.999932 -0.010706
vn -0.003722 -0.999966 -0.007320
vn -0.006114 -0.999921 0.011004
vn -0.006170 -0.999897 0.012936
vn -0.040457 -0.999102 -0.012621
vn -0.016223 -0.999045 0.040567
vn -0.011233 -0.999342 0.034473
vn -0.011086 -0.999062 0.041866
vn 0.014735 -0.999222 0.036592
vn 0.016295 -0.999271 0.034513
vn 0.019816 -0.999155 0.036019
vn 0.012942 -0.999876 -0.008983
vn 0.020991 -0.999699 -0.012711
vn 0.014865 -0.999859 -0.007811
vn 0.014121 -0.999730 -0.018470
vn 0.009039 -0.999868 -0.013469
vn 0.010158 -0.999798 -0.017356
vn 0.015538 -0.998442 -0.053599
vn 0.011394 -0.998599 -0.051674
vn 0.008611 -0.998471 -0.054604
vn -0.005757 -0.999982 0.001483
vn -0.006124 -0.999979 0.001991
vn -0.007034 -0.999821 0.017583
vn -0.000111 -1.000000 0.000325
vn -0.025016 -0.995237 0.094224
vn -0.049832 -0.998741 -0.005795
vn -0.042256 -0.999105 -0.002148
vn -0.048333 -0.998831 0.000320
vn -0.017998 -0.999439 0.028258
vn -0.017678 -0.999337 0.031817
vn -0.016188 -0.999292 0.033949
vn 0.004850 -0.999975 0.005126
vn 0.003907 -0.999986 0.003616
vn 0.053076 -0.998549 -0.009151
vn 0.054589 -0.998425 -0.012934
vn 0.048799 -0.998696 -0.014993
vn 0.047668 -0.998706 -0.017743
vn 0.025557 -0.999609 -0.011380
vn 0.019316 -0.999697 -0.015239
vn 0.012392 -0.999623 -0.024517
vn 0.013368 -0.999418 -0.031396
vn 0.017291 -0.998686 -0.048251
vn -0.005608 -0.999983 -0.001770
vn -0.005709 -0.999983 -0.001426
vn 0.000773 -1.000000 -0.000551
vn -0.000798 -1.000000 -0.000163
vn 0.005857 -0.999977 -0.003563
vn 0.005636 -0.999980 -0.002980
vn 0.005606 -0.999968 -0.005712
vn -0.000179 -1.000000 -0.000284
vn 0.005019 -0.999977 -0.004563
vn 0.006174 -0.999969 -0.004892
vn 0.005844 -0.999960 -0.006721
vn 0.005363 -0.999961 -0.007024
vn 0.005617 -0.999949 -0.008388
vn -0.010534 -0.998818 -0.047451
vn -0.013728 -0.998750 -0.048060
vn -0.016343 -0.998801 -0.046137
vn -0.021191 -0.998553 -0.049433
vn -0.019168 -0.999105 -0.037700
vn -0.022165 -0.999027 -0.038133
vn -0.009742 -0.999846 -0.014569
vn -0.012679 -0.999889 -0.007807
vn -0.016534 -0.999795 -0.011692
vn -0.008913 -0.999935 -0.007068
vn -0.052121 -0.998634 0.003637
vn -0.001430 -0.999999 0.000176
vn -0.038873 -0.999215 0.007596
vn -0.036780 -0.999277 0.009593
vn -0.038475 -0.999179 0.012722
vn -0.029539 -0.999492 0.011952
vn -0.031471 -0.999394 0.014878
vn 0.053477 -0.998512 0.010699
vn 0.002368 -0.999997 0.000298
vn 0.062191 -0.998054 0.004464
vn 0.060624 -0.998160 0.000715
vn -0.004168 -0.999965 -0.007212
vn 0.000181 -1.000000 -0.000327
vn 0.064415 -0.989655 -0.128196
vn 0.038730 -0.995051 -0.091509
vn 0.032070 -0.995450 -0.089731
vn -0.005582 -0.999982 0.002228
vn -0.005592 -0.999981 0.002619
vn -0.006216 -0.999975 0.003416
vn -0.005739 -0.999977 0.003639
vn -0.005874 -0.999974 0.004247
vn -0.005850 -0.999971 0.004834
vn -0.008766 -0.999896 -0.011435
vn -0.038830 -0.999135 -0.014858
vn -0.013230 -0.999894 -0.006056
vn -0.031296 -0.999360 0.017298
vn -0.027101 -0.999483 0.017306
vn -0.027081 -0.999440 0.019667
vn 0.020070 -0.999305 0.031423
vn 0.022031 -0.999298 0.030302
vn 0.023467 -0.999321 0.028399
vn 0.028293 -0.999148 0.030050
vn 0.006616 -0.999959 0.006159
vn 0.009035 -0.999931 0.007515
vn 0.039289 -0.998812 0.028812
vn 0.065509 -0.997846 -0.003472
vn 0.047247 -0.998868 -0.005498
vn -0.001914 -0.998506 -0.054607
vn -0.005707 -0.998024 -0.062575
vn -0.010871 -0.997442 -0.070650
vn -0.005636 -0.999963 -0.006511
vn -0.005730 -0.999966 -0.005899
vn -0.005475 -0.999981 -0.002925
vn -0.005947 -0.999975 -0.003693
vn -0.005580 -0.999977 -0.003964
vn -0.005493 -0.999982 -0.002534
vn -0.005970 -0.999980 -0.002296
vn -0.006098 -0.999981 0.000414
vn -0.005709 -0.999983 0.000742
vn -0.005811 -0.999982 0.001119
vn 0.005258 -0.999985 -0.001644
vn 0.006374 -0.999978 -0.001543
vn 0.005811 -0.999983 -0.001021
vn 0.005827 -0.999981 -0.002175
vn 0.006044 -0.999978 -0.002719
vn 0.024400 -0.996107 -0.084712
vn 0.015633 -0.997343 -0.071151
vn 0.010898 -0.997552 -0.069074
vn -0.005740 -0.999960 0.006890
vn -0.006382 -0.999942 0.008664
vn -0.005902 -0.999940 0.009219
vn -0.009447 -0.999896 -0.010927
vn -0.011152 -0.999920 -0.005906
vn 0.005349 -0.998401 -0.056276
vn 0.001996 -0.997856 -0.065423
vn -0.005494 -0.999959 -0.007179
vn -0.006503 -0.999962 -0.005875
vn -0.004795 -0.999981 -0.003798
vn 0.005808 -0.999983 0.000400
vn 0.005898 -0.999983 0.000052
vn -0.020388 -0.999554 0.021841
vn -0.021773 -0.999420 0.026185
vn -0.021499 -0.999336 0.029414
vn -0.006099 -0.999981 -0.000741
vn -0.005585 -0.999984 -0.000312
vn -0.005615 -0.999984 0.000015
vn 0.005463 -0.999985 0.000701
vn -0.001800 -0.998679 -0.051355
vn -0.005047 -0.998481 -0.054867
vn -0.008565 -0.998447 -0.055043
vn -0.006617 -0.999959 0.006199
vn -0.005226 -0.999971 0.005578
vn -0.025719 -0.999443 0.021262
vn -0.027047 -0.999311 0.025431
vn 0.006671 -0.999978 -0.000353
vn 0.004897 -0.999988 -0.000587
vn 0.006135 -0.997888 -0.064662
vn 0.002044 -0.997723 -0.067421
vn -0.011279 -0.999885 -0.010162
vn -0.014487 -0.999784 -0.014871
f 1//1 2//2 3//3
f 3//3 2//2 4//4
f 5//5 2//2 6//6
f 6//6 2//2 1//1
f 7//7 8//8 5//5
f 9//9 10//10 5//5
f 11//11 12//12 13//13
f 14//14 15//15 5//5
f 16//16 17//17 5//5
f 18//18 19//19 5//5
f 20//20 21//21 13//13
f 13//13 21//21 22//22
f 13//13 22//22 23//23
f 24//24 25//25 6//6
f 9//9 5//5 26//26
f 7//7 5//5 27//27
f 28//28 29//29 5//5
f 5//5 29//29 30//30
f 5//5 30//30 31//31
f 32//32 13//13 33//33
f 33//33 13//13 34//34
f 32//32 35//35 13//13
f 13//13 35//35 36//36
f 13//13 36//36 37//37
f 131//131 38//38 39//39
f 39//39 38//38 40//40
f 39//39 40//40 41//41
f 14//14 5//5 42//42
f 15//15 43//43 5//5
f 5//5 43//43 44//44
f 5//5 44//44 45//45
f 16//16 5//5 46//46
f 17//17 47//47 5//5
f 5//5 47//47 48//48
f 5//5 48//48 49//49
f 8//8 50//50 5//5
f 5//5 50//50 51//51
f 5//5 51//51 28//28
f 12//12 52//52 13//13
f 13//13 52//52 53//53
f 13//13 53//53 34//34
f 37//37 54//54 13//13
f 13//13 54//54 55//55
f 13//13 55//55 56//56
f 56//56 57//57 13//13
f 13//13 57//57 58//58
f 13//13 58//58 59//59
f 60//60 39//39 61//61
f 61//61 39//39 62//62
f 60//60 63//63 39//39
f 39//39 63//63 64//64
f 39//39 64//64 65//65
f 66//66 67//67 39//39
f 39//39 67//67 68//68
f 39//39 68//68 69//69
f 70//70 71//71 6//6
f 6//6 71//71 72//72
f 6//6 72//72 73//73
f 24//24 6//6 74//74
f 45//45 75//75 5//5
f 5//5 75//75 76//76
f 5//5 76//76 26//26
f 23//23 77//77 13//13
f 13//13 77//77 78//78
f 79//79 80//80 39//39
f 80//80 81//81 39//39
f 39//39 81//81 82//82
f 39//39 82//82 83//83
f 83//83 84//84 39//39
f 39//39 84//84 85//85
f 39//39 85//85 86//86
f 87//87 88//88 89//89
f 39//39 90//90 91//91
f 92//92 93//93 10//10
f 94//94 95//95 10//10
f 18//18 5//5 96//96
f 49//49 97//97 5//5
f 5//5 97//97 98//98
f 5//5 98//98 27//27
f 59//59 99//99 13//13
f 13//13 99//99 100//100
f 13//13 100//100 20//20
f 41//41 101//101 39//39
f 39//39 101//101 102//102
f 39//39 102//102 62//62
f 65//65 103//103 39//39
f 39//39 103//103 104//104
f 39//39 104//104 105//105
f 105//105 106//106 39//39
f 39//39 106//106 107//107
f 39//39 107//107 108//108
f 69//69 109//109 39//39
f 39//39 109//109 110//110
f 39//39 110//110 6//6
f 6//6 110//110 111//111
f 6//6 111//111 70//70
f 112//112 113//113 6//6
f 6//6 113//113 114//114
f 6//6 114//114 115//115
f 6//6 116//116 117//117
f 117//117 118//118 6//6
f 6//6 118//118 119//119
f 6//6 119//119 120//120
f 120//120 121//121 6//6
f 6//6 121//121 122//122
f 6//6 122//122 123//123
f 78//78 124//124 13//13
f 13//13 124//124 125//125
f 13//13 125//125 39//39
f 39//39 125//125 126//126
f 39//39 126//126 79//79
f 87//87 89//89 127//127
f 128//128 129//129 86//86
f 91//91 130//130 39//39
f 39//39 130//130 131//131
f 132//132 133//133 134//134
f 135//135 136//136 137//137
f 137//137 136//136 138//138
f 137//137 138//138 139//139
f 133//133 140//140 134//134
f 134//134 140//140 141//141
f 134//134 141//141 142//142
f 93//93 143//143 10//10
f 10//10 143//143 144//144
f 10//10 144//144 145//145
f 19//19 146//146 5//5
f 5//5 146//146 147//147
f 5//5 147//147 148//148
f 148//148 149//149 5//5
f 5//5 149//149 150//150
f 5//5 150//150 151//151
f 108//108 152//152 39//39
f 39//39 152//152 153//153
f 39//39 153//153 66//66
f 73//73 154//154 6//6
f 6//6 154//154 155//155
f 6//6 155//155 112//112
f 25//25 156//156 6//6
f 6//6 156//156 157//157
f 6//6 157//157 116//116
f 123//123 158//158 6//6
f 6//6 158//158 159//159
f 6//6 159//159 5//5
f 5//5 159//159 160//160
f 5//5 160//160 161//161
f 161//161 162//162 5//5
f 5//5 162//162 163//163
f 5//5 163//163 42//42
f 88//88 164//164 89//89
f 89//89 164//164 165//165
f 89//89 165//165 166//166
f 142//142 167//167 134//134
f 134//134 167//167 168//168
f 134//134 168//168 169//169
f 169//169 168//168 170//170
f 171//171 172//172 170//170
f 170//170 172//172 173//173
f 170//170 173//173 169//169
f 90//90 39//39 174//174
f 174//174 39//39 86//86
f 174//174 86//86 175//175
f 135//135 137//137 10//10
f 10//10 137//137 176//176
f 10//10 176//176 92//92
f 95//95 177//177 10//10
f 10//10 177//177 178//178
f 10//10 178//178 179//179
f 179//179 180//180 10//10
f 10//10 180//180 181//181
f 10//10 181//181 5//5
f 5//5 181//181 182//182
f 5//5 182//182 96//96
f 151//151 183//183 5//5
f 5//5 183//183 184//184
f 5//5 184//184 46//46
f 31//31 185//185 5//5
f 5//5 185//185 186//186
f 5//5 186//186 13//13
f 13//13 186//186 187//187
f 13//13 187//187 11//11
f 171//171 188//188 172//172
f 172//172 188//188 89//89
f 172//172 89//89 189//189
f 189//189 89//89 166//166
f 127//127 89//89 86//86
f 86//86 89//89 190//190
f 86//86 190//190 128//128
f 129//129 191//191 86//86
f 86//86 191//191 192//192
f 86//86 192//192 193//193
f 194//194 195//195 138//138
f 138//138 195//195 196//196
f 138//138 196//196 139//139
f 115//115 197//197 6//6
f 6//6 197//197 198//198
f 6//6 198//198 74//74
f 193//193 199//199 86//86
f 86//86 199//199 200//200
f 86//86 200//200 175//175
f 145//145 201//201 10//10
f 10//10 201//201 202//202
f 10//10 202//202 94//94
f 194//194 203//203 195//195
f 195//195 203//203 204//204
f 195//195 204//204 205//205
f 134//134 206//206 132//132
f 132//132 206//206 207//207
f 132//132 207//207 208//208
f 208//208 207//207 209//209
f 208//208 209//209 205//205
f 205//205 209//209 210//210
f 205//205 210//210 195//195
f 211//211 212//212 213//213
f 214//214 215//215 216//216
f 216//216 217//217 214//214
f 214//214 217//217 218//218
f 214//214 218//218 213//213
f 213//213 218//218 219//219
f 213//213 219//219 211//211
f 220//220 221//221 222//222
f 223//223 224//224 225//225
f 225//225 226//226 227//227
f 228//228 229//229 223//223
f 228//228 223//223 222//222
f 222//222 223//223 225//225
f 222//222 225//225 220//220
f 220//220 225//225 227//227
f 220//220 227//227 230//230
f 230//230 227//227 231//231
f 230//230 231//231 232//232
f 232//232 231//231 233//233
f 232//232 233//233 234//234
f 235//235 236//236 233//233
f 233//233 236//236 234//234
f 247//247 248//248 249//249
f 248//248 247//247 250//250
f 250//250 247//247 251//251
f 250//250 251//251 252//252
f 253//253 254//254 255//255
f 254//254 256//256 255//255
f 255//255 256//256 251//251
f 251//251 256//256 257//257
f 251//251 257//257 252//252
f 246//246 245//245 253//253
f 253//253 245//245 258//258
f 253//253 258//258 254//254
f 245//245 246//246 260//260
f 260//260 246//246 259//259
f 260//260 259//259 261//261
f 261//261 259//259 262//262
f 261//261 262//262 263//263
f 264//264 265//265 266//266
f 264//264 266//266 267//267
f 266//266 268//268 267//267
f 267//267 268//268 262//262
f 262//262 268//268 269//269
f 262//262 269//269 263//263
f 244//244 243//243 264//264
f 264//264 243//243 270//270
f 264//264 270//270 265//265
f 243//243 244//244 272//272
f 272//272 244//244 271//271
f 272//272 271//271 273//273
f 273//273 271//271 274//274
f 273//273 274//274 275//275
f 276//276 277//277 278//278
f 276//276 278//278 279//279
f 278//278 280//280 279//279
f 279//279 280//280 274//274
f 274//274 280//280 281//281
f 274//274 281//281 275//275
f 282//282 285//285 276//276
f 276//276 285//285 283//283
f 276//276 283//283 277//277
f 284//284 290//290 282//282
f 282//282 290//290 285//285
f 286//286 287//287 288//288
f 288//288 287//287 289//289
f 288//288 289//289 284//284
f 284//284 289//289 290//290
f 286//286 288//288 291//291
f 291//291 288//288 292//292
f 291//291 292//292 293//293
f 293//293 292//292 294//294
f 293//293 294//294 295//295
f 295//295 294//294 296//296
f 296//296 294//294 297//297
f 296//296 297//297 299//299
f 298//298 302//302 297//297
f 297//297 302//302 299//299
f 300//300 301//301 298//298
f 298//298 301//301 302//302
f 304//304 303//303 305//305
f 304//304 305//305 300//300
f 300//300 305//305 301//301
f 303//303 304//304 306//306
f 306//306 304//304 307//307
f 306//306 307//307 308//308
f 308//308 307//307 309//309
f 309//309 307//307 310//310
f 309//309 310//310 312//312
f 311//311 315//315 310//310
f 310//310 315//315 312//312
f 313//313 314//314 311//311
f 311//311 314//314 315//315
f 317//317 316//316 318//318
f 317//317 318//318 313//313
f 313//313 318//318 314//314
f 316//316 317//317 319//319
f 319//319 317//317 320//320
f 319//319 320//320 321//321
f 321//321 320//320 322//322
f 322//322 320//320 323//323
f 322//322 323//323 325//325
f 324//324 328//328 323//323
f 323//323 328//328 325//325
f 326//326 327//327 324//324
f 324//324 327//327 328//328
f 330//330 329//329 331//331
f 330//330 331//331 326//326
f 326//326 331//331 327//327
f 329//329 330//330 332//332
f 332//332 330//330 333//333
f 332//332 333//333 334//334
f 334//334 333//333 335//335
f 335//335 333//333 336//336
f 335//335 336//336 339//339
f 337//337 338//338 336//336
f 336//336 338//338 339//339
f 340//340 341//341 337//337
f 337//337 341//341 342//342
f 337//337 342//342 338//338
f 344//344 343//343 345//345
f 344//344 345//345 340//340
f 340//340 345//345 341//341
f 343//343 344//344 346//346
f 346//346 344//344 347//347
f 346//346 347//347 348//348
f 348//348 347//347 349//349
f 349//349 347//347 350//350
f 349//349 350//350 353//353
f 351//351 352//352 350//350
f 350//350 352//352 353//353
f 354//354 355//355 351//351
f 351//351 355//355 356//356
f 351//351 356//356 352//352
f 358//358 357//357 359//359
f 358//358 359//359 354//354
f 354//354 359//359 355//355
f 357//357 358//358 360//360
f 360//360 358//358 361//361
f 360//360 361//361 362//362
f 362//362 361//361 363//363
f 363//363 361//361 364//364
f 363//363 364//364 365//365
f 365//365 364//364 366//366
f 366//366 364//364 367//367
f 366//366 367//367 368//368
f 368//368 367//367 369//369
f 369//369 367//367 370//370
f 369//369 370//370 372//372
f 371//371 375//375 370//370
f 370//370 375//375 372//372
f 373//373 374//374 371//371
f 371//371 374//374 375//375
f 377//377 376//376 378//378
f 377//377 378//378 373//373
f 373//373 378//378 374//374
f 376//376 377//377 379//379
f 379//379 377//377 380//380
f 379//379 380//380 381//381
f 381//381 380//380 382//382
f 382//382 380//380 383//383
f 382//382 383//383 385//385
f 384//384 389//389 383//383
f 383//383 389//389 385//385
f 387//387 386//386 388//388
f 387//387 388//388 384//384
f 384//384 388//388 389//389
f 386//386 387//387 391//391
f 391//391 387//387 390//390
f 391//391 390//390 392//392
f 392//392 390//390 393//393
f 392//392 393//393 394//394
f 395//395 396//396 397//397
f 396//396 398//398 397//397
f 397//397 398//398 393//393
f 393//393 398//398 399//399
f 393//393 399//399 394//394
f 242//242 241//241 395//395
f 395//395 241//241 400//400
f 395//395 400//400 396//396
f 241//241 242//242 402//402
f 402//402 242//242 401//401
f 402//402 401//401 403//403
f 403//403 401//401 404//404
f 403//403 404//404 405//405
f 406//406 407//407 408//408
f 406//406 408//408 409//409
f 408//408 410//410 409//409
f 409//409 410//410 404//404
f 404//404 410//410 411//411
f 404//404 411//411 405//405
f 240//240 239//239 406//406
f 406//406 239//239 412//412
f 406//406 412//412 407//407
f 239//239 240//240 414//414
f 414//414 240//240 413//413
f 414//414 413//413 415//415
f 415//415 413//413 416//416
f 415//415 416//416 417//417
f 418//418 419//419 420//420
f 418//418 420//420 421//421
f 420//420 422//422 421//421
f 421//421 422//422 416//416
f 416//416 422//422 423//423
f 416//416 423//423 417//417
f 238//238 237//237 418//418
f 418//418 237//237 424//424
f 418//418 424//424 419//419
f 237//237 238//238 426//426
f 426//426 238//238 425//425
f 426//426 425//425 427//427
f 427//427 425//425 428//428
f 427//427 428//428 429//429
f 248//248 430//430 249//249
f 249//249 430//430 428//428
f 428//428 430//430 431//431
f 428//428 431//431 429//429
f 213//213 212//212 432//432
f 432//432 212//212 433//433
f 432//432 433//433 434//434
f 434//434 433//433 435//435
f 435//435 433//433 436//436
f 435//435 436//436 437//437
f 437//437 436//436 438//438
f 438//438 436//436 439//439
f 438//438 439//439 440//440
f 440//440 439//439 441//441
f 440//440 441//441 442//442
f 442//442 441//441 443//443
f 442//442 443//443 444//444
f 444//444 443//443 445//445
f 444//444 445//445 446//446
f 446//446 445//445 447//447
f 446//446 447//447 448//448
f 448//448 447//447 449//449
f 448//448 449//449 450//450
f 450//450 449//449 451//451
f 450//450 451//451 452//452
f 452//452 451//451 453//453
f 452//452 453//453 454//454
f 454//454 453//453 455//455
f 454//454 455//455 456//456
f 456//456 455//455 457//457
f 456//456 457//457 458//458
f 458//458 457//457 459//459
f 458//458 459//459 460//460
f 460//460 459//459 461//461
f 460//460 461//461 462//462
f 462//462 461//461 463//463
f 462//462 463//463 464//464
f 464//464 463//463 465//465
f 464//464 465//465 466//466
f 466//466 465//465 467//467
f 466//466 467//467 468//468
f 468//468 467//467 236//236
f 468//468 236//236 235//235
f 226//226 225//225 469//469
f 469//469 225//225 470//470
f 470//470 225//225 224//224
f 470//470 224//224 471//471
f 472//472 473//473 474//474
f 474//474 473//473 475//475
f 474//474 475//475 476//476
f 476//476 475//475 477//477
f 478//478 479//479 480//480
f 481//481 478//478 482//482
f 482//482 478//478 483//483
f 484//484 485//485 478//478
f 478//478 485//485 486//486
f 478//478 486//486 479//479
f 473//473 487//487 488//488
f 489//489 490//490 491//491
f 491//491 490//490 492//492
f 491//491 492//492 493//493
f 492//492 494//494 493//493
f 493//493 494//494 495//495
f 493//493 495//495 496//496
f 480//480 497//497 478//478
f 478//478 497//497 498//498
f 478//478 498//498 499//499
f 499//499 498//498 493//493
f 499//499 493//493 500//500
f 500//500 493//493 496//496
f 501//501 502//502 481//481
f 481//481 502//502 475//475
f 481//481 475//475 478//478
f 478//478 475//475 473//473
f 478//478 473//473 484//484
f 484//484 473//473 488//488
f 503//503 504//504 505//505
f 503//503 505//505 506//506
f 506//506 505//505 507//507
f 506//506 507//507 508//508
f 508//508 507//507 509//509
f 508//508 509//509 510//510
f 510//510 509//509 511//511
f 510//510 511//511 512//512
f 512//512 511//511 513//513
f 512//512 513//513 514//514
f 514//514 513//513 515//515
f 514//514 515//515 516//516
f 516//516 515//515 517//517
f 516//516 517//517 518//518
f 518//518 517//517 519//519
f 518//518 519//519 520//520
f 520//520 519//519 521//521
f 520//520 521//521 522//522
f 522//522 521//521 523//523
f 522//522 523//523 524//524
f 524//524 523//523 525//525
f 524//524 525//525 526//526
f 526//526 525//525 527//527
f 526//526 527//527 528//528
f 528//528 527//527 529//529
f 528//528 529//529 530//530
f 530//530 529//529 531//531
f 530//530 531//531 532//532
f 532//532 531//531 533//533
f 532//532 533//533 534//534
f 534//534 533//533 535//535
f 534//534 535//535 536//536
f 536//536 535//535 537//537
f 536//536 537//537 538//538
f 538//538 537//537 539//539
f 538//538 539//539 540//540
f 540//540 539//539 541//541
f 540//540 541//541 542//542
f 542//542 541//541 543//543
f 542//542 543//543 544//544
f 544//544 543//543 545//545
f 544//544 545//545 546//546
f 546//546 545//545 547//547
f 546//546 547//547 548//548
f 548//548 547//547 549//549
f 548//548 549//549 550//550
f 550//550 549//549 551//551
f 550//550 551//551 552//552
f 552//552 551//551 553//553
f 552//552 553//553 554//554
f 554//554 553//553 555//555
f 554//554 555//555 556//556
f 556//556 555//555 557//557
f 556//556 557//557 558//558
f 558//558 557//557 559//559
f 558//558 559//559 560//560
f 560//560 559//559 561//561
f 560//560 561//561 562//562
f 562//562 561//561 563//563
f 562//562 563//563 564//564
f 564//564 563//563 565//565
f 564//564 565//565 566//566
f 566//566 565//565 567//567
f 566//566 567//567 568//568
f 568//568 567//567 569//569
f 568//568 569//569 570//570
f 570//570 569//569 571//571
f 570//570 571//571 572//572
f 572//572 571//571 573//573
f 572//572 573//573 574//574
f 574//574 573//573 575//575
f 574//574 575//575 576//576
f 576//576 575//575 577//577
f 576//576 577//577 578//578
f 578//578 577//577 579//579
f 578//578 579//579 580//580
f 580//580 579//579 581//581
f 580//580 581//581 582//582
f 582//582 581//581 583//583
f 582//582 583//583 584//584
f 584//584 583//583 585//585
f 584//584 585//585 586//586
f 586//586 585//585 587//587
f 586//586 587//587 588//588
f 588//588 587//587 589//589
f 588//588 589//589 590//590
f 504//504 503//503 591//591
f 591//591 503//503 592//592
f 591//591 592//592 593//593
f 593//593 592//592 594//594
f 593//593 594//594 595//595
f 595//595 594//594 596//596
f 595//595 596//596 597//597
f 597//597 596//596 598//598
f 597//597 598//598 599//599
f 599//599 598//598 600//600
f 599//599 600//600 601//601
f 601//601 600//600 602//602
f 601//601 602//602 603//603
f 603//603 602//602 604//604
f 603//603 604//604 605//605
f 605//605 604//604 606//606
f 605//605 606//606 607//607
f 607//607 606//606 608//608
f 607//607 608//608 609//609
f 609//609 608//608 610//610
f 609//609 610//610 611//611
f 611//611 610//610 612//612
f 611//611 612//612 613//613
f 613//613 612//612 614//614
f 613//613 614//614 615//615
f 615//615 614//614 616//616
f 615//615 616//616 617//617
f 617//617 616//616 618//618
f 617//617 618//618 619//619
f 619//619 618//618 620//620
f 619//619 620//620 621//621
f 621//621 620//620 622//622
f 621//621 622//622 623//623
f 623//623 622//622 624//624
f 623//623 624//624 625//625
f 625//625 624//624 626//626
f 625//625 626//626 627//627
f 627//627 626//626 628//628
f 627//627 628//628 629//629
f 629//629 628//628 630//630
f 629//629 630//630 631//631
f 631//631 630//630 632//632
f 631//631 632//632 633//633
f 633//633 632//632 634//634
f 633//633 634//634 635//635
f 635//635 634//634 636//636
f 635//635 636//636 637//637
f 637//637 636//636 638//638
f 637//637 638//638 639//639
f 639//639 638//638 640//640
f 639//639 640//640 641//641
f 641//641 640//640 642//642
f 641//641 642//642 643//643
f 643//643 642//642 644//644
f 643//643 644//644 645//645
f 645//645 644//644 646//646
f 645//645 646//646 647//647
f 647//647 646//646 648//648
f 647//647 648//648 649//649
f 649//649 648//648 650//650
f 649//649 650//650 651//651
f 651//651 650//650 652//652
f 651//651 652//652 653//653
f 653//653 652//652 654//654
f 653//653 654//654 655//655
f 655//655 654//654 656//656
f 655//655 656//656 657//657
f 657//657 656//656 658//658
f 657//657 658//658 659//659
f 659//659 658//658 660//660
f 659//659 660//660 661//661
f 661//661 660//660 662//662
f 661//661 662//662 663//663
f 663//663 662//662 664//664
f 663//663 664//664 665//665
f 665//665 664//664 666//666
f 665//665 666//666 667//667
f 667//667 666//666 668//668
f 667//667 668//668 669//669
f 669//669 668//668 670//670
f 669//669 670//670 671//671
f 671//671 670//670 672//672
f 671//671 672//672 673//673
f 673//673 672//672 674//674
f 673//673 674//674 675//675
f 675//675 674//674 676//676
f 675//675 676//676 677//677
f 677//677 676//676 678//678
f 677//677 678//678 679//679
f 679//679 678//678 680//680
f 679//679 680//680 681//681
f 681//681 680//680 682//682
f 681//681 682//682 683//683
f 683//683 682//682 684//684
f 683//683 684//684 685//685
f 685//685 684//684 686//686
f 685//685 686//686 687//687
f 687//687 686//686 688//688
f 687//687 688//688 689//689
f 689//689 688//688 690//690
f 689//689 690//690 691//691
f 691//691 690//690 692//692
f 691//691 692//692 693//693
f 693//693 692//692 694//694
f 693//693 694//694 695//695
f 695//695 694//694 696//696
f 695//695 696//696 697//697
f 697//697 696//696 698//698
f 697//697 698//698 699//699
f 699//699 698//698 700//700
f 699//699 700//700 701//701
f 701//701 700//700 702//702
f 701//701 702//702 703//703
f 703//703 702//702 704//704
f 703//703 704//704 705//705
f 705//705 704//704 706//706
f 705//705 706//706 707//707
f 707//707 706//706 708//708
f 707//707 708//708 709//709
f 709//709 708//708 710//710
f 709//709 710//710 711//711
f 711//711 710//710 712//712
f 711//711 712//712 713//713
f 713//713 712//712 714//714
f 713//713 714//714 715//715
f 715//715 714//714 716//716
f 715//715 716//716 717//717
f 717//717 716//716 718//718
f 717//717 718//718 719//719
f 719//719 718//718 720//720
f 719//719 720//720 721//721
f 721//721 720//720 722//722
f 721//721 722//722 723//723
f 723//723 722//722 724//724
f 723//723 724//724 725//725
f 725//725 724//724 726//726
f 725//725 726//726 727//727
f 727//727 726//726 728//728
f 727//727 728//728 729//729
f 729//729 728//728 730//730
f 729//729 730//730 731//731
f 731//731 730//730 732//732
f 731//731 732//732 733//733
f 733//733 732//732 734//734
f 733//733 734//734 735//735
f 735//735 734//734 736//736
f 735//735 736//736 737//737
f 737//737 736//736 738//738
f 737//737 738//738 739//739
f 739//739 738//738 740//740
f 739//739 740//740 741//741
f 741//741 740//740 742//742
f 741//741 742//742 743//743
f 743//743 742//742 744//744
f 743//743 744//744 745//745
f 745//745 744//744 746//746
f 745//745 746//746 747//747
f 747//747 746//746 748//748
f 747//747 748//748 749//749
f 749//749 748//748 750//750
f 749//749 750//750 751//751
f 751//751 750//750 752//752
f 751//751 752//752 753//753
f 753//753 752//752 754//754
f 753//753 754//754 755//755
f 755//755 754//754 756//756
f 755//755 756//756 757//757
f 757//757 756//756 758//758
f 757//757 758//758 759//759
f 759//759 758//758 760//760
f 759//759 760//760 761//761
f 761//761 760//760 762//762
f 761//761 762//762 763//763
f 763//763 762//762 764//764
f 763//763 764//764 765//765
f 765//765 764//764 766//766
f 765//765 766//766 767//767
f 767//767 766//766 768//768
f 767//767 768//768 769//769
f 769//769 768//768 770//770
f 769//769 770//770 771//771
f 771//771 770//770 772//772
f 771//771 772//772 773//773
f 773//773 772//772 774//774
f 773//773 774//774 775//775
f 775//775 774//774 776//776
f 775//775 776//776 777//777
f 777//777 776//776 778//778
f 777//777 778//778 779//779
f 779//779 778//778 780//780
f 779//779 780//780 781//781
f 781//781 780//780 782//782
f 781//781 782//782 783//783
f 783//783 782//782 784//784
f 783//783 784//784 785//785
f 785//785 784//784 786//786
f 785//785 786//786 787//787
f 787//787 786//786 788//788
f 787//787 788//788 789//789
f 789//789 788//788 790//790
f 789//789 790//790 791//791
f 791//791 790//790 792//792
f 791//791 792//792 793//793
f 793//793 792//792 794//794
f 793//793 794//794 795//795
f 795//795 794//794 796//796
f 795//795 796//796 797//797
f 797//797 796//796 798//798
f 797//797 798//798 799//799
f 799//799 798//798 800//800
f 799//799 800//800 801//801
f 801//801 800//800 802//802
f 801//801 802//802 803//803
f 803//803 802//802 804//804
f 803//803 804//804 805//805
f 805//805 804//804 806//806
f 805//805 806//806 807//807
f 807//807 806//806 808//808
f 807//807 808//808 809//809
f 809//809 808//808 810//810
f 809//809 810//810 811//811
f 811//811 810//810 812//812
f 811//811 812//812 813//813
f 813//813 812//812 814//814
f 813//813 814//814 815//815
f 815//815 814//814 816//816
f 815//815 816//816 817//817
f 817//817 816//816 818//818
f 817//817 818//818 819//819
f 819//819 818//818 820//820
f 819//819 820//820 821//821
f 821//821 820//820 822//822
f 821//821 822//822 823//823
f 823//823 822//822 824//824
f 823//823 824//824 825//825
f 825//825 824//824 826//826
f 825//825 826//826 827//827
f 827//827 826//826 828//828
f 827//827 828//828 829//829
f 829//829 828//828 830//830
f 829//829 830//830 831//831
f 831//831 830//830 832//832
f 831//831 832//832 833//833
f 833//833 832//832 834//834
f 833//833 834//834 835//835
f 835//835 834//834 836//836
f 835//835 836//836 837//837
f 837//837 836//836 838//838
f 837//837 838//838 839//839
f 839//839 838//838 840//840
f 839//839 840//840 841//841
f 841//841 840//840 842//842
f 841//841 842//842 843//843
f 843//843 842//842 844//844
f 843//843 844//844 589//589
f 589//589 844//844 590//590
f 214//214 845//845 215//215
f 215//215 845//845 846//846
f 846//846 845//845 847//847
f 847//847 845//845 848//848
f 847//847 848//848 849//849
f 849//849 848//848 850//850
f 850//850 848//848 851//851
f 850//850 851//851 852//852
f 852//852 851//851 853//853
f 852//852 853//853 856//856
f 854//854 855//855 853//853
f 853//853 855//855 856//856
f 858//858 857//857 859//859
f 858//858 859//859 854//854
f 854//854 859//859 860//860
f 854//854 860//860 855//855
f 857//857 858//858 861//861
f 861//861 858//858 862//862
f 861//861 862//862 863//863
f 863//863 862//862 864//864
f 864//864 862//862 865//865
f 864//864 865//865 866//866
f 866//866 865//865 867//867
f 867//867 865//865 868//868
f 867//867 868//868 872//872
f 873//873 869//869 870//870
f 870//870 869//869 871//871
f 870//870 871//871 868//868
f 868//868 871//871 872//872
f 873//873 870//870 874//874
f 873//873 874//874 875//875
f 875//875 874//874 876//876
f 876//876 874//874 877//877
f 876//876 877//877 880//880
f 878//878 879//879 877//877
f 877//877 879//879 880//880
f 882//882 881//881 883//883
f 882//882 883//883 878//878
f 878//878 883//883 884//884
f 878//878 884//884 879//879
f 881//881 882//882 886//886
f 886//886 882//882 885//885
f 886//886 885//885 887//887
f 887//887 885//885 888//888
f 887//887 888//888 889//889
f 889//889 888//888 890//890
f 890//890 888//888 891//891
f 890//890 891//891 892//892
f 892//892 891//891 893//893
f 893//893 891//891 894//894
f 893//893 894//894 895//895
f 895//895 894//894 896//896
f 895//895 896//896 897//897
f 897//897 896//896 476//476
f 897//897 476//476 477//477
f 473//473 898//898 487//487
f 487//487 898//898 899//899
f 472//472 898//898 473//473
f 900//900 901//901 902//902
f 902//902 901//901 903//903
f 902//902 903//903 904//904
f 904//904 903//903 905//905
f 904//904 905//905 906//906
f 906//906 905//905 907//907
f 906//906 907//907 908//908
f 908//908 907//907 909//909
f 908//908 909//909 910//910
f 910//910 909//909 911//911
f 910//910 911//911 912//912
f 912//912 911//911 913//913
f 912//912 913//913 914//914
f 914//914 913//913 915//915
f 914//914 915//915 916//916
f 916//916 915//915 917//917
f 916//916 917//917 918//918
f 918//918 917//917 919//919
f 918//918 919//919 920//920
f 920//920 919//919 921//921
f 920//920 921//921 922//922
f 922//922 921//921 923//923
f 922//922 923//923 924//924
f 924//924 923//923 925//925
f 924//924 925//925 926//926
f 926//926 925//925 927//927
f 926//926 927//927 928//928
f 928//928 927//927 929//929
f 928//928 929//929 930//930
f 930//930 929//929 931//931
f 930//930 931//931 932//932
f 932//932 931//931 933//933
f 932//932 933//933 934//934
f 934//934 933//933 935//935
f 934//934 935//935 936//936
f 936//936 935//935 937//937
f 936//936 937//937 938//938
f 938//938 937//937 939//939
f 938//938 939//939 940//940
f 940//940 939//939 941//941
f 940//940 941//941 942//942
f 942//942 941//941 943//943
f 942//942 943//943 944//944
f 944//944 943//943 945//945
f 944//944 945//945 946//946
f 946//946 945//945 947//947
f 946//946 947//947 948//948
f 948//948 947//947 949//949
f 948//948 949//949 950//950
f 950//950 949//949 951//951
f 950//950 951//951 952//952
f 952//952 951//951 953//953
f 952//952 953//953 954//954
f 954//954 953//953 955//955
f 954//954 955//955 956//956
f 956//956 955//955 957//957
f 956//956 957//957 958//958
f 958//958 957//957 959//959
f 958//958 959//959 960//960
f 960//960 959//959 961//961
f 960//960 961//961 962//962
f 962//962 961//961 963//963
f 962//962 963//963 964//964
f 964//964 963//963 965//965
f 964//964 965//965 966//966
f 966//966 965//965 967//967
f 966//966 967//967 968//968
f 968//968 967//967 969//969
f 968//968 969//969 970//970
f 970//970 969//969 971//971
f 970//970 971//971 972//972
f 972//972 971//971 973//973
f 972//972 973//973 974//974
f 974//974 973//973 975//975
f 974//974 975//975 976//976
f 976//976 975//975 977//977
f 976//976 977//977 978//978
f 978//978 977//977 979//979
f 978//978 979//979 980//980
f 980//980 979//979 981//981
f 980//980 981//981 982//982
f 982//982 981//981 983//983
f 982//982 983//983 984//984
f 984//984 983//983 985//985
f 984//984 985//985 986//986
f 986//986 985//985 987//987
f 986//986 987//987 988//988
f 988//988 987//987 989//989
f 988//988 989//989 990//990
f 990//990 989//989 991//991
f 990//990 991//991 992//992
f 992//992 991//991 993//993
f 992//992 993//993 994//994
f 994//994 993//993 995//995
f 994//994 995//995 996//996
f 996//996 995//995 997//997
f 996//996 997//997 998//998
f 998//998 997//997 999//999
f 998//998 999//999 1000//1000
f 1000//1000 999//999 1001//1001
f 1000//1000 1001//1001 1002//1002
f 1002//1002 1001//1001 1003//1003
f 1002//1002 1003//1003 1004//1004
f 1004//1004 1003//1003 1005//1005
f 1004//1004 1005//1005 1006//1006
f 1006//1006 1005//1005 1007//1007
f 1006//1006 1007//1007 1008//1008
f 1008//1008 1007//1007 1009//1009
f 1008//1008 1009//1009 1010//1010
f 1010//1010 1009//1009 1011//1011
f 1010//1010 1011//1011 1012//1012
f 1012//1012 1011//1011 1013//1013
f 1012//1012 1013//1013 1014//1014
f 1014//1014 1013//1013 1015//1015
f 1014//1014 1015//1015 1016//1016
f 1016//1016 1015//1015 1017//1017
f 1016//1016 1017//1017 1018//1018
f 1018//1018 1017//1017 1019//1019
f 1018//1018 1019//1019 1020//1020
f 1020//1020 1019//1019 1021//1021
f 1020//1020 1021//1021 1022//1022
f 1022//1022 1021//1021 1023//1023
f 1022//1022 1023//1023 1024//1024
f 1024//1024 1023//1023 1025//1025
f 1024//1024 1025//1025 1026//1026
f 1026//1026 1025//1025 1027//1027
f 1026//1026 1027//1027 1028//1028
f 1028//1028 1027//1027 1029//1029
f 1028//1028 1029//1029 1030//1030
f 1030//1030 1029//1029 1031//1031
f 1030//1030 1031//1031 1032//1032
f 1032//1032 1031//1031 1033//1033
f 1032//1032 1033//1033 1034//1034
f 1034//1034 1033//1033 1035//1035
f 1034//1034 1035//1035 1036//1036
f 1036//1036 1035//1035 1037//1037
f 1036//1036 1037//1037 1038//1038
f 1038//1038 1037//1037 1039//1039
f 1038//1038 1039//1039 1040//1040
f 1040//1040 1039//1039 1041//1041
f 1040//1040 1041//1041 1042//1042
f 1042//1042 1041//1041 1043//1043
f 1042//1042 1043//1043 900//900
f 900//900 1043//1043 901//901
f 1044//1044 1045//1045 1046//1046
f 1046//1046 1045//1045 1047//1047
f 1046//1046 1047//1047 1048//1048
f 1048//1048 1047//1047 1049//1049
f 1048//1048 1049//1049 1050//1050
f 1050//1050 1049//1049 1051//1051
f 1050//1050 1051//1051 1052//1052
f 1052//1052 1051//1051 1053//1053
f 1052//1052 1053//1053 1054//1054
f 1054//1054 1053//1053 1055//1055
f 1054//1054 1055//1055 1056//1056
f 1056//1056 1055//1055 1057//1057
f 1056//1056 1057//1057 1058//1058
f 1058//1058 1057//1057 1059//1059
f 1058//1058 1059//1059 1060//1060
f 1060//1060 1059//1059 1061//1061
f 1060//1060 1061//1061 1062//1062
f 1062//1062 1061//1061 1063//1063
f 1062//1062 1063//1063 1064//1064
f 1064//1064 1063//1063 1065//1065
f 1064//1064 1065//1065 1066//1066
f 1066//1066 1065//1065 1067//1067
f 1066//1066 1067//1067 1068//1068
f 1068//1068 1067//1067 1069//1069
f 1068//1068 1069//1069 1070//1070
f 1070//1070 1069//1069 1071//1071
f 1070//1070 1071//1071 1072//1072
f 1072//1072 1071//1071 1073//1073
f 1072//1072 1073//1073 1074//1074
f 1074//1074 1073//1073 1075//1075
f 1074//1074 1075//1075 1076//1076
f 1076//1076 1075//1075 1077//1077
f 1076//1076 1077//1077 1078//1078
f 1078//1078 1077//1077 1079//1079
f 1078//1078 1079//1079 1080//1080
f 1080//1080 1079//1079 1081//1081
f 1080//1080 1081//1081 1082//1082
f 1082//1082 1081//1081 1083//1083
f 1082//1082 1083//1083 1084//1084
f 1084//1084 1083//1083 1085//1085
f 1084//1084 1085//1085 1086//1086
f 1086//1086 1085//1085 1087//1087
f 1086//1086 1087//1087 1088//1088
f 1088//1088 1087//1087 1089//1089
f 1088//1088 1089//1089 1090//1090
f 1090//1090 1089//1089 1091//1091
f 1090//1090 1091//1091 1092//1092
f 1092//1092 1091//1091 1093//1093
f 1092//1092 1093//1093 1094//1094
f 1094//1094 1093//1093 1095//1095
f 1094//1094 1095//1095 1096//1096
f 1096//1096 1095//1095 1097//1097
f 1096//1096 1097//1097 1098//1098
f 1098//1098 1097//1097 1099//1099
f 1098//1098 1099//1099 1100//1100
f 1100//1100 1099//1099 1101//1101
f 1100//1100 1101//1101 1102//1102
f 1102//1102 1101//1101 1103//1103
f 1102//1102 1103//1103 1104//1104
f 1104//1104 1103//1103 1105//1105
f 1104//1104 1105//1105 1106//1106
f 1106//1106 1105//1105 1107//1107
f 1106//1106 1107//1107 1108//1108
f 1108//1108 1107//1107 1109//1109
f 1108//1108 1109//1109 1110//1110
f 1110//1110 1109//1109 1111//1111
f 1110//1110 1111//1111 1112//1112
f 1112//1112 1111//1111 1113//1113
f 1112//1112 1113//1113 1114//1114
f 1114//1114 1113//1113 1115//1115
f 1114//1114 1115//1115 1116//1116
f 1116//1116 1115//1115 1117//1117
f 1116//1116 1117//1117 1118//1118
f 1118//1118 1117//1117 1119//1119
f 1118//1118 1119//1119 1120//1120
f 1120//1120 1119//1119 1121//1121
f 1120//1120 1121//1121 1122//1122
f 1122//1122 1121//1121 1123//1123
f 1122//1122 1123//1123 1124//1124
f 1124//1124 1123//1123 1125//1125
f 1124//1124 1125//1125 1126//1126
f 1126//1126 1125//1125 1127//1127
f 1126//1126 1127//1127 1128//1128
f 1128//1128 1127//1127 1129//1129
f 1128//1128 1129//1129 1130//1130
f 1130//1130 1129//1129 1131//1131
f 1130//1130 1131//1131 1132//1132
f 1132//1132 1131//1131 1133//1133
f 1132//1132 1133//1133 1134//1134
f 1134//1134 1133//1133 1135//1135
f 1134//1134 1135//1135 1136//1136
f 1136//1136 1135//1135 1137//1137
f 1136//1136 1137//1137 1138//1138
f 1138//1138 1137//1137 1139//1139
f 1138//1138 1139//1139 1140//1140
f 1140//1140 1139//1139 1141//1141
f 1140//1140 1141//1141 1142//1142
f 1142//1142 1141//1141 1143//1143
f 1142//1142 1143//1143 1144//1144
f 1144//1144 1143//1143 1145//1145
f 1144//1144 1145//1145 1146//1146
f 1146//1146 1145//1145 1147//1147
f 1146//1146 1147//1147 1148//1148
f 1148//1148 1147//1147 1149//1149
f 1148//1148 1149//1149 1150//1150
f 1150//1150 1149//1149 1151//1151
f 1150//1150 1151//1151 1152//1152
f 1152//1152 1151//1151 1153//1153
f 1152//1152 1153//1153 1154//1154
f 1154//1154 1153//1153 1155//1155
f 1154//1154 1155//1155 1156//1156
f 1156//1156 1155//1155 1157//1157
f 1156//1156 1157//1157 1158//1158
f 1158//1158 1157//1157 1159//1159
f 1158//1158 1159//1159 1160//1160
f 1160//1160 1159//1159 1161//1161
f 1160//1160 1161//1161 1162//1162
f 1162//1162 1161//1161 1163//1163
f 1162//1162 1163//1163 1164//1164
f 1164//1164 1163//1163 1165//1165
f 1164//1164 1165//1165 1166//1166
f 1166//1166 1165//1165 1167//1167
f 1166//1166 1167//1167 1168//1168
f 1168//1168 1167//1167 1169//1169
f 1168//1168 1169//1169 1170//1170
f 1170//1170 1169//1169 1171//1171
f 1170//1170 1171//1171 1172//1172
f 1172//1172 1171//1171 1173//1173
f 1172//1172 1173//1173 1174//1174
f 1174//1174 1173//1173 1175//1175
f 1174//1174 1175//1175 1176//1176
f 1176//1176 1175//1175 1177//1177
f 1176//1176 1177//1177 1178//1178
f 1178//1178 1177//1177 1179//1179
f 1178//1178 1179//1179 1180//1180
f 1180//1180 1179//1179 1181//1181
f 1180//1180 1181//1181 1182//1182
f 1182//1182 1181//1181 1183//1183
f 1182//1182 1183//1183 1184//1184
f 1184//1184 1183//1183 1185//1185
f 1184//1184 1185//1185 1186//1186
f 1186//1186 1185//1185 1187//1187
f 1186//1186 1187//1187 1044//1044
f 1044//1044 1187//1187 1045//1045
f 1188//1188 1189//1189 1190//1190
f 1190//1190 1189//1189 1820//1820
f 1191//1191 1192//1192 1193//1193
f 1193//1193 1192//1192 1194//1194
f 1195//1195 1196//1196 1197//1197
f 1197//1197 1196//1196 1198//1198
f 1197//1197 1198//1198 1199//1199
f 1199//1199 1198//1198 1200//1200
f 1199//1199 1200//1200 1201//1201
f 1201//1201 1200//1200 1202//1202
f 1201//1201 1202//1202 1203//1203
f 1203//1203 1202//1202 1204//1204
f 1203//1203 1204//1204 1205//1205
f 1205//1205 1204//1204 1206//1206
f 1205//1205 1206//1206 1207//1207
f 1207//1207 1206//1206 1208//1208
f 1207//1207 1208//1208 1209//1209
f 1209//1209 1208//1208 1210//1210
f 1209//1209 1210//1210 1211//1211
f 1211//1211 1210//1210 1212//1212
f 1211//1211 1212//1212 1213//1213
f 1213//1213 1212//1212 1214//1214
f 1213//1213 1214//1214 1215//1215
f 1215//1215 1214//1214 1216//1216
f 1215//1215 1216//1216 1217//1217
f 1217//1217 1216//1216 1218//1218
f 1217//1217 1218//1218 1219//1219
f 1219//1219 1218//1218 1220//1220
f 1219//1219 1220//1220 1221//1221
f 1221//1221 1220//1220 1222//1222
f 1221//1221 1222//1222 1223//1223
f 1223//1223 1222//1222 1224//1224
f 1223//1223 1224//1224 1225//1225
f 1225//1225 1224//1224 1226//1226
f 1225//1225 1226//1226 1227//1227
f 1227//1227 1226//1226 1228//1228
f 1227//1227 1228//1228 1229//1229
f 1229//1229 1228//1228 1230//1230
f 1229//1229 1230//1230 1231//1231
f 1231//1231 1230//1230 1232//1232
f 1231//1231 1232//1232 1233//1233
f 1233//1233 1232//1232 1234//1234
f 1233//1233 1234//1234 1235//1235
f 1235//1235 1234//1234 1236//1236
f 1235//1235 1236//1236 1237//1237
f 1237//1237 1236//1236 1238//1238
f 1237//1237 1238//1238 1239//1239
f 1239//1239 1238//1238 1240//1240
f 1239//1239 1240//1240 1241//1241
f 1241//1241 1240//1240 1242//1242
f 1241//1241 1242//1242 1243//1243
f 1243//1243 1242//1242 1244//1244
f 1243//1243 1244//1244 1245//1245
f 1245//1245 1244//1244 1246//1246
f 1245//1245 1246//1246 1247//1247
f 1247//1247 1246//1246 1248//1248
f 1247//1247 1248//1248 1249//1249
f 1249//1249 1248//1248 1250//1250
f 1249//1249 1250//1250 1251//1251
f 1251//1251 1250//1250 1252//1252
f 1251//1251 1252//1252 1253//1253
f 1253//1253 1252//1252 1254//1254
f 1253//1253 1254//1254 1255//1255
f 1255//1255 1254//1254 1256//1256
f 1255//1255 1256//1256 1257//1257
f 1257//1257 1256//1256 1258//1258
f 1257//1257 1258//1258 1259//1259
f 1259//1259 1258//1258 1260//1260
f 1259//1259 1260//1260 1261//1261
f 1261//1261 1260//1260 1262//1262
f 1261//1261 1262//1262 1263//1263
f 1263//1263 1262//1262 1264//1264
f 1263//1263 1264//1264 1265//1265
f 1265//1265 1264//1264 1266//1266
f 1265//1265 1266//1266 1267//1267
f 1267//1267 1266//1266 1268//1268
f 1267//1267 1268//1268 1269//1269
f 1269//1269 1268//1268 1270//1270
f 1269//1269 1270//1270 1271//1271
f 1271//1271 1270//1270 1272//1272
f 1271//1271 1272//1272 1273//1273
f 1273//1273 1272//1272 1274//1274
f 1273//1273 1274//1274 1275//1275
f 1275//1275 1274//1274 1276//1276
f 1275//1275 1276//1276 1277//1277
f 1277//1277 1276//1276 1278//1278
f 1277//1277 1278//1278 1279//1279
f 1279//1279 1278//1278 1280//1280
f 1279//1279 1280//1280 1281//1281
f 1281//1281 1280//1280 1282//1282
f 1281//1281 1282//1282 1283//1283
f 1283//1283 1282//1282 1284//1284
f 1283//1283 1284//1284 1285//1285
f 1285//1285 1284//1284 1286//1286
f 1285//1285 1286//1286 1287//1287
f 1287//1287 1286//1286 1288//1288
f 1287//1287 1288//1288 1289//1289
f 1289//1289 1288//1288 1290//1290
f 1289//1289 1290//1290 1291//1291
f 1291//1291 1290//1290 1292//1292
f 1291//1291 1292//1292 1293//1293
f 1293//1293 1292//1292 1294//1294
f 1293//1293 1294//1294 1295//1295
f 1295//1295 1294//1294 1296//1296
f 1295//1295 1296//1296 1297//1297
f 1297//1297 1296//1296 1298//1298
f 1297//1297 1298//1298 1299//1299
f 1299//1299 1298//1298 1300//1300
f 1299//1299 1300//1300 1301//1301
f 1301//1301 1300//1300 1302//1302
f 1301//1301 1302//1302 1303//1303
f 1303//1303 1302//1302 1304//1304
f 1303//1303 1304//1304 1305//1305
f 1305//1305 1304//1304 1306//1306
f 1305//1305 1306//1306 1307//1307
f 1307//1307 1306//1306 1308//1308
f 1307//1307 1308//1308 1309//1309
f 1309//1309 1308//1308 1310//1310
f 1309//1309 1310//1310 1311//1311
f 1311//1311 1310//1310 1312//1312
f 1311//1311 1312//1312 1313//1313
f 1313//1313 1312//1312 1314//1314
f 1313//1313 1314//1314 1315//1315
f 1315//1315 1314//1314 1316//1316
f 1315//1315 1316//1316 1317//1317
f 1317//1317 1316//1316 1318//1318
f 1317//1317 1318//1318 1319//1319
f 1319//1319 1318//1318 1320//1320
f 1319//1319 1320//1320 1321//1321
f 1321//1321 1320//1320 1322//1322
f 1321//1321 1322//1322 1323//1323
f 1323//1323 1322//1322 1324//1324
f 1323//1323 1324//1324 1325//1325
f 1325//1325 1324//1324 1326//1326
f 1325//1325 1326//1326 1327//1327
f 1327//1327 1326//1326 1328//1328
f 1327//1327 1328//1328 1329//1329
f 1329//1329 1328//1328 1330//1330
f 1329//1329 1330//1330 1331//1331
f 1331//1331 1330//1330 1332//1332
f 1331//1331 1332//1332 1333//1333
f 1333//1333 1332//1332 1334//1334
f 1333//1333 1334//1334 1335//1335
f 1335//1335 1334//1334 1336//1336
f 1335//1335 1336//1336 1337//1337
f 1337//1337 1336//1336 1338//1338
f 1337//1337 1338//1338 1195//1195
f 1195//1195 1338//1338 1196//1196
f 1339//1339 1340//1340 1341//1341
f 1341//1341 1340//1340 1342//1342
f 1343//1343 1344//1344 1345//1345
f 1345//1345 1344//1344 1346//1346
f 1304//1304 1347//1347 1306//1306
f 1306//1306 1347//1347 1348//1348
f 1306//1306 1348//1348 1308//1308
f 1308//1308 1348//1348 1349//1349
f 1308//1308 1349//1349 1310//1310
f 1310//1310 1349//1349 1350//1350
f 1310//1310 1350//1350 1312//1312
f 1312//1312 1350//1350 1351//1351
f 1312//1312 1351//1351 1314//1314
f 1314//1314 1351//1351 1352//1352
f 1314//1314 1352//1352 1316//1316
f 1316//1316 1352//1352 1353//1353
f 1316//1316 1353//1353 1318//1318
f 1318//1318 1353//1353 1354//1354
f 1318//1318 1354//1354 1320//1320
f 1320//1320 1354//1354 1355//1355
f 1320//1320 1355//1355 1322//1322
f 1322//1322 1355//1355 1356//1356
f 1322//1322 1356//1356 1324//1324
f 1324//1324 1356//1356 1357//1357
f 1324//1324 1357//1357 1326//1326
f 1326//1326 1357//1357 1358//1358
f 1326//1326 1358//1358 1328//1328
f 1328//1328 1358//1358 1359//1359
f 1328//1328 1359//1359 1330//1330
f 1330//1330 1359//1359 1360//1360
f 1330//1330 1360//1360 1332//1332
f 1332//1332 1360//1360 1361//1361
f 1332//1332 1361//1361 1334//1334
f 1334//1334 1361//1361 1362//1362
f 1334//1334 1362//1362 1336//1336
f 1336//1336 1362//1362 1363//1363
f 1336//1336 1363//1363 1338//1338
f 1338//1338 1363//1363 1364//1364
f 1338//1338 1364//1364 1196//1196
f 1196//1196 1364//1364 1365//1365
f 1196//1196 1365//1365 1198//1198
f 1198//1198 1365//1365 1366//1366
f 1198//1198 1366//1366 1200//1200
f 1200//1200 1366//1366 1367//1367
f 1200//1200 1367//1367 1202//1202
f 1202//1202 1367//1367 1368//1368
f 1202//1202 1368//1368 1204//1204
f 1204//1204 1368//1368 1369//1369
f 1204//1204 1369//1369 1206//1206
f 1206//1206 1369//1369 1370//1370
f 1206//1206 1370//1370 1208//1208
f 1208//1208 1370//1370 1371//1371
f 1208//1208 1371//1371 1210//1210
f 1210//1210 1371//1371 1372//1372
f 1210//1210 1372//1372 1212//1212
f 1212//1212 1372//1372 1373//1373
f 1212//1212 1373//1373 1214//1214
f 1214//1214 1373//1373 1374//1374
f 1214//1214 1374//1374 1216//1216
f 1216//1216 1374//1374 1375//1375
f 1216//1216 1375//1375 1218//1218
f 1218//1218 1375//1375 1376//1376
f 1218//1218 1376//1376 1220//1220
f 1220//1220 1376//1376 1377//1377
f 1220//1220 1377//1377 1222//1222
f 1222//1222 1377//1377 1378//1378
f 1222//1222 1378//1378 1224//1224
f 1224//1224 1378//1378 1379//1379
f 1224//1224 1379//1379 1226//1226
f 1226//1226 1379//1379 1380//1380
f 1226//1226 1380//1380 1228//1228
f 1228//1228 1380//1380 1381//1381
f 1228//1228 1381//1381 1230//1230
f 1230//1230 1381//1381 1382//1382
f 1230//1230 1382//1382 1232//1232
f 1232//1232 1382//1382 1383//1383
f 1232//1232 1383//1383 1234//1234
f 1234//1234 1383//1383 1384//1384
f 1234//1234 1384//1384 1236//1236
f 1236//1236 1384//1384 1385//1385
f 1236//1236 1385//1385 1238//1238
f 1238//1238 1385//1385 1386//1386
f 1238//1238 1386//1386 1240//1240
f 1240//1240 1386//1386 1387//1387
f 1240//1240 1387//1387 1242//1242
f 1242//1242 1387//1387 1388//1388
f 1242//1242 1388//1388 1244//1244
f 1244//1244 1388//1388 1389//1389
f 1244//1244 1389//1389 1246//1246
f 1246//1246 1389//1389 1390//1390
f 1246//1246 1390//1390 1248//1248
f 1248//1248 1390//1390 1391//1391
f 1248//1248 1391//1391 1250//1250
f 1250//1250 1391//1391 1392//1392
f 1250//1250 1392//1392 1252//1252
f 1252//1252 1392//1392 1393//1393
f 1252//1252 1393//1393 1254//1254
f 1254//1254 1393//1393 1394//1394
f 1254//1254 1394//1394 1256//1256
f 1256//1256 1394//1394 1395//1395
f 1256//1256 1395//1395 1258//1258
f 1258//1258 1395//1395 1396//1396
f 1258//1258 1396//1396 1260//1260
f 1260//1260 1396//1396 1397//1397
f 1260//1260 1397//1397 1262//1262
f 1262//1262 1397//1397 1398//1398
f 1262//1262 1398//1398 1264//1264
f 1264//1264 1398//1398 1399//1399
f 1264//1264 1399//1399 1266//1266
f 1266//1266 1399//1399 1400//1400
f 1266//1266 1400//1400 1268//1268
f 1268//1268 1400//1400 1401//1401
f 1268//1268 1401//1401 1270//1270
f 1270//1270 1401//1401 1402//1402
f 1270//1270 1402//1402 1272//1272
f 1272//1272 1402//1402 1403//1403
f 1272//1272 1403//1403 1274//1274
f 1274//1274 1403//1403 1404//1404
f 1274//1274 1404//1404 1276//1276
f 1276//1276 1404//1404 1405//1405
f 1276//1276 1405//1405 1278//1278
f 1278//1278 1405//1405 1406//1406
f 1278//1278 1406//1406 1280//1280
f 1280//1280 1406//1406 1407//1407
f 1280//1280 1407//1407 1282//1282
f 1282//1282 1407//1407 1408//1408
f 1282//1282 1408//1408 1284//1284
f 1284//1284 1408//1408 1409//1409
f 1284//1284 1409//1409 1286//1286
f 1286//1286 1409//1409 1410//1410
f 1286//1286 1410//1410 1288//1288
f 1288//1288 1410//1410 1411//1411
f 1288//1288 1411//1411 1290//1290
f 1290//1290 1411//1411 1412//1412
f 1290//1290 1412//1412 1292//1292
f 1292//1292 1412//1412 1413//1413
f 1292//1292 1413//1413 1294//1294
f 1294//1294 1413//1413 1414//1414
f 1294//1294 1414//1414 1296//1296
f 1296//1296 1414//1414 1415//1415
f 1296//1296 1415//1415 1298//1298
f 1298//1298 1415//1415 1416//1416
f 1298//1298 1416//1416 1300//1300
f 1300//1300 1416//1416 1417//1417
f 1300//1300 1417//1417 1302//1302
f 1302//1302 1417//1417 1418//1418
f 1302//1302 1418//1418 1304//1304
f 1304//1304 1418//1418 1347//1347
f 1421//1421 1422//1422 1378//1378
f 1447//1447 1193//1193 1194//1194
f 1188//1188 1423//1423 1189//1189
f 1189//1189 1423//1423 1413//1413
f 1189//1189 1413//1413 1424//1424
f 1424//1424 1413//1413 1412//1412
f 1424//1424 1412//1412 1425//1425
f 1425//1425 1412//1412 1411//1411
f 1425//1425 1411//1411 1426//1426
f 1426//1426 1411//1411 1410//1410
f 1426//1426 1410//1410 1427//1427
f 1427//1427 1410//1410 1409//1409
f 1427//1427 1409//1409 1428//1428
f 1428//1428 1409//1409 1408//1408
f 1428//1428 1408//1408 1429//1429
f 1429//1429 1408//1408 1407//1407
f 1429//1429 1407//1407 1430//1430
f 1430//1430 1407//1407 1406//1406
f 1430//1430 1406//1406 1431//1431
f 1431//1431 1406//1406 1405//1405
f 1431//1431 1405//1405 1432//1432
f 1432//1432 1405//1405 1404//1404
f 1432//1432 1404//1404 1433//1433
f 1433//1433 1404//1404 1403//1403
f 1433//1433 1403//1403 1434//1434
f 1434//1434 1403//1403 1402//1402
f 1434//1434 1402//1402 1435//1435
f 1435//1435 1402//1402 1401//1401
f 1435//1435 1401//1401 1436//1436
f 1436//1436 1401//1401 1400//1400
f 1436//1436 1400//1400 1437//1437
f 1437//1437 1400//1400 1399//1399
f 1437//1437 1399//1399 1438//1438
f 1438//1438 1399//1399 1398//1398
f 1438//1438 1398//1398 1439//1439
f 1439//1439 1398//1398 1397//1397
f 1439//1439 1397//1397 1440//1440
f 1440//1440 1397//1397 1396//1396
f 1440//1440 1396//1396 1441//1441
f 1441//1441 1396//1396 1395//1395
f 1441//1441 1395//1395 1442//1442
f 1442//1442 1395//1395 1394//1394
f 1442//1442 1394//1394 1443//1443
f 1443//1443 1394//1394 1393//1393
f 1443//1443 1393//1393 1444//1444
f 1444//1444 1393//1393 1392//1392
f 1444//1444 1392//1392 1445//1445
f 1445//1445 1392//1392 1391//1391
f 1445//1445 1391//1391 1446//1446
f 1446//1446 1391//1391 1390//1390
f 1446//1446 1390//1390 1194//1194
f 1194//1194 1390//1390 1389//1389
f 1194//1194 1389//1389 1447//1447
f 1447//1447 1389//1389 1448//1448
f 1448//1448 1389//1389 1388//1388
f 1448//1448 1388//1388 1449//1449
f 1387//1387 1452//1452 1388//1388
f 1388//1388 1452//1452 1450//1450
f 1388//1388 1450//1450 1449//1449
f 1386//1386 1451//1451 1387//1387
f 1387//1387 1451//1451 1452//1452
f 1455//1455 1453//1453 1386//1386
f 1386//1386 1453//1453 1454//1454
f 1386//1386 1454//1454 1451//1451
f 1455//1455 1386//1386 1385//1385
f 1455//1455 1385//1385 1456//1456
f 1456//1456 1385//1385 1384//1384
f 1456//1456 1384//1384 1457//1457
f 1383//1383 1382//1382 1463//1463
f 1463//1463 1458//1458 1383//1383
f 1383//1383 1458//1458 1384//1384
f 1384//1384 1458//1458 1459//1459
f 1384//1384 1459//1459 1457//1457
f 1460//1460 1461//1461 1381//1381
f 1381//1381 1461//1461 1462//1462
f 1381//1381 1462//1462 1382//1382
f 1382//1382 1462//1462 1463//1463
f 1467//1467 1464//1464 1379//1379
f 1379//1379 1464//1464 1465//1465
f 1379//1379 1465//1465 1380//1380
f 1380//1380 1465//1465 1466//1466
f 1380//1380 1466//1466 1381//1381
f 1381//1381 1466//1466 1460//1460
f 1378//1378 1422//1422 1379//1379
f 1379//1379 1422//1422 1467//1467
f 1421//1421 1378//1378 1468//1468
f 1468//1468 1378//1378 1377//1377
f 1468//1468 1377//1377 1469//1469
f 1469//1469 1377//1377 1376//1376
f 1469//1469 1376//1376 1470//1470
f 1374//1374 1471//1471 1472//1472
f 1374//1374 1472//1472 1375//1375
f 1472//1472 1473//1473 1375//1375
f 1375//1375 1473//1473 1376//1376
f 1376//1376 1473//1473 1474//1474
f 1376//1376 1474//1474 1470//1470
f 1373//1373 1420//1420 1374//1374
f 1374//1374 1420//1420 1475//1475
f 1374//1374 1475//1475 1471//1471
f 1420//1420 1373//1373 1476//1476
f 1476//1476 1373//1373 1372//1372
f 1476//1476 1372//1372 1477//1477
f 1477//1477 1372//1372 1371//1371
f 1477//1477 1371//1371 1478//1478
f 1369//1369 1479//1479 1480//1480
f 1369//1369 1480//1480 1370//1370
f 1480//1480 1481//1481 1370//1370
f 1370//1370 1481//1481 1371//1371
f 1371//1371 1481//1481 1482//1482
f 1371//1371 1482//1482 1478//1478
f 1368//1368 1419//1419 1369//1369
f 1369//1369 1419//1419 1483//1483
f 1369//1369 1483//1483 1479//1479
f 1419//1419 1368//1368 1484//1484
f 1484//1484 1368//1368 1367//1367
f 1484//1484 1367//1367 1485//1485
f 1485//1485 1367//1367 1366//1366
f 1485//1485 1366//1366 1486//1486
f 1364//1364 1487//1487 1365//1365
f 1365//1365 1487//1487 1488//1488
f 1365//1365 1488//1488 1366//1366
f 1366//1366 1488//1488 1489//1489
f 1366//1366 1489//1489 1486//1486
f 1363//1363 1490//1490 1491//1491
f 1363//1363 1491//1491 1364//1364
f 1364//1364 1491//1491 1492//1492
f 1364//1364 1492//1492 1487//1487
f 1490//1490 1363//1363 1493//1493
f 1493//1493 1363//1363 1362//1362
f 1493//1493 1362//1362 1494//1494
f 1494//1494 1362//1362 1495//1495
f 1495//1495 1362//1362 1361//1361
f 1495//1495 1361//1361 1496//1496
f 1496//1496 1361//1361 1360//1360
f 1496//1496 1360//1360 1498//1498
f 1359//1359 1497//1497 1360//1360
f 1360//1360 1497//1497 1498//1498
f 1358//1358 1499//1499 1500//1500
f 1358//1358 1500//1500 1359//1359
f 1359//1359 1500//1500 1501//1501
f 1359//1359 1501//1501 1497//1497
f 1499//1499 1358//1358 1502//1502
f 1502//1502 1358//1358 1357//1357
f 1502//1502 1357//1357 1503//1503
f 1503//1503 1357//1357 1504//1504
f 1504//1504 1357//1357 1356//1356
f 1504//1504 1356//1356 1505//1505
f 1505//1505 1356//1356 1355//1355
f 1505//1505 1355//1355 1507//1507
f 1354//1354 1506//1506 1355//1355
f 1355//1355 1506//1506 1507//1507
f 1353//1353 1508//1508 1509//1509
f 1353//1353 1509//1509 1354//1354
f 1354//1354 1509//1509 1510//1510
f 1354//1354 1510//1510 1506//1506
f 1508//1508 1353//1353 1511//1511
f 1511//1511 1353//1353 1352//1352
f 1511//1511 1352//1352 1512//1512
f 1512//1512 1352//1352 1513//1513
f 1513//1513 1352//1352 1351//1351
f 1350//1350 1514//1514 1515//1515
f 1350//1350 1515//1515 1351//1351
f 1351//1351 1515//1515 1516//1516
f 1351//1351 1516//1516 1513//1513
f 1514//1514 1350//1350 1517//1517
f 1517//1517 1350//1350 1349//1349
f 1517//1517 1349//1349 1518//1518
f 1518//1518 1349//1349 1519//1519
f 1519//1519 1349//1349 1348//1348
f 1519//1519 1348//1348 1520//1520
f 1520//1520 1348//1348 1347//1347
f 1520//1520 1347//1347 1522//1522
f 1418//1418 1521//1521 1347//1347
f 1347//1347 1521//1521 1522//1522
f 1417//1417 1523//1523 1524//1524
f 1417//1417 1524//1524 1418//1418
f 1418//1418 1524//1524 1525//1525
f 1418//1418 1525//1525 1521//1521
f 1523//1523 1417//1417 1526//1526
f 1526//1526 1417//1417 1416//1416
f 1526//1526 1416//1416 1527//1527
f 1527//1527 1416//1416 1528//1528
f 1528//1528 1416//1416 1415//1415
f 1528//1528 1415//1415 1529//1529
f 1414//1414 1531//1531 1415//1415
f 1415//1415 1531//1531 1529//1529
f 1413//1413 1423//1423 1530//1530
f 1413//1413 1530//1530 1414//1414
f 1414//1414 1530//1530 1531//1531
f 1303//1303 1532//1532 1301//1301
f 1301//1301 1532//1532 1533//1533
f 1301//1301 1533//1533 1299//1299
f 1299//1299 1533//1533 1534//1534
f 1299//1299 1534//1534 1297//1297
f 1297//1297 1534//1534 1535//1535
f 1297//1297 1535//1535 1295//1295
f 1295//1295 1535//1535 1536//1536
f 1295//1295 1536//1536 1293//1293
f 1293//1293 1536//1536 1537//1537
f 1293//1293 1537//1537 1291//1291
f 1291//1291 1537//1537 1538//1538
f 1291//1291 1538//1538 1289//1289
f 1289//1289 1538//1538 1539//1539
f 1289//1289 1539//1539 1287//1287
f 1287//1287 1539//1539 1540//1540
f 1287//1287 1540//1540 1285//1285
f 1285//1285 1540//1540 1541//1541
f 1285//1285 1541//1541 1283//1283
f 1283//1283 1541//1541 1542//1542
f 1283//1283 1542//1542 1281//1281
f 1281//1281 1542//1542 1543//1543
f 1281//1281 1543//1543 1279//1279
f 1279//1279 1543//1543 1544//1544
f 1279//1279 1544//1544 1277//1277
f 1277//1277 1544//1544 1545//1545
f 1277//1277 1545//1545 1275//1275
f 1275//1275 1545//1545 1546//1546
f 1275//1275 1546//1546 1273//1273
f 1273//1273 1546//1546 1547//1547
f 1273//1273 1547//1547 1271//1271
f 1271//1271 1547//1547 1548//1548
f 1271//1271 1548//1548 1269//1269
f 1269//1269 1548//1548 1549//1549
f 1269//1269 1549//1549 1267//1267
f 1267//1267 1549//1549 1550//1550
f 1267//1267 1550//1550 1265//1265
f 1265//1265 1550//1550 1551//1551
f 1265//1265 1551//1551 1263//1263
f 1263//1263 1551//1551 1552//1552
f 1263//1263 1552//1552 1261//1261
f 1261//1261 1552//1552 1553//1553
f 1261//1261 1553//1553 1259//1259
f 1259//1259 1553//1553 1554//1554
f 1259//1259 1554//1554 1257//1257
f 1257//1257 1554//1554 1555//1555
f 1257//1257 1555//1555 1255//1255
f 1255//1255 1555//1555 1556//1556
f 1255//1255 1556//1556 1253//1253
f 1253//1253 1556//1556 1557//1557
f 1253//1253 1557//1557 1251//1251
f 1251//1251 1557//1557 1558//1558
f 1251//1251 1558//1558 1249//1249
f 1249//1249 1558//1558 1559//1559
f 1249//1249 1559//1559 1247//1247
f 1247//1247 1559//1559 1560//1560
f 1247//1247 1560//1560 1245//1245
f 1245//1245 1560//1560 1561//1561
f 1245//1245 1561//1561 1243//1243
f 1243//1243 1561//1561 1562//1562
f 1243//1243 1562//1562 1241//1241
f 1241//1241 1562//1562 1563//1563
f 1241//1241 1563//1563 1239//1239
f 1239//1239 1563//1563 1564//1564
f 1239//1239 1564//1564 1237//1237
f 1237//1237 1564//1564 1565//1565
f 1237//1237 1565//1565 1235//1235
f 1235//1235 1565//1565 1566//1566
f 1235//1235 1566//1566 1233//1233
f 1233//1233 1566//1566 1567//1567
f 1233//1233 1567//1567 1231//1231
f 1231//1231 1567//1567 1568//1568
f 1231//1231 1568//1568 1229//1229
f 1229//1229 1568//1568 1569//1569
f 1229//1229 1569//1569 1227//1227
f 1227//1227 1569//1569 1570//1570
f 1227//1227 1570//1570 1225//1225
f 1225//1225 1570//1570 1571//1571
f 1225//1225 1571//1571 1223//1223
f 1223//1223 1571//1571 1572//1572
f 1223//1223 1572//1572 1221//1221
f 1221//1221 1572//1572 1573//1573
f 1221//1221 1573//1573 1219//1219
f 1219//1219 1573//1573 1574//1574
f 1219//1219 1574//1574 1217//1217
f 1217//1217 1574//1574 1575//1575
f 1217//1217 1575//1575 1215//1215
f 1215//1215 1575//1575 1576//1576
f 1215//1215 1576//1576 1213//1213
f 1213//1213 1576//1576 1577//1577
f 1213//1213 1577//1577 1211//1211
f 1211//1211 1577//1577 1578//1578
f 1211//1211 1578//1578 1209//1209
f 1209//1209 1578//1578 1579//1579
f 1209//1209 1579//1579 1207//1207
f 1207//1207 1579//1579 1580//1580
f 1207//1207 1580//1580 1205//1205
f 1205//1205 1580//1580 1581//1581
f 1205//1205 1581//1581 1203//1203
f 1203//1203 1581//1581 1582//1582
f 1203//1203 1582//1582 1201//1201
f 1201//1201 1582//1582 1583//1583
f 1201//1201 1583//1583 1199//1199
f 1199//1199 1583//1583 1584//1584
f 1199//1199 1584//1584 1197//1197
f 1197//1197 1584//1584 1585//1585
f 1197//1197 1585//1585 1195//1195
f 1195//1195 1585//1585 1586//1586
f 1195//1195 1586//1586 1337//1337
f 1337//1337 1586//1586 1587//1587
f 1337//1337 1587//1587 1335//1335
f 1335//1335 1587//1587 1588//1588
f 1335//1335 1588//1588 1333//1333
f 1333//1333 1588//1588 1589//1589
f 1333//1333 1589//1589 1331//1331
f 1331//1331 1589//1589 1590//1590
f 1331//1331 1590//1590 1329//1329
f 1329//1329 1590//1590 1591//1591
f 1329//1329 1591//1591 1327//1327
f 1327//1327 1591//1591 1592//1592
f 1327//1327 1592//1592 1325//1325
f 1325//1325 1592//1592 1593//1593
f 1325//1325 1593//1593 1323//1323
f 1323//1323 1593//1593 1594//1594
f 1323//1323 1594//1594 1321//1321
f 1321//1321 1594//1594 1595//1595
f 1321//1321 1595//1595 1319//1319
f 1319//1319 1595//1595 1596//1596
f 1319//1319 1596//1596 1317//1317
f 1317//1317 1596//1596 1597//1597
f 1317//1317 1597//1597 1315//1315
f 1315//1315 1597//1597 1598//1598
f 1315//1315 1598//1598 1313//1313
f 1313//1313 1598//1598 1599//1599
f 1313//1313 1599//1599 1311//1311
f 1311//1311 1599//1599 1600//1600
f 1311//1311 1600//1600 1309//1309
f 1309//1309 1600//1600 1601//1601
f 1309//1309 1601//1601 1307//1307
f 1307//1307 1601//1601 1602//1602
f 1307//1307 1602//1602 1305//1305
f 1305//1305 1602//1602 1603//1603
f 1305//1305 1603//1603 1303//1303
f 1303//1303 1603//1603 1532//1532
f 1340//1340 1339//1339 1604//1604
f 1538//1538 1346//1346 1539//1539
f 1539//1539 1346//1346 1605//1605
f 1539//1539 1605//1605 1540//1540
f 1540//1540 1605//1605 1606//1606
f 1540//1540 1606//1606 1541//1541
f 1541//1541 1606//1606 1607//1607
f 1541//1541 1607//1607 1542//1542
f 1542//1542 1607//1607 1608//1608
f 1542//1542 1608//1608 1543//1543
f 1543//1543 1608//1608 1609//1609
f 1543//1543 1609//1609 1544//1544
f 1544//1544 1609//1609 1610//1610
f 1544//1544 1610//1610 1545//1545
f 1545//1545 1610//1610 1611//1611
f 1545//1545 1611//1611 1546//1546
f 1546//1546 1611//1611 1612//1612
f 1546//1546 1612//1612 1547//1547
f 1547//1547 1612//1612 1613//1613
f 1547//1547 1613//1613 1548//1548
f 1548//1548 1613//1613 1614//1614
f 1548//1548 1614//1614 1549//1549
f 1549//1549 1614//1614 1615//1615
f 1549//1549 1615//1615 1550//1550
f 1550//1550 1615//1615 1616//1616
f 1550//1550 1616//1616 1551//1551
f 1551//1551 1616//1616 1617//1617
f 1551//1551 1617//1617 1552//1552
f 1552//1552 1617//1617 1618//1618
f 1552//1552 1618//1618 1553//1553
f 1553//1553 1618//1618 1619//1619
f 1553//1553 1619//1619 1554//1554
f 1554//1554 1619//1619 1620//1620
f 1554//1554 1620//1620 1555//1555
f 1555//1555 1620//1620 1621//1621
f 1555//1555 1621//1621 1556//1556
f 1556//1556 1621//1621 1622//1622
f 1556//1556 1622//1622 1557//1557
f 1557//1557 1622//1622 1623//1623
f 1557//1557 1623//1623 1558//1558
f 1558//1558 1623//1623 1624//1624
f 1558//1558 1624//1624 1559//1559
f 1559//1559 1624//1624 1625//1625
f 1559//1559 1625//1625 1560//1560
f 1560//1560 1625//1625 1626//1626
f 1560//1560 1626//1626 1561//1561
f 1561//1561 1626//1626 1627//1627
f 1561//1561 1627//1627 1562//1562
f 1627//1627 1340//1340 1562//1562
f 1562//1562 1340//1340 1604//1604
f 1562//1562 1604//1604 1563//1563
f 1563//1563 1604//1604 1628//1628
f 1563//1563 1628//1628 1564//1564
f 1564//1564 1628//1628 1629//1629
f 1564//1564 1629//1629 1565//1565
f 1565//1565 1629//1629 1630//1630
f 1565//1565 1630//1630 1566//1566
f 1566//1566 1630//1630 1631//1631
f 1566//1566 1631//1631 1567//1567
f 1567//1567 1631//1631 1632//1632
f 1567//1567 1632//1632 1568//1568
f 1568//1568 1632//1632 1633//1633
f 1568//1568 1633//1633 1569//1569
f 1569//1569 1633//1633 1634//1634
f 1569//1569 1634//1634 1570//1570
f 1570//1570 1634//1634 1635//1635
f 1570//1570 1635//1635 1571//1571
f 1571//1571 1635//1635 1636//1636
f 1571//1571 1636//1636 1572//1572
f 1572//1572 1636//1636 1637//1637
f 1572//1572 1637//1637 1573//1573
f 1573//1573 1637//1637 1638//1638
f 1573//1573 1638//1638 1574//1574
f 1574//1574 1638//1638 1639//1639
f 1574//1574 1639//1639 1575//1575
f 1575//1575 1639//1639 1640//1640
f 1575//1575 1640//1640 1576//1576
f 1576//1576 1640//1640 1641//1641
f 1576//1576 1641//1641 1577//1577
f 1577//1577 1641//1641 1642//1642
f 1577//1577 1642//1642 1578//1578
f 1578//1578 1642//1642 1643//1643
f 1578//1578 1643//1643 1579//1579
f 1579//1579 1643//1643 1644//1644
f 1579//1579 1644//1644 1580//1580
f 1580//1580 1644//1644 1645//1645
f 1580//1580 1645//1645 1581//1581
f 1581//1581 1645//1645 1646//1646
f 1581//1581 1646//1646 1582//1582
f 1582//1582 1646//1646 1647//1647
f 1582//1582 1647//1647 1583//1583
f 1583//1583 1647//1647 1648//1648
f 1583//1583 1648//1648 1584//1584
f 1584//1584 1648//1648 1649//1649
f 1584//1584 1649//1649 1585//1585
f 1585//1585 1649//1649 1650//1650
f 1585//1585 1650//1650 1586//1586
f 1586//1586 1650//1650 1651//1651
f 1586//1586 1651//1651 1587//1587
f 1587//1587 1651//1651 1652//1652
f 1587//1587 1652//1652 1588//1588
f 1588//1588 1652//1652 1653//1653
f 1588//1588 1653//1653 1589//1589
f 1589//1589 1653//1653 1654//1654
f 1589//1589 1654//1654 1590//1590
f 1590//1590 1654//1654 1655//1655
f 1590//1590 1655//1655 1591//1591
f 1591//1591 1655//1655 1656//1656
f 1591//1591 1656//1656 1592//1592
f 1592//1592 1656//1656 1657//1657
f 1592//1592 1657//1657 1593//1593
f 1593//1593 1657//1657 1658//1658
f 1593//1593 1658//1658 1594//1594
f 1594//1594 1658//1658 1659//1659
f 1594//1594 1659//1659 1595//1595
f 1595//1595 1659//1659 1660//1660
f 1595//1595 1660//1660 1596//1596
f 1596//1596 1660//1660 1661//1661
f 1596//1596 1661//1661 1597//1597
f 1597//1597 1661//1661 1662//1662
f 1597//1597 1662//1662 1598//1598
f 1598//1598 1662//1662 1663//1663
f 1598//1598 1663//1663 1599//1599
f 1599//1599 1663//1663 1664//1664
f 1599//1599 1664//1664 1600//1600
f 1600//1600 1664//1664 1665//1665
f 1600//1600 1665//1665 1601//1601
f 1601//1601 1665//1665 1666//1666
f 1601//1601 1666//1666 1602//1602
f 1602//1602 1666//1666 1667//1667
f 1602//1602 1667//1667 1603//1603
f 1603//1603 1667//1667 1668//1668
f 1603//1603 1668//1668 1532//1532
f 1532//1532 1668//1668 1669//1669
f 1532//1532 1669//1669 1533//1533
f 1533//1533 1669//1669 1670//1670
f 1533//1533 1670//1670 1534//1534
f 1534//1534 1670//1670 1671//1671
f 1534//1534 1671//1671 1535//1535
f 1535//1535 1671//1671 1672//1672
f 1535//1535 1672//1672 1536//1536
f 1536//1536 1672//1672 1673//1673
f 1536//1536 1673//1673 1537//1537
f 1537//1537 1673//1673 1674//1674
f 1537//1537 1674//1674 1538//1538
f 1538//1538 1674//1674 1675//1675
f 1538//1538 1675//1675 1346//1346
f 1346//1346 1675//1675 1345//1345
f 1346//1346 1344//1344 1605//1605
f 1605//1605 1344//1344 1676//1676
f 1605//1605 1676//1676 1606//1606
f 1606//1606 1676//1676 1677//1677
f 1606//1606 1677//1677 1607//1607
f 1607//1607 1677//1677 1678//1678
f 1607//1607 1678//1678 1608//1608
f 1608//1608 1678//1678 1679//1679
f 1608//1608 1679//1679 1609//1609
f 1609//1609 1679//1679 1680//1680
f 1609//1609 1680//1680 1610//1610
f 1610//1610 1680//1680 1681//1681
f 1610//1610 1681//1681 1611//1611
f 1611//1611 1681//1681 1682//1682
f 1611//1611 1682//1682 1612//1612
f 1612//1612 1682//1682 1683//1683
f 1612//1612 1683//1683 1613//1613
f 1613//1613 1683//1683 1684//1684
f 1613//1613 1684//1684 1614//1614
f 1614//1614 1684//1684 1685//1685
f 1614//1614 1685//1685 1615//1615
f 1615//1615 1685//1685 1686//1686
f 1615//1615 1686//1686 1616//1616
f 1616//1616 1686//1686 1687//1687
f 1616//1616 1687//1687 1617//1617
f 1617//1617 1687//1687 1688//1688
f 1617//1617 1688//1688 1618//1618
f 1618//1618 1688//1688 1689//1689
f 1618//1618 1689//1689 1619//1619
f 1619//1619 1689//1689 1690//1690
f 1619//1619 1690//1690 1620//1620
f 1620//1620 1690//1690 1691//1691
f 1620//1620 1691//1691 1621//1621
f 1621//1621 1691//1691 1692//1692
f 1621//1621 1692//1692 1622//1622
f 1622//1622 1692//1692 1693//1693
f 1622//1622 1693//1693 1623//1623
f 1623//1623 1693//1693 1694//1694
f 1623//1623 1694//1694 1624//1624
f 1624//1624 1694//1694 1695//1695
f 1624//1624 1695//1695 1625//1625
f 1625//1625 1695//1695 1696//1696
f 1625//1625 1696//1696 1626//1626
f 1626//1626 1696//1696 1697//1697
f 1626//1626 1697//1697 1627//1627
f 1627//1627 1697//1697 1698//1698
f 1627//1627 1698//1698 1340//1340
f 1340//1340 1698//1698 1342//1342
f 1194//1194 1192//1192 1699//1699
f 1699//1699 1192//1192 1700//1700
f 1820//1820 1189//1189 1424//1424
f 1701//1701 1702//1702 1703//1703
f 1704//1704 1705//1705 1702//1702
f 1702//1702 1705//1705 1706//1706
f 1702//1702 1706//1706 1703//1703
f 1707//1707 1708//1708 1704//1704
f 1704//1704 1708//1708 1709//1709
f 1704//1704 1709//1709 1705//1705
f 1710//1710 1711//1711 1707//1707
f 1707//1707 1711//1711 1712//1712
f 1707//1707 1712//1712 1708//1708
f 1713//1713 1714//1714 1710//1710
f 1710//1710 1714//1714 1715//1715
f 1710//1710 1715//1715 1711//1711
f 1716//1716 1717//1717 1713//1713
f 1713//1713 1717//1717 1718//1718
f 1713//1713 1718//1718 1714//1714
f 1719//1719 1720//1720 1716//1716
f 1716//1716 1720//1720 1721//1721
f 1716//1716 1721//1721 1717//1717
f 1722//1722 1723//1723 1719//1719
f 1719//1719 1723//1723 1724//1724
f 1719//1719 1724//1724 1720//1720
f 1725//1725 1726//1726 1722//1722
f 1722//1722 1726//1726 1727//1727
f 1722//1722 1727//1727 1723//1723
f 1728//1728 1729//1729 1725//1725
f 1725//1725 1729//1729 1730//1730
f 1725//1725 1730//1730 1726//1726
f 1731//1731 1732//1732 1728//1728
f 1728//1728 1732//1732 1733//1733
f 1728//1728 1733//1733 1729//1729
f 1734//1734 1735//1735 1731//1731
f 1731//1731 1735//1735 1736//1736
f 1731//1731 1736//1736 1732//1732
f 1737//1737 1738//1738 1734//1734
f 1734//1734 1738//1738 1739//1739
f 1734//1734 1739//1739 1735//1735
f 1740//1740 1741//1741 1737//1737
f 1737//1737 1741//1741 1742//1742
f 1737//1737 1742//1742 1738//1738
f 1743//1743 1744//1744 1740//1740
f 1740//1740 1744//1744 1745//1745
f 1740//1740 1745//1745 1741//1741
f 1746//1746 1747//1747 1743//1743
f 1743//1743 1747//1747 1748//1748
f 1743//1743 1748//1748 1744//1744
f 1749//1749 1750//1750 1746//1746
f 1746//1746 1750//1750 1751//1751
f 1746//1746 1751//1751 1747//1747
f 1752//1752 1753//1753 1749//1749
f 1749//1749 1753//1753 1754//1754
f 1749//1749 1754//1754 1750//1750
f 1755//1755 1756//1756 1752//1752
f 1752//1752 1756//1756 1757//1757
f 1752//1752 1757//1757 1753//1753
f 1758//1758 1759//1759 1755//1755
f 1755//1755 1759//1759 1760//1760
f 1755//1755 1760//1760 1756//1756
f 1761//1761 1762//1762 1758//1758
f 1758//1758 1762//1762 1763//1763
f 1758//1758 1763//1763 1759//1759
f 1764//1764 1765//1765 1761//1761
f 1761//1761 1765//1765 1766//1766
f 1761//1761 1766//1766 1762//1762
f 1767//1767 1768//1768 1764//1764
f 1764//1764 1768//1768 1769//1769
f 1764//1764 1769//1769 1765//1765
f 1700//1700 1192//1192 1770//1770
f 1700//1700 1770//1770 1771//1771
f 1771//1771 1770//1770 1772//1772
f 1771//1771 1772//1772 1773//1773
f 1773//1773 1772//1772 1774//1774
f 1773//1773 1774//1774 1775//1775
f 1775//1775 1774//1774 1776//1776
f 1775//1775 1776//1776 1777//1777
f 1777//1777 1776//1776 1778//1778
f 1777//1777 1778//1778 1779//1779
f 1779//1779 1778//1778 1780//1780
f 1779//1779 1780//1780 1781//1781
f 1781//1781 1780//1780 1782//1782
f 1781//1781 1782//1782 1783//1783
f 1783//1783 1782//1782 1784//1784
f 1783//1783 1784//1784 1785//1785
f 1785//1785 1784//1784 1786//1786
f 1785//1785 1786//1786 1787//1787
f 1787//1787 1786//1786 1788//1788
f 1787//1787 1788//1788 1789//1789
f 1789//1789 1788//1788 1790//1790
f 1789//1789 1790//1790 1791//1791
f 1791//1791 1790//1790 1792//1792
f 1791//1791 1792//1792 1793//1793
f 1793//1793 1792//1792 1794//1794
f 1793//1793 1794//1794 1795//1795
f 1795//1795 1794//1794 1796//1796
f 1795//1795 1796//1796 1797//1797
f 1797//1797 1796//1796 1798//1798
f 1797//1797 1798//1798 1799//1799
f 1799//1799 1798//1798 1800//1800
f 1799//1799 1800//1800 1801//1801
f 1801//1801 1800//1800 1802//1802
f 1801//1801 1802//1802 1803//1803
f 1803//1803 1802//1802 1804//1804
f 1803//1803 1804//1804 1805//1805
f 1805//1805 1804//1804 1806//1806
f 1805//1805 1806//1806 1807//1807
f 1807//1807 1806//1806 1808//1808
f 1807//1807 1808//1808 1809//1809
f 1809//1809 1808//1808 1810//1810
f 1809//1809 1810//1810 1811//1811
f 1811//1811 1810//1810 1812//1812
f 1811//1811 1812//1812 1813//1813
f 1813//1813 1812//1812 1814//1814
f 1813//1813 1814//1814 1815//1815
f 1815//1815 1814//1814 1816//1816
f 1815//1815 1816//1816 1817//1817
f 1817//1817 1816//1816 1818//1818
f 1817//1817 1818//1818 1767//1767
f 1767//1767 1818//1818 1819//1819
f 1767//1767 1819//1819 1768//1768
f 1703//1703 1820//1820 1701//1701
f 1701//1701 1820//1820 1821//1821
f 1821//1821 1820//1820 1424//1424
f 1821//1821 1424//1424 1822//1822
f 1822//1822 1424//1424 1425//1425
f 1822//1822 1425//1425 1823//1823
f 1823//1823 1425//1425 1426//1426
f 1823//1823 1426//1426 1824//1824
f 1824//1824 1426//1426 1427//1427
f 1824//1824 1427//1427 1825//1825
f 1825//1825 1427//1427 1428//1428
f 1825//1825 1428//1428 1826//1826
f 1826//1826 1428//1428 1429//1429
f 1826//1826 1429//1429 1827//1827
f 1827//1827 1429//1429 1430//1430
f 1827//1827 1430//1430 1828//1828
f 1828//1828 1430//1430 1431//1431
f 1828//1828 1431//1431 1829//1829
f 1829//1829 1431//1431 1432//1432
f 1829//1829 1432//1432 1830//1830
f 1830//1830 1432//1432 1433//1433
f 1830//1830 1433//1433 1831//1831
f 1831//1831 1433//1433 1434//1434
f 1831//1831 1434//1434 1832//1832
f 1832//1832 1434//1434 1435//1435
f 1832//1832 1435//1435 1833//1833
f 1833//1833 1435//1435 1436//1436
f 1833//1833 1436//1436 1834//1834
f 1834//1834 1436//1436 1437//1437
f 1834//1834 1437//1437 1835//1835
f 1835//1835 1437//1437 1438//1438
f 1835//1835 1438//1438 1836//1836
f 1836//1836 1438//1438 1439//1439
f 1836//1836 1439//1439 1837//1837
f 1837//1837 1439//1439 1440//1440
f 1837//1837 1440//1440 1838//1838
f 1838//1838 1440//1440 1441//1441
f 1838//1838 1441//1441 1839//1839
f 1839//1839 1441//1441 1442//1442
f 1839//1839 1442//1442 1840//1840
f 1840//1840 1442//1442 1443//1443
f 1840//1840 1443//1443 1841//1841
f 1841//1841 1443//1443 1444//1444
f 1841//1841 1444//1444 1842//1842
f 1842//1842 1444//1444 1445//1445
f 1842//1842 1445//1445 1699//1699
f 1699//1699 1445//1445 1446//1446
f 1699//1699 1446//1446 1194//1194
f 1843//1843 470//470 899//899
f 1844//1844 1845//1845 1846//1846
f 1846//1846 1845//1845 1847//1847
f 1848//1848 1849//1849 1850//1850
f 1850//1850 1849//1849 1851//1851
f 1850//1850 1851//1851 1852//1852
f 1852//1852 1851//1851 1853//1853
f 1852//1852 1853//1853 1854//1854
f 1854//1854 1853//1853 1855//1855
f 1854//1854 1855//1855 1856//1856
f 1856//1856 1855//1855 1857//1857
f 1856//1856 1857//1857 1858//1858
f 1858//1858 1857//1857 1859//1859
f 1858//1858 1859//1859 1860//1860
f 1860//1860 1859//1859 1861//1861
f 1860//1860 1861//1861 1862//1862
f 1862//1862 1861//1861 1863//1863
f 1862//1862 1863//1863 1864//1864
f 1864//1864 1863//1863 1865//1865
f 1864//1864 1865//1865 1866//1866
f 1866//1866 1865//1865 1867//1867
f 1866//1866 1867//1867 1868//1868
f 1868//1868 1867//1867 1869//1869
f 1868//1868 1869//1869 1870//1870
f 1870//1870 1869//1869 1871//1871
f 1870//1870 1871//1871 1872//1872
f 1872//1872 1871//1871 1873//1873
f 1872//1872 1873//1873 1874//1874
f 1874//1874 1873//1873 1875//1875
f 1874//1874 1875//1875 1876//1876
f 1876//1876 1875//1875 1877//1877
f 1876//1876 1877//1877 1878//1878
f 1878//1878 1877//1877 1879//1879
f 1878//1878 1879//1879 1880//1880
f 1880//1880 1879//1879 1881//1881
f 1880//1880 1881//1881 1882//1882
f 1882//1882 1881//1881 1883//1883
f 1882//1882 1883//1883 1884//1884
f 1884//1884 1883//1883 1885//1885
f 1884//1884 1885//1885 1886//1886
f 1886//1886 1885//1885 1887//1887
f 1886//1886 1887//1887 1888//1888
f 1888//1888 1887//1887 1889//1889
f 1888//1888 1889//1889 1890//1890
f 1890//1890 1889//1889 1891//1891
f 1890//1890 1891//1891 1892//1892
f 1892//1892 1891//1891 1893//1893
f 1892//1892 1893//1893 1894//1894
f 1894//1894 1893//1893 1895//1895
f 1894//1894 1895//1895 1896//1896
f 1896//1896 1895//1895 1897//1897
f 1896//1896 1897//1897 1898//1898
f 1898//1898 1897//1897 1899//1899
f 1898//1898 1899//1899 1900//1900
f 1900//1900 1899//1899 1901//1901
f 1900//1900 1901//1901 1902//1902
f 1902//1902 1901//1901 1903//1903
f 1902//1902 1903//1903 1904//1904
f 1904//1904 1903//1903 1905//1905
f 1904//1904 1905//1905 1906//1906
f 1906//1906 1905//1905 1907//1907
f 1906//1906 1907//1907 1908//1908
f 1908//1908 1907//1907 1909//1909
f 1908//1908 1909//1909 1910//1910
f 1910//1910 1909//1909 1911//1911
f 1910//1910 1911//1911 1912//1912
f 1912//1912 1911//1911 1913//1913
f 1912//1912 1913//1913 1914//1914
f 1914//1914 1913//1913 1915//1915
f 1914//1914 1915//1915 1916//1916
f 1916//1916 1915//1915 1917//1917
f 1916//1916 1917//1917 1918//1918
f 1918//1918 1917//1917 1919//1919
f 1918//1918 1919//1919 1920//1920
f 1920//1920 1919//1919 1921//1921
f 1920//1920 1921//1921 1922//1922
f 1922//1922 1921//1921 1923//1923
f 1922//1922 1923//1923 1924//1924
f 1924//1924 1923//1923 1925//1925
f 1924//1924 1925//1925 1926//1926
f 1926//1926 1925//1925 1927//1927
f 1926//1926 1927//1927 1928//1928
f 1928//1928 1927//1927 1929//1929
f 1928//1928 1929//1929 1930//1930
f 1930//1930 1929//1929 1931//1931
f 1930//1930 1931//1931 1932//1932
f 1932//1932 1931//1931 1933//1933
f 1932//1932 1933//1933 1934//1934
f 1934//1934 1933//1933 1935//1935
f 1934//1934 1935//1935 1936//1936
f 1936//1936 1935//1935 1937//1937
f 1936//1936 1937//1937 1938//1938
f 1938//1938 1937//1937 1939//1939
f 1938//1938 1939//1939 1940//1940
f 1940//1940 1939//1939 1941//1941
f 1940//1940 1941//1941 1942//1942
f 1942//1942 1941//1941 1943//1943
f 1942//1942 1943//1943 1944//1944
f 1944//1944 1943//1943 1945//1945
f 1944//1944 1945//1945 1946//1946
f 1946//1946 1945//1945 1947//1947
f 1946//1946 1947//1947 1948//1948
f 1948//1948 1947//1947 1949//1949
f 1948//1948 1949//1949 1950//1950
f 1950//1950 1949//1949 1951//1951
f 1950//1950 1951//1951 1952//1952
f 1952//1952 1951//1951 1953//1953
f 1952//1952 1953//1953 1954//1954
f 1954//1954 1953//1953 1955//1955
f 1954//1954 1955//1955 1956//1956
f 1956//1956 1955//1955 1957//1957
f 1956//1956 1957//1957 1958//1958
f 1958//1958 1957//1957 1959//1959
f 1958//1958 1959//1959 1960//1960
f 1960//1960 1959//1959 1961//1961
f 1960//1960 1961//1961 1962//1962
f 1962//1962 1961//1961 1963//1963
f 1962//1962 1963//1963 1964//1964
f 1964//1964 1963//1963 1965//1965
f 1964//1964 1965//1965 1966//1966
f 1966//1966 1965//1965 1967//1967
f 1966//1966 1967//1967 1968//1968
f 1968//1968 1967//1967 1969//1969
f 1968//1968 1969//1969 1970//1970
f 1970//1970 1969//1969 1971//1971
f 1970//1970 1971//1971 1972//1972
f 1972//1972 1971//1971 1973//1973
f 1972//1972 1973//1973 1974//1974
f 1974//1974 1973//1973 1975//1975
f 1974//1974 1975//1975 1976//1976
f 1976//1976 1975//1975 1977//1977
f 1976//1976 1977//1977 1978//1978
f 1978//1978 1977//1977 1979//1979
f 1978//1978 1979//1979 1980//1980
f 1980//1980 1979//1979 1981//1981
f 1980//1980 1981//1981 1982//1982
f 1982//1982 1981//1981 1983//1983
f 1982//1982 1983//1983 1984//1984
f 1984//1984 1983//1983 1985//1985
f 1984//1984 1985//1985 1986//1986
f 1986//1986 1985//1985 1987//1987
f 1986//1986 1987//1987 1988//1988
f 1988//1988 1987//1987 1989//1989
f 1988//1988 1989//1989 1990//1990
f 1990//1990 1989//1989 1991//1991
f 1990//1990 1991//1991 1848//1848
f 1848//1848 1991//1991 1849//1849
f 1992//1992 1993//1993 1994//1994
f 1995//1995 1996//1996 1997//1997
f 1997//1997 1998//1998 1995//1995
f 1995//1995 1998//1998 1999//1999
f 1995//1995 1999//1999 2000//2000
f 1702//1702 1701//1701 1994//1994
f 1993//1993 2001//2001 1994//1994
f 1994//1994 2001//2001 2002//2002
f 1994//1994 2002//2002 2003//2003
f 2004//2004 1831//1831 1832//1832
f 2003//2003 2005//2005 1994//1994
f 1994//1994 2005//2005 2006//2006
f 1994//1994 2006//2006 2007//2007
f 2007//2007 2008//2008 1994//1994
f 1994//1994 2008//2008 2009//2009
f 1994//1994 2009//2009 2010//2010
f 2000//2000 2011//2011 1995//1995
f 1995//1995 2011//2011 2012//2012
f 1995//1995 2012//2012 2013//2013
f 2013//2013 2014//2014 1995//1995
f 1995//1995 2014//2014 2015//2015
f 1995//1995 2015//2015 2016//2016
f 2017//2017 1779//1779 1781//1781
f 2018//2018 2019//2019 1830//1830
f 2010//2010 2020//2020 1994//1994
f 1994//1994 2020//2020 2021//2021
f 1994//1994 2021//2021 1995//1995
f 1995//1995 2021//2021 2022//2022
f 1995//1995 2022//2022 1996//1996
f 2016//2016 2023//2023 1995//1995
f 1995//1995 2023//2023 2024//2024
f 1995//1995 2024//2024 2025//2025
f 2025//2025 2026//2026 1995//1995
f 1995//1995 2026//2026 2027//2027
f 1995//1995 2027//2027 2028//2028
f 1699//1699 1700//1700 2029//2029
f 2029//2029 1775//1775 2017//2017
f 2017//2017 1775//1775 1777//1777
f 2017//2017 1777//1777 1779//1779
f 1781//1781 1783//1783 2017//2017
f 2017//2017 1783//1783 1785//1785
f 2017//2017 1785//1785 1787//1787
f 2018//2018 1830//1830 2030//2030
f 1822//1822 1823//1823 2031//2031
f 2028//2028 2032//2032 1995//1995
f 1995//1995 2032//2032 2033//2033
f 1995//1995 2033//2033 2017//2017
f 2017//2017 2033//2033 2034//2034
f 2017//2017 2034//2034 2029//2029
f 2004//2004 1832//1832 2035//2035
f 2035//2035 1832//1832 1833//1833
f 2035//2035 1833//1833 1834//1834
f 1787//1787 1789//1789 2017//2017
f 2017//2017 1789//1789 1791//1791
f 2017//2017 1791//1791 1793//1793
f 1811//1811 1813//1813 2017//2017
f 1702//1702 1994//1994 1704//1704
f 2036//2036 2037//2037 1701//1701
f 1701//1701 2037//2037 2038//2038
f 1701//1701 2039//2039 1994//1994
f 1994//1994 2039//2039 2040//2040
f 1994//1994 2040//2040 2041//2041
f 1700//1700 1771//1771 2029//2029
f 2029//2029 1771//1771 1773//1773
f 2029//2029 1773//1773 1775//1775
f 1793//1793 1795//1795 2017//2017
f 2017//2017 1795//1795 1797//1797
f 2017//2017 1797//1797 1799//1799
f 1831//1831 2004//2004 1830//1830
f 1830//1830 2004//2004 2042//2042
f 1830//1830 2042//2042 2030//2030
f 2019//2019 2043//2043 1830//1830
f 1830//1830 2043//2043 2044//2044
f 1830//1830 2044//2044 2045//2045
f 2036//2036 1701//1701 2031//2031
f 2031//2031 1701//1701 1821//1821
f 2031//2031 1821//1821 1822//1822
f 2046//2046 2047//2047 1823//1823
f 2038//2038 2048//2048 1701//1701
f 1701//1701 2048//2048 2049//2049
f 1701//1701 2049//2049 2039//2039
f 2050//2050 1838//1838 2029//2029
f 2029//2029 1838//1838 1839//1839
f 2029//2029 1839//1839 1840//1840
f 1840//1840 1841//1841 2029//2029
f 2029//2029 1841//1841 1842//1842
f 2029//2029 1842//1842 1699//1699
f 1799//1799 1801//1801 2017//2017
f 2017//2017 1801//1801 1803//1803
f 2017//2017 1803//1803 1805//1805
f 1805//1805 1807//1807 2017//2017
f 2017//2017 1807//1807 1809//1809
f 2017//2017 1809//1809 1811//1811
f 1813//1813 1815//1815 2017//2017
f 2017//2017 1815//1815 1817//1817
f 2017//2017 1817//1817 2051//2051
f 2051//2051 1817//1817 1767//1767
f 1734//1734 2051//2051 1737//1737
f 1737//1737 2051//2051 1740//1740
f 2041//2041 2052//2052 1994//1994
f 1994//1994 2052//2052 2053//2053
f 1994//1994 2053//2053 2054//2054
f 2054//2054 2055//2055 1994//1994
f 1994//1994 2055//2055 2056//2056
f 1994//1994 2056//2056 1992//1992
f 1834//1834 1835//1835 2035//2035
f 2035//2035 1835//1835 1836//1836
f 2035//2035 1836//1836 2050//2050
f 2050//2050 1836//1836 1837//1837
f 2050//2050 1837//1837 1838//1838
f 1734//1734 1731//1731 2051//2051
f 2051//2051 1731//1731 1728//1728
f 2051//2051 1728//1728 1725//1725
f 1725//1725 1722//1722 2051//2051
f 2051//2051 1722//1722 1719//1719
f 2051//2051 1719//1719 1716//1716
f 2045//2045 2057//2057 1830//1830
f 1830//1830 2057//2057 2058//2058
f 1830//1830 2058//2058 2059//2059
f 1824//1824 1825//1825 2060//2060
f 2060//2060 1825//1825 1826//1826
f 1824//1824 2060//2060 1823//1823
f 1823//1823 2060//2060 2061//2061
f 1823//1823 2061//2061 2046//2046
f 2047//2047 2062//2062 1823//1823
f 1823//1823 2062//2062 2063//2063
f 1823//1823 2063//2063 2031//2031
f 1767//1767 1764//1764 2051//2051
f 2051//2051 1764//1764 1761//1761
f 2051//2051 1761//1761 1758//1758
f 2059//2059 2064//2064 1830//1830
f 1830//1830 2064//2064 2065//2065
f 1830//1830 2065//2065 1829//1829
f 1758//1758 1755//1755 2051//2051
f 2051//2051 1755//1755 1752//1752
f 2051//2051 1752//1752 1749//1749
f 1749//1749 1746//1746 2051//2051
f 2051//2051 1746//1746 1743//1743
f 2051//2051 1743//1743 1740//1740
f 1716//1716 1713//1713 2051//2051
f 2051//2051 1713//1713 1710//1710
f 2051//2051 1710//1710 1994//1994
f 1994//1994 1710//1710 1707//1707
f 1994//1994 1707//1707 1704//1704
f 1826//1826 1827//1827 2060//2060
f 2060//2060 1827//1827 1828//1828
f 2060//2060 1828//1828 2066//2066
f 2066//2066 1828//1828 1829//1829
f 2066//2066 1829//1829 2067//2067
f 2067//2067 1829//1829 2065//2065
f 2068//2068 2069//2069 2070//2070
f 2071//2071 2072//2072 2073//2073
f 2073//2073 2072//2072 2068//2068
f 2073//2073 2068//2068 2074//2074
f 2074//2074 2068//2068 2070//2070
f 2075//2075 2076//2076 2077//2077
f 2077//2077 2076//2076 2078//2078
f 2077//2077 2078//2078 2079//2079
f 2079//2079 2078//2078 2080//2080
f 2079//2079 2080//2080 2069//2069
f 2069//2069 2080//2080 2081//2081
f 2069//2069 2081//2081 2070//2070
f 2075//2075 2077//2077 2082//2082
f 2082//2082 2077//2077 2083//2083
f 2082//2082 2083//2083 2084//2084
f 13//13 39//39 2085//2085
f 2085//2085 39//39 2086//2086
f 2087//2087 2051//2051 2088//2088
f 2088//2088 2051//2051 1994//1994
f 2088//2088 1994//1994 2089//2089
f 2084//2084 2083//2083 2090//2090
f 2090//2090 2083//2083 2091//2091
f 2090//2090 2091//2091 2092//2092
f 2092//2092 2091//2091 2085//2085
f 2092//2092 2085//2085 2089//2089
f 2089//2089 2085//2085 2086//2086
f 2089//2089 2086//2086 2088//2088
f 2093//2093 2094//2094 2095//2095
f 2093//2093 2095//2095 2096//2096
f 2096//2096 2095//2095 2072//2072
f 2096//2096 2072//2072 2071//2071
f 2097//2097 2098//2098 2099//2099
f 2097//2097 2099//2099 2100//2100
f 2100//2100 2099//2099 2101//2101
f 2102//2102 2103//2103 2104//2104
f 2104//2104 2103//2103 2105//2105
f 2106//2106 2107//2107 2100//2100
f 2100//2100 2107//2107 2108//2108
f 2100//2100 2108//2108 2109//2109
f 2110//2110 2111//2111 2097//2097
f 2112//2112 2113//2113 2114//2114
f 2115//2115 2116//2116 2117//2117
f 2115//2115 2117//2117 2112//2112
f 2112//2112 2117//2117 2118//2118
f 2112//2112 2118//2118 2113//2113
f 2119//2119 2120//2120 2121//2121
f 2121//2121 2120//2120 2122//2122
f 2121//2121 2122//2122 2123//2123
f 2123//2123 2124//2124 2121//2121
f 2121//2121 2124//2124 2125//2125
f 2121//2121 2125//2125 2126//2126
f 2126//2126 2125//2125 2127//2127
f 2126//2126 2127//2127 2100//2100
f 2100//2100 2127//2127 2128//2128
f 2100//2100 2128//2128 2106//2106
f 2109//2109 2129//2129 2100//2100
f 2100//2100 2129//2129 2130//2130
f 2100//2100 2130//2130 2131//2131
f 2097//2097 2132//2132 2133//2133
f 2134//2134 2135//2135 2136//2136
f 2136//2136 2137//2137 2104//2104
f 2104//2104 2137//2137 2138//2138
f 2104//2104 2138//2138 2102//2102
f 2114//2114 2139//2139 2112//2112
f 2112//2112 2139//2139 2140//2140
f 2112//2112 2140//2140 2121//2121
f 2121//2121 2140//2140 2141//2141
f 2121//2121 2141//2141 2119//2119
f 2111//2111 2142//2142 2097//2097
f 2097//2097 2142//2142 2143//2143
f 2097//2097 2143//2143 2132//2132
f 2133//2133 2144//2144 2097//2097
f 2097//2097 2144//2144 2145//2145
f 2097//2097 2145//2145 2146//2146
f 2146//2146 2145//2145 2147//2147
f 2146//2146 2147//2147 2148//2148
f 2148//2148 2147//2147 2149//2149
f 2148//2148 2149//2149 2150//2150
f 2152//2152 2151//2151 2153//2153
f 2152//2152 2153//2153 2154//2154
f 2135//2135 2155//2155 2136//2136
f 2136//2136 2155//2155 2156//2156
f 2136//2136 2156//2156 2137//2137
f 2131//2131 2157//2157 2100//2100
f 2100//2100 2157//2157 2158//2158
f 2100//2100 2158//2158 2097//2097
f 2097//2097 2158//2158 2159//2159
f 2097//2097 2159//2159 2110//2110
f 2160//2160 2161//2161 2162//2162
f 2162//2162 2161//2161 2163//2163
f 2105//2105 2166//2166 2104//2104
f 2104//2104 2166//2166 2167//2167
f 2104//2104 2167//2167 2168//2168
f 2168//2168 2167//2167 2169//2169
f 2170//2170 2171//2171 2172//2172
f 2172//2172 2171//2171 2173//2173
f 2172//2172 2173//2173 2169//2169
f 2169//2169 2173//2173 2174//2174
f 2169//2169 2174//2174 2168//2168
f 2170//2170 2172//2172 2175//2175
f 2175//2175 2172//2172 2176//2176
f 2175//2175 2176//2176 2177//2177
f 2177//2177 2176//2176 2178//2178
f 2178//2178 2176//2176 2179//2179
f 2178//2178 2179//2179 2180//2180
f 2180//2180 2179//2179 2181//2181
f 2181//2181 2179//2179 2182//2182
f 2181//2181 2182//2182 2183//2183
f 2183//2183 2182//2182 2184//2184
f 2184//2184 2182//2182 2185//2185
f 2184//2184 2185//2185 2186//2186
f 2115//2115 2187//2187 2116//2116
f 2116//2116 2187//2187 2188//2188
f 2116//2116 2188//2188 2185//2185
f 2185//2185 2188//2188 2189//2189
f 2185//2185 2189//2189 2186//2186
f 2150//2150 2190//2190 2148//2148
f 2148//2148 2190//2190 2191//2191
f 2148//2148 2191//2191 2192//2192
f 2153//2153 2193//2193 2154//2154
f 2154//2154 2193//2193 2194//2194
f 2154//2154 2194//2194 2195//2195
f 2195//2195 2194//2194 2196//2196
f 2195//2195 2196//2196 2165//2165
f 2165//2165 2196//2196 2197//2197
f 2165//2165 2197//2197 2164//2164
f 2134//2134 2136//2136 2152//2152
f 2152//2152 2136//2136 2198//2198
f 2152//2152 2198//2198 2151//2151
f 2192//2192 2199//2199 2148//2148
f 2148//2148 2199//2199 2200//2200
f 2148//2148 2200//2200 2201//2201
f 2201//2201 2200//2200 2202//2202
f 2202//2202 2203//2203 2201//2201
f 2201//2201 2203//2203 2204//2204
f 2201//2201 2204//2204 2205//2205
f 2205//2205 2206//2206 2201//2201
f 2201//2201 2206//2206 2207//2207
f 2201//2201 2207//2207 2208//2208
f 2208//2208 2207//2207 2209//2209
f 2161//2161 2160//2160 2210//2210
f 2161//2161 2210//2210 2209//2209
f 2209//2209 2210//2210 2208//2208
f 2211//2211 2212//2212 2213//2213
f 2213//2213 2212//2212 2214//2214
f 2213//2213 2214//2214 2215//2215
f 2215//2215 2214//2214 2216//2216
f 2217//2217 2218//2218 2219//2219
f 2219//2219 2218//2218 2220//2220
f 2221//2221 2222//2222 2220//2220
f 2220//2220 2222//2222 2223//2223
f 2220//2220 2223//2223 2219//2219
f 2224//2224 2225//2225 2226//2226
f 2226//2226 2225//2225 2227//2227
f 2226//2226 2227//2227 2228//2228
f 2228//2228 2227//2227 2229//2229
f 2228//2228 2229//2229 2230//2230
f 2230//2230 2229//2229 2231//2231
f 2230//2230 2231//2231 2232//2232
f 2232//2232 2231//2231 2233//2233
f 2232//2232 2233//2233 2234//2234
f 2234//2234 2233//2233 2235//2235
f 2234//2234 2235//2235 2236//2236
f 2236//2236 2235//2235 2237//2237
f 2236//2236 2237//2237 2221//2221
f 2221//2221 2237//2237 2238//2238
f 2221//2221 2238//2238 2222//2222
f 2226//2226 2239//2239 2224//2224
f 2224//2224 2239//2239 2240//2240
f 2224//2224 2240//2240 2241//2241
f 2241//2241 2240//2240 2242//2242
f 2240//2240 2243//2243 2242//2242
f 2242//2242 2243//2243 2212//2212
f 2242//2242 2212//2212 2211//2211
f 2244//2244 2245//2245 2246//2246
f 2244//2244 2246//2246 2247//2247
f 2248//2248 2249//2249 2250//2250
f 2250//2250 2251//2251 2252//2252
f 2253//2253 1344//1344 2254//2254
f 2254//2254 1344//1344 1343//1343
f 2255//2255 2256//2256 2246//2246
f 2246//2246 2256//2256 2257//2257
f 2246//2246 2257//2257 2258//2258
f 2259//2259 2260//2260 2250//2250
f 2252//2252 2261//2261 2250//2250
f 2250//2250 2261//2261 2262//2262
f 2250//2250 2262//2262 2263//2263
f 2263//2263 2264//2264 2250//2250
f 2250//2250 2264//2264 2265//2265
f 2250//2250 2265//2265 1342//1342
f 1342//1342 2265//2265 2266//2266
f 1342//1342 2266//2266 1341//1341
f 2267//2267 2268//2268 2269//2269
f 2258//2258 2270//2270 2246//2246
f 2246//2246 2270//2270 2271//2271
f 2246//2246 2271//2271 2247//2247
f 2272//2272 2273//2273 2250//2250
f 2274//2274 2275//2275 2276//2276
f 2277//2277 2278//2278 2279//2279
f 2280//2280 2218//2218 2281//2281
f 2281//2281 2218//2218 2282//2282
f 2283//2283 2284//2284 2246//2246
f 2246//2246 2284//2284 2285//2285
f 2246//2246 2285//2285 2255//2255
f 2245//2245 2286//2286 2246//2246
f 2246//2246 2286//2286 2287//2287
f 2246//2246 2287//2287 2288//2288
f 2289//2289 2290//2290 2246//2246
f 2246//2246 2290//2290 2291//2291
f 2246//2246 2291//2291 2292//2292
f 2260//2260 2293//2293 2250//2250
f 2250//2250 2293//2293 2294//2294
f 2250//2250 2294//2294 2251//2251
f 2295//2295 2296//2296 2297//2297
f 2269//2269 2298//2298 2299//2299
f 2300//2300 2301//2301 2218//2218
f 2302//2302 2303//2303 2218//2218
f 2218//2218 2303//2303 2304//2304
f 2218//2218 2304//2304 2279//2279
f 2288//2288 2305//2305 2246//2246
f 2246//2246 2305//2305 2306//2306
f 2246//2246 2306//2306 2289//2289
f 2292//2292 2307//2307 2246//2246
f 2246//2246 2307//2307 2308//2308
f 2246//2246 2308//2308 2250//2250
f 2250//2250 2308//2308 2309//2309
f 2250//2250 2309//2309 2272//2272
f 2273//2273 2310//2310 2250//2250
f 2250//2250 2310//2310 2311//2311
f 2250//2250 2311//2311 2312//2312
f 2249//2249 2313//2313 2250//2250
f 2250//2250 2313//2313 2314//2314
f 2250//2250 2314//2314 2259//2259
f 2315//2315 2316//2316 2317//2317
f 2317//2317 2316//2316 2318//2318
f 2318//2318 2319//2319 2317//2317
f 2317//2317 2319//2319 2320//2320
f 2317//2317 2320//2320 2321//2321
f 2322//2322 2323//2323 2324//2324
f 2325//2325 2297//2297 2326//2326
f 2326//2326 2297//2297 2327//2327
f 2326//2326 2327//2327 2328//2328
f 2325//2325 2329//2329 2297//2297
f 2297//2297 2329//2329 2330//2330
f 2297//2297 2330//2330 2331//2331
f 2299//2299 2332//2332 2269//2269
f 2269//2269 2332//2332 2333//2333
f 2269//2269 2333//2333 2267//2267
f 2300//2300 2218//2218 2334//2334
f 2312//2312 2335//2335 2250//2250
f 2250//2250 2335//2335 2336//2336
f 2250//2250 2336//2336 2248//2248
f 2337//2337 2338//2338 1342//1342
f 2275//2275 2339//2339 2276//2276
f 2276//2276 2339//2339 2340//2340
f 2276//2276 2340//2340 2341//2341
f 2321//2321 2342//2342 2317//2317
f 2317//2317 2342//2342 2343//2343
f 2317//2317 2343//2343 2344//2344
f 2297//2297 2296//2296 2345//2345
f 2345//2345 2296//2296 2346//2346
f 2345//2345 2346//2346 2347//2347
f 2347//2347 2346//2346 2348//2348
f 2347//2347 2348//2348 2349//2349
f 2268//2268 2350//2350 2269//2269
f 2269//2269 2350//2350 2351//2351
f 2269//2269 2351//2351 2352//2352
f 2353//2353 2354//2354 2218//2218
f 2218//2218 2354//2354 2355//2355
f 2301//2301 2356//2356 2218//2218
f 2218//2218 2356//2356 2357//2357
f 2218//2218 2357//2357 2282//2282
f 2280//2280 2358//2358 2218//2218
f 2218//2218 2358//2358 2359//2359
f 2218//2218 2359//2359 2302//2302
f 2250//2250 2360//2360 2361//2361
f 2361//2361 2362//2362 2250//2250
f 2250//2250 2362//2362 2363//2363
f 2250//2250 2363//2363 2364//2364
f 2331//2331 2365//2365 2297//2297
f 2297//2297 2365//2365 2366//2366
f 2297//2297 2366//2366 2295//2295
f 2304//2304 2367//2367 2279//2279
f 2279//2279 2367//2367 2368//2368
f 2279//2279 2368//2368 2369//2369
f 2328//2328 2370//2370 2326//2326
f 2326//2326 2370//2370 2371//2371
f 2326//2326 2371//2371 2372//2372
f 2372//2372 2371//2371 2373//2373
f 2373//2373 2374//2374 2372//2372
f 2372//2372 2374//2374 2375//2375
f 2372//2372 2375//2375 2376//2376
f 2253//2253 2283//2283 1344//1344
f 1344//1344 2283//2283 2246//2246
f 1344//1344 2246//2246 2217//2217
f 2217//2217 2246//2246 2269//2269
f 2217//2217 2269//2269 2218//2218
f 2218//2218 2269//2269 2352//2352
f 2218//2218 2352//2352 2353//2353
f 2364//2364 2377//2377 2250//2250
f 2250//2250 2377//2377 2378//2378
f 2250//2250 2378//2378 2379//2379
f 2379//2379 2380//2380 2250//2250
f 2250//2250 2380//2380 2381//2381
f 2250//2250 2381//2381 2276//2276
f 2276//2276 2381//2381 2382//2382
f 2276//2276 2382//2382 2274//2274
f 2341//2341 2383//2383 2276//2276
f 2276//2276 2383//2383 2384//2384
f 2276//2276 2384//2384 2317//2317
f 2317//2317 2384//2384 2385//2385
f 2317//2317 2385//2385 2315//2315
f 2344//2344 2386//2386 2317//2317
f 2317//2317 2386//2386 2387//2387
f 2317//2317 2387//2387 2324//2324
f 2324//2324 2387//2387 2388//2388
f 2324//2324 2388//2388 2389//2389
f 2369//2369 2390//2390 2279//2279
f 2279//2279 2390//2390 2391//2391
f 2279//2279 2391//2391 2277//2277
f 2375//2375 2392//2392 2376//2376
f 2376//2376 2392//2392 2393//2393
f 2376//2376 2393//2393 2394//2394
f 2355//2355 2395//2395 2218//2218
f 2218//2218 2395//2395 2396//2396
f 2218//2218 2396//2396 2397//2397
f 2338//2338 2398//2398 1342//1342
f 1342//1342 2398//2398 2399//2399
f 1342//1342 2399//2399 2250//2250
f 2250//2250 2399//2399 2400//2400
f 2250//2250 2400//2400 2360//2360
f 2401//2401 2402//2402 2324//2324
f 2324//2324 2402//2402 2403//2403
f 2324//2324 2403//2403 2322//2322
f 2279//2279 2404//2404 2405//2405
f 2397//2397 2406//2406 2218//2218
f 2218//2218 2406//2406 2407//2407
f 2218//2218 2407//2407 2334//2334
f 2389//2389 2408//2408 2324//2324
f 2324//2324 2408//2408 2409//2409
f 2324//2324 2409//2409 2401//2401
f 1698//1698 2410//2410 1342//1342
f 1342//1342 2410//2410 2411//2411
f 1342//1342 2411//2411 2337//2337
f 1698//1698 1697//1697 2410//2410
f 2410//2410 1697//1697 1696//1696
f 2410//2410 1696//1696 1695//1695
f 2278//2278 2412//2412 2279//2279
f 2279//2279 2412//2412 2413//2413
f 2279//2279 2413//2413 2414//2414
f 2415//2415 2416//2416 2217//2217
f 2217//2217 2416//2416 2417//2417
f 2217//2217 2418//2418 2419//2419
f 1695//1695 1694//1694 2410//2410
f 2410//2410 1694//1694 1693//1693
f 2410//2410 1693//1693 1692//1692
f 2420//2420 1679//1679 2421//2421
f 2421//2421 1679//1679 1678//1678
f 2421//2421 1678//1678 1677//1677
f 1677//1677 1676//1676 2421//2421
f 2421//2421 1676//1676 1344//1344
f 2421//2421 1344//1344 2422//2422
f 2414//2414 2423//2423 2279//2279
f 2279//2279 2423//2423 2424//2424
f 2279//2279 2424//2424 2425//2425
f 2425//2425 2426//2426 2279//2279
f 2279//2279 2426//2426 2427//2427
f 2279//2279 2427//2427 2428//2428
f 2428//2428 2429//2429 2279//2279
f 2279//2279 2429//2429 2430//2430
f 2279//2279 2430//2430 2431//2431
f 2348//2348 2432//2432 2349//2349
f 2349//2349 2432//2432 2433//2433
f 2349//2349 2433//2433 2434//2434
f 2435//2435 2436//2436 2269//2269
f 2269//2269 2436//2436 2437//2437
f 2269//2269 2437//2437 2298//2298
f 2417//2417 2438//2438 2217//2217
f 2217//2217 2438//2438 2439//2439
f 2217//2217 2439//2439 2418//2418
f 2440//2440 1344//1344 2441//2441
f 2441//2441 1344//1344 2442//2442
f 2440//2440 2443//2443 1344//1344
f 1344//1344 2443//2443 2444//2444
f 1344//1344 2444//2444 2422//2422
f 1692//1692 1691//1691 2410//2410
f 2410//2410 1691//1691 1690//1690
f 2410//2410 1690//1690 1689//1689
f 2420//2420 2445//2445 1679//1679
f 1679//1679 2445//2445 2446//2446
f 1679//1679 2446//2446 1680//1680
f 1680//1680 2446//2446 2447//2447
f 1680//1680 2447//2447 1681//1681
f 1689//1689 1688//1688 2410//2410
f 2410//2410 1688//1688 1687//1687
f 2410//2410 1687//1687 2448//2448
f 2448//2448 1687//1687 1686//1686
f 2448//2448 1686//1686 2449//2449
f 1684//1684 1683//1683 2447//2447
f 2447//2447 1683//1683 1682//1682
f 2447//2447 1682//1682 1681//1681
f 2431//2431 2450//2450 2279//2279
f 2279//2279 2450//2450 2451//2451
f 2279//2279 2451//2451 2434//2434
f 2452//2452 2453//2453 2454//2454
f 2454//2454 2453//2453 2455//2455
f 2456//2456 2457//2457 2269//2269
f 2323//2323 2458//2458 2324//2324
f 2324//2324 2458//2458 2459//2459
f 2324//2324 2459//2459 2217//2217
f 2217//2217 2459//2459 2460//2460
f 2217//2217 2460//2460 2415//2415
f 2419//2419 2461//2461 2217//2217
f 2217//2217 2461//2461 2462//2462
f 2217//2217 2462//2462 1344//1344
f 1344//1344 2462//2462 2463//2463
f 1344//1344 2463//2463 2442//2442
f 2449//2449 1686//1686 2447//2447
f 2447//2447 1686//1686 1685//1685
f 2447//2447 1685//1685 1684//1684
f 2433//2433 2464//2464 2434//2434
f 2434//2434 2464//2464 2465//2465
f 2434//2434 2465//2465 2279//2279
f 2279//2279 2465//2465 2466//2466
f 2279//2279 2466//2466 2404//2404
f 2405//2405 2467//2467 2279//2279
f 2279//2279 2467//2467 2468//2468
f 2279//2279 2468//2468 2469//2469
f 2470//2470 2471//2471 2454//2454
f 2472//2472 2473//2473 2454//2454
f 2456//2456 2269//2269 2474//2474
f 2469//2469 2475//2475 2279//2279
f 2279//2279 2475//2475 2476//2476
f 2279//2279 2476//2476 2477//2477
f 2477//2477 2478//2478 2279//2279
f 2279//2279 2478//2478 2479//2479
f 2279//2279 2479//2479 2454//2454
f 2454//2454 2479//2479 2480//2480
f 2454//2454 2480//2480 2470//2470
f 2471//2471 2481//2481 2454//2454
f 2454//2454 2481//2481 2482//2482
f 2454//2454 2482//2482 2452//2452
f 2455//2455 2483//2483 2454//2454
f 2454//2454 2483//2483 2484//2484
f 2454//2454 2484//2484 2485//2485
f 2485//2485 2486//2486 2454//2454
f 2454//2454 2486//2486 2487//2487
f 2454//2454 2487//2487 2488//2488
f 2488//2488 2489//2489 2454//2454
f 2454//2454 2489//2489 2490//2490
f 2454//2454 2490//2490 2472//2472
f 2269//2269 2491//2491 2492//2492
f 2473//2473 2493//2493 2454//2454
f 2454//2454 2493//2493 2494//2494
f 2454//2454 2494//2494 2269//2269
f 2269//2269 2494//2494 2495//2495
f 2269//2269 2495//2495 2496//2496
f 2496//2496 2497//2497 2269//2269
f 2269//2269 2497//2497 2498//2498
f 2269//2269 2498//2498 2474//2474
f 2499//2499 2500//2500 2269//2269
f 2269//2269 2500//2500 2501//2501
f 2269//2269 2501//2501 2491//2491
f 2492//2492 2502//2502 2269//2269
f 2269//2269 2502//2502 2503//2503
f 2269//2269 2503//2503 2504//2504
f 2393//2393 2505//2505 2394//2394
f 2394//2394 2505//2505 2506//2506
f 2394//2394 2506//2506 2507//2507
f 2507//2507 2506//2506 2508//2508
f 2509//2509 2510//2510 2269//2269
f 2269//2269 2510//2510 2511//2511
f 2269//2269 2511//2511 2499//2499
f 2457//2457 2512//2512 2269//2269
f 2269//2269 2512//2512 2513//2513
f 2269//2269 2513//2513 2509//2509
f 2504//2504 2514//2514 2269//2269
f 2269//2269 2514//2514 2515//2515
f 2269//2269 2515//2515 2435//2435
f 2435//2435 2515//2515 2507//2507
f 2435//2435 2507//2507 2516//2516
f 2516//2516 2507//2507 2508//2508
f 2517//2517 2518//2518 2519//2519
f 2519//2519 2518//2518 2520//2520
f 2519//2519 2520//2520 2521//2521
f 2522//2522 2523//2523 2524//2524
f 2524//2524 2523//2523 2519//2519
f 2524//2524 2519//2519 2525//2525
f 2525//2525 2519//2519 2521//2521
f 2526//2526 2527//2527 2528//2528
f 2528//2528 2527//2527 2529//2529
f 2528//2528 2529//2529 2530//2530
f 2526//2526 2531//2531 2527//2527
f 2527//2527 2531//2531 2532//2532
f 2527//2527 2532//2532 2533//2533
f 2517//2517 2519//2519 2534//2534
f 2534//2534 2519//2519 2530//2530
f 2534//2534 2530//2530 2535//2535
f 2535//2535 2530//2530 2529//2529
f 2536//2536 2527//2527 2533//2533
f 229//229 228//228 2537//2537
f 2537//2537 228//228 2538//2538
f 2537//2537 2538//2538 2539//2539
f 2539//2539 2538//2538 2540//2540
f 2540//2540 2538//2538 2541//2541
f 2541//2541 2538//2538 2542//2542
f 2541//2541 2542//2542 2533//2533
f 2533//2533 2542//2542 2543//2543
f 2533//2533 2543//2543 2536//2536
f 1845//1845 1844//1844 2276//2276
f 2276//2276 1844//1844 2250//2250
f 1995//1995 2017//2017 2544//2544
f 2544//2544 2017//2017 2545//2545
f 2544//2544 2545//2545 1847//1847
f 1847//1847 2545//2545 1846//1846
f 1957//1957 2546//2546 1959//1959
f 1959//1959 2546//2546 2547//2547
f 1959//1959 2547//2547 1961//1961
f 1961//1961 2547//2547 2548//2548
f 1961//1961 2548//2548 1963//1963
f 1963//1963 2548//2548 2549//2549
f 1963//1963 2549//2549 1965//1965
f 1965//1965 2549//2549 2550//2550
f 1965//1965 2550//2550 1967//1967
f 1967//1967 2550//2550 2551//2551
f 1967//1967 2551//2551 1969//1969
f 1969//1969 2551//2551 2552//2552
f 1969//1969 2552//2552 1971//1971
f 1971//1971 2552//2552 2553//2553
f 1971//1971 2553//2553 1973//1973
f 1973//1973 2553//2553 2554//2554
f 1973//1973 2554//2554 1975//1975
f 1975//1975 2554//2554 2555//2555
f 1975//1975 2555//2555 1977//1977
f 1977//1977 2555//2555 2556//2556
f 1977//1977 2556//2556 1979//1979
f 1979//1979 2556//2556 2557//2557
f 1979//1979 2557//2557 1981//1981
f 1981//1981 2557//2557 2558//2558
f 1981//1981 2558//2558 1983//1983
f 1983//1983 2558//2558 2559//2559
f 1983//1983 2559//2559 1985//1985
f 1985//1985 2559//2559 2560//2560
f 1985//1985 2560//2560 1987//1987
f 1987//1987 2560//2560 2561//2561
f 1987//1987 2561//2561 1989//1989
f 1989//1989 2561//2561 2562//2562
f 1989//1989 2562//2562 1991//1991
f 1991//1991 2562//2562 2563//2563
f 1991//1991 2563//2563 1849//1849
f 1849//1849 2563//2563 2564//2564
f 1849//1849 2564//2564 1851//1851
f 1851//1851 2564//2564 2565//2565
f 1851//1851 2565//2565 1853//1853
f 1853//1853 2565//2565 2566//2566
f 1853//1853 2566//2566 1855//1855
f 1855//1855 2566//2566 2567//2567
f 1855//1855 2567//2567 1857//1857
f 1857//1857 2567//2567 2568//2568
f 1857//1857 2568//2568 1859//1859
f 1859//1859 2568//2568 2569//2569
f 1859//1859 2569//2569 1861//1861
f 1861//1861 2569//2569 2570//2570
f 1861//1861 2570//2570 1863//1863
f 1863//1863 2570//2570 2571//2571
f 1863//1863 2571//2571 1865//1865
f 1865//1865 2571//2571 2572//2572
f 1865//1865 2572//2572 1867//1867
f 1867//1867 2572//2572 2573//2573
f 1867//1867 2573//2573 1869//1869
f 1869//1869 2573//2573 2574//2574
f 1869//1869 2574//2574 1871//1871
f 1871//1871 2574//2574 2575//2575
f 1871//1871 2575//2575 1873//1873
f 1873//1873 2575//2575 2576//2576
f 1873//1873 2576//2576 1875//1875
f 1875//1875 2576//2576 2577//2577
f 1875//1875 2577//2577 1877//1877
f 1877//1877 2577//2577 2578//2578
f 1877//1877 2578//2578 1879//1879
f 1879//1879 2578//2578 2579//2579
f 1879//1879 2579//2579 1881//1881
f 1881//1881 2579//2579 2580//2580
f 1881//1881 2580//2580 1883//1883
f 1883//1883 2580//2580 2581//2581
f 1883//1883 2581//2581 1885//1885
f 1885//1885 2581//2581 2582//2582
f 1885//1885 2582//2582 1887//1887
f 1887//1887 2582//2582 2583//2583
f 1887//1887 2583//2583 1889//1889
f 1889//1889 2583//2583 2584//2584
f 1889//1889 2584//2584 1891//1891
f 1891//1891 2584//2584 2585//2585
f 1891//1891 2585//2585 1893//1893
f 1893//1893 2585//2585 2586//2586
f 1893//1893 2586//2586 1895//1895
f 1895//1895 2586//2586 2587//2587
f 1895//1895 2587//2587 1897//1897
f 1897//1897 2587//2587 2588//2588
f 1897//1897 2588//2588 1899//1899
f 1899//1899 2588//2588 2589//2589
f 1899//1899 2589//2589 1901//1901
f 1901//1901 2589//2589 2590//2590
f 1901//1901 2590//2590 1903//1903
f 1903//1903 2590//2590 2591//2591
f 1903//1903 2591//2591 1905//1905
f 1905//1905 2591//2591 2592//2592
f 1905//1905 2592//2592 1907//1907
f 1907//1907 2592//2592 2593//2593
f 1907//1907 2593//2593 1909//1909
f 1909//1909 2593//2593 2594//2594
f 1909//1909 2594//2594 1911//1911
f 1911//1911 2594//2594 2595//2595
f 1911//1911 2595//2595 1913//1913
f 1913//1913 2595//2595 2596//2596
f 1913//1913 2596//2596 1915//1915
f 1915//1915 2596//2596 2597//2597
f 1915//1915 2597//2597 1917//1917
f 1917//1917 2597//2597 2598//2598
f 1917//1917 2598//2598 1919//1919
f 1919//1919 2598//2598 2599//2599
f 1919//1919 2599//2599 1921//1921
f 1921//1921 2599//2599 2600//2600
f 1921//1921 2600//2600 1923//1923
f 1923//1923 2600//2600 2601//2601
f 1923//1923 2601//2601 1925//1925
f 1925//1925 2601//2601 2602//2602
f 1925//1925 2602//2602 1927//1927
f 1927//1927 2602//2602 2603//2603
f 1927//1927 2603//2603 1929//1929
f 1929//1929 2603//2603 2604//2604
f 1929//1929 2604//2604 1931//1931
f 1931//1931 2604//2604 2605//2605
f 1931//1931 2605//2605 1933//1933
f 1933//1933 2605//2605 2606//2606
f 1933//1933 2606//2606 1935//1935
f 1935//1935 2606//2606 2607//2607
f 1935//1935 2607//2607 1937//1937
f 1937//1937 2607//2607 2608//2608
f 1937//1937 2608//2608 1939//1939
f 1939//1939 2608//2608 2609//2609
f 1939//1939 2609//2609 1941//1941
f 1941//1941 2609//2609 2610//2610
f 1941//1941 2610//2610 1943//1943
f 1943//1943 2610//2610 2611//2611
f 1943//1943 2611//2611 1945//1945
f 1945//1945 2611//2611 2612//2612
f 1945//1945 2612//2612 1947//1947
f 1947//1947 2612//2612 2613//2613
f 1947//1947 2613//2613 1949//1949
f 1949//1949 2613//2613 2614//2614
f 1949//1949 2614//2614 1951//1951
f 1951//1951 2614//2614 2615//2615
f 1951//1951 2615//2615 1953//1953
f 1953//1953 2615//2615 2616//2616
f 1953//1953 2616//2616 1955//1955
f 1955//1955 2616//2616 2617//2617
f 1955//1955 2617//2617 1957//1957
f 1957//1957 2617//2617 2546//2546
f 2546//2546 2618//2618 2547//2547
f 2547//2547 2618//2618 2619//2619
f 2547//2547 2619//2619 2548//2548
f 2548//2548 2619//2619 2620//2620
f 2548//2548 2620//2620 2549//2549
f 2549//2549 2620//2620 2621//2621
f 2549//2549 2621//2621 2550//2550
f 2550//2550 2621//2621 2622//2622
f 2550//2550 2622//2622 2551//2551
f 2551//2551 2622//2622 2623//2623
f 2551//2551 2623//2623 2552//2552
f 2552//2552 2623//2623 2624//2624
f 2552//2552 2624//2624 2553//2553
f 2553//2553 2624//2624 2625//2625
f 2553//2553 2625//2625 2554//2554
f 2554//2554 2625//2625 2626//2626
f 2554//2554 2626//2626 2555//2555
f 2555//2555 2626//2626 2627//2627
f 2555//2555 2627//2627 2556//2556
f 2556//2556 2627//2627 2628//2628
f 2556//2556 2628//2628 2557//2557
f 2557//2557 2628//2628 2629//2629
f 2557//2557 2629//2629 2558//2558
f 2558//2558 2629//2629 2630//2630
f 2558//2558 2630//2630 2559//2559
f 2559//2559 2630//2630 2631//2631
f 2559//2559 2631//2631 2560//2560
f 2560//2560 2631//2631 2632//2632
f 2560//2560 2632//2632 2561//2561
f 2561//2561 2632//2632 2633//2633
f 2561//2561 2633//2633 2562//2562
f 2562//2562 2633//2633 2634//2634
f 2562//2562 2634//2634 2563//2563
f 2563//2563 2634//2634 2635//2635
f 2563//2563 2635//2635 2564//2564
f 2564//2564 2635//2635 2636//2636
f 2564//2564 2636//2636 2565//2565
f 2565//2565 2636//2636 2637//2637
f 2565//2565 2637//2637 2566//2566
f 2566//2566 2637//2637 2638//2638
f 2566//2566 2638//2638 2567//2567
f 2567//2567 2638//2638 2639//2639
f 2567//2567 2639//2639 2568//2568
f 2568//2568 2639//2639 2640//2640
f 2568//2568 2640//2640 2569//2569
f 2569//2569 2640//2640 2641//2641
f 2569//2569 2641//2641 2570//2570
f 2570//2570 2641//2641 2642//2642
f 2570//2570 2642//2642 2571//2571
f 2571//2571 2642//2642 2643//2643
f 2571//2571 2643//2643 2572//2572
f 2572//2572 2643//2643 2644//2644
f 2572//2572 2644//2644 2573//2573
f 2573//2573 2644//2644 2645//2645
f 2573//2573 2645//2645 2574//2574
f 2574//2574 2645//2645 2646//2646
f 2574//2574 2646//2646 2575//2575
f 2575//2575 2646//2646 2647//2647
f 2575//2575 2647//2647 2576//2576
f 2576//2576 2647//2647 2648//2648
f 2576//2576 2648//2648 2577//2577
f 2577//2577 2648//2648 2649//2649
f 2577//2577 2649//2649 2578//2578
f 2578//2578 2649//2649 2650//2650
f 2578//2578 2650//2650 2579//2579
f 2579//2579 2650//2650 2651//2651
f 2579//2579 2651//2651 2580//2580
f 2580//2580 2651//2651 2652//2652
f 2580//2580 2652//2652 2581//2581
f 2581//2581 2652//2652 2653//2653
f 2581//2581 2653//2653 2582//2582
f 2582//2582 2653//2653 2654//2654
f 2582//2582 2654//2654 2583//2583
f 2583//2583 2654//2654 2655//2655
f 2583//2583 2655//2655 2584//2584
f 2584//2584 2655//2655 2656//2656
f 2584//2584 2656//2656 2585//2585
f 2585//2585 2656//2656 2657//2657
f 2585//2585 2657//2657 2586//2586
f 2586//2586 2657//2657 2658//2658
f 2586//2586 2658//2658 2587//2587
f 2587//2587 2658//2658 2659//2659
f 2587//2587 2659//2659 2588//2588
f 2588//2588 2659//2659 2660//2660
f 2588//2588 2660//2660 2589//2589
f 2589//2589 2660//2660 2661//2661
f 2589//2589 2661//2661 2590//2590
f 2590//2590 2661//2661 2662//2662
f 2590//2590 2662//2662 2591//2591
f 2591//2591 2662//2662 2663//2663
f 2591//2591 2663//2663 2592//2592
f 2592//2592 2663//2663 2664//2664
f 2592//2592 2664//2664 2593//2593
f 2593//2593 2664//2664 2665//2665
f 2593//2593 2665//2665 2594//2594
f 2594//2594 2665//2665 2666//2666
f 2594//2594 2666//2666 2595//2595
f 2595//2595 2666//2666 2667//2667
f 2595//2595 2667//2667 2596//2596
f 2596//2596 2667//2667 2668//2668
f 2596//2596 2668//2668 2597//2597
f 2597//2597 2668//2668 2669//2669
f 2597//2597 2669//2669 2598//2598
f 2598//2598 2669//2669 2670//2670
f 2598//2598 2670//2670 2599//2599
f 2599//2599 2670//2670 2671//2671
f 2599//2599 2671//2671 2600//2600
f 2600//2600 2671//2671 2672//2672
f 2600//2600 2672//2672 2601//2601
f 2601//2601 2672//2672 2673//2673
f 2601//2601 2673//2673 2602//2602
f 2602//2602 2673//2673 2674//2674
f 2602//2602 2674//2674 2603//2603
f 2603//2603 2674//2674 2675//2675
f 2603//2603 2675//2675 2604//2604
f 2604//2604 2675//2675 2676//2676
f 2604//2604 2676//2676 2605//2605
f 2605//2605 2676//2676 2677//2677
f 2605//2605 2677//2677 2606//2606
f 2606//2606 2677//2677 2678//2678
f 2606//2606 2678//2678 2607//2607
f 2607//2607 2678//2678 2679//2679
f 2607//2607 2679//2679 2608//2608
f 2608//2608 2679//2679 2680//2680
f 2608//2608 2680//2680 2609//2609
f 2609//2609 2680//2680 2681//2681
f 2609//2609 2681//2681 2610//2610
f 2610//2610 2681//2681 2682//2682
f 2610//2610 2682//2682 2611//2611
f 2611//2611 2682//2682 2683//2683
f 2611//2611 2683//2683 2612//2612
f 2612//2612 2683//2683 2684//2684
f 2612//2612 2684//2684 2613//2613
f 2613//2613 2684//2684 2685//2685
f 2613//2613 2685//2685 2614//2614
f 2614//2614 2685//2685 2686//2686
f 2614//2614 2686//2686 2615//2615
f 2615//2615 2686//2686 2687//2687
f 2615//2615 2687//2687 2616//2616
f 2616//2616 2687//2687 2688//2688
f 2616//2616 2688//2688 2617//2617
f 2617//2617 2688//2688 2689//2689
f 2617//2617 2689//2689 2546//2546
f 2546//2546 2689//2689 2618//2618
f 1930//1930 2690//2690 1928//1928
f 1928//1928 2690//2690 2691//2691
f 1928//1928 2691//2691 1926//1926
f 1926//1926 2691//2691 2692//2692
f 1926//1926 2692//2692 1924//1924
f 1924//1924 2692//2692 2693//2693
f 1924//1924 2693//2693 1922//1922
f 1922//1922 2693//2693 2694//2694
f 1922//1922 2694//2694 1920//1920
f 1920//1920 2694//2694 2695//2695
f 1920//1920 2695//2695 1918//1918
f 1918//1918 2695//2695 2696//2696
f 1918//1918 2696//2696 1916//1916
f 1916//1916 2696//2696 2697//2697
f 1916//1916 2697//2697 1914//1914
f 1914//1914 2697//2697 2698//2698
f 1914//1914 2698//2698 1912//1912
f 1912//1912 2698//2698 2699//2699
f 1912//1912 2699//2699 1910//1910
f 1910//1910 2699//2699 2700//2700
f 1910//1910 2700//2700 1908//1908
f 1908//1908 2700//2700 2701//2701
f 1908//1908 2701//2701 1906//1906
f 1906//1906 2701//2701 2702//2702
f 1906//1906 2702//2702 1904//1904
f 1904//1904 2702//2702 2703//2703
f 1904//1904 2703//2703 1902//1902
f 1902//1902 2703//2703 2704//2704
f 1902//1902 2704//2704 1900//1900
f 1900//1900 2704//2704 2705//2705
f 1900//1900 2705//2705 1898//1898
f 1898//1898 2705//2705 2706//2706
f 1898//1898 2706//2706 1896//1896
f 1896//1896 2706//2706 2707//2707
f 1896//1896 2707//2707 1894//1894
f 1894//1894 2707//2707 2708//2708
f 1894//1894 2708//2708 1892//1892
f 1892//1892 2708//2708 2709//2709
f 1892//1892 2709//2709 1890//1890
f 1890//1890 2709//2709 2710//2710
f 1890//1890 2710//2710 1888//1888
f 1888//1888 2710//2710 2711//2711
f 1888//1888 2711//2711 1886//1886
f 1886//1886 2711//2711 2712//2712
f 1886//1886 2712//2712 1884//1884
f 1884//1884 2712//2712 2713//2713
f 1884//1884 2713//2713 1882//1882
f 1882//1882 2713//2713 2714//2714
f 1882//1882 2714//2714 1880//1880
f 1880//1880 2714//2714 2715//2715
f 1880//1880 2715//2715 1878//1878
f 1878//1878 2715//2715 2716//2716
f 1878//1878 2716//2716 1876//1876
f 1876//1876 2716//2716 2717//2717
f 1876//1876 2717//2717 1874//1874
f 1874//1874 2717//2717 2718//2718
f 1874//1874 2718//2718 1872//1872
f 1872//1872 2718//2718 2719//2719
f 1872//1872 2719//2719 1870//1870
f 1870//1870 2719//2719 2720//2720
f 1870//1870 2720//2720 1868//1868
f 1868//1868 2720//2720 2721//2721
f 1868//1868 2721//2721 1866//1866
f 1866//1866 2721//2721 2722//2722
f 1866//1866 2722//2722 1864//1864
f 1864//1864 2722//2722 2723//2723
f 1864//1864 2723//2723 1862//1862
f 1862//1862 2723//2723 2724//2724
f 1862//1862 2724//2724 1860//1860
f 1860//1860 2724//2724 2725//2725
f 1860//1860 2725//2725 1858//1858
f 1858//1858 2725//2725 2726//2726
f 1858//1858 2726//2726 1856//1856
f 1856//1856 2726//2726 2727//2727
f 1856//1856 2727//2727 1854//1854
f 1854//1854 2727//2727 2728//2728
f 1854//1854 2728//2728 1852//1852
f 1852//1852 2728//2728 2729//2729
f 1852//1852 2729//2729 1850//1850
f 1850//1850 2729//2729 2730//2730
f 1850//1850 2730//2730 1848//1848
f 1848//1848 2730//2730 2731//2731
f 1848//1848 2731//2731 1990//1990
f 1990//1990 2731//2731 2732//2732
f 1990//1990 2732//2732 1988//1988
f 1988//1988 2732//2732 2733//2733
f 1988//1988 2733//2733 1986//1986
f 1986//1986 2733//2733 2734//2734
f 1986//1986 2734//2734 1984//1984
f 1984//1984 2734//2734 2735//2735
f 1984//1984 2735//2735 1982//1982
f 1982//1982 2735//2735 2736//2736
f 1982//1982 2736//2736 1980//1980
f 1980//1980 2736//2736 2737//2737
f 1980//1980 2737//2737 1978//1978
f 1978//1978 2737//2737 2738//2738
f 1978//1978 2738//2738 1976//1976
f 1976//1976 2738//2738 2739//2739
f 1976//1976 2739//2739 1974//1974
f 1974//1974 2739//2739 2740//2740
f 1974//1974 2740//2740 1972//1972
f 1972//1972 2740//2740 2741//2741
f 1972//1972 2741//2741 1970//1970
f 1970//1970 2741//2741 2742//2742
f 1970//1970 2742//2742 1968//1968
f 1968//1968 2742//2742 2743//2743
f 1968//1968 2743//2743 1966//1966
f 1966//1966 2743//2743 2744//2744
f 1966//1966 2744//2744 1964//1964
f 1964//1964 2744//2744 2745//2745
f 1964//1964 2745//2745 1962//1962
f 1962//1962 2745//2745 2746//2746
f 1962//1962 2746//2746 1960//1960
f 1960//1960 2746//2746 2747//2747
f 1960//1960 2747//2747 1958//1958
f 1958//1958 2747//2747 2748//2748
f 1958//1958 2748//2748 1956//1956
f 1956//1956 2748//2748 2749//2749
f 1956//1956 2749//2749 1954//1954
f 1954//1954 2749//2749 2750//2750
f 1954//1954 2750//2750 1952//1952
f 1952//1952 2750//2750 2751//2751
f 1952//1952 2751//2751 1950//1950
f 1950//1950 2751//2751 2752//2752
f 1950//1950 2752//2752 1948//1948
f 1948//1948 2752//2752 2753//2753
f 1948//1948 2753//2753 1946//1946
f 1946//1946 2753//2753 2754//2754
f 1946//1946 2754//2754 1944//1944
f 1944//1944 2754//2754 2755//2755
f 1944//1944 2755//2755 1942//1942
f 1942//1942 2755//2755 2756//2756
f 1942//1942 2756//2756 1940//1940
f 1940//1940 2756//2756 2757//2757
f 1940//1940 2757//2757 1938//1938
f 1938//1938 2757//2757 2758//2758
f 1938//1938 2758//2758 1936//1936
f 1936//1936 2758//2758 2759//2759
f 1936//1936 2759//2759 1934//1934
f 1934//1934 2759//2759 2760//2760
f 1934//1934 2760//2760 1932//1932
f 1932//1932 2760//2760 2761//2761
f 1932//1932 2761//2761 1930//1930
f 1930//1930 2761//2761 2690//2690
f 2713//2713 2762//2762 2714//2714
f 2714//2714 2762//2762 2763//2763
f 2714//2714 2763//2763 2715//2715
f 2715//2715 2763//2763 2764//2764
f 2715//2715 2764//2764 2716//2716
f 2716//2716 2764//2764 2765//2765
f 2716//2716 2765//2765 2717//2717
f 2717//2717 2765//2765 2766//2766
f 2717//2717 2766//2766 2718//2718
f 2718//2718 2766//2766 2767//2767
f 2718//2718 2767//2767 2719//2719
f 2719//2719 2767//2767 2768//2768
f 2719//2719 2768//2768 2720//2720
f 2720//2720 2768//2768 2769//2769
f 2720//2720 2769//2769 2721//2721
f 2721//2721 2769//2769 2770//2770
f 2721//2721 2770//2770 2722//2722
f 2722//2722 2770//2770 2771//2771
f 2722//2722 2771//2771 2723//2723
f 2723//2723 2771//2771 2772//2772
f 2723//2723 2772//2772 2724//2724
f 2724//2724 2772//2772 2773//2773
f 2724//2724 2773//2773 2725//2725
f 2725//2725 2773//2773 2774//2774
f 2725//2725 2774//2774 2726//2726
f 2726//2726 2774//2774 2775//2775
f 2726//2726 2775//2775 2727//2727
f 2727//2727 2775//2775 2776//2776
f 2727//2727 2776//2776 2728//2728
f 2728//2728 2776//2776 2777//2777
f 2728//2728 2777//2777 2729//2729
f 2729//2729 2777//2777 2778//2778
f 2729//2729 2778//2778 2730//2730
f 2730//2730 2778//2778 2779//2779
f 2730//2730 2779//2779 2731//2731
f 2731//2731 2779//2779 2780//2780
f 2731//2731 2780//2780 2732//2732
f 2732//2732 2780//2780 2781//2781
f 2732//2732 2781//2781 2733//2733
f 2733//2733 2781//2781 2782//2782
f 2733//2733 2782//2782 2734//2734
f 2734//2734 2782//2782 2783//2783
f 2734//2734 2783//2783 2735//2735
f 2735//2735 2783//2783 2784//2784
f 2735//2735 2784//2784 2736//2736
f 2736//2736 2784//2784 2785//2785
f 2736//2736 2785//2785 2737//2737
f 2737//2737 2785//2785 2786//2786
f 2737//2737 2786//2786 2738//2738
f 2738//2738 2786//2786 2787//2787
f 2738//2738 2787//2787 2739//2739
f 2739//2739 2787//2787 2788//2788
f 2739//2739 2788//2788 2740//2740
f 2740//2740 2788//2788 2789//2789
f 2740//2740 2789//2789 2741//2741
f 2741//2741 2789//2789 2790//2790
f 2741//2741 2790//2790 2742//2742
f 2742//2742 2790//2790 2791//2791
f 2742//2742 2791//2791 2743//2743
f 2743//2743 2791//2791 2792//2792
f 2743//2743 2792//2792 2744//2744
f 2744//2744 2792//2792 2793//2793
f 2744//2744 2793//2793 2745//2745
f 2745//2745 2793//2793 2794//2794
f 2745//2745 2794//2794 2746//2746
f 2746//2746 2794//2794 2795//2795
f 2746//2746 2795//2795 2747//2747
f 2747//2747 2795//2795 2796//2796
f 2747//2747 2796//2796 2748//2748
f 2748//2748 2796//2796 2797//2797
f 2748//2748 2797//2797 2749//2749
f 2749//2749 2797//2797 2798//2798
f 2749//2749 2798//2798 2750//2750
f 2750//2750 2798//2798 2799//2799
f 2750//2750 2799//2799 2751//2751
f 2751//2751 2799//2799 2800//2800
f 2751//2751 2800//2800 2752//2752
f 2752//2752 2800//2800 2801//2801
f 2752//2752 2801//2801 2753//2753
f 2753//2753 2801//2801 2802//2802
f 2753//2753 2802//2802 2754//2754
f 2754//2754 2802//2802 2803//2803
f 2754//2754 2803//2803 2755//2755
f 2755//2755 2803//2803 2804//2804
f 2755//2755 2804//2804 2756//2756
f 2756//2756 2804//2804 2805//2805
f 2756//2756 2805//2805 2757//2757
f 2757//2757 2805//2805 2806//2806
f 2757//2757 2806//2806 2758//2758
f 2758//2758 2806//2806 2807//2807
f 2758//2758 2807//2807 2759//2759
f 2759//2759 2807//2807 2808//2808
f 2759//2759 2808//2808 2760//2760
f 2760//2760 2808//2808 2809//2809
f 2760//2760 2809//2809 2761//2761
f 2761//2761 2809//2809 2810//2810
f 2761//2761 2810//2810 2690//2690
f 2690//2690 2810//2810 2811//2811
f 2690//2690 2811//2811 2691//2691
f 2691//2691 2811//2811 2812//2812
f 2691//2691 2812//2812 2692//2692
f 2692//2692 2812//2812 2813//2813
f 2692//2692 2813//2813 2693//2693
f 2693//2693 2813//2813 2814//2814
f 2693//2693 2814//2814 2694//2694
f 2694//2694 2814//2814 2815//2815
f 2694//2694 2815//2815 2695//2695
f 2695//2695 2815//2815 2816//2816
f 2695//2695 2816//2816 2696//2696
f 2696//2696 2816//2816 2817//2817
f 2696//2696 2817//2817 2697//2697
f 2697//2697 2817//2817 2818//2818
f 2697//2697 2818//2818 2698//2698
f 2698//2698 2818//2818 2819//2819
f 2698//2698 2819//2819 2699//2699
f 2699//2699 2819//2819 2820//2820
f 2699//2699 2820//2820 2700//2700
f 2700//2700 2820//2820 2821//2821
f 2700//2700 2821//2821 2701//2701
f 2701//2701 2821//2821 2822//2822
f 2701//2701 2822//2822 2702//2702
f 2702//2702 2822//2822 2823//2823
f 2702//2702 2823//2823 2703//2703
f 2703//2703 2823//2823 2824//2824
f 2703//2703 2824//2824 2704//2704
f 2704//2704 2824//2824 2825//2825
f 2704//2704 2825//2825 2705//2705
f 2705//2705 2825//2825 2826//2826
f 2705//2705 2826//2826 2706//2706
f 2706//2706 2826//2826 2827//2827
f 2706//2706 2827//2827 2707//2707
f 2707//2707 2827//2827 2828//2828
f 2707//2707 2828//2828 2708//2708
f 2708//2708 2828//2828 2829//2829
f 2708//2708 2829//2829 2709//2709
f 2709//2709 2829//2829 2830//2830
f 2709//2709 2830//2830 2710//2710
f 2710//2710 2830//2830 2831//2831
f 2710//2710 2831//2831 2711//2711
f 2711//2711 2831//2831 2832//2832
f 2711//2711 2832//2832 2712//2712
f 2712//2712 2832//2832 2833//2833
f 2712//2712 2833//2833 2713//2713
f 2713//2713 2833//2833 2762//2762
f 229//229 2213//2213 223//223
f 223//223 2213//2213 2215//2215
f 223//223 2215//2215 224//224
f 224//224 2215//2215 2216//2216
f 224//224 2216//2216 471//471
f 2545//2545 2017//2017 2051//2051
f 2537//2537 2211//2211 229//229
f 229//229 2211//2211 2213//2213
f 2533//2533 2229//2229 2227//2227
f 2533//2533 2227//2227 2541//2541
f 2541//2541 2227//2227 2225//2225
f 2541//2541 2225//2225 2540//2540
f 2211//2211 2537//2537 2242//2242
f 2242//2242 2537//2537 2539//2539
f 2242//2242 2539//2539 2241//2241
f 2241//2241 2539//2539 2540//2540
f 2241//2241 2540//2540 2224//2224
f 2224//2224 2540//2540 2225//2225
f 2530//2530 2217//2217 2219//2219
f 2530//2530 2219//2219 2528//2528
f 2219//2219 2223//2223 2528//2528
f 2528//2528 2223//2223 2222//2222
f 2528//2528 2222//2222 2526//2526
f 2222//2222 2238//2238 2526//2526
f 2526//2526 2238//2238 2237//2237
f 2526//2526 2237//2237 2531//2531
f 2531//2531 2237//2237 2235//2235
f 2235//2235 2233//2233 2531//2531
f 2531//2531 2233//2233 2231//2231
f 2531//2531 2231//2231 2532//2532
f 2532//2532 2231//2231 2229//2229
f 2532//2532 2229//2229 2533//2533
f 2530//2530 2519//2519 2217//2217
f 2217//2217 2519//2519 2324//2324
f 2523//2523 2317//2317 2519//2519
f 2519//2519 2317//2317 2324//2324
f 1845//1845 2276//2276 2522//2522
f 2522//2522 2276//2276 2317//2317
f 2522//2522 2317//2317 2523//2523
f 2524//2524 1847//1847 2522//2522
f 2522//2522 1847//1847 1845//1845
f 2525//2525 2544//2544 2524//2524
f 2524//2524 2544//2544 1847//1847
f 1994//1994 1995//1995 2521//2521
f 2521//2521 1995//1995 2544//2544
f 2521//2521 2544//2544 2525//2525
f 1994//1994 2521//2521 2520//2520
f 1994//1994 2520//2520 2089//2089
f 2089//2089 2520//2520 2518//2518
f 2089//2089 2518//2518 2092//2092
f 2092//2092 2518//2518 2517//2517
f 2092//2092 2517//2517 2090//2090
f 2834//2834 215//215 846//846
f 846//846 847//847 2834//2834
f 2834//2834 847//847 849//849
f 2834//2834 849//849 850//850
f 2104//2104 212//212 2136//2136
f 2136//2136 212//212 211//211
f 215//215 2834//2834 216//216
f 216//216 2834//2834 2835//2835
f 216//216 2835//2835 217//217
f 217//217 2835//2835 2836//2836
f 217//217 2836//2836 218//218
f 218//218 2836//2836 2837//2837
f 218//218 2837//2837 219//219
f 219//219 2837//2837 2838//2838
f 219//219 2838//2838 211//211
f 211//211 2838//2838 2839//2839
f 211//211 2839//2839 2136//2136
f 2529//2529 2527//2527 2078//2078
f 2090//2090 2517//2517 2084//2084
f 2084//2084 2517//2517 2534//2534
f 2084//2084 2534//2534 2082//2082
f 2082//2082 2534//2534 2535//2535
f 2082//2082 2535//2535 2075//2075
f 2075//2075 2535//2535 2529//2529
f 2075//2075 2529//2529 2076//2076
f 2076//2076 2529//2529 2078//2078
f 2112//2112 236//236 467//467
f 2112//2112 467//467 2115//2115
f 2115//2115 467//467 465//465
f 2115//2115 465//465 2187//2187
f 2187//2187 465//465 463//463
f 2187//2187 463//463 2188//2188
f 2188//2188 463//463 461//461
f 2188//2188 461//461 2189//2189
f 2189//2189 461//461 459//459
f 2189//2189 459//459 2186//2186
f 2186//2186 459//459 457//457
f 2186//2186 457//457 2184//2184
f 2184//2184 457//457 455//455
f 2184//2184 455//455 2183//2183
f 2183//2183 455//455 453//453
f 2183//2183 453//453 2181//2181
f 2181//2181 453//453 451//451
f 2181//2181 451//451 2180//2180
f 2180//2180 451//451 449//449
f 2180//2180 449//449 2178//2178
f 2178//2178 449//449 447//447
f 2178//2178 447//447 2177//2177
f 2177//2177 447//447 445//445
f 2177//2177 445//445 2175//2175
f 2175//2175 445//445 443//443
f 2175//2175 443//443 2170//2170
f 2170//2170 443//443 441//441
f 2170//2170 441//441 2171//2171
f 2171//2171 441//441 439//439
f 2171//2171 439//439 2173//2173
f 2173//2173 439//439 436//436
f 2173//2173 436//436 2174//2174
f 2174//2174 436//436 433//433
f 2174//2174 433//433 2168//2168
f 2168//2168 433//433 212//212
f 2168//2168 212//212 2104//2104
f 2078//2078 2527//2527 2080//2080
f 2080//2080 2527//2527 2536//2536
f 2543//2543 2070//2070 2536//2536
f 2536//2536 2070//2070 2081//2081
f 2536//2536 2081//2081 2080//2080
f 2538//2538 2071//2071 2542//2542
f 2542//2542 2071//2071 2073//2073
f 2542//2542 2073//2073 2543//2543
f 2543//2543 2073//2073 2074//2074
f 2543//2543 2074//2074 2070//2070
f 2121//2121 234//234 2112//2112
f 2112//2112 234//234 236//236
f 228//228 2096//2096 2538//2538
f 2538//2538 2096//2096 2071//2071
f 2100//2100 230//230 232//232
f 230//230 2100//2100 220//220
f 234//234 2121//2121 232//232
f 232//232 2121//2121 2126//2126
f 232//232 2126//2126 2100//2100
f 2096//2096 228//228 2093//2093
f 2093//2093 228//228 222//222
f 2093//2093 222//222 2094//2094
f 2094//2094 222//222 221//221
f 2094//2094 221//221 2840//2840
f 220//220 2100//2100 221//221
f 221//221 2100//2100 2101//2101
f 221//221 2101//2101 2840//2840
f 2817//2817 2386//2386 2818//2818
f 2818//2818 2386//2386 2344//2344
f 2818//2818 2344//2344 2819//2819
f 2819//2819 2344//2344 2343//2343
f 2819//2819 2343//2343 2820//2820
f 2820//2820 2343//2343 2342//2342
f 2820//2820 2342//2342 2821//2821
f 2821//2821 2342//2342 2321//2321
f 2821//2821 2321//2321 2822//2822
f 2822//2822 2321//2321 2320//2320
f 2822//2822 2320//2320 2823//2823
f 2823//2823 2320//2320 2319//2319
f 2823//2823 2319//2319 2824//2824
f 2824//2824 2319//2319 2318//2318
f 2824//2824 2318//2318 2825//2825
f 2825//2825 2318//2318 2316//2316
f 2825//2825 2316//2316 2826//2826
f 2826//2826 2316//2316 2315//2315
f 2826//2826 2315//2315 2827//2827
f 2827//2827 2315//2315 2385//2385
f 2827//2827 2385//2385 2828//2828
f 2828//2828 2385//2385 2384//2384
f 2828//2828 2384//2384 2829//2829
f 2829//2829 2384//2384 2383//2383
f 2829//2829 2383//2383 2830//2830
f 2830//2830 2383//2383 2341//2341
f 2830//2830 2341//2341 2831//2831
f 2831//2831 2341//2341 2340//2340
f 2831//2831 2340//2340 2832//2832
f 2832//2832 2340//2340 2339//2339
f 2832//2832 2339//2339 2833//2833
f 2833//2833 2339//2339 2275//2275
f 2833//2833 2275//2275 2762//2762
f 2762//2762 2275//2275 2274//2274
f 2762//2762 2274//2274 2763//2763
f 2763//2763 2274//2274 2382//2382
f 2763//2763 2382//2382 2764//2764
f 2764//2764 2382//2382 2381//2381
f 2764//2764 2381//2381 2765//2765
f 2765//2765 2381//2381 2380//2380
f 2765//2765 2380//2380 2766//2766
f 2766//2766 2380//2380 2379//2379
f 2766//2766 2379//2379 2767//2767
f 2767//2767 2379//2379 2378//2378
f 2767//2767 2378//2378 2768//2768
f 2768//2768 2378//2378 2377//2377
f 2768//2768 2377//2377 2769//2769
f 2769//2769 2377//2377 2364//2364
f 2769//2769 2364//2364 2770//2770
f 2770//2770 2364//2364 2363//2363
f 2770//2770 2363//2363 2771//2771
f 2771//2771 2363//2363 2362//2362
f 2771//2771 2362//2362 2772//2772
f 2772//2772 2362//2362 2361//2361
f 2772//2772 2361//2361 2773//2773
f 2773//2773 2361//2361 2360//2360
f 2773//2773 2360//2360 2774//2774
f 2774//2774 2360//2360 2400//2400
f 2774//2774 2400//2400 2775//2775
f 2775//2775 2400//2400 2399//2399
f 2775//2775 2399//2399 2776//2776
f 2776//2776 2399//2399 2398//2398
f 2776//2776 2398//2398 2777//2777
f 2777//2777 2398//2398 2338//2338
f 2777//2777 2338//2338 2778//2778
f 2778//2778 2338//2338 2337//2337
f 2778//2778 2337//2337 2779//2779
f 2779//2779 2337//2337 2411//2411
f 2779//2779 2411//2411 2780//2780
f 2780//2780 2411//2411 2410//2410
f 2780//2780 2410//2410 2781//2781
f 2781//2781 2410//2410 2448//2448
f 2781//2781 2448//2448 2782//2782
f 2782//2782 2448//2448 2449//2449
f 2782//2782 2449//2449 2783//2783
f 2783//2783 2449//2449 2447//2447
f 2783//2783 2447//2447 2784//2784
f 2784//2784 2447//2447 2446//2446
f 2784//2784 2446//2446 2785//2785
f 2785//2785 2446//2446 2445//2445
f 2785//2785 2445//2445 2786//2786
f 2786//2786 2445//2445 2420//2420
f 2786//2786 2420//2420 2787//2787
f 2787//2787 2420//2420 2421//2421
f 2787//2787 2421//2421 2788//2788
f 2788//2788 2421//2421 2422//2422
f 2788//2788 2422//2422 2789//2789
f 2789//2789 2422//2422 2444//2444
f 2789//2789 2444//2444 2790//2790
f 2790//2790 2444//2444 2443//2443
f 2790//2790 2443//2443 2791//2791
f 2791//2791 2443//2443 2440//2440
f 2791//2791 2440//2440 2792//2792
f 2792//2792 2440//2440 2441//2441
f 2792//2792 2441//2441 2793//2793
f 2793//2793 2441//2441 2442//2442
f 2793//2793 2442//2442 2794//2794
f 2794//2794 2442//2442 2463//2463
f 2794//2794 2463//2463 2795//2795
f 2795//2795 2463//2463 2462//2462
f 2795//2795 2462//2462 2796//2796
f 2796//2796 2462//2462 2461//2461
f 2796//2796 2461//2461 2797//2797
f 2797//2797 2461//2461 2419//2419
f 2797//2797 2419//2419 2798//2798
f 2798//2798 2419//2419 2418//2418
f 2798//2798 2418//2418 2799//2799
f 2799//2799 2418//2418 2439//2439
f 2799//2799 2439//2439 2800//2800
f 2800//2800 2439//2439 2438//2438
f 2800//2800 2438//2438 2801//2801
f 2801//2801 2438//2438 2417//2417
f 2801//2801 2417//2417 2802//2802
f 2802//2802 2417//2417 2416//2416
f 2802//2802 2416//2416 2803//2803
f 2803//2803 2416//2416 2415//2415
f 2803//2803 2415//2415 2804//2804
f 2804//2804 2415//2415 2460//2460
f 2804//2804 2460//2460 2805//2805
f 2805//2805 2460//2460 2459//2459
f 2805//2805 2459//2459 2806//2806
f 2806//2806 2459//2459 2458//2458
f 2806//2806 2458//2458 2807//2807
f 2807//2807 2458//2458 2323//2323
f 2807//2807 2323//2323 2808//2808
f 2808//2808 2323//2323 2322//2322
f 2808//2808 2322//2322 2809//2809
f 2809//2809 2322//2322 2403//2403
f 2809//2809 2403//2403 2810//2810
f 2810//2810 2403//2403 2402//2402
f 2810//2810 2402//2402 2811//2811
f 2811//2811 2402//2402 2401//2401
f 2811//2811 2401//2401 2812//2812
f 2812//2812 2401//2401 2409//2409
f 2812//2812 2409//2409 2813//2813
f 2813//2813 2409//2409 2408//2408
f 2813//2813 2408//2408 2814//2814
f 2814//2814 2408//2408 2389//2389
f 2814//2814 2389//2389 2815//2815
f 2815//2815 2389//2389 2388//2388
f 2815//2815 2388//2388 2816//2816
f 2816//2816 2388//2388 2387//2387
f 2816//2816 2387//2387 2817//2817
f 2817//2817 2387//2387 2386//2386
f 2637//2637 2059//2059 2638//2638
f 2638//2638 2059//2059 2058//2058
f 2638//2638 2058//2058 2639//2639
f 2639//2639 2058//2058 2057//2057
f 2639//2639 2057//2057 2640//2640
f 2640//2640 2057//2057 2045//2045
f 2640//2640 2045//2045 2641//2641
f 2641//2641 2045//2045 2044//2044
f 2641//2641 2044//2044 2642//2642
f 2642//2642 2044//2044 2043//2043
f 2642//2642 2043//2043 2643//2643
f 2643//2643 2043//2043 2019//2019
f 2643//2643 2019//2019 2644//2644
f 2644//2644 2019//2019 2018//2018
f 2644//2644 2018//2018 2645//2645
f 2645//2645 2018//2018 2030//2030
f 2645//2645 2030//2030 2646//2646
f 2646//2646 2030//2030 2042//2042
f 2646//2646 2042//2042 2647//2647
f 2647//2647 2042//2042 2004//2004
f 2647//2647 2004//2004 2648//2648
f 2648//2648 2004//2004 2035//2035
f 2648//2648 2035//2035 2649//2649
f 2649//2649 2035//2035 2050//2050
f 2649//2649 2050//2050 2650//2650
f 2650//2650 2050//2050 2029//2029
f 2650//2650 2029//2029 2651//2651
f 2651//2651 2029//2029 2034//2034
f 2651//2651 2034//2034 2652//2652
f 2652//2652 2034//2034 2033//2033
f 2652//2652 2033//2033 2653//2653
f 2653//2653 2033//2033 2032//2032
f 2653//2653 2032//2032 2654//2654
f 2654//2654 2032//2032 2028//2028
f 2654//2654 2028//2028 2655//2655
f 2655//2655 2028//2028 2027//2027
f 2655//2655 2027//2027 2656//2656
f 2656//2656 2027//2027 2026//2026
f 2656//2656 2026//2026 2657//2657
f 2657//2657 2026//2026 2025//2025
f 2657//2657 2025//2025 2658//2658
f 2658//2658 2025//2025 2024//2024
f 2658//2658 2024//2024 2659//2659
f 2659//2659 2024//2024 2023//2023
f 2659//2659 2023//2023 2660//2660
f 2660//2660 2023//2023 2016//2016
f 2660//2660 2016//2016 2661//2661
f 2661//2661 2016//2016 2015//2015
f 2661//2661 2015//2015 2662//2662
f 2662//2662 2015//2015 2014//2014
f 2662//2662 2014//2014 2663//2663
f 2663//2663 2014//2014 2013//2013
f 2663//2663 2013//2013 2664//2664
f 2664//2664 2013//2013 2012//2012
f 2664//2664 2012//2012 2665//2665
f 2665//2665 2012//2012 2011//2011
f 2665//2665 2011//2011 2666//2666
f 2666//2666 2011//2011 2000//2000
f 2666//2666 2000//2000 2667//2667
f 2667//2667 2000//2000 1999//1999
f 2667//2667 1999//1999 2668//2668
f 2668//2668 1999//1999 1998//1998
f 2668//2668 1998//1998 2669//2669
f 2669//2669 1998//1998 1997//1997
f 2669//2669 1997//1997 2670//2670
f 2670//2670 1997//1997 1996//1996
f 2670//2670 1996//1996 2671//2671
f 2671//2671 1996//1996 2022//2022
f 2671//2671 2022//2022 2672//2672
f 2672//2672 2022//2022 2021//2021
f 2672//2672 2021//2021 2673//2673
f 2673//2673 2021//2021 2020//2020
f 2673//2673 2020//2020 2674//2674
f 2674//2674 2020//2020 2010//2010
f 2674//2674 2010//2010 2675//2675
f 2675//2675 2010//2010 2009//2009
f 2675//2675 2009//2009 2676//2676
f 2676//2676 2009//2009 2008//2008
f 2676//2676 2008//2008 2677//2677
f 2677//2677 2008//2008 2007//2007
f 2677//2677 2007//2007 2678//2678
f 2678//2678 2007//2007 2006//2006
f 2678//2678 2006//2006 2679//2679
f 2679//2679 2006//2006 2005//2005
f 2679//2679 2005//2005 2680//2680
f 2680//2680 2005//2005 2003//2003
f 2680//2680 2003//2003 2681//2681
f 2681//2681 2003//2003 2002//2002
f 2681//2681 2002//2002 2682//2682
f 2682//2682 2002//2002 2001//2001
f 2682//2682 2001//2001 2683//2683
f 2683//2683 2001//2001 1993//1993
f 2683//2683 1993//1993 2684//2684
f 2684//2684 1993//1993 1992//1992
f 2684//2684 1992//1992 2685//2685
f 2685//2685 1992//1992 2056//2056
f 2685//2685 2056//2056 2686//2686
f 2686//2686 2056//2056 2055//2055
f 2686//2686 2055//2055 2687//2687
f 2687//2687 2055//2055 2054//2054
f 2687//2687 2054//2054 2688//2688
f 2688//2688 2054//2054 2053//2053
f 2688//2688 2053//2053 2689//2689
f 2689//2689 2053//2053 2052//2052
f 2689//2689 2052//2052 2618//2618
f 2618//2618 2052//2052 2041//2041
f 2618//2618 2041//2041 2619//2619
f 2619//2619 2041//2041 2040//2040
f 2619//2619 2040//2040 2620//2620
f 2620//2620 2040//2040 2039//2039
f 2620//2620 2039//2039 2621//2621
f 2621//2621 2039//2039 2049//2049
f 2621//2621 2049//2049 2622//2622
f 2622//2622 2049//2049 2048//2048
f 2622//2622 2048//2048 2623//2623
f 2623//2623 2048//2048 2038//2038
f 2623//2623 2038//2038 2624//2624
f 2624//2624 2038//2038 2037//2037
f 2624//2624 2037//2037 2625//2625
f 2625//2625 2037//2037 2036//2036
f 2625//2625 2036//2036 2626//2626
f 2626//2626 2036//2036 2031//2031
f 2626//2626 2031//2031 2627//2627
f 2627//2627 2031//2031 2063//2063
f 2627//2627 2063//2063 2628//2628
f 2628//2628 2063//2063 2062//2062
f 2628//2628 2062//2062 2629//2629
f 2629//2629 2062//2062 2047//2047
f 2629//2629 2047//2047 2630//2630
f 2630//2630 2047//2047 2046//2046
f 2630//2630 2046//2046 2631//2631
f 2631//2631 2046//2046 2061//2061
f 2631//2631 2061//2061 2632//2632
f 2632//2632 2061//2061 2060//2060
f 2632//2632 2060//2060 2633//2633
f 2633//2633 2060//2060 2066//2066
f 2633//2633 2066//2066 2634//2634
f 2634//2634 2066//2066 2067//2067
f 2634//2634 2067//2067 2635//2635
f 2635//2635 2067//2067 2065//2065
f 2635//2635 2065//2065 2636//2636
f 2636//2636 2065//2065 2064//2064
f 2636//2636 2064//2064 2637//2637
f 2637//2637 2064//2064 2059//2059
f 390//390 2200//2200 393//393
f 393//393 2200//2200 2199//2199
f 393//393 2199//2199 397//397
f 397//397 2199//2199 2192//2192
f 397//397 2192//2192 395//395
f 395//395 2192//2192 2191//2191
f 395//395 2191//2191 242//242
f 242//242 2191//2191 2190//2190
f 242//242 2190//2190 401//401
f 401//401 2190//2190 2150//2150
f 401//401 2150//2150 404//404
f 404//404 2150//2150 2149//2149
f 404//404 2149//2149 409//409
f 409//409 2149//2149 2147//2147
f 409//409 2147//2147 406//406
f 406//406 2147//2147 2145//2145
f 406//406 2145//2145 240//240
f 240//240 2145//2145 2144//2144
f 240//240 2144//2144 413//413
f 413//413 2144//2144 2133//2133
f 413//413 2133//2133 416//416
f 416//416 2133//2133 2132//2132
f 416//416 2132//2132 421//421
f 421//421 2132//2132 2143//2143
f 421//421 2143//2143 418//418
f 418//418 2143//2143 2142//2142
f 418//418 2142//2142 238//238
f 238//238 2142//2142 2111//2111
f 238//238 2111//2111 425//425
f 425//425 2111//2111 2110//2110
f 425//425 2110//2110 428//428
f 428//428 2110//2110 2159//2159
f 428//428 2159//2159 249//249
f 249//249 2159//2159 2158//2158
f 249//249 2158//2158 247//247
f 247//247 2158//2158 2157//2157
f 247//247 2157//2157 251//251
f 251//251 2157//2157 2131//2131
f 251//251 2131//2131 255//255
f 255//255 2131//2131 2130//2130
f 255//255 2130//2130 253//253
f 253//253 2130//2130 2129//2129
f 253//253 2129//2129 246//246
f 246//246 2129//2129 2109//2109
f 246//246 2109//2109 259//259
f 259//259 2109//2109 2108//2108
f 259//259 2108//2108 262//262
f 262//262 2108//2108 2107//2107
f 262//262 2107//2107 267//267
f 267//267 2107//2107 2106//2106
f 267//267 2106//2106 264//264
f 264//264 2106//2106 2128//2128
f 264//264 2128//2128 244//244
f 244//244 2128//2128 2127//2127
f 244//244 2127//2127 271//271
f 271//271 2127//2127 2125//2125
f 271//271 2125//2125 274//274
f 274//274 2125//2125 2124//2124
f 274//274 2124//2124 279//279
f 279//279 2124//2124 2123//2123
f 279//279 2123//2123 276//276
f 276//276 2123//2123 2122//2122
f 276//276 2122//2122 282//282
f 282//282 2122//2122 2120//2120
f 282//282 2120//2120 284//284
f 284//284 2120//2120 2119//2119
f 284//284 2119//2119 288//288
f 288//288 2119//2119 2141//2141
f 288//288 2141//2141 292//292
f 292//292 2141//2141 2140//2140
f 292//292 2140//2140 294//294
f 294//294 2140//2140 2139//2139
f 294//294 2139//2139 297//297
f 297//297 2139//2139 2114//2114
f 297//297 2114//2114 298//298
f 298//298 2114//2114 2113//2113
f 298//298 2113//2113 300//300
f 300//300 2113//2113 2118//2118
f 300//300 2118//2118 304//304
f 304//304 2118//2118 2117//2117
f 304//304 2117//2117 307//307
f 307//307 2117//2117 2116//2116
f 307//307 2116//2116 310//310
f 310//310 2116//2116 2185//2185
f 310//310 2185//2185 311//311
f 311//311 2185//2185 2182//2182
f 311//311 2182//2182 313//313
f 313//313 2182//2182 2179//2179
f 313//313 2179//2179 317//317
f 317//317 2179//2179 2176//2176
f 317//317 2176//2176 320//320
f 320//320 2176//2176 2172//2172
f 320//320 2172//2172 323//323
f 323//323 2172//2172 2169//2169
f 323//323 2169//2169 324//324
f 324//324 2169//2169 2167//2167
f 324//324 2167//2167 326//326
f 326//326 2167//2167 2166//2166
f 326//326 2166//2166 330//330
f 330//330 2166//2166 2105//2105
f 330//330 2105//2105 333//333
f 333//333 2105//2105 2103//2103
f 333//333 2103//2103 336//336
f 336//336 2103//2103 2102//2102
f 336//336 2102//2102 337//337
f 337//337 2102//2102 2138//2138
f 337//337 2138//2138 340//340
f 340//340 2138//2138 2137//2137
f 340//340 2137//2137 344//344
f 344//344 2137//2137 2156//2156
f 344//344 2156//2156 347//347
f 347//347 2156//2156 2155//2155
f 347//347 2155//2155 350//350
f 350//350 2155//2155 2135//2135
f 350//350 2135//2135 351//351
f 351//351 2135//2135 2134//2134
f 351//351 2134//2134 354//354
f 354//354 2134//2134 2152//2152
f 354//354 2152//2152 358//358
f 358//358 2152//2152 2154//2154
f 358//358 2154//2154 361//361
f 361//361 2154//2154 2195//2195
f 361//361 2195//2195 364//364
f 364//364 2195//2195 2165//2165
f 364//364 2165//2165 367//367
f 367//367 2165//2165 2163//2163
f 367//367 2163//2163 370//370
f 370//370 2163//2163 2161//2161
f 370//370 2161//2161 371//371
f 371//371 2161//2161 2209//2209
f 371//371 2209//2209 373//373
f 373//373 2209//2209 2207//2207
f 373//373 2207//2207 377//377
f 377//377 2207//2207 2206//2206
f 377//377 2206//2206 380//380
f 380//380 2206//2206 2205//2205
f 380//380 2205//2205 383//383
f 383//383 2205//2205 2204//2204
f 383//383 2204//2204 384//384
f 384//384 2204//2204 2203//2203
f 384//384 2203//2203 387//387
f 387//387 2203//2203 2202//2202
f 387//387 2202//2202 390//390
f 390//390 2202//2202 2200//2200
f 2101//2101 2099//2099 2840//2840
f 2840//2840 2099//2099 2095//2095
f 2840//2840 2095//2095 2094//2094
f 2214//2214 899//899 2216//2216
f 2216//2216 899//899 470//470
f 2216//2216 470//470 471//471
f 2841//2841 2842//2842 1703//1703
f 1703//1703 2842//2842 1820//1820
f 1820//1820 2842//2842 1190//1190
f 1192//1192 1191//1191 2843//2843
f 1192//1192 2843//2843 1770//1770
f 1770//1770 2843//2843 2844//2844
f 1770//1770 2844//2844 1772//1772
f 2844//2844 2845//2845 1772//1772
f 1772//1772 2845//2845 2846//2846
f 1772//1772 2846//2846 1774//1774
f 1774//1774 2846//2846 2847//2847
f 1774//1774 2847//2847 1776//1776
f 1798//1798 2848//2848 1800//1800
f 1800//1800 2848//2848 2849//2849
f 1800//1800 2849//2849 1802//1802
f 2850//2850 1763//1763 2851//2851
f 2851//2851 1763//1763 1762//1762
f 2851//2851 1762//1762 2852//2852
f 2847//2847 2853//2853 1776//1776
f 1776//1776 2853//2853 2854//2854
f 1776//1776 2854//2854 1778//1778
f 1778//1778 2854//2854 2855//2855
f 1778//1778 2855//2855 1780//1780
f 1780//1780 2855//2855 2856//2856
f 1780//1780 2856//2856 1782//1782
f 2857//2857 1788//1788 1786//1786
f 2849//2849 2858//2858 1802//1802
f 1802//1802 2858//2858 2859//2859
f 1802//1802 2859//2859 1804//1804
f 1804//1804 2859//2859 2860//2860
f 1804//1804 2860//2860 1806//1806
f 1806//1806 2860//2860 2861//2861
f 1806//1806 2861//2861 1808//1808
f 2861//2861 2862//2862 1808//1808
f 1808//1808 2862//2862 2863//2863
f 1808//1808 2863//2863 1810//1810
f 1810//1810 2863//2863 2864//2864
f 1810//1810 2864//2864 1812//1812
f 2865//2865 1748//1748 2866//2866
f 2866//2866 1748//1748 1747//1747
f 2866//2866 1747//1747 2867//2867
f 2856//2856 2868//2868 1782//1782
f 1782//1782 2868//2868 2869//2869
f 1782//1782 2869//2869 1784//1784
f 1784//1784 2869//2869 2870//2870
f 1784//1784 2870//2870 1786//1786
f 1786//1786 2870//2870 2871//2871
f 1786//1786 2871//2871 2857//2857
f 1792//1792 2872//2872 1794//1794
f 1794//1794 2872//2872 2873//2873
f 1794//1794 2873//2873 1796//1796
f 1796//1796 2873//2873 2874//2874
f 1796//1796 2874//2874 1798//1798
f 1798//1798 2874//2874 2875//2875
f 1798//1798 2875//2875 2848//2848
f 1762//1762 1766//1766 2852//2852
f 2852//2852 1766//1766 1765//1765
f 2852//2852 1765//1765 2876//2876
f 2876//2876 1765//1765 1769//1769
f 2876//2876 1769//1769 2877//2877
f 2878//2878 1718//1718 2879//2879
f 2879//2879 1718//1718 1717//1717
f 2879//2879 1717//1717 2880//2880
f 2880//2880 1717//1717 1721//1721
f 2880//2880 1721//1721 2881//2881
f 2857//2857 2882//2882 1788//1788
f 1788//1788 2882//2882 1790//1790
f 1790//1790 2882//2882 2883//2883
f 1790//1790 2883//2883 1792//1792
f 1792//1792 2883//2883 2884//2884
f 1792//1792 2884//2884 2872//2872
f 2885//2885 1757//1757 2886//2886
f 2886//2886 1757//1757 1756//1756
f 2886//2886 1756//1756 2887//2887
f 2887//2887 1756//1756 1760//1760
f 2887//2887 1760//1760 2850//2850
f 2850//2850 1760//1760 1759//1759
f 2850//2850 1759//1759 1763//1763
f 1747//1747 1751//1751 2867//2867
f 2867//2867 1751//1751 1750//1750
f 2867//2867 1750//1750 2888//2888
f 2888//2888 1750//1750 1754//1754
f 2888//2888 1754//1754 2885//2885
f 2885//2885 1754//1754 1753//1753
f 2885//2885 1753//1753 1757//1757
f 2889//2889 1742//1742 2890//2890
f 2890//2890 1742//1742 1741//1741
f 2890//2890 1741//1741 2891//2891
f 2891//2891 1741//1741 1745//1745
f 2891//2891 1745//1745 2865//2865
f 2865//2865 1745//1745 1744//1744
f 2865//2865 1744//1744 1748//1748
f 2892//2892 1726//1726 2893//2893
f 2893//2893 1726//1726 1730//1730
f 2893//2893 1730//1730 2894//2894
f 2895//2895 1711//1711 2896//2896
f 2896//2896 1711//1711 1715//1715
f 2896//2896 1715//1715 2878//2878
f 2878//2878 1715//1715 1714//1714
f 2878//2878 1714//1714 1718//1718
f 1703//1703 1706//1706 2841//2841
f 2841//2841 1706//1706 1705//1705
f 2841//2841 1705//1705 2897//2897
f 2897//2897 1705//1705 1709//1709
f 2897//2897 1709//1709 2898//2898
f 2898//2898 1709//1709 1708//1708
f 2898//2898 1708//1708 2895//2895
f 2895//2895 1708//1708 1712//1712
f 2895//2895 1712//1712 1711//1711
f 2864//2864 2899//2899 1812//1812
f 1812//1812 2899//2899 2900//2900
f 1812//1812 2900//2900 1814//1814
f 1814//1814 2900//2900 2901//2901
f 1814//1814 2901//2901 1816//1816
f 1816//1816 2901//2901 2902//2902
f 1816//1816 2902//2902 1818//1818
f 1818//1818 2902//2902 2903//2903
f 1818//1818 2903//2903 1819//1819
f 1819//1819 2903//2903 2877//2877
f 1819//1819 2877//2877 1768//1768
f 1768//1768 2877//2877 1769//1769
f 1721//1721 1720//1720 2881//2881
f 2881//2881 1720//1720 1724//1724
f 2881//2881 1724//1724 2904//2904
f 2904//2904 1724//1724 1723//1723
f 2904//2904 1723//1723 2892//2892
f 2892//2892 1723//1723 1727//1727
f 2892//2892 1727//1727 1726//1726
f 2905//2905 2906//2906 1732//1732
f 1732//1732 2906//2906 1733//1733
f 1733//1733 2906//2906 2894//2894
f 1733//1733 2894//2894 1729//1729
f 1729//1729 2894//2894 1730//1730
f 1732//1732 1736//1736 2905//2905
f 2905//2905 1736//1736 1735//1735
f 2905//2905 1735//1735 2907//2907
f 2907//2907 1735//1735 1739//1739
f 2907//2907 1739//1739 2889//2889
f 2889//2889 1739//1739 1738//1738
f 2889//2889 1738//1738 1742//1742
f 2545//2545 2051//2051 2087//2087
f 4//4 2279//2279 3//3
f 3//3 2279//2279 2454//2454
f 2836//2836 2835//2835 2208//2208
f 2834//2834 2908//2908 2909//2909
f 2836//2836 2208//2208 2837//2837
f 2837//2837 2208//2208 2210//2210
f 2837//2837 2210//2210 2838//2838
f 2838//2838 2210//2210 2160//2160
f 2910//2910 2911//2911 2208//2208
f 2909//2909 2912//2912 2834//2834
f 2834//2834 2912//2912 2913//2913
f 2834//2834 2913//2913 2835//2835
f 2835//2835 2913//2913 2914//2914
f 2911//2911 2915//2915 2208//2208
f 2208//2208 2915//2915 2916//2916
f 2208//2208 2916//2916 2917//2917
f 2918//2918 2919//2919 2920//2920
f 2921//2921 2922//2922 2834//2834
f 2914//2914 2923//2923 2835//2835
f 2835//2835 2923//2923 2924//2924
f 2835//2835 2924//2924 2925//2925
f 2926//2926 2927//2927 2097//2097
f 2928//2928 2929//2929 2098//2098
f 2098//2098 2929//2929 2930//2930
f 2098//2098 2930//2930 2931//2931
f 2932//2932 2933//2933 2834//2834
f 2834//2834 2933//2933 2934//2934
f 2834//2834 2934//2934 2908//2908
f 2838//2838 2160//2160 2162//2162
f 2838//2838 2162//2162 2839//2839
f 2839//2839 2162//2162 2163//2163
f 2925//2925 2935//2935 2835//2835
f 2835//2835 2935//2935 2936//2936
f 2835//2835 2936//2936 2937//2937
f 2835//2835 2938//2938 2208//2208
f 2208//2208 2938//2938 2939//2939
f 2208//2208 2939//2939 2910//2910
f 2927//2927 2940//2940 2097//2097
f 2097//2097 2940//2940 2941//2941
f 2097//2097 2941//2941 2942//2942
f 2942//2942 2943//2943 2097//2097
f 2097//2097 2943//2943 2944//2944
f 2097//2097 2944//2944 2945//2945
f 2946//2946 2947//2947 2098//2098
f 2098//2098 2947//2947 2948//2948
f 2098//2098 2948//2948 2928//2928
f 2098//2098 2949//2949 2950//2950
f 2098//2098 2951//2951 2952//2952
f 2952//2952 2953//2953 2098//2098
f 2098//2098 2953//2953 2954//2954
f 2098//2098 2954//2954 2920//2920
f 2920//2920 2954//2954 2955//2955
f 2920//2920 2955//2955 2918//2918
f 2919//2919 2956//2956 2920//2920
f 2920//2920 2956//2956 2957//2957
f 2920//2920 2957//2957 2958//2958
f 2922//2922 2959//2959 2834//2834
f 2834//2834 2959//2959 2960//2960
f 2834//2834 2960//2960 2932//2932
f 2937//2937 2961//2961 2835//2835
f 2835//2835 2961//2961 2962//2962
f 2835//2835 2962//2962 2963//2963
f 2964//2964 2097//2097 2965//2965
f 2965//2965 2097//2097 2966//2966
f 2964//2964 2967//2967 2097//2097
f 2097//2097 2967//2967 2968//2968
f 2097//2097 2968//2968 2926//2926
f 2945//2945 2969//2969 2097//2097
f 2097//2097 2969//2969 2970//2970
f 2097//2097 2970//2970 2971//2971
f 2098//2098 2972//2972 2973//2973
f 2163//2163 2165//2165 2839//2839
f 2839//2839 2165//2165 2164//2164
f 2974//2974 2097//2097 2975//2975
f 2975//2975 2097//2097 2976//2976
f 2971//2971 2977//2977 2097//2097
f 2097//2097 2977//2977 2978//2978
f 2097//2097 2978//2978 2098//2098
f 2098//2098 2978//2978 2979//2979
f 2098//2098 2979//2979 2972//2972
f 2950//2950 2980//2980 2098//2098
f 2098//2098 2980//2980 2981//2981
f 2098//2098 2981//2981 2951//2951
f 2982//2982 2983//2983 2835//2835
f 2835//2835 2983//2983 2984//2984
f 2835//2835 2984//2984 2938//2938
f 2097//2097 2146//2146 2976//2976
f 2976//2976 2146//2146 2148//2148
f 2976//2976 2148//2148 2917//2917
f 2917//2917 2148//2148 2201//2201
f 2917//2917 2201//2201 2208//2208
f 2974//2974 2985//2985 2097//2097
f 2097//2097 2985//2985 2986//2986
f 2097//2097 2986//2986 2966//2966
f 2931//2931 2987//2987 2098//2098
f 2098//2098 2987//2987 2988//2988
f 2098//2098 2988//2988 2989//2989
f 2958//2958 2990//2990 2920//2920
f 2920//2920 2990//2990 2991//2991
f 2920//2920 2991//2991 2992//2992
f 2992//2992 2991//2991 2993//2993
f 2992//2992 2993//2993 2994//2994
f 2994//2994 2993//2993 2995//2995
f 2994//2994 2995//2995 2996//2996
f 2963//2963 2997//2997 2835//2835
f 2835//2835 2997//2997 2998//2998
f 2835//2835 2998//2998 2982//2982
f 2999//2999 3000//3000 2098//2098
f 2098//2098 3000//3000 3001//3001
f 2098//2098 3001//3001 2946//2946
f 2989//2989 3002//3002 2098//2098
f 2098//2098 3002//3002 3003//3003
f 2098//2098 3003//3003 2949//2949
f 2996//2996 2995//2995 3004//3004
f 3004//3004 2995//2995 3005//3005
f 3004//3004 3005//3005 3006//3006
f 3007//3007 3008//3008 3005//3005
f 3005//3005 3008//3008 3009//3009
f 3005//3005 3009//3009 3006//3006
f 3010//3010 3011//3011 3012//3012
f 3012//3012 3011//3011 3013//3013
f 3012//3012 3013//3013 3007//3007
f 3007//3007 3013//3013 3014//3014
f 3007//3007 3014//3014 3008//3008
f 2164//2164 2197//2197 2839//2839
f 2839//2839 2197//2197 2196//2196
f 2839//2839 2196//2196 2194//2194
f 2973//2973 3015//3015 2098//2098
f 2098//2098 3015//3015 3016//3016
f 2098//2098 3016//3016 2999//2999
f 3017//3017 3018//3018 3019//3019
f 3019//3019 3018//3018 3020//3020
f 3019//3019 3020//3020 3021//3021
f 3022//3022 3023//3023 3024//3024
f 3024//3024 3023//3023 3025//3025
f 3020//3020 3026//3026 3021//3021
f 3021//3021 3026//3026 3027//3027
f 3021//3021 3027//3027 3024//3024
f 3024//3024 3027//3027 3028//3028
f 3024//3024 3028//3028 3022//3022
f 2921//2921 2834//2834 3019//3019
f 3019//3019 2834//2834 3029//3029
f 3019//3019 3029//3029 3017//3017
f 3023//3023 3030//3030 3025//3025
f 3025//3025 3030//3030 3031//3031
f 3025//3025 3031//3031 3012//3012
f 3012//3012 3031//3031 3032//3032
f 3012//3012 3032//3032 3010//3010
f 2194//2194 2193//2193 2839//2839
f 2839//2839 2193//2193 2153//2153
f 2839//2839 2153//2153 2151//2151
f 2839//2839 2151//2151 2198//2198
f 2839//2839 2198//2198 2136//2136
f 1087//1087 3033//3033 1089//1089
f 1089//1089 3033//3033 3034//3034
f 1089//1089 3034//3034 1091//1091
f 1091//1091 3034//3034 3035//3035
f 1091//1091 3035//3035 1093//1093
f 1093//1093 3035//3035 3036//3036
f 1093//1093 3036//3036 1095//1095
f 1095//1095 3036//3036 3037//3037
f 1095//1095 3037//3037 1097//1097
f 1097//1097 3037//3037 3038//3038
f 1097//1097 3038//3038 1099//1099
f 1099//1099 3038//3038 3039//3039
f 1099//1099 3039//3039 1101//1101
f 1101//1101 3039//3039 3040//3040
f 1101//1101 3040//3040 1103//1103
f 1103//1103 3040//3040 3041//3041
f 1103//1103 3041//3041 1105//1105
f 1105//1105 3041//3041 3042//3042
f 1105//1105 3042//3042 1107//1107
f 1107//1107 3042//3042 3043//3043
f 1107//1107 3043//3043 1109//1109
f 1109//1109 3043//3043 3044//3044
f 1109//1109 3044//3044 1111//1111
f 1111//1111 3044//3044 3045//3045
f 1111//1111 3045//3045 1113//1113
f 1113//1113 3045//3045 3046//3046
f 1113//1113 3046//3046 1115//1115
f 1115//1115 3046//3046 3047//3047
f 1115//1115 3047//3047 1117//1117
f 1117//1117 3047//3047 3048//3048
f 1117//1117 3048//3048 1119//1119
f 1119//1119 3048//3048 3049//3049
f 1119//1119 3049//3049 1121//1121
f 1121//1121 3049//3049 3050//3050
f 1121//1121 3050//3050 1123//1123
f 1123//1123 3050//3050 3051//3051
f 1123//1123 3051//3051 1125//1125
f 1125//1125 3051//3051 3052//3052
f 1125//1125 3052//3052 1127//1127
f 1127//1127 3052//3052 3053//3053
f 1127//1127 3053//3053 1129//1129
f 1129//1129 3053//3053 3054//3054
f 1129//1129 3054//3054 1131//1131
f 1131//1131 3054//3054 3055//3055
f 1131//1131 3055//3055 1133//1133
f 1133//1133 3055//3055 3056//3056
f 1133//1133 3056//3056 1135//1135
f 1135//1135 3056//3056 3057//3057
f 1135//1135 3057//3057 1137//1137
f 1137//1137 3057//3057 3058//3058
f 1137//1137 3058//3058 1139//1139
f 1139//1139 3058//3058 3059//3059
f 1139//1139 3059//3059 1141//1141
f 1141//1141 3059//3059 3060//3060
f 1141//1141 3060//3060 1143//1143
f 1143//1143 3060//3060 3061//3061
f 1143//1143 3061//3061 1145//1145
f 1145//1145 3061//3061 3062//3062
f 1145//1145 3062//3062 1147//1147
f 1147//1147 3062//3062 3063//3063
f 1147//1147 3063//3063 1149//1149
f 1149//1149 3063//3063 3064//3064
f 1149//1149 3064//3064 1151//1151
f 1151//1151 3064//3064 3065//3065
f 1151//1151 3065//3065 1153//1153
f 1153//1153 3065//3065 3066//3066
f 1153//1153 3066//3066 1155//1155
f 1155//1155 3066//3066 3067//3067
f 1155//1155 3067//3067 1157//1157
f 1157//1157 3067//3067 3068//3068
f 1157//1157 3068//3068 1159//1159
f 1159//1159 3068//3068 3069//3069
f 1159//1159 3069//3069 1161//1161
f 1161//1161 3069//3069 3070//3070
f 1161//1161 3070//3070 1163//1163
f 1163//1163 3070//3070 3071//3071
f 1163//1163 3071//3071 1165//1165
f 1165//1165 3071//3071 3072//3072
f 1165//1165 3072//3072 1167//1167
f 1167//1167 3072//3072 3073//3073
f 1167//1167 3073//3073 1169//1169
f 1169//1169 3073//3073 3074//3074
f 1169//1169 3074//3074 1171//1171
f 1171//1171 3074//3074 3075//3075
f 1171//1171 3075//3075 1173//1173
f 1173//1173 3075//3075 3076//3076
f 1173//1173 3076//3076 1175//1175
f 1175//1175 3076//3076 3077//3077
f 1175//1175 3077//3077 1177//1177
f 1177//1177 3077//3077 3078//3078
f 1177//1177 3078//3078 1179//1179
f 1179//1179 3078//3078 3079//3079
f 1179//1179 3079//3079 1181//1181
f 1181//1181 3079//3079 3080//3080
f 1181//1181 3080//3080 1183//1183
f 1183//1183 3080//3080 3081//3081
f 1183//1183 3081//3081 1185//1185
f 1185//1185 3081//3081 3082//3082
f 1185//1185 3082//3082 1187//1187
f 1187//1187 3082//3082 3083//3083
f 1187//1187 3083//3083 1045//1045
f 1045//1045 3083//3083 3084//3084
f 1045//1045 3084//3084 1047//1047
f 1047//1047 3084//3084 3085//3085
f 1047//1047 3085//3085 1049//1049
f 1049//1049 3085//3085 3086//3086
f 1049//1049 3086//3086 1051//1051
f 1051//1051 3086//3086 3087//3087
f 1051//1051 3087//3087 1053//1053
f 1053//1053 3087//3087 3088//3088
f 1053//1053 3088//3088 1055//1055
f 1055//1055 3088//3088 3089//3089
f 1055//1055 3089//3089 1057//1057
f 1057//1057 3089//3089 3090//3090
f 1057//1057 3090//3090 1059//1059
f 1059//1059 3090//3090 3091//3091
f 1059//1059 3091//3091 1061//1061
f 1061//1061 3091//3091 3092//3092
f 1061//1061 3092//3092 1063//1063
f 1063//1063 3092//3092 3093//3093
f 1063//1063 3093//3093 1065//1065
f 1065//1065 3093//3093 3094//3094
f 1065//1065 3094//3094 1067//1067
f 1067//1067 3094//3094 3095//3095
f 1067//1067 3095//3095 1069//1069
f 1069//1069 3095//3095 3096//3096
f 1069//1069 3096//3096 1071//1071
f 1071//1071 3096//3096 3097//3097
f 1071//1071 3097//3097 1073//1073
f 1073//1073 3097//3097 3098//3098
f 1073//1073 3098//3098 1075//1075
f 1075//1075 3098//3098 3099//3099
f 1075//1075 3099//3099 1077//1077
f 1077//1077 3099//3099 3100//3100
f 1077//1077 3100//3100 1079//1079
f 1079//1079 3100//3100 3101//3101
f 1079//1079 3101//3101 1081//1081
f 1081//1081 3101//3101 3102//3102
f 1081//1081 3102//3102 1083//1083
f 1083//1083 3102//3102 3103//3103
f 1083//1083 3103//3103 1085//1085
f 1085//1085 3103//3103 3104//3104
f 1085//1085 3104//3104 1087//1087
f 1087//1087 3104//3104 3033//3033
f 3106//3106 3107//3107 3070//3070
f 3108//3108 3109//3109 3075//3075
f 3110//3110 3111//3111 3080//3080
f 3101//3101 3112//3112 3113//3113
f 3101//3101 3113//3113 3102//3102
f 3112//3112 3101//3101 3114//3114
f 3114//3114 3101//3101 3100//3100
f 3114//3114 3100//3100 3115//3115
f 3115//3115 3100//3100 3116//3116
f 3116//3116 3100//3100 3099//3099
f 3116//3116 3099//3099 3118//3118
f 3098//3098 3117//3117 3099//3099
f 3099//3099 3117//3117 3118//3118
f 3097//3097 3119//3119 3098//3098
f 3098//3098 3119//3119 3120//3120
f 3098//3098 3120//3120 3117//3117
f 3096//3096 3121//3121 3122//3122
f 3096//3096 3122//3122 3097//3097
f 3097//3097 3122//3122 3119//3119
f 3121//3121 3096//3096 3123//3123
f 3123//3123 3096//3096 3095//3095
f 3123//3123 3095//3095 3124//3124
f 3124//3124 3095//3095 3125//3125
f 3125//3125 3095//3095 3094//3094
f 3125//3125 3094//3094 3127//3127
f 3093//3093 3126//3126 3094//3094
f 3094//3094 3126//3126 3127//3127
f 3092//3092 3128//3128 3093//3093
f 3093//3093 3128//3128 3129//3129
f 3093//3093 3129//3129 3126//3126
f 3091//3091 3130//3130 3131//3131
f 3091//3091 3131//3131 3092//3092
f 3092//3092 3131//3131 3128//3128
f 3130//3130 3091//3091 3132//3132
f 3132//3132 3091//3091 3090//3090
f 3132//3132 3090//3090 3133//3133
f 3133//3133 3090//3090 3134//3134
f 3134//3134 3090//3090 3089//3089
f 3134//3134 3089//3089 3136//3136
f 3088//3088 3135//3135 3089//3089
f 3089//3089 3135//3135 3136//3136
f 3087//3087 3137//3137 3088//3088
f 3088//3088 3137//3137 3138//3138
f 3088//3088 3138//3138 3135//3135
f 3086//3086 3139//3139 3140//3140
f 3086//3086 3140//3140 3087//3087
f 3087//3087 3140//3140 3137//3137
f 3139//3139 3086//3086 3141//3141
f 3141//3141 3086//3086 3085//3085
f 3141//3141 3085//3085 3142//3142
f 3142//3142 3085//3085 3143//3143
f 3143//3143 3085//3085 3084//3084
f 3143//3143 3084//3084 3144//3144
f 3144//3144 3084//3084 3145//3145
f 3145//3145 3084//3084 3083//3083
f 3145//3145 3083//3083 3146//3146
f 3081//3081 3147//3147 3148//3148
f 3081//3081 3148//3148 3082//3082
f 3148//3148 3149//3149 3082//3082
f 3082//3082 3149//3149 3083//3083
f 3083//3083 3149//3149 3150//3150
f 3083//3083 3150//3150 3146//3146
f 3080//3080 3111//3111 3081//3081
f 3081//3081 3111//3111 3151//3151
f 3081//3081 3151//3151 3147//3147
f 3110//3110 3080//3080 3152//3152
f 3152//3152 3080//3080 3079//3079
f 3152//3152 3079//3079 3153//3153
f 3153//3153 3079//3079 3078//3078
f 3153//3153 3078//3078 3154//3154
f 3076//3076 3155//3155 3156//3156
f 3076//3076 3156//3156 3077//3077
f 3156//3156 3157//3157 3077//3077
f 3077//3077 3157//3157 3078//3078
f 3078//3078 3157//3157 3158//3158
f 3078//3078 3158//3158 3154//3154
f 3075//3075 3109//3109 3076//3076
f 3076//3076 3109//3109 3159//3159
f 3076//3076 3159//3159 3155//3155
f 3108//3108 3075//3075 3160//3160
f 3160//3160 3075//3075 3074//3074
f 3160//3160 3074//3074 3161//3161
f 3161//3161 3074//3074 3073//3073
f 3161//3161 3073//3073 3162//3162
f 3071//3071 3163//3163 3164//3164
f 3071//3071 3164//3164 3072//3072
f 3164//3164 3165//3165 3072//3072
f 3072//3072 3165//3165 3073//3073
f 3073//3073 3165//3165 3166//3166
f 3073//3073 3166//3166 3162//3162
f 3070//3070 3107//3107 3071//3071
f 3071//3071 3107//3107 3167//3167
f 3071//3071 3167//3167 3163//3163
f 3106//3106 3070//3070 3168//3168
f 3168//3168 3070//3070 3069//3069
f 3168//3168 3069//3069 3169//3169
f 3169//3169 3069//3069 3068//3068
f 3169//3169 3068//3068 3170//3170
f 3066//3066 3171//3171 3172//3172
f 3066//3066 3172//3172 3067//3067
f 3172//3172 3173//3173 3067//3067
f 3067//3067 3173//3173 3068//3068
f 3068//3068 3173//3173 3174//3174
f 3068//3068 3174//3174 3170//3170
f 3065//3065 3105//3105 3066//3066
f 3066//3066 3105//3105 3175//3175
f 3066//3066 3175//3175 3171//3171
f 3105//3105 3065//3065 3176//3176
f 3176//3176 3065//3065 3064//3064
f 3176//3176 3064//3064 3177//3177
f 3177//3177 3064//3064 3063//3063
f 3177//3177 3063//3063 3178//3178
f 3061//3061 3179//3179 3180//3180
f 3061//3061 3180//3180 3062//3062
f 3180//3180 3181//3181 3062//3062
f 3062//3062 3181//3181 3063//3063
f 3063//3063 3181//3181 3182//3182
f 3063//3063 3182//3182 3178//3178
f 3060//3060 3183//3183 3061//3061
f 3061//3061 3183//3183 3184//3184
f 3061//3061 3184//3184 3179//3179
f 3059//3059 3185//3185 3060//3060
f 3060//3060 3185//3185 3186//3186
f 3060//3060 3186//3186 3183//3183
f 3187//3187 3188//3188 3058//3058
f 3058//3058 3188//3188 3189//3189
f 3058//3058 3189//3189 3059//3059
f 3059//3059 3189//3189 3190//3190
f 3059//3059 3190//3190 3185//3185
f 3187//3187 3058//3058 3191//3191
f 3191//3191 3058//3058 3057//3057
f 3191//3191 3057//3057 3192//3192
f 3192//3192 3057//3057 3056//3056
f 3192//3192 3056//3056 3193//3193
f 3055//3055 3054//3054 3194//3194
f 3194//3194 3195//3195 3055//3055
f 3055//3055 3195//3195 3196//3196
f 3055//3055 3196//3196 3056//3056
f 3056//3056 3196//3196 3197//3197
f 3056//3056 3197//3197 3193//3193
f 3198//3198 3199//3199 3053//3053
f 3053//3053 3199//3199 3200//3200
f 3053//3053 3200//3200 3054//3054
f 3054//3054 3200//3200 3201//3201
f 3054//3054 3201//3201 3194//3194
f 3198//3198 3053//3053 3202//3202
f 3202//3202 3053//3053 3052//3052
f 3202//3202 3052//3052 3203//3203
f 3203//3203 3052//3052 3204//3204
f 3204//3204 3052//3052 3051//3051
f 3204//3204 3051//3051 3205//3205
f 3050//3050 3206//3206 3051//3051
f 3051//3051 3206//3206 3207//3207
f 3051//3051 3207//3207 3205//3205
f 3208//3208 3209//3209 3049//3049
f 3049//3049 3209//3209 3210//3210
f 3049//3049 3210//3210 3050//3050
f 3050//3050 3210//3210 3211//3211
f 3050//3050 3211//3211 3206//3206
f 3208//3208 3049//3049 3212//3212
f 3212//3212 3049//3049 3048//3048
f 3212//3212 3048//3048 3213//3213
f 3213//3213 3048//3048 3047//3047
f 3213//3213 3047//3047 3214//3214
f 3046//3046 3215//3215 3047//3047
f 3047//3047 3215//3215 3216//3216
f 3047//3047 3216//3216 3214//3214
f 3217//3217 3218//3218 3045//3045
f 3045//3045 3218//3218 3219//3219
f 3045//3045 3219//3219 3046//3046
f 3046//3046 3219//3219 3220//3220
f 3046//3046 3220//3220 3215//3215
f 3217//3217 3045//3045 3221//3221
f 3221//3221 3045//3045 3044//3044
f 3221//3221 3044//3044 3222//3222
f 3222//3222 3044//3044 3223//3223
f 3223//3223 3044//3044 3043//3043
f 3223//3223 3043//3043 3224//3224
f 3224//3224 3043//3043 3225//3225
f 3225//3225 3043//3043 3042//3042
f 3225//3225 3042//3042 3226//3226
f 3041//3041 3227//3227 3042//3042
f 3042//3042 3227//3227 3228//3228
f 3042//3042 3228//3228 3226//3226
f 3229//3229 3230//3230 3040//3040
f 3040//3040 3230//3230 3231//3231
f 3040//3040 3231//3231 3041//3041
f 3041//3041 3231//3231 3232//3232
f 3041//3041 3232//3232 3227//3227
f 3229//3229 3040//3040 3233//3233
f 3233//3233 3040//3040 3039//3039
f 3233//3233 3039//3039 3234//3234
f 3234//3234 3039//3039 3235//3235
f 3235//3235 3039//3039 3038//3038
f 3235//3235 3038//3038 3236//3236
f 3236//3236 3038//3038 3237//3237
f 3237//3237 3038//3038 3037//3037
f 3237//3237 3037//3037 3238//3238
f 3036//3036 3239//3239 3037//3037
f 3037//3037 3239//3239 3240//3240
f 3037//3037 3240//3240 3238//3238
f 3241//3241 3242//3242 3035//3035
f 3035//3035 3242//3242 3243//3243
f 3035//3035 3243//3243 3036//3036
f 3036//3036 3243//3243 3244//3244
f 3036//3036 3244//3244 3239//3239
f 3241//3241 3035//3035 3245//3245
f 3245//3245 3035//3035 3034//3034
f 3245//3245 3034//3034 3246//3246
f 3246//3246 3034//3034 3247//3247
f 3247//3247 3034//3034 3033//3033
f 3247//3247 3033//3033 3248//3248
f 3248//3248 3033//3033 3249//3249
f 3249//3249 3033//3033 3104//3104
f 3249//3249 3104//3104 3250//3250
f 3103//3103 3251//3251 3104//3104
f 3104//3104 3251//3251 3252//3252
f 3104//3104 3252//3252 3250//3250
f 3113//3113 3253//3253 3102//3102
f 3102//3102 3253//3253 3254//3254
f 3102//3102 3254//3254 3103//3103
f 3103//3103 3254//3254 3255//3255
f 3103//3103 3255//3255 3251//3251
f 933//933 3256//3256 935//935
f 935//935 3256//3256 3257//3257
f 935//935 3257//3257 937//937
f 937//937 3257//3257 3258//3258
f 937//937 3258//3258 939//939
f 939//939 3258//3258 3259//3259
f 939//939 3259//3259 941//941
f 941//941 3259//3259 3260//3260
f 941//941 3260//3260 943//943
f 943//943 3260//3260 3261//3261
f 943//943 3261//3261 945//945
f 945//945 3261//3261 3262//3262
f 945//945 3262//3262 947//947
f 947//947 3262//3262 3263//3263
f 947//947 3263//3263 949//949
f 949//949 3263//3263 3264//3264
f 949//949 3264//3264 951//951
f 951//951 3264//3264 3265//3265
f 951//951 3265//3265 953//953
f 953//953 3265//3265 3266//3266
f 953//953 3266//3266 955//955
f 955//955 3266//3266 3267//3267
f 955//955 3267//3267 957//957
f 957//957 3267//3267 3268//3268
f 957//957 3268//3268 959//959
f 959//959 3268//3268 3269//3269
f 959//959 3269//3269 961//961
f 961//961 3269//3269 3270//3270
f 961//961 3270//3270 963//963
f 963//963 3270//3270 3271//3271
f 963//963 3271//3271 965//965
f 965//965 3271//3271 3272//3272
f 965//965 3272//3272 967//967
f 967//967 3272//3272 3273//3273
f 967//967 3273//3273 969//969
f 969//969 3273//3273 3274//3274
f 969//969 3274//3274 971//971
f 971//971 3274//3274 3275//3275
f 971//971 3275//3275 973//973
f 973//973 3275//3275 3276//3276
f 973//973 3276//3276 975//975
f 975//975 3276//3276 3277//3277
f 975//975 3277//3277 977//977
f 977//977 3277//3277 3278//3278
f 977//977 3278//3278 979//979
f 979//979 3278//3278 3279//3279
f 979//979 3279//3279 981//981
f 981//981 3279//3279 3280//3280
f 981//981 3280//3280 983//983
f 983//983 3280//3280 3281//3281
f 983//983 3281//3281 985//985
f 985//985 3281//3281 3282//3282
f 985//985 3282//3282 987//987
f 987//987 3282//3282 3283//3283
f 987//987 3283//3283 989//989
f 989//989 3283//3283 3284//3284
f 989//989 3284//3284 991//991
f 991//991 3284//3284 3285//3285
f 991//991 3285//3285 993//993
f 993//993 3285//3285 3286//3286
f 993//993 3286//3286 995//995
f 995//995 3286//3286 3287//3287
f 995//995 3287//3287 997//997
f 997//997 3287//3287 3288//3288
f 997//997 3288//3288 999//999
f 999//999 3288//3288 3289//3289
f 999//999 3289//3289 1001//1001
f 1001//1001 3289//3289 3290//3290
f 1001//1001 3290//3290 1003//1003
f 1003//1003 3290//3290 3291//3291
f 1003//1003 3291//3291 1005//1005
f 1005//1005 3291//3291 3292//3292
f 1005//1005 3292//3292 1007//1007
f 1007//1007 3292//3292 3293//3293
f 1007//1007 3293//3293 1009//1009
f 1009//1009 3293//3293 3294//3294
f 1009//1009 3294//3294 1011//1011
f 1011//1011 3294//3294 3295//3295
f 1011//1011 3295//3295 1013//1013
f 1013//1013 3295//3295 3296//3296
f 1013//1013 3296//3296 1015//1015
f 1015//1015 3296//3296 3297//3297
f 1015//1015 3297//3297 1017//1017
f 1017//1017 3297//3297 3298//3298
f 1017//1017 3298//3298 1019//1019
f 1019//1019 3298//3298 3299//3299
f 1019//1019 3299//3299 1021//1021
f 1021//1021 3299//3299 3300//3300
f 1021//1021 3300//3300 1023//1023
f 1023//1023 3300//3300 3301//3301
f 1023//1023 3301//3301 1025//1025
f 1025//1025 3301//3301 3302//3302
f 1025//1025 3302//3302 1027//1027
f 1027//1027 3302//3302 3303//3303
f 1027//1027 3303//3303 1029//1029
f 1029//1029 3303//3303 3304//3304
f 1029//1029 3304//3304 1031//1031
f 1031//1031 3304//3304 3305//3305
f 1031//1031 3305//3305 1033//1033
f 1033//1033 3305//3305 3306//3306
f 1033//1033 3306//3306 1035//1035
f 1035//1035 3306//3306 3307//3307
f 1035//1035 3307//3307 1037//1037
f 1037//1037 3307//3307 3308//3308
f 1037//1037 3308//3308 1039//1039
f 1039//1039 3308//3308 3309//3309
f 1039//1039 3309//3309 1041//1041
f 1041//1041 3309//3309 3310//3310
f 1041//1041 3310//3310 1043//1043
f 1043//1043 3310//3310 3311//3311
f 1043//1043 3311//3311 901//901
f 901//901 3311//3311 3312//3312
f 901//901 3312//3312 903//903
f 903//903 3312//3312 3313//3313
f 903//903 3313//3313 905//905
f 905//905 3313//3313 3314//3314
f 905//905 3314//3314 907//907
f 907//907 3314//3314 3315//3315
f 907//907 3315//3315 909//909
f 909//909 3315//3315 3316//3316
f 909//909 3316//3316 911//911
f 911//911 3316//3316 3317//3317
f 911//911 3317//3317 913//913
f 913//913 3317//3317 3318//3318
f 913//913 3318//3318 915//915
f 915//915 3318//3318 3319//3319
f 915//915 3319//3319 917//917
f 917//917 3319//3319 3320//3320
f 917//917 3320//3320 919//919
f 919//919 3320//3320 3321//3321
f 919//919 3321//3321 921//921
f 921//921 3321//3321 3322//3322
f 921//921 3322//3322 923//923
f 923//923 3322//3322 3323//3323
f 923//923 3323//3323 925//925
f 925//925 3323//3323 3324//3324
f 925//925 3324//3324 927//927
f 927//927 3324//3324 3325//3325
f 927//927 3325//3325 929//929
f 929//929 3325//3325 3326//3326
f 929//929 3326//3326 931//931
f 931//931 3326//3326 3327//3327
f 931//931 3327//3327 933//933
f 933//933 3327//3327 3256//3256
f 3328//3328 3329//3329 3293//3293
f 3330//3330 3331//3331 3298//3298
f 3332//3332 3333//3333 3303//3303
f 3334//3334 3335//3335 3308//3308
f 3336//3336 3337//3337 3257//3257
f 3257//3257 3337//3337 3338//3338
f 3257//3257 3338//3338 3258//3258
f 3336//3336 3257//3257 3339//3339
f 3339//3339 3257//3257 3256//3256
f 3339//3339 3256//3256 3340//3340
f 3340//3340 3256//3256 3341//3341
f 3341//3341 3256//3256 3327//3327
f 3341//3341 3327//3327 3342//3342
f 3326//3326 3343//3343 3327//3327
f 3327//3327 3343//3343 3344//3344
f 3327//3327 3344//3344 3342//3342
f 3325//3325 3345//3345 3326//3326
f 3326//3326 3345//3345 3346//3346
f 3326//3326 3346//3346 3343//3343
f 3347//3347 3348//3348 3324//3324
f 3324//3324 3348//3348 3349//3349
f 3324//3324 3349//3349 3325//3325
f 3325//3325 3349//3349 3350//3350
f 3325//3325 3350//3350 3345//3345
f 3347//3347 3324//3324 3351//3351
f 3351//3351 3324//3324 3323//3323
f 3351//3351 3323//3323 3352//3352
f 3352//3352 3323//3323 3353//3353
f 3353//3353 3323//3323 3322//3322
f 3353//3353 3322//3322 3354//3354
f 3321//3321 3355//3355 3322//3322
f 3322//3322 3355//3355 3356//3356
f 3322//3322 3356//3356 3354//3354
f 3320//3320 3357//3357 3321//3321
f 3321//3321 3357//3357 3358//3358
f 3321//3321 3358//3358 3355//3355
f 3359//3359 3360//3360 3319//3319
f 3319//3319 3360//3360 3361//3361
f 3319//3319 3361//3361 3320//3320
f 3320//3320 3361//3361 3362//3362
f 3320//3320 3362//3362 3357//3357
f 3359//3359 3319//3319 3363//3363
f 3363//3363 3319//3319 3318//3318
f 3363//3363 3318//3318 3364//3364
f 3364//3364 3318//3318 3365//3365
f 3365//3365 3318//3318 3317//3317
f 3365//3365 3317//3317 3366//3366
f 3316//3316 3367//3367 3317//3317
f 3317//3317 3367//3367 3368//3368
f 3317//3317 3368//3368 3366//3366
f 3315//3315 3369//3369 3316//3316
f 3316//3316 3369//3369 3370//3370
f 3316//3316 3370//3370 3367//3367
f 3371//3371 3372//3372 3314//3314
f 3314//3314 3372//3372 3373//3373
f 3314//3314 3373//3373 3315//3315
f 3315//3315 3373//3373 3374//3374
f 3315//3315 3374//3374 3369//3369
f 3371//3371 3314//3314 3375//3375
f 3375//3375 3314//3314 3313//3313
f 3375//3375 3313//3313 3376//3376
f 3376//3376 3313//3313 3377//3377
f 3377//3377 3313//3313 3312//3312
f 3377//3377 3312//3312 3378//3378
f 3378//3378 3312//3312 3379//3379
f 3379//3379 3312//3312 3311//3311
f 3379//3379 3311//3311 3380//3380
f 3309//3309 3381//3381 3382//3382
f 3309//3309 3382//3382 3310//3310
f 3382//3382 3383//3383 3310//3310
f 3310//3310 3383//3383 3384//3384
f 3310//3310 3384//3384 3311//3311
f 3311//3311 3384//3384 3385//3385
f 3311//3311 3385//3385 3380//3380
f 3308//3308 3335//3335 3309//3309
f 3309//3309 3335//3335 3386//3386
f 3309//3309 3386//3386 3381//3381
f 3334//3334 3308//3308 3387//3387
f 3387//3387 3308//3308 3307//3307
f 3387//3387 3307//3307 3388//3388
f 3388//3388 3307//3307 3389//3389
f 3389//3389 3307//3307 3306//3306
f 3389//3389 3306//3306 3390//3390
f 3304//3304 3391//3391 3392//3392
f 3304//3304 3392//3392 3305//3305
f 3392//3392 3393//3393 3305//3305
f 3305//3305 3393//3393 3394//3394
f 3305//3305 3394//3394 3306//3306
f 3306//3306 3394//3394 3395//3395
f 3306//3306 3395//3395 3390//3390
f 3303//3303 3333//3333 3304//3304
f 3304//3304 3333//3333 3396//3396
f 3304//3304 3396//3396 3391//3391
f 3332//3332 3303//3303 3397//3397
f 3397//3397 3303//3303 3302//3302
f 3397//3397 3302//3302 3398//3398
f 3398//3398 3302//3302 3399//3399
f 3399//3399 3302//3302 3301//3301
f 3399//3399 3301//3301 3400//3400
f 3299//3299 3401//3401 3402//3402
f 3299//3299 3402//3402 3300//3300
f 3402//3402 3403//3403 3300//3300
f 3300//3300 3403//3403 3404//3404
f 3300//3300 3404//3404 3301//3301
f 3301//3301 3404//3404 3405//3405
f 3301//3301 3405//3405 3400//3400
f 3298//3298 3331//3331 3299//3299
f 3299//3299 3331//3331 3406//3406
f 3299//3299 3406//3406 3401//3401
f 3330//3330 3298//3298 3407//3407
f 3407//3407 3298//3298 3297//3297
f 3407//3407 3297//3297 3408//3408
f 3408//3408 3297//3297 3409//3409
f 3409//3409 3297//3297 3296//3296
f 3409//3409 3296//3296 3410//3410
f 3294//3294 3411//3411 3412//3412
f 3294//3294 3412//3412 3295//3295
f 3412//3412 3413//3413 3295//3295
f 3295//3295 3413//3413 3414//3414
f 3295//3295 3414//3414 3296//3296
f 3296//3296 3414//3414 3415//3415
f 3296//3296 3415//3415 3410//3410
f 3293//3293 3329//3329 3294//3294
f 3294//3294 3329//3329 3416//3416
f 3294//3294 3416//3416 3411//3411
f 3328//3328 3293//3293 3417//3417
f 3417//3417 3293//3293 3292//3292
f 3417//3417 3292//3292 3418//3418
f 3418//3418 3292//3292 3419//3419
f 3419//3419 3292//3292 3291//3291
f 3419//3419 3291//3291 3420//3420
f 3289//3289 3421//3421 3422//3422
f 3289//3289 3422//3422 3290//3290
f 3422//3422 3423//3423 3290//3290
f 3290//3290 3423//3423 3424//3424
f 3290//3290 3424//3424 3291//3291
f 3291//3291 3424//3424 3425//3425
f 3291//3291 3425//3425 3420//3420
f 3288//3288 3426//3426 3289//3289
f 3289//3289 3426//3426 3427//3427
f 3289//3289 3427//3427 3421//3421
f 3287//3287 3428//3428 3288//3288
f 3288//3288 3428//3428 3429//3429
f 3288//3288 3429//3429 3426//3426
f 3430//3430 3431//3431 3286//3286
f 3286//3286 3431//3431 3432//3432
f 3286//3286 3432//3432 3287//3287
f 3287//3287 3432//3432 3433//3433
f 3287//3287 3433//3433 3428//3428
f 3430//3430 3286//3286 3434//3434
f 3434//3434 3286//3286 3285//3285
f 3434//3434 3285//3285 3435//3435
f 3435//3435 3285//3285 3284//3284
f 3435//3435 3284//3284 3436//3436
f 3283//3283 3282//3282 3437//3437
f 3437//3437 3438//3438 3283//3283
f 3283//3283 3438//3438 3439//3439
f 3283//3283 3439//3439 3284//3284
f 3284//3284 3439//3439 3440//3440
f 3284//3284 3440//3440 3436//3436
f 3441//3441 3442//3442 3281//3281
f 3281//3281 3442//3442 3443//3443
f 3281//3281 3443//3443 3282//3282
f 3282//3282 3443//3443 3444//3444
f 3282//3282 3444//3444 3437//3437
f 3441//3441 3281//3281 3445//3445
f 3445//3445 3281//3281 3280//3280
f 3445//3445 3280//3280 3446//3446
f 3446//3446 3280//3280 3447//3447
f 3447//3447 3280//3280 3279//3279
f 3447//3447 3279//3279 3448//3448
f 3278//3278 3449//3449 3279//3279
f 3279//3279 3449//3449 3450//3450
f 3279//3279 3450//3450 3448//3448
f 3451//3451 3452//3452 3277//3277
f 3277//3277 3452//3452 3453//3453
f 3277//3277 3453//3453 3278//3278
f 3278//3278 3453//3453 3454//3454
f 3278//3278 3454//3454 3449//3449
f 3451//3451 3277//3277 3455//3455
f 3455//3455 3277//3277 3276//3276
f 3455//3455 3276//3276 3456//3456
f 3456//3456 3276//3276 3275//3275
f 3456//3456 3275//3275 3457//3457
f 3274//3274 3458//3458 3275//3275
f 3275//3275 3458//3458 3459//3459
f 3275//3275 3459//3459 3457//3457
f 3460//3460 3461//3461 3273//3273
f 3273//3273 3461//3461 3462//3462
f 3273//3273 3462//3462 3274//3274
f 3274//3274 3462//3462 3463//3463
f 3274//3274 3463//3463 3458//3458
f 3460//3460 3273//3273 3464//3464
f 3464//3464 3273//3273 3272//3272
f 3464//3464 3272//3272 3465//3465
f 3465//3465 3272//3272 3466//3466
f 3466//3466 3272//3272 3271//3271
f 3466//3466 3271//3271 3467//3467
f 3467//3467 3271//3271 3468//3468
f 3468//3468 3271//3271 3270//3270
f 3468//3468 3270//3270 3469//3469
f 3269//3269 3470//3470 3270//3270
f 3270//3270 3470//3470 3471//3471
f 3270//3270 3471//3471 3469//3469
f 3472//3472 3473//3473 3268//3268
f 3268//3268 3473//3473 3474//3474
f 3268//3268 3474//3474 3269//3269
f 3269//3269 3474//3474 3475//3475
f 3269//3269 3475//3475 3470//3470
f 3472//3472 3268//3268 3476//3476
f 3476//3476 3268//3268 3267//3267
f 3476//3476 3267//3267 3477//3477
f 3477//3477 3267//3267 3478//3478
f 3478//3478 3267//3267 3266//3266
f 3478//3478 3266//3266 3479//3479
f 3479//3479 3266//3266 3480//3480
f 3480//3480 3266//3266 3265//3265
f 3480//3480 3265//3265 3481//3481
f 3264//3264 3482//3482 3265//3265
f 3265//3265 3482//3482 3483//3483
f 3265//3265 3483//3483 3481//3481
f 3484//3484 3485//3485 3263//3263
f 3263//3263 3485//3485 3486//3486
f 3263//3263 3486//3486 3264//3264
f 3264//3264 3486//3486 3487//3487
f 3264//3264 3487//3487 3482//3482
f 3484//3484 3263//3263 3488//3488
f 3488//3488 3263//3263 3262//3262
f 3488//3488 3262//3262 3489//3489
f 3489//3489 3262//3262 3490//3490
f 3490//3490 3262//3262 3261//3261
f 3490//3490 3261//3261 3491//3491
f 3491//3491 3261//3261 3492//3492
f 3492//3492 3261//3261 3260//3260
f 3492//3492 3260//3260 3493//3493
f 3259//3259 3494//3494 3260//3260
f 3260//3260 3494//3494 3495//3495
f 3260//3260 3495//3495 3493//3493
f 3338//3338 3496//3496 3258//3258
f 3258//3258 3496//3496 3497//3497
f 3258//3258 3497//3497 3259//3259
f 3259//3259 3497//3497 3498//3498
f 3259//3259 3498//3498 3494//3494
f 1012//1012 3499//3499 1010//1010
f 1010//1010 3499//3499 3500//3500
f 1010//1010 3500//3500 1008//1008
f 1008//1008 3500//3500 3501//3501
f 1008//1008 3501//3501 1006//1006
f 1006//1006 3501//3501 3502//3502
f 1006//1006 3502//3502 1004//1004
f 1004//1004 3502//3502 3503//3503
f 1004//1004 3503//3503 1002//1002
f 1002//1002 3503//3503 3504//3504
f 1002//1002 3504//3504 1000//1000
f 1000//1000 3504//3504 3505//3505
f 1000//1000 3505//3505 998//998
f 998//998 3505//3505 3506//3506
f 998//998 3506//3506 996//996
f 996//996 3506//3506 3507//3507
f 996//996 3507//3507 994//994
f 994//994 3507//3507 3508//3508
f 994//994 3508//3508 992//992
f 992//992 3508//3508 3509//3509
f 992//992 3509//3509 990//990
f 990//990 3509//3509 3510//3510
f 990//990 3510//3510 988//988
f 988//988 3510//3510 3511//3511
f 988//988 3511//3511 986//986
f 986//986 3511//3511 3512//3512
f 986//986 3512//3512 984//984
f 984//984 3512//3512 3513//3513
f 984//984 3513//3513 982//982
f 982//982 3513//3513 3514//3514
f 982//982 3514//3514 980//980
f 980//980 3514//3514 3515//3515
f 980//980 3515//3515 978//978
f 978//978 3515//3515 3516//3516
f 978//978 3516//3516 976//976
f 976//976 3516//3516 3517//3517
f 976//976 3517//3517 974//974
f 974//974 3517//3517 3518//3518
f 974//974 3518//3518 972//972
f 972//972 3518//3518 3519//3519
f 972//972 3519//3519 970//970
f 970//970 3519//3519 3520//3520
f 970//970 3520//3520 968//968
f 968//968 3520//3520 3521//3521
f 968//968 3521//3521 966//966
f 966//966 3521//3521 3522//3522
f 966//966 3522//3522 964//964
f 964//964 3522//3522 3523//3523
f 964//964 3523//3523 962//962
f 962//962 3523//3523 3524//3524
f 962//962 3524//3524 960//960
f 960//960 3524//3524 3525//3525
f 960//960 3525//3525 958//958
f 958//958 3525//3525 3526//3526
f 958//958 3526//3526 956//956
f 956//956 3526//3526 3527//3527
f 956//956 3527//3527 954//954
f 954//954 3527//3527 3528//3528
f 954//954 3528//3528 952//952
f 952//952 3528//3528 3529//3529
f 952//952 3529//3529 950//950
f 950//950 3529//3529 3530//3530
f 950//950 3530//3530 948//948
f 948//948 3530//3530 3531//3531
f 948//948 3531//3531 946//946
f 946//946 3531//3531 3532//3532
f 946//946 3532//3532 944//944
f 944//944 3532//3532 3533//3533
f 944//944 3533//3533 942//942
f 942//942 3533//3533 3534//3534
f 942//942 3534//3534 940//940
f 940//940 3534//3534 3535//3535
f 940//940 3535//3535 938//938
f 938//938 3535//3535 3536//3536
f 938//938 3536//3536 936//936
f 936//936 3536//3536 3537//3537
f 936//936 3537//3537 934//934
f 934//934 3537//3537 3538//3538
f 934//934 3538//3538 932//932
f 932//932 3538//3538 3539//3539
f 932//932 3539//3539 930//930
f 930//930 3539//3539 3540//3540
f 930//930 3540//3540 928//928
f 928//928 3540//3540 3541//3541
f 928//928 3541//3541 926//926
f 926//926 3541//3541 3542//3542
f 926//926 3542//3542 924//924
f 924//924 3542//3542 3543//3543
f 924//924 3543//3543 922//922
f 922//922 3543//3543 3544//3544
f 922//922 3544//3544 920//920
f 920//920 3544//3544 3545//3545
f 920//920 3545//3545 918//918
f 918//918 3545//3545 3546//3546
f 918//918 3546//3546 916//916
f 916//916 3546//3546 3547//3547
f 916//916 3547//3547 914//914
f 914//914 3547//3547 3548//3548
f 914//914 3548//3548 912//912
f 912//912 3548//3548 3549//3549
f 912//912 3549//3549 910//910
f 910//910 3549//3549 3550//3550
f 910//910 3550//3550 908//908
f 908//908 3550//3550 3551//3551
f 908//908 3551//3551 906//906
f 906//906 3551//3551 3552//3552
f 906//906 3552//3552 904//904
f 904//904 3552//3552 3553//3553
f 904//904 3553//3553 902//902
f 902//902 3553//3553 3554//3554
f 902//902 3554//3554 900//900
f 900//900 3554//3554 3555//3555
f 900//900 3555//3555 1042//1042
f 1042//1042 3555//3555 3556//3556
f 1042//1042 3556//3556 1040//1040
f 1040//1040 3556//3556 3557//3557
f 1040//1040 3557//3557 1038//1038
f 1038//1038 3557//3557 3558//3558
f 1038//1038 3558//3558 1036//1036
f 1036//1036 3558//3558 3559//3559
f 1036//1036 3559//3559 1034//1034
f 1034//1034 3559//3559 3560//3560
f 1034//1034 3560//3560 1032//1032
f 1032//1032 3560//3560 3561//3561
f 1032//1032 3561//3561 1030//1030
f 1030//1030 3561//3561 3562//3562
f 1030//1030 3562//3562 1028//1028
f 1028//1028 3562//3562 3563//3563
f 1028//1028 3563//3563 1026//1026
f 1026//1026 3563//3563 3564//3564
f 1026//1026 3564//3564 1024//1024
f 1024//1024 3564//3564 3565//3565
f 1024//1024 3565//3565 1022//1022
f 1022//1022 3565//3565 3566//3566
f 1022//1022 3566//3566 1020//1020
f 1020//1020 3566//3566 3567//3567
f 1020//1020 3567//3567 1018//1018
f 1018//1018 3567//3567 3568//3568
f 1018//1018 3568//3568 1016//1016
f 1016//1016 3568//3568 3569//3569
f 1016//1016 3569//3569 1014//1014
f 1014//1014 3569//3569 3570//3570
f 1014//1014 3570//3570 1012//1012
f 1012//1012 3570//3570 3499//3499
f 3519//3519 3571//3571 3520//3520
f 3520//3520 3571//3571 3572//3572
f 3520//3520 3572//3572 3521//3521
f 3521//3521 3572//3572 3573//3573
f 3521//3521 3573//3573 3522//3522
f 3522//3522 3573//3573 3574//3574
f 3522//3522 3574//3574 3523//3523
f 3523//3523 3574//3574 3575//3575
f 3523//3523 3575//3575 3524//3524
f 3524//3524 3575//3575 3576//3576
f 3524//3524 3576//3576 3525//3525
f 3525//3525 3576//3576 3577//3577
f 3525//3525 3577//3577 3526//3526
f 3526//3526 3577//3577 3578//3578
f 3526//3526 3578//3578 3527//3527
f 3527//3527 3578//3578 3579//3579
f 3527//3527 3579//3579 3528//3528
f 3528//3528 3579//3579 3580//3580
f 3528//3528 3580//3580 3529//3529
f 3529//3529 3580//3580 3581//3581
f 3529//3529 3581//3581 3530//3530
f 3530//3530 3581//3581 3582//3582
f 3530//3530 3582//3582 3531//3531
f 3531//3531 3582//3582 3583//3583
f 3531//3531 3583//3583 3532//3532
f 3532//3532 3583//3583 3584//3584
f 3532//3532 3584//3584 3533//3533
f 3533//3533 3584//3584 3585//3585
f 3533//3533 3585//3585 3534//3534
f 3534//3534 3585//3585 3586//3586
f 3534//3534 3586//3586 3535//3535
f 3535//3535 3586//3586 3587//3587
f 3535//3535 3587//3587 3536//3536
f 3536//3536 3587//3587 3588//3588
f 3536//3536 3588//3588 3537//3537
f 3537//3537 3588//3588 3589//3589
f 3537//3537 3589//3589 3538//3538
f 3538//3538 3589//3589 3590//3590
f 3538//3538 3590//3590 3539//3539
f 3539//3539 3590//3590 3591//3591
f 3539//3539 3591//3591 3540//3540
f 3540//3540 3591//3591 3592//3592
f 3540//3540 3592//3592 3541//3541
f 3541//3541 3592//3592 3593//3593
f 3541//3541 3593//3593 3542//3542
f 3542//3542 3593//3593 3594//3594
f 3542//3542 3594//3594 3543//3543
f 3543//3543 3594//3594 3595//3595
f 3543//3543 3595//3595 3544//3544
f 3544//3544 3595//3595 3596//3596
f 3544//3544 3596//3596 3545//3545
f 3545//3545 3596//3596 3597//3597
f 3545//3545 3597//3597 3546//3546
f 3546//3546 3597//3597 3598//3598
f 3546//3546 3598//3598 3547//3547
f 3547//3547 3598//3598 3599//3599
f 3547//3547 3599//3599 3548//3548
f 3548//3548 3599//3599 3600//3600
f 3548//3548 3600//3600 3549//3549
f 3549//3549 3600//3600 3601//3601
f 3549//3549 3601//3601 3550//3550
f 3550//3550 3601//3601 3602//3602
f 3550//3550 3602//3602 3551//3551
f 3551//3551 3602//3602 3603//3603
f 3551//3551 3603//3603 3552//3552
f 3552//3552 3603//3603 3604//3604
f 3552//3552 3604//3604 3553//3553
f 3553//3553 3604//3604 3605//3605
f 3553//3553 3605//3605 3554//3554
f 3554//3554 3605//3605 3606//3606
f 3554//3554 3606//3606 3555//3555
f 3555//3555 3606//3606 3607//3607
f 3555//3555 3607//3607 3556//3556
f 3556//3556 3607//3607 3608//3608
f 3556//3556 3608//3608 3557//3557
f 3557//3557 3608//3608 3609//3609
f 3557//3557 3609//3609 3558//3558
f 3558//3558 3609//3609 3610//3610
f 3558//3558 3610//3610 3559//3559
f 3559//3559 3610//3610 3611//3611
f 3559//3559 3611//3611 3560//3560
f 3560//3560 3611//3611 3612//3612
f 3560//3560 3612//3612 3561//3561
f 3561//3561 3612//3612 3613//3613
f 3561//3561 3613//3613 3562//3562
f 3562//3562 3613//3613 3614//3614
f 3562//3562 3614//3614 3563//3563
f 3563//3563 3614//3614 3615//3615
f 3563//3563 3615//3615 3564//3564
f 3564//3564 3615//3615 3616//3616
f 3564//3564 3616//3616 3565//3565
f 3565//3565 3616//3616 3617//3617
f 3565//3565 3617//3617 3566//3566
f 3566//3566 3617//3617 3618//3618
f 3566//3566 3618//3618 3567//3567
f 3567//3567 3618//3618 3619//3619
f 3567//3567 3619//3619 3568//3568
f 3568//3568 3619//3619 3620//3620
f 3568//3568 3620//3620 3569//3569
f 3569//3569 3620//3620 3621//3621
f 3569//3569 3621//3621 3570//3570
f 3570//3570 3621//3621 3622//3622
f 3570//3570 3622//3622 3499//3499
f 3499//3499 3622//3622 3623//3623
f 3499//3499 3623//3623 3500//3500
f 3500//3500 3623//3623 3624//3624
f 3500//3500 3624//3624 3501//3501
f 3501//3501 3624//3624 3625//3625
f 3501//3501 3625//3625 3502//3502
f 3502//3502 3625//3625 3626//3626
f 3502//3502 3626//3626 3503//3503
f 3503//3503 3626//3626 3627//3627
f 3503//3503 3627//3627 3504//3504
f 3504//3504 3627//3627 3628//3628
f 3504//3504 3628//3628 3505//3505
f 3505//3505 3628//3628 3629//3629
f 3505//3505 3629//3629 3506//3506
f 3506//3506 3629//3629 3630//3630
f 3506//3506 3630//3630 3507//3507
f 3507//3507 3630//3630 3631//3631
f 3507//3507 3631//3631 3508//3508
f 3508//3508 3631//3631 3632//3632
f 3508//3508 3632//3632 3509//3509
f 3509//3509 3632//3632 3633//3633
f 3509//3509 3633//3633 3510//3510
f 3510//3510 3633//3633 3634//3634
f 3510//3510 3634//3634 3511//3511
f 3511//3511 3634//3634 3635//3635
f 3511//3511 3635//3635 3512//3512
f 3512//3512 3635//3635 3636//3636
f 3512//3512 3636//3636 3513//3513
f 3513//3513 3636//3636 3637//3637
f 3513//3513 3637//3637 3514//3514
f 3514//3514 3637//3637 3638//3638
f 3514//3514 3638//3638 3515//3515
f 3515//3515 3638//3638 3639//3639
f 3515//3515 3639//3639 3516//3516
f 3516//3516 3639//3639 3640//3640
f 3516//3516 3640//3640 3517//3517
f 3517//3517 3640//3640 3641//3641
f 3517//3517 3641//3641 3518//3518
f 3518//3518 3641//3641 3642//3642
f 3518//3518 3642//3642 3519//3519
f 3519//3519 3642//3642 3571//3571
f 1086//1086 3643//3643 1084//1084
f 1084//1084 3643//3643 3644//3644
f 1084//1084 3644//3644 1082//1082
f 1082//1082 3644//3644 3645//3645
f 1082//1082 3645//3645 1080//1080
f 1080//1080 3645//3645 3646//3646
f 1080//1080 3646//3646 1078//1078
f 1078//1078 3646//3646 3647//3647
f 1078//1078 3647//3647 1076//1076
f 1076//1076 3647//3647 3648//3648
f 1076//1076 3648//3648 1074//1074
f 1074//1074 3648//3648 3649//3649
f 1074//1074 3649//3649 1072//1072
f 1072//1072 3649//3649 3650//3650
f 1072//1072 3650//3650 1070//1070
f 1070//1070 3650//3650 3651//3651
f 1070//1070 3651//3651 1068//1068
f 1068//1068 3651//3651 3652//3652
f 1068//1068 3652//3652 1066//1066
f 1066//1066 3652//3652 3653//3653
f 1066//1066 3653//3653 1064//1064
f 1064//1064 3653//3653 3654//3654
f 1064//1064 3654//3654 1062//1062
f 1062//1062 3654//3654 3655//3655
f 1062//1062 3655//3655 1060//1060
f 1060//1060 3655//3655 3656//3656
f 1060//1060 3656//3656 1058//1058
f 1058//1058 3656//3656 3657//3657
f 1058//1058 3657//3657 1056//1056
f 1056//1056 3657//3657 3658//3658
f 1056//1056 3658//3658 1054//1054
f 1054//1054 3658//3658 3659//3659
f 1054//1054 3659//3659 1052//1052
f 1052//1052 3659//3659 3660//3660
f 1052//1052 3660//3660 1050//1050
f 1050//1050 3660//3660 3661//3661
f 1050//1050 3661//3661 1048//1048
f 1048//1048 3661//3661 3662//3662
f 1048//1048 3662//3662 1046//1046
f 1046//1046 3662//3662 3663//3663
f 1046//1046 3663//3663 1044//1044
f 1044//1044 3663//3663 3664//3664
f 1044//1044 3664//3664 1186//1186
f 1186//1186 3664//3664 3665//3665
f 1186//1186 3665//3665 1184//1184
f 1184//1184 3665//3665 3666//3666
f 1184//1184 3666//3666 1182//1182
f 1182//1182 3666//3666 3667//3667
f 1182//1182 3667//3667 1180//1180
f 1180//1180 3667//3667 3668//3668
f 1180//1180 3668//3668 1178//1178
f 1178//1178 3668//3668 3669//3669
f 1178//1178 3669//3669 1176//1176
f 1176//1176 3669//3669 3670//3670
f 1176//1176 3670//3670 1174//1174
f 1174//1174 3670//3670 3671//3671
f 1174//1174 3671//3671 1172//1172
f 1172//1172 3671//3671 3672//3672
f 1172//1172 3672//3672 1170//1170
f 1170//1170 3672//3672 3673//3673
f 1170//1170 3673//3673 1168//1168
f 1168//1168 3673//3673 3674//3674
f 1168//1168 3674//3674 1166//1166
f 1166//1166 3674//3674 3675//3675
f 1166//1166 3675//3675 1164//1164
f 1164//1164 3675//3675 3676//3676
f 1164//1164 3676//3676 1162//1162
f 1162//1162 3676//3676 3677//3677
f 1162//1162 3677//3677 1160//1160
f 1160//1160 3677//3677 3678//3678
f 1160//1160 3678//3678 1158//1158
f 1158//1158 3678//3678 3679//3679
f 1158//1158 3679//3679 1156//1156
f 1156//1156 3679//3679 3680//3680
f 1156//1156 3680//3680 1154//1154
f 1154//1154 3680//3680 3681//3681
f 1154//1154 3681//3681 1152//1152
f 1152//1152 3681//3681 3682//3682
f 1152//1152 3682//3682 1150//1150
f 1150//1150 3682//3682 3683//3683
f 1150//1150 3683//3683 1148//1148
f 1148//1148 3683//3683 3684//3684
f 1148//1148 3684//3684 1146//1146
f 1146//1146 3684//3684 3685//3685
f 1146//1146 3685//3685 1144//1144
f 1144//1144 3685//3685 3686//3686
f 1144//1144 3686//3686 1142//1142
f 1142//1142 3686//3686 3687//3687
f 1142//1142 3687//3687 1140//1140
f 1140//1140 3687//3687 3688//3688
f 1140//1140 3688//3688 1138//1138
f 1138//1138 3688//3688 3689//3689
f 1138//1138 3689//3689 1136//1136
f 1136//1136 3689//3689 3690//3690
f 1136//1136 3690//3690 1134//1134
f 1134//1134 3690//3690 3691//3691
f 1134//1134 3691//3691 1132//1132
f 1132//1132 3691//3691 3692//3692
f 1132//1132 3692//3692 1130//1130
f 1130//1130 3692//3692 3693//3693
f 1130//1130 3693//3693 1128//1128
f 1128//1128 3693//3693 3694//3694
f 1128//1128 3694//3694 1126//1126
f 1126//1126 3694//3694 3695//3695
f 1126//1126 3695//3695 1124//1124
f 1124//1124 3695//3695 3696//3696
f 1124//1124 3696//3696 1122//1122
f 1122//1122 3696//3696 3697//3697
f 1122//1122 3697//3697 1120//1120
f 1120//1120 3697//3697 3698//3698
f 1120//1120 3698//3698 1118//1118
f 1118//1118 3698//3698 3699//3699
f 1118//1118 3699//3699 1116//1116
f 1116//1116 3699//3699 3700//3700
f 1116//1116 3700//3700 1114//1114
f 1114//1114 3700//3700 3701//3701
f 1114//1114 3701//3701 1112//1112
f 1112//1112 3701//3701 3702//3702
f 1112//1112 3702//3702 1110//1110
f 1110//1110 3702//3702 3703//3703
f 1110//1110 3703//3703 1108//1108
f 1108//1108 3703//3703 3704//3704
f 1108//1108 3704//3704 1106//1106
f 1106//1106 3704//3704 3705//3705
f 1106//1106 3705//3705 1104//1104
f 1104//1104 3705//3705 3706//3706
f 1104//1104 3706//3706 1102//1102
f 1102//1102 3706//3706 3707//3707
f 1102//1102 3707//3707 1100//1100
f 1100//1100 3707//3707 3708//3708
f 1100//1100 3708//3708 1098//1098
f 1098//1098 3708//3708 3709//3709
f 1098//1098 3709//3709 1096//1096
f 1096//1096 3709//3709 3710//3710
f 1096//1096 3710//3710 1094//1094
f 1094//1094 3710//3710 3711//3711
f 1094//1094 3711//3711 1092//1092
f 1092//1092 3711//3711 3712//3712
f 1092//1092 3712//3712 1090//1090
f 1090//1090 3712//3712 3713//3713
f 1090//1090 3713//3713 1088//1088
f 1088//1088 3713//3713 3714//3714
f 1088//1088 3714//3714 1086//1086
f 1086//1086 3714//3714 3643//3643
f 3700//3700 3715//3715 3701//3701
f 3701//3701 3715//3715 3716//3716
f 3701//3701 3716//3716 3702//3702
f 3702//3702 3716//3716 3717//3717
f 3702//3702 3717//3717 3703//3703
f 3703//3703 3717//3717 3718//3718
f 3703//3703 3718//3718 3704//3704
f 3704//3704 3718//3718 3719//3719
f 3704//3704 3719//3719 3705//3705
f 3705//3705 3719//3719 3720//3720
f 3705//3705 3720//3720 3706//3706
f 3706//3706 3720//3720 3721//3721
f 3706//3706 3721//3721 3707//3707
f 3707//3707 3721//3721 3722//3722
f 3707//3707 3722//3722 3708//3708
f 3708//3708 3722//3722 3723//3723
f 3708//3708 3723//3723 3709//3709
f 3709//3709 3723//3723 3724//3724
f 3709//3709 3724//3724 3710//3710
f 3710//3710 3724//3724 3725//3725
f 3710//3710 3725//3725 3711//3711
f 3711//3711 3725//3725 3726//3726
f 3711//3711 3726//3726 3712//3712
f 3712//3712 3726//3726 3727//3727
f 3712//3712 3727//3727 3713//3713
f 3713//3713 3727//3727 3728//3728
f 3713//3713 3728//3728 3714//3714
f 3714//3714 3728//3728 3729//3729
f 3714//3714 3729//3729 3643//3643
f 3643//3643 3729//3729 3730//3730
f 3643//3643 3730//3730 3644//3644
f 3644//3644 3730//3730 3731//3731
f 3644//3644 3731//3731 3645//3645
f 3645//3645 3731//3731 3732//3732
f 3645//3645 3732//3732 3646//3646
f 3646//3646 3732//3732 3733//3733
f 3646//3646 3733//3733 3647//3647
f 3647//3647 3733//3733 3734//3734
f 3647//3647 3734//3734 3648//3648
f 3648//3648 3734//3734 3735//3735
f 3648//3648 3735//3735 3649//3649
f 3649//3649 3735//3735 3736//3736
f 3649//3649 3736//3736 3650//3650
f 3650//3650 3736//3736 3737//3737
f 3650//3650 3737//3737 3651//3651
f 3651//3651 3737//3737 3738//3738
f 3651//3651 3738//3738 3652//3652
f 3652//3652 3738//3738 3739//3739
f 3652//3652 3739//3739 3653//3653
f 3653//3653 3739//3739 3740//3740
f 3653//3653 3740//3740 3654//3654
f 3654//3654 3740//3740 3741//3741
f 3654//3654 3741//3741 3655//3655
f 3655//3655 3741//3741 3742//3742
f 3655//3655 3742//3742 3656//3656
f 3656//3656 3742//3742 3743//3743
f 3656//3656 3743//3743 3657//3657
f 3657//3657 3743//3743 3744//3744
f 3657//3657 3744//3744 3658//3658
f 3658//3658 3744//3744 3745//3745
f 3658//3658 3745//3745 3659//3659
f 3659//3659 3745//3745 3746//3746
f 3659//3659 3746//3746 3660//3660
f 3660//3660 3746//3746 3747//3747
f 3660//3660 3747//3747 3661//3661
f 3661//3661 3747//3747 3748//3748
f 3661//3661 3748//3748 3662//3662
f 3662//3662 3748//3748 3749//3749
f 3662//3662 3749//3749 3663//3663
f 3663//3663 3749//3749 3750//3750
f 3663//3663 3750//3750 3664//3664
f 3664//3664 3750//3750 3751//3751
f 3664//3664 3751//3751 3665//3665
f 3665//3665 3751//3751 3752//3752
f 3665//3665 3752//3752 3666//3666
f 3666//3666 3752//3752 3753//3753
f 3666//3666 3753//3753 3667//3667
f 3667//3667 3753//3753 3754//3754
f 3667//3667 3754//3754 3668//3668
f 3668//3668 3754//3754 3755//3755
f 3668//3668 3755//3755 3669//3669
f 3669//3669 3755//3755 3756//3756
f 3669//3669 3756//3756 3670//3670
f 3670//3670 3756//3756 3757//3757
f 3670//3670 3757//3757 3671//3671
f 3671//3671 3757//3757 3758//3758
f 3671//3671 3758//3758 3672//3672
f 3672//3672 3758//3758 3759//3759
f 3672//3672 3759//3759 3673//3673
f 3673//3673 3759//3759 3760//3760
f 3673//3673 3760//3760 3674//3674
f 3674//3674 3760//3760 3761//3761
f 3674//3674 3761//3761 3675//3675
f 3675//3675 3761//3761 3762//3762
f 3675//3675 3762//3762 3676//3676
f 3676//3676 3762//3762 3763//3763
f 3676//3676 3763//3763 3677//3677
f 3677//3677 3763//3763 3764//3764
f 3677//3677 3764//3764 3678//3678
f 3678//3678 3764//3764 3765//3765
f 3678//3678 3765//3765 3679//3679
f 3679//3679 3765//3765 3766//3766
f 3679//3679 3766//3766 3680//3680
f 3680//3680 3766//3766 3767//3767
f 3680//3680 3767//3767 3681//3681
f 3681//3681 3767//3767 3768//3768
f 3681//3681 3768//3768 3682//3682
f 3682//3682 3768//3768 3769//3769
f 3682//3682 3769//3769 3683//3683
f 3683//3683 3769//3769 3770//3770
f 3683//3683 3770//3770 3684//3684
f 3684//3684 3770//3770 3771//3771
f 3684//3684 3771//3771 3685//3685
f 3685//3685 3771//3771 3772//3772
f 3685//3685 3772//3772 3686//3686
f 3686//3686 3772//3772 3773//3773
f 3686//3686 3773//3773 3687//3687
f 3687//3687 3773//3773 3774//3774
f 3687//3687 3774//3774 3688//3688
f 3688//3688 3774//3774 3775//3775
f 3688//3688 3775//3775 3689//3689
f 3689//3689 3775//3775 3776//3776
f 3689//3689 3776//3776 3690//3690
f 3690//3690 3776//3776 3777//3777
f 3690//3690 3777//3777 3691//3691
f 3691//3691 3777//3777 3778//3778
f 3691//3691 3778//3778 3692//3692
f 3692//3692 3778//3778 3779//3779
f 3692//3692 3779//3779 3693//3693
f 3693//3693 3779//3779 3780//3780
f 3693//3693 3780//3780 3694//3694
f 3694//3694 3780//3780 3781//3781
f 3694//3694 3781//3781 3695//3695
f 3695//3695 3781//3781 3782//3782
f 3695//3695 3782//3782 3696//3696
f 3696//3696 3782//3782 3783//3783
f 3696//3696 3783//3783 3697//3697
f 3697//3697 3783//3783 3784//3784
f 3697//3697 3784//3784 3698//3698
f 3698//3698 3784//3784 3785//3785
f 3698//3698 3785//3785 3699//3699
f 3699//3699 3785//3785 3786//3786
f 3699//3699 3786//3786 3700//3700
f 3700//3700 3786//3786 3715//3715
f 2834//2834 850//850 852//852
f 477//477 2920//2920 897//897
f 897//897 2920//2920 2992//2992
f 897//897 2992//2992 895//895
f 895//895 2992//2992 2994//2994
f 3006//3006 889//889 3004//3004
f 3004//3004 889//889 890//890
f 3004//3004 890//890 2996//2996
f 2996//2996 890//890 892//892
f 2996//2996 892//892 2994//2994
f 2994//2994 892//892 893//893
f 2994//2994 893//893 895//895
f 3009//3009 886//886 3006//3006
f 3006//3006 886//886 887//887
f 3006//3006 887//887 889//889
f 3014//3014 881//881 3008//3008
f 3008//3008 881//881 3009//3009
f 3009//3009 881//881 886//886
f 3013//3013 884//884 3014//3014
f 3014//3014 884//884 883//883
f 3014//3014 883//883 881//881
f 3011//3011 880//880 3013//3013
f 3013//3013 880//880 879//879
f 3013//3013 879//879 884//884
f 3032//3032 875//875 3010//3010
f 3010//3010 875//875 876//876
f 3010//3010 876//876 3011//3011
f 3011//3011 876//876 880//880
f 3030//3030 869//869 3031//3031
f 3031//3031 869//869 873//873
f 3031//3031 873//873 3032//3032
f 3032//3032 873//873 875//875
f 3023//3023 872//872 3030//3030
f 3030//3030 872//872 871//871
f 3030//3030 871//871 869//869
f 3028//3028 866//866 3022//3022
f 3022//3022 866//866 867//867
f 3022//3022 867//867 3023//3023
f 3023//3023 867//867 872//872
f 3027//3027 863//863 3028//3028
f 3028//3028 863//863 864//864
f 3028//3028 864//864 866//866
f 3020//3020 857//857 3026//3026
f 3026//3026 857//857 3027//3027
f 3027//3027 857//857 861//861
f 3027//3027 861//861 863//863
f 3018//3018 860//860 3020//3020
f 3020//3020 860//860 859//859
f 3020//3020 859//859 857//857
f 3017//3017 856//856 3018//3018
f 3018//3018 856//856 855//855
f 3018//3018 855//855 860//860
f 2834//2834 852//852 3029//3029
f 3029//3029 852//852 3017//3017
f 3017//3017 852//852 856//856
f 475//475 2098//2098 477//477
f 477//477 2098//2098 2920//2920
f 502//502 2099//2099 475//475
f 475//475 2099//2099 2098//2098
f 501//501 2095//2095 502//502
f 502//502 2095//2095 2099//2099
f 481//481 2072//2072 501//501
f 501//501 2072//2072 2095//2095
f 495//495 494//494 13//13
f 13//13 2085//2085 495//495
f 495//495 2085//2085 2091//2091
f 495//495 2091//2091 496//496
f 496//496 2091//2091 2083//2083
f 496//496 2083//2083 500//500
f 500//500 2083//2083 2077//2077
f 500//500 2077//2077 499//499
f 499//499 2077//2077 2079//2079
f 499//499 2079//2079 478//478
f 478//478 2079//2079 2069//2069
f 478//478 2069//2069 483//483
f 483//483 2069//2069 2068//2068
f 483//483 2068//2068 482//482
f 482//482 2068//2068 2072//2072
f 482//482 2072//2072 481//481
f 492//492 5//5 494//494
f 494//494 5//5 13//13
f 490//490 2//2 492//492
f 492//492 2//2 5//5
f 489//489 4//4 490//490
f 490//490 4//4 2//2
f 491//491 2279//2279 489//489
f 489//489 2279//2279 4//4
f 493//493 2218//2218 491//491
f 491//491 2218//2218 2279//2279
f 484//484 2212//2212 485//485
f 485//485 2212//2212 2243//2243
f 485//485 2243//2243 486//486
f 2243//2243 2240//2240 486//486
f 486//486 2240//2240 2239//2239
f 486//486 2239//2239 479//479
f 479//479 2239//2239 2226//2226
f 2226//2226 2228//2228 479//479
f 479//479 2228//2228 2230//2230
f 479//479 2230//2230 480//480
f 2230//2230 2232//2232 480//480
f 480//480 2232//2232 2234//2234
f 480//480 2234//2234 497//497
f 2218//2218 493//493 2220//2220
f 2220//2220 493//493 498//498
f 2220//2220 498//498 2221//2221
f 2221//2221 498//498 497//497
f 2221//2221 497//497 2236//2236
f 2236//2236 497//497 2234//2234
f 488//488 2214//2214 484//484
f 484//484 2214//2214 2212//2212
f 487//487 899//899 488//488
f 488//488 899//899 2214//2214
f 3787//3787 3788//3788 474//474
f 474//474 3788//3788 3789//3789
f 3790//3790 3791//3791 227//227
f 227//227 3791//3791 3792//3792
f 227//227 3792//3792 3793//3793
f 3789//3789 3794//3794 474//474
f 474//474 3794//3794 3795//3795
f 474//474 3795//3795 3796//3796
f 3797//3797 3798//3798 227//227
f 3797//3797 227//227 3799//3799
f 3798//3798 3800//3800 227//227
f 227//227 3800//3800 3801//3801
f 227//227 3801//3801 3802//3802
f 3793//3793 3803//3803 227//227
f 227//227 3803//3803 3804//3804
f 227//227 3804//3804 3805//3805
f 3806//3806 233//233 3807//3807
f 3807//3807 233//233 3808//3808
f 3809//3809 3810//3810 452//452
f 3811//3811 3812//3812 476//476
f 3813//3813 3814//3814 227//227
f 227//227 3814//3814 3815//3815
f 227//227 3815//3815 3816//3816
f 3817//3817 3818//3818 233//233
f 233//233 3818//3818 3819//3819
f 233//233 3819//3819 3808//3808
f 3796//3796 3820//3820 474//474
f 474//474 3820//3820 3821//3821
f 474//474 3821//3821 227//227
f 227//227 3821//3821 3822//3822
f 227//227 3822//3822 3813//3813
f 3816//3816 3823//3823 227//227
f 227//227 3823//3823 3824//3824
f 227//227 3824//3824 3825//3825
f 3826//3826 3827//3827 227//227
f 227//227 3827//3827 3828//3828
f 227//227 3828//3828 3799//3799
f 3805//3805 3829//3829 227//227
f 227//227 3829//3829 3830//3830
f 227//227 3830//3830 3831//3831
f 452//452 3810//3810 450//450
f 450//450 3810//3810 3832//3832
f 450//450 3832//3832 448//448
f 3833//3833 3834//3834 213//213
f 213//213 3834//3834 3835//3835
f 213//213 3835//3835 214//214
f 214//214 3835//3835 3836//3836
f 214//214 3836//3836 3837//3837
f 3838//3838 3839//3839 3802//3802
f 3811//3811 476//476 3840//3840
f 3841//3841 3842//3842 474//474
f 474//474 3842//3842 3843//3843
f 474//474 3843//3843 3787//3787
f 3831//3831 3844//3844 227//227
f 227//227 3844//3844 3845//3845
f 227//227 3845//3845 3846//3846
f 3847//3847 462//462 3848//3848
f 3848//3848 462//462 464//464
f 3848//3848 464//464 3849//3849
f 448//448 3832//3832 446//446
f 446//446 3832//3832 3850//3850
f 446//446 3850//3850 444//444
f 444//444 3850//3850 3851//3851
f 444//444 3851//3851 442//442
f 442//442 3851//3851 440//440
f 440//440 3851//3851 3852//3852
f 440//440 3852//3852 438//438
f 3853//3853 3854//3854 213//213
f 213//213 3854//3854 3855//3855
f 3856//3856 3857//3857 3802//3802
f 3839//3839 3858//3858 3802//3802
f 3802//3802 3858//3858 3859//3859
f 3802//3802 3859//3859 227//227
f 227//227 3859//3859 3860//3860
f 227//227 3860//3860 3790//3790
f 3812//3812 3861//3861 476//476
f 476//476 3861//3861 3862//3862
f 476//476 3862//3862 3863//3863
f 3864//3864 3865//3865 474//474
f 474//474 3865//3865 3866//3866
f 474//474 3866//3866 3841//3841
f 3825//3825 3867//3867 227//227
f 227//227 3867//3867 3868//3868
f 227//227 3868//3868 3826//3826
f 3869//3869 3870//3870 235//235
f 235//235 3870//3870 3871//3871
f 3871//3871 3872//3872 235//235
f 235//235 3872//3872 3873//3873
f 235//235 3873//3873 468//468
f 468//468 3873//3873 3849//3849
f 468//468 3849//3849 466//466
f 466//466 3849//3849 464//464
f 452//452 454//454 3809//3809
f 3809//3809 454//454 456//456
f 3809//3809 456//456 3874//3874
f 3874//3874 456//456 458//458
f 3874//3874 458//458 3847//3847
f 3847//3847 458//458 460//460
f 3847//3847 460//460 462//462
f 432//432 3875//3875 3876//3876
f 432//432 3876//3876 213//213
f 213//213 3876//3876 3877//3877
f 213//213 3877//3877 3853//3853
f 3878//3878 3879//3879 3880//3880
f 3880//3880 3879//3879 3881//3881
f 3880//3880 3881//3881 3882//3882
f 3882//3882 3881//3881 3883//3883
f 3884//3884 3885//3885 3886//3886
f 3886//3886 3885//3885 3887//3887
f 3884//3884 3888//3888 3885//3885
f 3885//3885 3888//3888 3889//3889
f 3885//3885 3889//3889 3890//3890
f 3891//3891 3892//3892 214//214
f 214//214 3892//3892 3893//3893
f 214//214 3893//3893 3894//3894
f 3894//3894 3895//3895 214//214
f 214//214 3895//3895 3896//3896
f 214//214 3896//3896 845//845
f 845//845 3896//3896 3897//3897
f 3898//3898 878//878 3899//3899
f 3899//3899 878//878 877//877
f 3899//3899 877//877 3900//3900
f 3863//3863 3901//3901 476//476
f 476//476 3901//3901 3902//3902
f 476//476 3902//3902 474//474
f 474//474 3902//3902 3903//3903
f 474//474 3903//3903 3904//3904
f 3904//3904 3905//3905 474//474
f 474//474 3905//3905 3906//3906
f 474//474 3906//3906 3907//3907
f 3806//3806 3908//3908 233//233
f 233//233 3908//3908 3909//3909
f 233//233 3909//3909 235//235
f 235//235 3909//3909 3910//3910
f 235//235 3910//3910 3911//3911
f 432//432 434//434 3875//3875
f 3875//3875 434//434 435//435
f 3875//3875 435//435 3852//3852
f 3852//3852 435//435 437//437
f 3852//3852 437//437 438//438
f 3837//3837 3912//3912 214//214
f 214//214 3912//3912 3885//3885
f 214//214 3885//3885 3913//3913
f 3913//3913 3885//3885 3890//3890
f 3913//3913 3914//3914 214//214
f 214//214 3914//3914 3915//3915
f 214//214 3915//3915 3916//3916
f 3857//3857 3917//3917 3802//3802
f 3802//3802 3917//3917 3918//3918
f 3802//3802 3918//3918 3919//3919
f 3919//3919 3920//3920 3802//3802
f 3802//3802 3920//3920 3921//3921
f 3802//3802 3921//3921 3922//3922
f 3923//3923 851//851 3897//3897
f 3897//3897 851//851 848//848
f 3897//3897 848//848 845//845
f 3840//3840 476//476 3924//3924
f 3924//3924 476//476 896//896
f 3924//3924 896//896 3925//3925
f 3907//3907 3926//3926 474//474
f 474//474 3926//3926 3927//3927
f 474//474 3927//3927 3928//3928
f 3846//3846 3929//3929 227//227
f 227//227 3929//3929 3930//3930
f 227//227 3930//3930 3931//3931
f 3931//3931 3932//3932 227//227
f 227//227 3932//3932 3933//3933
f 227//227 3933//3933 231//231
f 231//231 3933//3933 3934//3934
f 231//231 3934//3934 233//233
f 233//233 3934//3934 3935//3935
f 233//233 3935//3935 3817//3817
f 3911//3911 3936//3936 235//235
f 235//235 3936//3936 3937//3937
f 235//235 3937//3937 3869//3869
f 3938//3938 3939//3939 213//213
f 213//213 3939//3939 3940//3940
f 213//213 3940//3940 3833//3833
f 3941//3941 3942//3942 3880//3880
f 3943//3943 3880//3880 3944//3944
f 3944//3944 3880//3880 3945//3945
f 3943//3943 3946//3946 3880//3880
f 3880//3880 3946//3946 3947//3947
f 3880//3880 3947//3947 3878//3878
f 3948//3948 3949//3949 3802//3802
f 3802//3802 3949//3949 3950//3950
f 3802//3802 3950//3950 3856//3856
f 3951//3951 3881//3881 3952//3952
f 3952//3952 3881//3881 3953//3953
f 3951//3951 3954//3954 3881//3881
f 3881//3881 3954//3954 3955//3955
f 3881//3881 3955//3955 3883//3883
f 3916//3916 3956//3956 214//214
f 214//214 3956//3956 3957//3957
f 214//214 3957//3957 3958//3958
f 3959//3959 3960//3960 3802//3802
f 3802//3802 3960//3960 3961//3961
f 3802//3802 3961//3961 3838//3838
f 3962//3962 854//854 3923//3923
f 3923//3923 854//854 853//853
f 3923//3923 853//853 851//851
f 3963//3963 885//885 3898//3898
f 3898//3898 885//885 882//882
f 3898//3898 882//882 878//878
f 896//896 894//894 3925//3925
f 3925//3925 894//894 891//891
f 3925//3925 891//891 3963//3963
f 3963//3963 891//891 888//888
f 3963//3963 888//888 885//885
f 3855//3855 3964//3964 213//213
f 213//213 3964//3964 3965//3965
f 213//213 3965//3965 3938//3938
f 3887//3887 3885//3885 3880//3880
f 3880//3880 3885//3885 3966//3966
f 3880//3880 3966//3966 3941//3941
f 3942//3942 3967//3967 3880//3880
f 3880//3880 3967//3967 3968//3968
f 3880//3880 3968//3968 3945//3945
f 3969//3969 3970//3970 3881//3881
f 3971//3971 3972//3972 474//474
f 474//474 3972//3972 3973//3973
f 474//474 3973//3973 3864//3864
f 3974//3974 3975//3975 3802//3802
f 3802//3802 3975//3975 3976//3976
f 3802//3802 3976//3976 3948//3948
f 3974//3974 3802//3802 3881//3881
f 3881//3881 3802//3802 3977//3977
f 3881//3881 3977//3977 3969//3969
f 3978//3978 3979//3979 214//214
f 214//214 3979//3979 3980//3980
f 214//214 3980//3980 3891//3891
f 3922//3922 3981//3981 3802//3802
f 3802//3802 3981//3981 3982//3982
f 3802//3802 3982//3982 3959//3959
f 3928//3928 3983//3983 474//474
f 474//474 3983//3983 3984//3984
f 474//474 3984//3984 3971//3971
f 3970//3970 3985//3985 3881//3881
f 3881//3881 3985//3985 3986//3986
f 3881//3881 3986//3986 3953//3953
f 3958//3958 3987//3987 214//214
f 214//214 3987//3987 3988//3988
f 214//214 3988//3988 3978//3978
f 3989//3989 865//865 3990//3990
f 3990//3990 865//865 862//862
f 3990//3990 862//862 3962//3962
f 3962//3962 862//862 858//858
f 3962//3962 858//858 854//854
f 877//877 874//874 3900//3900
f 3900//3900 874//874 870//870
f 3900//3900 870//870 3989//3989
f 3989//3989 870//870 868//868
f 3989//3989 868//868 865//865
f 898//898 472//472 474//474
f 469//469 470//470 1843//1843
f 227//227 226//226 474//474
f 474//474 226//226 469//469
f 474//474 469//469 898//898
f 898//898 469//469 1843//1843
f 898//898 1843//1843 899//899
f 2246//2246 2088//2088 2269//2269
f 2269//2269 2088//2088 2086//2086
f 1//1 3//3 6//6
f 6//6 3//3 2454//2454
f 6//6 2454//2454 39//39
f 39//39 2454//2454 2269//2269
f 39//39 2269//2269 2086//2086
f 1844//1844 1846//1846 2250//2250
f 2250//2250 1846//1846 2545//2545
f 2250//2250 2545//2545 2246//2246
f 2246//2246 2545//2545 2087//2087
f 2246//2246 2087//2087 2088//2088
f 3804//3804 248//248 3805//3805
f 3805//3805 248//248 250//250
f 3805//3805 250//250 3829//3829
f 250//250 252//252 3829//3829
f 3829//3829 252//252 257//257
f 3829//3829 257//257 3830//3830
f 257//257 256//256 3830//3830
f 3830//3830 256//256 3831//3831
f 256//256 254//254 3831//3831
f 3831//3831 254//254 3844//3844
f 3844//3844 254//254 258//258
f 3844//3844 258//258 3845//3845
f 258//258 245//245 3845//3845
f 3845//3845 245//245 3846//3846
f 245//245 260//260 3846//3846
f 3846//3846 260//260 3929//3929
f 3929//3929 260//260 261//261
f 3929//3929 261//261 3930//3930
f 261//261 263//263 3930//3930
f 3930//3930 263//263 269//269
f 3930//3930 269//269 3931//3931
f 269//269 268//268 3931//3931
f 3931//3931 268//268 3932//3932
f 268//268 266//266 3932//3932
f 3932//3932 266//266 265//265
f 3932//3932 265//265 3933//3933
f 3933//3933 265//265 270//270
f 3933//3933 270//270 3934//3934
f 270//270 243//243 3934//3934
f 3934//3934 243//243 3935//3935
f 243//243 272//272 3935//3935
f 3935//3935 272//272 3817//3817
f 3817//3817 272//272 273//273
f 3817//3817 273//273 3818//3818
f 273//273 275//275 3818//3818
f 3818//3818 275//275 281//281
f 3818//3818 281//281 3819//3819
f 281//281 280//280 3819//3819
f 3819//3819 280//280 3808//3808
f 280//280 278//278 3808//3808
f 3808//3808 278//278 277//277
f 3808//3808 277//277 3807//3807
f 3807//3807 277//277 283//283
f 3807//3807 283//283 3806//3806
f 283//283 285//285 3806//3806
f 3806//3806 285//285 3908//3908
f 285//285 290//290 3908//3908
f 3908//3908 290//290 3909//3909
f 3909//3909 290//290 289//289
f 3909//3909 289//289 3910//3910
f 289//289 287//287 3910//3910
f 3910//3910 287//287 286//286
f 3910//3910 286//286 3911//3911
f 3911//3911 286//286 291//291
f 3911//3911 291//291 3936//3936
f 291//291 293//293 3936//3936
f 3936//3936 293//293 295//295
f 3936//3936 295//295 3937//3937
f 3937//3937 295//295 296//296
f 3937//3937 296//296 3869//3869
f 296//296 299//299 3869//3869
f 3869//3869 299//299 3870//3870
f 299//299 302//302 3870//3870
f 3870//3870 302//302 3871//3871
f 3871//3871 302//302 301//301
f 3871//3871 301//301 3872//3872
f 301//301 305//305 3872//3872
f 3872//3872 305//305 3873//3873
f 305//305 303//303 3873//3873
f 3873//3873 303//303 3849//3849
f 3849//3849 303//303 306//306
f 3849//3849 306//306 3848//3848
f 306//306 308//308 3848//3848
f 3848//3848 308//308 309//309
f 3848//3848 309//309 3847//3847
f 309//309 312//312 3847//3847
f 3847//3847 312//312 3874//3874
f 312//312 315//315 3874//3874
f 3874//3874 315//315 3809//3809
f 3809//3809 315//315 314//314
f 3809//3809 314//314 3810//3810
f 314//314 318//318 3810//3810
f 3810//3810 318//318 3832//3832
f 318//318 316//316 3832//3832
f 3832//3832 316//316 3850//3850
f 3850//3850 316//316 319//319
f 3850//3850 319//319 3851//3851
f 319//319 321//321 3851//3851
f 3851//3851 321//321 322//322
f 3851//3851 322//322 3852//3852
f 322//322 325//325 3852//3852
f 3852//3852 325//325 3875//3875
f 325//325 328//328 3875//3875
f 3875//3875 328//328 3876//3876
f 3876//3876 328//328 327//327
f 3876//3876 327//327 3877//3877
f 327//327 331//331 3877//3877
f 3877//3877 331//331 3853//3853
f 331//331 329//329 3853//3853
f 3853//3853 329//329 3854//3854
f 3854//3854 329//329 332//332
f 3854//3854 332//332 3855//3855
f 332//332 334//334 3855//3855
f 3855//3855 334//334 335//335
f 3855//3855 335//335 3964//3964
f 335//335 339//339 3964//3964
f 3964//3964 339//339 3965//3965
f 339//339 338//338 3965//3965
f 3965//3965 338//338 342//342
f 3965//3965 342//342 3938//3938
f 3938//3938 342//342 341//341
f 3938//3938 341//341 3939//3939
f 341//341 345//345 3939//3939
f 3939//3939 345//345 3940//3940
f 345//345 343//343 3940//3940
f 3940//3940 343//343 3833//3833
f 3833//3833 343//343 346//346
f 3833//3833 346//346 3834//3834
f 346//346 348//348 3834//3834
f 3834//3834 348//348 349//349
f 3834//3834 349//349 3835//3835
f 349//349 353//353 3835//3835
f 3835//3835 353//353 3836//3836
f 353//353 352//352 3836//3836
f 3836//3836 352//352 356//356
f 3836//3836 356//356 3837//3837
f 3837//3837 356//356 355//355
f 3837//3837 355//355 3912//3912
f 355//355 359//359 3912//3912
f 3912//3912 359//359 3885//3885
f 359//359 357//357 3885//3885
f 3885//3885 357//357 3966//3966
f 3966//3966 357//357 360//360
f 3966//3966 360//360 3941//3941
f 360//360 362//362 3941//3941
f 3941//3941 362//362 363//363
f 3941//3941 363//363 3942//3942
f 3942//3942 363//363 365//365
f 3942//3942 365//365 3967//3967
f 365//365 366//366 3967//3967
f 3967//3967 366//366 368//368
f 3967//3967 368//368 3968//3968
f 3968//3968 368//368 369//369
f 3968//3968 369//369 3945//3945
f 369//369 372//372 3945//3945
f 3945//3945 372//372 3944//3944
f 372//372 375//375 3944//3944
f 3944//3944 375//375 3943//3943
f 3943//3943 375//375 374//374
f 3943//3943 374//374 3946//3946
f 374//374 378//378 3946//3946
f 3946//3946 378//378 3947//3947
f 378//378 376//376 3947//3947
f 3947//3947 376//376 3878//3878
f 3878//3878 376//376 379//379
f 3878//3878 379//379 3879//3879
f 379//379 381//381 3879//3879
f 3879//3879 381//381 382//382
f 3879//3879 382//382 3881//3881
f 382//382 385//385 3881//3881
f 3881//3881 385//385 3974//3974
f 385//385 389//389 3974//3974
f 3974//3974 389//389 3975//3975
f 3975//3975 389//389 388//388
f 3975//3975 388//388 3976//3976
f 388//388 386//386 3976//3976
f 3976//3976 386//386 3948//3948
f 386//386 391//391 3948//3948
f 3948//3948 391//391 3949//3949
f 3949//3949 391//391 392//392
f 3949//3949 392//392 3950//3950
f 392//392 394//394 3950//3950
f 3950//3950 394//394 399//399
f 3950//3950 399//399 3856//3856
f 399//399 398//398 3856//3856
f 3856//3856 398//398 3857//3857
f 398//398 396//396 3857//3857
f 3857//3857 396//396 3917//3917
f 3917//3917 396//396 400//400
f 3917//3917 400//400 3918//3918
f 400//400 241//241 3918//3918
f 3918//3918 241//241 3919//3919
f 241//241 402//402 3919//3919
f 3919//3919 402//402 3920//3920
f 3920//3920 402//402 403//403
f 3920//3920 403//403 3921//3921
f 403//403 405//405 3921//3921
f 3921//3921 405//405 411//411
f 3921//3921 411//411 3922//3922
f 411//411 410//410 3922//3922
f 3922//3922 410//410 3981//3981
f 410//410 408//408 3981//3981
f 3981//3981 408//408 407//407
f 3981//3981 407//407 3982//3982
f 3982//3982 407//407 412//412
f 3982//3982 412//412 3959//3959
f 412//412 239//239 3959//3959
f 3959//3959 239//239 3960//3960
f 239//239 414//414 3960//3960
f 3960//3960 414//414 3961//3961
f 3961//3961 414//414 415//415
f 3961//3961 415//415 3838//3838
f 415//415 417//417 3838//3838
f 3838//3838 417//417 423//423
f 3838//3838 423//423 3839//3839
f 423//423 422//422 3839//3839
f 3839//3839 422//422 3858//3858
f 422//422 420//420 3858//3858
f 3858//3858 420//420 419//419
f 3858//3858 419//419 3859//3859
f 3859//3859 419//419 424//424
f 3859//3859 424//424 3860//3860
f 424//424 237//237 3860//3860
f 3860//3860 237//237 3790//3790
f 237//237 426//426 3790//3790
f 3790//3790 426//426 3791//3791
f 3791//3791 426//426 427//427
f 3791//3791 427//427 3792//3792
f 427//427 429//429 3792//3792
f 3792//3792 429//429 431//431
f 3792//3792 431//431 3793//3793
f 3793//3793 431//431 430//430
f 3793//3793 430//430 3803//3803
f 3803//3803 430//430 3804//3804
f 3804//3804 430//430 248//248
f 3796//3796 798//798 3820//3820
f 3820//3820 798//798 796//796
f 3820//3820 796//796 3821//3821
f 796//796 794//794 3821//3821
f 3821//3821 794//794 792//792
f 3821//3821 792//792 3822//3822
f 792//792 790//790 3822//3822
f 3822//3822 790//790 788//788
f 3822//3822 788//788 3813//3813
f 788//788 786//786 3813//3813
f 3813//3813 786//786 784//784
f 3813//3813 784//784 3814//3814
f 3814//3814 784//784 782//782
f 3814//3814 782//782 3815//3815
f 782//782 780//780 3815//3815
f 3815//3815 780//780 778//778
f 3815//3815 778//778 3816//3816
f 778//778 776//776 3816//3816
f 3816//3816 776//776 774//774
f 3816//3816 774//774 3823//3823
f 3823//3823 774//774 772//772
f 3823//3823 772//772 3824//3824
f 772//772 770//770 3824//3824
f 3824//3824 770//770 768//768
f 3824//3824 768//768 3825//3825
f 768//768 766//766 3825//3825
f 3825//3825 766//766 764//764
f 3825//3825 764//764 3867//3867
f 764//764 762//762 3867//3867
f 3867//3867 762//762 760//760
f 3867//3867 760//760 3868//3868
f 3868//3868 760//760 758//758
f 3868//3868 758//758 3826//3826
f 758//758 756//756 3826//3826
f 3826//3826 756//756 754//754
f 3826//3826 754//754 3827//3827
f 754//754 752//752 3827//3827
f 3827//3827 752//752 750//750
f 3827//3827 750//750 3828//3828
f 3828//3828 750//750 748//748
f 3828//3828 748//748 3799//3799
f 748//748 746//746 3799//3799
f 3799//3799 746//746 744//744
f 3799//3799 744//744 3797//3797
f 744//744 742//742 3797//3797
f 3797//3797 742//742 740//740
f 3797//3797 740//740 3798//3798
f 740//740 738//738 3798//3798
f 3798//3798 738//738 736//736
f 3798//3798 736//736 3800//3800
f 3800//3800 736//736 734//734
f 3800//3800 734//734 3801//3801
f 734//734 732//732 3801//3801
f 3801//3801 732//732 730//730
f 3801//3801 730//730 3802//3802
f 730//730 728//728 3802//3802
f 3802//3802 728//728 726//726
f 3802//3802 726//726 3977//3977
f 3977//3977 726//726 724//724
f 3977//3977 724//724 3969//3969
f 724//724 722//722 3969//3969
f 3969//3969 722//722 720//720
f 3969//3969 720//720 3970//3970
f 3970//3970 720//720 718//718
f 3970//3970 718//718 3985//3985
f 718//718 716//716 3985//3985
f 3985//3985 716//716 714//714
f 3985//3985 714//714 3986//3986
f 3986//3986 714//714 712//712
f 3986//3986 712//712 3953//3953
f 712//712 710//710 3953//3953
f 3953//3953 710//710 708//708
f 3953//3953 708//708 3952//3952
f 708//708 706//706 3952//3952
f 3952//3952 706//706 704//704
f 3952//3952 704//704 3951//3951
f 3951//3951 704//704 702//702
f 3951//3951 702//702 3954//3954
f 702//702 700//700 3954//3954
f 3954//3954 700//700 698//698
f 3954//3954 698//698 3955//3955
f 698//698 696//696 3955//3955
f 3955//3955 696//696 694//694
f 3955//3955 694//694 3883//3883
f 3883//3883 694//694 692//692
f 3883//3883 692//692 3882//3882
f 692//692 690//690 3882//3882
f 3882//3882 690//690 688//688
f 3882//3882 688//688 3880//3880
f 688//688 686//686 3880//3880
f 3880//3880 686//686 684//684
f 3880//3880 684//684 3887//3887
f 684//684 682//682 3887//3887
f 3887//3887 682//682 680//680
f 3887//3887 680//680 3886//3886
f 3886//3886 680//680 678//678
f 3886//3886 678//678 3884//3884
f 678//678 676//676 3884//3884
f 3884//3884 676//676 674//674
f 3884//3884 674//674 3888//3888
f 674//674 672//672 3888//3888
f 3888//3888 672//672 670//670
f 3888//3888 670//670 3889//3889
f 3889//3889 670//670 668//668
f 3889//3889 668//668 3890//3890
f 668//668 666//666 3890//3890
f 3890//3890 666//666 664//664
f 3890//3890 664//664 3913//3913
f 664//664 662//662 3913//3913
f 3913//3913 662//662 660//660
f 3913//3913 660//660 3914//3914
f 660//660 658//658 3914//3914
f 3914//3914 658//658 656//656
f 3914//3914 656//656 3915//3915
f 3915//3915 656//656 654//654
f 3915//3915 654//654 3916//3916
f 654//654 652//652 3916//3916
f 3916//3916 652//652 650//650
f 3916//3916 650//650 3956//3956
f 650//650 648//648 3956//3956
f 3956//3956 648//648 646//646
f 3956//3956 646//646 3957//3957
f 3957//3957 646//646 644//644
f 3957//3957 644//644 3958//3958
f 644//644 642//642 3958//3958
f 3958//3958 642//642 640//640
f 3958//3958 640//640 3987//3987
f 640//640 638//638 3987//3987
f 3987//3987 638//638 636//636
f 3987//3987 636//636 3988//3988
f 636//636 634//634 3988//3988
f 3988//3988 634//634 632//632
f 3988//3988 632//632 3978//3978
f 3978//3978 632//632 630//630
f 3978//3978 630//630 3979//3979
f 630//630 628//628 3979//3979
f 3979//3979 628//628 626//626
f 3979//3979 626//626 3980//3980
f 626//626 624//624 3980//3980
f 3980//3980 624//624 622//622
f 3980//3980 622//622 3891//3891
f 3891//3891 622//622 620//620
f 3891//3891 620//620 3892//3892
f 620//620 618//618 3892//3892
f 3892//3892 618//618 616//616
f 3892//3892 616//616 3893//3893
f 616//616 614//614 3893//3893
f 3893//3893 614//614 612//612
f 3893//3893 612//612 3894//3894
f 612//612 610//610 3894//3894
f 3894//3894 610//610 608//608
f 3894//3894 608//608 3895//3895
f 3895//3895 608//608 606//606
f 3895//3895 606//606 3896//3896
f 606//606 604//604 3896//3896
f 3896//3896 604//604 602//602
f 3896//3896 602//602 3897//3897
f 602//602 600//600 3897//3897
f 3897//3897 600//600 598//598
f 3897//3897 598//598 3923//3923
f 3923//3923 598//598 596//596
f 3923//3923 596//596 3962//3962
f 596//596 594//594 3962//3962
f 3962//3962 594//594 592//592
f 3962//3962 592//592 3990//3990
f 3990//3990 592//592 503//503
f 3990//3990 503//503 3989//3989
f 503//503 506//506 3989//3989
f 3989//3989 506//506 508//508
f 3989//3989 508//508 3900//3900
f 3900//3900 508//508 510//510
f 3900//3900 510//510 3899//3899
f 510//510 512//512 3899//3899
f 3899//3899 512//512 514//514
f 3899//3899 514//514 3898//3898
f 514//514 516//516 3898//3898
f 3898//3898 516//516 518//518
f 3898//3898 518//518 3963//3963
f 3963//3963 518//518 520//520
f 3963//3963 520//520 3925//3925
f 520//520 522//522 3925//3925
f 3925//3925 522//522 524//524
f 3925//3925 524//524 3924//3924
f 524//524 526//526 3924//3924
f 3924//3924 526//526 528//528
f 3924//3924 528//528 3840//3840
f 3840//3840 528//528 530//530
f 3840//3840 530//530 3811//3811
f 530//530 532//532 3811//3811
f 3811//3811 532//532 534//534
f 3811//3811 534//534 3812//3812
f 534//534 536//536 3812//3812
f 3812//3812 536//536 538//538
f 3812//3812 538//538 3861//3861
f 538//538 540//540 3861//3861
f 3861//3861 540//540 542//542
f 3861//3861 542//542 3862//3862
f 3862//3862 542//542 544//544
f 3862//3862 544//544 3863//3863
f 544//544 546//546 3863//3863
f 3863//3863 546//546 548//548
f 3863//3863 548//548 3901//3901
f 548//548 550//550 3901//3901
f 3901//3901 550//550 552//552
f 3901//3901 552//552 3902//3902
f 3902//3902 552//552 554//554
f 3902//3902 554//554 3903//3903
f 554//554 556//556 3903//3903
f 3903//3903 556//556 558//558
f 3903//3903 558//558 3904//3904
f 558//558 560//560 3904//3904
f 3904//3904 560//560 562//562
f 3904//3904 562//562 3905//3905
f 562//562 564//564 3905//3905
f 3905//3905 564//564 566//566
f 3905//3905 566//566 3906//3906
f 3906//3906 566//566 568//568
f 3906//3906 568//568 3907//3907
f 568//568 570//570 3907//3907
f 3907//3907 570//570 572//572
f 3907//3907 572//572 3926//3926
f 572//572 574//574 3926//3926
f 3926//3926 574//574 576//576
f 3926//3926 576//576 3927//3927
f 3927//3927 576//576 578//578
f 3927//3927 578//578 3928//3928
f 578//578 580//580 3928//3928
f 3928//3928 580//580 582//582
f 3928//3928 582//582 3983//3983
f 582//582 584//584 3983//3983
f 3983//3983 584//584 586//586
f 3983//3983 586//586 3984//3984
f 586//586 588//588 3984//3984
f 3984//3984 588//588 590//590
f 3984//3984 590//590 3971//3971
f 3971//3971 590//590 844//844
f 3971//3971 844//844 3972//3972
f 844//844 842//842 3972//3972
f 3972//3972 842//842 840//840
f 3972//3972 840//840 3973//3973
f 840//840 838//838 3973//3973
f 3973//3973 838//838 836//836
f 3973//3973 836//836 3864//3864
f 3864//3864 836//836 834//834
f 3864//3864 834//834 3865//3865
f 834//834 832//832 3865//3865
f 3865//3865 832//832 830//830
f 3865//3865 830//830 3866//3866
f 830//830 828//828 3866//3866
f 3866//3866 828//828 826//826
f 3866//3866 826//826 3841//3841
f 826//826 824//824 3841//3841
f 3841//3841 824//824 822//822
f 3841//3841 822//822 3842//3842
f 3842//3842 822//822 820//820
f 3842//3842 820//820 3843//3843
f 820//820 818//818 3843//3843
f 3843//3843 818//818 816//816
f 3843//3843 816//816 3787//3787
f 816//816 814//814 3787//3787
f 3787//3787 814//814 812//812
f 3787//3787 812//812 3788//3788
f 3788//3788 812//812 810//810
f 3788//3788 810//810 3789//3789
f 810//810 808//808 3789//3789
f 3789//3789 808//808 806//806
f 3789//3789 806//806 3794//3794
f 3794//3794 806//806 804//804
f 3794//3794 804//804 3795//3795
f 3795//3795 804//804 802//802
f 3795//3795 802//802 3796//3796
f 3796//3796 802//802 800//800
f 3796//3796 800//800 798//798
f 3626//3626 2429//2429 3627//3627
f 3627//3627 2429//2429 2428//2428
f 3627//3627 2428//2428 3628//3628
f 3628//3628 2428//2428 2427//2427
f 3628//3628 2427//2427 3629//3629
f 3629//3629 2427//2427 2426//2426
f 3629//3629 2426//2426 3630//3630
f 3630//3630 2426//2426 2425//2425
f 3630//3630 2425//2425 3631//3631
f 3631//3631 2425//2425 2424//2424
f 3631//3631 2424//2424 3632//3632
f 3632//3632 2424//2424 2423//2423
f 3632//3632 2423//2423 3633//3633
f 3633//3633 2423//2423 2414//2414
f 3633//3633 2414//2414 3634//3634
f 3634//3634 2414//2414 2413//2413
f 3634//3634 2413//2413 3635//3635
f 3635//3635 2413//2413 2412//2412
f 3635//3635 2412//2412 3636//3636
f 3636//3636 2412//2412 2278//2278
f 3636//3636 2278//2278 3637//3637
f 3637//3637 2278//2278 2277//2277
f 3637//3637 2277//2277 3638//3638
f 3638//3638 2277//2277 2391//2391
f 3638//3638 2391//2391 3639//3639
f 3639//3639 2391//2391 2390//2390
f 3639//3639 2390//2390 3640//3640
f 3640//3640 2390//2390 2369//2369
f 3640//3640 2369//2369 3641//3641
f 3641//3641 2369//2369 2368//2368
f 3641//3641 2368//2368 3642//3642
f 3642//3642 2368//2368 2367//2367
f 3642//3642 2367//2367 3571//3571
f 3571//3571 2367//2367 2304//2304
f 3571//3571 2304//2304 3572//3572
f 3572//3572 2304//2304 2303//2303
f 3572//3572 2303//2303 3573//3573
f 3573//3573 2303//2303 2302//2302
f 3573//3573 2302//2302 3574//3574
f 3574//3574 2302//2302 2359//2359
f 3574//3574 2359//2359 3575//3575
f 3575//3575 2359//2359 2358//2358
f 3575//3575 2358//2358 3576//3576
f 3576//3576 2358//2358 2280//2280
f 3576//3576 2280//2280 3577//3577
f 3577//3577 2280//2280 2281//2281
f 3577//3577 2281//2281 3578//3578
f 3578//3578 2281//2281 2282//2282
f 3578//3578 2282//2282 3579//3579
f 3579//3579 2282//2282 2357//2357
f 3579//3579 2357//2357 3580//3580
f 3580//3580 2357//2357 2356//2356
f 3580//3580 2356//2356 3581//3581
f 3581//3581 2356//2356 2301//2301
f 3581//3581 2301//2301 3582//3582
f 3582//3582 2301//2301 2300//2300
f 3582//3582 2300//2300 3583//3583
f 3583//3583 2300//2300 2334//2334
f 3583//3583 2334//2334 3584//3584
f 3584//3584 2334//2334 2407//2407
f 3584//3584 2407//2407 3585//3585
f 3585//3585 2407//2407 2406//2406
f 3585//3585 2406//2406 3586//3586
f 3586//3586 2406//2406 2397//2397
f 3586//3586 2397//2397 3587//3587
f 3587//3587 2397//2397 2396//2396
f 3587//3587 2396//2396 3588//3588
f 3588//3588 2396//2396 2395//2395
f 3588//3588 2395//2395 3589//3589
f 3589//3589 2395//2395 2355//2355
f 3589//3589 2355//2355 3590//3590
f 3590//3590 2355//2355 2354//2354
f 3590//3590 2354//2354 3591//3591
f 3591//3591 2354//2354 2353//2353
f 3591//3591 2353//2353 3592//3592
f 3592//3592 2353//2353 2352//2352
f 3592//3592 2352//2352 3593//3593
f 3593//3593 2352//2352 2351//2351
f 3593//3593 2351//2351 3594//3594
f 3594//3594 2351//2351 2350//2350
f 3594//3594 2350//2350 3595//3595
f 3595//3595 2350//2350 2268//2268
f 3595//3595 2268//2268 3596//3596
f 3596//3596 2268//2268 2267//2267
f 3596//3596 2267//2267 3597//3597
f 3597//3597 2267//2267 2333//2333
f 3597//3597 2333//2333 3598//3598
f 3598//3598 2333//2333 2332//2332
f 3598//3598 2332//2332 3599//3599
f 3599//3599 2332//2332 2299//2299
f 3599//3599 2299//2299 3600//3600
f 3600//3600 2299//2299 2298//2298
f 3600//3600 2298//2298 3601//3601
f 3601//3601 2298//2298 2437//2437
f 3601//3601 2437//2437 3602//3602
f 3602//3602 2437//2437 2436//2436
f 3602//3602 2436//2436 3603//3603
f 3603//3603 2436//2436 2435//2435
f 3603//3603 2435//2435 3604//3604
f 3604//3604 2435//2435 2516//2516
f 3604//3604 2516//2516 3605//3605
f 3605//3605 2516//2516 2508//2508
f 3605//3605 2508//2508 3606//3606
f 3606//3606 2508//2508 2506//2506
f 3606//3606 2506//2506 3607//3607
f 3607//3607 2506//2506 2505//2505
f 3607//3607 2505//2505 3608//3608
f 3608//3608 2505//2505 2393//2393
f 3608//3608 2393//2393 3609//3609
f 3609//3609 2393//2393 2392//2392
f 3609//3609 2392//2392 3610//3610
f 3610//3610 2392//2392 2375//2375
f 3610//3610 2375//2375 3611//3611
f 3611//3611 2375//2375 2374//2374
f 3611//3611 2374//2374 3612//3612
f 3612//3612 2374//2374 2373//2373
f 3612//3612 2373//2373 3613//3613
f 3613//3613 2373//2373 2371//2371
f 3613//3613 2371//2371 3614//3614
f 3614//3614 2371//2371 2370//2370
f 3614//3614 2370//2370 3615//3615
f 3615//3615 2370//2370 2328//2328
f 3615//3615 2328//2328 3616//3616
f 3616//3616 2328//2328 2327//2327
f 3616//3616 2327//2327 3617//3617
f 3617//3617 2327//2327 2297//2297
f 3617//3617 2297//2297 3618//3618
f 3618//3618 2297//2297 2345//2345
f 3618//3618 2345//2345 3619//3619
f 3619//3619 2345//2345 2347//2347
f 3619//3619 2347//2347 3620//3620
f 3620//3620 2347//2347 2349//2349
f 3620//3620 2349//2349 3621//3621
f 3621//3621 2349//2349 2434//2434
f 3621//3621 2434//2434 3622//3622
f 3622//3622 2434//2434 2451//2451
f 3622//3622 2451//2451 3623//3623
f 3623//3623 2451//2451 2450//2450
f 3623//3623 2450//2450 3624//3624
f 3624//3624 2450//2450 2431//2431
f 3624//3624 2431//2431 3625//3625
f 3625//3625 2431//2431 2430//2430
f 3625//3625 2430//2430 3626//3626
f 3626//3626 2430//2430 2429//2429
f 3770//3770 2480//2480 3771//3771
f 3771//3771 2480//2480 2479//2479
f 3771//3771 2479//2479 3772//3772
f 3772//3772 2479//2479 2478//2478
f 3772//3772 2478//2478 3773//3773
f 3773//3773 2478//2478 2477//2477
f 3773//3773 2477//2477 3774//3774
f 3774//3774 2477//2477 2476//2476
f 3774//3774 2476//2476 3775//3775
f 3775//3775 2476//2476 2475//2475
f 3775//3775 2475//2475 3776//3776
f 3776//3776 2475//2475 2469//2469
f 3776//3776 2469//2469 3777//3777
f 3777//3777 2469//2469 2468//2468
f 3777//3777 2468//2468 3778//3778
f 3778//3778 2468//2468 2467//2467
f 3778//3778 2467//2467 3779//3779
f 3779//3779 2467//2467 2405//2405
f 3779//3779 2405//2405 3780//3780
f 3780//3780 2405//2405 2404//2404
f 3780//3780 2404//2404 3781//3781
f 3781//3781 2404//2404 2466//2466
f 3781//3781 2466//2466 3782//3782
f 3782//3782 2466//2466 2465//2465
f 3782//3782 2465//2465 3783//3783
f 3783//3783 2465//2465 2464//2464
f 3783//3783 2464//2464 3784//3784
f 3784//3784 2464//2464 2433//2433
f 3784//3784 2433//2433 3785//3785
f 3785//3785 2433//2433 2432//2432
f 3785//3785 2432//2432 3786//3786
f 3786//3786 2432//2432 2348//2348
f 3786//3786 2348//2348 3715//3715
f 3715//3715 2348//2348 2346//2346
f 3715//3715 2346//2346 3716//3716
f 3716//3716 2346//2346 2296//2296
f 3716//3716 2296//2296 3717//3717
f 3717//3717 2296//2296 2295//2295
f 3717//3717 2295//2295 3718//3718
f 3718//3718 2295//2295 2366//2366
f 3718//3718 2366//2366 3719//3719
f 3719//3719 2366//2366 2365//2365
f 3719//3719 2365//2365 3720//3720
f 3720//3720 2365//2365 2331//2331
f 3720//3720 2331//2331 3721//3721
f 3721//3721 2331//2331 2330//2330
f 3721//3721 2330//2330 3722//3722
f 3722//3722 2330//2330 2329//2329
f 3722//3722 2329//2329 3723//3723
f 3723//3723 2329//2329 2325//2325
f 3723//3723 2325//2325 3724//3724
f 3724//3724 2325//2325 2326//2326
f 3724//3724 2326//2326 3725//3725
f 3725//3725 2326//2326 2372//2372
f 3725//3725 2372//2372 3726//3726
f 3726//3726 2372//2372 2376//2376
f 3726//3726 2376//2376 3727//3727
f 3727//3727 2376//2376 2394//2394
f 3727//3727 2394//2394 3728//3728
f 3728//3728 2394//2394 2507//2507
f 3728//3728 2507//2507 3729//3729
f 3729//3729 2507//2507 2515//2515
f 3729//3729 2515//2515 3730//3730
f 3730//3730 2515//2515 2514//2514
f 3730//3730 2514//2514 3731//3731
f 3731//3731 2514//2514 2504//2504
f 3731//3731 2504//2504 3732//3732
f 3732//3732 2504//2504 2503//2503
f 3732//3732 2503//2503 3733//3733
f 3733//3733 2503//2503 2502//2502
f 3733//3733 2502//2502 3734//3734
f 3734//3734 2502//2502 2492//2492
f 3734//3734 2492//2492 3735//3735
f 3735//3735 2492//2492 2491//2491
f 3735//3735 2491//2491 3736//3736
f 3736//3736 2491//2491 2501//2501
f 3736//3736 2501//2501 3737//3737
f 3737//3737 2501//2501 2500//2500
f 3737//3737 2500//2500 3738//3738
f 3738//3738 2500//2500 2499//2499
f 3738//3738 2499//2499 3739//3739
f 3739//3739 2499//2499 2511//2511
f 3739//3739 2511//2511 3740//3740
f 3740//3740 2511//2511 2510//2510
f 3740//3740 2510//2510 3741//3741
f 3741//3741 2510//2510 2509//2509
f 3741//3741 2509//2509 3742//3742
f 3742//3742 2509//2509 2513//2513
f 3742//3742 2513//2513 3743//3743
f 3743//3743 2513//2513 2512//2512
f 3743//3743 2512//2512 3744//3744
f 3744//3744 2512//2512 2457//2457
f 3744//3744 2457//2457 3745//3745
f 3745//3745 2457//2457 2456//2456
f 3745//3745 2456//2456 3746//3746
f 3746//3746 2456//2456 2474//2474
f 3746//3746 2474//2474 3747//3747
f 3747//3747 2474//2474 2498//2498
f 3747//3747 2498//2498 3748//3748
f 3748//3748 2498//2498 2497//2497
f 3748//3748 2497//2497 3749//3749
f 3749//3749 2497//2497 2496//2496
f 3749//3749 2496//2496 3750//3750
f 3750//3750 2496//2496 2495//2495
f 3750//3750 2495//2495 3751//3751
f 3751//3751 2495//2495 2494//2494
f 3751//3751 2494//2494 3752//3752
f 3752//3752 2494//2494 2493//2493
f 3752//3752 2493//2493 3753//3753
f 3753//3753 2493//2493 2473//2473
f 3753//3753 2473//2473 3754//3754
f 3754//3754 2473//2473 2472//2472
f 3754//3754 2472//2472 3755//3755
f 3755//3755 2472//2472 2490//2490
f 3755//3755 2490//2490 3756//3756
f 3756//3756 2490//2490 2489//2489
f 3756//3756 2489//2489 3757//3757
f 3757//3757 2489//2489 2488//2488
f 3757//3757 2488//2488 3758//3758
f 3758//3758 2488//2488 2487//2487
f 3758//3758 2487//2487 3759//3759
f 3759//3759 2487//2487 2486//2486
f 3759//3759 2486//2486 3760//3760
f 3760//3760 2486//2486 2485//2485
f 3760//3760 2485//2485 3761//3761
f 3761//3761 2485//2485 2484//2484
f 3761//3761 2484//2484 3762//3762
f 3762//3762 2484//2484 2483//2483
f 3762//3762 2483//2483 3763//3763
f 3763//3763 2483//2483 2455//2455
f 3763//3763 2455//2455 3764//3764
f 3764//3764 2455//2455 2453//2453
f 3764//3764 2453//2453 3765//3765
f 3765//3765 2453//2453 2452//2452
f 3765//3765 2452//2452 3766//3766
f 3766//3766 2452//2452 2482//2482
f 3766//3766 2482//2482 3767//3767
f 3767//3767 2482//2482 2481//2481
f 3767//3767 2481//2481 3768//3768
f 3768//3768 2481//2481 2471//2471
f 3768//3768 2471//2471 3769//3769
f 3769//3769 2471//2471 2470//2470
f 3769//3769 2470//2470 3770//3770
f 3770//3770 2470//2470 2480//2480
f 1339//1339 1341//1341 1604//1604
f 1604//1604 1341//1341 2266//2266
f 1604//1604 2266//2266 1628//1628
f 1628//1628 2266//2266 2265//2265
f 1628//1628 2265//2265 1629//1629
f 1629//1629 2265//2265 2264//2264
f 1629//1629 2264//2264 1630//1630
f 1630//1630 2264//2264 2263//2263
f 1630//1630 2263//2263 1631//1631
f 1631//1631 2263//2263 2262//2262
f 1631//1631 2262//2262 1632//1632
f 1632//1632 2262//2262 2261//2261
f 1632//1632 2261//2261 1633//1633
f 1633//1633 2261//2261 2252//2252
f 1633//1633 2252//2252 1634//1634
f 1634//1634 2252//2252 2251//2251
f 1634//1634 2251//2251 1635//1635
f 1635//1635 2251//2251 2294//2294
f 1635//1635 2294//2294 1636//1636
f 1636//1636 2294//2294 2293//2293
f 1636//1636 2293//2293 1637//1637
f 1637//1637 2293//2293 2260//2260
f 1637//1637 2260//2260 1638//1638
f 1638//1638 2260//2260 2259//2259
f 1638//1638 2259//2259 1639//1639
f 1639//1639 2259//2259 2314//2314
f 1639//1639 2314//2314 1640//1640
f 1640//1640 2314//2314 2313//2313
f 1640//1640 2313//2313 1641//1641
f 1641//1641 2313//2313 2249//2249
f 1641//1641 2249//2249 1642//1642
f 1642//1642 2249//2249 2248//2248
f 1642//1642 2248//2248 1643//1643
f 1643//1643 2248//2248 2336//2336
f 1643//1643 2336//2336 1644//1644
f 1644//1644 2336//2336 2335//2335
f 1644//1644 2335//2335 1645//1645
f 1645//1645 2335//2335 2312//2312
f 1645//1645 2312//2312 1646//1646
f 1646//1646 2312//2312 2311//2311
f 1646//1646 2311//2311 1647//1647
f 1647//1647 2311//2311 2310//2310
f 1647//1647 2310//2310 1648//1648
f 1648//1648 2310//2310 2273//2273
f 1648//1648 2273//2273 1649//1649
f 1649//1649 2273//2273 2272//2272
f 1649//1649 2272//2272 1650//1650
f 1650//1650 2272//2272 2309//2309
f 1650//1650 2309//2309 1651//1651
f 1651//1651 2309//2309 2308//2308
f 1651//1651 2308//2308 1652//1652
f 1652//1652 2308//2308 2307//2307
f 1652//1652 2307//2307 1653//1653
f 1653//1653 2307//2307 2292//2292
f 1653//1653 2292//2292 1654//1654
f 1654//1654 2292//2292 2291//2291
f 1654//1654 2291//2291 1655//1655
f 1655//1655 2291//2291 2290//2290
f 1655//1655 2290//2290 1656//1656
f 1656//1656 2290//2290 2289//2289
f 1656//1656 2289//2289 1657//1657
f 1657//1657 2289//2289 2306//2306
f 1657//1657 2306//2306 1658//1658
f 1658//1658 2306//2306 2305//2305
f 1658//1658 2305//2305 1659//1659
f 1659//1659 2305//2305 2288//2288
f 1659//1659 2288//2288 1660//1660
f 1660//1660 2288//2288 2287//2287
f 1660//1660 2287//2287 1661//1661
f 1661//1661 2287//2287 2286//2286
f 1661//1661 2286//2286 1662//1662
f 1662//1662 2286//2286 2245//2245
f 1662//1662 2245//2245 1663//1663
f 1663//1663 2245//2245 2244//2244
f 1663//1663 2244//2244 1664//1664
f 1664//1664 2244//2244 2247//2247
f 1664//1664 2247//2247 1665//1665
f 1665//1665 2247//2247 2271//2271
f 1665//1665 2271//2271 1666//1666
f 1666//1666 2271//2271 2270//2270
f 1666//1666 2270//2270 1667//1667
f 1667//1667 2270//2270 2258//2258
f 1667//1667 2258//2258 1668//1668
f 1668//1668 2258//2258 2257//2257
f 1668//1668 2257//2257 1669//1669
f 1669//1669 2257//2257 2256//2256
f 1669//1669 2256//2256 1670//1670
f 1670//1670 2256//2256 2255//2255
f 1670//1670 2255//2255 1671//1671
f 1671//1671 2255//2255 2285//2285
f 1671//1671 2285//2285 1672//1672
f 1672//1672 2285//2285 2284//2284
f 1672//1672 2284//2284 1673//1673
f 1673//1673 2284//2284 2283//2283
f 1673//1673 2283//2283 1674//1674
f 1674//1674 2283//2283 2253//2253
f 1674//1674 2253//2253 1675//1675
f 1675//1675 2253//2253 2254//2254
f 1675//1675 2254//2254 1345//1345
f 1345//1345 2254//2254 1343//1343
f 2914//2914 637//637 2923//2923
f 2923//2923 637//637 639//639
f 2923//2923 639//639 2924//2924
f 639//639 641//641 2924//2924
f 2924//2924 641//641 643//643
f 2924//2924 643//643 2925//2925
f 643//643 645//645 2925//2925
f 2925//2925 645//645 647//647
f 2925//2925 647//647 2935//2935
f 647//647 649//649 2935//2935
f 2935//2935 649//649 651//651
f 2935//2935 651//651 2936//2936
f 2936//2936 651//651 653//653
f 2936//2936 653//653 2937//2937
f 653//653 655//655 2937//2937
f 2937//2937 655//655 657//657
f 2937//2937 657//657 2961//2961
f 657//657 659//659 2961//2961
f 2961//2961 659//659 661//661
f 2961//2961 661//661 2962//2962
f 2962//2962 661//661 663//663
f 2962//2962 663//663 2963//2963
f 663//663 665//665 2963//2963
f 2963//2963 665//665 667//667
f 2963//2963 667//667 2997//2997
f 667//667 669//669 2997//2997
f 2997//2997 669//669 671//671
f 2997//2997 671//671 2998//2998
f 671//671 673//673 2998//2998
f 2998//2998 673//673 675//675
f 2998//2998 675//675 2982//2982
f 2982//2982 675//675 677//677
f 2982//2982 677//677 2983//2983
f 677//677 679//679 2983//2983
f 2983//2983 679//679 681//681
f 2983//2983 681//681 2984//2984
f 681//681 683//683 2984//2984
f 2984//2984 683//683 685//685
f 2984//2984 685//685 2938//2938
f 2938//2938 685//685 687//687
f 2938//2938 687//687 2939//2939
f 687//687 689//689 2939//2939
f 2939//2939 689//689 691//691
f 2939//2939 691//691 2910//2910
f 691//691 693//693 2910//2910
f 2910//2910 693//693 695//695
f 2910//2910 695//695 2911//2911
f 695//695 697//697 2911//2911
f 2911//2911 697//697 699//699
f 2911//2911 699//699 2915//2915
f 2915//2915 699//699 701//701
f 2915//2915 701//701 2916//2916
f 701//701 703//703 2916//2916
f 2916//2916 703//703 705//705
f 2916//2916 705//705 2917//2917
f 705//705 707//707 2917//2917
f 2917//2917 707//707 709//709
f 2917//2917 709//709 2976//2976
f 2976//2976 709//709 711//711
f 2976//2976 711//711 2975//2975
f 711//711 713//713 2975//2975
f 2975//2975 713//713 715//715
f 2975//2975 715//715 2974//2974
f 2974//2974 715//715 717//717
f 2974//2974 717//717 2985//2985
f 717//717 719//719 2985//2985
f 2985//2985 719//719 721//721
f 2985//2985 721//721 2986//2986
f 2986//2986 721//721 723//723
f 2986//2986 723//723 2966//2966
f 723//723 725//725 2966//2966
f 2966//2966 725//725 727//727
f 2966//2966 727//727 2965//2965
f 727//727 729//729 2965//2965
f 2965//2965 729//729 731//731
f 2965//2965 731//731 2964//2964
f 2964//2964 731//731 733//733
f 2964//2964 733//733 2967//2967
f 733//733 735//735 2967//2967
f 2967//2967 735//735 737//737
f 2967//2967 737//737 2968//2968
f 737//737 739//739 2968//2968
f 2968//2968 739//739 741//741
f 2968//2968 741//741 2926//2926
f 2926//2926 741//741 743//743
f 2926//2926 743//743 2927//2927
f 743//743 745//745 2927//2927
f 2927//2927 745//745 747//747
f 2927//2927 747//747 2940//2940
f 747//747 749//749 2940//2940
f 2940//2940 749//749 751//751
f 2940//2940 751//751 2941//2941
f 751//751 753//753 2941//2941
f 2941//2941 753//753 755//755
f 2941//2941 755//755 2942//2942
f 2942//2942 755//755 757//757
f 2942//2942 757//757 2943//2943
f 757//757 759//759 2943//2943
f 2943//2943 759//759 761//761
f 2943//2943 761//761 2944//2944
f 761//761 763//763 2944//2944
f 2944//2944 763//763 765//765
f 2944//2944 765//765 2945//2945
f 2945//2945 765//765 767//767
f 2945//2945 767//767 2969//2969
f 767//767 769//769 2969//2969
f 2969//2969 769//769 771//771
f 2969//2969 771//771 2970//2970
f 771//771 773//773 2970//2970
f 2970//2970 773//773 775//775
f 2970//2970 775//775 2971//2971
f 775//775 777//777 2971//2971
f 2971//2971 777//777 779//779
f 2971//2971 779//779 2977//2977
f 2977//2977 779//779 781//781
f 2977//2977 781//781 2978//2978
f 781//781 783//783 2978//2978
f 2978//2978 783//783 785//785
f 2978//2978 785//785 2979//2979
f 785//785 787//787 2979//2979
f 2979//2979 787//787 789//789
f 2979//2979 789//789 2972//2972
f 2972//2972 789//789 791//791
f 2972//2972 791//791 2973//2973
f 791//791 793//793 2973//2973
f 2973//2973 793//793 795//795
f 2973//2973 795//795 3015//3015
f 795//795 797//797 3015//3015
f 3015//3015 797//797 799//799
f 3015//3015 799//799 3016//3016
f 799//799 801//801 3016//3016
f 3016//3016 801//801 803//803
f 3016//3016 803//803 2999//2999
f 2999//2999 803//803 805//805
f 2999//2999 805//805 3000//3000
f 805//805 807//807 3000//3000
f 3000//3000 807//807 809//809
f 3000//3000 809//809 3001//3001
f 809//809 811//811 3001//3001
f 3001//3001 811//811 813//813
f 3001//3001 813//813 2946//2946
f 2946//2946 813//813 815//815
f 2946//2946 815//815 2947//2947
f 815//815 817//817 2947//2947
f 2947//2947 817//817 819//819
f 2947//2947 819//819 2948//2948
f 819//819 821//821 2948//2948
f 2948//2948 821//821 823//823
f 2948//2948 823//823 2928//2928
f 823//823 825//825 2928//2928
f 2928//2928 825//825 827//827
f 2928//2928 827//827 2929//2929
f 2929//2929 827//827 829//829
f 2929//2929 829//829 2930//2930
f 829//829 831//831 2930//2930
f 2930//2930 831//831 833//833
f 2930//2930 833//833 2931//2931
f 833//833 835//835 2931//2931
f 2931//2931 835//835 837//837
f 2931//2931 837//837 2987//2987
f 2987//2987 837//837 839//839
f 2987//2987 839//839 2988//2988
f 839//839 841//841 2988//2988
f 2988//2988 841//841 843//843
f 2988//2988 843//843 2989//2989
f 2989//2989 843//843 589//589
f 2989//2989 589//589 3002//3002
f 589//589 587//587 3002//3002
f 3002//3002 587//587 585//585
f 3002//3002 585//585 3003//3003
f 3003//3003 585//585 583//583
f 3003//3003 583//583 2949//2949
f 583//583 581//581 2949//2949
f 2949//2949 581//581 579//579
f 2949//2949 579//579 2950//2950
f 579//579 577//577 2950//2950
f 2950//2950 577//577 575//575
f 2950//2950 575//575 2980//2980
f 2980//2980 575//575 573//573
f 2980//2980 573//573 2981//2981
f 573//573 571//571 2981//2981
f 2981//2981 571//571 569//569
f 2981//2981 569//569 2951//2951
f 569//569 567//567 2951//2951
f 2951//2951 567//567 565//565
f 2951//2951 565//565 2952//2952
f 2952//2952 565//565 563//563
f 2952//2952 563//563 2953//2953
f 563//563 561//561 2953//2953
f 2953//2953 561//561 559//559
f 2953//2953 559//559 2954//2954
f 559//559 557//557 2954//2954
f 2954//2954 557//557 555//555
f 2954//2954 555//555 2955//2955
f 555//555 553//553 2955//2955
f 2955//2955 553//553 551//551
f 2955//2955 551//551 2918//2918
f 2918//2918 551//551 549//549
f 2918//2918 549//549 2919//2919
f 549//549 547//547 2919//2919
f 2919//2919 547//547 545//545
f 2919//2919 545//545 2956//2956
f 545//545 543//543 2956//2956
f 2956//2956 543//543 541//541
f 2956//2956 541//541 2957//2957
f 2957//2957 541//541 539//539
f 2957//2957 539//539 2958//2958
f 539//539 537//537 2958//2958
f 2958//2958 537//537 535//535
f 2958//2958 535//535 2990//2990
f 535//535 533//533 2990//2990
f 2990//2990 533//533 531//531
f 2990//2990 531//531 2991//2991
f 531//531 529//529 2991//2991
f 2991//2991 529//529 527//527
f 2991//2991 527//527 2993//2993
f 2993//2993 527//527 525//525
f 2993//2993 525//525 2995//2995
f 525//525 523//523 2995//2995
f 2995//2995 523//523 521//521
f 2995//2995 521//521 3005//3005
f 521//521 519//519 3005//3005
f 3005//3005 519//519 517//517
f 3005//3005 517//517 3007//3007
f 3007//3007 517//517 515//515
f 3007//3007 515//515 3012//3012
f 515//515 513//513 3012//3012
f 3012//3012 513//513 511//511
f 3012//3012 511//511 3025//3025
f 511//511 509//509 3025//3025
f 3025//3025 509//509 507//507
f 3025//3025 507//507 3024//3024
f 507//507 505//505 3024//3024
f 3024//3024 505//505 504//504
f 3024//3024 504//504 3021//3021
f 3021//3021 504//504 591//591
f 3021//3021 591//591 3019//3019
f 591//591 593//593 3019//3019
f 3019//3019 593//593 595//595
f 3019//3019 595//595 2921//2921
f 595//595 597//597 2921//2921
f 2921//2921 597//597 599//599
f 2921//2921 599//599 2922//2922
f 2922//2922 599//599 601//601
f 2922//2922 601//601 2959//2959
f 601//601 603//603 2959//2959
f 2959//2959 603//603 605//605
f 2959//2959 605//605 2960//2960
f 605//605 607//607 2960//2960
f 2960//2960 607//607 609//609
f 2960//2960 609//609 2932//2932
f 609//609 611//611 2932//2932
f 2932//2932 611//611 613//613
f 2932//2932 613//613 2933//2933
f 2933//2933 613//613 615//615
f 2933//2933 615//615 2934//2934
f 615//615 617//617 2934//2934
f 2934//2934 617//617 619//619
f 2934//2934 619//619 2908//2908
f 619//619 621//621 2908//2908
f 2908//2908 621//621 623//623
f 2908//2908 623//623 2909//2909
f 2909//2909 623//623 625//625
f 2909//2909 625//625 2912//2912
f 625//625 627//627 2912//2912
f 2912//2912 627//627 629//629
f 2912//2912 629//629 2913//2913
f 2913//2913 629//629 631//631
f 2913//2913 631//631 633//633
f 2913//2913 633//633 2914//2914
f 2914//2914 633//633 635//635
f 2914//2914 635//635 637//637
f 124//124 3336//3336 125//125
f 125//125 3336//3336 3339//3339
f 125//125 3339//3339 126//126
f 3339//3339 3340//3340 126//126
f 126//126 3340//3340 3341//3341
f 126//126 3341//3341 79//79
f 3341//3341 3342//3342 79//79
f 79//79 3342//3342 3344//3344
f 79//79 3344//3344 80//80
f 3344//3344 3343//3343 80//80
f 80//80 3343//3343 3346//3346
f 80//80 3346//3346 81//81
f 81//81 3346//3346 3345//3345
f 81//81 3345//3345 82//82
f 3345//3345 3350//3350 82//82
f 82//82 3350//3350 3349//3349
f 82//82 3349//3349 83//83
f 3349//3349 3348//3348 83//83
f 83//83 3348//3348 3347//3347
f 83//83 3347//3347 84//84
f 84//84 3347//3347 3351//3351
f 84//84 3351//3351 85//85
f 3351//3351 3352//3352 85//85
f 85//85 3352//3352 3353//3353
f 85//85 3353//3353 86//86
f 3353//3353 3354//3354 86//86
f 86//86 3354//3354 3356//3356
f 86//86 3356//3356 127//127
f 3356//3356 3355//3355 127//127
f 127//127 3355//3355 3358//3358
f 127//127 3358//3358 87//87
f 87//87 3358//3358 3357//3357
f 87//87 3357//3357 88//88
f 3357//3357 3362//3362 88//88
f 88//88 3362//3362 3361//3361
f 88//88 3361//3361 164//164
f 3361//3361 3360//3360 164//164
f 164//164 3360//3360 3359//3359
f 164//164 3359//3359 165//165
f 165//165 3359//3359 3363//3363
f 165//165 3363//3363 166//166
f 3363//3363 3364//3364 166//166
f 166//166 3364//3364 3365//3365
f 166//166 3365//3365 189//189
f 3365//3365 3366//3366 189//189
f 189//189 3366//3366 3368//3368
f 189//189 3368//3368 172//172
f 3368//3368 3367//3367 172//172
f 172//172 3367//3367 3370//3370
f 172//172 3370//3370 173//173
f 173//173 3370//3370 3369//3369
f 173//173 3369//3369 169//169
f 3369//3369 3374//3374 169//169
f 169//169 3374//3374 3373//3373
f 169//169 3373//3373 134//134
f 3373//3373 3372//3372 134//134
f 134//134 3372//3372 3371//3371
f 134//134 3371//3371 206//206
f 206//206 3371//3371 3375//3375
f 206//206 3375//3375 207//207
f 3375//3375 3376//3376 207//207
f 207//207 3376//3376 3377//3377
f 207//207 3377//3377 209//209
f 209//209 3377//3377 3378//3378
f 209//209 3378//3378 210//210
f 210//210 3378//3378 3379//3379
f 210//210 3379//3379 195//195
f 3379//3379 3380//3380 195//195
f 195//195 3380//3380 3385//3385
f 195//195 3385//3385 196//196
f 3385//3385 3384//3384 196//196
f 196//196 3384//3384 3383//3383
f 196//196 3383//3383 139//139
f 3383//3383 3382//3382 139//139
f 139//139 3382//3382 3381//3381
f 139//139 3381//3381 137//137
f 137//137 3381//3381 3386//3386
f 137//137 3386//3386 176//176
f 3386//3386 3335//3335 176//176
f 176//176 3335//3335 3334//3334
f 176//176 3334//3334 92//92
f 3334//3334 3387//3387 92//92
f 92//92 3387//3387 3388//3388
f 92//92 3388//3388 93//93
f 93//93 3388//3388 3389//3389
f 93//93 3389//3389 143//143
f 3389//3389 3390//3390 143//143
f 143//143 3390//3390 3395//3395
f 143//143 3395//3395 144//144
f 3395//3395 3394//3394 144//144
f 144//144 3394//3394 3393//3393
f 144//144 3393//3393 145//145
f 3393//3393 3392//3392 145//145
f 145//145 3392//3392 3391//3391
f 145//145 3391//3391 201//201
f 201//201 3391//3391 3396//3396
f 201//201 3396//3396 202//202
f 3396//3396 3333//3333 202//202
f 202//202 3333//3333 3332//3332
f 202//202 3332//3332 94//94
f 3332//3332 3397//3397 94//94
f 94//94 3397//3397 3398//3398
f 94//94 3398//3398 95//95
f 95//95 3398//3398 3399//3399
f 95//95 3399//3399 177//177
f 3399//3399 3400//3400 177//177
f 177//177 3400//3400 3405//3405
f 177//177 3405//3405 178//178
f 3405//3405 3404//3404 178//178
f 178//178 3404//3404 3403//3403
f 178//178 3403//3403 179//179
f 3403//3403 3402//3402 179//179
f 179//179 3402//3402 3401//3401
f 179//179 3401//3401 180//180
f 180//180 3401//3401 3406//3406
f 180//180 3406//3406 181//181
f 3406//3406 3331//3331 181//181
f 181//181 3331//3331 3330//3330
f 181//181 3330//3330 182//182
f 3330//3330 3407//3407 182//182
f 182//182 3407//3407 3408//3408
f 182//182 3408//3408 96//96
f 96//96 3408//3408 3409//3409
f 96//96 3409//3409 18//18
f 3409//3409 3410//3410 18//18
f 18//18 3410//3410 3415//3415
f 18//18 3415//3415 19//19
f 3415//3415 3414//3414 19//19
f 19//19 3414//3414 3413//3413
f 19//19 3413//3413 146//146
f 3413//3413 3412//3412 146//146
f 146//146 3412//3412 3411//3411
f 146//146 3411//3411 147//147
f 147//147 3411//3411 3416//3416
f 147//147 3416//3416 148//148
f 3416//3416 3329//3329 148//148
f 148//148 3329//3329 3328//3328
f 148//148 3328//3328 149//149
f 3328//3328 3417//3417 149//149
f 149//149 3417//3417 3418//3418
f 149//149 3418//3418 150//150
f 150//150 3418//3418 3419//3419
f 150//150 3419//3419 151//151
f 3419//3419 3420//3420 151//151
f 151//151 3420//3420 3425//3425
f 151//151 3425//3425 183//183
f 3425//3425 3424//3424 183//183
f 183//183 3424//3424 3423//3423
f 183//183 3423//3423 184//184
f 3423//3423 3422//3422 184//184
f 184//184 3422//3422 3421//3421
f 184//184 3421//3421 46//46
f 46//46 3421//3421 3427//3427
f 46//46 3427//3427 16//16
f 3427//3427 3426//3426 16//16
f 16//16 3426//3426 3429//3429
f 16//16 3429//3429 17//17
f 3429//3429 3428//3428 17//17
f 17//17 3428//3428 3433//3433
f 17//17 3433//3433 47//47
f 47//47 3433//3433 3432//3432
f 47//47 3432//3432 48//48
f 3432//3432 3431//3431 48//48
f 48//48 3431//3431 3430//3430
f 48//48 3430//3430 49//49
f 49//49 3430//3430 3434//3434
f 49//49 3434//3434 97//97
f 97//97 3434//3434 3435//3435
f 97//97 3435//3435 98//98
f 3435//3435 3436//3436 98//98
f 98//98 3436//3436 3440//3440
f 98//98 3440//3440 27//27
f 3440//3440 3439//3439 27//27
f 27//27 3439//3439 3438//3438
f 27//27 3438//3438 7//7
f 3438//3438 3437//3437 7//7
f 7//7 3437//3437 3444//3444
f 7//7 3444//3444 8//8
f 8//8 3444//3444 3443//3443
f 8//8 3443//3443 50//50
f 3443//3443 3442//3442 50//50
f 50//50 3442//3442 3441//3441
f 50//50 3441//3441 51//51
f 3441//3441 3445//3445 51//51
f 51//51 3445//3445 3446//3446
f 51//51 3446//3446 28//28
f 28//28 3446//3446 3447//3447
f 28//28 3447//3447 29//29
f 3447//3447 3448//3448 29//29
f 29//29 3448//3448 3450//3450
f 29//29 3450//3450 30//30
f 3450//3450 3449//3449 30//30
f 30//30 3449//3449 3454//3454
f 30//30 3454//3454 31//31
f 3454//3454 3453//3453 31//31
f 31//31 3453//3453 3452//3452
f 31//31 3452//3452 185//185
f 185//185 3452//3452 3451//3451
f 185//185 3451//3451 186//186
f 3451//3451 3455//3455 186//186
f 186//186 3455//3455 3456//3456
f 186//186 3456//3456 187//187
f 3456//3456 3457//3457 187//187
f 187//187 3457//3457 3459//3459
f 187//187 3459//3459 11//11
f 11//11 3459//3459 3458//3458
f 11//11 3458//3458 12//12
f 3458//3458 3463//3463 12//12
f 12//12 3463//3463 3462//3462
f 12//12 3462//3462 52//52
f 3462//3462 3461//3461 52//52
f 52//52 3461//3461 3460//3460
f 52//52 3460//3460 53//53
f 3460//3460 3464//3464 53//53
f 53//53 3464//3464 3465//3465
f 53//53 3465//3465 34//34
f 34//34 3465//3465 3466//3466
f 34//34 3466//3466 33//33
f 3466//3466 3467//3467 33//33
f 33//33 3467//3467 3468//3468
f 33//33 3468//3468 32//32
f 3468//3468 3469//3469 32//32
f 32//32 3469//3469 3471//3471
f 32//32 3471//3471 35//35
f 35//35 3471//3471 3470//3470
f 35//35 3470//3470 36//36
f 3470//3470 3475//3475 36//36
f 36//36 3475//3475 3474//3474
f 36//36 3474//3474 37//37
f 3474//3474 3473//3473 37//37
f 37//37 3473//3473 3472//3472
f 37//37 3472//3472 54//54
f 3472//3472 3476//3476 54//54
f 54//54 3476//3476 3477//3477
f 54//54 3477//3477 55//55
f 55//55 3477//3477 3478//3478
f 55//55 3478//3478 56//56
f 3478//3478 3479//3479 56//56
f 56//56 3479//3479 3480//3480
f 56//56 3480//3480 57//57
f 3480//3480 3481//3481 57//57
f 57//57 3481//3481 3483//3483
f 57//57 3483//3483 58//58
f 58//58 3483//3483 3482//3482
f 58//58 3482//3482 59//59
f 3482//3482 3487//3487 59//59
f 59//59 3487//3487 3486//3486
f 59//59 3486//3486 99//99
f 3486//3486 3485//3485 99//99
f 99//99 3485//3485 3484//3484
f 99//99 3484//3484 100//100
f 3484//3484 3488//3488 100//100
f 100//100 3488//3488 3489//3489
f 100//100 3489//3489 20//20
f 20//20 3489//3489 3490//3490
f 20//20 3490//3490 21//21
f 3490//3490 3491//3491 21//21
f 21//21 3491//3491 3492//3492
f 21//21 3492//3492 22//22
f 3492//3492 3493//3493 22//22
f 22//22 3493//3493 3495//3495
f 22//22 3495//3495 23//23
f 23//23 3495//3495 3494//3494
f 23//23 3494//3494 77//77
f 3494//3494 3498//3498 77//77
f 77//77 3498//3498 3497//3497
f 77//77 3497//3497 78//78
f 78//78 3497//3497 3496//3496
f 78//78 3496//3496 3338//3338
f 78//78 3338//3338 124//124
f 124//124 3338//3338 3337//3337
f 124//124 3337//3337 3336//3336
f 38//38 3112//3112 40//40
f 40//40 3112//3112 3114//3114
f 40//40 3114//3114 41//41
f 3114//3114 3115//3115 41//41
f 41//41 3115//3115 3116//3116
f 41//41 3116//3116 101//101
f 3116//3116 3118//3118 101//101
f 101//101 3118//3118 102//102
f 3118//3118 3117//3117 102//102
f 102//102 3117//3117 3120//3120
f 102//102 3120//3120 62//62
f 62//62 3120//3120 3119//3119
f 62//62 3119//3119 61//61
f 3119//3119 3122//3122 61//61
f 61//61 3122//3122 60//60
f 3122//3122 3121//3121 60//60
f 60//60 3121//3121 63//63
f 63//63 3121//3121 3123//3123
f 63//63 3123//3123 64//64
f 3123//3123 3124//3124 64//64
f 64//64 3124//3124 3125//3125
f 64//64 3125//3125 65//65
f 3125//3125 3127//3127 65//65
f 65//65 3127//3127 103//103
f 3127//3127 3126//3126 103//103
f 103//103 3126//3126 3129//3129
f 103//103 3129//3129 104//104
f 104//104 3129//3129 3128//3128
f 104//104 3128//3128 105//105
f 3128//3128 3131//3131 105//105
f 105//105 3131//3131 106//106
f 3131//3131 3130//3130 106//106
f 106//106 3130//3130 107//107
f 107//107 3130//3130 3132//3132
f 107//107 3132//3132 108//108
f 3132//3132 3133//3133 108//108
f 108//108 3133//3133 3134//3134
f 108//108 3134//3134 152//152
f 3134//3134 3136//3136 152//152
f 152//152 3136//3136 153//153
f 3136//3136 3135//3135 153//153
f 153//153 3135//3135 3138//3138
f 153//153 3138//3138 66//66
f 66//66 3138//3138 3137//3137
f 66//66 3137//3137 67//67
f 3137//3137 3140//3140 67//67
f 67//67 3140//3140 68//68
f 3140//3140 3139//3139 68//68
f 68//68 3139//3139 69//69
f 69//69 3139//3139 3141//3141
f 69//69 3141//3141 109//109
f 3141//3141 3142//3142 109//109
f 109//109 3142//3142 3143//3143
f 109//109 3143//3143 110//110
f 110//110 3143//3143 3144//3144
f 110//110 3144//3144 111//111
f 111//111 3144//3144 3145//3145
f 111//111 3145//3145 70//70
f 3145//3145 3146//3146 70//70
f 70//70 3146//3146 3150//3150
f 70//70 3150//3150 71//71
f 3150//3150 3149//3149 71//71
f 71//71 3149//3149 72//72
f 3149//3149 3148//3148 72//72
f 72//72 3148//3148 3147//3147
f 72//72 3147//3147 73//73
f 73//73 3147//3147 3151//3151
f 73//73 3151//3151 154//154
f 3151//3151 3111//3111 154//154
f 154//154 3111//3111 3110//3110
f 154//154 3110//3110 155//155
f 3110//3110 3152//3152 155//155
f 155//155 3152//3152 112//112
f 112//112 3152//3152 3153//3153
f 112//112 3153//3153 113//113
f 3153//3153 3154//3154 113//113
f 113//113 3154//3154 3158//3158
f 113//113 3158//3158 114//114
f 3158//3158 3157//3157 114//114
f 114//114 3157//3157 115//115
f 3157//3157 3156//3156 115//115
f 115//115 3156//3156 3155//3155
f 115//115 3155//3155 197//197
f 197//197 3155//3155 3159//3159
f 197//197 3159//3159 198//198
f 3159//3159 3109//3109 198//198
f 198//198 3109//3109 3108//3108
f 198//198 3108//3108 74//74
f 3108//3108 3160//3160 74//74
f 74//74 3160//3160 24//24
f 24//24 3160//3160 3161//3161
f 24//24 3161//3161 25//25
f 3161//3161 3162//3162 25//25
f 25//25 3162//3162 3166//3166
f 25//25 3166//3166 156//156
f 3166//3166 3165//3165 156//156
f 156//156 3165//3165 157//157
f 3165//3165 3164//3164 157//157
f 157//157 3164//3164 3163//3163
f 157//157 3163//3163 116//116
f 116//116 3163//3163 3167//3167
f 116//116 3167//3167 117//117
f 3167//3167 3107//3107 117//117
f 117//117 3107//3107 3106//3106
f 117//117 3106//3106 118//118
f 3106//3106 3168//3168 118//118
f 118//118 3168//3168 119//119
f 119//119 3168//3168 3169//3169
f 119//119 3169//3169 120//120
f 3169//3169 3170//3170 120//120
f 120//120 3170//3170 3174//3174
f 120//120 3174//3174 121//121
f 3174//3174 3173//3173 121//121
f 121//121 3173//3173 122//122
f 3173//3173 3172//3172 122//122
f 122//122 3172//3172 3171//3171
f 122//122 3171//3171 123//123
f 123//123 3171//3171 3175//3175
f 123//123 3175//3175 158//158
f 3175//3175 3105//3105 158//158
f 158//158 3105//3105 159//159
f 3105//3105 3176//3176 159//159
f 159//159 3176//3176 160//160
f 160//160 3176//3176 3177//3177
f 160//160 3177//3177 161//161
f 3177//3177 3178//3178 161//161
f 161//161 3178//3178 3182//3182
f 161//161 3182//3182 162//162
f 3182//3182 3181//3181 162//162
f 162//162 3181//3181 163//163
f 3181//3181 3180//3180 163//163
f 163//163 3180//3180 3179//3179
f 163//163 3179//3179 42//42
f 42//42 3179//3179 3184//3184
f 42//42 3184//3184 14//14
f 3184//3184 3183//3183 14//14
f 14//14 3183//3183 3186//3186
f 14//14 3186//3186 15//15
f 3186//3186 3185//3185 15//15
f 15//15 3185//3185 3190//3190
f 15//15 3190//3190 43//43
f 43//43 3190//3190 3189//3189
f 43//43 3189//3189 44//44
f 3189//3189 3188//3188 44//44
f 44//44 3188//3188 3187//3187
f 44//44 3187//3187 45//45
f 45//45 3187//3187 3191//3191
f 45//45 3191//3191 75//75
f 75//75 3191//3191 3192//3192
f 75//75 3192//3192 76//76
f 3192//3192 3193//3193 76//76
f 76//76 3193//3193 3197//3197
f 76//76 3197//3197 26//26
f 3197//3197 3196//3196 26//26
f 26//26 3196//3196 3195//3195
f 26//26 3195//3195 9//9
f 3195//3195 3194//3194 9//9
f 9//9 3194//3194 3201//3201
f 9//9 3201//3201 10//10
f 10//10 3201//3201 3200//3200
f 10//10 3200//3200 135//135
f 3200//3200 3199//3199 135//135
f 135//135 3199//3199 3198//3198
f 135//135 3198//3198 136//136
f 3198//3198 3202//3202 136//136
f 136//136 3202//3202 3203//3203
f 136//136 3203//3203 138//138
f 138//138 3203//3203 3204//3204
f 138//138 3204//3204 194//194
f 3204//3204 3205//3205 194//194
f 194//194 3205//3205 3207//3207
f 194//194 3207//3207 203//203
f 3207//3207 3206//3206 203//203
f 203//203 3206//3206 3211//3211
f 203//203 3211//3211 204//204
f 3211//3211 3210//3210 204//204
f 204//204 3210//3210 3209//3209
f 204//204 3209//3209 205//205
f 205//205 3209//3209 3208//3208
f 205//205 3208//3208 208//208
f 3208//3208 3212//3212 208//208
f 208//208 3212//3212 3213//3213
f 208//208 3213//3213 132//132
f 3213//3213 3214//3214 132//132
f 132//132 3214//3214 3216//3216
f 132//132 3216//3216 133//133
f 133//133 3216//3216 3215//3215
f 133//133 3215//3215 140//140
f 3215//3215 3220//3220 140//140
f 140//140 3220//3220 3219//3219
f 140//140 3219//3219 141//141
f 3219//3219 3218//3218 141//141
f 141//141 3218//3218 3217//3217
f 141//141 3217//3217 142//142
f 3217//3217 3221//3221 142//142
f 142//142 3221//3221 3222//3222
f 142//142 3222//3222 167//167
f 167//167 3222//3222 3223//3223
f 167//167 3223//3223 168//168
f 3223//3223 3224//3224 168//168
f 168//168 3224//3224 3225//3225
f 168//168 3225//3225 170//170
f 3225//3225 3226//3226 170//170
f 170//170 3226//3226 3228//3228
f 170//170 3228//3228 171//171
f 171//171 3228//3228 3227//3227
f 171//171 3227//3227 188//188
f 3227//3227 3232//3232 188//188
f 188//188 3232//3232 3231//3231
f 188//188 3231//3231 89//89
f 3231//3231 3230//3230 89//89
f 89//89 3230//3230 3229//3229
f 89//89 3229//3229 190//190
f 3229//3229 3233//3233 190//190
f 190//190 3233//3233 3234//3234
f 190//190 3234//3234 128//128
f 128//128 3234//3234 3235//3235
f 128//128 3235//3235 129//129
f 3235//3235 3236//3236 129//129
f 129//129 3236//3236 3237//3237
f 129//129 3237//3237 191//191
f 3237//3237 3238//3238 191//191
f 191//191 3238//3238 3240//3240
f 191//191 3240//3240 192//192
f 192//192 3240//3240 3239//3239
f 192//192 3239//3239 193//193
f 3239//3239 3244//3244 193//193
f 193//193 3244//3244 3243//3243
f 193//193 3243//3243 199//199
f 3243//3243 3242//3242 199//199
f 199//199 3242//3242 3241//3241
f 199//199 3241//3241 200//200
f 3241//3241 3245//3245 200//200
f 200//200 3245//3245 3246//3246
f 200//200 3246//3246 175//175
f 175//175 3246//3246 3247//3247
f 175//175 3247//3247 174//174
f 3247//3247 3248//3248 174//174
f 174//174 3248//3248 3249//3249
f 174//174 3249//3249 90//90
f 3249//3249 3250//3250 90//90
f 90//90 3250//3250 3252//3252
f 90//90 3252//3252 91//91
f 91//91 3252//3252 3251//3251
f 91//91 3251//3251 130//130
f 3251//3251 3255//3255 130//130
f 130//130 3255//3255 3254//3254
f 130//130 3254//3254 131//131
f 131//131 3254//3254 3253//3253
f 131//131 3253//3253 3113//3113
f 131//131 3113//3113 38//38
f 38//38 3113//3113 3112//3112
f 1190//1190 1423//1423 1188//1188
f 1193//1193 1447//1447 1191//1191
f 1191//1191 1447//1447 2843//2843
f 2843//2843 1447//1447 1448//1448
f 2843//2843 1448//1448 2844//2844
f 1448//1448 1449//1449 2844//2844
f 2844//2844 1449//1449 1450//1450
f 2844//2844 1450//1450 2845//2845
f 1450//1450 1452//1452 2845//2845
f 2845//2845 1452//1452 2846//2846
f 1452//1452 1451//1451 2846//2846
f 2846//2846 1451//1451 1454//1454
f 2846//2846 1454//1454 2847//2847
f 2847//2847 1454//1454 1453//1453
f 2847//2847 1453//1453 2853//2853
f 1453//1453 1455//1455 2853//2853
f 2853//2853 1455//1455 2854//2854
f 1455//1455 1456//1456 2854//2854
f 2854//2854 1456//1456 1457//1457
f 2854//2854 1457//1457 2855//2855
f 2855//2855 1457//1457 1459//1459
f 2855//2855 1459//1459 2856//2856
f 1459//1459 1458//1458 2856//2856
f 2856//2856 1458//1458 2868//2868
f 1458//1458 1463//1463 2868//2868
f 2868//2868 1463//1463 2869//2869
f 2869//2869 1463//1463 1462//1462
f 2869//2869 1462//1462 2870//2870
f 1462//1462 1461//1461 2870//2870
f 2870//2870 1461//1461 1460//1460
f 2870//2870 1460//1460 2871//2871
f 1460//1460 1466//1466 2871//2871
f 2871//2871 1466//1466 2857//2857
f 1466//1466 1465//1465 2857//2857
f 2857//2857 1465//1465 1464//1464
f 2857//2857 1464//1464 2882//2882
f 2882//2882 1464//1464 1467//1467
f 2882//2882 1467//1467 2883//2883
f 1467//1467 1422//1422 2883//2883
f 2883//2883 1422//1422 1421//1421
f 2883//2883 1421//1421 2884//2884
f 1421//1421 1468//1468 2884//2884
f 2884//2884 1468//1468 2872//2872
f 2872//2872 1468//1468 1469//1469
f 2872//2872 1469//1469 2873//2873
f 1469//1469 1470//1470 2873//2873
f 2873//2873 1470//1470 1474//1474
f 2873//2873 1474//1474 2874//2874
f 1474//1474 1473//1473 2874//2874
f 2874//2874 1473//1473 2875//2875
f 1473//1473 1472//1472 2875//2875
f 2875//2875 1472//1472 1471//1471
f 2875//2875 1471//1471 2848//2848
f 2848//2848 1471//1471 1475//1475
f 2848//2848 1475//1475 2849//2849
f 1475//1475 1420//1420 2849//2849
f 2849//2849 1420//1420 2858//2858
f 1420//1420 1476//1476 2858//2858
f 2858//2858 1476//1476 2859//2859
f 2859//2859 1476//1476 1477//1477
f 2859//2859 1477//1477 2860//2860
f 1477//1477 1478//1478 2860//2860
f 2860//2860 1478//1478 1482//1482
f 2860//2860 1482//1482 2861//2861
f 1482//1482 1481//1481 2861//2861
f 2861//2861 1481//1481 2862//2862
f 1481//1481 1480//1480 2862//2862
f 2862//2862 1480//1480 1479//1479
f 2862//2862 1479//1479 2863//2863
f 2863//2863 1479//1479 1483//1483
f 2863//2863 1483//1483 2864//2864
f 1483//1483 1419//1419 2864//2864
f 2864//2864 1419//1419 2899//2899
f 1419//1419 1484//1484 2899//2899
f 2899//2899 1484//1484 2900//2900
f 2900//2900 1484//1484 1485//1485
f 2900//2900 1485//1485 2901//2901
f 1485//1485 1486//1486 2901//2901
f 2901//2901 1486//1486 1489//1489
f 2901//2901 1489//1489 2902//2902
f 2902//2902 1489//1489 1488//1488
f 2902//2902 1488//1488 2903//2903
f 2903//2903 1488//1488 1487//1487
f 2903//2903 1487//1487 2877//2877
f 1487//1487 1492//1492 2877//2877
f 2877//2877 1492//1492 1491//1491
f 2877//2877 1491//1491 2876//2876
f 1491//1491 1490//1490 2876//2876
f 2876//2876 1490//1490 2852//2852
f 1490//1490 1493//1493 2852//2852
f 2852//2852 1493//1493 1494//1494
f 2852//2852 1494//1494 2851//2851
f 2851//2851 1494//1494 1495//1495
f 2851//2851 1495//1495 2850//2850
f 1495//1495 1496//1496 2850//2850
f 2850//2850 1496//1496 2887//2887
f 1496//1496 1498//1498 2887//2887
f 2887//2887 1498//1498 2886//2886
f 2886//2886 1498//1498 1497//1497
f 2886//2886 1497//1497 2885//2885
f 1497//1497 1501//1501 2885//2885
f 2885//2885 1501//1501 1500//1500
f 2885//2885 1500//1500 2888//2888
f 1500//1500 1499//1499 2888//2888
f 2888//2888 1499//1499 2867//2867
f 1499//1499 1502//1502 2867//2867
f 2867//2867 1502//1502 1503//1503
f 2867//2867 1503//1503 2866//2866
f 2866//2866 1503//1503 1504//1504
f 2866//2866 1504//1504 2865//2865
f 1504//1504 1505//1505 2865//2865
f 2865//2865 1505//1505 2891//2891
f 1505//1505 1507//1507 2891//2891
f 2891//2891 1507//1507 2890//2890
f 2890//2890 1507//1507 1506//1506
f 2890//2890 1506//1506 2889//2889
f 1506//1506 1510//1510 2889//2889
f 2889//2889 1510//1510 1509//1509
f 2889//2889 1509//1509 2907//2907
f 1509//1509 1508//1508 2907//2907
f 2907//2907 1508//1508 2905//2905
f 1508//1508 1511//1511 2905//2905
f 2905//2905 1511//1511 1512//1512
f 2905//2905 1512//1512 2906//2906
f 2906//2906 1512//1512 1513//1513
f 2906//2906 1513//1513 2894//2894
f 1513//1513 1516//1516 2894//2894
f 2894//2894 1516//1516 1515//1515
f 2894//2894 1515//1515 2893//2893
f 1515//1515 1514//1514 2893//2893
f 2893//2893 1514//1514 2892//2892
f 1514//1514 1517//1517 2892//2892
f 2892//2892 1517//1517 1518//1518
f 2892//2892 1518//1518 2904//2904
f 2904//2904 1518//1518 1519//1519
f 2904//2904 1519//1519 2881//2881
f 1519//1519 1520//1520 2881//2881
f 2881//2881 1520//1520 2880//2880
f 1520//1520 1522//1522 2880//2880
f 2880//2880 1522//1522 2879//2879
f 2879//2879 1522//1522 1521//1521
f 2879//2879 1521//1521 2878//2878
f 1521//1521 1525//1525 2878//2878
f 2878//2878 1525//1525 1524//1524
f 2878//2878 1524//1524 2896//2896
f 2896//2896 1524//1524 1523//1523
f 2896//2896 1523//1523 2895//2895
f 1523//1523 1526//1526 2895//2895
f 2895//2895 1526//1526 1527//1527
f 2895//2895 1527//1527 2898//2898
f 2898//2898 1527//1527 1528//1528
f 2898//2898 1528//1528 2897//2897
f 1528//1528 1529//1529 2897//2897
f 2897//2897 1529//1529 2841//2841
f 1529//1529 1531//1531 2841//2841
f 2841//2841 1531//1531 2842//2842
f 2842//2842 1531//1531 1530//1530
f 2842//2842 1530//1530 1190//1190
f 1190//1190 1530//1530 1423//1423
