# penholder22_housing_hand — generated by scripts/gen_system_model.py
# 3992 vertices, 8000 faces, metres, panda_hand frame
o penholder22_housing_hand
v 0.038203 0.007839 0.055606
v 0.036120 0.003065 0.056493
v 0.035956 -0.004950 0.056564
v 0.036949 -0.005644 0.056148
v 0.040996 -0.010017 0.054424
v 0.047061 -0.011076 0.051846
v 0.053814 0.004049 0.048993
v 0.054623 0.000021 0.048638
v 0.046898 0.011572 0.051903
v 0.036820 -0.006997 0.056188
v 0.052410 -0.003469 0.049746
v 0.036876 0.004720 0.056169
v 0.079681 0.009862 0.110588
v 0.079687 0.010040 0.111093
v 0.082562 0.010039 0.117863
v 0.079684 0.010300 0.111834
v 0.079727 0.010674 0.113105
v 0.081916 0.010644 0.118150
v 0.079726 0.010961 0.114071
v 0.081507 0.010980 0.118334
v 0.079728 0.011006 0.114234
v 0.082720 0.009880 0.117792
v 0.079645 0.009806 0.110345
v 0.087264 0.002749 0.116007
v 0.079669 0.009534 0.109704
v 0.079643 0.009071 0.108519
v 0.086041 -0.006280 0.116608
v 0.079634 -0.009244 0.108906
v 0.079687 -0.010040 0.111093
v 0.082431 -0.010039 0.117554
v 0.079690 -0.010107 0.111288
v 0.082312 -0.010154 0.117601
v 0.079701 -0.010401 0.112183
v 0.081954 -0.010483 0.117745
v 0.079706 -0.010516 0.112550
v 0.079708 -0.010856 0.113660
v 0.081023 -0.011227 0.118110
v 0.078483 -0.013576 0.119558
v 0.078958 -0.012149 0.116602
v 0.070258 -0.013711 0.123068
v 0.063719 -0.009077 0.125613
v 0.059614 -0.000492 0.121878
v 0.080395 0.011780 0.118825
v 0.062862 0.006437 0.126361
v 0.061031 -0.000605 0.126797
v 0.066786 -0.011268 0.125065
v 0.081889 -0.011739 0.119220
v 0.086638 -0.005333 0.117328
v 0.085102 0.008418 0.118194
v 0.076577 0.014032 0.121219
v 0.070003 0.013281 0.124296
v 0.064462 0.007896 0.127093
v 0.062053 0.000079 0.128267
v 0.064452 -0.008417 0.127771
v 0.073400 -0.013939 0.124006
v 0.085322 -0.007613 0.118935
v 0.069316 0.012785 0.125993
v 0.062893 0.003466 0.129223
v 0.068072 -0.011423 0.127310
v 0.079267 -0.013563 0.122424
v 0.086561 -0.007676 0.120292
v 0.086724 0.006621 0.119936
v 0.087225 0.006632 0.121590
v 0.064297 0.004977 0.131355
v 0.064365 -0.004689 0.131310
v 0.078997 0.012620 0.116402
v 0.078997 0.024500 0.116402
v 0.053997 0.024500 0.116402
v 0.060540 0.008631 0.116520
v 0.078915 0.012197 0.116625
v 0.053497 -0.005631 0.104613
v 0.053497 -0.024500 0.090902
v 0.053497 -0.006050 0.104123
v 0.053497 -0.006463 0.103598
v 0.053497 -0.006870 0.103037
v 0.053497 -0.008424 0.100456
v 0.053497 -0.008791 0.099730
v 0.053497 -0.009149 0.098972
v 0.053497 -0.007271 0.102442
v 0.053497 -0.007663 0.101814
v 0.053497 -0.008048 0.101151
v 0.053497 -0.009497 0.098184
v 0.053497 -0.009835 0.097367
v 0.053497 -0.010162 0.096521
v 0.053497 -0.010479 0.095648
v 0.053497 -0.010784 0.094748
v 0.053497 -0.011077 0.093822
v 0.053497 -0.024500 0.115902
v 0.053497 -0.011358 0.092872
v 0.053497 -0.011627 0.091898
v 0.053497 -0.011883 0.090902
v 0.066497 0.018528 0.104037
v 0.074147 0.018784 0.111033
v 0.073187 0.018632 0.094539
v 0.058479 -0.018000 0.111205
v 0.057628 -0.018650 0.100376
v 0.060578 -0.018782 0.094561
v 0.066497 -0.018422 0.103402
v 0.082718 -0.008122 0.123585
v 0.084763 -0.005811 0.122779
v 0.079894 -0.010450 0.124868
v 0.078362 0.010442 0.125396
v 0.075599 0.010841 0.126661
v 0.057570 0.010368 0.077041
v 0.077987 0.010368 0.125141
v 0.059423 0.009557 0.075153
v 0.080236 0.009558 0.124186
v 0.043341 0.005521 0.071934
v 0.038071 0.005519 0.059521
v 0.052759 -0.010134 0.078770
v 0.073289 -0.010134 0.127135
v 0.067733 0.005389 0.129633
v 0.055145 -0.001287 0.103523
v 0.036713 -0.001287 0.060098
v 0.055474 -0.002555 0.103697
v 0.036929 -0.002555 0.060006
v 0.056371 -0.004380 0.104181
v 0.037514 -0.004380 0.059757
v 0.085644 -0.002373 0.122083
v 0.085583 -0.002241 0.121917
v 0.082886 -0.007662 0.123278
v 0.083109 -0.007305 0.122967
v 0.074572 0.000145 0.095325
v 0.074502 0.000323 0.095209
v 0.056104 0.000322 0.051866
v 0.074485 0.000966 0.095268
v 0.056068 0.000966 0.051882
v 0.074146 0.004084 0.096458
v 0.055354 0.004084 0.052185
v 0.073049 0.008936 0.104365
v 0.059805 0.009264 0.074582
v 0.080765 0.009264 0.123962
v 0.073485 0.009071 0.105954
v 0.073983 0.009015 0.106890
v 0.081055 0.009083 0.123839
v 0.074101 0.008990 0.107066
v 0.081276 0.008936 0.123745
v 0.060148 0.008935 0.073971
v 0.060358 0.008621 0.073154
v 0.072968 0.008574 0.102805
v 0.060451 0.008574 0.073317
v 0.073046 0.008181 0.101683
v 0.060583 0.008343 0.072823
v 0.060710 0.008181 0.072619
v 0.073173 0.007758 0.100737
v 0.060921 0.007757 0.071871
v 0.073320 0.007305 0.099906
v 0.061076 0.007304 0.071060
v 0.073472 0.006825 0.099162
v 0.073624 0.006320 0.098492
v 0.061165 0.006825 0.070166
v 0.073770 0.005791 0.097890
v 0.061164 0.006319 0.069137
v 0.073907 0.005241 0.097352
v 0.061002 0.005791 0.067811
v 0.060385 0.005436 0.065787
v 0.054829 0.005241 0.052407
v 0.054669 0.005414 0.052330
v 0.074033 0.004671 0.096875
v 0.055108 0.004671 0.052289
v 0.074330 0.002867 0.095804
v 0.055566 0.003482 0.052095
v 0.074341 0.003286 0.096125
v 0.074246 0.003482 0.096102
v 0.055456 0.003808 0.052141
v 0.074224 0.003622 0.096179
v 0.055744 0.002867 0.052019
v 0.055888 0.002241 0.051958
v 0.074450 0.001607 0.095387
v 0.074398 0.002241 0.095566
v 0.055834 0.002497 0.051981
v 0.074378 0.002445 0.095637
v 0.055996 0.001606 0.051912
v 0.056088 0.000687 0.051873
v 0.074500 0.000436 0.095215
v 0.074504 -0.000012 0.095201
v 0.056107 -0.000229 0.051865
v 0.056068 -0.000966 0.051882
v 0.074495 -0.000675 0.095234
v 0.056088 -0.000687 0.051873
v 0.074500 -0.000455 0.095216
v 0.056104 -0.000322 0.051866
v 0.074502 -0.000323 0.095209
v 0.074467 -0.001335 0.095330
v 0.055996 -0.001606 0.051912
v 0.074421 -0.001990 0.095488
v 0.055888 -0.002241 0.051958
v 0.055924 -0.002049 0.051943
v 0.074438 -0.001773 0.095428
v 0.055744 -0.002867 0.052019
v 0.074373 -0.002487 0.095652
v 0.055834 -0.002497 0.051981
v 0.074396 -0.002268 0.095575
v 0.074296 -0.003130 0.095923
v 0.055566 -0.003482 0.052095
v 0.055354 -0.004084 0.052185
v 0.074203 -0.003752 0.096253
v 0.055456 -0.003808 0.052141
v 0.074236 -0.003547 0.096137
v 0.074300 -0.003391 0.096130
v 0.074222 -0.003990 0.096509
v 0.055108 -0.004671 0.052289
v 0.074096 -0.004355 0.096641
v 0.073974 -0.004949 0.097098
v 0.054829 -0.005241 0.052407
v 0.060394 -0.005436 0.065809
v 0.073883 -0.005341 0.097444
v 0.073770 -0.005791 0.097890
v 0.061002 -0.005791 0.067811
v 0.073741 -0.005899 0.098006
v 0.061006 -0.005797 0.067831
v 0.073692 -0.006078 0.098205
v 0.061046 -0.005875 0.068056
v 0.073624 -0.006320 0.098492
v 0.061175 -0.006696 0.069915
v 0.073594 -0.006422 0.098620
v 0.061165 -0.006825 0.070166
v 0.073472 -0.006825 0.099162
v 0.061074 -0.007215 0.070832
v 0.061087 -0.007262 0.070983
v 0.073446 -0.006909 0.099284
v 0.061076 -0.007304 0.071059
v 0.073320 -0.007305 0.099906
v 0.073450 -0.007026 0.099539
v 0.060946 -0.007696 0.071763
v 0.073292 -0.007392 0.100055
v 0.060921 -0.007757 0.071870
v 0.060710 -0.008181 0.072619
v 0.073173 -0.007758 0.100738
v 0.073156 -0.007813 0.100851
v 0.060741 -0.008127 0.072524
v 0.072997 -0.008385 0.102224
v 0.060497 -0.008512 0.073207
v 0.072980 -0.008479 0.102500
v 0.060451 -0.008574 0.073317
v 0.073034 -0.008918 0.104259
v 0.060148 -0.008935 0.073971
v 0.074128 -0.008982 0.107092
v 0.080765 -0.009264 0.123962
v 0.074318 -0.008938 0.107362
v 0.081055 -0.009083 0.123839
v 0.074326 -0.008936 0.107373
v 0.081276 -0.008936 0.123745
v 0.073509 -0.009071 0.106009
v 0.059805 -0.009264 0.074582
v 0.073104 -0.008985 0.104694
v 0.073061 -0.008927 0.104357
v 0.074378 -0.008915 0.107409
v 0.075325 -0.008601 0.108453
v 0.081768 -0.008574 0.123536
v 0.081742 -0.008594 0.123547
v 0.075390 -0.008575 0.108513
v 0.082238 -0.008181 0.123336
v 0.076253 -0.008181 0.109237
v 0.082070 -0.008327 0.123408
v 0.076102 -0.008256 0.109119
v 0.082686 -0.007757 0.123146
v 0.077021 -0.007758 0.109802
v 0.082388 -0.008045 0.123273
v 0.076936 -0.007808 0.109742
v 0.083506 -0.006825 0.122798
v 0.083875 -0.006320 0.122642
v 0.078362 -0.006825 0.110682
v 0.083272 -0.007115 0.122898
v 0.078203 -0.006951 0.110583
v 0.079950 -0.005261 0.111617
v 0.084215 -0.005791 0.122497
v 0.084525 -0.005241 0.122366
v 0.079966 -0.005241 0.111627
v 0.084483 -0.005320 0.122384
v 0.079484 -0.005791 0.111351
v 0.084041 -0.006071 0.122571
v 0.079421 -0.005857 0.111315
v 0.080656 -0.004280 0.112010
v 0.084803 -0.004671 0.122248
v 0.080397 -0.004671 0.111867
v 0.084682 -0.004930 0.122299
v 0.080273 -0.004844 0.111799
v 0.085049 -0.004084 0.122143
v 0.081019 -0.003644 0.112207
v 0.085186 -0.003710 0.122085
v 0.081101 -0.003482 0.112251
v 0.085262 -0.003482 0.122053
v 0.085034 -0.004124 0.122150
v 0.080775 -0.004084 0.112075
v 0.085440 -0.002867 0.121977
v 0.081373 -0.002867 0.112397
v 0.085322 -0.003289 0.122028
v 0.081324 -0.002990 0.112371
v 0.081790 -0.001123 0.112382
v 0.085691 -0.001606 0.121871
v 0.081756 -0.001607 0.112601
v 0.085630 -0.001995 0.121897
v 0.081729 -0.001727 0.112586
v 0.081848 0.001638 0.112288
v 0.086028 0.002044 0.122123
v 0.075923 0.008344 0.108850
v 0.062287 -0.002215 0.120395
v 0.063225 -0.006707 0.117207
v 0.067157 -0.004682 0.130143
v 0.070616 -0.008759 0.128270
v 0.050076 -0.009104 0.078486
v 0.062063 -0.008759 0.108120
v 0.063479 -0.009066 0.110228
v 0.063482 -0.009071 0.110211
v 0.063635 -0.009050 0.110664
v 0.063554 -0.009069 0.110390
v 0.070910 -0.008967 0.128145
v 0.071117 -0.009104 0.128057
v 0.049396 -0.008759 0.078280
v 0.061127 -0.008382 0.107254
v 0.048715 -0.008381 0.078013
v 0.060317 -0.007973 0.106622
v 0.048031 -0.007972 0.077681
v 0.059584 -0.007535 0.106108
v 0.047344 -0.007534 0.077272
v 0.058915 -0.007069 0.105671
v 0.058301 -0.006575 0.105290
v 0.046648 -0.007068 0.076772
v 0.057741 -0.006059 0.104956
v 0.045930 -0.006575 0.076146
v 0.057232 -0.005519 0.104662
v 0.045155 -0.006058 0.075308
v 0.043612 -0.005450 0.072684
v 0.056776 -0.004959 0.104405
v 0.044129 -0.005520 0.073792
v 0.037777 -0.004958 0.059646
v 0.043685 -0.005436 0.072876
v 0.037927 -0.005254 0.059582
v 0.043612 -0.005439 0.072700
v 0.038071 -0.005519 0.059521
v 0.056720 -0.004840 0.104454
v 0.037285 -0.003785 0.059855
v 0.056019 -0.003785 0.103989
v 0.037371 -0.004020 0.059818
v 0.056036 -0.003816 0.103998
v 0.055720 -0.003176 0.103828
v 0.037089 -0.003176 0.059938
v 0.037203 -0.003596 0.059394
v 0.036803 -0.001924 0.060059
v 0.055283 -0.001925 0.103595
v 0.036868 -0.002273 0.060032
v 0.055302 -0.001999 0.103606
v 0.036658 -0.000645 0.060121
v 0.055036 -0.000007 0.103465
v 0.036649 -0.000458 0.060124
v 0.055036 0.000000 0.103465
v 0.055063 -0.000645 0.103480
v 0.036677 -0.000915 0.060113
v 0.055066 -0.000673 0.103481
v 0.055159 -0.001212 0.103594
v 0.036649 0.000458 0.060124
v 0.055039 0.000216 0.103467
v 0.036658 0.000645 0.060121
v 0.036713 0.001287 0.060098
v 0.055087 0.000885 0.103492
v 0.036677 0.000915 0.060113
v 0.055065 0.000662 0.103480
v 0.055283 0.001925 0.103595
v 0.036803 0.001924 0.060059
v 0.055578 0.002835 0.103752
v 0.037089 0.003176 0.059938
v 0.055423 0.002403 0.103670
v 0.036868 0.002273 0.060032
v 0.055474 0.002555 0.103697
v 0.036929 0.002555 0.060006
v 0.055855 0.003466 0.103900
v 0.037285 0.003785 0.059855
v 0.037219 0.003593 0.059882
v 0.055757 0.003258 0.103848
v 0.037514 0.004380 0.059757
v 0.056184 0.004077 0.104079
v 0.037371 0.004020 0.059818
v 0.056069 0.003876 0.104016
v 0.037777 0.004958 0.059646
v 0.056432 0.004474 0.104215
v 0.037927 0.005254 0.059582
v 0.043399 0.005492 0.072115
v 0.043550 0.005460 0.072521
v 0.043694 0.005436 0.072897
v 0.056884 0.005099 0.104465
v 0.057232 0.005519 0.104662
v 0.044595 0.005727 0.074556
v 0.057741 0.006058 0.104956
v 0.044471 0.005664 0.074368
v 0.057368 0.005670 0.104740
v 0.045297 0.006149 0.075477
v 0.058301 0.006576 0.105290
v 0.045156 0.006058 0.075309
v 0.057893 0.006207 0.105046
v 0.046320 0.006881 0.076436
v 0.046512 0.006975 0.076663
v 0.058458 0.006708 0.105386
v 0.046648 0.007068 0.076772
v 0.058915 0.007068 0.105670
v 0.047151 0.007407 0.077143
v 0.059111 0.007212 0.105796
v 0.047344 0.007534 0.077273
v 0.059585 0.007535 0.106108
v 0.047821 0.007841 0.077564
v 0.059774 0.007655 0.106237
v 0.048032 0.007973 0.077681
v 0.048715 0.008381 0.078014
v 0.060317 0.007973 0.106622
v 0.060442 0.008041 0.106714
v 0.048504 0.008259 0.077918
v 0.049396 0.008759 0.078280
v 0.061127 0.008382 0.107254
v 0.061309 0.008463 0.107408
v 0.049390 0.008755 0.078278
v 0.071117 0.009104 0.128057
v 0.063361 0.009054 0.110007
v 0.063473 0.009071 0.110189
v 0.050076 0.009104 0.078486
v 0.062683 0.008948 0.108842
v 0.070616 0.008759 0.128270
v 0.063993 0.008759 0.112666
v 0.070910 0.008967 0.128145
v 0.063987 0.008791 0.112530
v 0.070134 0.008382 0.128474
v 0.069675 0.007973 0.128669
v 0.063744 0.007612 0.115702
v 0.069296 0.007595 0.128830
v 0.063718 0.007535 0.115847
v 0.069239 0.007534 0.128854
v 0.063857 0.007973 0.114963
v 0.069909 0.008188 0.128570
v 0.063885 0.008068 0.114747
v 0.068829 0.007068 0.129028
v 0.068671 0.006808 0.129335
v 0.063568 0.007068 0.116632
v 0.069008 0.007278 0.128952
v 0.063607 0.007190 0.116439
v 0.067152 0.004134 0.129900
v 0.062799 0.003982 0.119763
v 0.067028 0.003918 0.129793
v 0.062766 0.003785 0.119884
v 0.066980 0.003785 0.129813
v 0.062611 0.002676 0.120431
v 0.066646 0.002647 0.129955
v 0.062598 0.002555 0.120478
v 0.066624 0.002555 0.129964
v 0.062593 0.002706 0.120343
v 0.062691 0.003775 0.119770
v 0.062497 0.001339 0.120826
v 0.066498 0.001924 0.130018
v 0.062537 0.001925 0.120687
v 0.066551 0.002213 0.129995
v 0.062545 0.002014 0.120661
v 0.066408 0.001287 0.130056
v 0.062473 0.000817 0.120907
v 0.066370 0.000891 0.130072
v 0.062468 0.000645 0.120925
v 0.066354 0.000645 0.130079
v 0.066413 0.001334 0.130054
v 0.062494 0.001287 0.120836
v 0.062446 -0.000053 0.120925
v 0.066344 0.000446 0.130083
v 0.062460 0.000152 0.120953
v 0.075625 -0.010564 0.126144
v 0.055752 -0.010575 0.078088
v 0.075967 -0.010574 0.125998
v 0.056220 -0.010562 0.077873
v 0.076812 -0.010544 0.125640
v 0.055900 -0.010574 0.078024
v 0.076218 -0.010574 0.125892
v 0.056809 -0.010509 0.077552
v 0.077402 -0.010476 0.125389
v 0.077196 -0.010504 0.125477
v 0.056614 -0.010531 0.077664
v 0.057570 -0.010368 0.077041
v 0.058078 -0.010222 0.076629
v 0.077987 -0.010368 0.125141
v 0.078566 -0.010222 0.124895
v 0.079692 -0.009816 0.124417
v 0.058713 -0.009966 0.076015
v 0.058399 -0.010104 0.076334
v 0.078804 -0.010149 0.124794
v 0.058558 -0.010037 0.076177
v 0.079135 -0.010037 0.124654
v 0.080236 -0.009558 0.124186
v 0.059206 -0.009699 0.075442
v 0.079960 -0.009694 0.124303
v 0.059058 -0.009787 0.075625
v 0.059619 -0.009415 0.074872
v 0.058606 -0.006266 0.063009
v 0.060228 -0.005507 0.065423
v 0.054179 -0.006320 0.052683
v 0.054250 -0.006216 0.052653
v 0.058526 -0.006319 0.062924
v 0.053810 -0.006825 0.052840
v 0.057787 -0.006825 0.062209
v 0.053995 -0.006581 0.052762
v 0.057811 -0.006808 0.062230
v 0.038396 -0.006058 0.059383
v 0.043248 -0.005586 0.071611
v 0.043193 -0.005637 0.071401
v 0.038377 -0.006029 0.059391
v 0.071637 -0.009415 0.127836
v 0.050753 -0.009415 0.078636
v 0.072174 -0.009691 0.127608
v 0.052096 -0.009931 0.078776
v 0.051427 -0.009691 0.078732
v 0.071992 -0.009602 0.127686
v 0.051226 -0.009612 0.078709
v 0.072725 -0.009931 0.127374
v 0.073863 -0.010300 0.126892
v 0.074445 -0.010427 0.126645
v 0.054056 -0.010427 0.078611
v 0.053412 -0.010299 0.078714
v 0.073534 -0.010210 0.127031
v 0.053352 -0.010286 0.078722
v 0.052983 -0.010237 0.078589
v 0.075033 -0.010515 0.126395
v 0.054686 -0.010515 0.078461
v 0.074740 -0.010476 0.126519
v 0.054479 -0.010490 0.078516
v 0.055302 -0.010564 0.078265
v 0.076218 0.010574 0.125892
v 0.055061 0.010549 0.078347
v 0.075033 0.010515 0.126395
v 0.055481 0.010571 0.078198
v 0.075967 0.010574 0.125998
v 0.055302 0.010564 0.078265
v 0.075625 0.010564 0.126144
v 0.074445 0.010427 0.126645
v 0.054414 0.010481 0.078532
v 0.074740 0.010476 0.126519
v 0.054632 0.010509 0.078476
v 0.053762 0.010373 0.078664
v 0.073863 0.010300 0.126892
v 0.054219 0.010507 0.078343
v 0.073289 0.010134 0.127135
v 0.053097 0.010224 0.078747
v 0.073534 0.010210 0.127031
v 0.053319 0.010278 0.078725
v 0.052428 0.010037 0.078779
v 0.072725 0.009931 0.127374
v 0.050752 0.009415 0.078636
v 0.072174 0.009691 0.127608
v 0.051427 0.009691 0.078732
v 0.072369 0.009781 0.127526
v 0.051449 0.009699 0.078734
v 0.050522 0.009313 0.078591
v 0.071637 0.009415 0.127836
v 0.040116 0.008420 0.058165
v 0.043120 0.007905 0.066873
v 0.052191 0.008425 0.053137
v 0.054179 0.006320 0.052683
v 0.054520 0.005791 0.052539
v 0.058724 0.006188 0.063142
v 0.058674 0.006221 0.063085
v 0.054250 0.006216 0.052653
v 0.079692 0.009816 0.124417
v 0.058558 0.010037 0.076177
v 0.079135 0.010037 0.124654
v 0.059007 0.009816 0.075685
v 0.079960 0.009694 0.124303
v 0.059040 0.009797 0.075645
v 0.057546 0.010405 0.076774
v 0.078566 0.010222 0.124895
v 0.058078 0.010222 0.076629
v 0.078804 0.010149 0.124794
v 0.058222 0.010171 0.076500
v 0.077402 0.010476 0.125389
v 0.057037 0.010476 0.077411
v 0.077603 0.010443 0.125304
v 0.057137 0.010458 0.077345
v 0.056479 0.010544 0.077739
v 0.056273 0.010598 0.077577
v 0.076812 0.010544 0.125640
v 0.055900 0.010574 0.078024
v 0.074338 0.013878 0.125400
v 0.068903 0.012825 0.123385
v 0.062922 0.008031 0.125678
v 0.083979 0.010072 0.117764
v 0.083742 -0.009899 0.117486
v 0.068805 -0.013061 0.124987
v 0.062328 -0.002237 0.129215
v 0.078314 0.014137 0.121653
v 0.077566 0.013798 0.122931
v 0.088393 0.002760 0.118495
v 0.087067 -0.006999 0.118884
v 0.084222 0.011461 0.121804
v 0.081266 -0.013047 0.122692
v 0.063051 -0.004140 0.130123
v 0.075535 -0.014375 0.122211
v 0.063765 0.008708 0.126702
v 0.073347 -0.014128 0.125928
v 0.085552 0.008000 0.119105
v 0.068757 -0.012215 0.125868
v 0.087383 0.001864 0.117104
v 0.080540 -0.012324 0.120840
v 0.087649 -0.001322 0.118106
v 0.088130 -0.002847 0.119413
v 0.071128 0.013692 0.126207
v 0.065112 0.008961 0.128922
v 0.062572 0.006024 0.128648
v 0.061154 0.000715 0.127933
v 0.063070 -0.007400 0.127256
v 0.084559 0.010491 0.120487
v 0.062503 0.002195 0.130208
v 0.065724 -0.009728 0.128998
v 0.053997 -0.024500 0.116402
v 0.058717 -0.008876 0.116402
v 0.057795 -0.009005 0.116402
v 0.056861 -0.009120 0.116402
v 0.055915 -0.009219 0.116402
v 0.054960 -0.009304 0.116402
v 0.053997 -0.009374 0.116402
v 0.078997 -0.024500 0.116402
v 0.053497 0.024500 0.115902
v 0.053497 0.008121 0.101025
v 0.053497 0.024500 0.090902
v 0.053703 0.008476 0.110064
v 0.053497 0.009422 0.098358
v 0.053497 0.009073 0.099138
v 0.053497 0.008713 0.099889
v 0.053497 0.010410 0.095842
v 0.053497 0.010092 0.096709
v 0.053497 0.009762 0.097548
v 0.053496 0.011066 0.093713
v 0.053496 0.010781 0.094623
v 0.053496 0.010485 0.095508
v 0.053997 0.012620 0.090402
v 0.076018 0.001009 0.090402
v 0.078997 0.024500 0.090402
v 0.076054 0.000305 0.090402
v 0.078997 -0.024500 0.090402
v 0.076032 0.000175 0.090402
v 0.075835 -0.002214 0.090401
v 0.075936 -0.001518 0.090401
v 0.076000 -0.000819 0.090401
v 0.075944 0.001710 0.090402
v 0.075832 0.002407 0.090402
v 0.075682 0.003099 0.090402
v 0.075305 -0.004262 0.090401
v 0.075519 -0.003588 0.090401
v 0.075695 -0.002905 0.090401
v 0.075495 0.003782 0.090402
v 0.075271 0.004456 0.090402
v 0.075010 0.005119 0.090402
v 0.074449 -0.006213 0.090401
v 0.074770 -0.005576 0.090401
v 0.075056 -0.004925 0.090401
v 0.074714 0.005769 0.090402
v 0.074382 0.006405 0.090402
v 0.074017 0.007025 0.090402
v 0.073593 -0.007615 0.090401
v 0.073617 0.007627 0.090402
v 0.073186 0.008211 0.090402
v 0.072723 0.008774 0.090402
v 0.072230 0.009314 0.090402
v 0.071708 0.009832 0.090402
v 0.071159 0.010325 0.090402
v 0.070583 0.010792 0.090402
v 0.069982 0.011232 0.090402
v 0.069358 0.011643 0.090402
v 0.066100 0.013140 0.090396
v 0.053997 -0.024500 0.090402
v 0.079497 0.024500 0.090902
v 0.079497 -0.024500 0.090902
v 0.079497 -0.024500 0.115902
v 0.079498 -0.009897 0.109658
v 0.079498 -0.010374 0.110943
v 0.079497 0.024500 0.115902
v 0.079498 0.009994 0.109946
v 0.079498 0.009670 0.109128
v 0.079498 0.009263 0.108145
v 0.079498 -0.010679 0.111832
v 0.079498 -0.010973 0.112746
v 0.079498 -0.011254 0.113681
v 0.079499 0.010936 0.112676
v 0.079498 0.010307 0.110792
v 0.079497 -0.011358 0.113933
v 0.079497 -0.011627 0.114906
v 0.078997 -0.025000 0.115902
v 0.075979 -0.025000 0.108095
v 0.053997 -0.025000 0.115902
v 0.061668 -0.024887 0.112463
v 0.061953 -0.025000 0.112892
v 0.078997 -0.025000 0.090902
v 0.075997 -0.025000 0.093902
v 0.053997 -0.025000 0.090902
v 0.056997 -0.025000 0.093902
v 0.056997 -0.025000 0.107562
v 0.070657 -0.025000 0.112902
v 0.078997 0.025000 0.115902
v 0.071042 0.025000 0.112892
v 0.053997 0.025000 0.115902
v 0.057317 0.024950 0.108366
v 0.057002 0.025000 0.107804
v 0.053997 0.025000 0.090902
v 0.056997 0.025000 0.093902
v 0.078997 0.025000 0.090902
v 0.075997 0.025000 0.093902
v 0.075997 0.025000 0.107562
v 0.062337 0.025000 0.112902
v 0.043686 -0.012264 0.064557
v 0.039845 -0.012264 0.055509
v 0.052527 0.002178 0.104784
v 0.032868 0.002178 0.058470
v 0.053430 -0.004607 0.105299
v 0.053313 -0.004350 0.105254
v 0.033350 -0.004299 0.058266
v 0.033579 -0.004984 0.058169
v 0.053379 -0.007562 0.101351
v 0.053383 -0.007391 0.101650
v 0.034563 -0.007120 0.057751
v 0.053391 -0.007012 0.102275
v 0.034465 -0.006945 0.057792
v 0.053393 -0.006946 0.102380
v 0.034322 -0.006675 0.057853
v 0.053399 -0.006626 0.102867
v 0.034138 -0.006309 0.057931
v 0.053405 -0.006310 0.103320
v 0.034096 -0.006220 0.057949
v 0.053406 -0.006234 0.103424
v 0.033886 -0.005757 0.058038
v 0.053413 -0.005835 0.103947
v 0.033842 -0.005654 0.058057
v 0.053416 -0.005656 0.104167
v 0.033692 -0.005284 0.058121
v 0.053419 -0.005431 0.104434
v 0.053425 -0.004999 0.104908
v 0.034824 -0.007561 0.057640
v 0.053375 -0.007762 0.100991
v 0.053366 -0.008125 0.100300
v 0.035093 -0.007979 0.057526
v 0.053365 -0.008155 0.100239
v 0.035213 -0.008155 0.057475
v 0.053357 -0.008479 0.099577
v 0.035380 -0.008392 0.057404
v 0.053350 -0.008727 0.099041
v 0.035630 -0.008726 0.057298
v 0.053347 -0.008824 0.098824
v 0.035681 -0.008792 0.057276
v 0.053337 -0.009160 0.098040
v 0.035996 -0.009179 0.057143
v 0.053333 -0.009272 0.097765
v 0.036075 -0.009271 0.057109
v 0.042957 -0.009327 0.073188
v 0.053326 -0.009486 0.097227
v 0.043047 -0.009330 0.073395
v 0.053316 -0.009790 0.096416
v 0.045357 -0.010204 0.076511
v 0.053318 -0.010004 0.095842
v 0.053298 -0.010282 0.094991
v 0.053279 -0.010742 0.093502
v 0.046173 -0.010623 0.077154
v 0.053303 -0.010528 0.094255
v 0.047103 -0.011096 0.077728
v 0.053284 -0.011557 0.090502
v 0.047255 -0.011172 0.077809
v 0.053307 -0.011548 0.090608
v 0.047833 -0.011453 0.078084
v 0.053294 -0.011570 0.090471
v 0.048083 -0.011571 0.078189
v 0.053279 -0.011335 0.091386
v 0.053259 -0.011172 0.091949
v 0.053269 -0.010955 0.092757
v 0.053715 -0.011914 0.089944
v 0.049680 -0.012264 0.078678
v 0.053914 -0.012030 0.089857
v 0.049580 -0.012224 0.078656
v 0.053848 -0.011993 0.089880
v 0.048849 -0.011918 0.078461
v 0.053748 -0.011934 0.089926
v 0.048887 -0.011934 0.078472
v 0.053780 -0.011953 0.089909
v 0.049084 -0.012019 0.078530
v 0.054409 -0.012264 0.089819
v 0.050329 -0.012511 0.078795
v 0.054791 -0.012424 0.089824
v 0.050462 -0.012559 0.078813
v 0.055138 -0.012559 0.089828
v 0.051084 -0.012770 0.078876
v 0.055480 -0.012683 0.089833
v 0.051233 -0.012817 0.078885
v 0.055882 -0.012818 0.089838
v 0.058005 -0.013384 0.090075
v 0.059473 -0.013609 0.090131
v 0.055711 -0.013573 0.078043
v 0.061324 -0.013565 0.089910
v 0.055866 -0.013574 0.078039
v 0.061364 -0.013564 0.089910
v 0.056106 -0.013566 0.077848
v 0.062068 -0.013523 0.089919
v 0.056323 -0.013560 0.077825
v 0.062158 -0.013515 0.089921
v 0.056894 -0.013515 0.077517
v 0.062808 -0.013446 0.089929
v 0.056985 -0.013505 0.077464
v 0.062949 -0.013427 0.089931
v 0.057514 -0.013427 0.077127
v 0.063544 -0.013335 0.089939
v 0.057620 -0.013408 0.077053
v 0.063733 -0.013301 0.089941
v 0.058108 -0.013301 0.076689
v 0.064272 -0.013190 0.089948
v 0.058232 -0.013269 0.076590
v 0.064509 -0.013136 0.089952
v 0.058674 -0.013136 0.076206
v 0.064991 -0.013013 0.089958
v 0.058817 -0.013086 0.076071
v 0.065274 -0.012933 0.089962
v 0.059209 -0.012933 0.075675
v 0.065700 -0.012802 0.089967
v 0.059362 -0.012866 0.075508
v 0.066025 -0.012693 0.089972
v 0.059709 -0.012694 0.075098
v 0.066396 -0.012559 0.089976
v 0.059877 -0.012601 0.074882
v 0.066762 -0.012416 0.089981
v 0.060176 -0.012416 0.074465
v 0.067078 -0.012284 0.089985
v 0.060195 -0.012404 0.074437
v 0.067482 -0.012104 0.089991
v 0.060601 -0.012104 0.073781
v 0.067744 -0.011979 0.089994
v 0.060624 -0.012085 0.073741
v 0.068182 -0.011756 0.090000
v 0.060981 -0.011756 0.073036
v 0.068392 -0.011643 0.090003
v 0.060993 -0.011744 0.073010
v 0.068860 -0.011375 0.090009
v 0.061310 -0.011375 0.072221
v 0.069021 -0.011278 0.090011
v 0.061325 -0.011356 0.072181
v 0.069516 -0.010961 0.090018
v 0.061579 -0.010961 0.071318
v 0.069628 -0.010885 0.090019
v 0.061616 -0.010890 0.071161
v 0.070146 -0.010515 0.090026
v 0.061252 -0.010338 0.069757
v 0.061770 -0.010515 0.070293
v 0.070214 -0.010464 0.090027
v 0.061790 -0.010448 0.070131
v 0.070749 -0.010039 0.090034
v 0.071323 -0.009534 0.090041
v 0.061849 -0.010028 0.069035
v 0.061849 -0.010039 0.069065
v 0.070775 -0.010017 0.090034
v 0.071318 -0.009550 0.090065
v 0.071867 -0.009002 0.090049
v 0.061678 -0.009534 0.067317
v 0.071821 -0.009049 0.090048
v 0.061656 -0.009511 0.067207
v 0.054556 -0.009002 0.049265
v 0.061076 -0.009420 0.065694
v 0.052411 -0.010910 0.049662
v 0.072303 -0.008531 0.090054
v 0.054568 -0.008987 0.049259
v 0.072379 -0.008444 0.090055
v 0.054987 -0.008444 0.049081
v 0.072755 -0.007991 0.090060
v 0.055170 -0.008187 0.049004
v 0.072857 -0.007861 0.090062
v 0.055390 -0.007861 0.048910
v 0.073178 -0.007431 0.090066
v 0.055450 -0.007769 0.048885
v 0.073301 -0.007256 0.090067
v 0.055764 -0.007255 0.048752
v 0.073569 -0.006853 0.090071
v 0.055964 -0.006899 0.048667
v 0.073708 -0.006629 0.090073
v 0.056107 -0.006629 0.048606
v 0.073928 -0.006257 0.090076
v 0.056198 -0.006449 0.048567
v 0.074078 -0.005984 0.090078
v 0.056419 -0.005984 0.048474
v 0.074253 -0.005646 0.090080
v 0.056618 -0.005521 0.048389
v 0.074410 -0.005321 0.090082
v 0.056698 -0.005321 0.048355
v 0.074545 -0.005021 0.090084
v 0.056803 -0.005045 0.048311
v 0.074703 -0.004643 0.090086
v 0.056945 -0.004643 0.048250
v 0.074803 -0.004383 0.090087
v 0.056971 -0.004562 0.048239
v 0.074955 -0.003952 0.090089
v 0.057035 -0.004063 0.048013
v 0.057157 -0.003952 0.048160
v 0.075025 -0.003735 0.090090
v 0.057257 -0.003576 0.048118
v 0.075166 -0.003249 0.090092
v 0.057335 -0.003249 0.048085
v 0.075211 -0.003077 0.090093
v 0.057472 -0.002569 0.048026
v 0.075336 -0.002537 0.090094
v 0.057478 -0.002537 0.048024
v 0.075361 -0.002411 0.090095
v 0.057554 -0.002060 0.047992
v 0.075464 -0.001817 0.090096
v 0.057586 -0.001817 0.047978
v 0.075475 -0.001740 0.090096
v 0.057617 -0.001547 0.047965
v 0.075549 -0.001092 0.090097
v 0.057658 -0.001092 0.047948
v 0.075551 -0.001064 0.090097
v 0.057662 -0.001033 0.047946
v 0.075591 -0.000385 0.090098
v 0.057689 -0.000517 0.047934
v 0.075592 -0.000364 0.090098
v 0.057694 -0.000364 0.047933
v 0.075594 0.000294 0.090098
v 0.057698 0.000000 0.047931
v 0.075592 0.000364 0.090098
v 0.057694 0.000364 0.047933
v 0.075559 0.000973 0.090097
v 0.057689 0.000517 0.047934
v 0.075549 0.001092 0.090097
v 0.057658 0.001092 0.047948
v 0.075487 0.001650 0.090096
v 0.057617 0.001547 0.047965
v 0.075464 0.001817 0.090096
v 0.057554 0.002060 0.047992
v 0.075378 0.002322 0.090095
v 0.057478 0.002537 0.048024
v 0.075382 0.002367 0.090119
v 0.075233 0.002988 0.090093
v 0.057472 0.002569 0.048026
v 0.075166 0.003249 0.090092
v 0.057335 0.003249 0.048085
v 0.075052 0.003648 0.090090
v 0.057257 0.003576 0.048118
v 0.074955 0.003952 0.090089
v 0.057157 0.003952 0.048160
v 0.074834 0.004298 0.090088
v 0.057123 0.004072 0.048175
v 0.074703 0.004643 0.090086
v 0.056945 0.004643 0.048250
v 0.074581 0.004937 0.090084
v 0.056803 0.005045 0.048311
v 0.074410 0.005321 0.090082
v 0.056698 0.005321 0.048355
v 0.074294 0.005564 0.090081
v 0.056618 0.005521 0.048389
v 0.074078 0.005984 0.090078
v 0.056419 0.005984 0.048474
v 0.073972 0.006178 0.090076
v 0.056416 0.005990 0.048475
v 0.073708 0.006629 0.090073
v 0.056107 0.006629 0.048606
v 0.073618 0.006775 0.090072
v 0.055964 0.006899 0.048667
v 0.073301 0.007256 0.090067
v 0.055764 0.007255 0.048752
v 0.073231 0.007356 0.090067
v 0.054556 0.009002 0.049265
v 0.071867 0.009002 0.090049
v 0.054568 0.008987 0.049259
v 0.071885 0.008984 0.090049
v 0.054876 0.008593 0.049129
v 0.072363 0.008462 0.090055
v 0.054987 0.008444 0.049081
v 0.072379 0.008444 0.090055
v 0.055170 0.008187 0.049004
v 0.072812 0.007919 0.090061
v 0.055390 0.007861 0.048910
v 0.072858 0.007861 0.090062
v 0.055450 0.007769 0.048885
v 0.061115 0.009327 0.065480
v 0.061201 0.009330 0.065689
v 0.071379 0.009483 0.090042
v 0.061282 0.009338 0.065899
v 0.071323 0.009534 0.090041
v 0.061750 0.009632 0.067737
v 0.070749 0.010039 0.090034
v 0.061773 0.010508 0.070275
v 0.070146 0.010515 0.090026
v 0.061632 0.010858 0.071088
v 0.069516 0.010961 0.090018
v 0.061341 0.011334 0.072134
v 0.068860 0.011375 0.090009
v 0.061047 0.011688 0.072891
v 0.060702 0.012019 0.073599
v 0.067482 0.012104 0.089991
v 0.060313 0.012323 0.074259
v 0.066762 0.012416 0.089981
v 0.059722 0.012687 0.075082
v 0.066483 0.012526 0.089978
v 0.059711 0.012693 0.075095
v 0.066025 0.012693 0.089972
v 0.059226 0.012926 0.075657
v 0.065789 0.012773 0.089968
v 0.059209 0.012933 0.075675
v 0.065274 0.012933 0.089962
v 0.058685 0.013132 0.076196
v 0.065081 0.012988 0.089959
v 0.058674 0.013136 0.076206
v 0.064509 0.013136 0.089952
v 0.058211 0.013274 0.076607
v 0.064363 0.013170 0.089950
v 0.058108 0.013301 0.076689
v 0.063733 0.013301 0.089941
v 0.057614 0.013409 0.077057
v 0.063636 0.013319 0.089940
v 0.062949 0.013427 0.089931
v 0.056987 0.013505 0.077462
v 0.062901 0.013434 0.089930
v 0.061417 0.013562 0.089911
v 0.056250 0.013564 0.077861
v 0.061364 0.013564 0.089910
v 0.060672 0.013575 0.089901
v 0.055752 0.013575 0.078088
v 0.060568 0.013574 0.089900
v 0.055584 0.013574 0.078158
v 0.055631 0.013574 0.078115
v 0.052535 0.013140 0.078509
v 0.049877 0.012366 0.078472
v 0.053245 0.011479 0.090728
v 0.047255 0.011172 0.077809
v 0.053438 0.011675 0.090571
v 0.053279 0.010743 0.093501
v 0.047154 0.011121 0.077755
v 0.053272 0.010896 0.092968
v 0.053259 0.011158 0.092005
v 0.053298 0.010281 0.094992
v 0.046255 0.010665 0.077210
v 0.046405 0.010742 0.077311
v 0.053284 0.010622 0.093907
v 0.053295 0.010337 0.094822
v 0.053316 0.009791 0.096415
v 0.045507 0.010280 0.076641
v 0.053307 0.010040 0.095710
v 0.045431 0.010242 0.076576
v 0.053333 0.009272 0.097765
v 0.044376 0.009733 0.075507
v 0.044503 0.009790 0.075655
v 0.053318 0.009733 0.096572
v 0.053329 0.009415 0.097407
v 0.043323 0.009508 0.072668
v 0.036075 0.009271 0.057109
v 0.053339 0.009088 0.098213
v 0.035996 0.009179 0.057143
v 0.053349 0.008750 0.098989
v 0.035681 0.008792 0.057276
v 0.053350 0.008726 0.099043
v 0.035630 0.008726 0.057298
v 0.053359 0.008404 0.099735
v 0.035380 0.008392 0.057404
v 0.053365 0.008156 0.100238
v 0.035213 0.008155 0.057475
v 0.053368 0.008048 0.100450
v 0.035093 0.007979 0.057526
v 0.053377 0.007684 0.101133
v 0.034824 0.007561 0.057640
v 0.053379 0.007562 0.101351
v 0.053385 0.007312 0.101784
v 0.034821 0.007555 0.057642
v 0.053393 0.006945 0.102382
v 0.034465 0.006945 0.057792
v 0.053393 0.006933 0.102401
v 0.034322 0.006675 0.057853
v 0.033579 0.004984 0.058169
v 0.053288 0.004299 0.105239
v 0.033350 0.004299 0.058266
v 0.053435 0.004951 0.104979
v 0.053425 0.004984 0.104923
v 0.033692 0.005284 0.058121
v 0.053420 0.005351 0.104525
v 0.033842 0.005654 0.058057
v 0.053416 0.005656 0.104168
v 0.033886 0.005757 0.058038
v 0.053414 0.005755 0.104047
v 0.034096 0.006220 0.057949
v 0.053407 0.006154 0.103533
v 0.034138 0.006309 0.057931
v 0.053405 0.006310 0.103319
v 0.053400 0.006546 0.102984
v 0.032994 0.002894 0.058417
v 0.052725 0.002894 0.104900
v 0.033087 0.003326 0.058377
v 0.052791 0.003096 0.104940
v 0.033154 0.003601 0.058349
v 0.052978 0.003601 0.105051
v 0.033213 0.003825 0.058324
v 0.053074 0.003833 0.105109
v 0.052853 0.002277 0.105113
v 0.032778 0.001455 0.058508
v 0.032724 0.000729 0.058531
v 0.052302 0.000729 0.104654
v 0.052387 0.001455 0.104703
v 0.032817 0.001804 0.058492
v 0.052395 0.001508 0.104707
v 0.032724 -0.000729 0.058531
v 0.052284 -0.000441 0.104643
v 0.032709 -0.000258 0.058538
v 0.052276 -0.000191 0.104638
v 0.032706 0.000000 0.058539
v 0.052304 -0.000037 0.104699
v 0.052274 0.000000 0.104637
v 0.032709 0.000258 0.058538
v 0.052277 0.000246 0.104639
v 0.052387 -0.001454 0.104702
v 0.032868 -0.002178 0.058470
v 0.052428 -0.001701 0.104727
v 0.032817 -0.001804 0.058492
v 0.052591 -0.002432 0.104822
v 0.032994 -0.002894 0.058417
v 0.052477 -0.001820 0.104800
v 0.052810 -0.003151 0.104951
v 0.033154 -0.003601 0.058349
v 0.033087 -0.003326 0.058377
v 0.052731 -0.002913 0.104904
v 0.053096 -0.003882 0.105122
v 0.033213 -0.003825 0.058324
v 0.052995 -0.003644 0.105061
v 0.036546 -0.009790 0.056909
v 0.042248 -0.010251 0.069051
v 0.042264 -0.009790 0.070382
v 0.036324 -0.009553 0.057003
v 0.042275 -0.009756 0.070495
v 0.037019 -0.010259 0.056708
v 0.042253 -0.010281 0.068974
v 0.037042 -0.010281 0.056698
v 0.037562 -0.010742 0.056478
v 0.042394 -0.010742 0.067863
v 0.037385 -0.010590 0.056553
v 0.042357 -0.010650 0.068076
v 0.042778 -0.010204 0.069327
v 0.042861 -0.011491 0.066217
v 0.038104 -0.011172 0.056248
v 0.038547 -0.011489 0.056060
v 0.042927 -0.011570 0.066049
v 0.038666 -0.011570 0.056009
v 0.042627 -0.011172 0.066905
v 0.037762 -0.010906 0.056393
v 0.042601 -0.011131 0.066994
v 0.039247 -0.011934 0.055763
v 0.043585 -0.012188 0.064723
v 0.039371 -0.012006 0.055710
v 0.043283 -0.011934 0.065271
v 0.038954 -0.011756 0.055887
v 0.043190 -0.011847 0.065458
v 0.049390 -0.012765 0.051312
v 0.052466 -0.012933 0.059789
v 0.049513 -0.012742 0.051405
v 0.052653 -0.012877 0.059793
v 0.049633 -0.012693 0.051354
v 0.050254 -0.012416 0.051090
v 0.053408 -0.012633 0.059848
v 0.049957 -0.012554 0.051217
v 0.053232 -0.012693 0.059830
v 0.053831 -0.012494 0.059994
v 0.054097 0.009534 0.049459
v 0.060192 0.009534 0.063817
v 0.054246 0.009368 0.049396
v 0.060216 0.009525 0.063851
v 0.053613 0.010039 0.049664
v 0.059055 0.010039 0.062482
v 0.053911 0.009735 0.049538
v 0.059164 0.009985 0.062589
v 0.052831 0.002668 0.049581
v 0.052581 -0.005275 0.052699
v 0.057497 -0.024500 0.107562
v 0.075902 0.018226 0.106987
v 0.071232 0.024870 0.112460
v 0.057535 0.024620 0.108306
v 0.066635 -0.021006 0.111377
v 0.057891 0.018944 0.103392
v 0.055617 -0.008421 0.060938
v 0.056260 -0.011417 0.061078
v 0.043611 -0.005557 0.072560
v 0.053839 -0.008990 0.114959
v 0.053971 0.008921 0.115527
v 0.062800 0.005033 0.118808
v 0.063684 0.008687 0.112671
v 0.057360 0.008577 0.115763
v 0.057879 0.008513 0.115753
v 0.063665 0.008517 0.113282
v 0.056429 0.008679 0.115781
v 0.056355 0.008687 0.115782
v 0.063683 0.008722 0.112525
v 0.055487 0.008768 0.115799
v 0.063659 0.008823 0.112053
v 0.053984 0.008980 0.114878
v 0.063570 0.008928 0.111394
v 0.053977 0.008953 0.115234
v 0.063580 0.008921 0.111448
v 0.063442 0.008980 0.110863
v 0.053989 0.008992 0.114636
v 0.063424 0.008984 0.110801
v 0.053997 0.009000 0.114226
v 0.063448 0.009005 0.110524
v 0.059478 0.007421 0.106289
v 0.054094 -0.003237 0.105216
v 0.053660 -0.004638 0.105644
v 0.061928 -0.008693 0.108168
v 0.054021 -0.008935 0.113040
v 0.054009 -0.008984 0.113636
v 0.062881 -0.008966 0.109606
v 0.054016 -0.008956 0.113250
v 0.062822 -0.008956 0.109512
v 0.063118 -0.008995 0.110032
v 0.054004 -0.008995 0.113900
v 0.063171 -0.008998 0.110144
v 0.053997 -0.009000 0.114235
v 0.053991 -0.008995 0.114552
v 0.063350 -0.008995 0.110580
v 0.079380 -0.006227 0.096070
v 0.079414 -0.000180 0.093405
v 0.074755 0.002963 0.096125
v 0.069496 -0.011472 0.129367
v 0.077048 -0.013630 0.125936
v 0.085838 -0.008657 0.122210
v 0.088572 0.003345 0.120055
v 0.082294 0.011929 0.123667
v 0.076809 0.013779 0.125829
v 0.070502 0.012183 0.128832
v 0.082198 -0.011874 0.123826
v 0.088310 -0.003511 0.121249
v 0.053899 0.012485 0.090411
v 0.053874 0.012500 0.090418
v 0.053874 0.024500 0.090418
v 0.053864 0.012489 0.090420
v 0.053835 0.012457 0.090429
v 0.053835 0.024500 0.090429
v 0.053796 0.012413 0.090444
v 0.053796 0.024500 0.090444
v 0.053774 0.012345 0.090454
v 0.053760 0.012370 0.090462
v 0.053759 0.024500 0.090463
v 0.053724 0.012324 0.090484
v 0.053724 0.024500 0.090484
v 0.053499 0.024500 0.090859
v 0.053499 0.011906 0.090861
v 0.053512 0.011961 0.090779
v 0.053504 0.024500 0.090820
v 0.053504 0.011932 0.090820
v 0.053502 0.011923 0.090833
v 0.053510 0.024559 0.090800
v 0.053512 0.024500 0.090780
v 0.053525 0.011995 0.090738
v 0.053515 0.024532 0.090774
v 0.053524 0.024500 0.090740
v 0.053539 0.012029 0.090701
v 0.053527 0.024500 0.090731
v 0.053539 0.024500 0.090701
v 0.053554 0.012060 0.090671
v 0.053557 0.012067 0.090664
v 0.053549 0.024571 0.090687
v 0.053557 0.024500 0.090664
v 0.053558 0.011941 0.090628
v 0.053579 0.012107 0.090629
v 0.053565 0.024529 0.090653
v 0.053579 0.024500 0.090629
v 0.053593 0.012132 0.090608
v 0.053588 0.024500 0.090616
v 0.053710 0.024500 0.090493
v 0.053709 0.012305 0.090494
v 0.053690 0.024500 0.090508
v 0.053690 0.012279 0.090508
v 0.053676 0.024500 0.090519
v 0.053679 0.012264 0.090517
v 0.053658 0.024500 0.090534
v 0.053659 0.012235 0.090534
v 0.053644 0.024500 0.090549
v 0.053650 0.012223 0.090542
v 0.053629 0.024500 0.090564
v 0.053629 0.012191 0.090564
v 0.053614 0.024500 0.090581
v 0.053624 0.012183 0.090569
v 0.053603 0.024500 0.090595
v 0.053603 0.012148 0.090595
v 0.053734 0.024540 0.090478
v 0.053787 0.024513 0.090449
v 0.053806 0.024585 0.090445
v 0.053868 0.024514 0.090419
v 0.053915 0.012542 0.090409
v 0.053915 0.024500 0.090409
v 0.053954 0.024500 0.090404
v 0.053956 0.012582 0.090404
v 0.053940 0.012566 0.090406
v 0.053997 0.024544 0.090404
v 0.078997 0.024544 0.090404
v 0.053997 0.024587 0.090410
v 0.078997 0.024587 0.090410
v 0.053997 0.024629 0.090419
v 0.078997 0.024629 0.090419
v 0.053997 0.024671 0.090432
v 0.078997 0.024671 0.090432
v 0.053997 0.024711 0.090449
v 0.078997 0.024711 0.090449
v 0.053997 0.024750 0.090469
v 0.078997 0.024750 0.090469
v 0.053997 0.024787 0.090493
v 0.078997 0.024787 0.090493
v 0.053997 0.024821 0.090519
v 0.078997 0.024821 0.090519
v 0.053997 0.024854 0.090549
v 0.078997 0.024854 0.090549
v 0.053997 0.024883 0.090581
v 0.078997 0.024883 0.090581
v 0.053997 0.024910 0.090616
v 0.078997 0.024910 0.090616
v 0.053997 0.024933 0.090652
v 0.078997 0.024933 0.090652
v 0.053997 0.024953 0.090691
v 0.078997 0.024953 0.090691
v 0.053997 0.024970 0.090731
v 0.078997 0.024970 0.090731
v 0.053997 0.024983 0.090773
v 0.078997 0.024983 0.090773
v 0.053997 0.024992 0.090815
v 0.078997 0.024992 0.090815
v 0.053997 0.024998 0.090859
v 0.078997 0.024998 0.090859
v 0.079041 0.024500 0.090404
v 0.079041 -0.024500 0.090404
v 0.079084 0.024500 0.090410
v 0.079084 -0.024500 0.090410
v 0.079127 0.024500 0.090419
v 0.079127 -0.024500 0.090419
v 0.079168 0.024500 0.090432
v 0.079168 -0.024500 0.090432
v 0.079208 0.024500 0.090449
v 0.079208 -0.024500 0.090449
v 0.079247 0.024500 0.090469
v 0.079247 -0.024500 0.090469
v 0.079284 0.024500 0.090493
v 0.079284 -0.024500 0.090493
v 0.079319 0.024500 0.090519
v 0.079319 -0.024500 0.090519
v 0.079351 0.024500 0.090549
v 0.079351 -0.024500 0.090549
v 0.079380 0.024500 0.090581
v 0.079380 -0.024500 0.090581
v 0.079407 0.024500 0.090616
v 0.079407 -0.024500 0.090616
v 0.079430 0.024500 0.090652
v 0.079430 -0.024500 0.090652
v 0.079450 0.024500 0.090691
v 0.079450 -0.024500 0.090691
v 0.079467 0.024500 0.090731
v 0.079467 -0.024500 0.090731
v 0.079480 0.024500 0.090773
v 0.079480 -0.024500 0.090773
v 0.079490 0.024500 0.090815
v 0.079490 -0.024500 0.090815
v 0.079495 0.024500 0.090859
v 0.079495 -0.024500 0.090859
v 0.053997 -0.024541 0.090404
v 0.053997 -0.024544 0.090404
v 0.078997 -0.024544 0.090404
v 0.053979 -0.024564 0.090406
v 0.053997 -0.024587 0.090410
v 0.078997 -0.024587 0.090410
v 0.053978 -0.024621 0.090418
v 0.053997 -0.024629 0.090419
v 0.078997 -0.024629 0.090419
v 0.053935 -0.024655 0.090429
v 0.053997 -0.024671 0.090432
v 0.078997 -0.024671 0.090432
v 0.053997 -0.024701 0.090444
v 0.053997 -0.024711 0.090449
v 0.078997 -0.024711 0.090449
v 0.053905 -0.024720 0.090459
v 0.053997 -0.024750 0.090469
v 0.078997 -0.024750 0.090469
v 0.053955 -0.024771 0.090484
v 0.053997 -0.024787 0.090493
v 0.078997 -0.024787 0.090493
v 0.053908 -0.024817 0.090522
v 0.053997 -0.024821 0.090519
v 0.078997 -0.024821 0.090519
v 0.053975 -0.024837 0.090534
v 0.053997 -0.024854 0.090549
v 0.078997 -0.024854 0.090549
v 0.053997 -0.024868 0.090564
v 0.078997 -0.024883 0.090581
v 0.053997 -0.024895 0.090595
v 0.078997 -0.024910 0.090616
v 0.053997 -0.024919 0.090629
v 0.078997 -0.024933 0.090652
v 0.053997 -0.024940 0.090664
v 0.078997 -0.024953 0.090691
v 0.053997 -0.024958 0.090701
v 0.078997 -0.024970 0.090731
v 0.053997 -0.024973 0.090740
v 0.078997 -0.024983 0.090773
v 0.053997 -0.024985 0.090780
v 0.078997 -0.024992 0.090815
v 0.053997 -0.024993 0.090820
v 0.078997 -0.024998 0.090859
v 0.053997 -0.024998 0.090859
v 0.053997 -0.024998 0.090861
v 0.053956 -0.024500 0.090404
v 0.053915 -0.024500 0.090409
v 0.053915 -0.012542 0.090409
v 0.053938 -0.012520 0.090405
v 0.053956 -0.012582 0.090404
v 0.053874 -0.024500 0.090418
v 0.053835 -0.024500 0.090429
v 0.053835 -0.012457 0.090429
v 0.053874 -0.012500 0.090418
v 0.053905 -0.012460 0.090408
v 0.053796 -0.024500 0.090444
v 0.053759 -0.024500 0.090463
v 0.053759 -0.012369 0.090463
v 0.053787 -0.012303 0.090442
v 0.053796 -0.012413 0.090444
v 0.053830 -0.012407 0.090430
v 0.053690 -0.024500 0.090508
v 0.053714 -0.012311 0.090490
v 0.053724 -0.024500 0.090484
v 0.053724 -0.012324 0.090484
v 0.053743 -0.012309 0.090471
v 0.053658 -0.024500 0.090534
v 0.053683 -0.012270 0.090513
v 0.053690 -0.012279 0.090508
v 0.053629 -0.024500 0.090564
v 0.053634 -0.012197 0.090559
v 0.053603 -0.024500 0.090595
v 0.053609 -0.012159 0.090587
v 0.053629 -0.012191 0.090564
v 0.053579 -0.024500 0.090629
v 0.053587 -0.012121 0.090616
v 0.053557 -0.024500 0.090664
v 0.053567 -0.012085 0.090647
v 0.053546 -0.011983 0.090682
v 0.053539 -0.024500 0.090701
v 0.053549 -0.012051 0.090680
v 0.053531 -0.012011 0.090721
v 0.053524 -0.024500 0.090740
v 0.053520 -0.011982 0.090753
v 0.053512 -0.024500 0.090780
v 0.053511 -0.011956 0.090787
v 0.053504 -0.024500 0.090820
v 0.053499 -0.011910 0.090855
v 0.053499 -0.024500 0.090861
v 0.053498 -0.011877 0.090871
v 0.053498 -0.011897 0.090877
v 0.071828 -0.009057 0.090078
v 0.072311 -0.008538 0.090084
v 0.072764 -0.007998 0.090090
v 0.073187 -0.007437 0.090095
v 0.073578 -0.006859 0.090099
v 0.073938 -0.006263 0.090104
v 0.074264 -0.005651 0.090108
v 0.074814 -0.004387 0.090115
v 0.074556 -0.005025 0.090111
v 0.075223 -0.003080 0.090120
v 0.075036 -0.003738 0.090117
v 0.075373 -0.002413 0.090121
v 0.075487 -0.001741 0.090123
v 0.075564 -0.001065 0.090124
v 0.075603 -0.000386 0.090124
v 0.075606 0.000295 0.090124
v 0.075571 0.000974 0.090124
v 0.075499 0.001651 0.090123
v 0.075245 0.002991 0.090120
v 0.075063 0.003651 0.090118
v 0.074845 0.004302 0.090115
v 0.074304 0.005569 0.090108
v 0.074592 0.004942 0.090112
v 0.073627 0.006781 0.090100
v 0.073982 0.006183 0.090104
v 0.073240 0.007363 0.090095
v 0.072821 0.007926 0.090090
v 0.072371 0.008469 0.090085
v 0.071892 0.008991 0.090079
v 0.061313 -0.013575 0.090006
v 0.063914 -0.013301 0.090100
v 0.069852 -0.010792 0.090158
v 0.070784 -0.010028 0.090079
v 0.071326 -0.009561 0.090102
v 0.071837 -0.009065 0.090108
v 0.072320 -0.008546 0.090113
v 0.072774 -0.008005 0.090118
v 0.073197 -0.007445 0.090123
v 0.073589 -0.006866 0.090127
v 0.073949 -0.006269 0.090131
v 0.074276 -0.005657 0.090135
v 0.074568 -0.005031 0.090138
v 0.074826 -0.004392 0.090141
v 0.075049 -0.003742 0.090144
v 0.075236 -0.003083 0.090146
v 0.075386 -0.002416 0.090147
v 0.075500 -0.001743 0.090149
v 0.075577 -0.001066 0.090150
v 0.075617 -0.000386 0.090150
v 0.075619 0.000295 0.090150
v 0.075585 0.000975 0.090150
v 0.075513 0.001653 0.090149
v 0.075404 0.002327 0.090148
v 0.075258 0.002995 0.090146
v 0.075076 0.003655 0.090144
v 0.074858 0.004306 0.090142
v 0.074605 0.004947 0.090139
v 0.074316 0.005575 0.090135
v 0.073994 0.006189 0.090132
v 0.073638 0.006788 0.090128
v 0.073250 0.007370 0.090123
v 0.072831 0.007933 0.090119
v 0.072381 0.008477 0.090114
v 0.071901 0.008999 0.090108
v 0.070309 0.010430 0.090123
v 0.064045 0.013292 0.090146
v 0.062880 0.013486 0.090153
v 0.069726 0.010853 0.090116
v 0.070861 0.009972 0.090100
v 0.071400 0.009497 0.090113
v 0.071911 0.009009 0.090137
v 0.072391 0.008486 0.090142
v 0.072842 0.007942 0.090146
v 0.073262 0.007378 0.090151
v 0.073651 0.006796 0.090155
v 0.074007 0.006197 0.090158
v 0.074330 0.005582 0.090162
v 0.074618 0.004953 0.090165
v 0.074872 0.004311 0.090167
v 0.075090 0.003659 0.090169
v 0.075273 0.002998 0.090171
v 0.075419 0.002329 0.090173
v 0.075528 0.001655 0.090174
v 0.075600 0.000976 0.090175
v 0.075635 0.000295 0.090175
v 0.075632 -0.000386 0.090175
v 0.075592 -0.001067 0.090175
v 0.075515 -0.001745 0.090174
v 0.075401 -0.002419 0.090173
v 0.075251 -0.003087 0.090171
v 0.075063 -0.003747 0.090169
v 0.074840 -0.004397 0.090167
v 0.074582 -0.005037 0.090164
v 0.074289 -0.005664 0.090161
v 0.073962 -0.006276 0.090158
v 0.073601 -0.006873 0.090154
v 0.073209 -0.007453 0.090150
v 0.072785 -0.008014 0.090146
v 0.072331 -0.008555 0.090141
v 0.071847 -0.009075 0.090136
v 0.071336 -0.009572 0.090131
v 0.067848 0.011955 0.090095
v 0.071923 0.009020 0.090165
v 0.072403 0.008497 0.090169
v 0.072855 0.007952 0.090173
v 0.073275 0.007388 0.090177
v 0.073664 0.006805 0.090181
v 0.074021 0.006205 0.090184
v 0.074344 0.005589 0.090187
v 0.074633 0.004959 0.090190
v 0.074888 0.004317 0.090192
v 0.075106 0.003664 0.090194
v 0.075289 0.003002 0.090196
v 0.075435 0.002333 0.090197
v 0.075544 0.001657 0.090198
v 0.075616 0.000978 0.090199
v 0.075651 0.000296 0.090199
v 0.075649 -0.000387 0.090199
v 0.075609 -0.001069 0.090199
v 0.075532 -0.001748 0.090198
v 0.075418 -0.002422 0.090197
v 0.075267 -0.003091 0.090195
v 0.075079 -0.003751 0.090194
v 0.074856 -0.004403 0.090192
v 0.074597 -0.005043 0.090189
v 0.074304 -0.005671 0.090187
v 0.073976 -0.006284 0.090184
v 0.073615 -0.006882 0.090180
v 0.073222 -0.007463 0.090177
v 0.072797 -0.008024 0.090173
v 0.072343 -0.008566 0.090168
v 0.071859 -0.009086 0.090164
v 0.071346 -0.009583 0.090159
v 0.070803 -0.010049 0.090140
v 0.054346 -0.012526 0.090304
v 0.061529 0.013585 0.090069
v 0.070896 0.010017 0.090196
v 0.071426 0.009533 0.090187
v 0.071936 0.009032 0.090191
v 0.072417 0.008508 0.090195
v 0.072869 0.007963 0.090199
v 0.073290 0.007398 0.090202
v 0.073680 0.006814 0.090206
v 0.074037 0.006213 0.090209
v 0.074360 0.005597 0.090211
v 0.074650 0.004966 0.090214
v 0.074904 0.004323 0.090216
v 0.075123 0.003669 0.090218
v 0.075306 0.003006 0.090219
v 0.075453 0.002336 0.090220
v 0.075562 0.001660 0.090221
v 0.075634 0.000979 0.090222
v 0.075669 0.000296 0.090222
v 0.075667 -0.000387 0.090222
v 0.075627 -0.001070 0.090222
v 0.075550 -0.001750 0.090221
v 0.075435 -0.002426 0.090220
v 0.075284 -0.003095 0.090219
v 0.075096 -0.003757 0.090217
v 0.074873 -0.004409 0.090215
v 0.074614 -0.005050 0.090213
v 0.074320 -0.005679 0.090211
v 0.073992 -0.006293 0.090208
v 0.073630 -0.006892 0.090205
v 0.073237 -0.007473 0.090202
v 0.072811 -0.008035 0.090198
v 0.072356 -0.008578 0.090195
v 0.071871 -0.009098 0.090191
v 0.071358 -0.009596 0.090186
v 0.070819 -0.010069 0.090182
v 0.067125 -0.012350 0.090192
v 0.071439 0.009547 0.090213
v 0.071949 0.009045 0.090216
v 0.072431 0.008521 0.090220
v 0.072884 0.007975 0.090223
v 0.073306 0.007409 0.090227
v 0.073696 0.006824 0.090229
v 0.074054 0.006223 0.090232
v 0.074378 0.005605 0.090234
v 0.074668 0.004974 0.090237
v 0.074923 0.004330 0.090238
v 0.075142 0.003675 0.090240
v 0.075325 0.003011 0.090241
v 0.075472 0.002339 0.090242
v 0.075581 0.001662 0.090243
v 0.075654 0.000981 0.090244
v 0.075689 0.000297 0.090244
v 0.075686 -0.000388 0.090244
v 0.075646 -0.001072 0.090244
v 0.075569 -0.001753 0.090243
v 0.075454 -0.002429 0.090242
v 0.075303 -0.003100 0.090241
v 0.075115 -0.003763 0.090240
v 0.074891 -0.004416 0.090238
v 0.074631 -0.005058 0.090236
v 0.074337 -0.005688 0.090234
v 0.074008 -0.006303 0.090232
v 0.073647 -0.006902 0.090229
v 0.073252 -0.007484 0.090226
v 0.072826 -0.008047 0.090223
v 0.072370 -0.008590 0.090220
v 0.071885 -0.009111 0.090216
v 0.071371 -0.009610 0.090212
v 0.070831 -0.010084 0.090208
v 0.070249 -0.010508 0.090164
v 0.069313 0.011163 0.090177
v 0.070359 0.010501 0.090242
v 0.070916 0.010040 0.090234
v 0.071453 0.009562 0.090237
v 0.071964 0.009060 0.090241
v 0.072447 0.008534 0.090244
v 0.072900 0.007988 0.090247
v 0.073323 0.007421 0.090249
v 0.073714 0.006835 0.090252
v 0.074072 0.006233 0.090254
v 0.074396 0.005614 0.090256
v 0.074687 0.004982 0.090258
v 0.074942 0.004337 0.090260
v 0.075162 0.003681 0.090261
v 0.075345 0.003016 0.090262
v 0.075492 0.002343 0.090263
v 0.075602 0.001665 0.090264
v 0.075674 0.000982 0.090264
v 0.075709 0.000297 0.090265
v 0.075707 -0.000389 0.090265
v 0.075667 -0.001074 0.090264
v 0.075589 -0.001756 0.090264
v 0.075475 -0.002433 0.090263
v 0.075323 -0.003105 0.090262
v 0.075135 -0.003769 0.090261
v 0.074910 -0.004423 0.090260
v 0.074650 -0.005066 0.090258
v 0.074356 -0.005697 0.090256
v 0.074026 -0.006313 0.090254
v 0.073664 -0.006913 0.090252
v 0.073269 -0.007496 0.090249
v 0.072843 -0.008060 0.090246
v 0.072386 -0.008604 0.090243
v 0.071900 -0.009126 0.090240
v 0.071386 -0.009625 0.090237
v 0.070845 -0.010100 0.090233
v 0.070930 0.010057 0.090257
v 0.071469 0.009578 0.090260
v 0.071980 0.009075 0.090263
v 0.072464 0.008549 0.090266
v 0.072918 0.008001 0.090269
v 0.073341 0.007434 0.090271
v 0.073732 0.006847 0.090273
v 0.074091 0.006243 0.090275
v 0.074416 0.005624 0.090277
v 0.074707 0.004990 0.090279
v 0.074963 0.004344 0.090280
v 0.075183 0.003687 0.090281
v 0.075366 0.003021 0.090282
v 0.075513 0.002347 0.090283
v 0.075623 0.001668 0.090284
v 0.075696 0.000984 0.090284
v 0.075731 0.000298 0.090284
v 0.075728 -0.000389 0.090284
v 0.075688 -0.001075 0.090284
v 0.075611 -0.001759 0.090284
v 0.075496 -0.002438 0.090283
v 0.075344 -0.003110 0.090282
v 0.075156 -0.003775 0.090281
v 0.074931 -0.004431 0.090280
v 0.074671 -0.005075 0.090278
v 0.074375 -0.005707 0.090277
v 0.074046 -0.006324 0.090275
v 0.073683 -0.006925 0.090273
v 0.073287 -0.007509 0.090271
v 0.072860 -0.008074 0.090268
v 0.072403 -0.008619 0.090266
v 0.071916 -0.009141 0.090263
v 0.071401 -0.009641 0.090260
v 0.070859 -0.010117 0.090257
v 0.070285 -0.010557 0.090242
v 0.054129 -0.012137 0.090045
v 0.070388 0.010539 0.090288
v 0.070946 0.010075 0.090279
v 0.071485 0.009595 0.090282
v 0.071998 0.009091 0.090285
v 0.072482 0.008564 0.090287
v 0.072936 0.008016 0.090289
v 0.073360 0.007447 0.090291
v 0.073752 0.006860 0.090293
v 0.074111 0.006255 0.090295
v 0.074437 0.005634 0.090296
v 0.074728 0.004999 0.090298
v 0.074984 0.004352 0.090299
v 0.075205 0.003694 0.090300
v 0.075389 0.003027 0.090301
v 0.075536 0.002352 0.090301
v 0.075646 0.001671 0.090302
v 0.075719 0.000986 0.090302
v 0.075754 0.000298 0.090302
v 0.075751 -0.000390 0.090302
v 0.075711 -0.001077 0.090302
v 0.075633 -0.001762 0.090302
v 0.075518 -0.002442 0.090301
v 0.075366 -0.003116 0.090301
v 0.075177 -0.003782 0.090300
v 0.074952 -0.004439 0.090299
v 0.074692 -0.005084 0.090297
v 0.074396 -0.005717 0.090296
v 0.074066 -0.006335 0.090294
v 0.073702 -0.006938 0.090293
v 0.073306 -0.007523 0.090291
v 0.072879 -0.008089 0.090289
v 0.072420 -0.008634 0.090287
v 0.071933 -0.009158 0.090284
v 0.071417 -0.009659 0.090282
v 0.070874 -0.010135 0.090279
v 0.062505 -0.013536 0.090154
v 0.057135 0.013310 0.090273
v 0.070962 0.010094 0.090300
v 0.071502 0.009614 0.090302
v 0.072016 0.009109 0.090304
v 0.072500 0.008581 0.090306
v 0.072956 0.008031 0.090308
v 0.073380 0.007461 0.090310
v 0.073773 0.006873 0.090311
v 0.074133 0.006267 0.090313
v 0.074459 0.005645 0.090314
v 0.074751 0.005009 0.090315
v 0.075007 0.004360 0.090316
v 0.075228 0.003701 0.090317
v 0.075412 0.003032 0.090318
v 0.075559 0.002356 0.090318
v 0.075670 0.001674 0.090319
v 0.075743 0.000988 0.090319
v 0.075778 0.000299 0.090319
v 0.075775 -0.000391 0.090319
v 0.075735 -0.001079 0.090319
v 0.075657 -0.001765 0.090319
v 0.075542 -0.002447 0.090318
v 0.075390 -0.003122 0.090318
v 0.075200 -0.003789 0.090317
v 0.074975 -0.004447 0.090316
v 0.074714 -0.005094 0.090315
v 0.074418 -0.005728 0.090314
v 0.074087 -0.006347 0.090313
v 0.073723 -0.006951 0.090311
v 0.073326 -0.007537 0.090310
v 0.072898 -0.008104 0.090308
v 0.072439 -0.008651 0.090306
v 0.071951 -0.009175 0.090304
v 0.071434 -0.009677 0.090302
v 0.070891 -0.010154 0.090300
v 0.070314 -0.010595 0.090287
v 0.060238 0.013606 0.090136
v 0.067553 0.012182 0.090241
v 0.069828 0.011012 0.090324
v 0.070412 0.010571 0.090317
v 0.070979 0.010114 0.090319
v 0.071520 0.009633 0.090321
v 0.072034 0.009127 0.090322
v 0.072520 0.008598 0.090324
v 0.072976 0.008047 0.090326
v 0.073401 0.007476 0.090327
v 0.073794 0.006886 0.090328
v 0.074155 0.006279 0.090329
v 0.074482 0.005656 0.090330
v 0.074774 0.005019 0.090331
v 0.075031 0.004369 0.090332
v 0.075252 0.003708 0.090333
v 0.075436 0.003038 0.090333
v 0.075584 0.002361 0.090334
v 0.075694 0.001677 0.090334
v 0.075767 0.000989 0.090335
v 0.075803 0.000299 0.090335
v 0.075800 -0.000392 0.090335
v 0.075760 -0.001081 0.090335
v 0.075682 -0.001769 0.090334
v 0.075566 -0.002451 0.090334
v 0.075414 -0.003128 0.090333
v 0.075224 -0.003797 0.090333
v 0.074999 -0.004456 0.090332
v 0.074737 -0.005104 0.090331
v 0.074440 -0.005739 0.090330
v 0.074109 -0.006360 0.090329
v 0.073745 -0.006964 0.090328
v 0.073347 -0.007552 0.090327
v 0.072918 -0.008120 0.090325
v 0.072459 -0.008668 0.090324
v 0.071969 -0.009194 0.090322
v 0.071452 -0.009696 0.090320
v 0.070908 -0.010175 0.090319
v 0.070338 -0.010627 0.090317
v 0.070429 0.010593 0.090334
v 0.070997 0.010136 0.090336
v 0.071539 0.009653 0.090337
v 0.072054 0.009146 0.090339
v 0.072541 0.008615 0.090340
v 0.072997 0.008064 0.090341
v 0.073423 0.007491 0.090342
v 0.073817 0.006900 0.090343
v 0.074178 0.006292 0.090344
v 0.074505 0.005667 0.090345
v 0.074798 0.005029 0.090346
v 0.075055 0.004378 0.090347
v 0.075277 0.003716 0.090347
v 0.075461 0.003044 0.090348
v 0.075609 0.002365 0.090348
v 0.075720 0.001681 0.090348
v 0.075793 0.000991 0.090349
v 0.075828 0.000300 0.090349
v 0.075826 -0.000392 0.090349
v 0.075785 -0.001084 0.090348
v 0.075707 -0.001772 0.090348
v 0.075592 -0.002456 0.090348
v 0.075439 -0.003134 0.090348
v 0.075249 -0.003804 0.090347
v 0.075023 -0.004465 0.090347
v 0.074761 -0.005114 0.090346
v 0.074464 -0.005751 0.090345
v 0.074132 -0.006373 0.090344
v 0.073767 -0.006979 0.090343
v 0.073369 -0.007567 0.090342
v 0.072939 -0.008137 0.090341
v 0.072479 -0.008686 0.090340
v 0.071989 -0.009213 0.090339
v 0.071471 -0.009717 0.090337
v 0.070925 -0.010196 0.090336
v 0.070355 -0.010649 0.090334
v 0.069739 -0.011038 0.090306
v 0.062106 0.013897 0.090384
v 0.069861 0.011060 0.090356
v 0.070447 0.010616 0.090350
v 0.071016 0.010157 0.090351
v 0.071559 0.009674 0.090352
v 0.072075 0.009165 0.090353
v 0.072562 0.008634 0.090354
v 0.073019 0.008081 0.090355
v 0.073446 0.007507 0.090356
v 0.073840 0.006915 0.090357
v 0.074202 0.006305 0.090358
v 0.074530 0.005679 0.090358
v 0.074823 0.005039 0.090359
v 0.075080 0.004387 0.090359
v 0.075302 0.003724 0.090360
v 0.075487 0.003051 0.090360
v 0.075635 0.002370 0.090361
v 0.075746 0.001684 0.090361
v 0.075819 0.000994 0.090361
v 0.075855 0.000301 0.090361
v 0.075852 -0.000393 0.090361
v 0.075812 -0.001086 0.090361
v 0.075734 -0.001776 0.090361
v 0.075618 -0.002461 0.090361
v 0.075465 -0.003141 0.090360
v 0.075275 -0.003812 0.090360
v 0.075048 -0.004474 0.090359
v 0.074786 -0.005125 0.090359
v 0.074488 -0.005763 0.090358
v 0.074156 -0.006386 0.090358
v 0.073790 -0.006993 0.090357
v 0.073392 -0.007583 0.090356
v 0.072961 -0.008154 0.090355
v 0.072500 -0.008704 0.090354
v 0.072009 -0.009232 0.090353
v 0.071490 -0.009737 0.090352
v 0.070944 -0.010218 0.090351
v 0.064611 -0.013324 0.090327
v 0.065756 0.012878 0.090209
v 0.070465 0.010639 0.090364
v 0.071035 0.010180 0.090365
v 0.071579 0.009695 0.090365
v 0.072096 0.009185 0.090366
v 0.072584 0.008653 0.090367
v 0.073042 0.008098 0.090368
v 0.073469 0.007523 0.090368
v 0.073864 0.006930 0.090369
v 0.074226 0.006319 0.090369
v 0.074555 0.005692 0.090370
v 0.074848 0.005050 0.090370
v 0.075106 0.004396 0.090371
v 0.075328 0.003731 0.090371
v 0.075514 0.003057 0.090371
v 0.075662 0.002375 0.090372
v 0.075773 0.001688 0.090372
v 0.075846 0.000996 0.090372
v 0.075882 0.000301 0.090372
v 0.075879 -0.000394 0.090372
v 0.075839 -0.001088 0.090372
v 0.075761 -0.001780 0.090372
v 0.075645 -0.002467 0.090372
v 0.075491 -0.003147 0.090371
v 0.075301 -0.003820 0.090371
v 0.075074 -0.004484 0.090371
v 0.074811 -0.005136 0.090370
v 0.074513 -0.005775 0.090370
v 0.074181 -0.006400 0.090369
v 0.073814 -0.007009 0.090369
v 0.073415 -0.007600 0.090368
v 0.072984 -0.008172 0.090368
v 0.072522 -0.008723 0.090367
v 0.072030 -0.009253 0.090366
v 0.071510 -0.009759 0.090365
v 0.070963 -0.010241 0.090365
v 0.053959 0.012435 0.090388
v 0.069277 0.011518 0.090380
v 0.069889 0.011097 0.090375
v 0.070484 0.010664 0.090375
v 0.071055 0.010203 0.090376
v 0.071600 0.009717 0.090377
v 0.072117 0.009206 0.090377
v 0.072606 0.008672 0.090378
v 0.073065 0.008116 0.090378
v 0.073493 0.007540 0.090379
v 0.073889 0.006945 0.090379
v 0.074251 0.006332 0.090379
v 0.074580 0.005704 0.090380
v 0.074874 0.005061 0.090380
v 0.075133 0.004406 0.090380
v 0.075355 0.003740 0.090381
v 0.075541 0.003064 0.090381
v 0.075690 0.002381 0.090381
v 0.075801 0.001691 0.090381
v 0.075874 0.000998 0.090381
v 0.075910 0.000302 0.090381
v 0.075907 -0.000395 0.090381
v 0.075867 -0.001091 0.090381
v 0.075788 -0.001784 0.090381
v 0.075672 -0.002472 0.090381
v 0.075518 -0.003154 0.090381
v 0.075328 -0.003829 0.090381
v 0.075101 -0.004494 0.090380
v 0.074837 -0.005147 0.090380
v 0.074539 -0.005788 0.090380
v 0.074206 -0.006414 0.090379
v 0.073839 -0.007024 0.090379
v 0.073439 -0.007617 0.090379
v 0.073007 -0.008190 0.090378
v 0.072544 -0.008743 0.090378
v 0.072052 -0.009274 0.090377
v 0.071531 -0.009781 0.090377
v 0.070983 -0.010264 0.090376
v 0.069907 -0.011142 0.090395
v 0.059178 -0.013708 0.090301
v 0.069907 0.011123 0.090385
v 0.070503 0.010689 0.090385
v 0.071075 0.010227 0.090385
v 0.071621 0.009739 0.090386
v 0.072139 0.009227 0.090386
v 0.072629 0.008692 0.090387
v 0.073089 0.008135 0.090387
v 0.073517 0.007557 0.090387
v 0.073914 0.006961 0.090387
v 0.074277 0.006347 0.090388
v 0.074606 0.005717 0.090388
v 0.074901 0.005073 0.090388
v 0.075160 0.004416 0.090388
v 0.075383 0.003748 0.090388
v 0.075569 0.003071 0.090388
v 0.075717 0.002386 0.090389
v 0.075829 0.001695 0.090389
v 0.075902 0.001000 0.090389
v 0.075938 0.000302 0.090389
v 0.075935 -0.000396 0.090389
v 0.075895 -0.001093 0.090389
v 0.075816 -0.001787 0.090389
v 0.075700 -0.002477 0.090389
v 0.075546 -0.003161 0.090388
v 0.075355 -0.003837 0.090388
v 0.075128 -0.004504 0.090388
v 0.074864 -0.005159 0.090388
v 0.074565 -0.005801 0.090388
v 0.074231 -0.006428 0.090388
v 0.073864 -0.007040 0.090387
v 0.073463 -0.007634 0.090387
v 0.073030 -0.008209 0.090387
v 0.072424 -0.009016 0.090399
v 0.072074 -0.009295 0.090386
v 0.071552 -0.009804 0.090386
v 0.071003 -0.010288 0.090385
v 0.069305 0.011558 0.090392
v 0.069925 0.011150 0.090392
v 0.070523 0.010714 0.090393
v 0.071096 0.010251 0.090393
v 0.071642 0.009762 0.090393
v 0.072162 0.009249 0.090393
v 0.072652 0.008712 0.090393
v 0.073113 0.008154 0.090394
v 0.073542 0.007575 0.090394
v 0.073939 0.006977 0.090394
v 0.074303 0.006361 0.090394
v 0.074633 0.005730 0.090394
v 0.074928 0.005084 0.090394
v 0.075187 0.004426 0.090394
v 0.075410 0.003756 0.090394
v 0.075597 0.003078 0.090395
v 0.075746 0.002391 0.090395
v 0.075857 0.001699 0.090395
v 0.075931 0.001002 0.090395
v 0.075966 0.000303 0.090395
v 0.075964 -0.000397 0.090395
v 0.075923 -0.001095 0.090395
v 0.075845 -0.001791 0.090395
v 0.075728 -0.002483 0.090395
v 0.075574 -0.003168 0.090395
v 0.075383 -0.003846 0.090394
v 0.075155 -0.004514 0.090394
v 0.074891 -0.005170 0.090394
v 0.074591 -0.005814 0.090394
v 0.074257 -0.006443 0.090394
v 0.073889 -0.007056 0.090394
v 0.073488 -0.007651 0.090394
v 0.071399 -0.010047 0.090400
v 0.068406 -0.011836 0.090328
v 0.069322 0.011586 0.090398
v 0.069944 0.011177 0.090398
v 0.070543 0.010740 0.090398
v 0.071116 0.010275 0.090398
v 0.071664 0.009785 0.090398
v 0.072184 0.009270 0.090398
v 0.072676 0.008732 0.090398
v 0.073137 0.008172 0.090398
v 0.073567 0.007592 0.090399
v 0.073965 0.006993 0.090399
v 0.074329 0.006376 0.090399
v 0.074660 0.005743 0.090399
v 0.074955 0.005096 0.090399
v 0.075215 0.004436 0.090399
v 0.075438 0.003765 0.090399
v 0.075625 0.003085 0.090399
v 0.075774 0.002397 0.090399
v 0.075886 0.001703 0.090399
v 0.075960 0.001004 0.090399
v 0.075995 0.000304 0.090399
v 0.075993 -0.000398 0.090399
v 0.070445 -0.010712 0.090383
v 0.068903 0.011514 0.090302
v 0.069340 0.011615 0.090401
v 0.069963 0.011204 0.090401
v 0.070563 0.010766 0.090401
v 0.071137 0.010300 0.090401
v 0.071686 0.009809 0.090401
v 0.072207 0.009292 0.090401
v 0.072699 0.008753 0.090401
v 0.073161 0.008192 0.090401
v 0.073592 0.007610 0.090401
v 0.073991 0.007009 0.090401
v 0.074356 0.006390 0.090401
v 0.074687 0.005756 0.090401
v 0.074983 0.005107 0.090401
v 0.075243 0.004446 0.090401
v 0.075467 0.003773 0.090401
v 0.075654 0.003092 0.090401
v 0.075803 0.002402 0.090401
v 0.075915 0.001706 0.090401
v 0.075989 0.001007 0.090401
v 0.053495 0.011843 0.090890
v 0.053818 0.012357 0.090431
v 0.053536 0.011996 0.090707
v 0.053835 0.012003 0.090176
v 0.053494 0.011805 0.090810
v 0.053715 0.012103 0.090451
v 0.053522 0.011952 0.090744
v 0.053599 0.012093 0.090597
v 0.053740 0.012287 0.090472
v 0.053970 0.024528 0.090403
v 0.053897 0.024536 0.090413
v 0.053672 0.024660 0.090543
v 0.053929 0.024756 0.090455
v 0.053655 0.024888 0.090751
v 0.053954 0.024998 0.090902
v 0.053910 0.024992 0.090902
v 0.053868 0.024983 0.090902
v 0.053826 0.024970 0.090902
v 0.053786 0.024953 0.090902
v 0.053747 0.024933 0.090902
v 0.053710 0.024910 0.090902
v 0.053676 0.024883 0.090902
v 0.053644 0.024854 0.090902
v 0.053614 0.024821 0.090902
v 0.053588 0.024787 0.090902
v 0.053564 0.024750 0.090902
v 0.053544 0.024711 0.090902
v 0.053527 0.024671 0.090902
v 0.053514 0.024629 0.090902
v 0.053505 0.024587 0.090902
v 0.053499 0.024544 0.090902
v 0.079294 0.024796 0.090517
v 0.079495 0.024544 0.090902
v 0.079490 0.024587 0.090902
v 0.079480 0.024629 0.090902
v 0.079467 0.024671 0.090902
v 0.079450 0.024711 0.090902
v 0.079430 0.024750 0.090902
v 0.079407 0.024787 0.090902
v 0.079380 0.024821 0.090902
v 0.079351 0.024854 0.090902
v 0.079319 0.024883 0.090902
v 0.079284 0.024910 0.090902
v 0.079247 0.024933 0.090902
v 0.079208 0.024953 0.090902
v 0.079168 0.024970 0.090902
v 0.079127 0.024983 0.090902
v 0.079084 0.024992 0.090902
v 0.079041 0.024998 0.090902
v 0.079293 -0.024797 0.090517
v 0.079041 -0.024998 0.090902
v 0.079084 -0.024992 0.090902
v 0.079127 -0.024983 0.090902
v 0.079168 -0.024970 0.090902
v 0.079208 -0.024953 0.090902
v 0.079247 -0.024933 0.090902
v 0.079284 -0.024910 0.090902
v 0.079319 -0.024883 0.090902
v 0.079351 -0.024854 0.090902
v 0.079380 -0.024821 0.090902
v 0.079407 -0.024787 0.090902
v 0.079430 -0.024750 0.090902
v 0.079450 -0.024711 0.090902
v 0.079467 -0.024671 0.090902
v 0.079480 -0.024629 0.090902
v 0.079490 -0.024587 0.090902
v 0.079495 -0.024544 0.090902
v 0.053659 -0.024717 0.090515
v 0.053927 -0.024878 0.090580
v 0.053970 -0.024916 0.090625
v 0.053861 -0.024914 0.090645
v 0.053967 -0.024956 0.090699
v 0.053921 -0.024963 0.090725
v 0.053964 -0.024983 0.090777
v 0.053864 -0.024977 0.090803
v 0.053954 -0.024996 0.090861
v 0.053499 -0.024544 0.090902
v 0.053505 -0.024587 0.090902
v 0.053514 -0.024629 0.090902
v 0.053527 -0.024671 0.090902
v 0.053544 -0.024711 0.090902
v 0.053564 -0.024750 0.090902
v 0.053588 -0.024787 0.090902
v 0.053614 -0.024821 0.090902
v 0.053644 -0.024854 0.090902
v 0.053676 -0.024883 0.090902
v 0.053710 -0.024910 0.090902
v 0.053747 -0.024933 0.090902
v 0.053786 -0.024953 0.090902
v 0.053826 -0.024970 0.090902
v 0.053868 -0.024983 0.090902
v 0.053910 -0.024992 0.090902
v 0.053954 -0.024998 0.090902
v 0.053349 -0.011538 0.090817
v 0.053384 -0.011576 0.090826
v 0.053369 -0.011587 0.090697
v 0.053400 -0.011596 0.090831
v 0.053419 -0.011622 0.090838
v 0.053442 -0.011662 0.090847
v 0.053456 -0.011699 0.090814
v 0.053457 -0.011692 0.090855
v 0.053467 -0.011721 0.090836
v 0.053477 -0.011747 0.090867
v 0.053482 -0.011766 0.090873
v 0.053495 -0.011844 0.090893
v 0.053496 -0.011851 0.090867
v 0.053387 -0.011587 0.090796
v 0.053513 -0.011896 0.090768
v 0.053502 -0.011903 0.090827
v 0.053424 -0.011661 0.090647
v 0.053527 -0.011943 0.090727
v 0.053441 -0.011679 0.090738
v 0.053555 -0.012016 0.090667
v 0.053471 -0.011729 0.090864
v 0.053573 -0.012063 0.090636
v 0.053491 -0.011807 0.090883
v 0.053494 -0.011831 0.090857
v 0.053490 -0.011804 0.090826
v 0.053599 -0.012050 0.090589
v 0.053671 -0.012207 0.090520
v 0.053329 -0.011521 0.090812
v 0.053341 -0.011550 0.090735
v 0.053842 -0.012376 0.090422
v 0.053591 -0.011827 0.090379
v 0.053431 0.005364 0.104537
v 0.053446 0.004967 0.104993
v 0.053420 0.006169 0.103545
v 0.053408 0.006950 0.102412
v 0.053483 0.011711 0.091097
v 0.053457 0.011637 0.091078
v 0.053420 0.011568 0.091061
v 0.053397 0.011536 0.091053
v 0.053371 0.011506 0.091045
v 0.053497 0.005109 0.105134
v 0.053467 0.004674 0.105339
v 0.053440 0.011602 0.091069
v 0.053471 0.011674 0.091087
v 0.053292 0.011179 0.092011
v 0.053303 0.010917 0.092974
v 0.053313 0.010643 0.093914
v 0.053343 0.009754 0.096580
v 0.053333 0.010062 0.095718
v 0.053323 0.010358 0.094829
v 0.053352 0.009436 0.097415
v 0.053361 0.009108 0.098221
v 0.053386 0.008067 0.100460
v 0.053378 0.008423 0.099745
v 0.053370 0.008770 0.098998
v 0.053307 0.011408 0.091177
v 0.053323 0.011202 0.092018
v 0.053332 0.010940 0.092981
v 0.053341 0.010667 0.093921
v 0.053350 0.010381 0.094837
v 0.053358 0.010084 0.095726
v 0.053366 0.009777 0.096589
v 0.053374 0.009458 0.097424
v 0.053382 0.009130 0.098231
v 0.053389 0.008791 0.099008
v 0.053397 0.008444 0.099755
v 0.053403 0.008087 0.100471
v 0.053410 0.007722 0.101155
v 0.053351 0.011228 0.092025
v 0.053359 0.010966 0.092989
v 0.053367 0.010692 0.093929
v 0.053374 0.010406 0.094845
v 0.053381 0.010109 0.095735
v 0.053388 0.009801 0.096598
v 0.053395 0.009482 0.097434
v 0.053401 0.009153 0.098241
v 0.053408 0.008813 0.099018
v 0.053413 0.008465 0.099766
v 0.053419 0.008108 0.100482
v 0.053425 0.007742 0.101166
v 0.053430 0.007367 0.101817
v 0.053378 0.011256 0.092032
v 0.053384 0.010993 0.092997
v 0.053391 0.010719 0.093937
v 0.053397 0.010432 0.094854
v 0.053403 0.010135 0.095744
v 0.053408 0.009826 0.096608
v 0.053414 0.009506 0.097444
v 0.053419 0.009176 0.098251
v 0.053424 0.008837 0.099029
v 0.053429 0.008487 0.099777
v 0.053434 0.008129 0.100493
v 0.053438 0.007762 0.101178
v 0.053442 0.007387 0.101829
v 0.053446 0.007004 0.102448
v 0.053402 0.011285 0.092040
v 0.053407 0.011022 0.093005
v 0.053412 0.010747 0.093946
v 0.053417 0.010460 0.094863
v 0.053422 0.010162 0.095754
v 0.053427 0.009852 0.096618
v 0.053431 0.009532 0.097454
v 0.053435 0.009201 0.098262
v 0.053439 0.008861 0.099040
v 0.053443 0.008510 0.099788
v 0.053447 0.008151 0.100505
v 0.053450 0.007783 0.101190
v 0.053454 0.007407 0.101842
v 0.053457 0.007024 0.102461
v 0.053460 0.006633 0.103045
v 0.053424 0.011317 0.092049
v 0.053428 0.011053 0.093014
v 0.053432 0.010777 0.093956
v 0.053436 0.010489 0.094873
v 0.053439 0.010190 0.095764
v 0.053443 0.009880 0.096628
v 0.053446 0.009558 0.097465
v 0.053449 0.009227 0.098273
v 0.053453 0.008885 0.099052
v 0.053456 0.008534 0.099800
v 0.053458 0.008174 0.100517
v 0.053461 0.007805 0.101202
v 0.053464 0.007428 0.101854
v 0.053466 0.007043 0.102474
v 0.053468 0.006651 0.103059
v 0.053471 0.006253 0.103609
v 0.053443 0.011350 0.092058
v 0.053446 0.011085 0.093023
v 0.053449 0.010808 0.093965
v 0.053452 0.010520 0.094883
v 0.053454 0.010220 0.095774
v 0.053457 0.009908 0.096639
v 0.053460 0.009586 0.097476
v 0.053462 0.009253 0.098284
v 0.053464 0.008911 0.099063
v 0.053466 0.008559 0.099812
v 0.053469 0.008197 0.100529
v 0.053471 0.007827 0.101215
v 0.053472 0.007449 0.101867
v 0.053474 0.007063 0.102487
v 0.053476 0.006670 0.103072
v 0.053478 0.006270 0.103623
v 0.053479 0.005864 0.104138
v 0.053459 0.011384 0.092067
v 0.053461 0.011119 0.093033
v 0.053463 0.010841 0.093975
v 0.053465 0.010551 0.094893
v 0.053467 0.010250 0.095785
v 0.053469 0.009937 0.096650
v 0.053471 0.009614 0.097487
v 0.053473 0.009281 0.098296
v 0.053474 0.008937 0.099075
v 0.053476 0.008584 0.099824
v 0.053477 0.008221 0.100542
v 0.053479 0.007850 0.101228
v 0.053480 0.007471 0.101881
v 0.053481 0.007084 0.102500
v 0.053482 0.006689 0.103085
v 0.053483 0.006288 0.103636
v 0.053485 0.005881 0.104152
v 0.053485 0.005468 0.104632
v 0.053426 0.005769 0.104059
v 0.053442 0.005378 0.104550
v 0.053454 0.004981 0.105006
v 0.053437 0.005784 0.104071
v 0.053451 0.005393 0.104563
v 0.053462 0.004994 0.105020
v 0.053414 0.006563 0.102996
v 0.053432 0.006185 0.103557
v 0.053447 0.005800 0.104084
v 0.053460 0.005407 0.104576
v 0.053470 0.005008 0.105034
v 0.053427 0.006579 0.103008
v 0.053443 0.006201 0.103570
v 0.053457 0.005816 0.104097
v 0.053467 0.005422 0.104590
v 0.053476 0.005022 0.105048
v 0.053401 0.007330 0.101794
v 0.053422 0.006967 0.102424
v 0.053439 0.006597 0.103020
v 0.053453 0.006218 0.103582
v 0.053465 0.005832 0.104111
v 0.053474 0.005437 0.104604
v 0.053482 0.005036 0.105062
v 0.053394 0.007702 0.101144
v 0.053416 0.007348 0.101806
v 0.053434 0.006986 0.102436
v 0.053450 0.006615 0.103032
v 0.053462 0.006235 0.103596
v 0.053473 0.005848 0.104124
v 0.053480 0.005453 0.104618
v 0.053486 0.005051 0.105076
v 0.053473 0.011420 0.092076
v 0.053474 0.011153 0.093043
v 0.053475 0.010874 0.093986
v 0.053477 0.010583 0.094904
v 0.053478 0.010281 0.095796
v 0.053479 0.009967 0.096661
v 0.053480 0.009643 0.097499
v 0.053481 0.009308 0.098308
v 0.053482 0.008963 0.099088
v 0.053483 0.008609 0.099837
v 0.053484 0.008245 0.100555
v 0.053485 0.007873 0.101241
v 0.053486 0.007492 0.101894
v 0.053487 0.007104 0.102514
v 0.053488 0.006709 0.103099
v 0.053488 0.006306 0.103650
v 0.053489 0.005898 0.104166
v 0.053490 0.005484 0.104646
v 0.053490 0.005065 0.105090
v 0.053493 0.005080 0.105105
v 0.053493 0.005500 0.104661
v 0.053493 0.005915 0.104180
v 0.053492 0.006325 0.103664
v 0.053492 0.006728 0.103113
v 0.053491 0.007125 0.102527
v 0.053491 0.007514 0.101907
v 0.053490 0.007896 0.101254
v 0.053490 0.008270 0.100568
v 0.053489 0.008635 0.099850
v 0.053489 0.008990 0.099100
v 0.053488 0.009336 0.098320
v 0.053488 0.009672 0.097511
v 0.053487 0.009998 0.096673
v 0.053486 0.010313 0.095807
v 0.053486 0.010616 0.094915
v 0.053485 0.010908 0.093996
v 0.053484 0.011188 0.093053
v 0.053483 0.011456 0.092086
v 0.053495 0.005094 0.105120
v 0.053495 0.005516 0.104675
v 0.053495 0.005932 0.104195
v 0.053495 0.006343 0.103679
v 0.053495 0.006748 0.103127
v 0.053495 0.007146 0.102541
v 0.053494 0.007537 0.101921
v 0.053494 0.007920 0.101267
v 0.053494 0.008295 0.100581
v 0.053494 0.008661 0.099863
v 0.053493 0.009018 0.099113
v 0.053493 0.009365 0.098333
v 0.053493 0.009702 0.097523
v 0.053493 0.010029 0.096685
v 0.053492 0.010345 0.095819
v 0.053497 0.005532 0.104690
v 0.053497 0.005949 0.104209
v 0.053497 0.006362 0.103693
v 0.053497 0.006768 0.103141
v 0.053496 0.007167 0.102555
v 0.053496 0.007559 0.101935
v 0.053496 0.007943 0.101281
v 0.053496 0.008319 0.100594
v 0.053496 0.008687 0.099876
v 0.053496 0.009045 0.099126
v 0.053496 0.009394 0.098345
v 0.053496 0.009732 0.097535
v 0.053496 0.010060 0.096697
v 0.053499 0.024544 0.115902
v 0.053505 0.024587 0.115902
v 0.053514 0.024629 0.115902
v 0.053527 0.024671 0.115902
v 0.053544 0.024711 0.115902
v 0.053564 0.024750 0.115902
v 0.053588 0.024787 0.115902
v 0.053614 0.024821 0.115902
v 0.053644 0.024854 0.115902
v 0.053676 0.024883 0.115902
v 0.053710 0.024910 0.115902
v 0.053747 0.024933 0.115902
v 0.053786 0.024953 0.115902
v 0.053826 0.024970 0.115902
v 0.053868 0.024983 0.115902
v 0.053910 0.024992 0.115902
v 0.053954 0.024998 0.115902
v 0.078997 0.024544 0.116400
v 0.053997 0.024544 0.116400
v 0.078997 0.024587 0.116395
v 0.053997 0.024587 0.116395
v 0.078997 0.024629 0.116385
v 0.053997 0.024629 0.116385
v 0.078997 0.024671 0.116372
v 0.053997 0.024671 0.116372
v 0.078997 0.024711 0.116355
v 0.053997 0.024711 0.116355
v 0.078997 0.024750 0.116335
v 0.053997 0.024750 0.116335
v 0.078997 0.024787 0.116312
v 0.053997 0.024787 0.116312
v 0.078997 0.024821 0.116285
v 0.053997 0.024821 0.116285
v 0.078997 0.024854 0.116256
v 0.053997 0.024854 0.116256
v 0.078997 0.024883 0.116224
v 0.053997 0.024883 0.116224
v 0.078997 0.024910 0.116189
v 0.053997 0.024910 0.116189
v 0.078997 0.024933 0.116152
v 0.053997 0.024933 0.116152
v 0.078997 0.024953 0.116114
v 0.053997 0.024953 0.116114
v 0.078997 0.024970 0.116073
v 0.053997 0.024970 0.116073
v 0.078997 0.024983 0.116032
v 0.053997 0.024983 0.116032
v 0.078997 0.024992 0.115989
v 0.053997 0.024992 0.115989
v 0.078997 0.024998 0.115946
v 0.053997 0.024998 0.115946
v 0.082362 0.006104 0.109863
v 0.084414 0.001343 0.111198
v 0.083723 -0.003866 0.110789
v 0.079495 0.024544 0.115902
v 0.079490 0.024587 0.115902
v 0.079480 0.024629 0.115902
v 0.079467 0.024671 0.115902
v 0.079450 0.024711 0.115902
v 0.079430 0.024750 0.115902
v 0.079407 0.024787 0.115902
v 0.079380 0.024821 0.115902
v 0.079351 0.024854 0.115902
v 0.079319 0.024883 0.115902
v 0.079284 0.024910 0.115902
v 0.079247 0.024933 0.115902
v 0.079208 0.024953 0.115902
v 0.079168 0.024970 0.115902
v 0.079127 0.024983 0.115902
v 0.079084 0.024992 0.115902
v 0.079041 0.024998 0.115902
v 0.079376 0.009047 0.104797
v 0.079412 0.005383 0.095372
v 0.079394 -0.009162 0.101736
v 0.079395 0.008731 0.100179
v 0.079272 0.008311 0.107499
v 0.079495 -0.024544 0.115902
v 0.079490 -0.024587 0.115902
v 0.079480 -0.024629 0.115902
v 0.079467 -0.024671 0.115902
v 0.079450 -0.024711 0.115902
v 0.079430 -0.024750 0.115902
v 0.079407 -0.024787 0.115902
v 0.079380 -0.024821 0.115902
v 0.079351 -0.024854 0.115902
v 0.079319 -0.024883 0.115902
v 0.079284 -0.024910 0.115902
v 0.079247 -0.024933 0.115902
v 0.079208 -0.024953 0.115902
v 0.079168 -0.024970 0.115902
v 0.079127 -0.024983 0.115902
v 0.079084 -0.024992 0.115902
v 0.079041 -0.024998 0.115902
v 0.053997 -0.024544 0.116400
v 0.078997 -0.024544 0.116400
v 0.053997 -0.024587 0.116395
v 0.078997 -0.024587 0.116395
v 0.053997 -0.024629 0.116385
v 0.078997 -0.024629 0.116385
v 0.053997 -0.024671 0.116372
v 0.078997 -0.024671 0.116372
v 0.053997 -0.024711 0.116355
v 0.078997 -0.024711 0.116355
v 0.053997 -0.024750 0.116335
v 0.078997 -0.024750 0.116335
v 0.053997 -0.024787 0.116312
v 0.078997 -0.024787 0.116312
v 0.053997 -0.024821 0.116285
v 0.078997 -0.024821 0.116285
v 0.053997 -0.024854 0.116256
v 0.078997 -0.024854 0.116256
v 0.053997 -0.024883 0.116224
v 0.078997 -0.024883 0.116224
v 0.053997 -0.024910 0.116189
v 0.078997 -0.024910 0.116189
v 0.053997 -0.024933 0.116152
v 0.078997 -0.024933 0.116152
v 0.053997 -0.024953 0.116114
v 0.078997 -0.024953 0.116114
v 0.053997 -0.024970 0.116073
v 0.078997 -0.024970 0.116073
v 0.053997 -0.024983 0.116032
v 0.078997 -0.024983 0.116032
v 0.053997 -0.024992 0.115989
v 0.078997 -0.024992 0.115989
v 0.053997 -0.024998 0.115946
v 0.078997 -0.024998 0.115946
v 0.053499 -0.024544 0.115902
v 0.053505 -0.024587 0.115902
v 0.053514 -0.024629 0.115902
v 0.053527 -0.024671 0.115902
v 0.053544 -0.024711 0.115902
v 0.053564 -0.024750 0.115902
v 0.053588 -0.024787 0.115902
v 0.053614 -0.024821 0.115902
v 0.053644 -0.024854 0.115902
v 0.053676 -0.024883 0.115902
v 0.053710 -0.024910 0.115902
v 0.053747 -0.024933 0.115902
v 0.053786 -0.024953 0.115902
v 0.053826 -0.024970 0.115902
v 0.053868 -0.024983 0.115902
v 0.053910 -0.024992 0.115902
v 0.053954 -0.024998 0.115902
v 0.053496 -0.011589 0.091888
v 0.053491 -0.011551 0.091878
v 0.053483 -0.011514 0.091868
v 0.053442 -0.011407 0.091840
v 0.053423 -0.011374 0.091831
v 0.053474 -0.011213 0.092830
v 0.053472 -0.011477 0.091858
v 0.053330 -0.010999 0.092769
v 0.053320 -0.011259 0.091800
v 0.053349 -0.011284 0.091807
v 0.053321 -0.010422 0.094629
v 0.053341 -0.009822 0.096394
v 0.053486 -0.004742 0.105367
v 0.053481 -0.005117 0.104979
v 0.053465 -0.004576 0.105404
v 0.053445 -0.005047 0.104910
v 0.053457 -0.004655 0.105328
v 0.053462 -0.005074 0.104937
v 0.053464 -0.004680 0.105330
v 0.053454 -0.005061 0.104924
v 0.053476 -0.005103 0.104965
v 0.053477 -0.004729 0.105336
v 0.053469 -0.005088 0.104951
v 0.053478 -0.004679 0.105376
v 0.053487 -0.004777 0.105345
v 0.053440 -0.004619 0.105312
v 0.053435 -0.005034 0.104897
v 0.053430 -0.005444 0.104446
v 0.053425 -0.005850 0.103959
v 0.053406 -0.007029 0.102286
v 0.053413 -0.006643 0.102878
v 0.053419 -0.006249 0.103436
v 0.053399 -0.007409 0.101660
v 0.053392 -0.007780 0.101001
v 0.053368 -0.008844 0.098833
v 0.053376 -0.008499 0.099587
v 0.053384 -0.008144 0.100310
v 0.053359 -0.009180 0.098049
v 0.053350 -0.009507 0.097235
v 0.053441 -0.005459 0.104459
v 0.053436 -0.005865 0.103971
v 0.053431 -0.006266 0.103448
v 0.053426 -0.006660 0.102890
v 0.053420 -0.007047 0.102298
v 0.053415 -0.007427 0.101672
v 0.053408 -0.007800 0.101012
v 0.053402 -0.008164 0.100320
v 0.053395 -0.008519 0.099597
v 0.053388 -0.008865 0.098842
v 0.053380 -0.009202 0.098058
v 0.053373 -0.009529 0.097244
v 0.053365 -0.009845 0.096402
v 0.053450 -0.005473 0.104472
v 0.053447 -0.005881 0.103984
v 0.053442 -0.006282 0.103461
v 0.053438 -0.006677 0.102902
v 0.053434 -0.007066 0.102310
v 0.053429 -0.007447 0.101683
v 0.053423 -0.007820 0.101024
v 0.053418 -0.008185 0.100331
v 0.053412 -0.008541 0.099607
v 0.053406 -0.008888 0.098853
v 0.053400 -0.009225 0.098068
v 0.053394 -0.009552 0.097254
v 0.053387 -0.009869 0.096411
v 0.053380 -0.010175 0.095541
v 0.053459 -0.005488 0.104485
v 0.053456 -0.005896 0.103997
v 0.053453 -0.006299 0.103474
v 0.053449 -0.006695 0.102915
v 0.053445 -0.007085 0.102322
v 0.053441 -0.007467 0.101695
v 0.053437 -0.007841 0.101035
v 0.053433 -0.008206 0.100343
v 0.053428 -0.008563 0.099618
v 0.053423 -0.008911 0.098863
v 0.053418 -0.009249 0.098078
v 0.053413 -0.009577 0.097263
v 0.053407 -0.009894 0.096421
v 0.053401 -0.010201 0.095550
v 0.053395 -0.010497 0.094653
v 0.053490 -0.005146 0.105008
v 0.053486 -0.005132 0.104993
v 0.053490 -0.005566 0.104555
v 0.053485 -0.005550 0.104540
v 0.053489 -0.005980 0.104066
v 0.053484 -0.005963 0.104052
v 0.053488 -0.006389 0.103541
v 0.053483 -0.006370 0.103527
v 0.053488 -0.006791 0.102982
v 0.053482 -0.006771 0.102968
v 0.053487 -0.007186 0.102387
v 0.053481 -0.007165 0.102374
v 0.053486 -0.007573 0.101759
v 0.053480 -0.007551 0.101746
v 0.053485 -0.007953 0.101098
v 0.053478 -0.007929 0.101085
v 0.053484 -0.008324 0.100404
v 0.053477 -0.008299 0.100391
v 0.053483 -0.008686 0.099678
v 0.053475 -0.008660 0.099666
v 0.053482 -0.009039 0.098922
v 0.053474 -0.009012 0.098909
v 0.053481 -0.009382 0.098135
v 0.053472 -0.009354 0.098123
v 0.053480 -0.009715 0.097319
v 0.053471 -0.009686 0.097307
v 0.053479 -0.010037 0.096474
v 0.053469 -0.010007 0.096463
v 0.053478 -0.010349 0.095602
v 0.053467 -0.010317 0.095591
v 0.053476 -0.010649 0.094703
v 0.053467 -0.005503 0.104499
v 0.053465 -0.005913 0.104010
v 0.053462 -0.006316 0.103487
v 0.053459 -0.006714 0.102928
v 0.053456 -0.007104 0.102335
v 0.053453 -0.007487 0.101707
v 0.053450 -0.007862 0.101047
v 0.053446 -0.008229 0.100354
v 0.053442 -0.008587 0.099630
v 0.053438 -0.008935 0.098874
v 0.053434 -0.009274 0.098089
v 0.053430 -0.009603 0.097274
v 0.053426 -0.009921 0.096430
v 0.053421 -0.010228 0.095560
v 0.053416 -0.010525 0.094663
v 0.053411 -0.010809 0.093740
v 0.053493 -0.005161 0.105022
v 0.053493 -0.005582 0.104569
v 0.053492 -0.005997 0.104080
v 0.053492 -0.006407 0.103555
v 0.053492 -0.006810 0.102995
v 0.053491 -0.007207 0.102401
v 0.053491 -0.007595 0.101773
v 0.053490 -0.007976 0.101111
v 0.053490 -0.008348 0.100417
v 0.053489 -0.008712 0.099691
v 0.053489 -0.009066 0.098934
v 0.053488 -0.009410 0.098147
v 0.053487 -0.009744 0.097330
v 0.053487 -0.010068 0.096486
v 0.053486 -0.010381 0.095613
v 0.053485 -0.010682 0.094714
v 0.053485 -0.010971 0.093790
v 0.053311 -0.010705 0.093708
v 0.053300 -0.010976 0.092763
v 0.053474 -0.005519 0.104512
v 0.053472 -0.005929 0.104024
v 0.053470 -0.006334 0.103500
v 0.053468 -0.006732 0.102941
v 0.053466 -0.007124 0.102347
v 0.053463 -0.007508 0.101720
v 0.053461 -0.007884 0.101059
v 0.053458 -0.008252 0.100366
v 0.053455 -0.008611 0.099642
v 0.053452 -0.008960 0.098886
v 0.053449 -0.009300 0.098100
v 0.053445 -0.009630 0.097284
v 0.053442 -0.009949 0.096441
v 0.053438 -0.010257 0.095570
v 0.053435 -0.010554 0.094672
v 0.053431 -0.010839 0.093749
v 0.053427 -0.011113 0.092802
v 0.053495 -0.005176 0.105037
v 0.053495 -0.005598 0.104584
v 0.053495 -0.006015 0.104094
v 0.053495 -0.006426 0.103569
v 0.053495 -0.006830 0.103009
v 0.053495 -0.007228 0.102415
v 0.053494 -0.007618 0.101786
v 0.053494 -0.008000 0.101124
v 0.053494 -0.008373 0.100430
v 0.053494 -0.008738 0.099704
v 0.053493 -0.009094 0.098947
v 0.053493 -0.009439 0.098159
v 0.053493 -0.009774 0.097342
v 0.053493 -0.010099 0.096497
v 0.053492 -0.010413 0.095624
v 0.053492 -0.010716 0.094725
v 0.053492 -0.011006 0.093800
v 0.053491 -0.011285 0.092851
v 0.053331 -0.010128 0.095525
v 0.053348 -0.010445 0.094637
v 0.053339 -0.010728 0.093715
v 0.053365 -0.010753 0.093723
v 0.053357 -0.011025 0.092777
v 0.053383 -0.011052 0.092784
v 0.053376 -0.011312 0.091814
v 0.053401 -0.011342 0.091822
v 0.053480 -0.005534 0.104526
v 0.053479 -0.005946 0.104038
v 0.053477 -0.006352 0.103514
v 0.053476 -0.006752 0.102954
v 0.053474 -0.007144 0.102361
v 0.053472 -0.007529 0.101733
v 0.053470 -0.007906 0.101072
v 0.053468 -0.008275 0.100379
v 0.053466 -0.008635 0.099654
v 0.053464 -0.008986 0.098897
v 0.053461 -0.009327 0.098111
v 0.053459 -0.009657 0.097296
v 0.053456 -0.009977 0.096452
v 0.053454 -0.010287 0.095580
v 0.053451 -0.010585 0.094682
v 0.053448 -0.010871 0.093759
v 0.053445 -0.011145 0.092811
v 0.053497 -0.005391 0.104853
v 0.053497 -0.006032 0.104109
v 0.053497 -0.006445 0.103584
v 0.053497 -0.006850 0.103023
v 0.053496 -0.007249 0.102429
v 0.053496 -0.007640 0.101800
v 0.053496 -0.008024 0.101138
v 0.053496 -0.008399 0.100443
v 0.053496 -0.008765 0.099717
v 0.053496 -0.009121 0.098959
v 0.053496 -0.009468 0.098172
v 0.053496 -0.009805 0.097355
v 0.053496 -0.010131 0.096509
v 0.053496 -0.010446 0.095636
v 0.053496 -0.010750 0.094736
v 0.053496 -0.011042 0.093811
v 0.053496 -0.011322 0.092861
v 0.053356 -0.010151 0.095533
v 0.053373 -0.010470 0.094645
v 0.053389 -0.010780 0.093731
v 0.053406 -0.011082 0.092793
v 0.053459 -0.011442 0.091849
v 0.053461 -0.011179 0.092821
v 0.053463 -0.010903 0.093769
v 0.053465 -0.010616 0.094693
v 0.053475 -0.010937 0.093779
v 0.053484 -0.011249 0.092841
v 0.053490 -0.004798 0.105349
v 0.053495 -0.004838 0.105360
v 0.053463 0.004560 0.105408
v 0.052902 0.003339 0.105050
v 0.053234 0.004049 0.105290
v 0.052389 0.001297 0.104749
v 0.052370 -0.000735 0.104785
v 0.052999 -0.003518 0.105140
v 0.052619 0.002127 0.104953
v 0.053342 -0.004219 0.105381
v 0.052831 -0.002886 0.105088
v 0.052548 0.000397 0.104934
v 0.053502 0.004795 0.105424
v 0.053701 0.024885 0.116199
v 0.053954 0.024500 0.116400
v 0.053910 0.024500 0.116395
v 0.053868 0.024500 0.116385
v 0.053826 0.024500 0.116372
v 0.053786 0.024500 0.116355
v 0.053747 0.024500 0.116335
v 0.053710 0.024500 0.116312
v 0.053676 0.024500 0.116285
v 0.053644 0.024500 0.116256
v 0.053614 0.024500 0.116224
v 0.053588 0.024500 0.116189
v 0.053564 0.024500 0.116152
v 0.053544 0.024500 0.116114
v 0.053527 0.024500 0.116073
v 0.053514 0.024500 0.116032
v 0.053505 0.024500 0.115989
v 0.053499 0.024500 0.115946
v 0.079294 0.024885 0.116198
v 0.079495 0.024500 0.115946
v 0.079490 0.024500 0.115989
v 0.079480 0.024500 0.116032
v 0.079467 0.024500 0.116073
v 0.079450 0.024500 0.116114
v 0.079430 0.024500 0.116152
v 0.079407 0.024500 0.116189
v 0.079380 0.024500 0.116224
v 0.079351 0.024500 0.116256
v 0.079319 0.024500 0.116285
v 0.079284 0.024500 0.116312
v 0.079247 0.024500 0.116335
v 0.079208 0.024500 0.116355
v 0.079168 0.024500 0.116372
v 0.079127 0.024500 0.116385
v 0.079084 0.024500 0.116395
v 0.079041 0.024500 0.116400
v 0.079505 0.008845 0.107432
v 0.079570 0.008692 0.107650
v 0.079540 -0.008708 0.107610
v 0.079293 -0.024885 0.116199
v 0.079041 -0.024500 0.116400
v 0.079084 -0.024500 0.116395
v 0.079127 -0.024500 0.116385
v 0.079168 -0.024500 0.116372
v 0.079208 -0.024500 0.116355
v 0.079247 -0.024500 0.116335
v 0.079284 -0.024500 0.116312
v 0.079319 -0.024500 0.116285
v 0.079351 -0.024500 0.116256
v 0.079380 -0.024500 0.116224
v 0.079407 -0.024500 0.116189
v 0.079430 -0.024500 0.116152
v 0.079450 -0.024500 0.116114
v 0.079467 -0.024500 0.116073
v 0.079480 -0.024500 0.116032
v 0.079490 -0.024500 0.115989
v 0.079495 -0.024500 0.115946
v 0.053700 -0.024885 0.116198
v 0.053499 -0.024500 0.115946
v 0.053505 -0.024500 0.115989
v 0.053514 -0.024500 0.116032
v 0.053527 -0.024500 0.116073
v 0.053544 -0.024500 0.116114
v 0.053564 -0.024500 0.116152
v 0.053588 -0.024500 0.116189
v 0.053614 -0.024500 0.116224
v 0.053644 -0.024500 0.116256
v 0.053676 -0.024500 0.116285
v 0.053710 -0.024500 0.116312
v 0.053747 -0.024500 0.116335
v 0.053786 -0.024500 0.116355
v 0.053826 -0.024500 0.116372
v 0.053868 -0.024500 0.116385
v 0.053910 -0.024500 0.116395
v 0.053954 -0.024500 0.116400
v 0.053566 0.009072 0.116004
v 0.053844 0.004755 0.105823
v 0.053954 0.009374 0.116400
v 0.053917 0.009341 0.116395
v 0.053910 0.009374 0.116395
v 0.053868 0.009374 0.116385
v 0.053836 0.009323 0.116374
v 0.053826 0.009374 0.116372
v 0.053798 0.009344 0.116360
v 0.053786 0.009374 0.116355
v 0.053747 0.009374 0.116335
v 0.053724 0.009329 0.116319
v 0.053710 0.009374 0.116312
v 0.053702 0.009308 0.116302
v 0.053676 0.009374 0.116285
v 0.053660 0.009374 0.116272
v 0.053631 0.009374 0.116243
v 0.053614 0.009374 0.116224
v 0.053604 0.009374 0.116211
v 0.053579 0.009374 0.116177
v 0.053559 0.009361 0.116142
v 0.053558 0.009374 0.116142
v 0.053545 0.009323 0.116112
v 0.053540 0.009374 0.116104
v 0.053525 0.009366 0.116066
v 0.053525 0.009374 0.116066
v 0.053514 0.009335 0.116029
v 0.053513 0.009374 0.116026
v 0.053504 0.009371 0.115986
v 0.053504 0.009374 0.115985
v 0.053499 0.009372 0.115944
v 0.053499 0.009374 0.115944
v 0.079168 0.012448 0.116372
v 0.079318 0.012259 0.116285
v 0.079407 0.012122 0.116189
v 0.079480 0.011966 0.116032
v 0.079495 0.011907 0.115946
v 0.079498 0.011847 0.115899
v 0.079486 0.011928 0.116010
v 0.079489 0.011935 0.115989
v 0.079450 0.012039 0.116114
v 0.079467 0.012001 0.116073
v 0.079430 0.012080 0.116152
v 0.079441 0.011990 0.116138
v 0.079380 0.012167 0.116224
v 0.079396 0.012142 0.116204
v 0.079351 0.012213 0.116256
v 0.079371 0.012129 0.116237
v 0.079247 0.012354 0.116335
v 0.079284 0.012307 0.116312
v 0.079201 0.012410 0.116359
v 0.079208 0.012401 0.116355
v 0.079084 0.012537 0.116395
v 0.079091 0.012530 0.116393
v 0.079127 0.012493 0.116385
v 0.079041 0.012580 0.116400
v 0.079055 0.012566 0.116399
v 0.079646 0.009570 0.109733
v 0.079637 0.009246 0.108915
v 0.079615 0.009268 0.108906
v 0.079623 0.009592 0.109725
v 0.079685 0.010759 0.113279
v 0.079675 0.010478 0.112353
v 0.079648 0.010501 0.112346
v 0.079531 0.009055 0.108062
v 0.079521 0.009081 0.108050
v 0.079512 0.009108 0.108038
v 0.079506 0.009136 0.108025
v 0.079501 0.009163 0.108013
v 0.079543 0.009029 0.108073
v 0.079557 0.009003 0.108085
v 0.079572 0.008979 0.108096
v 0.079589 0.008956 0.108106
v 0.079608 0.008933 0.108116
v 0.079745 0.011368 0.115620
v 0.079676 0.011307 0.115195
v 0.079707 0.011284 0.115201
v 0.079646 0.011333 0.115188
v 0.079619 0.011361 0.115181
v 0.079615 0.011562 0.115971
v 0.079572 0.011423 0.115164
v 0.079594 0.011391 0.115173
v 0.079508 0.011494 0.114889
v 0.079521 0.011265 0.114161
v 0.079534 0.011231 0.114171
v 0.079550 0.011197 0.114180
v 0.079568 0.011164 0.114190
v 0.079589 0.011133 0.114198
v 0.079613 0.011104 0.114207
v 0.079638 0.011076 0.114214
v 0.079666 0.011051 0.114222
v 0.079696 0.011027 0.114228
v 0.079657 0.010782 0.113272
v 0.079631 0.010807 0.113264
v 0.079606 0.010834 0.113256
v 0.079584 0.010863 0.113247
v 0.079564 0.010893 0.113238
v 0.079547 0.010925 0.113228
v 0.079532 0.010958 0.113218
v 0.079519 0.010992 0.113208
v 0.079510 0.011026 0.113198
v 0.079623 0.010526 0.112338
v 0.079600 0.010553 0.112329
v 0.079579 0.010581 0.112320
v 0.079560 0.010611 0.112311
v 0.079544 0.010641 0.112301
v 0.079530 0.010673 0.112290
v 0.079518 0.010706 0.112280
v 0.079509 0.010739 0.112269
v 0.079508 0.010440 0.111366
v 0.079517 0.010408 0.111377
v 0.079528 0.010377 0.111388
v 0.079541 0.010346 0.111398
v 0.079557 0.010316 0.111409
v 0.079574 0.010287 0.111418
v 0.079594 0.010260 0.111428
v 0.079616 0.010234 0.111437
v 0.079640 0.010209 0.111446
v 0.079665 0.010186 0.111453
v 0.079631 0.009906 0.110571
v 0.079609 0.009930 0.110562
v 0.079588 0.009956 0.110553
v 0.079570 0.009982 0.110543
v 0.079553 0.010010 0.110533
v 0.079538 0.010039 0.110522
v 0.079526 0.010069 0.110511
v 0.079516 0.010099 0.110500
v 0.079508 0.010130 0.110488
v 0.079602 0.009616 0.109715
v 0.079583 0.009640 0.109705
v 0.079565 0.009666 0.109695
v 0.079549 0.009693 0.109684
v 0.079536 0.009721 0.109673
v 0.079524 0.009750 0.109662
v 0.079514 0.009779 0.109651
v 0.079507 0.009809 0.109639
v 0.079595 0.009291 0.108896
v 0.079577 0.009315 0.108886
v 0.079561 0.009340 0.108875
v 0.079546 0.009366 0.108864
v 0.079533 0.009393 0.108853
v 0.079522 0.009421 0.108841
v 0.079513 0.009449 0.108829
v 0.079506 0.009477 0.108817
v 0.079501 0.009506 0.108805
v 0.079497 -0.011867 0.115907
v 0.079499 -0.011844 0.115912
v 0.079499 -0.011589 0.114916
v 0.079504 -0.011805 0.115922
v 0.079503 -0.011551 0.114927
v 0.079512 -0.011766 0.115931
v 0.079511 -0.011514 0.114937
v 0.079523 -0.011729 0.115941
v 0.079522 -0.011477 0.114946
v 0.079716 -0.011482 0.116002
v 0.079694 -0.010976 0.114042
v 0.079705 -0.011235 0.115011
v 0.079674 -0.011259 0.115005
v 0.079683 -0.010705 0.113097
v 0.079663 -0.010128 0.111280
v 0.079653 -0.009822 0.110411
v 0.079454 -0.009187 0.105585
v 0.079556 -0.008935 0.107930
v 0.079673 -0.008349 0.107782
v 0.079606 -0.008865 0.107962
v 0.079588 -0.008888 0.107952
v 0.079571 -0.008911 0.107941
v 0.079542 -0.008960 0.107919
v 0.079560 -0.009274 0.108716
v 0.079546 -0.009300 0.108705
v 0.079549 -0.009630 0.109520
v 0.079530 -0.008986 0.107907
v 0.079533 -0.009327 0.108693
v 0.079535 -0.009657 0.109509
v 0.079538 -0.009977 0.110353
v 0.079520 -0.009012 0.107895
v 0.079522 -0.009354 0.108682
v 0.079524 -0.009686 0.109498
v 0.079526 -0.010007 0.110342
v 0.079527 -0.010317 0.111214
v 0.079512 -0.009039 0.107883
v 0.079513 -0.009382 0.108670
v 0.079514 -0.009715 0.109486
v 0.079515 -0.010037 0.110331
v 0.079517 -0.010349 0.111203
v 0.079518 -0.010649 0.112101
v 0.079506 -0.009410 0.108658
v 0.079507 -0.009744 0.109474
v 0.079507 -0.010068 0.110319
v 0.079508 -0.010381 0.111192
v 0.079509 -0.010682 0.112090
v 0.079510 -0.010971 0.113015
v 0.079501 -0.009594 0.109012
v 0.079502 -0.010099 0.110307
v 0.079502 -0.010413 0.111180
v 0.079502 -0.010716 0.112079
v 0.079503 -0.011006 0.113004
v 0.079503 -0.011285 0.113954
v 0.079673 -0.010422 0.112176
v 0.079646 -0.010445 0.112168
v 0.079655 -0.010728 0.113089
v 0.079629 -0.010753 0.113082
v 0.079637 -0.011025 0.114028
v 0.079611 -0.011052 0.114020
v 0.079618 -0.011312 0.114990
v 0.079593 -0.011342 0.114982
v 0.079665 -0.011521 0.115992
v 0.079664 -0.010999 0.114035
v 0.079645 -0.011284 0.114998
v 0.079653 -0.011531 0.115990
v 0.079610 -0.011576 0.115979
v 0.079594 -0.011596 0.115974
v 0.079638 -0.010151 0.111272
v 0.079622 -0.010470 0.112160
v 0.079605 -0.010780 0.113073
v 0.079588 -0.011082 0.114012
v 0.079571 -0.011374 0.114974
v 0.079576 -0.011622 0.115967
v 0.079644 -0.009507 0.109569
v 0.079630 -0.009845 0.110403
v 0.079614 -0.010175 0.111264
v 0.079599 -0.010497 0.112151
v 0.079583 -0.010809 0.113065
v 0.079567 -0.011113 0.114003
v 0.079552 -0.011407 0.114965
v 0.079552 -0.011662 0.115957
v 0.079622 -0.009529 0.109560
v 0.079607 -0.009869 0.110394
v 0.079593 -0.010201 0.111254
v 0.079578 -0.010525 0.112142
v 0.079563 -0.010839 0.113055
v 0.079549 -0.011145 0.113994
v 0.079535 -0.011442 0.114956
v 0.079538 -0.011692 0.115950
v 0.079614 -0.009202 0.108747
v 0.079601 -0.009552 0.109551
v 0.079587 -0.009894 0.110384
v 0.079573 -0.010228 0.111245
v 0.079560 -0.010554 0.112132
v 0.079546 -0.010871 0.113046
v 0.079533 -0.011179 0.113984
v 0.079594 -0.009225 0.108737
v 0.079582 -0.009577 0.109541
v 0.079569 -0.009921 0.110374
v 0.079556 -0.010257 0.111235
v 0.079543 -0.010585 0.112122
v 0.079531 -0.010903 0.113036
v 0.079520 -0.011213 0.113974
v 0.079576 -0.009249 0.108727
v 0.079564 -0.009603 0.109531
v 0.079552 -0.009949 0.110364
v 0.079540 -0.010287 0.111224
v 0.079529 -0.010616 0.112112
v 0.079519 -0.010937 0.113026
v 0.079510 -0.011249 0.113964
v 0.079041 -0.012580 0.116400
v 0.079084 -0.012537 0.116395
v 0.079117 -0.012434 0.116391
v 0.079127 -0.012493 0.116385
v 0.079168 -0.012448 0.116372
v 0.079186 -0.012336 0.116370
v 0.079208 -0.012401 0.116355
v 0.079215 -0.012394 0.116353
v 0.079247 -0.012354 0.116335
v 0.079311 -0.012270 0.116292
v 0.079284 -0.012307 0.116312
v 0.079334 -0.012237 0.116272
v 0.079318 -0.012259 0.116285
v 0.079361 -0.012197 0.116246
v 0.079385 -0.012159 0.116218
v 0.079407 -0.012122 0.116189
v 0.079445 -0.012051 0.116125
v 0.079463 -0.012011 0.116084
v 0.079474 -0.011982 0.116051
v 0.079484 -0.011956 0.116018
v 0.079490 -0.011931 0.115984
v 0.079496 -0.011897 0.115928
v 0.053960 -0.009374 0.116401
v 0.053949 -0.009334 0.116399
v 0.053919 -0.009374 0.116396
v 0.053901 -0.009315 0.116391
v 0.053878 -0.009374 0.116388
v 0.053847 -0.009344 0.116378
v 0.053838 -0.009374 0.116376
v 0.053820 -0.009318 0.116368
v 0.053799 -0.009374 0.116362
v 0.053769 -0.009347 0.116346
v 0.053762 -0.009374 0.116344
v 0.053732 -0.009349 0.116326
v 0.053726 -0.009374 0.116322
v 0.053692 -0.009374 0.116299
v 0.053676 -0.009374 0.116285
v 0.053644 -0.009374 0.116256
v 0.053618 -0.009336 0.116227
v 0.053614 -0.009374 0.116224
v 0.053604 -0.009374 0.116211
v 0.053588 -0.009374 0.116189
v 0.053564 -0.009374 0.116152
v 0.053558 -0.009358 0.116141
v 0.053544 -0.009374 0.116114
v 0.053543 -0.009302 0.116104
v 0.053527 -0.009374 0.116073
v 0.053514 -0.009374 0.116032
v 0.053513 -0.009366 0.116026
v 0.053505 -0.009374 0.115989
v 0.053504 -0.009365 0.115985
v 0.053499 -0.009374 0.115946
v 0.053607 -0.009101 0.113182
v 0.053682 -0.007968 0.109266
v 0.053864 0.008994 0.116237
v 0.053808 0.008895 0.115921
v 0.053498 0.009355 0.115935
v 0.053597 0.009318 0.116200
v 0.053663 0.009264 0.116264
v 0.053774 0.009271 0.116342
v 0.053884 0.009274 0.116382
v 0.079410 0.012085 0.116186
v 0.079151 0.012431 0.116380
v 0.079223 0.012344 0.116349
v 0.079292 0.012273 0.116307
v 0.079320 0.012216 0.116286
v 0.079278 0.012207 0.116325
v 0.079440 0.011863 0.116251
v 0.079463 0.011936 0.116093
v 0.079558 0.011686 0.116398
v 0.079495 0.011843 0.115989
v 0.079480 0.011916 0.116040
v 0.079025 0.012460 0.116413
v 0.079147 -0.012428 0.116381
v 0.079377 -0.012137 0.116229
v 0.079505 -0.011803 0.115972
v 0.079490 -0.011910 0.115991
v 0.079628 -0.011572 0.116056
v 0.079472 -0.011960 0.116061
v 0.079602 -0.011596 0.116022
v 0.079567 -0.011667 0.116190
v 0.079455 -0.012002 0.116106
v 0.079531 -0.011719 0.116010
v 0.079338 -0.012193 0.116269
v 0.079514 -0.011768 0.116021
v 0.079498 -0.011847 0.115935
v 0.079481 -0.011894 0.116038
v 0.079493 -0.011883 0.115978
v 0.079273 -0.012107 0.116364
v 0.079671 -0.011557 0.116181
v 0.079042 -0.012480 0.116406
v 0.079461 -0.011842 0.116159
v 0.053966 -0.009026 0.116260
v 0.053974 -0.009008 0.116242
v 0.053977 -0.009063 0.116293
v 0.053975 -0.009034 0.116269
v 0.053981 -0.009124 0.116335
v 0.053979 -0.009093 0.116315
v 0.053983 -0.009157 0.116353
v 0.053985 -0.009192 0.116368
v 0.053964 -0.009166 0.116356
v 0.053990 -0.009263 0.116390
v 0.053988 -0.009227 0.116380
v 0.053967 -0.009291 0.116395
v 0.053992 -0.009300 0.116397
v 0.053995 -0.009337 0.116401
v 0.053611 -0.009138 0.116150
v 0.053673 -0.009327 0.116281
v 0.053704 -0.009296 0.116303
v 0.053773 -0.009155 0.116302
v 0.053518 -0.009196 0.115936
v 0.053516 -0.009312 0.116034
v 0.053863 -0.009064 0.116277
v 0.053925 -0.009251 0.116383
v 0.053801 -0.008898 0.116029
v 0.053918 -0.009130 0.116334
v 0.053943 -0.009209 0.116372
v 0.054540 0.008899 0.116146
v 0.054536 0.008836 0.115930
v 0.054536 0.008840 0.115968
v 0.054536 0.008846 0.116005
v 0.054537 0.008855 0.116042
v 0.054538 0.008867 0.116078
v 0.054539 0.008882 0.116113
v 0.054543 0.008941 0.116209
v 0.054545 0.008965 0.116238
v 0.054547 0.008991 0.116265
v 0.053972 0.009212 0.116383
v 0.056428 0.008671 0.115819
v 0.057359 0.008567 0.115802
v 0.057946 0.008521 0.116230
v 0.054880 0.008812 0.115853
v 0.055486 0.008758 0.115875
v 0.056427 0.008666 0.115858
v 0.057358 0.008560 0.115842
v 0.060522 0.008005 0.116231
v 0.055486 0.008758 0.115914
v 0.055486 0.008760 0.115952
v 0.056427 0.008664 0.115898
v 0.056427 0.008666 0.115937
v 0.057358 0.008557 0.115882
v 0.057358 0.008557 0.115922
v 0.055487 0.008765 0.115991
v 0.055487 0.008774 0.116029
v 0.056428 0.008670 0.115977
v 0.056428 0.008677 0.116015
v 0.057358 0.008560 0.115962
v 0.057359 0.008567 0.116002
v 0.055495 0.008857 0.116202
v 0.055497 0.008881 0.116232
v 0.056437 0.008758 0.116194
v 0.056641 0.008970 0.116381
v 0.055488 0.008785 0.116066
v 0.056430 0.008688 0.116053
v 0.057360 0.008576 0.116041
v 0.055490 0.008799 0.116102
v 0.056431 0.008701 0.116091
v 0.057361 0.008589 0.116079
v 0.055491 0.008815 0.116136
v 0.056433 0.008717 0.116126
v 0.057022 0.008700 0.116211
v 0.056435 0.008736 0.116161
v 0.055493 0.008835 0.116170
v 0.054542 0.008919 0.116179
v 0.065660 0.012418 0.116482
v 0.072277 0.013825 0.116521
v 0.073917 -0.013686 0.116532
v 0.066419 -0.012822 0.116494
v 0.054957 -0.009266 0.116401
v 0.054954 -0.009228 0.116396
v 0.054951 -0.009191 0.116389
v 0.054948 -0.009154 0.116379
v 0.054945 -0.009118 0.116366
v 0.054935 -0.008988 0.116289
v 0.054932 -0.008959 0.116263
v 0.054930 -0.008933 0.116236
v 0.060411 -0.008071 0.116203
v 0.058926 -0.008442 0.116284
v 0.055368 -0.008883 0.116219
v 0.057674 -0.008618 0.116199
v 0.056820 -0.008764 0.116252
v 0.055881 -0.008869 0.116258
v 0.058192 -0.008597 0.116257
v 0.057752 -0.008674 0.116275
v 0.056824 -0.008793 0.116279
v 0.055884 -0.008898 0.116284
v 0.058672 -0.008572 0.116296
v 0.057756 -0.008705 0.116300
v 0.056827 -0.008824 0.116304
v 0.055887 -0.008928 0.116308
v 0.054937 -0.009018 0.116312
v 0.058677 -0.008605 0.116321
v 0.057760 -0.008738 0.116324
v 0.056831 -0.008857 0.116327
v 0.055890 -0.008961 0.116330
v 0.054940 -0.009050 0.116332
v 0.054942 -0.009084 0.116351
v 0.058682 -0.008640 0.116342
v 0.057765 -0.008773 0.116344
v 0.056835 -0.008891 0.116346
v 0.055894 -0.008995 0.116348
v 0.058687 -0.008677 0.116360
v 0.057770 -0.008809 0.116362
v 0.056839 -0.008927 0.116363
v 0.055897 -0.009030 0.116365
v 0.058693 -0.008715 0.116375
v 0.057774 -0.008847 0.116376
v 0.056843 -0.008964 0.116377
v 0.055901 -0.009066 0.116378
v 0.058699 -0.008754 0.116387
v 0.057780 -0.008885 0.116388
v 0.056847 -0.009002 0.116388
v 0.055904 -0.009104 0.116389
v 0.058705 -0.008794 0.116395
v 0.057785 -0.008925 0.116396
v 0.056852 -0.009041 0.116396
v 0.055908 -0.009142 0.116396
v 0.058711 -0.008835 0.116401
v 0.057790 -0.008965 0.116401
v 0.056856 -0.009080 0.116401
v 0.055912 -0.009181 0.116401
v 0.060564 -0.008650 0.116510
v 0.060109 -0.005982 0.119420
v 0.059846 0.003936 0.120965
v 0.054785 0.010537 0.078327
v 0.047833 0.011086 0.077429
v 0.048290 0.008161 0.077743
v 0.046951 0.007298 0.076952
v 0.044671 0.005872 0.074551
v 0.044015 0.005578 0.073476
v 0.048856 0.008633 0.077827
v 0.045883 0.006681 0.075969
v 0.050169 0.009256 0.078290
v 0.052784 0.010306 0.078411
v 0.051569 0.009818 0.078544
v 0.043270 0.005695 0.071539
v 0.047458 0.007763 0.077140
v 0.053453 0.010362 0.078507
v 0.049727 0.008953 0.078317
v 0.050915 0.009516 0.078555
v 0.049380 0.008800 0.078153
v 0.051271 0.010355 0.060225
v 0.059130 0.005967 0.063686
v 0.061112 0.006867 0.070100
v 0.058526 0.006420 0.063034
v 0.061137 0.006567 0.069547
v 0.060978 0.007402 0.070997
v 0.060747 0.007976 0.071955
v 0.060018 0.005514 0.065036
v 0.060993 0.006035 0.068139
v 0.055545 0.008470 0.060857
v 0.060289 0.005511 0.065591
v 0.060994 0.007669 0.071154
v 0.046748 0.010670 0.061729
v 0.059998 0.009043 0.073990
v 0.059519 0.009503 0.074498
v 0.059186 0.009694 0.075315
v 0.058933 0.009840 0.075608
v 0.058383 0.010175 0.075860
v 0.057351 0.010420 0.077071
v 0.056647 0.010538 0.077468
v 0.055735 0.010744 0.077732
v 0.055080 0.010556 0.078282
v 0.056645 0.013539 0.077624
v 0.058717 0.013109 0.076061
v 0.060016 0.012488 0.074536
v 0.061470 0.011110 0.071594
v 0.061151 0.011498 0.072367
v 0.060465 0.012175 0.073848
v 0.051452 0.013203 0.060122
v 0.061155 0.009359 0.065716
v 0.059501 0.012756 0.075130
v 0.061537 0.010755 0.070632
v 0.058384 0.013197 0.076272
v 0.058993 0.012920 0.075529
v 0.060112 0.009645 0.064188
v 0.058518 0.010343 0.062368
v 0.059929 0.009274 0.064744
v 0.056624 0.011215 0.061245
v 0.061271 0.009911 0.068363
v 0.060665 0.011631 0.072714
v 0.046437 0.010774 0.077275
v 0.046927 0.011023 0.077560
v 0.047712 0.011417 0.077901
v 0.042762 0.010213 0.069415
v 0.046844 0.013431 0.061717
v 0.045769 0.010444 0.076548
v 0.044771 0.009831 0.075056
v 0.043613 0.011967 0.065408
v 0.055019 0.013428 0.077955
v 0.056118 0.013560 0.077795
v 0.057375 0.013209 0.076748
v 0.057475 0.013430 0.077095
v 0.057084 0.013461 0.077196
v 0.057925 0.013339 0.076767
v 0.057894 -0.011759 0.075836
v 0.060269 -0.008783 0.073644
v 0.060780 -0.008020 0.072283
v 0.060909 -0.007652 0.071504
v 0.059993 -0.009054 0.073691
v 0.061061 -0.006409 0.068988
v 0.060470 -0.008449 0.072638
v 0.059114 -0.009793 0.075041
v 0.060845 -0.007765 0.071293
v 0.057647 -0.010366 0.076682
v 0.057285 -0.010439 0.077063
v 0.058747 -0.009940 0.075778
v 0.057765 -0.006969 0.062358
v 0.060947 -0.005969 0.067923
v 0.061053 -0.006908 0.069935
v 0.058652 -0.006356 0.063194
v 0.059755 -0.009276 0.074459
v 0.058308 -0.010137 0.076200
v 0.043118 -0.005947 0.070770
v 0.050212 -0.009203 0.078414
v 0.050924 -0.009538 0.078535
v 0.047738 -0.007839 0.077411
v 0.043975 -0.005496 0.073469
v 0.049292 -0.008869 0.077981
v 0.048258 -0.010759 0.060934
v 0.049152 -0.008678 0.078068
v 0.046223 -0.006839 0.076321
v 0.043144 -0.007773 0.067060
v 0.046902 -0.007374 0.076782
v 0.051965 -0.010130 0.060206
v 0.044297 -0.005689 0.073976
v 0.047956 -0.008085 0.077418
v 0.045118 -0.009939 0.063357
v 0.051002 -0.009805 0.078348
v 0.045420 -0.006331 0.075508
v 0.051957 -0.009904 0.078688
v 0.052347 -0.010022 0.078729
v 0.053653 -0.010558 0.078310
v 0.054413 -0.010504 0.078407
v 0.055119 -0.010599 0.078097
v 0.055520 -0.010576 0.078112
v 0.056110 -0.010570 0.077866
v 0.055688 -0.010642 0.077812
v 0.056103 -0.010714 0.077486
v 0.054221 -0.013450 0.078334
v 0.050577 -0.012611 0.078697
v 0.049160 -0.011871 0.078041
v 0.045986 -0.010197 0.076172
v 0.044541 -0.009835 0.075599
v 0.043503 -0.009446 0.073128
v 0.042402 -0.009953 0.070184
v 0.048230 -0.011646 0.078002
v 0.051598 -0.012931 0.078720
v 0.046557 -0.010849 0.077225
v 0.047748 -0.011433 0.077936
v 0.045618 -0.010364 0.076638
v 0.050034 -0.012414 0.078660
v 0.042493 -0.010875 0.067641
v 0.042793 -0.011187 0.067090
v 0.043147 -0.011716 0.065879
v 0.043768 -0.011946 0.065347
v 0.043916 -0.012408 0.064295
v 0.058974 -0.010020 0.063193
v 0.060983 -0.011699 0.072814
v 0.058776 -0.013009 0.075751
v 0.061498 -0.009804 0.067883
v 0.061217 -0.011451 0.072313
v 0.045817 -0.013162 0.062558
v 0.061731 -0.010168 0.069212
v 0.061709 -0.010291 0.069518
v 0.060319 -0.011845 0.073208
v 0.060413 -0.012219 0.073951
v 0.059972 -0.012510 0.074583
v 0.059485 -0.012741 0.075068
v 0.053007 -0.012714 0.060162
v 0.061225 -0.011233 0.071681
v 0.050390 -0.013408 0.060221
v 0.060539 -0.009306 0.065875
v 0.058319 -0.013229 0.076392
v 0.057167 -0.013475 0.077268
v 0.057603 -0.013342 0.076758
v 0.056597 -0.013534 0.077570
v 0.057495 -0.024544 0.094400
v 0.075118 -0.018192 0.094735
v 0.075505 -0.024587 0.094395
v 0.057493 -0.024565 0.094398
v 0.057490 -0.024587 0.094395
v 0.075509 -0.024608 0.094390
v 0.075514 -0.024629 0.094385
v 0.057485 -0.024608 0.094390
v 0.057480 -0.024629 0.094385
v 0.075520 -0.024650 0.094379
v 0.075527 -0.024671 0.094372
v 0.057474 -0.024650 0.094379
v 0.057467 -0.024671 0.094372
v 0.075535 -0.024691 0.094364
v 0.075544 -0.024711 0.094355
v 0.057459 -0.024691 0.094364
v 0.057450 -0.024711 0.094355
v 0.075554 -0.024731 0.094346
v 0.075564 -0.024750 0.094335
v 0.057441 -0.024731 0.094346
v 0.057430 -0.024750 0.094335
v 0.075575 -0.024769 0.094324
v 0.075588 -0.024787 0.094312
v 0.057407 -0.024787 0.094312
v 0.057394 -0.024804 0.094299
v 0.075614 -0.024821 0.094285
v 0.057419 -0.024769 0.094324
v 0.075600 -0.024804 0.094299
v 0.057380 -0.024821 0.094285
v 0.057351 -0.024854 0.094256
v 0.075644 -0.024854 0.094256
v 0.057319 -0.024883 0.094224
v 0.075676 -0.024883 0.094224
v 0.057284 -0.024910 0.094189
v 0.075710 -0.024910 0.094189
v 0.057247 -0.024933 0.094152
v 0.075747 -0.024933 0.094152
v 0.057208 -0.024953 0.094114
v 0.075786 -0.024953 0.094114
v 0.057168 -0.024970 0.094073
v 0.075826 -0.024970 0.094073
v 0.057127 -0.024983 0.094032
v 0.075868 -0.024983 0.094032
v 0.057084 -0.024992 0.093989
v 0.075910 -0.024992 0.093989
v 0.057041 -0.024998 0.093946
v 0.075954 -0.024998 0.093946
v 0.075954 -0.024998 0.107562
v 0.075910 -0.024992 0.107562
v 0.075868 -0.024983 0.107562
v 0.075826 -0.024970 0.107562
v 0.075786 -0.024953 0.107562
v 0.075747 -0.024933 0.107562
v 0.075710 -0.024910 0.107562
v 0.075676 -0.024883 0.107562
v 0.075644 -0.024854 0.107562
v 0.075614 -0.024821 0.107562
v 0.075588 -0.024787 0.107562
v 0.075564 -0.024750 0.107562
v 0.075544 -0.024711 0.107562
v 0.075527 -0.024671 0.107562
v 0.075514 -0.024629 0.107562
v 0.074914 -0.018172 0.110678
v 0.057495 -0.024544 0.107562
v 0.057490 -0.024587 0.107562
v 0.057480 -0.024629 0.107562
v 0.057467 -0.024671 0.107562
v 0.057450 -0.024711 0.107562
v 0.057430 -0.024750 0.107562
v 0.057407 -0.024787 0.107562
v 0.057351 -0.024854 0.107562
v 0.057319 -0.024883 0.107562
v 0.057284 -0.024910 0.107562
v 0.057247 -0.024933 0.107562
v 0.057208 -0.024953 0.107562
v 0.057168 -0.024970 0.107562
v 0.057127 -0.024983 0.107562
v 0.057084 -0.024992 0.107562
v 0.057041 -0.024998 0.107562
v 0.075540 -0.024881 0.108309
v 0.074367 -0.024864 0.111162
v 0.070657 -0.024998 0.112859
v 0.070657 -0.024992 0.112815
v 0.070657 -0.024983 0.112773
v 0.070657 -0.024970 0.112731
v 0.070657 -0.024953 0.112691
v 0.070657 -0.024933 0.112652
v 0.070657 -0.024910 0.112616
v 0.070657 -0.024883 0.112581
v 0.071341 -0.024875 0.112470
v 0.057517 -0.024618 0.108124
v 0.062337 -0.024998 0.112859
v 0.062337 -0.024992 0.112815
v 0.062337 -0.024983 0.112773
v 0.062337 -0.024970 0.112731
v 0.062337 -0.024953 0.112691
v 0.062337 -0.024933 0.112652
v 0.062337 -0.024910 0.112616
v 0.062337 -0.024883 0.112581
v 0.058641 -0.024878 0.111184
v 0.057419 -0.024841 0.108264
v 0.057154 -0.024992 0.108355
v 0.075499 0.024544 0.107562
v 0.075505 0.024587 0.107562
v 0.075505 0.024587 0.094395
v 0.075500 0.024551 0.094400
v 0.075514 0.024629 0.107562
v 0.075527 0.024671 0.107562
v 0.075527 0.024671 0.094372
v 0.075520 0.024650 0.094379
v 0.075514 0.024629 0.094385
v 0.075509 0.024608 0.094390
v 0.075544 0.024711 0.107562
v 0.075564 0.024750 0.107562
v 0.075564 0.024750 0.094335
v 0.075554 0.024731 0.094346
v 0.075544 0.024711 0.094355
v 0.075535 0.024691 0.094364
v 0.075614 0.024821 0.094285
v 0.075600 0.024804 0.094299
v 0.075588 0.024787 0.107562
v 0.075588 0.024787 0.094312
v 0.075575 0.024769 0.094324
v 0.075596 0.024806 0.107812
v 0.075644 0.024854 0.107562
v 0.075644 0.024854 0.094256
v 0.075676 0.024883 0.107562
v 0.075676 0.024883 0.094224
v 0.075710 0.024910 0.107562
v 0.075710 0.024910 0.094189
v 0.075747 0.024933 0.107562
v 0.075747 0.024933 0.094152
v 0.075786 0.024953 0.107562
v 0.075786 0.024953 0.094114
v 0.075826 0.024970 0.107562
v 0.075826 0.024970 0.094073
v 0.075868 0.024983 0.107562
v 0.075868 0.024983 0.094032
v 0.075910 0.024992 0.107562
v 0.075910 0.024992 0.093989
v 0.075954 0.024998 0.107562
v 0.075954 0.024998 0.093946
v 0.057876 0.018192 0.094735
v 0.057490 0.024587 0.094395
v 0.057485 0.024608 0.094390
v 0.057480 0.024629 0.094385
v 0.057474 0.024650 0.094379
v 0.057467 0.024671 0.094372
v 0.057459 0.024691 0.094364
v 0.057450 0.024711 0.094355
v 0.057441 0.024731 0.094346
v 0.057430 0.024750 0.094335
v 0.057419 0.024769 0.094324
v 0.057407 0.024787 0.094312
v 0.057380 0.024821 0.094285
v 0.057394 0.024804 0.094299
v 0.057351 0.024854 0.094256
v 0.057319 0.024883 0.094224
v 0.057284 0.024910 0.094189
v 0.057247 0.024933 0.094152
v 0.057208 0.024953 0.094114
v 0.057168 0.024970 0.094073
v 0.057127 0.024983 0.094032
v 0.057084 0.024992 0.093989
v 0.057041 0.024998 0.093946
v 0.075454 0.024687 0.108446
v 0.070657 0.024821 0.112519
v 0.070657 0.024854 0.112549
v 0.070657 0.024883 0.112581
v 0.070657 0.024910 0.112616
v 0.070657 0.024933 0.112652
v 0.070657 0.024953 0.112691
v 0.075736 0.024972 0.108457
v 0.070657 0.024970 0.112731
v 0.070657 0.024983 0.112773
v 0.070657 0.024992 0.112815
v 0.074087 0.024857 0.111383
v 0.070657 0.024998 0.112859
v 0.057041 0.024998 0.107562
v 0.057084 0.024992 0.107562
v 0.057127 0.024983 0.107562
v 0.057168 0.024970 0.107562
v 0.057208 0.024953 0.107562
v 0.057247 0.024933 0.107562
v 0.057284 0.024910 0.107562
v 0.057319 0.024883 0.107562
v 0.057351 0.024854 0.107562
v 0.057380 0.024821 0.107562
v 0.057407 0.024787 0.107562
v 0.057430 0.024750 0.107562
v 0.057450 0.024711 0.107562
v 0.057467 0.024671 0.107562
v 0.057480 0.024629 0.107562
v 0.058350 0.018373 0.110904
v 0.061799 0.024860 0.112465
v 0.062337 0.024854 0.112549
v 0.062337 0.024883 0.112581
v 0.062337 0.024910 0.112616
v 0.062337 0.024933 0.112652
v 0.062337 0.024953 0.112691
v 0.062337 0.024970 0.112731
v 0.062337 0.024983 0.112773
v 0.062337 0.024992 0.112815
v 0.062337 0.024998 0.112859
v 0.058827 0.024876 0.111355
v 0.062985 -0.009039 0.109185
v 0.060703 -0.008159 0.107003
v 0.059264 -0.007292 0.105991
v 0.058690 -0.006871 0.105602
v 0.058264 -0.006497 0.105448
v 0.056256 -0.004107 0.104343
v 0.055358 -0.002084 0.103713
v 0.063565 -0.008993 0.110839
v 0.055015 0.000399 0.103847
v 0.063583 -0.008935 0.111346
v 0.063316 -0.009005 0.110299
v 0.062925 -0.008965 0.109444
v 0.058490 -0.006776 0.105837
v 0.055541 0.002706 0.103759
v 0.060107 -0.007833 0.106729
v 0.055721 0.003073 0.104019
v 0.056904 -0.005059 0.104643
v 0.055212 -0.001407 0.103716
v 0.055536 -0.002689 0.104128
v 0.056087 0.003831 0.104139
v 0.055392 0.002192 0.103753
v 0.055068 -0.000072 0.103564
v 0.055940 -0.003550 0.104083
v 0.063859 -0.008728 0.112585
v 0.056395 0.004374 0.104256
v 0.055177 0.001265 0.103657
v 0.055088 -0.000618 0.103567
v 0.057710 -0.005971 0.105243
v 0.063183 -0.009003 0.109889
v 0.063724 0.008893 0.111663
v 0.062800 0.008958 0.109086
v 0.063604 0.007361 0.116046
v 0.062176 0.000866 0.120583
v 0.060723 0.008154 0.107148
v 0.062461 0.001760 0.120616
v 0.062333 0.000275 0.120760
v 0.063613 0.007696 0.115306
v 0.063811 0.008107 0.114501
v 0.058157 0.006413 0.105306
v 0.062287 0.002263 0.120280
v 0.063666 0.008968 0.111142
v 0.062441 0.008887 0.108647
v 0.058884 0.007003 0.105871
v 0.056999 0.005181 0.104695
v 0.056548 0.004566 0.104491
v 0.060054 0.007789 0.106591
v 0.055762 0.003622 0.104469
v 0.063378 0.007085 0.116353
v 0.063853 0.008634 0.112891
v 0.063735 0.008280 0.113986
v 0.063824 0.008811 0.112144
v 0.057587 0.005870 0.105195
v 0.073683 -0.006270 0.098518
v 0.073375 0.007657 0.100782
v 0.073795 0.006430 0.098881
v 0.074458 0.002137 0.095628
v 0.074542 -0.001403 0.095478
v 0.074359 0.003718 0.096452
v 0.074779 0.000859 0.095570
v 0.074530 -0.002054 0.095689
v 0.074608 -0.002853 0.096077
v 0.074549 -0.000144 0.095290
v 0.073480 0.007173 0.099887
v 0.073803 0.005953 0.098203
v 0.074597 -0.000781 0.095417
v 0.073136 0.008463 0.102712
v 0.073217 0.008066 0.101626
v 0.073914 0.005420 0.097615
v 0.074450 0.002664 0.095880
v 0.074626 0.001346 0.095556
v 0.074119 0.005027 0.097396
v 0.074280 0.004685 0.097187
v 0.074941 -0.000554 0.095525
v 0.074331 -0.004414 0.096985
v 0.073994 -0.005182 0.097425
v 0.074007 -0.005774 0.098135
v 0.073574 -0.006752 0.099200
v 0.073760 -0.006892 0.099517
v 0.073366 -0.007705 0.100876
v 0.073191 -0.008206 0.101993
v 0.073094 -0.008841 0.103982
v 0.073471 -0.009052 0.105816
v 0.073961 -0.008994 0.106608
v 0.074967 -0.008704 0.107898
v 0.075726 -0.008402 0.108587
v 0.077787 -0.007297 0.109990
v 0.076602 -0.007980 0.109422
v 0.077045 -0.007716 0.109686
v 0.078524 -0.006665 0.110703
v 0.077881 -0.007163 0.110283
v 0.079175 -0.006060 0.111030
v 0.079693 -0.005493 0.111255
v 0.080042 -0.005102 0.111585
v 0.080400 -0.004629 0.111799
v 0.080124 -0.005068 0.111291
v 0.081198 -0.003191 0.112199
v 0.080890 -0.003820 0.111763
v 0.081562 -0.002303 0.112086
v 0.081651 -0.001872 0.112402
v 0.079334 0.006006 0.110992
v 0.073572 0.009021 0.105873
v 0.074077 0.008963 0.106799
v 0.073668 0.009051 0.106296
v 0.073131 0.008875 0.104228
v 0.036599 -0.000235 0.059997
v 0.036667 -0.001417 0.059691
v 0.036955 -0.002902 0.059736
v 0.038303 -0.005975 0.059034
v 0.055835 0.001857 0.051733
v 0.055242 -0.004264 0.052124
v 0.052402 -0.008208 0.053093
v 0.054383 0.005859 0.052394
v 0.054869 0.004949 0.052171
v 0.056027 -0.000047 0.051709
v 0.055553 -0.003188 0.051878
v 0.054265 -0.006013 0.052402
v 0.037462 0.004439 0.059537
v 0.055128 0.004434 0.052091
v 0.055860 0.001006 0.051589
v 0.055787 -0.002212 0.051775
v 0.036659 0.001382 0.059669
v 0.036887 0.002652 0.059676
v 0.055448 0.003221 0.051778
v 0.040367 -0.008486 0.058088
v 0.046647 -0.010804 0.055466
v 0.054657 -0.004809 0.051954
v 0.054594 0.004693 0.051970
v 0.055769 -0.001120 0.051554
v 0.046424 0.010646 0.055441
v 0.037653 -0.004826 0.059465
v 0.056729 -0.005065 0.048184
v 0.042219 -0.013192 0.054026
v 0.032653 -0.000819 0.058221
v 0.032898 0.002692 0.057977
v 0.034796 0.007549 0.057581
v 0.035162 0.008148 0.057285
v 0.056385 0.005992 0.048417
v 0.057341 0.002723 0.047857
v 0.033388 -0.004571 0.058073
v 0.036833 -0.010111 0.056683
v 0.038140 -0.011216 0.056150
v 0.056076 0.006259 0.048257
v 0.051121 0.011823 0.050288
v 0.034722 -0.007498 0.057356
v 0.039584 -0.012142 0.055448
v 0.056912 0.004427 0.048046
v 0.032702 0.001176 0.058362
v 0.037698 -0.010915 0.056028
v 0.047448 -0.013311 0.051806
v 0.055357 0.007422 0.048431
v 0.054363 0.009093 0.049125
v 0.047513 0.013306 0.051832
v 0.035761 0.008949 0.057032
v 0.033940 0.006011 0.057813
v 0.032863 -0.002464 0.058292
v 0.033928 -0.005988 0.057809
v 0.057479 0.000758 0.047660
v 0.056556 0.005324 0.048143
v 0.053125 0.010212 0.049408
v 0.037814 0.011057 0.055920
v 0.054451 -0.008970 0.049071
v 0.057285 0.001734 0.047628
v 0.033385 0.004576 0.057873
v 0.054936 -0.008443 0.048981
v 0.042314 0.013268 0.054053
v 0.034613 0.007165 0.057227
v 0.056642 0.002276 0.047684
v 0.057388 -0.000918 0.047584
v 0.057370 -0.002781 0.047922
v 0.056916 -0.003376 0.047776
v 0.056171 -0.006072 0.048213
v 0.055320 -0.007708 0.048635
v 0.048845 -0.007803 0.051281
v 0.044429 -0.008678 0.053114
v 0.037003 0.001055 0.056299
v 0.039917 0.006900 0.055015
v 0.040262 -0.006992 0.054930
v 0.037923 -0.003909 0.055925
v 0.050001 0.006854 0.050782
v 0.039153 -0.004645 0.058363
v 0.044241 -0.008503 0.056226
v 0.048869 -0.008167 0.054256
v 0.054174 0.000117 0.052008
v 0.048331 0.008593 0.054492
v 0.041774 0.007402 0.057267
v 0.053238 0.004105 0.052390
v 0.038326 0.002303 0.058754
v 0.083690 -0.006652 0.122840
v 0.070165 -0.008393 0.128747
v 0.072266 -0.009731 0.127703
v 0.075670 -0.010603 0.126344
v 0.076700 -0.010591 0.125899
v 0.077942 -0.010446 0.125417
v 0.085586 -0.003528 0.122370
v 0.084993 -0.004309 0.122245
v 0.082634 0.007904 0.123246
v 0.083602 0.007313 0.123216
v 0.079588 0.009920 0.124664
v 0.077240 0.010518 0.125579
v 0.075098 0.010540 0.126512
v 0.073272 0.010182 0.127483
v 0.069541 0.007809 0.128878
v 0.069185 0.007443 0.129006
v 0.066381 0.000391 0.130299
v 0.066456 0.001475 0.130120
v 0.066252 0.000571 0.130605
v 0.071525 -0.009355 0.128207
v 0.073150 -0.010087 0.127396
v 0.074336 -0.010432 0.126905
v 0.074505 -0.010832 0.127145
v 0.078585 -0.010243 0.125016
v 0.080808 -0.009373 0.124235
v 0.079434 -0.010049 0.124851
v 0.081674 -0.008716 0.123744
v 0.084477 -0.005615 0.122661
v 0.080736 0.009547 0.124417
v 0.076891 0.010633 0.125948
v 0.074091 0.010353 0.126873
v 0.072040 0.009614 0.127768
v 0.071540 0.009370 0.128171
v 0.070246 0.008453 0.128721
v 0.071335 0.009802 0.128496
v 0.067376 0.005105 0.130145
v 0.066778 0.003008 0.130080
v 0.046026 0.008727 0.052469
v 0.048681 0.011271 0.051163
v 0.050013 0.010538 0.050590
v 0.052040 0.007351 0.049741
v 0.054144 0.006792 0.048841
v 0.052881 0.006272 0.049375
v 0.055067 0.004939 0.048447
v 0.055205 0.002967 0.048392
v 0.055374 0.001262 0.048317
v 0.056035 -0.000417 0.048034
v 0.055243 -0.004037 0.048372
v 0.054367 -0.002757 0.048752
v 0.052634 -0.006622 0.049491
v 0.050727 -0.009013 0.050319
v 0.045712 -0.011196 0.052421
v 0.043543 -0.010458 0.053329
v 0.044264 -0.011912 0.053041
v 0.041865 -0.011540 0.054056
v 0.042381 -0.010100 0.053838
v 0.038445 -0.009743 0.055501
v 0.039371 -0.008495 0.055110
v 0.036115 -0.009237 0.056568
v 0.033357 -0.003764 0.057679
v 0.036132 0.007216 0.056481
v 0.037396 0.006456 0.055959
v 0.038479 0.009464 0.055492
v 0.039628 0.010855 0.055004
v 0.040587 0.009273 0.054599
vn -0.383996 -0.009670 -0.923284
vn -0.392086 -0.001600 -0.919927
vn -0.367297 0.018033 -0.929929
vn -0.343088 0.027624 -0.938897
vn -0.382643 0.026024 -0.923530
vn -0.391140 0.025204 -0.919986
vn -0.438472 -0.009465 -0.898695
vn -0.385900 0.004605 -0.922529
vn -0.387489 0.016914 -0.921719
vn -0.364600 -0.024159 -0.930851
vn -0.936456 0.306109 -0.171312
vn -0.331405 -0.035362 -0.942826
vn 0.623594 0.735556 -0.264741
vn 0.617183 0.741962 -0.261873
vn 0.575893 0.748297 -0.329241
vn 0.597945 0.760472 -0.253267
vn 0.571179 0.784174 -0.242540
vn 0.544754 0.775283 -0.319655
vn 0.552657 0.799740 -0.234491
vn 0.465015 0.819705 -0.334432
vn 0.515756 0.829237 -0.215316
vn 0.703614 0.565473 -0.430310
vn 0.758732 0.572612 -0.310550
vn 0.863692 0.278148 -0.420320
vn 0.751499 0.611621 -0.247325
vn 0.760606 0.586884 -0.277573
vn 0.810833 -0.419319 -0.408316
vn 0.719249 -0.588597 -0.369098
vn 0.655035 -0.703372 -0.276037
vn 0.617510 -0.691666 -0.374538
vn 0.608249 -0.750616 -0.258085
vn 0.577772 -0.753608 -0.313456
vn 0.598797 -0.759590 -0.253898
vn 0.530352 -0.784367 -0.321706
vn 0.561110 -0.793539 -0.235480
vn 0.562358 -0.793748 -0.231769
vn 0.495646 -0.792591 -0.355154
vn 0.241031 -0.970517 0.001116
vn 0.212477 -0.407988 0.887918
vn -0.326480 -0.942638 0.069598
vn -0.710135 -0.610122 0.351368
vn -0.981074 0.004121 -0.193589
vn 0.445485 0.867754 -0.220331
vn -0.811116 0.566719 0.144639
vn -0.943653 -0.097849 0.316139
vn -0.767590 -0.636308 0.076933
vn 0.517367 -0.852812 0.071007
vn 0.912094 -0.397047 -0.102162
vn 0.745593 0.654748 -0.124079
vn 0.125304 0.987316 -0.097503
vn -0.449052 0.892105 0.050009
vn -0.660703 0.496283 0.563183
vn -0.935707 -0.047500 0.349565
vn -0.615664 -0.481569 0.623737
vn 0.163912 -0.884063 0.437682
vn 0.730649 -0.581387 -0.357968
vn -0.473578 0.874257 0.106760
vn -0.868820 0.431564 0.242704
vn -0.481243 -0.864509 0.145015
vn 0.173141 -0.942279 -0.286589
vn 0.829727 -0.525601 -0.187872
vn 0.919980 0.343795 -0.188260
vn 0.619154 0.135127 0.773556
vn -0.091631 0.189873 0.977523
vn -0.077298 -0.109556 0.990970
vn 0.810143 0.002400 0.586228
vn 0.004990 0.012821 0.999905
vn -0.004088 0.006101 0.999973
vn -0.373626 0.289638 0.881200
vn 0.193076 0.526554 0.827926
vn -0.999281 -0.028282 0.025242
vn -0.999983 0.003770 0.004546
vn -0.999249 -0.029950 0.024579
vn -0.999207 -0.031757 0.024000
vn -0.999153 -0.033730 0.023561
vn -1.000000 -0.000113 0.000058
vn -1.000000 -0.000118 0.000056
vn -1.000000 -0.000124 0.000055
vn -0.999085 -0.035907 0.023252
vn -0.999621 -0.015333 0.022882
vn -1.000000 -0.000110 0.000061
vn -1.000000 -0.000130 0.000053
vn -1.000000 -0.000137 0.000053
vn -1.000000 -0.000144 0.000052
vn -1.000000 -0.000152 0.000052
vn -1.000000 -0.000160 0.000051
vn -1.000000 -0.000169 0.000050
vn -0.999944 0.009304 -0.005109
vn -1.000000 -0.000178 0.000050
vn -1.000000 -0.000190 0.000047
vn -1.000000 -0.000085 -0.000633
vn 0.009679 0.999898 -0.010489
vn -0.112496 0.703857 -0.701377
vn -0.236897 0.907829 0.346016
vn 0.357129 -0.820720 -0.445956
vn 0.591190 -0.798705 0.112089
vn 0.444281 -0.804417 0.394370
vn 0.013997 -0.998089 -0.060192
vn 0.372336 0.031618 0.927559
vn 0.266444 0.095860 0.959072
vn 0.365317 0.122999 0.922721
vn -0.011077 -0.874768 0.484415
vn 0.406864 -0.013521 0.913388
vn -0.158466 -0.985018 0.068038
vn -0.071243 -0.996977 0.030994
vn -0.345424 -0.926919 0.146643
vn -0.279076 -0.952849 0.119148
vn 0.802420 -0.490070 -0.340520
vn 0.729286 -0.620655 -0.287973
vn 0.291827 0.948430 -0.123767
vn 0.230353 0.968191 -0.097693
vn 0.794306 -0.518055 -0.317328
vn 0.914789 0.119086 -0.385979
vn 0.904484 0.187464 -0.383100
vn 0.912037 0.144407 -0.383843
vn 0.890077 0.259109 -0.375000
vn 0.820240 0.454306 -0.347581
vn 0.835443 0.420428 -0.353944
vn -0.932628 0.112421 0.342879
vn -0.916012 0.111934 0.385218
vn -0.643359 0.701774 0.305945
vn -0.684651 0.669038 0.289207
vn -0.906819 -0.014654 0.421265
vn -0.918725 -0.061742 0.390042
vn -0.919734 -0.012414 0.392345
vn -0.903339 -0.186266 0.386372
vn -0.908287 -0.156156 0.388110
vn -0.852897 -0.374455 0.363798
vn -0.846438 -0.391038 0.361431
vn -0.471483 -0.858833 0.200272
vn -0.518655 -0.826391 0.219261
vn -0.515279 -0.828345 0.219844
vn -0.446034 -0.874808 0.189116
vn -0.463286 -0.864175 0.196386
vn -0.466604 -0.860279 0.205429
vn -0.444731 -0.875646 0.188306
vn -0.518506 -0.825553 0.222740
vn -0.505756 -0.835611 0.214396
vn -0.523336 -0.824514 0.215164
vn -0.519013 -0.825824 0.220543
vn -0.571106 -0.784234 0.242518
vn -0.566616 -0.787883 0.241218
vn -0.563142 -0.791591 0.237180
vn -0.579839 -0.776771 0.245791
vn -0.601974 -0.756382 0.255957
vn -0.644526 -0.713990 0.273504
vn -0.660797 -0.695857 0.281302
vn -0.687246 -0.665291 0.291686
vn -0.679692 -0.673994 0.289396
vn -0.757291 -0.567299 0.323547
vn -0.719757 -0.622765 0.306778
vn -0.767991 -0.551313 0.325950
vn -0.739747 -0.595275 0.313722
vn -0.769698 -0.548429 0.326789
vn -0.777306 -0.536082 0.329259
vn -0.823622 -0.446085 0.350221
vn -0.814477 -0.465067 0.346899
vn -0.779826 -0.528799 0.335028
vn -0.793915 -0.504824 0.338899
vn -0.826675 -0.438596 0.352479
vn -0.877685 -0.300102 0.373641
vn -0.887267 -0.264286 0.378035
vn -0.877149 -0.300908 0.374252
vn -0.861783 -0.351393 0.365860
vn -0.860416 -0.353818 0.366740
vn -0.885273 -0.271465 0.377622
vn -0.872348 -0.318268 0.371100
vn -0.906622 -0.167201 0.387402
vn -0.900509 -0.205667 0.383125
vn -0.894603 -0.234936 0.380119
vn -0.893772 -0.236723 0.380964
vn -0.899341 -0.212407 0.382190
vn -0.914617 -0.105643 0.390275
vn -0.918450 -0.057235 0.391374
vn -0.913668 0.110306 0.391207
vn -0.920308 0.006735 0.391137
vn -0.920382 -0.007692 0.390945
vn -0.899058 0.206855 0.385883
vn -0.920136 0.018855 0.391146
vn -0.918703 0.059049 0.390511
vn -0.919355 0.047485 0.390554
vn -0.919554 0.041852 0.390729
vn -0.919376 0.045008 0.390796
vn -0.913118 0.120059 0.389616
vn -0.918113 0.054490 0.392556
vn -0.913184 0.121252 0.389093
vn -0.899767 0.209844 0.382602
vn -0.905112 0.180956 0.384743
vn -0.904657 0.184493 0.384134
vn -0.881698 0.284097 0.376693
vn -0.914464 0.103361 0.391245
vn -0.894014 0.237299 0.380037
vn -0.887952 0.263249 0.377149
vn -0.844666 0.395940 0.360238
vn -0.876565 0.304673 0.372570
vn -0.849952 0.383800 0.360943
vn -0.862112 0.350258 0.366174
vn -0.860264 0.354660 0.366281
vn -0.862193 0.350202 0.366035
vn -0.870504 0.318721 0.375020
vn -0.846376 0.385757 0.367205
vn -0.763160 0.557139 0.327387
vn -0.868099 0.330785 0.370115
vn -0.793193 0.505661 0.339340
vn -0.854434 0.366754 0.368014
vn -0.811234 0.471900 0.345267
vn -0.821693 0.449917 0.349852
vn -0.693966 0.656160 0.296420
vn -0.741205 0.593408 0.313817
vn -0.759913 0.562651 0.325509
vn -0.761923 0.561249 0.323223
vn -0.758413 0.565322 0.324378
vn -0.774505 0.540850 0.328060
vn -0.738138 0.597927 0.312465
vn -0.701384 0.647982 0.296952
vn -0.730480 0.608221 0.310590
vn -0.747315 0.584371 0.316278
vn -0.681542 0.672541 0.288427
vn -0.633450 0.726630 0.265989
vn -0.679202 0.675044 0.288098
vn -0.698890 0.650557 0.297200
vn -0.675909 0.678818 0.286973
vn -0.657635 0.699605 0.279408
vn -0.680207 0.673152 0.290145
vn -0.611461 0.747906 0.258365
vn -0.691893 0.658817 0.295372
vn -0.630695 0.728156 0.268350
vn -0.621588 0.737716 0.263444
vn -0.570963 0.784365 0.242431
vn -0.623975 0.734434 0.266948
vn -0.594659 0.763436 0.252085
vn -0.547571 0.804071 0.231595
vn -0.439096 0.879225 0.184821
vn -0.555045 0.797555 0.236287
vn -0.526623 0.820286 0.223155
vn -0.490220 0.846266 0.208611
vn -0.615408 0.744355 0.259247
vn -0.494028 0.844101 0.208399
vn -0.497776 0.840989 0.212032
vn -0.464135 0.863531 0.197213
vn -0.467199 0.860796 0.201877
vn -0.482132 0.851861 0.204649
vn -0.493213 0.843914 0.211070
vn -0.451786 0.871271 0.191771
vn -0.427430 0.885897 0.180250
vn -0.477625 0.855270 0.200965
vn -0.483149 0.850813 0.206603
vn -0.469746 0.860580 0.196829
vn -0.535088 0.813932 0.226264
vn -0.553828 0.798960 0.234389
vn -0.584287 0.772658 0.248210
vn -0.493642 0.844088 0.209365
vn -0.591418 0.764609 0.256120
vn -0.578281 0.778039 0.245453
vn -0.557964 0.791327 0.249954
vn -0.589388 0.768946 0.247678
vn -0.578939 0.773589 0.257661
vn -0.597347 0.760915 0.253346
vn -0.602371 0.752097 0.267393
vn -0.613073 0.746370 0.258987
vn -0.690981 0.660673 0.293353
vn -0.756927 0.569984 0.319655
vn -0.693121 0.658099 0.294091
vn -0.687619 0.664980 0.291518
vn -0.691257 0.660683 0.292680
vn -0.805518 0.483925 0.341991
vn -0.752863 0.573553 0.322854
vn -0.806443 0.481046 0.343868
vn -0.788735 0.515598 0.334748
vn -0.844258 0.398283 0.358606
vn -0.747412 0.583870 0.316972
vn -0.756420 0.570526 0.319889
vn -0.770186 0.549821 0.323280
vn -0.840344 0.408115 0.356741
vn -0.826451 0.435967 0.356247
vn -0.815380 0.464298 0.345808
vn -0.810183 0.464926 0.356998
vn -0.816303 0.462782 0.345662
vn -0.857194 0.370141 0.358069
vn -0.903454 0.217936 0.369154
vn -0.853793 0.355168 0.380647
vn -0.863818 0.345675 0.366506
vn -0.869930 0.318077 0.376893
vn -0.849563 0.384735 0.360862
vn -0.773734 0.547409 0.318872
vn -0.857900 0.355912 0.370588
vn -0.851284 0.381850 0.359870
vn -0.873651 0.296556 0.385732
vn -0.887002 0.281425 0.366097
vn -0.920417 0.060638 0.386207
vn -0.921994 0.087170 0.377264
vn -0.902200 0.199514 0.382399
vn -0.905382 0.178175 0.385404
vn -0.914521 0.136733 0.380731
vn -0.926368 -0.372433 0.056001
vn -0.679972 -0.177759 0.711364
vn -0.459463 -0.887716 -0.029213
vn 0.688604 0.307000 -0.656944
vn 0.578652 0.708652 -0.403700
vn 0.902257 0.421391 -0.091448
vn 0.478665 0.854014 -0.203814
vn 0.452467 0.870551 -0.193427
vn 0.482881 0.851133 -0.205908
vn 0.445001 0.875391 -0.188851
vn 0.474566 0.856855 -0.201462
vn 0.461044 0.864985 -0.198089
vn 0.498822 0.840486 -0.211564
vn 0.494689 0.844747 -0.204172
vn 0.492557 0.844994 -0.208264
vn 0.587022 0.770205 -0.249378
vn 0.557812 0.795578 -0.236435
vn 0.550018 0.801507 -0.234663
vn 0.567185 0.787450 -0.241294
vn 0.656617 0.701026 -0.278237
vn 0.656470 0.701439 -0.277544
vn 0.638476 0.719996 -0.271944
vn 0.675768 0.678789 -0.287372
vn 0.696866 0.653435 -0.295634
vn 0.705318 0.642362 -0.299828
vn 0.725008 0.616617 -0.306834
vn 0.723685 0.617875 -0.307425
vn 0.791587 0.511200 -0.334759
vn 0.765819 0.555071 -0.324681
vn 0.813831 0.467241 -0.345492
vn 0.809119 0.477224 -0.342904
vn 0.805338 0.484758 -0.341234
vn 0.821339 0.451822 -0.348223
vn 0.802158 0.490471 -0.340559
vn 0.800280 0.495663 -0.337448
vn 0.792467 0.508818 -0.336304
vn 0.744338 0.593477 -0.306181
vn 0.826041 0.442467 -0.349112
vn 0.904297 0.193795 -0.380381
vn 0.846029 0.394068 -0.359089
vn 0.852456 0.384550 -0.354175
vn 0.870304 0.327346 -0.367988
vn 0.852948 0.378437 -0.359535
vn 0.853299 0.377834 -0.359337
vn 0.891109 0.230973 0.390611
vn 0.916554 0.100218 -0.387151
vn 0.901106 0.204519 -0.382334
vn 0.901085 0.209151 -0.379869
vn 0.902339 0.198091 -0.382810
vn 0.920351 0.045417 -0.388447
vn 0.920372 0.022762 -0.390381
vn 0.920480 0.015245 -0.390492
vn 0.920985 -0.001681 -0.389595
vn 0.915855 0.100492 -0.388731
vn 0.917587 0.090157 -0.387178
vn 0.917050 0.087392 -0.389078
vn 0.916835 0.092776 -0.388338
vn 0.921725 -0.008268 -0.387756
vn 0.890647 0.258934 -0.373766
vn 0.920435 -0.053488 -0.387219
vn 0.903820 -0.193330 -0.381751
vn 0.918793 -0.076221 -0.387312
vn 0.917734 -0.086713 -0.387613
vn 0.882802 -0.284842 -0.373531
vn 0.908664 -0.162819 -0.384474
vn 0.915305 -0.109283 -0.387652
vn 0.895041 -0.235849 -0.378520
vn 0.892278 -0.251278 -0.375100
vn 0.895975 -0.229835 -0.380008
vn 0.900663 -0.215831 -0.377126
vn 0.895269 -0.232563 -0.380011
vn 0.869469 -0.329738 -0.367827
vn 0.871253 -0.323566 -0.369083
vn 0.861132 -0.353855 -0.365020
vn 0.870463 -0.326400 -0.368453
vn 0.859824 -0.357394 -0.364653
vn 0.838603 -0.412518 -0.355771
vn 0.847989 -0.389202 -0.359774
vn 0.850169 -0.383665 -0.360574
vn 0.845858 -0.394636 -0.358868
vn 0.817998 -0.459005 -0.346690
vn 0.844903 -0.397726 -0.357704
vn 0.800040 -0.496816 -0.336318
vn 0.802690 -0.489402 -0.340845
vn 0.801652 -0.493026 -0.338053
vn 0.802534 -0.489998 -0.340354
vn 0.802337 -0.490612 -0.339933
vn 0.774350 -0.541877 -0.326729
vn 0.781798 -0.528824 -0.330358
vn 0.703886 -0.645559 -0.296308
vn 0.759957 -0.563806 -0.323401
vn 0.859525 -0.359510 -0.363277
vn 0.755183 -0.571495 -0.321080
vn 0.717750 -0.625860 -0.305179
vn 0.736261 -0.599563 -0.313759
vn 0.755448 -0.571391 -0.320641
vn 0.638767 -0.718900 -0.274151
vn 0.695289 -0.655207 -0.295426
vn 0.734792 -0.602964 -0.310667
vn 0.691480 -0.660358 -0.292887
vn 0.645776 -0.713039 -0.273038
vn 0.660648 -0.696281 -0.280603
vn 0.703033 -0.646148 -0.297049
vn 0.690607 -0.661156 -0.293145
vn 0.607171 -0.751498 -0.258057
vn 0.553368 -0.798450 -0.237196
vn 0.645934 -0.712721 -0.273493
vn 0.615001 -0.743836 -0.261689
vn 0.621771 -0.737244 -0.264333
vn 0.586201 -0.771147 -0.248397
vn 0.627227 -0.732432 -0.264821
vn 0.571265 -0.784012 -0.242862
vn 0.518222 -0.826576 -0.219586
vn 0.535772 -0.812756 -0.228858
vn 0.554888 -0.798205 -0.234454
vn 0.405739 -0.896776 -0.176548
vn 0.501611 -0.838501 -0.212845
vn 0.453151 -0.870580 -0.191690
vn 0.454828 -0.869401 -0.193062
vn 0.532506 -0.815558 -0.226502
vn 0.468765 -0.860702 -0.198625
vn 0.479340 -0.854346 -0.200812
vn 0.487590 -0.848045 -0.207547
vn 0.494807 -0.843795 -0.207787
vn 0.519623 -0.825032 -0.222065
vn 0.678968 -0.674264 -0.290466
vn 0.603027 -0.755928 -0.254817
vn 0.657306 -0.699497 -0.280451
vn 0.654884 -0.703143 -0.276977
vn 0.635980 -0.722098 -0.272221
vn 0.657404 -0.700035 -0.278874
vn 0.578952 -0.777148 -0.246687
vn 0.587291 -0.770923 -0.246510
vn 0.598654 -0.759279 -0.255163
vn 0.601800 -0.756417 -0.256263
vn 0.741766 -0.596916 -0.305736
vn 0.595261 -0.762217 -0.254342
vn 0.668775 -0.687456 -0.283097
vn 0.668872 -0.685808 -0.286840
vn 0.852175 -0.396592 -0.341338
vn 0.865773 -0.338060 -0.368989
vn 0.863512 -0.346892 -0.366078
vn 0.838539 -0.411625 -0.356956
vn 0.871458 -0.323979 -0.368237
vn 0.896016 -0.231021 -0.379190
vn 0.898864 -0.216303 -0.381124
vn 0.815933 -0.460727 -0.349263
vn 0.894432 -0.224064 -0.387022
vn 0.870449 -0.318708 -0.375159
vn 0.880234 -0.298585 -0.368829
vn 0.908864 -0.139885 -0.392935
vn 0.911359 -0.168968 -0.375332
vn 0.897422 -0.209595 -0.388205
vn 0.907790 -0.212034 -0.361883
vn 0.915463 -0.018710 -0.401966
vn 0.912632 -0.103164 -0.395551
vn 0.902095 0.137582 -0.409018
vn 0.918262 -0.087207 -0.386250
vn 0.914363 -0.112527 -0.388945
vn 0.919310 -0.049897 -0.390359
vn 0.915445 -0.105117 -0.388473
vn 0.854885 -0.369389 -0.364311
vn 0.920664 0.004342 -0.390332
vn 0.915179 -0.132690 -0.380580
vn 0.916987 0.052418 -0.395457
vn -0.017488 0.999817 0.007724
vn 0.108030 0.993075 -0.046158
vn 0.010053 0.999944 -0.003335
vn 0.130884 0.989780 -0.056620
vn -0.101163 0.993982 0.042021
vn -0.103649 0.993690 0.042857
vn 0.004262 0.999990 -0.001529
vn -0.104020 0.993693 0.041870
vn -0.113030 0.992419 0.048259
vn -0.096505 0.994447 0.041978
vn -0.211087 0.973451 0.088524
vn -0.146695 0.987217 0.062314
vn -0.235103 0.966892 0.099229
vn -0.225971 0.969390 0.096023
vn -0.266909 0.957058 0.113138
vn -0.382616 0.909403 0.163066
vn -0.297301 0.946331 0.126770
vn -0.300532 0.945279 0.127001
vn -0.267472 0.956839 0.113657
vn -0.282756 0.951682 0.119793
vn -0.200806 0.975763 0.086973
vn -0.364078 0.918549 0.153999
vn -0.205377 0.975121 0.083425
vn -0.364966 0.917668 0.157112
vn -0.362384 0.919257 0.153767
vn -0.463781 0.863895 0.196447
vn -0.759978 0.562073 0.326355
vn -0.862010 0.298847 0.409426
vn -0.726515 0.612593 0.311297
vn -0.776839 0.536176 0.330207
vn -0.807396 0.479639 0.343597
vn -0.663430 0.685687 0.299489
vn -0.745942 0.585836 0.316807
vn -0.718818 0.622520 0.309468
vn -0.707092 0.638402 0.304079
vn 0.706135 0.649076 -0.282971
vn 0.766582 0.557721 -0.318276
vn 0.796457 0.503115 -0.335456
vn 0.925045 -0.112905 -0.362690
vn 0.361496 0.919698 -0.153217
vn 0.444167 0.875969 -0.188133
vn 0.368806 0.916267 -0.156321
vn 0.327119 0.934740 -0.138756
vn 0.365647 0.917692 -0.155382
vn 0.390298 0.905876 -0.164489
vn 0.371832 0.914724 -0.158180
vn 0.313106 0.940413 -0.132620
vn 0.219268 0.971108 -0.094179
vn 0.103785 0.993628 -0.043947
vn 0.051986 0.998344 -0.024619
vn 0.381355 0.909860 -0.163472
vn 0.233998 0.967180 -0.099032
vn 0.202108 0.975554 -0.086294
vn 0.239548 0.963716 -0.117765
vn 0.102600 0.993771 -0.043504
vn 0.125734 0.990609 -0.053710
vn 0.121603 0.991287 -0.050617
vn 0.098963 0.994187 -0.042403
vn 0.024066 0.999656 -0.010444
vn 0.042042 -0.998939 -0.018783
vn 0.067449 -0.997316 -0.028483
vn 0.122889 -0.991066 -0.051830
vn 0.181499 -0.980109 -0.080274
vn 0.018799 -0.999797 -0.007246
vn 0.030098 -0.999465 -0.012792
vn 0.036129 -0.999237 -0.014869
vn 0.151496 -0.986344 -0.064616
vn 0.072253 -0.996883 -0.031698
vn 0.122618 -0.991103 -0.051771
vn 0.116685 -0.991931 -0.049571
vn 0.174923 -0.981730 -0.074885
vn 0.211529 -0.973211 -0.090086
vn 0.149716 -0.986509 -0.066221
vn 0.185892 -0.979360 -0.079359
vn 0.069849 -0.997013 -0.032958
vn 0.233865 -0.967350 -0.097677
vn 0.258490 -0.959732 -0.109989
vn 0.332791 -0.932243 -0.142031
vn 0.361306 -0.919794 -0.153094
vn 0.411778 -0.894272 -0.175262
vn 0.379114 -0.911302 -0.160628
vn 0.364609 -0.918129 -0.155240
vn 0.343734 -0.927851 -0.144706
vn 0.390030 -0.905660 -0.166304
vn 0.402315 -0.899460 -0.170631
vn 0.361217 -0.919941 -0.152416
vn 0.624061 -0.780990 0.024539
vn 0.837253 -0.546806 -0.003141
vn -0.288383 -0.815864 0.501200
vn -0.677277 -0.672271 0.298911
vn -0.763259 -0.557698 0.326205
vn -0.752616 -0.574499 0.321745
vn -0.773497 -0.541555 0.329271
vn -0.768981 -0.549181 0.327213
vn -0.349952 -0.924856 0.148911
vn -0.384304 -0.908837 0.162253
vn -0.265571 -0.957574 0.111914
vn -0.371456 -0.914970 0.157640
vn -0.364877 -0.917402 0.158866
vn -0.359606 -0.920573 0.152408
vn -0.209800 -0.974237 0.082747
vn -0.299688 -0.945359 0.128386
vn -0.272091 -0.955331 0.115370
vn -0.258086 -0.959570 0.112324
vn -0.156324 -0.985693 0.063019
vn -0.120745 -0.991360 0.051250
vn -0.141777 -0.988069 0.060151
vn -0.148977 -0.986638 0.065969
vn -0.141984 -0.988051 0.059970
vn -0.114102 -0.992303 0.048129
vn -0.047456 -0.998801 0.012039
vn -0.118037 -0.991687 0.051228
vn -0.133301 -0.989521 0.055494
vn 0.007666 0.988608 0.150315
vn -0.336245 0.926046 0.171400
vn -0.733196 0.603933 0.312551
vn 0.579902 0.732426 -0.356743
vn 0.608212 -0.703360 -0.367916
vn -0.333184 -0.892506 0.304010
vn -0.952362 -0.266284 0.148659
vn 0.296871 0.953538 0.051314
vn 0.245787 0.968811 -0.031522
vn 0.887920 0.172498 -0.426431
vn 0.685352 -0.532645 -0.496569
vn 0.535651 0.826730 -0.172036
vn 0.444911 -0.894983 -0.032540
vn -0.666887 -0.363315 0.650587
vn -0.002502 -0.973491 -0.228710
vn -0.713339 0.604802 0.354064
vn -0.217307 -0.976072 0.007790
vn 0.698873 0.590157 -0.404093
vn -0.400303 -0.812259 0.424255
vn 0.986295 0.095458 -0.134570
vn 0.364287 -0.869002 -0.334858
vn 0.802474 -0.041231 -0.595261
vn 0.997535 -0.055067 0.043482
vn -0.145179 0.895309 0.421124
vn -0.646319 0.698190 0.307902
vn -0.776981 0.513039 0.364817
vn -0.751326 0.110974 0.650533
vn -0.851993 -0.498853 0.158910
vn 0.440397 0.811060 -0.385009
vn -0.808800 0.112274 0.577266
vn -0.682460 -0.703948 0.196736
vn -0.004278 -0.005924 0.999973
vn 0.121241 -0.036278 0.991960
vn -0.000022 0.000163 1.000000
vn -0.000021 0.000156 1.000000
vn -0.000015 0.000149 1.000000
vn -0.000010 0.000142 1.000000
vn -0.001369 0.000092 0.999999
vn 0.005576 -0.012965 0.999900
vn -0.999926 -0.010420 -0.006240
vn -0.999698 0.013445 0.020576
vn -0.999978 -0.004358 0.004913
vn -0.987020 -0.146848 0.065013
vn -1.000000 0.000121 0.000053
vn -1.000000 0.000115 0.000053
vn -1.000000 0.000102 0.000050
vn -0.999999 0.000563 0.001208
vn -1.000000 0.000135 0.000051
vn -1.000000 0.000127 0.000051
vn -0.999999 0.001304 0.000474
vn -0.999999 0.001451 0.000547
vn -0.999995 0.002379 0.001846
vn -0.036629 0.001270 -0.999328
vn 0.000271 0.000022 -1.000000
vn 0.000261 0.000286 -1.000000
vn 0.000099 0.000011 -1.000000
vn 0.001984 -0.002381 -0.999995
vn 0.006007 0.000518 -0.999982
vn 0.001593 -0.000294 -0.999999
vn 0.001920 -0.000251 -0.999998
vn 0.003246 -0.000054 -0.999995
vn 0.000215 0.000029 -1.000000
vn 0.000175 0.000035 -1.000000
vn 0.000148 0.000039 -1.000000
vn 0.001090 -0.000382 -0.999999
vn 0.001215 -0.000356 -0.999999
vn 0.001379 -0.000327 -0.999999
vn 0.000135 0.000042 -1.000000
vn 0.000124 0.000044 -1.000000
vn 0.000111 0.000048 -1.000000
vn 0.000932 -0.000339 -1.000000
vn 0.000918 -0.000429 -0.999999
vn 0.000997 -0.000405 -0.999999
vn 0.000103 0.000051 -1.000000
vn 0.000096 0.000053 -1.000000
vn 0.000089 0.000056 -1.000000
vn 0.001584 -0.000362 -0.999999
vn 0.000084 0.000059 -1.000000
vn 0.000081 0.000062 -1.000000
vn 0.000074 0.000067 -1.000000
vn 0.000072 0.000070 -1.000000
vn 0.000071 0.000072 -1.000000
vn 0.000066 0.000077 -1.000000
vn 0.000062 0.000082 -1.000000
vn 0.000060 0.000086 -1.000000
vn 0.003422 0.003741 -0.999987
vn 0.002122 0.005192 -0.999984
vn -0.002613 -0.007694 -0.999967
vn 0.999964 -0.004333 0.007255
vn 0.999976 0.003796 0.005862
vn 0.999998 0.001467 -0.001168
vn 0.999946 -0.004633 -0.009278
vn 1.000000 -0.000532 -0.000236
vn 0.999990 -0.003648 -0.002410
vn 0.999999 0.001287 -0.000568
vn 0.999999 0.001270 -0.000821
vn 0.999383 0.017096 -0.030693
vn 1.000000 -0.000593 -0.000245
vn 1.000000 -0.000622 -0.000238
vn 0.999999 -0.001039 0.000331
vn 0.999994 0.002047 -0.002946
vn 0.999999 0.001242 -0.000644
vn 1.000000 -0.000072 0.000631
vn 1.000000 -0.000188 -0.000157
vn -0.003129 -0.999985 -0.004572
vn -0.010533 -0.999943 0.001994
vn 0.002759 -0.999990 -0.003444
vn 0.080469 -0.444803 -0.892006
vn -0.003236 -0.999954 -0.009050
vn 0.000288 -1.000000 -0.000505
vn -0.000300 -1.000000 0.000205
vn -0.000453 -1.000000 -0.000203
vn 0.000148 -1.000000 0.000412
vn 0.002686 -0.999996 0.000549
vn 0.011686 -0.999383 -0.033131
vn -0.002835 0.999993 -0.002574
vn 0.002411 0.999916 -0.012703
vn 0.002802 0.999992 -0.002893
vn 0.095104 0.995445 -0.006714
vn 0.003674 0.999992 0.001253
vn -0.000269 1.000000 -0.000513
vn 0.000298 1.000000 0.000206
vn 0.000453 1.000000 -0.000227
vn -0.000148 1.000000 0.000412
vn -0.006026 0.999980 0.001773
vn -0.004209 0.999560 -0.029356
vn -0.401331 -0.900087 0.169637
vn -0.316874 -0.939934 0.126940
vn -0.873326 0.315157 0.371454
vn -0.896226 0.228919 0.379967
vn -0.872230 -0.335992 0.355421
vn -0.869185 -0.329310 0.368880
vn -0.874691 -0.317498 0.366210
vn -0.861093 -0.354283 0.364695
vn -0.769711 -0.548822 0.326097
vn -0.776587 -0.536918 0.329593
vn -0.759375 -0.565575 0.321675
vn -0.783264 -0.525314 0.332478
vn -0.794256 -0.508883 0.331956
vn -0.796055 -0.502111 0.337908
vn -0.801469 -0.492203 0.339683
vn -0.805155 -0.484694 0.341757
vn -0.809830 -0.475646 0.343418
vn -0.811759 -0.471508 0.344569
vn -0.823691 -0.446637 0.349355
vn -0.824653 -0.444335 0.350020
vn -0.826498 -0.440413 0.350625
vn -0.828690 -0.435387 0.351725
vn -0.839185 -0.411298 0.355813
vn -0.839888 -0.409259 0.356504
vn -0.845422 -0.396103 0.358279
vn -0.848299 -0.388252 0.360069
vn -0.858631 -0.360500 0.364408
vn -0.774032 -0.541519 0.328072
vn -0.751302 -0.577853 0.318795
vn -0.750357 -0.579254 0.318478
vn -0.750205 -0.580098 0.317298
vn -0.732268 -0.605956 0.310808
vn -0.731629 -0.607341 0.309606
vn -0.723414 -0.618377 0.307055
vn -0.718729 -0.625559 0.303487
vn -0.711842 -0.634030 0.302139
vn -0.716976 -0.635960 0.285483
vn -0.693865 -0.657136 0.294490
vn -0.691940 -0.660828 0.290733
vn -0.687900 -0.664494 0.291960
vn -0.686437 -0.668057 0.287237
vn -0.671511 -0.683978 0.285039
vn -0.642755 -0.714730 0.275729
vn -0.473870 -0.857621 0.199832
vn -0.655529 -0.702107 0.278077
vn -0.423773 -0.889432 0.171252
vn -0.631263 -0.729628 0.262965
vn -0.618439 -0.740852 0.262055
vn -0.619903 -0.739322 0.262914
vn -0.597103 -0.761127 0.253287
vn -0.556713 -0.796595 0.235600
vn -0.570895 -0.784690 0.241539
vn -0.582412 -0.774450 0.247028
vn -0.552873 -0.799764 0.233901
vn -0.501575 -0.838617 0.212473
vn -0.504996 -0.836531 0.212593
vn -0.499404 -0.841328 0.206791
vn -0.501407 -0.839567 0.209087
vn -0.551242 -0.801019 0.233453
vn -0.442832 -0.877929 0.182047
vn -0.509066 -0.833356 0.215337
vn -0.526696 -0.820101 0.223665
vn -0.543426 -0.807211 0.230433
vn -0.409530 -0.897217 0.165190
vn -0.397898 -0.902112 0.166948
vn -0.507776 -0.835709 0.209172
vn -0.738650 -0.615665 0.274503
vn -0.416457 -0.894922 0.160244
vn -0.500286 -0.844759 0.189989
vn -0.439901 -0.878856 0.184661
vn -0.431441 -0.886912 0.165065
vn -0.434479 -0.881865 0.183145
vn 0.040210 -0.998935 -0.022636
vn -0.362088 -0.919520 0.152889
vn -0.374310 -0.913718 0.158148
vn -0.369530 -0.916160 0.155235
vn -0.343101 -0.927961 0.145502
vn -0.346723 -0.930852 0.115320
vn -0.335450 -0.931678 0.139463
vn -0.324117 -0.938864 0.116117
vn -0.286679 -0.950307 0.121375
vn -0.229487 -0.969757 0.083109
vn -0.270004 -0.959785 0.076882
vn 0.003155 -0.999921 -0.012133
vn -0.023079 -0.999729 0.002885
vn 0.020281 -0.999749 -0.009555
vn 0.016529 -0.999838 -0.007102
vn 0.048214 -0.998566 -0.023277
vn 0.038012 -0.998833 -0.029791
vn 0.053619 -0.998250 -0.024934
vn 0.056636 -0.998102 -0.024184
vn 0.084776 -0.995675 -0.038012
vn 0.090571 -0.995134 -0.038805
vn 0.108372 -0.992895 -0.049140
vn 0.111268 -0.992666 -0.047251
vn 0.133345 -0.989317 -0.058910
vn 0.138315 -0.988531 -0.060626
vn 0.156894 -0.985297 -0.067632
vn 0.258378 -0.959063 -0.115923
vn 0.179627 -0.980567 -0.078882
vn 0.146265 -0.987204 -0.063518
vn 0.204982 -0.974776 -0.088286
vn 0.213789 -0.972624 -0.091086
vn 0.226736 -0.968075 -0.106869
vn 0.231222 -0.967926 -0.098260
vn 0.252416 -0.960610 -0.116252
vn 0.327328 -0.933495 -0.146434
vn 0.273569 -0.953946 -0.123072
vn 0.238169 -0.965861 -0.101919
vn 0.299364 -0.944791 -0.133233
vn 0.323360 -0.935539 -0.142142
vn 0.320496 -0.936300 -0.143609
vn 0.308025 -0.942279 -0.131264
vn 0.345504 -0.926657 -0.148099
vn 0.354667 -0.922547 -0.152045
vn 0.365127 -0.917680 -0.156671
vn 0.365455 -0.917809 -0.155144
vn 0.393586 -0.903445 -0.169935
vn 0.397338 -0.901916 -0.169323
vn 0.403946 -0.898329 -0.172720
vn 0.412399 -0.894023 -0.175070
vn 0.437515 -0.879564 -0.186946
vn 0.712981 -0.620503 -0.326548
vn 0.438960 -0.875929 -0.200158
vn 0.214400 -0.972310 -0.092979
vn 0.480279 -0.851631 -0.209898
vn 0.489955 -0.846461 -0.208440
vn 0.487207 -0.847738 -0.209691
vn 0.498548 -0.840632 -0.211633
vn 0.521642 -0.822934 -0.225099
vn 0.566260 -0.787490 -0.243331
vn 0.526242 -0.819440 -0.227129
vn 0.488993 -0.847116 -0.208042
vn 0.560436 -0.793033 -0.238769
vn 0.704329 -0.635709 -0.315903
vn 0.558695 -0.792383 -0.244926
vn -0.881302 -0.432937 -0.189399
vn -0.123801 -0.991490 0.040254
vn 0.599113 -0.759221 -0.254259
vn 0.608158 -0.750539 -0.258524
vn 0.603613 -0.754900 -0.256471
vn 0.651319 -0.705990 -0.278138
vn 0.682537 -0.669433 -0.293261
vn 0.589672 -0.767786 -0.250582
vn 0.636287 -0.722596 -0.270175
vn 0.638474 -0.720112 -0.271642
vn 0.683378 -0.669842 -0.290356
vn 0.615652 -0.743394 -0.261416
vn 0.671672 -0.683759 -0.285187
vn 0.699817 -0.646944 -0.302852
vn 0.647485 -0.709983 -0.276925
vn 0.589851 -0.769348 -0.245315
vn 0.365991 -0.755944 -0.542770
vn 0.704717 -0.643310 -0.299209
vn 0.710929 -0.634775 -0.302721
vn 0.717814 -0.625972 -0.304797
vn 0.726723 -0.613767 -0.308487
vn 0.733345 -0.604409 -0.311279
vn 0.737898 -0.597728 -0.313415
vn 0.751949 -0.576801 -0.319178
vn 0.752239 -0.575645 -0.320576
vn 0.762932 -0.559487 -0.323896
vn 0.830305 -0.429598 -0.355020
vn 0.774938 -0.539321 -0.329552
vn 0.760445 -0.563210 -0.323292
vn 0.788948 -0.515173 -0.334898
vn 0.790922 -0.507717 -0.341564
vn 0.803554 -0.487834 -0.341055
vn 0.805028 -0.484118 -0.342869
vn 0.813232 -0.468478 -0.345228
vn 0.847362 -0.389300 -0.361143
vn 0.823123 -0.447074 -0.350135
vn 0.800663 -0.491843 -0.342097
vn 0.835568 -0.419540 -0.354700
vn 0.838427 -0.412431 -0.356288
vn 0.845844 -0.394561 -0.358984
vn 0.849078 -0.386068 -0.360581
vn 0.854653 -0.371413 -0.362794
vn 0.857603 -0.363164 -0.364184
vn 0.862116 -0.350518 -0.365915
vn 0.863418 -0.346497 -0.366674
vn 0.872373 -0.319047 -0.370372
vn 0.878340 -0.298052 -0.373742
vn 0.876222 -0.306184 -0.372138
vn 0.859063 -0.312838 -0.405147
vn 0.876067 -0.306609 -0.372153
vn 0.886449 -0.269488 -0.376277
vn 0.888207 -0.262024 -0.377401
vn 0.891032 -0.251096 -0.378171
vn 0.896698 -0.223832 -0.381879
vn 0.899188 -0.213746 -0.381804
vn 0.898668 -0.216301 -0.381589
vn 0.901629 -0.201535 -0.382686
vn 0.906524 -0.172837 -0.385151
vn 0.908055 -0.163965 -0.385424
vn 0.907640 -0.158102 -0.388835
vn 0.910079 -0.150247 -0.386240
vn 0.911286 -0.132638 -0.389826
vn 0.914751 -0.111740 -0.388258
vn 0.914768 -0.105855 -0.389863
vn 0.915827 -0.100854 -0.388703
vn 0.915430 -0.094240 -0.391289
vn 0.919045 -0.056290 -0.390113
vn 0.918613 -0.056103 -0.391155
vn 0.919143 -0.054516 -0.390133
vn 0.918359 -0.050772 -0.392478
vn 0.920462 -0.008673 -0.390735
vn 0.919977 -0.009855 -0.391848
vn 0.920509 -0.004472 -0.390695
vn 0.919369 0.002111 -0.393391
vn 0.919935 0.035098 -0.390496
vn 0.918126 0.034771 -0.394760
vn 0.919351 0.050012 -0.390246
vn 0.902827 0.190302 -0.385601
vn 0.917312 0.079445 -0.390164
vn 0.919651 0.036607 -0.391026
vn 0.915576 0.103366 -0.388634
vn 0.881190 0.281209 -0.380033
vn 0.910842 0.140495 -0.388107
vn 0.918937 0.042452 -0.392113
vn 0.908638 0.160040 -0.385699
vn 0.903803 0.184328 -0.386217
vn 0.902696 0.195567 -0.383266
vn 0.900439 0.207559 -0.382267
vn 0.887398 0.264475 -0.377594
vn 0.895892 0.229251 -0.380555
vn 0.893344 0.223304 -0.389964
vn 0.888619 0.260901 -0.377208
vn 0.882046 0.269670 -0.386359
vn 0.881761 0.287108 -0.374254
vn 0.874433 0.287711 -0.390626
vn 0.874057 0.313573 -0.371075
vn 0.863836 0.344896 -0.367197
vn 0.868450 0.331233 -0.368890
vn 0.870211 0.325634 -0.369724
vn 0.857591 0.363335 -0.364040
vn 0.854287 0.371008 -0.364071
vn 0.849425 0.385373 -0.360508
vn 0.846107 0.393225 -0.359828
vn 0.838496 0.412586 -0.355945
vn 0.835147 0.419967 -0.355185
vn 0.831565 0.428859 -0.352959
vn 0.830271 0.431045 -0.353340
vn 0.815129 0.464508 -0.346117
vn 0.771625 0.544286 -0.329162
vn 0.811708 0.470896 -0.345526
vn 0.839838 0.404744 -0.361738
vn 0.793086 0.507630 -0.336639
vn 0.789015 0.513882 -0.336720
vn 0.785741 0.520956 -0.333490
vn 0.700315 0.648086 -0.299238
vn 0.765025 0.555381 -0.326019
vn 0.674202 0.679317 -0.289793
vn 0.677307 0.677193 -0.287516
vn 0.700163 0.648816 -0.298010
vn 0.703268 0.645220 -0.298504
vn 0.704084 0.642178 -0.303104
vn 0.708073 0.638998 -0.300523
vn 0.722051 0.618352 -0.310296
vn 0.731919 0.606474 -0.310620
vn 0.734559 0.601734 -0.313590
vn 0.738249 0.597333 -0.313340
vn 0.744225 0.586991 -0.318703
vn 0.759739 0.564653 -0.322434
vn 0.813337 0.467098 -0.346846
vn 0.668407 0.687370 -0.284171
vn 0.673693 0.681493 -0.285841
vn 0.672329 0.683016 -0.285417
vn 0.566408 0.787778 -0.242048
vn 0.648886 0.709147 -0.275785
vn 0.533207 0.813210 -0.233196
vn 0.602109 0.753512 -0.263978
vn 0.673774 0.677462 -0.295083
vn 0.568944 0.785871 -0.242303
vn 0.569349 0.785379 -0.242946
vn 0.541080 0.808779 -0.230452
vn 0.512941 0.830145 -0.218518
vn 0.529991 0.816579 -0.228712
vn 0.348275 0.925094 -0.151346
vn 0.547972 0.801879 -0.238152
vn 0.448799 0.872484 -0.193266
vn 0.388994 0.905954 -0.167127
vn 0.345800 0.926370 -0.149203
vn 0.353234 0.923262 -0.151042
vn 0.348806 0.924997 -0.150713
vn 0.318343 0.938294 -0.135139
vn 0.318236 0.938046 -0.137100
vn 0.314298 0.939383 -0.137028
vn 0.302377 0.943941 -0.132448
vn 0.273148 0.954708 -0.117996
vn 0.272939 0.954780 -0.117896
vn 0.264760 0.957682 -0.112904
vn 0.255599 0.960330 -0.111511
vn 0.228309 0.968737 -0.097071
vn 0.230249 0.967850 -0.101247
vn 0.222768 0.970188 -0.095450
vn 0.205319 0.974603 -0.089404
vn 0.194543 0.977374 -0.083025
vn 0.183540 0.979804 -0.079361
vn 0.156338 0.985478 -0.066269
vn 0.155430 0.985328 -0.070499
vn 0.136387 0.988834 -0.060047
vn 0.125158 0.990607 -0.055076
vn 0.101281 0.993822 -0.045388
vn 0.005518 0.999976 -0.004114
vn 0.034405 0.999292 -0.015208
vn 0.010519 0.999902 -0.009259
vn 0.019258 0.999769 -0.009584
vn 0.018018 0.999808 -0.007762
vn 0.040772 0.999011 -0.017750
vn -0.116513 0.992300 0.042013
vn -0.024724 0.999214 -0.030998
vn -0.191296 0.909606 -0.368811
vn -0.363071 0.925301 0.109533
vn -0.523528 0.822789 0.221215
vn -0.504894 0.836382 0.213420
vn -0.469776 0.862780 0.186874
vn -0.552172 0.800154 0.234221
vn -0.542593 0.807849 0.230157
vn -0.544284 0.806560 0.230686
vn -0.527324 0.819666 0.223781
vn -0.594450 0.764056 0.250695
vn -0.621547 0.738530 0.261253
vn -0.563946 0.790363 0.239357
vn -0.577878 0.778418 0.245199
vn -0.587742 0.769727 0.249157
vn -0.618336 0.743805 0.253800
vn -0.550903 0.801207 0.233608
vn -0.618674 0.740540 0.262381
vn -0.827848 0.452989 0.330860
vn -0.587001 0.771594 0.245098
vn -0.795320 0.513912 0.321496
vn -0.232361 0.967813 0.096677
vn -0.649114 0.709049 0.275501
vn -0.657486 0.699969 0.278847
vn -0.275354 0.949812 0.148452
vn -0.542146 0.806919 0.234433
vn -0.686367 0.666368 0.291298
vn -0.690010 0.662049 0.292537
vn -0.692198 0.659206 0.293784
vn -0.692647 0.658863 0.293497
vn -0.711844 0.634030 0.302132
vn -0.713438 0.632109 0.302399
vn -0.718451 0.625167 0.304948
vn -0.723827 0.618439 0.305953
vn -0.731245 0.607402 0.310394
vn -0.735346 0.601783 0.311645
vn -0.745567 0.586491 0.316476
vn -0.750538 0.579211 0.318131
vn -0.753866 0.573852 0.319969
vn -0.760842 0.563151 0.322459
vn -0.767299 0.552422 0.325702
vn -0.777974 0.534592 0.330103
vn -0.872881 0.321862 0.366720
vn -0.781168 0.530620 0.328968
vn -0.644919 0.716280 0.266499
vn -0.797762 0.498894 0.338644
vn -0.803539 0.488088 0.340728
vn -0.879558 0.298600 0.370425
vn -0.870171 0.327157 0.368471
vn -0.858186 0.366587 0.359348
vn -0.864933 0.342494 0.366863
vn -0.851704 0.379331 0.361535
vn -0.848570 0.388000 0.359700
vn -0.845293 0.395909 0.358798
vn -0.841257 0.406211 0.356763
vn -0.839009 0.411370 0.356144
vn -0.828953 0.434961 0.351632
vn -0.827514 0.438012 0.351235
vn -0.825742 0.442057 0.350336
vn -0.823512 0.446828 0.349534
vn -0.812127 0.471018 0.344371
vn -0.811081 0.472888 0.344273
vn -0.803500 0.487928 0.341048
vn -0.914640 0.114569 0.387695
vn -0.916306 0.089623 0.390321
vn -0.895473 0.235219 0.377888
vn -0.893709 0.239522 0.379359
vn -0.890634 0.255078 0.376439
vn -0.887067 0.267029 0.376573
vn -0.882865 0.286847 0.371844
vn -0.877739 0.300895 0.372877
vn -0.619812 0.029546 0.784194
vn -0.918011 0.084425 0.387465
vn -0.918746 0.056856 0.390733
vn -0.920122 -0.009490 0.391516
vn -0.914539 0.113686 0.388192
vn -0.913503 0.132201 0.384752
vn -0.908236 0.161319 0.386113
vn -0.916931 -0.090997 0.388532
vn -0.919484 -0.045905 0.390437
vn -0.920538 -0.025947 0.389792
vn -0.920340 -0.009851 0.390995
vn -0.920926 -0.001895 0.389732
vn -0.915814 -0.005591 0.401563
vn -0.919940 0.003157 0.392047
vn -0.921612 0.022304 0.387471
vn -0.905660 0.173778 0.386757
vn -0.917209 -0.086368 0.388932
vn -0.908458 -0.164787 0.384122
vn -0.912109 -0.134714 0.387180
vn -0.917834 -0.080357 0.388747
vn -0.903199 -0.192262 0.383754
vn -0.902511 -0.196982 0.382979
vn -0.908093 -0.151100 0.390558
vn -0.891099 -0.249921 0.378790
vn -0.891073 -0.256932 0.374133
vn -0.898278 -0.236301 0.370484
vn -0.903374 -0.191667 0.383638
vn -0.874950 -0.310166 0.371832
vn -0.883800 -0.287594 0.369035
vn -0.888343 -0.261899 0.377167
vn -0.629316 -0.732800 0.258779
vn -0.612452 -0.743077 0.269702
vn -0.616957 -0.742105 0.262000
vn -0.659111 -0.703353 0.266207
vn -0.826425 -0.418261 0.376934
vn -0.617019 -0.742115 0.261828
vn 0.055908 -0.998213 -0.021111
vn -0.572832 -0.779093 0.254711
vn -0.553332 -0.799661 0.233164
vn -0.562683 -0.791395 0.238918
vn -0.582121 -0.776788 0.240283
vn -0.730997 -0.596556 0.331308
vn 0.934271 -0.332117 0.129755
vn -0.519609 -0.824458 0.224224
vn -0.516486 -0.827923 0.218600
vn -0.502548 -0.838975 0.208726
vn -0.463070 -0.864155 0.196983
vn -0.471530 -0.859761 0.196139
vn -0.491144 -0.845691 0.208771
vn -0.542676 -0.808657 0.227107
vn -0.542135 -0.807564 0.232230
vn -0.432287 -0.884300 0.176466
vn -0.624871 -0.720242 0.301310
vn -0.399929 -0.901008 0.168052
vn -0.271699 -0.954981 0.119121
vn -0.460686 -0.867916 0.185717
vn -0.458614 -0.864318 0.206466
vn 0.214421 -0.965149 -0.150036
vn 0.214665 -0.973194 -0.082540
vn 0.294496 -0.947328 -0.125866
vn 0.441194 -0.880532 -0.173235
vn 0.320719 -0.938078 -0.130950
vn 0.443349 -0.873924 -0.199245
vn 0.353221 -0.923507 -0.149562
vn 0.345658 -0.926585 -0.148194
vn 0.234754 -0.967683 -0.092092
vn 0.460052 -0.868879 -0.182761
vn 0.641382 0.716727 -0.273737
vn 0.545008 0.805923 -0.231203
vn 0.667830 0.683244 -0.295264
vn 0.678574 0.676927 -0.285144
vn 0.525433 0.819861 -0.227482
vn 0.573089 0.782689 -0.242833
vn 0.633214 0.722743 -0.276916
vn 0.683649 0.674502 -0.278696
vn -0.943718 -0.191776 -0.269478
vn -0.582305 0.577909 0.571788
vn 0.986260 -0.151487 0.065898
vn -0.748909 0.662475 -0.016188
vn -0.311001 0.130519 -0.941405
vn 0.984142 0.077109 -0.159743
vn -0.020479 -0.694020 -0.719665
vn 0.773496 0.633487 -0.019934
vn -0.582075 0.552193 0.596885
vn 0.321927 -0.835494 0.445322
vn 0.937120 0.031669 -0.347568
vn -0.075995 0.979876 -0.184574
vn -0.068351 -0.987254 -0.143731
vn 0.552135 -0.649180 -0.523175
vn -0.095838 -0.968302 -0.230666
vn -0.112648 -0.956525 -0.269018
vn -0.133774 -0.954251 -0.267413
vn -0.131260 -0.940361 -0.313834
vn -0.110341 -0.959537 -0.259062
vn -0.096662 -0.968860 -0.227964
vn -0.100284 -0.965066 -0.242057
vn -0.088980 -0.973175 -0.212162
vn -0.067360 -0.984465 -0.162148
vn -0.039955 -0.996193 -0.077477
vn -0.047608 -0.991826 -0.118383
vn -0.055930 -0.994034 -0.093640
vn -0.045400 -0.993209 -0.107123
vn -0.016703 -0.999002 -0.041426
vn -0.025014 -0.999135 -0.033231
vn -0.017742 -0.998875 -0.043985
vn 0.050191 -0.995340 0.082339
vn 0.022067 -0.999162 0.034477
vn 0.418299 -0.853172 0.311648
vn 0.346302 0.291440 0.891705
vn 0.199926 0.629079 0.751191
vn 0.327632 0.943511 0.049440
vn 0.078337 0.969911 0.230511
vn 0.015919 0.998199 0.057845
vn 0.035657 0.996041 0.081426
vn 0.020434 0.996331 0.083108
vn 0.028207 0.997573 0.063665
vn 0.007062 0.999891 0.012974
vn 0.000089 0.999652 0.026368
vn 0.009434 0.999721 0.021641
vn -0.006934 0.999971 -0.003038
vn -0.011035 0.999847 -0.013599
vn -0.007050 0.999817 -0.017787
vn 0.909580 0.286553 0.300917
vn 0.958963 0.009502 0.283372
vn 0.307932 -0.327491 0.893268
vn 0.088034 -0.361307 0.928282
vn 0.350525 -0.520980 0.778275
vn 0.702489 -0.367484 0.609479
vn 0.972232 0.127792 -0.196047
vn 0.490748 0.211319 0.845288
vn 0.394391 0.447199 0.802788
vn 0.033984 0.507446 0.861013
vn 0.484242 -0.226794 0.845029
vn 0.706271 -0.062568 0.705171
vn -0.210239 0.001958 -0.977648
vn -0.274353 0.000013 -0.961629
vn -0.208326 0.000100 -0.978059
vn -0.285356 -0.000046 -0.958422
vn -0.297334 0.000445 -0.954774
vn -0.348655 0.000195 -0.937251
vn -0.443635 0.000123 -0.896208
vn -0.305836 0.000545 -0.952084
vn -0.439054 0.000276 -0.898461
vn -0.490248 0.000146 -0.871583
vn -0.466213 0.000111 -0.884673
vn -0.574031 0.000022 -0.818834
vn -0.516837 0.000147 -0.856084
vn -0.995008 0.007753 -0.099489
vn -0.996556 0.000559 -0.082921
vn -0.946730 0.000666 -0.322027
vn -0.982354 0.006715 -0.186908
vn -0.998478 0.000210 0.055158
vn -0.992360 0.000886 -0.123373
vn -0.979471 0.031178 -0.199157
vn -0.969187 0.000138 -0.246327
vn -0.946120 0.000112 -0.323816
vn -0.958275 0.001657 -0.285843
vn -0.947063 0.000393 -0.321047
vn -0.915737 0.000632 -0.401777
vn -0.931592 0.000303 -0.363506
vn -0.898295 0.000200 -0.439394
vn -0.898819 0.001212 -0.438318
vn -0.962780 0.000218 -0.270286
vn -0.897606 0.063649 -0.436179
vn -0.884512 0.000834 -0.466517
vn -0.873137 0.143652 -0.465828
vn -0.705747 0.001455 -0.708462
vn -0.857287 0.005715 -0.514808
vn -0.841104 0.001722 -0.540871
vn -0.832098 0.000009 -0.554629
vn -0.809745 0.001538 -0.586780
vn -0.575943 0.001482 -0.817489
vn -0.586268 0.002324 -0.810114
vn -0.604159 0.000873 -0.796864
vn -0.615334 0.001617 -0.788265
vn -0.640958 0.000911 -0.767576
vn -0.652290 0.001372 -0.757968
vn -0.668687 0.000746 -0.743544
vn -0.676010 0.001274 -0.736892
vn -0.702686 0.000984 -0.711499
vn -0.712615 0.000981 -0.701555
vn -0.728231 0.000806 -0.685331
vn -0.732441 0.000810 -0.680830
vn -0.759682 0.001288 -0.650293
vn -0.767782 0.000368 -0.640711
vn -0.782525 0.001026 -0.622618
vn -0.772609 0.000555 -0.634882
vn -0.512890 0.007030 -0.858426
vn -0.439276 0.000997 -0.898352
vn -0.366878 0.037294 -0.929521
vn -0.285431 0.001229 -0.958399
vn -0.168454 0.000688 -0.985709
vn -0.142294 0.000150 -0.989824
vn -0.077665 0.000589 -0.996979
vn -0.356121 0.000303 -0.934440
vn -0.125056 0.001247 -0.992149
vn -0.000017 0.082057 -0.996628
vn 0.002391 0.101531 -0.994829
vn -0.000577 0.159425 -0.987210
vn 0.001831 0.187846 -0.982197
vn -0.000035 0.244753 -0.969585
vn 0.001357 0.272728 -0.962090
vn 0.000220 0.328334 -0.944562
vn 0.000973 0.355564 -0.934651
vn 0.000372 0.409420 -0.912346
vn 0.000683 0.435649 -0.900116
vn 0.000421 0.487362 -0.873200
vn 0.000488 0.512447 -0.858719
vn 0.000364 0.561619 -0.827396
vn 0.000390 0.585353 -0.810778
vn 0.000204 0.631601 -0.775294
vn 0.000389 0.653779 -0.756686
vn -0.000059 0.696753 -0.717311
vn 0.000487 0.717240 -0.696826
vn -0.000423 0.756628 -0.653845
vn 0.000681 0.775244 -0.631662
vn -0.000885 0.810729 -0.585421
vn 0.000971 0.827342 -0.561697
vn -0.009469 0.857057 -0.515134
vn 0.001354 0.873174 -0.487407
vn -0.002238 0.900136 -0.435603
vn 0.001828 0.912316 -0.409484
vn -0.002219 0.934648 -0.355567
vn 0.002388 0.944518 -0.328451
vn -0.002282 0.962081 -0.272754
vn 0.003031 0.969553 -0.244864
vn -0.002430 0.982200 -0.187821
vn 0.003751 0.987209 -0.159386
vn -0.002659 0.994833 -0.101489
vn 0.004741 0.997180 -0.074896
vn 0.072682 0.001223 -0.997354
vn 0.101600 -0.001224 -0.994825
vn 0.159392 0.000934 -0.987215
vn 0.187920 -0.000937 -0.982184
vn 0.244786 0.000690 -0.969577
vn 0.272782 -0.000694 -0.962076
vn 0.328373 0.000492 -0.944548
vn 0.355634 -0.000498 -0.934625
vn 0.409455 0.000342 -0.912330
vn 0.435692 -0.000349 -0.900096
vn 0.487381 0.000241 -0.873189
vn 0.512521 -0.000249 -0.858674
vn 0.561673 0.000190 -0.827360
vn 0.585390 -0.000199 -0.810752
vn 0.631598 0.000189 -0.775296
vn 0.653809 -0.000199 -0.756660
vn 0.696771 0.000238 -0.717293
vn 0.717266 -0.000249 -0.696799
vn 0.756641 0.000337 -0.653830
vn 0.775282 -0.000349 -0.631615
vn 0.810759 0.000484 -0.585380
vn 0.827385 -0.000497 -0.561635
vn 0.858696 0.000680 -0.512485
vn 0.873190 -0.000693 -0.487379
vn 0.900095 0.000922 -0.435694
vn 0.912345 -0.000936 -0.409421
vn 0.934631 0.001208 -0.355617
vn 0.944535 -0.001223 -0.328410
vn 0.962059 0.001537 -0.272838
vn 0.969571 -0.001552 -0.244805
vn 0.982189 0.001906 -0.187884
vn 0.987222 -0.001921 -0.159339
vn 0.994824 0.002312 -0.101585
vn 0.997269 -0.002435 -0.073817
vn -0.000049 -0.043605 -0.999049
vn 0.000003 -0.063872 -0.997958
vn 0.002395 -0.101540 -0.994829
vn -0.011530 -0.127752 -0.991739
vn -0.000011 -0.165124 -0.986273
vn 0.001825 -0.187848 -0.982196
vn -0.000358 -0.216411 -0.976302
vn -0.000016 -0.269234 -0.963075
vn 0.001322 -0.272758 -0.962082
vn -0.009488 -0.297681 -0.954618
vn -0.000246 -0.306376 -0.951911
vn 0.000967 -0.355553 -0.934656
vn -0.000233 -0.382692 -0.923876
vn -0.000027 -0.466996 -0.884260
vn 0.000605 -0.435680 -0.900101
vn -0.009674 -0.461982 -0.886837
vn -0.000168 -0.445097 -0.895482
vn 0.000462 -0.512466 -0.858707
vn -0.001161 -0.537420 -0.843314
vn -0.000083 -0.599206 -0.800595
vn 0.000307 -0.585373 -0.810764
vn -0.017633 -0.612829 -0.790018
vn -0.000191 -0.571717 -0.820451
vn 0.000370 -0.653791 -0.756675
vn -0.000616 -0.675705 -0.737172
vn -0.000093 -0.687191 -0.726477
vn 0.000571 -0.709872 -0.704331
vn -0.000054 -0.758051 -0.652196
vn 0.000646 -0.765098 -0.643913
vn -0.000085 -0.782882 -0.622170
vn 0.000964 -0.817476 -0.575962
vn -0.000259 -0.933010 -0.359849
vn 0.001200 -0.863813 -0.503812
vn -0.000274 -0.830324 -0.557281
vn 0.001829 -0.903810 -0.427930
vn -0.000080 -0.939570 -0.342357
vn 0.002360 -0.937153 -0.348912
vn -0.000104 -0.943795 -0.330532
vn 0.003047 -0.963603 -0.267321
vn -0.000284 -0.998499 -0.054769
vn 0.003632 -0.982961 -0.183777
vn -0.000225 -0.966349 -0.257235
vn 0.004597 -0.995094 -0.098823
vn -0.000645 -0.992281 -0.124006
vn -0.000072 -0.999047 -0.043638
vn -0.096257 -0.004805 -0.995345
vn -0.178237 -0.003521 -0.983981
vn -0.114918 -0.000150 -0.993375
vn -0.134819 -0.006537 -0.990849
vn -0.221306 -0.000902 -0.975204
vn -0.258893 -0.002415 -0.965903
vn -0.337685 -0.001355 -0.941258
vn -0.349476 -0.000336 -0.936945
vn -0.215133 -0.000227 -0.976585
vn -0.208921 -0.004443 -0.977922
vn -0.414412 -0.000693 -0.910089
vn -0.487978 0.000030 -0.872856
vn -0.496423 -0.000315 -0.868080
vn -0.426593 -0.097458 -0.899177
vn -0.320290 -0.000250 -0.947320
vn -0.364375 -0.000919 -0.931252
vn -0.609044 0.000708 -0.793136
vn -0.581071 -0.000010 -0.813853
vn -0.548204 0.000620 -0.836344
vn -0.535506 -0.000069 -0.844531
vn -0.512970 0.000054 -0.858406
vn -0.678106 0.000538 -0.734964
vn -0.616669 -0.000129 -0.787223
vn -0.597502 -0.000085 -0.801867
vn -0.740817 0.000588 -0.671706
vn -0.713160 -0.000029 -0.701001
vn -0.792187 0.000067 -0.610278
vn -0.705768 -0.000284 -0.708443
vn -0.751964 -0.000948 -0.659204
vn -0.838291 -0.000329 -0.545223
vn -0.850781 -0.000292 -0.525520
vn -0.879156 -0.001063 -0.476534
vn -0.859075 -0.000083 -0.511849
vn -0.918585 -0.025277 -0.394415
vn -0.915331 -0.001857 -0.402699
vn -0.889584 -0.000164 -0.456771
vn -0.924898 -0.000150 -0.380216
vn -0.945221 -0.003096 -0.326416
vn -0.952409 -0.000196 -0.304823
vn -0.967973 -0.004368 -0.251015
vn -0.982539 -0.000093 -0.186057
vn -0.986435 -0.004445 -0.164094
vn -0.993570 -0.000038 -0.113218
vn -0.996709 -0.008133 -0.080652
vn -0.997312 -0.000558 -0.073264
vn -0.999522 -0.000034 -0.030921
vn 0.674438 -0.654193 -0.342294
vn 0.705743 -0.618814 -0.344958
vn 0.735806 -0.580809 -0.348210
vn 0.763826 -0.540842 -0.352222
vn 0.789621 -0.499023 -0.357036
vn 0.813004 -0.455471 -0.362728
vn 0.833780 -0.410331 -0.369378
vn 0.866871 -0.316053 -0.385546
vn 0.851791 -0.363792 -0.376971
vn 0.887712 -0.217913 -0.405562
vn 0.878879 -0.267342 -0.395095
vn 0.887921 -0.169593 -0.427591
vn 0.893092 -0.125517 -0.432010
vn 0.896956 -0.073153 -0.436027
vn 0.894852 -0.022799 -0.445781
vn 0.901130 0.021428 -0.433018
vn 0.903661 0.071429 -0.422249
vn 0.901751 0.122584 -0.414509
vn 0.882595 0.223498 -0.413612
vn 0.881162 0.270849 -0.387550
vn 0.867640 0.319188 -0.381208
vn 0.831892 0.412353 -0.371376
vn 0.851158 0.366424 -0.375852
vn 0.785617 0.499552 -0.365040
vn 0.809990 0.456783 -0.367784
vn 0.756547 0.535651 -0.375121
vn 0.732973 0.572031 -0.368147
vn 0.703936 0.614240 -0.356627
vn 0.676447 0.648790 -0.348556
vn 0.025247 -0.976238 -0.215226
vn 0.146627 -0.926865 -0.345576
vn 0.484864 -0.704626 -0.518083
vn 0.598145 -0.729001 -0.332838
vn 0.626645 -0.667179 -0.402727
vn 0.654122 -0.636911 -0.408006
vn 0.681557 -0.598471 -0.421086
vn 0.707441 -0.559923 -0.431293
vn 0.731542 -0.520111 -0.440830
vn 0.753818 -0.479139 -0.449649
vn 0.774227 -0.437100 -0.457729
vn 0.792721 -0.394085 -0.465070
vn 0.809277 -0.350198 -0.471627
vn 0.823852 -0.305535 -0.477405
vn 0.836415 -0.260193 -0.482400
vn 0.846943 -0.214274 -0.486594
vn 0.855411 -0.167881 -0.489988
vn 0.861812 -0.121119 -0.492554
vn 0.866142 -0.074092 -0.494275
vn 0.868380 -0.026901 -0.495169
vn 0.868517 0.020352 -0.495241
vn 0.866556 0.067559 -0.494486
vn 0.862495 0.114617 -0.492915
vn 0.859509 0.161915 -0.484797
vn 0.852171 0.209176 -0.479636
vn 0.837884 0.253865 -0.483222
vn 0.825588 0.299297 -0.478357
vn 0.811284 0.344070 -0.472688
vn 0.794990 0.388078 -0.466248
vn 0.776736 0.431220 -0.459054
vn 0.756576 0.473407 -0.451087
vn 0.734534 0.514536 -0.442394
vn 0.710668 0.554517 -0.432968
vn 0.685006 0.593250 -0.422872
vn 0.661541 0.628918 -0.408444
vn 0.599214 0.756236 -0.262772
vn 0.195972 0.889035 -0.413778
vn 0.078275 0.791224 -0.606496
vn 0.562778 0.791220 -0.239274
vn 0.637016 0.720879 -0.273027
vn 0.617977 0.653828 -0.436593
vn 0.641697 0.609473 -0.465583
vn 0.663536 0.574635 -0.479076
vn 0.688007 0.536818 -0.488337
vn 0.710754 0.497861 -0.496954
vn 0.731743 0.457852 -0.504899
vn 0.750923 0.416872 -0.512184
vn 0.768279 0.375022 -0.518754
vn 0.783764 0.332382 -0.524629
vn 0.797355 0.289046 -0.529790
vn 0.809045 0.245110 -0.534198
vn 0.818786 0.200661 -0.537889
vn 0.826566 0.155791 -0.540849
vn 0.832381 0.110598 -0.543055
vn 0.836229 0.065178 -0.544493
vn 0.838082 0.019623 -0.545191
vn 0.837945 -0.025974 -0.545137
vn 0.835831 -0.071517 -0.544308
vn 0.831736 -0.116911 -0.542722
vn 0.825672 -0.162064 -0.540372
vn 0.817632 -0.206877 -0.537289
vn 0.807632 -0.251257 -0.533480
vn 0.795701 -0.295115 -0.528930
vn 0.781861 -0.338354 -0.523650
vn 0.766134 -0.380889 -0.517651
vn 0.748544 -0.422624 -0.510951
vn 0.729119 -0.463464 -0.503574
vn 0.707906 -0.503333 -0.495505
vn 0.684932 -0.542133 -0.486786
vn 0.660242 -0.579785 -0.477420
vn 0.633873 -0.616191 -0.467455
vn 0.605723 -0.655872 -0.450480
vn 0.499448 0.837354 -0.222240
vn 0.614890 0.595464 -0.517042
vn 0.639402 0.553716 -0.533445
vn 0.662651 0.517015 -0.541838
vn 0.684258 0.479281 -0.549618
vn 0.704162 0.440577 -0.556819
vn 0.722350 0.400992 -0.563397
vn 0.738788 0.360608 -0.569345
vn 0.753448 0.319508 -0.574657
vn 0.766313 0.277775 -0.579314
vn 0.777355 0.235492 -0.583320
vn 0.786549 0.192744 -0.586677
vn 0.793910 0.149620 -0.589339
vn 0.799417 0.106200 -0.591316
vn 0.803042 0.062574 -0.592627
vn 0.804784 0.018826 -0.593269
vn 0.804674 -0.024961 -0.593193
vn 0.802676 -0.068697 -0.592446
vn 0.798799 -0.112300 -0.591023
vn 0.793062 -0.155683 -0.588910
vn 0.785458 -0.198755 -0.586133
vn 0.776013 -0.241441 -0.582674
vn 0.764740 -0.283652 -0.578544
vn 0.751645 -0.325300 -0.573768
vn 0.736758 -0.366308 -0.568336
vn 0.720097 -0.406585 -0.562271
vn 0.701690 -0.446054 -0.555578
vn 0.681561 -0.484628 -0.548279
vn 0.659747 -0.522228 -0.540382
vn 0.636281 -0.558772 -0.531902
vn 0.611198 -0.594178 -0.522866
vn 0.584682 -0.621938 -0.520903
vn 0.546762 -0.661704 -0.513030
vn -0.039999 -0.060042 -0.997394
vn 0.085203 0.995703 -0.036268
vn 0.540099 0.633648 -0.553880
vn 0.581244 0.611820 -0.536500
vn 0.589207 0.564984 -0.577606
vn 0.612744 0.530609 -0.585661
vn 0.634736 0.495214 -0.593188
vn 0.655144 0.458868 -0.600188
vn 0.673945 0.421650 -0.606637
vn 0.691107 0.383628 -0.612537
vn 0.706600 0.344878 -0.617880
vn 0.720420 0.305483 -0.622636
vn 0.732535 0.265512 -0.626813
vn 0.742908 0.225039 -0.630432
vn 0.751580 0.184155 -0.633415
vn 0.758528 0.142931 -0.635772
vn 0.763691 0.101437 -0.637563
vn 0.767091 0.059755 -0.638749
vn 0.768756 0.017963 -0.639290
vn 0.768647 -0.023862 -0.639228
vn 0.766758 -0.065642 -0.638571
vn 0.763134 -0.107305 -0.637269
vn 0.757722 -0.148763 -0.635396
vn 0.750567 -0.189946 -0.632906
vn 0.741683 -0.230780 -0.629799
vn 0.731062 -0.271181 -0.626107
vn 0.718731 -0.311078 -0.621817
vn 0.704701 -0.350393 -0.616945
vn 0.688986 -0.389044 -0.611509
vn 0.671610 -0.426957 -0.605514
vn 0.652605 -0.464064 -0.598958
vn 0.631992 -0.500285 -0.591863
vn 0.609784 -0.535531 -0.584268
vn 0.586047 -0.569760 -0.576128
vn 0.561953 -0.606404 -0.562568
vn 0.537475 -0.634432 -0.555533
vn 0.367303 -0.899819 -0.235400
vn 0.537104 0.571746 -0.620182
vn 0.561480 0.538372 -0.628407
vn 0.583657 0.505397 -0.635545
vn 0.604342 0.471479 -0.642245
vn 0.623537 0.436708 -0.648451
vn 0.641182 0.401132 -0.654201
vn 0.657298 0.364840 -0.659432
vn 0.671839 0.327892 -0.664167
vn 0.684794 0.290356 -0.668394
vn 0.696141 0.252303 -0.672110
vn 0.705892 0.213807 -0.675280
vn 0.714036 0.174936 -0.677901
vn 0.720509 0.135750 -0.680029
vn 0.725344 0.096325 -0.681614
vn 0.728537 0.056732 -0.682653
vn 0.730081 0.017040 -0.683148
vn 0.729982 -0.022681 -0.683090
vn 0.728234 -0.062365 -0.682485
vn 0.724814 -0.101936 -0.681362
vn 0.719749 -0.141328 -0.679696
vn 0.713061 -0.180476 -0.677475
vn 0.704749 -0.219311 -0.674709
vn 0.694802 -0.257754 -0.671426
vn 0.683231 -0.295735 -0.667635
vn 0.670070 -0.333197 -0.663314
vn 0.655321 -0.370058 -0.658491
vn 0.639010 -0.406259 -0.653162
vn 0.621159 -0.441732 -0.647329
vn 0.601764 -0.476383 -0.641045
vn 0.580882 -0.510179 -0.634267
vn 0.558515 -0.543024 -0.627045
vn 0.534701 -0.574861 -0.619378
vn 0.509802 -0.598273 -0.618200
vn 0.475973 -0.610036 -0.633487
vn 0.520874 0.817257 -0.246539
vn 0.462570 0.618809 -0.634906
vn 0.494628 0.574930 -0.651766
vn 0.509366 0.540111 -0.669946
vn 0.531496 0.509595 -0.676627
vn 0.552237 0.478166 -0.682929
vn 0.571614 0.445919 -0.688777
vn 0.589543 0.412877 -0.694242
vn 0.606038 0.379122 -0.699274
vn 0.621081 0.344716 -0.703867
vn 0.634642 0.309716 -0.708029
vn 0.646718 0.274192 -0.711740
vn 0.657320 0.238210 -0.714973
vn 0.666415 0.201827 -0.717744
vn 0.673949 0.165094 -0.720095
vn 0.679969 0.128090 -0.721966
vn 0.684481 0.090877 -0.723344
vn 0.687462 0.053513 -0.724246
vn 0.688915 0.016058 -0.724664
vn 0.688816 -0.021424 -0.724620
vn 0.687174 -0.058869 -0.724104
vn 0.683994 -0.096217 -0.723115
vn 0.679294 -0.133407 -0.721638
vn 0.673079 -0.170380 -0.719677
vn 0.665328 -0.207066 -0.717260
vn 0.656034 -0.243394 -0.714408
vn 0.645275 -0.279332 -0.711052
vn 0.632999 -0.314787 -0.707263
vn 0.619217 -0.349694 -0.703053
vn 0.603996 -0.384026 -0.698364
vn 0.587309 -0.417686 -0.693257
vn 0.569191 -0.450628 -0.687718
vn 0.549662 -0.482790 -0.681751
vn 0.528715 -0.514082 -0.675411
vn 0.506406 -0.544477 -0.668654
vn 0.487720 -0.586186 -0.646928
vn 0.453590 0.535210 -0.712606
vn 0.478751 0.507618 -0.716325
vn 0.499350 0.478746 -0.722116
vn 0.518666 0.449069 -0.727545
vn 0.536663 0.418627 -0.732628
vn 0.553296 0.387468 -0.737382
vn 0.568600 0.355676 -0.741747
vn 0.582540 0.323299 -0.745737
vn 0.595133 0.290411 -0.749319
vn 0.606340 0.257048 -0.752515
vn 0.616146 0.223267 -0.755325
vn 0.624532 0.189122 -0.757755
vn 0.631525 0.154682 -0.759769
vn 0.637124 0.119998 -0.761363
vn 0.641312 0.085123 -0.762544
vn 0.644057 0.050113 -0.763335
vn 0.645379 0.015021 -0.763715
vn 0.645282 -0.020091 -0.763680
vn 0.643781 -0.055174 -0.763218
vn 0.640852 -0.090170 -0.762351
vn 0.636515 -0.125029 -0.761062
vn 0.630729 -0.159682 -0.759396
vn 0.623523 -0.194078 -0.757332
vn 0.614947 -0.228176 -0.754835
vn 0.604983 -0.261916 -0.751928
vn 0.593603 -0.295221 -0.748652
vn 0.580842 -0.328051 -0.744987
vn 0.566719 -0.360353 -0.740929
vn 0.551219 -0.392048 -0.736516
vn 0.534401 -0.423117 -0.731701
vn 0.516234 -0.453460 -0.726551
vn 0.496759 -0.483045 -0.721040
vn 0.475986 -0.511806 -0.715186
vn 0.452876 -0.532679 -0.714952
vn 0.459580 -0.584306 -0.668859
vn -0.435079 -0.895699 0.091812
vn 0.386304 0.511203 -0.767750
vn 0.430797 0.500089 -0.751216
vn 0.446158 0.473027 -0.759729
vn 0.465197 0.445968 -0.764660
vn 0.483006 0.418162 -0.769315
vn 0.499581 0.389675 -0.773675
vn 0.514928 0.360572 -0.777713
vn 0.529032 0.330900 -0.781429
vn 0.541885 0.300710 -0.784815
vn 0.553457 0.270048 -0.787883
vn 0.563753 0.238969 -0.790618
vn 0.572765 0.207522 -0.793016
vn 0.580501 0.175764 -0.795063
vn 0.586954 0.143739 -0.796758
vn 0.592084 0.111491 -0.798126
vn 0.595894 0.079072 -0.799161
vn 0.598418 0.046538 -0.799831
vn 0.599659 0.013934 -0.800134
vn 0.599576 -0.018692 -0.800100
vn 0.598200 -0.051293 -0.799704
vn 0.595507 -0.083815 -0.798966
vn 0.591491 -0.116209 -0.797894
vn 0.586175 -0.148426 -0.796472
vn 0.579586 -0.180427 -0.794686
vn 0.571700 -0.212156 -0.792558
vn 0.562519 -0.243558 -0.790096
vn 0.552044 -0.274579 -0.787308
vn 0.540314 -0.305190 -0.784169
vn 0.527306 -0.335321 -0.780710
vn 0.513037 -0.364923 -0.776932
vn 0.497513 -0.393941 -0.772846
vn 0.480746 -0.422321 -0.768458
vn 0.462791 -0.450052 -0.763727
vn 0.443609 -0.477031 -0.758718
vn 0.424396 -0.508041 -0.749522
vn 0.084565 -0.996117 -0.024491
vn -0.190689 0.840752 -0.506728
vn 0.392605 0.461988 -0.795254
vn 0.411717 0.436474 -0.799987
vn 0.429123 0.411352 -0.804141
vn 0.445407 0.385578 -0.808048
vn 0.460569 0.359212 -0.811691
vn 0.474612 0.332309 -0.815055
vn 0.487507 0.304896 -0.818154
vn 0.499232 0.277012 -0.820994
vn 0.509761 0.248701 -0.823585
vn 0.519153 0.220036 -0.825872
vn 0.527362 0.191046 -0.827883
vn 0.534402 0.161779 -0.829604
vn 0.540274 0.132282 -0.831027
vn 0.544945 0.102590 -0.832172
vn 0.548449 0.072751 -0.833013
vn 0.550787 0.042806 -0.833548
vn 0.551897 0.012799 -0.833814
vn 0.551801 -0.017228 -0.833798
vn 0.550518 -0.047229 -0.833486
vn 0.548068 -0.077164 -0.832867
vn 0.544447 -0.106992 -0.831944
vn 0.539626 -0.136667 -0.830738
vn 0.533626 -0.166147 -0.829240
vn 0.526420 -0.195379 -0.827471
vn 0.518025 -0.224321 -0.825427
vn 0.508499 -0.252950 -0.823071
vn 0.497795 -0.281204 -0.820442
vn 0.485900 -0.309020 -0.817562
vn 0.472881 -0.336393 -0.814386
vn 0.458698 -0.363239 -0.810958
vn 0.443394 -0.389546 -0.807252
vn 0.426933 -0.415218 -0.803320
vn 0.409356 -0.440236 -0.799137
vn 0.388944 -0.457514 -0.799627
vn 0.415075 -0.543904 -0.729302
vn -0.097501 0.995228 0.003773
vn 0.390505 0.888430 -0.241243
vn 0.350912 0.537120 -0.767048
vn 0.350652 0.450827 -0.820852
vn 0.358785 0.420515 -0.833331
vn 0.375582 0.398125 -0.836920
vn 0.391324 0.375081 -0.840345
vn 0.406066 0.351486 -0.843545
vn 0.419777 0.327363 -0.846534
vn 0.432467 0.302765 -0.849297
vn 0.444121 0.277728 -0.851836
vn 0.454688 0.252266 -0.854179
vn 0.464234 0.226458 -0.856273
vn 0.472707 0.200322 -0.858148
vn 0.480115 0.173901 -0.859795
vn 0.486501 0.147248 -0.861182
vn 0.491763 0.120377 -0.862368
vn 0.495998 0.093346 -0.863292
vn 0.499133 0.066181 -0.863994
vn 0.501207 0.038925 -0.864451
vn 0.502211 0.011620 -0.864667
vn 0.502143 -0.015704 -0.864642
vn 0.501011 -0.043010 -0.864372
vn 0.498809 -0.070257 -0.863860
vn 0.495511 -0.097404 -0.863123
vn 0.491184 -0.124429 -0.862123
vn 0.485760 -0.151273 -0.860903
vn 0.479257 -0.177905 -0.859455
vn 0.471709 -0.204296 -0.857761
vn 0.463092 -0.230395 -0.855841
vn 0.453415 -0.256165 -0.853695
vn 0.442708 -0.281586 -0.851304
vn 0.430916 -0.306575 -0.848719
vn 0.418087 -0.331118 -0.845910
vn 0.404239 -0.355183 -0.842874
vn 0.389333 -0.378688 -0.839652
vn 0.373447 -0.401665 -0.836183
vn 0.358793 -0.428301 -0.829353
vn 0.342110 -0.447337 -0.826348
vn 0.303699 0.396275 -0.866448
vn 0.322873 0.378376 -0.867516
vn 0.337863 0.358099 -0.870410
vn 0.351962 0.337310 -0.873124
vn 0.365136 0.316018 -0.875676
vn 0.377364 0.294248 -0.878074
vn 0.388689 0.272078 -0.880281
vn 0.399046 0.249506 -0.882332
vn 0.408485 0.226596 -0.884191
vn 0.417012 0.203388 -0.885852
vn 0.424569 0.179889 -0.887345
vn 0.431184 0.156144 -0.888650
vn 0.436810 0.132178 -0.889790
vn 0.441528 0.108047 -0.890718
vn 0.445281 0.083771 -0.891464
vn 0.448090 0.059382 -0.892014
vn 0.449947 0.034914 -0.892373
vn 0.450829 0.010400 -0.892550
vn 0.450800 -0.014131 -0.892513
vn 0.449776 -0.038642 -0.892305
vn 0.447782 -0.063100 -0.891914
vn 0.444874 -0.087483 -0.891310
vn 0.441001 -0.111748 -0.890523
vn 0.436158 -0.135858 -0.889555
vn 0.430392 -0.159799 -0.888385
vn 0.423662 -0.183521 -0.887035
vn 0.415983 -0.206992 -0.885501
vn 0.407384 -0.230197 -0.883769
vn 0.397800 -0.253058 -0.881883
vn 0.387278 -0.275565 -0.879818
vn 0.375860 -0.297717 -0.877550
vn 0.363468 -0.319400 -0.875143
vn 0.350179 -0.340652 -0.872543
vn 0.335960 -0.361391 -0.869786
vn 0.320811 -0.381563 -0.866886
vn 0.277016 -0.355697 -0.892604
vn 0.307260 -0.484958 -0.818784
vn 0.015932 0.044775 -0.998870
vn 0.222734 0.332677 -0.916360
vn 0.276291 0.354796 -0.893187
vn 0.285561 0.334596 -0.898054
vn 0.298762 0.316604 -0.900279
vn 0.311137 0.298135 -0.902391
vn 0.322712 0.279254 -0.904364
vn 0.333472 0.259980 -0.906205
vn 0.343390 0.240328 -0.907924
vn 0.352496 0.220359 -0.909499
vn 0.360787 0.200097 -0.910930
vn 0.368224 0.179554 -0.912234
vn 0.374867 0.158793 -0.913378
vn 0.380637 0.137806 -0.914399
vn 0.385620 0.116651 -0.915254
vn 0.389770 0.095347 -0.915963
vn 0.393055 0.073910 -0.916540
vn 0.395516 0.052380 -0.916964
vn 0.397096 0.030779 -0.917261
vn 0.397913 0.009143 -0.917378
vn 0.397856 -0.012504 -0.917363
vn 0.396939 -0.034136 -0.917210
vn 0.395254 -0.055734 -0.916879
vn 0.392700 -0.077258 -0.916416
vn 0.389283 -0.098677 -0.915817
vn 0.385069 -0.119981 -0.915055
vn 0.380009 -0.141129 -0.914153
vn 0.374084 -0.162081 -0.913121
vn 0.367356 -0.182835 -0.911933
vn 0.359787 -0.203340 -0.910608
vn 0.351395 -0.223579 -0.909139
vn 0.342197 -0.243533 -0.907520
vn 0.332120 -0.263112 -0.905797
vn 0.321243 -0.282341 -0.903928
vn 0.309585 -0.301212 -0.901903
vn 0.297064 -0.319600 -0.899783
vn 0.274968 -0.329428 -0.903255
vn 0.003063 -0.015248 -0.999879
vn 0.212330 0.727359 -0.652583
vn 0.234601 0.305326 -0.922897
vn 0.247061 0.289424 -0.924767
vn 0.258395 0.273770 -0.926435
vn 0.269054 0.257755 -0.927994
vn 0.279024 0.241397 -0.929448
vn 0.288288 0.224703 -0.930805
vn 0.296810 0.207681 -0.932080
vn 0.304639 0.190395 -0.933244
vn 0.311755 0.172860 -0.934306
vn 0.318171 0.155104 -0.935259
vn 0.323854 0.137142 -0.936115
vn 0.328828 0.119006 -0.936862
vn 0.333110 0.100724 -0.937493
vn 0.336606 0.082303 -0.938042
vn 0.339420 0.063785 -0.938470
vn 0.341532 0.045192 -0.938783
vn 0.342968 0.026544 -0.938972
vn 0.343616 0.007858 -0.939077
vn 0.343557 -0.010836 -0.939069
vn 0.342841 -0.029524 -0.938929
vn 0.341351 -0.048172 -0.938701
vn 0.339137 -0.066759 -0.938365
vn 0.336249 -0.085275 -0.937904
vn 0.332620 -0.103679 -0.937344
vn 0.328239 -0.121942 -0.936690
vn 0.323197 -0.140077 -0.935907
vn 0.317408 -0.158017 -0.935031
vn 0.310908 -0.175760 -0.934048
vn 0.303710 -0.193285 -0.932953
vn 0.295765 -0.210534 -0.931772
vn 0.287119 -0.227510 -0.930485
vn 0.277792 -0.244206 -0.929083
vn 0.267730 -0.260542 -0.927598
vn 0.256969 -0.276522 -0.926014
vn 0.242362 -0.285463 -0.927239
vn -0.130990 0.305497 -0.943140
vn 0.184035 0.272658 -0.944346
vn 0.196572 0.279910 -0.939686
vn 0.197414 0.255829 -0.946350
vn 0.207488 0.242995 -0.947577
vn 0.217015 0.229860 -0.948720
vn 0.225934 0.216382 -0.949807
vn 0.234237 0.202587 -0.950837
vn 0.241955 0.188532 -0.951795
vn 0.249077 0.174225 -0.952684
vn 0.255634 0.159712 -0.953490
vn 0.261582 0.144986 -0.954229
vn 0.266900 0.130059 -0.954908
vn 0.271618 0.114973 -0.955513
vn 0.275800 0.099765 -0.956024
vn 0.279329 0.084417 -0.956478
vn 0.282268 0.068970 -0.956853
vn 0.284675 0.053450 -0.957133
vn 0.286460 0.037858 -0.957344
vn 0.287577 0.022213 -0.957500
vn 0.288132 0.006544 -0.957568
vn 0.288161 -0.009136 -0.957538
vn 0.287521 -0.024804 -0.957453
vn 0.286248 -0.040440 -0.957302
vn 0.284442 -0.056040 -0.957054
vn 0.282018 -0.071567 -0.956736
vn 0.278936 -0.086990 -0.956362
vn 0.275360 -0.102348 -0.955877
vn 0.271141 -0.117563 -0.955333
vn 0.266287 -0.132618 -0.954727
vn 0.260887 -0.147536 -0.954029
vn 0.254845 -0.162239 -0.953275
vn 0.248235 -0.176756 -0.952437
vn 0.241020 -0.191040 -0.951532
vn 0.204506 -0.178841 -0.962389
vn 0.201374 -0.196175 -0.959669
vn 0.215787 -0.232274 -0.948412
vn 0.201871 -0.239668 -0.949635
vn 0.019249 0.007729 -0.999785
vn -0.023100 -0.183747 -0.982702
vn 0.150083 0.216417 -0.964696
vn 0.158970 0.205918 -0.965570
vn 0.167088 0.195594 -0.966346
vn 0.174723 0.184981 -0.967085
vn 0.181857 0.174094 -0.967791
vn 0.188508 0.162966 -0.968456
vn 0.194697 0.151640 -0.969071
vn 0.200434 0.140133 -0.969633
vn 0.205656 0.128425 -0.970161
vn 0.210391 0.116553 -0.970645
vn 0.214663 0.104545 -0.971077
vn 0.218478 0.092420 -0.971456
vn 0.221813 0.080179 -0.971787
vn 0.224654 0.067837 -0.972075
vn 0.227048 0.055421 -0.972305
vn 0.228924 0.042927 -0.972497
vn 0.230302 0.030383 -0.972645
vn 0.231262 0.017809 -0.972729
vn 0.231745 0.005208 -0.972763
vn 0.231693 -0.007399 -0.972761
vn 0.231165 -0.019995 -0.972709
vn 0.230193 -0.032576 -0.972600
vn 0.228738 -0.045120 -0.972442
vn 0.226772 -0.057601 -0.972243
vn 0.224354 -0.070025 -0.971989
vn 0.221446 -0.082366 -0.971688
vn 0.218068 -0.094610 -0.971337
vn 0.214220 -0.106747 -0.970935
vn 0.209848 -0.118732 -0.970498
vn 0.205041 -0.130597 -0.970001
vn 0.199748 -0.142296 -0.969460
vn 0.181467 -0.145803 -0.972528
vn 0.001826 -0.001231 -0.999998
vn 0.196641 -0.201112 -0.959628
vn 0.161258 -0.170131 -0.972138
vn 0.150438 -0.180836 -0.971940
vn 0.140152 0.168215 -0.975736
vn 0.113409 0.162726 -0.980132
vn 0.119861 0.155144 -0.980594
vn 0.125933 0.147310 -0.981041
vn 0.131656 0.139285 -0.981461
vn 0.137030 0.131084 -0.981855
vn 0.142040 0.122704 -0.982226
vn 0.146700 0.114168 -0.982570
vn 0.150996 0.105485 -0.982890
vn 0.154919 0.096661 -0.983187
vn 0.158486 0.087721 -0.983457
vn 0.161720 0.078685 -0.983695
vn 0.164585 0.069549 -0.983908
vn 0.167073 0.060320 -0.984098
vn 0.169178 0.051015 -0.984264
vn 0.170960 0.041661 -0.984397
vn 0.172355 0.032253 -0.984507
vn 0.173439 0.022812 -0.984580
vn 0.174181 0.013345 -0.984623
vn 0.174486 0.003856 -0.984652
vn 0.174453 -0.005637 -0.984649
vn 0.160838 -0.013768 -0.986885
vn 0.155419 -0.021098 -0.987623
vn 0.154470 -0.029562 -0.987555
vn 0.153234 -0.038003 -0.987459
vn 0.151675 -0.046404 -0.987341
vn 0.149795 -0.054761 -0.987199
vn 0.147570 -0.063046 -0.987040
vn 0.145015 -0.071255 -0.986860
vn 0.142154 -0.079393 -0.986655
vn 0.145203 -0.091647 -0.985148
vn 0.118078 -0.081857 -0.989625
vn 0.002110 -0.000401 -0.999998
vn 0.022078 -0.017504 -0.999603
vn 0.111391 0.098359 -0.988897
vn 0.075903 0.108745 -0.991168
vn 0.080187 0.103641 -0.991377
vn 0.084263 0.098423 -0.991571
vn 0.088066 0.093036 -0.991760
vn 0.091639 0.087536 -0.991937
vn 0.094994 0.081940 -0.992100
vn 0.098103 0.076233 -0.992252
vn 0.100941 0.070406 -0.992398
vn 0.103580 0.064521 -0.992526
vn 0.105989 0.058559 -0.992642
vn 0.108125 0.052507 -0.992750
vn 0.110007 0.046388 -0.992848
vn 0.111683 0.040227 -0.992929
vn 0.113134 0.034022 -0.992997
vn 0.114316 0.027766 -0.993056
vn 0.115244 0.021475 -0.993105
vn 0.115977 0.015162 -0.993136
vn 0.116422 0.008831 -0.993161
vn 0.113666 0.002454 -0.993516
vn 0.117023 -0.003463 -0.993123
vn 0.246310 -0.321590 -0.914282
vn 0.358532 0.906567 -0.222691
vn 0.073063 0.033307 -0.996771
vn 0.038293 0.054138 -0.997799
vn 0.040424 0.051571 -0.997851
vn 0.042447 0.048947 -0.997899
vn 0.044344 0.046249 -0.997945
vn 0.046129 0.043500 -0.997988
vn 0.047765 0.040664 -0.998031
vn 0.049300 0.037795 -0.998069
vn 0.050728 0.034888 -0.998103
vn 0.052016 0.031924 -0.998136
vn 0.053203 0.028935 -0.998164
vn 0.054241 0.025893 -0.998192
vn 0.055193 0.022836 -0.998215
vn 0.056037 0.019754 -0.998233
vn 0.056754 0.016649 -0.998249
vn 0.057297 0.013505 -0.998266
vn 0.057769 0.010357 -0.998276
vn 0.058083 0.007189 -0.998286
vn 0.058318 0.003845 -0.998291
vn -0.999999 0.001482 -0.000696
vn -0.410683 0.088114 -0.907510
vn -0.931382 0.001026 -0.364042
vn -0.393409 0.910474 0.127540
vn -0.985158 0.092014 -0.144905
vn -0.820779 0.183023 -0.541133
vn -0.957684 0.002819 -0.287808
vn -0.797214 0.014124 -0.603532
vn -0.568060 0.048498 -0.821557
vn -0.000616 0.003293 -0.999994
vn -0.203531 0.016005 -0.978938
vn -0.620238 0.390480 -0.680316
vn -0.315757 0.571839 -0.757164
vn -0.587043 0.693992 -0.416840
vn -0.072706 0.997351 -0.002230
vn -0.159329 0.987224 -0.001562
vn -0.244813 0.969570 -0.000982
vn -0.328400 0.944538 -0.000496
vn -0.409431 0.912341 -0.000107
vn -0.487355 0.873204 0.000181
vn -0.561655 0.827372 0.000367
vn -0.631619 0.775279 0.000450
vn -0.696787 0.717278 0.000427
vn -0.756660 0.653809 0.000301
vn -0.810744 0.585401 0.000071
vn -0.858696 0.512485 -0.000261
vn -0.900081 0.435722 -0.000691
vn -0.934632 0.355615 -0.001218
vn -0.962074 0.272783 -0.001836
vn -0.982182 0.187915 -0.002541
vn -0.994671 0.103043 -0.003534
vn 0.578242 0.575564 -0.578241
vn 0.997337 0.072781 -0.004708
vn 0.987193 0.159480 -0.004121
vn 0.969544 0.244889 -0.003605
vn 0.944514 0.328456 -0.003161
vn 0.912297 0.409520 -0.002793
vn 0.873147 0.487450 -0.002505
vn 0.827322 0.561723 -0.002298
vn 0.775198 0.631715 -0.002174
vn 0.717240 0.696823 -0.002134
vn 0.653751 0.756707 -0.002178
vn 0.585319 0.810800 -0.002306
vn 0.512414 0.858735 -0.002517
vn 0.435594 0.900139 -0.002809
vn 0.355537 0.934657 -0.003180
vn 0.272736 0.962082 -0.003627
vn 0.187810 0.982197 -0.004147
vn 0.103515 0.994616 -0.004887
vn 0.575564 -0.578241 -0.578241
vn 0.072802 -0.997335 -0.004709
vn 0.159434 -0.987200 -0.004122
vn 0.244886 -0.969545 -0.003606
vn 0.328454 -0.944515 -0.003162
vn 0.409526 -0.912294 -0.002794
vn 0.487467 -0.873138 -0.002505
vn 0.561698 -0.827339 -0.002298
vn 0.631684 -0.775223 -0.002174
vn 0.696860 -0.717204 -0.002134
vn 0.756703 -0.653756 -0.002178
vn 0.810784 -0.585341 -0.002306
vn 0.858740 -0.512405 -0.002516
vn 0.900128 -0.435617 -0.002808
vn 0.934667 -0.355510 -0.003179
vn 0.962080 -0.272743 -0.003626
vn 0.982194 -0.187821 -0.004146
vn 0.994612 -0.103549 -0.004886
vn -0.671380 -0.481207 -0.563639
vn -0.003456 -0.762943 -0.646456
vn -0.001022 -0.814051 -0.580792
vn -0.036310 -0.857236 -0.513641
vn -0.001286 -0.898240 -0.439503
vn -0.004365 -0.931671 -0.363278
vn -0.001056 -0.958526 -0.285004
vn -0.061980 -0.974340 -0.216377
vn -0.115442 -0.988136 -0.101295
vn -0.997340 -0.072794 -0.003807
vn -0.987200 -0.159449 -0.003412
vn -0.969549 -0.244876 -0.003092
vn -0.944517 -0.328451 -0.002849
vn -0.912294 -0.409527 -0.002684
vn -0.873133 -0.487476 -0.002599
vn -0.827336 -0.561702 -0.002595
vn -0.775214 -0.631693 -0.002672
vn -0.717223 -0.696838 -0.002829
vn -0.653757 -0.756699 -0.003064
vn -0.585302 -0.810808 -0.003377
vn -0.513962 -0.857773 -0.008295
vn -0.435730 -0.900077 -0.000296
vn -0.355636 -0.934625 -0.000157
vn -0.272816 -0.962066 -0.000118
vn -0.187919 -0.982185 -0.000226
vn -0.101583 -0.994827 -0.000068
vn -0.708447 -0.684058 0.173689
vn -0.795689 -0.586878 0.149843
vn -0.733027 -0.659169 0.167834
vn -0.759468 -0.631491 0.156295
vn -0.899021 -0.425315 0.104252
vn -0.915617 -0.389837 0.098349
vn -0.897890 -0.437310 -0.050543
vn -0.934966 -0.343794 0.087431
vn -0.936210 -0.339749 0.089893
vn -0.959807 -0.272008 0.069155
vn -0.969894 -0.236232 0.059158
vn -0.998134 -0.059273 0.014686
vn -0.999031 -0.043545 0.006456
vn -0.779607 -0.609445 0.144186
vn -0.966263 -0.014200 -0.257166
vn -0.986668 -0.001609 -0.162738
vn -0.754773 -0.652464 0.067887
vn -0.946564 -0.013007 -0.322254
vn -0.812811 -0.580035 0.053838
vn -0.878287 -0.000362 -0.478133
vn -0.958975 -0.274619 0.070371
vn -0.841313 -0.000564 -0.540548
vn -0.993698 -0.108817 0.026897
vn -0.992891 -0.116255 0.025540
vn -0.970885 -0.212555 -0.110468
vn -0.828213 -0.050569 -0.558127
vn -0.701923 -0.040052 -0.711126
vn -0.686742 -0.704444 0.179288
vn -0.683793 -0.707888 0.176978
vn -0.278448 0.004936 -0.960439
vn -0.500347 -0.855574 0.132839
vn -0.861814 0.373853 0.342799
vn -0.892109 0.323249 0.315678
vn -0.842214 0.425898 0.330585
vn -0.819874 0.477722 0.315578
vn -0.980713 0.190410 0.044111
vn -0.925126 0.366867 0.097726
vn -0.851986 0.509792 0.119298
vn -0.807393 0.573979 0.136620
vn -0.739923 0.653450 0.159743
vn -0.999396 0.020458 0.028109
vn -0.894585 0.149312 0.421217
vn -0.913772 0.396555 0.088116
vn -0.952520 0.295032 0.075247
vn -0.596862 0.773742 0.212318
vn -0.612548 0.758646 0.221904
vn -0.629087 0.741695 0.232676
vn -0.692574 0.673475 0.258404
vn -0.665395 0.703043 0.250958
vn -0.656633 0.715249 0.239273
vn -0.710330 0.651637 0.266084
vn -0.724082 0.632030 0.276123
vn -0.775832 0.556133 0.297995
vn -0.755102 0.587193 0.291591
vn -0.750492 0.599005 0.279204
vn -0.514929 0.829934 0.214610
vn -0.660622 0.724226 0.197674
vn -0.668552 0.714218 0.207196
vn -0.686674 0.694238 0.215665
vn -0.704292 0.673689 0.223868
vn -0.721351 0.652624 0.231808
vn -0.737851 0.631051 0.239479
vn -0.753795 0.608972 0.246873
vn -0.769151 0.586427 0.253989
vn -0.783914 0.563429 0.260821
vn -0.798090 0.539974 0.267356
vn -0.811623 0.516143 0.273613
vn -0.824532 0.491920 0.279574
vn -0.717066 0.672058 0.184810
vn -0.723188 0.663307 0.192413
vn -0.738485 0.643919 0.200020
vn -0.753319 0.624104 0.207376
vn -0.767688 0.603867 0.214476
vn -0.781561 0.583248 0.221324
vn -0.794942 0.562247 0.227916
vn -0.807832 0.540868 0.234242
vn -0.820202 0.519153 0.240310
vn -0.832049 0.497113 0.246117
vn -0.843397 0.474720 0.251639
vn -0.854190 0.452061 0.256906
vn -0.864433 0.429139 0.261909
vn -0.745855 0.643157 0.173348
vn -0.773655 0.608525 0.176509
vn -0.786265 0.590081 0.183281
vn -0.798500 0.571287 0.189812
vn -0.810321 0.552197 0.196109
vn -0.821737 0.532801 0.202167
vn -0.832734 0.513122 0.207988
vn -0.843306 0.493176 0.213571
vn -0.853471 0.472937 0.218902
vn -0.863188 0.452472 0.224001
vn -0.872454 0.431793 0.228867
vn -0.881295 0.410863 0.233475
vn -0.889683 0.389736 0.237845
vn -0.897602 0.368448 0.241987
vn -0.809129 0.567250 0.153420
vn -0.819602 0.550257 0.159592
vn -0.829748 0.533023 0.165544
vn -0.839567 0.515549 0.171278
vn -0.849042 0.497865 0.176799
vn -0.858181 0.479963 0.182102
vn -0.866997 0.461823 0.187178
vn -0.875455 0.443505 0.192046
vn -0.883551 0.425023 0.196707
vn -0.891317 0.406322 0.201136
vn -0.898726 0.387457 0.205350
vn -0.905764 0.368457 0.209359
vn -0.912455 0.349282 0.213139
vn -0.918772 0.329990 0.216711
vn -0.924714 0.310595 0.220080
vn -0.852681 0.504316 0.136384
vn -0.860813 0.488784 0.141746
vn -0.868689 0.473072 0.146909
vn -0.876304 0.457193 0.151873
vn -0.883672 0.441123 0.156632
vn -0.890764 0.424917 0.161200
vn -0.897573 0.408588 0.165584
vn -0.904123 0.392098 0.169768
vn -0.910390 0.375492 0.173766
vn -0.916383 0.358761 0.177573
vn -0.922103 0.341902 0.181187
vn -0.927535 0.324952 0.184620
vn -0.932688 0.307898 0.187863
vn -0.937570 0.290722 0.190901
vn -0.942158 0.273484 0.193763
vn -0.946455 0.256187 0.196448
vn -0.890977 0.438308 0.118515
vn -0.897041 0.424463 0.123076
vn -0.902905 0.410507 0.127462
vn -0.908567 0.396444 0.131675
vn -0.914033 0.382264 0.135714
vn -0.919299 0.367977 0.139580
vn -0.924358 0.353600 0.143282
vn -0.929209 0.339137 0.146818
vn -0.933860 0.324577 0.150185
vn -0.938297 0.309950 0.153393
vn -0.942531 0.295235 0.156435
vn -0.946559 0.280439 0.159309
vn -0.950366 0.265609 0.162037
vn -0.953968 0.250704 0.164598
vn -0.957364 0.235732 0.166990
vn -0.960539 0.220736 0.169238
vn -0.963500 0.205703 0.171331
vn -0.923809 0.369587 0.099914
vn -0.928064 0.357694 0.103696
vn -0.932182 0.345714 0.107324
vn -0.936156 0.333667 0.110804
vn -0.939989 0.321547 0.114138
vn -0.943670 0.309385 0.117335
vn -0.947215 0.297140 0.120382
vn -0.950614 0.284837 0.123289
vn -0.953870 0.272476 0.126054
vn -0.956978 0.260066 0.128683
vn -0.959933 0.247626 0.131184
vn -0.962748 0.235125 0.133542
vn -0.965411 0.222593 0.135769
vn -0.967928 0.210024 0.137863
vn -0.970294 0.197430 0.139828
vn -0.972513 0.184802 0.141658
vn -0.974578 0.172172 0.143370
vn -0.976497 0.159515 0.144945
vn -0.856135 0.395555 0.332521
vn -0.888358 0.339690 0.308919
vn -0.911152 0.293994 0.288738
vn -0.879383 0.365757 0.304808
vn -0.907391 0.310949 0.282759
vn -0.927647 0.266024 0.262112
vn -0.831775 0.451446 0.323029
vn -0.869729 0.391586 0.300386
vn -0.899926 0.334983 0.279141
vn -0.924737 0.281602 0.256050
vn -0.942497 0.238046 0.234594
vn -0.859413 0.417137 0.295644
vn -0.891887 0.358850 0.275254
vn -0.918646 0.303525 0.252906
vn -0.940345 0.251735 0.228869
vn -0.964716 0.187189 0.185157
vn -0.802584 0.508762 0.311482
vn -0.848442 0.442385 0.290588
vn -0.883296 0.382500 0.271078
vn -0.912100 0.325304 0.249504
vn -0.935511 0.271435 0.226146
vn -0.954206 0.221359 0.201226
vn -0.967164 0.183174 0.176183
vn -0.792231 0.529574 0.303186
vn -0.836821 0.467309 0.285224
vn -0.874143 0.405935 0.266628
vn -0.905081 0.346955 0.245867
vn -0.930303 0.291053 0.223213
vn -0.950474 0.238800 0.198931
vn -0.966253 0.190626 0.173256
vn -0.976976 0.152210 0.149501
vn -0.950953 0.298620 0.080706
vn -0.953706 0.288855 0.083717
vn -0.956365 0.279045 0.086605
vn -0.958926 0.269207 0.089375
vn -0.961397 0.259320 0.092025
vn -0.963779 0.249380 0.094553
vn -0.966066 0.239403 0.096966
vn -0.968256 0.229404 0.099269
vn -0.970352 0.219371 0.101460
vn -0.972354 0.209302 0.103538
vn -0.974258 0.199221 0.105512
vn -0.976070 0.189101 0.107372
vn -0.977783 0.178972 0.109133
vn -0.979400 0.168825 0.110787
vn -0.980921 0.158664 0.112338
vn -0.982349 0.148477 0.113776
vn -0.983680 0.138285 0.115114
vn -0.984912 0.128098 0.116357
vn -0.985069 0.121395 0.122072
vn -0.991428 0.090793 0.093953
vn -0.991484 0.096423 0.087533
vn -0.990788 0.104106 0.086614
vn -0.990033 0.111809 0.085632
vn -0.989229 0.119483 0.084555
vn -0.988368 0.127166 0.083409
vn -0.987453 0.134841 0.082184
vn -0.986483 0.142513 0.080882
vn -0.985462 0.150153 0.079490
vn -0.984383 0.157803 0.078028
vn -0.983250 0.165436 0.076482
vn -0.982067 0.173037 0.074846
vn -0.980824 0.180653 0.073138
vn -0.979527 0.188245 0.071343
vn -0.978183 0.195794 0.069452
vn -0.979626 0.190543 0.063455
vn -0.980174 0.189067 0.059270
vn -0.978970 0.195780 0.057337
vn -0.975911 0.210540 0.057186
vn -0.996034 0.060503 0.065235
vn -0.996192 0.064586 0.058564
vn -0.995880 0.069740 0.057958
vn -0.995543 0.074899 0.057304
vn -0.995183 0.080054 0.056596
vn -0.994797 0.085208 0.055835
vn -0.994388 0.090359 0.055022
vn -0.993956 0.095493 0.054149
vn -0.993498 0.100639 0.053230
vn -0.993014 0.105790 0.052264
vn -0.992510 0.110902 0.051228
vn -0.991979 0.116032 0.050147
vn -0.991424 0.121147 0.049006
vn -0.990848 0.126234 0.047802
vn -0.989993 0.132829 0.047640
vn -0.999359 0.026461 0.024115
vn -0.999334 0.028001 0.023383
vn -0.999301 0.029635 0.022779
vn -0.999259 0.031388 0.022290
vn -0.999206 0.033287 0.021907
vn -0.999144 0.035297 0.021586
vn -0.998185 0.052461 0.029570
vn -0.998453 0.049235 0.025852
vn -0.998237 0.053300 0.026123
vn -0.998109 0.055883 0.025611
vn -0.997975 0.058455 0.025066
vn -0.997836 0.061016 0.024490
vn -0.997679 0.063837 0.023691
vn -0.997180 0.074894 0.004740
vn -0.987204 0.159419 0.003750
vn -0.969554 0.244858 0.003030
vn -0.944532 0.328410 0.002387
vn -0.912301 0.409515 0.001826
vn -0.873162 0.487429 0.001353
vn -0.827346 0.561692 0.000970
vn -0.775243 0.631663 0.000680
vn -0.717258 0.696808 0.000485
vn -0.653776 0.756688 0.000388
vn -0.585354 0.810778 0.000388
vn -0.512438 0.858724 0.000486
vn -0.435622 0.900129 0.000681
vn -0.355579 0.934646 0.000971
vn -0.272771 0.962078 0.001355
vn -0.187839 0.982198 0.001829
vn -0.101507 0.994832 0.002390
vn 0.004740 0.074919 0.997178
vn -0.004514 0.101532 0.994822
vn 0.003750 0.159415 0.987204
vn -0.003722 0.187849 0.982191
vn 0.003029 0.244860 0.969554
vn -0.003002 0.272772 0.962074
vn 0.002386 0.328464 0.944514
vn -0.002360 0.355592 0.934638
vn 0.001826 0.409506 0.912306
vn -0.001801 0.435653 0.900113
vn 0.001353 0.487436 0.873158
vn -0.001328 0.512444 0.858720
vn 0.000970 0.561672 0.827359
vn -0.000946 0.585335 0.810791
vn 0.000680 0.631670 0.775237
vn -0.000658 0.653798 0.756669
vn 0.000485 0.696821 0.717245
vn -0.000465 0.717230 0.696836
vn 0.000388 0.756672 0.653794
vn -0.000370 0.775240 0.631667
vn 0.000388 0.810768 0.585367
vn -0.000372 0.827333 0.561712
vn 0.000486 0.858724 0.512438
vn -0.000472 0.873182 0.487394
vn 0.000681 0.900136 0.435608
vn -0.000669 0.912317 0.409485
vn 0.000971 0.934643 0.355586
vn -0.000962 0.944520 0.328453
vn 0.001355 0.962078 0.272770
vn -0.001348 0.969557 0.244864
vn 0.001829 0.982198 0.187839
vn -0.001824 0.987215 0.159386
vn 0.002390 0.994832 0.101506
vn -0.002388 0.997347 0.072761
vn 0.273385 -0.333854 -0.902110
vn 0.565963 0.000695 -0.824430
vn 0.669274 -0.060539 -0.740546
vn 0.994822 0.101528 0.004515
vn 0.982187 0.187871 0.003722
vn 0.962085 0.272734 0.003002
vn 0.934648 0.355566 0.002360
vn 0.900115 0.435649 0.001801
vn 0.858726 0.512433 0.001329
vn 0.810758 0.585381 0.000946
vn 0.756682 0.653783 0.000658
vn 0.696839 0.717227 0.000465
vn 0.631660 0.775246 0.000370
vn 0.561702 0.827339 0.000372
vn 0.487408 0.873174 0.000472
vn 0.409474 0.912321 0.000669
vn 0.328447 0.944522 0.000962
vn 0.244870 0.969555 0.001348
vn 0.159388 0.987214 0.001825
vn 0.072760 0.997347 0.002388
vn 0.901064 -0.431119 -0.047122
vn 0.922545 -0.233923 0.306905
vn 0.866898 0.489685 0.093252
vn 0.983094 -0.171474 0.064212
vn -0.070470 -0.880026 -0.469668
vn 0.997180 -0.074895 0.004742
vn 0.987206 -0.159408 0.003752
vn 0.969552 -0.244866 0.003032
vn 0.944526 -0.328428 0.002389
vn 0.912319 -0.409476 0.001829
vn 0.873159 -0.487433 0.001355
vn 0.827342 -0.561698 0.000971
vn 0.775223 -0.631687 0.000681
vn 0.717256 -0.696809 0.000487
vn 0.653792 -0.756674 0.000389
vn 0.585331 -0.810795 0.000389
vn 0.512437 -0.858725 0.000487
vn 0.435657 -0.900112 0.000682
vn 0.355564 -0.934652 0.000972
vn 0.272744 -0.962086 0.001356
vn 0.187850 -0.982196 0.001830
vn 0.101519 -0.994831 0.002390
vn -0.004742 -0.074925 0.997178
vn 0.004512 -0.101561 0.994819
vn -0.003752 -0.159411 0.987205
vn 0.003720 -0.187838 0.982193
vn -0.003032 -0.244860 0.969554
vn 0.003000 -0.272781 0.962072
vn -0.002389 -0.328463 0.944514
vn 0.002358 -0.355578 0.934644
vn -0.001828 -0.409490 0.912313
vn 0.001799 -0.435657 0.900111
vn -0.001355 -0.487429 0.873162
vn 0.001326 -0.512449 0.858717
vn -0.000971 -0.561701 0.827339
vn 0.000945 -0.585341 0.810787
vn -0.000681 -0.631651 0.775252
vn 0.000656 -0.653774 0.756689
vn -0.000487 -0.696829 0.717237
vn 0.000464 -0.717245 0.696821
vn -0.000389 -0.756682 0.653783
vn 0.000368 -0.775241 0.631666
vn -0.000389 -0.810786 0.585343
vn 0.000371 -0.827337 0.561705
vn -0.000487 -0.858712 0.512458
vn 0.000471 -0.873162 0.487430
vn -0.000682 -0.900117 0.435647
vn 0.000668 -0.912317 0.409484
vn -0.000972 -0.934653 0.355561
vn 0.000961 -0.944530 0.328423
vn -0.001356 -0.962086 0.272745
vn 0.001347 -0.969557 0.244862
vn -0.001830 -0.982195 0.187854
vn 0.001824 -0.987213 0.159399
vn -0.002390 -0.994831 0.101517
vn 0.002388 -0.997346 0.072766
vn -0.994822 -0.101529 0.004512
vn -0.982190 -0.187855 0.003720
vn -0.962084 -0.272738 0.003000
vn -0.934650 -0.355561 0.002358
vn -0.900107 -0.435666 0.001799
vn -0.858720 -0.512443 0.001326
vn -0.810787 -0.585340 0.000945
vn -0.756682 -0.653782 0.000656
vn -0.696832 -0.717234 0.000464
vn -0.631661 -0.775245 0.000368
vn -0.561675 -0.827358 0.000371
vn -0.487436 -0.873158 0.000471
vn -0.409498 -0.912311 0.000668
vn -0.328422 -0.944530 0.000961
vn -0.244857 -0.969558 0.001347
vn -0.159399 -0.987213 0.001824
vn -0.072768 -0.997346 0.002388
vn -0.996456 -0.081301 0.021578
vn -0.985388 -0.164711 0.043374
vn -0.968939 -0.238974 0.063628
vn -0.883661 -0.452566 0.119699
vn -0.845236 -0.516710 0.136335
vn -0.953633 -0.289356 0.082813
vn -0.946383 -0.312199 0.083017
vn -0.665762 -0.717419 0.205110
vn -0.647259 -0.736850 0.195214
vn -0.700201 -0.689832 0.183985
vn -0.639637 -0.730806 0.238301
vn -0.678582 -0.687969 0.257341
vn -0.883861 -0.222487 0.411448
vn -0.969697 -0.174076 0.171424
vn -0.834886 -0.261189 0.484506
vn -0.898263 -0.310529 0.310958
vn -0.904559 -0.290089 0.312443
vn -0.930232 -0.263491 0.255424
vn -0.950476 -0.211086 0.228118
vn -0.916313 -0.284735 0.281595
vn -0.957905 -0.206339 0.199605
vn -0.966945 -0.175735 0.184756
vn -0.946040 -0.230195 0.228077
vn -0.861815 -0.226345 0.453919
vn -0.941840 -0.171852 0.288798
vn -0.856185 -0.357943 0.372591
vn -0.872241 -0.350433 0.341164
vn -0.856967 -0.386092 0.341380
vn -0.845626 -0.414827 0.335909
vn -0.810248 -0.493803 0.315685
vn -0.821001 -0.469183 0.325307
vn -0.838507 -0.436160 0.326605
vn -0.795228 -0.520755 0.310525
vn -0.779159 -0.548115 0.304107
vn -0.731118 -0.621770 0.280835
vn -0.748174 -0.596686 0.290175
vn -0.772375 -0.563763 0.292588
vn -0.716306 -0.642450 0.272330
vn -0.700879 -0.662649 0.263942
vn -0.887293 -0.343727 0.307512
vn -0.878213 -0.369774 0.303330
vn -0.868453 -0.395576 0.298845
vn -0.858012 -0.421119 0.294064
vn -0.846916 -0.446351 0.288971
vn -0.835173 -0.471249 0.283567
vn -0.822787 -0.495796 0.277863
vn -0.809759 -0.519980 0.271866
vn -0.796106 -0.543770 0.265574
vn -0.781833 -0.567150 0.258994
vn -0.766963 -0.590086 0.252123
vn -0.751509 -0.612557 0.244966
vn -0.735463 -0.634564 0.237536
vn -0.906572 -0.314536 0.281416
vn -0.899008 -0.338578 0.277758
vn -0.890886 -0.362419 0.273813
vn -0.882200 -0.386058 0.269598
vn -0.872942 -0.409490 0.265122
vn -0.863144 -0.432659 0.260362
vn -0.852806 -0.455555 0.255325
vn -0.841915 -0.478189 0.250029
vn -0.830495 -0.500516 0.244462
vn -0.818553 -0.522522 0.238626
vn -0.806084 -0.544204 0.232532
vn -0.793117 -0.565520 0.226168
vn -0.779651 -0.586467 0.219544
vn -0.765688 -0.607038 0.212665
vn -0.924125 -0.284743 0.254782
vn -0.917959 -0.306672 0.251603
vn -0.911327 -0.328465 0.248180
vn -0.904251 -0.350078 0.244491
vn -0.896706 -0.371542 0.240571
vn -0.888691 -0.392851 0.236423
vn -0.880232 -0.413952 0.232024
vn -0.871336 -0.434828 0.227372
vn -0.861980 -0.455508 0.222494
vn -0.852192 -0.475941 0.217369
vn -0.841977 -0.496116 0.211998
vn -0.831326 -0.516042 0.206394
vn -0.820257 -0.535686 0.200547
vn -0.808776 -0.555038 0.194461
vn -0.796880 -0.574096 0.188138
vn -0.986139 -0.118895 0.115733
vn -0.978744 -0.147528 0.142461
vn -0.984927 -0.128837 0.115409
vn -0.976442 -0.160755 0.143943
vn -0.983690 -0.138999 0.114160
vn -0.974510 -0.173394 0.142354
vn -0.982354 -0.149171 0.112824
vn -0.972428 -0.186019 0.140642
vn -0.980922 -0.159328 0.111381
vn -0.970202 -0.198609 0.138792
vn -0.979397 -0.169465 0.109830
vn -0.967820 -0.211195 0.136829
vn -0.977772 -0.179603 0.108186
vn -0.965288 -0.223754 0.134737
vn -0.976054 -0.189714 0.106431
vn -0.962611 -0.236266 0.132504
vn -0.974240 -0.199803 0.104569
vn -0.959786 -0.248743 0.130141
vn -0.972327 -0.209885 0.102606
vn -0.956811 -0.261189 0.127648
vn -0.970319 -0.219940 0.100535
vn -0.953687 -0.273590 0.125020
vn -0.968217 -0.229962 0.098350
vn -0.950419 -0.285935 0.122251
vn -0.966018 -0.239963 0.096057
vn -0.947009 -0.298216 0.119338
vn -0.963733 -0.249903 0.093637
vn -0.943453 -0.310443 0.116285
vn -0.961348 -0.259824 0.091109
vn -0.939745 -0.322626 0.113097
vn -0.958867 -0.269718 0.088468
vn -0.939910 -0.254424 0.227678
vn -0.935020 -0.274127 0.224926
vn -0.929753 -0.293749 0.221971
vn -0.924108 -0.313280 0.218813
vn -0.918105 -0.332677 0.215426
vn -0.911741 -0.351938 0.211820
vn -0.904999 -0.371087 0.208016
vn -0.897901 -0.390080 0.203991
vn -0.890449 -0.408902 0.199746
vn -0.882637 -0.427566 0.195291
vn -0.874470 -0.446055 0.190622
vn -0.865960 -0.464346 0.185733
vn -0.857098 -0.482447 0.180631
vn -0.847903 -0.500327 0.175307
vn -0.838368 -0.517995 0.169768
vn -0.828505 -0.535426 0.164008
vn -0.992355 -0.088340 0.086181
vn -0.991532 -0.096699 0.086678
vn -0.990836 -0.104351 0.085757
vn -0.990088 -0.111995 0.084757
vn -0.989282 -0.119653 0.083695
vn -0.988422 -0.127307 0.082554
vn -0.987508 -0.134952 0.081334
vn -0.986541 -0.142589 0.080037
vn -0.985516 -0.150231 0.078666
vn -0.984440 -0.157851 0.077209
vn -0.983311 -0.165451 0.075667
vn -0.982125 -0.173055 0.074050
vn -0.980881 -0.180656 0.072353
vn -0.979584 -0.188243 0.070570
vn -0.978239 -0.195782 0.068688
vn -0.976839 -0.203307 0.066720
vn -0.975387 -0.210808 0.064659
vn -0.618952 -0.751572 0.228120
vn -0.592944 -0.775080 0.218331
vn -0.953912 -0.223606 0.200128
vn -0.950150 -0.241025 0.197793
vn -0.946103 -0.258378 0.195268
vn -0.941759 -0.275687 0.192579
vn -0.937131 -0.292914 0.189700
vn -0.932223 -0.310047 0.186629
vn -0.927028 -0.327095 0.183376
vn -0.921552 -0.344041 0.179936
vn -0.915800 -0.360870 0.176302
vn -0.909767 -0.377589 0.172483
vn -0.903459 -0.394181 0.168472
vn -0.896873 -0.410650 0.164273
vn -0.890016 -0.426977 0.159881
vn -0.882892 -0.443154 0.155292
vn -0.875498 -0.459184 0.150510
vn -0.867835 -0.475060 0.145534
vn -0.859925 -0.490746 0.140351
vn -0.999270 -0.027813 0.026203
vn -0.996420 -0.062914 0.056467
vn -0.995947 -0.069450 0.057148
vn -0.995614 -0.074565 0.056499
vn -0.995257 -0.079682 0.055801
vn -0.994877 -0.084791 0.055046
vn -0.994470 -0.089918 0.054252
vn -0.994040 -0.095039 0.053404
vn -0.993585 -0.100158 0.052501
vn -0.993106 -0.105279 0.051548
vn -0.992604 -0.110377 0.050532
vn -0.992078 -0.115478 0.049463
vn -0.991528 -0.120566 0.048336
vn -0.990952 -0.125663 0.047158
vn -0.990350 -0.130762 0.045924
vn -0.989725 -0.135844 0.044628
vn -0.989077 -0.140906 0.043265
vn -0.988406 -0.145954 0.041840
vn -0.656995 -0.712292 0.246980
vn -0.701703 -0.677049 0.221851
vn -0.683993 -0.697512 0.213611
vn -0.736335 -0.646955 0.198139
vn -0.720955 -0.666283 0.190501
vn -0.771897 -0.611250 0.174779
vn -0.752300 -0.636890 0.168572
vn -0.803317 -0.575408 0.153582
vn -0.966097 -0.192365 0.172201
vn -0.963323 -0.207424 0.170249
vn -0.960335 -0.222451 0.168146
vn -0.957135 -0.237434 0.165885
vn -0.953721 -0.252376 0.163473
vn -0.950094 -0.267267 0.160904
vn -0.946256 -0.282099 0.158174
vn -0.942205 -0.296874 0.155290
vn -0.937948 -0.311571 0.152240
vn -0.933481 -0.326197 0.149029
vn -0.928807 -0.340738 0.145652
vn -0.923929 -0.355192 0.142109
vn -0.918844 -0.369556 0.138400
vn -0.913557 -0.383820 0.134520
vn -0.908072 -0.397974 0.130466
vn -0.902380 -0.412036 0.126245
vn -0.896481 -0.425998 0.121853
vn -0.999280 -0.027887 0.025719
vn -0.999005 -0.034098 0.028730
vn -0.998916 -0.036953 0.028301
vn -0.998827 -0.039527 0.027965
vn -0.998732 -0.042106 0.027607
vn -0.998631 -0.044676 0.027214
vn -0.998524 -0.047247 0.026798
vn -0.998411 -0.049814 0.026351
vn -0.998292 -0.052371 0.025874
vn -0.998167 -0.054936 0.025375
vn -0.998036 -0.057506 0.024850
vn -0.997899 -0.060063 0.024293
vn -0.997756 -0.062611 0.023704
vn -0.997607 -0.065173 0.023092
vn -0.997452 -0.067717 0.022446
vn -0.997289 -0.070283 0.021777
vn -0.997123 -0.072820 0.021069
vn -0.718859 -0.656065 0.229828
vn -0.751246 -0.627206 0.205530
vn -0.784583 -0.592840 0.181578
vn -0.818316 -0.552617 0.158027
vn -0.918719 -0.381616 0.101608
vn -0.927785 -0.358722 0.102632
vn -0.931918 -0.346751 0.106265
vn -0.935900 -0.334730 0.109757
vn -0.956296 -0.279558 0.085701
vn -0.973879 -0.218295 0.062509
vn -0.962931 -0.059220 0.263166
vn -0.980210 0.127556 0.151387
vn -0.865013 0.339336 0.369599
vn -0.889109 0.242873 0.387940
vn -0.871521 0.287040 0.397567
vn -0.914771 0.079393 0.396095
vn -0.911973 -0.068310 0.404524
vn -0.890242 -0.249464 0.381099
vn -0.906927 0.133400 0.399609
vn -0.875077 -0.299864 0.379898
vn -0.809887 -0.142482 0.569018
vn -0.533077 0.076116 0.842636
vn -0.905709 -0.305973 0.293379
vn -0.575564 0.578242 0.578241
vn -0.101461 0.007712 0.994810
vn -0.187794 0.006611 0.982186
vn -0.272636 0.005881 0.962099
vn -0.355453 0.005180 0.934680
vn -0.435590 0.004433 0.900134
vn -0.512342 0.004089 0.858772
vn -0.585272 0.003719 0.810828
vn -0.645694 0.004335 0.763584
vn -0.706036 0.003403 0.708167
vn -0.764244 0.003652 0.644917
vn -0.816786 0.003823 0.576927
vn -0.863306 0.004205 0.504664
vn -0.903443 0.004660 0.428683
vn -0.936913 0.005310 0.349523
vn -0.963454 0.006036 0.267806
vn -0.982889 0.006921 0.184066
vn -0.994708 0.008130 0.102418
vn 0.578239 0.578242 0.575565
vn 0.994804 0.009377 0.101377
vn 0.982185 0.008145 0.187739
vn 0.962103 0.007169 0.272591
vn 0.934689 0.006353 0.355409
vn 0.900176 0.005627 0.435489
vn 0.858812 0.005023 0.512267
vn 0.810878 0.004615 0.585197
vn 0.756810 0.004416 0.653620
vn 0.696953 0.004338 0.717104
vn 0.631830 0.004430 0.775095
vn 0.562015 0.004893 0.827113
vn 0.487659 0.005163 0.873019
vn 0.409703 0.005758 0.912201
vn 0.328576 0.006581 0.944455
vn 0.245080 0.007488 0.969474
vn 0.159734 0.008595 0.987123
vn 0.077739 0.010390 0.996920
vn 0.985605 0.163172 -0.044240
vn 0.807472 0.470631 -0.355661
vn 0.975353 -0.219658 -0.020914
vn 0.575561 -0.578242 0.578243
vn 0.101745 -0.009873 0.994761
vn 0.187915 -0.008577 0.982148
vn 0.272633 -0.007456 0.962089
vn 0.355587 -0.006602 0.934620
vn 0.435462 -0.005712 0.900189
vn 0.513478 -0.006072 0.858081
vn 0.581037 -0.005042 0.813862
vn 0.644945 -0.004886 0.764213
vn 0.705401 -0.004554 0.708793
vn 0.762061 -0.004637 0.647489
vn 0.813253 -0.004910 0.581889
vn 0.863663 -0.005148 0.504044
vn 0.909070 -0.005557 0.416606
vn 0.940830 -0.006775 0.338812
vn 0.965489 -0.007764 0.260329
vn 0.983583 -0.008801 0.180243
vn 0.995074 -0.008781 0.098747
vn -0.578243 -0.578241 0.575563
vn -0.994815 -0.007732 0.101403
vn -0.982202 -0.006772 0.187708
vn -0.962094 -0.005880 0.272654
vn -0.934678 -0.005128 0.355458
vn -0.900151 -0.004591 0.435553
vn -0.858701 -0.003218 0.512467
vn -0.810861 -0.003784 0.585226
vn -0.756755 -0.003557 0.653689
vn -0.696881 -0.003475 0.717178
vn -0.639690 -0.004318 0.768621
vn -0.574482 -0.003787 0.818508
vn -0.502063 -0.004201 0.864821
vn -0.425963 -0.004686 0.904728
vn -0.346729 -0.005271 0.937950
vn -0.264914 -0.006045 0.964253
vn -0.181170 -0.006876 0.983428
vn -0.099490 -0.008111 0.995006
vn -0.410303 -0.908169 0.082947
vn 0.236917 -0.619227 0.748617
vn 0.097569 -0.000990 0.995228
vn -0.129879 -0.002857 0.991526
vn -0.235425 -0.000091 0.971893
vn -0.193325 -0.000410 0.981135
vn -0.301310 -0.002653 0.953522
vn -0.317771 -0.000110 0.948167
vn -0.382931 -0.000860 0.923776
vn -0.478297 -0.000115 0.878198
vn -0.432648 -0.000381 0.901563
vn -0.536976 -0.001106 0.843597
vn -0.565462 -0.000100 0.824774
vn -0.608453 -0.003124 0.793584
vn -0.600511 -0.000417 0.799616
vn -0.750636 -0.000309 0.660716
vn -0.678290 -0.000550 0.734794
vn -0.760354 -0.000187 0.649509
vn -0.804105 -0.000052 0.594487
vn -0.834433 -0.000105 0.551110
vn -0.857435 -0.000890 0.514592
vn -0.898600 -0.000034 0.438768
vn -0.898028 -0.019251 0.439516
vn -0.918813 -0.000069 0.394693
vn -0.930839 -0.000588 0.365429
vn -0.957985 -0.000017 0.286820
vn -0.958654 -0.011723 0.284333
vn -0.974859 -0.000030 0.222822
vn -0.979172 -0.008480 0.202855
vn -0.991776 0.000004 0.127986
vn -0.992230 -0.000053 0.124420
vn -0.999005 0.000008 0.044591
vn 0.382280 0.000024 0.924047
vn 0.642150 0.000113 0.766579
vn 0.825569 0.000072 0.564301
vn 0.977856 0.000075 0.209280
vn 0.999166 0.000108 0.040834
vn 0.999932 0.005367 0.010373
vn 0.976270 0.000592 0.216556
vn 0.974218 0.000413 0.225608
vn 0.911152 0.000244 0.412071
vn 0.953958 0.000160 0.299941
vn 0.860545 0.000173 0.509375
vn 0.892601 0.010583 0.450724
vn 0.794168 0.000044 0.607698
vn 0.793270 0.000124 0.608870
vn 0.711533 0.000078 0.702653
vn 0.744272 0.019329 0.667597
vn 0.459273 0.000441 0.888295
vn 0.681053 0.000147 0.732234
vn 0.382848 0.000021 0.923811
vn 0.438046 0.000053 0.898952
vn 0.187001 0.000372 0.982360
vn 0.216927 0.000439 0.976188
vn 0.256647 0.000281 0.966505
vn 0.263873 0.000193 0.964557
vn 0.131515 0.000884 0.991314
vn 0.711411 0.652481 -0.261081
vn 0.724638 0.635512 -0.266504
vn 0.762843 0.595853 -0.251057
vn 0.747251 0.617833 -0.244742
vn 0.612076 0.756941 -0.228917
vn 0.640894 0.730342 -0.236339
vn 0.697024 0.682308 -0.220486
vn 0.928314 0.335240 -0.160771
vn 0.949645 0.284305 -0.131699
vn 0.965113 0.236934 -0.111447
vn 0.981308 0.175123 -0.079786
vn 0.991726 0.116993 -0.052836
vn 0.903367 0.385323 -0.188294
vn 0.874931 0.434327 -0.214140
vn 0.843154 0.482031 -0.238194
vn 0.808113 0.528339 -0.260406
vn 0.849985 0.468889 -0.240142
vn 0.546453 0.810361 -0.211435
vn 0.653146 0.731404 -0.196082
vn 0.601347 0.771228 -0.208779
vn 0.710761 0.679960 -0.180203
vn 0.763943 0.623958 -0.164524
vn 0.662544 0.729539 -0.169731
vn 0.846864 0.518101 -0.119966
vn 0.812380 0.563735 -0.149136
vn 0.999973 0.007081 -0.001728
vn 0.955262 0.284963 -0.079182
vn 0.930576 0.351976 -0.100702
vn 0.905261 0.408587 -0.116446
vn 0.857449 0.495287 -0.139542
vn 0.815290 0.557349 -0.157047
vn 0.768284 0.616112 -0.173623
vn 0.716706 0.671228 -0.189171
vn 0.660849 0.722375 -0.203600
vn 0.607437 0.764188 -0.216878
vn 0.679203 0.702614 -0.212171
vn 0.732190 0.652024 -0.196880
vn 0.781061 0.597801 -0.180493
vn 0.825578 0.540206 -0.163090
vn 0.865448 0.479622 -0.144782
vn 0.900467 0.416372 -0.125670
vn 0.930481 0.350720 -0.105836
vn 0.955273 0.283121 -0.085414
vn 0.981472 0.182936 -0.056980
vn 0.747210 0.632394 -0.204343
vn 0.793453 0.579152 -0.187125
vn 0.835519 0.522852 -0.168919
vn 0.873185 0.463790 -0.149822
vn 0.906229 0.402322 -0.129947
vn 0.934515 0.338701 -0.109377
vn 0.957876 0.273292 -0.088231
vn 0.980892 0.184992 -0.060246
vn 0.981986 0.178428 -0.062177
vn 0.960391 0.263403 -0.090925
vn 0.938405 0.326617 -0.112774
vn 0.911784 0.388176 -0.134054
vn 0.880639 0.447829 -0.154675
vn 0.845149 0.505238 -0.174523
vn 0.805442 0.560190 -0.193521
vn 0.761756 0.612350 -0.211555
vn 0.714328 0.661444 -0.228533
vn 0.666705 0.703420 -0.246383
vn 0.737693 0.633266 -0.234058
vn 0.775861 0.591860 -0.218500
vn 0.817015 0.540937 -0.199684
vn 0.854427 0.487427 -0.179917
vn 0.887839 0.431690 -0.159327
vn 0.917128 0.373942 -0.137996
vn 0.942153 0.314462 -0.116025
vn 0.962801 0.253513 -0.093513
vn 0.983083 0.171653 -0.063901
vn 0.789457 0.571004 -0.225195
vn 0.828203 0.521353 -0.205598
vn 0.863363 0.469408 -0.185097
vn 0.894771 0.415403 -0.163785
vn 0.922268 0.359616 -0.141770
vn 0.945761 0.302232 -0.119127
vn 0.965127 0.243555 -0.095974
vn 0.982761 0.171944 -0.067937
vn 0.802544 0.549790 -0.231635
vn 0.838957 0.501510 -0.211278
vn 0.871965 0.451172 -0.190056
vn 0.901433 0.398971 -0.168049
vn 0.927219 0.345158 -0.145364
vn 0.949216 0.289968 -0.122098
vn 0.967359 0.233560 -0.098321
vn 0.981555 0.176217 -0.074150
vn 0.992101 0.115491 -0.048974
vn 1.000000 -0.000134 0.000621
vn 0.999312 -0.036044 -0.008752
vn 0.996459 -0.081235 -0.021699
vn 0.992656 -0.117354 -0.029352
vn 0.985375 -0.164735 -0.043562
vn 0.980743 -0.189603 -0.046839
vn 0.968823 -0.239574 -0.063142
vn 0.948996 -0.306071 -0.075685
vn 0.946308 -0.312480 -0.082810
vn 0.512271 -0.831746 -0.213954
vn 0.616928 -0.757178 -0.214666
vn 0.528550 -0.819695 -0.220762
vn 0.636192 -0.746032 -0.196714
vn 0.619156 -0.751134 -0.229008
vn 0.657218 -0.712175 -0.246722
vn 0.652676 -0.709107 -0.266797
vn 0.999991 0.002840 -0.003290
vn 0.883917 -0.414812 -0.215921
vn 0.408559 0.590687 -0.695822
vn 0.963321 -0.218989 -0.155102
vn 0.819582 -0.510387 -0.260367
vn 0.853378 -0.463228 -0.239095
vn 0.911129 -0.365240 -0.190902
vn 0.874477 -0.446043 -0.190616
vn 0.903457 -0.394186 -0.168474
vn 0.896879 -0.410638 -0.164269
vn 0.934870 -0.314755 -0.164159
vn 0.928812 -0.340728 -0.145647
vn 0.923926 -0.355197 -0.142111
vn 0.918842 -0.369559 -0.138401
vn 0.955043 -0.263539 -0.135794
vn 0.950427 -0.285911 -0.122240
vn 0.947012 -0.298208 -0.119334
vn 0.943447 -0.310457 -0.116292
vn 0.939748 -0.322621 -0.113095
vn 0.996188 -0.084007 -0.023523
vn 0.968213 -0.229976 -0.098357
vn 0.966025 -0.239939 -0.096045
vn 0.963730 -0.249911 -0.093641
vn 0.961343 -0.259840 -0.091115
vn 0.958867 -0.269719 -0.088467
vn 0.997276 -0.069533 -0.024624
vn 0.981205 -0.179133 -0.071747
vn 0.979587 -0.188231 -0.070565
vn 0.978239 -0.195779 -0.068688
vn 0.976840 -0.203305 -0.066719
vn 0.975388 -0.210804 -0.064658
vn 0.997540 -0.066021 -0.023551
vn 0.992096 -0.117314 -0.044528
vn 0.991283 -0.124278 -0.043730
vn 0.990719 -0.129113 -0.042500
vn 0.990133 -0.133937 -0.041210
vn 0.989157 -0.141181 -0.040441
vn 0.639288 -0.731321 -0.237656
vn 0.701707 -0.677046 -0.221849
vn 0.684007 -0.697500 -0.213608
vn 0.736333 -0.646957 -0.198140
vn 0.720960 -0.666278 -0.190499
vn 0.771885 -0.611264 -0.174783
vn 0.750176 -0.639193 -0.169315
vn 0.803293 -0.575452 -0.153542
vn 0.721028 -0.671573 -0.170611
vn 0.665770 -0.717412 -0.205108
vn 0.700573 -0.689317 -0.184500
vn 0.704096 -0.688438 -0.174071
vn 0.778823 -0.607678 -0.155442
vn 0.823429 -0.551157 -0.134873
vn 0.718862 -0.656061 -0.229827
vn 0.751249 -0.627202 -0.205528
vn 0.784580 -0.592844 -0.181579
vn 0.818306 -0.552631 -0.158031
vn 0.845752 -0.515531 -0.137589
vn 0.754484 -0.638660 -0.151219
vn 0.658523 -0.699701 -0.277069
vn 0.735472 -0.634554 -0.237533
vn 0.765685 -0.607042 -0.212666
vn 0.796867 -0.574112 -0.188144
vn 0.828492 -0.535444 -0.164013
vn 0.859932 -0.490734 -0.140348
vn 0.883337 -0.453619 -0.118089
vn 0.932340 -0.350750 -0.087841
vn 0.749218 -0.615198 -0.245365
vn 0.779641 -0.586480 -0.219549
vn 0.808764 -0.555053 -0.194466
vn 0.838366 -0.517998 -0.169768
vn 0.867848 -0.475039 -0.145527
vn 0.896489 -0.425982 -0.121848
vn 0.918799 -0.381387 -0.101751
vn 0.912937 -0.396819 -0.095291
vn 0.954052 -0.268179 -0.133656
vn 0.793118 -0.565519 -0.226167
vn 0.820259 -0.535683 -0.200546
vn 0.847920 -0.500302 -0.175298
vn 0.875510 -0.459164 -0.150503
vn 0.902383 -0.412029 -0.126243
vn 0.927784 -0.358725 -0.102632
vn 0.806083 -0.544205 -0.232532
vn 0.831316 -0.516055 -0.206399
vn 0.857099 -0.482445 -0.180632
vn 0.882889 -0.443160 -0.155294
vn 0.908067 -0.397984 -0.130470
vn 0.931914 -0.346762 -0.106269
vn 0.953632 -0.289359 -0.082814
vn 0.841970 -0.496127 -0.212002
vn 0.865961 -0.464344 -0.185733
vn 0.890020 -0.426970 -0.159879
vn 0.913556 -0.383822 -0.134520
vn 0.935899 -0.334734 -0.109757
vn 0.956293 -0.279569 -0.085705
vn 0.973878 -0.218300 -0.062511
vn 0.836894 -0.003311 0.547355
vn 0.174201 -0.000294 0.984710
vn 0.217058 0.000006 0.976159
vn 0.257366 -0.000216 0.966314
vn 0.279500 -0.000184 0.960146
vn 0.382345 -0.008296 0.923982
vn 0.446356 -0.000263 0.894856
vn 0.461900 -0.000224 0.886932
vn 0.097130 -0.002287 0.995269
vn 0.609914 -0.001393 0.792466
vn 0.785634 -0.001884 0.618689
vn 0.659180 -0.000078 0.751985
vn 0.655361 -0.002955 0.755310
vn 0.730157 -0.000047 0.683279
vn 0.796307 -0.001112 0.604892
vn 0.692491 -0.001295 0.721425
vn 0.989104 -0.001392 0.147210
vn 0.928409 -0.000046 0.371561
vn 0.943627 -0.000161 0.331010
vn 0.981145 -0.000123 0.193273
vn 0.987551 -0.000128 0.157301
vn 0.998490 -0.000126 0.054938
vn -0.057637 0.000083 0.998338
vn -0.109025 0.007338 0.994012
vn -0.151445 0.000111 0.988466
vn -0.197443 0.004186 0.980305
vn -0.218204 0.000133 0.975903
vn -0.277958 0.000721 0.960593
vn -0.330085 0.000058 0.943951
vn -0.358592 0.019176 0.933297
vn -0.382297 0.000119 0.924040
vn -0.433601 0.001997 0.901103
vn -0.477236 0.000033 0.878775
vn -0.506640 0.000547 0.862158
vn -0.578405 0.000084 0.815750
vn -0.576945 0.000114 0.816783
vn -0.673803 0.000192 0.738911
vn -0.714172 0.000118 0.699970
vn -0.739005 0.012581 0.673583
vn -0.779928 -0.000006 0.625869
vn -0.793359 0.000064 0.608754
vn -0.985519 0.002575 0.169547
vn -0.548008 0.000387 0.836473
vn -0.885460 0.003622 0.464702
vn -0.923982 0.000168 0.382437
vn -0.923774 0.021121 0.382354
vn -0.942863 0.000190 0.333179
vn -0.967861 0.000003 0.251485
vn -0.976301 0.000143 0.216418
vn -0.985888 0.000003 0.167409
vn -0.991453 0.003143 0.130424
vn -0.992106 0.001135 -0.125400
vn -0.999033 0.039464 -0.019357
vn -0.986307 0.149689 0.069223
vn -0.226033 -0.779970 0.583571
vn -0.200668 -0.978879 0.039096
vn -0.999410 -0.004684 -0.034022
vn -0.813677 -0.027891 0.580648
vn -0.698126 -0.106485 0.708012
vn -0.460438 -0.049390 0.886317
vn -0.226095 -0.041358 0.973227
vn 0.849606 0.013116 0.527255
vn 0.329719 0.054017 0.942532
vn 0.490196 0.028644 0.871141
vn 0.609596 0.000736 0.792712
vn 0.675820 0.000562 0.737067
vn 0.577535 0.046083 0.815064
vn 0.765628 0.428711 0.479605
vn 0.926030 0.007365 0.377379
vn 0.622901 0.761799 -0.177922
vn 0.988456 0.074393 0.131987
vn 0.955135 0.005160 0.296124
vn 0.121286 0.051085 0.991302
vn 0.301168 -0.000609 0.953571
vn 0.755920 -0.010502 0.654579
vn 0.980894 -0.193246 -0.022440
vn 0.980352 -0.000329 0.197253
vn 0.729466 -0.664780 -0.161079
vn 0.945207 -0.004328 0.326444
vn 0.776611 -0.613822 -0.141769
vn 0.806266 -0.561567 0.185952
vn 0.916365 -0.003322 0.400329
vn 0.932415 -0.351692 -0.083160
vn 0.705100 -0.003845 0.709098
vn 0.940726 -0.338951 0.012100
vn 0.993233 -0.114290 -0.020660
vn 0.966200 -0.014324 0.257394
vn 0.994178 -0.001858 0.107730
vn 0.577148 -0.040479 0.815635
vn 0.541162 -0.811116 -0.221890
vn 0.263652 -0.064286 0.962473
vn 0.849121 -0.057662 0.525041
vn -0.135925 0.748647 0.648885
vn -0.067318 0.836755 0.543424
vn -0.057493 0.661578 0.747669
vn -0.046868 0.585371 0.809410
vn -0.036631 0.484505 0.874021
vn -0.042337 0.555059 0.830733
vn -0.033175 0.450395 0.892213
vn -0.026308 0.348646 0.936885
vn -0.037849 0.399846 0.915800
vn -0.017648 0.225181 0.974157
vn -0.021425 0.265936 0.963753
vn -0.030208 0.181128 0.982996
vn -0.009089 0.109710 0.993922
vn -0.005639 0.058290 0.998284
vn -0.833043 0.148298 0.532961
vn -0.675654 0.001162 0.737218
vn -0.582027 0.032048 0.812538
vn -0.463752 0.504788 0.728096
vn -0.999075 0.021155 -0.037439
vn -0.954467 0.006356 0.298249
vn -0.244160 0.683760 0.687647
vn -0.148094 0.267724 0.952046
vn -0.196888 0.970708 0.137698
vn -0.124711 0.472061 0.872700
vn -0.109710 0.341340 0.933515
vn -0.067435 -0.876980 0.475771
vn -0.082255 -0.996599 -0.005010
vn -0.081800 -0.989970 0.115184
vn -0.095355 -0.959596 0.264732
vn -0.090899 -0.960181 0.264179
vn -0.082190 -0.937968 0.336840
vn -0.074354 -0.910172 0.407502
vn -0.056494 -0.795206 0.603702
vn -0.052540 -0.747145 0.662582
vn -0.048194 -0.596251 0.801350
vn 0.005688 -0.011418 0.999919
vn -0.100987 -0.981385 -0.163356
vn -0.098089 -0.993862 -0.051153
vn -0.128253 -0.724031 0.677739
vn -0.071011 -0.984601 -0.159745
vn -0.090485 -0.995235 -0.036317
vn -0.106171 -0.990403 -0.088483
vn -0.076994 -0.991554 -0.104371
vn -0.293499 -0.809123 -0.509095
vn -0.090087 -0.995681 0.022437
vn -0.089676 -0.990974 0.099641
vn -0.106601 -0.994255 -0.009626
vn -0.106364 -0.991909 0.069302
vn -0.092303 -0.995431 -0.024458
vn -0.105394 -0.992870 0.055683
vn -0.088725 -0.980330 0.176296
vn -0.087245 -0.963819 0.251874
vn -0.105465 -0.983377 0.147806
vn -0.103906 -0.968710 0.225398
vn -0.116172 -0.983939 0.135529
vn -0.124566 -0.968747 0.214503
vn -0.072277 -0.797869 0.598482
vn -0.059032 -0.651442 0.756398
vn -0.089082 -0.839640 0.535788
vn -0.022839 -0.021181 0.999515
vn -0.085240 -0.941528 0.325974
vn -0.101696 -0.947991 0.301613
vn -0.130524 -0.947441 0.292096
vn -0.082726 -0.913615 0.398075
vn -0.098852 -0.921363 0.375924
vn -0.140026 -0.913096 0.382946
vn -0.079715 -0.880230 0.467805
vn -0.093071 -0.877397 0.470651
vn -0.107781 -0.733646 0.670930
vn -0.086940 -0.843960 0.529313
vn -0.076225 -0.841568 0.534745
vn -0.061470 -0.838577 0.541303
vn -0.280278 0.505594 0.815978
vn -0.020966 0.274381 0.961392
vn -0.002945 -0.251400 0.967879
vn -0.137928 -0.361734 0.922022
vn -0.006220 0.075900 0.997096
vn -0.012140 0.151413 0.988396
vn -0.018509 0.226466 0.973843
vn -0.024208 0.299762 0.953707
vn -0.029857 0.371359 0.928009
vn -0.052153 0.632767 0.772584
vn -0.055496 0.689509 0.722148
vn -0.066510 0.832713 0.549695
vn -0.201552 0.934882 -0.292185
vn -0.062938 0.050755 0.996726
vn -0.079535 0.766658 0.637111
vn -0.084767 0.528800 0.844503
vn -0.080750 0.709493 0.700070
vn -0.068359 0.704260 0.706643
vn -0.102966 0.589860 0.800914
vn -0.085008 0.657176 0.748928
vn -0.074370 0.652385 0.754230
vn -0.062405 0.642637 0.763625
vn -0.101239 0.525331 0.844854
vn -0.078709 0.599620 0.796405
vn -0.067326 0.590708 0.804072
vn -0.056449 0.581427 0.811638
vn -0.046049 0.571835 0.819076
vn -0.100334 0.545704 0.831950
vn -0.070024 0.533589 0.842840
vn -0.059853 0.525274 0.848826
vn -0.050149 0.516692 0.854702
vn -0.040881 0.507838 0.860482
vn -0.035738 0.441082 0.896755
vn -0.083253 0.477221 0.874831
vn -0.060875 0.463996 0.883743
vn -0.052000 0.456519 0.888193
vn -0.043544 0.448815 0.892563
vn -0.063529 0.405672 0.911808
vn -0.051323 0.391358 0.918806
vn -0.043816 0.384850 0.921938
vn -0.036667 0.378132 0.925025
vn -0.041345 0.331714 0.942473
vn -0.041435 0.316158 0.947801
vn -0.035357 0.310761 0.949830
vn -0.029574 0.305226 0.951821
vn -0.016844 0.255768 0.966592
vn -0.031272 0.238858 0.970551
vn -0.026672 0.234701 0.971702
vn -0.022299 0.230451 0.972828
vn 0.009811 0.178315 0.983925
vn -0.020894 0.159920 0.986909
vn -0.017815 0.157131 0.987417
vn -0.014886 0.154257 0.987919
vn 0.038351 0.100068 0.994241
vn -0.010395 0.080058 0.996736
vn -0.008851 0.078607 0.996866
vn -0.007380 0.077079 0.996998
vn -0.430197 -0.498778 0.752430
vn -0.989415 -0.139800 0.038906
vn -0.993519 0.106466 -0.039820
vn 0.082416 -0.995746 -0.041194
vn 0.362702 0.066137 -0.929555
vn 0.591707 -0.763540 -0.258631
vn 0.672922 -0.680212 -0.290668
vn 0.823665 -0.285765 -0.489810
vn 0.887396 -0.112451 -0.447082
vn 0.568684 -0.649761 -0.504390
vn 0.747439 -0.345417 -0.567470
vn 0.468806 -0.763012 -0.445010
vn 0.222712 -0.745746 -0.627903
vn 0.328120 -0.907194 -0.263319
vn 0.876433 -0.406682 -0.257829
vn 0.663779 -0.470766 -0.581185
vn 0.194326 -0.976945 -0.088402
vn 0.492614 -0.844313 -0.210874
vn 0.394132 -0.903380 -0.169009
vn 0.502595 -0.772512 -0.388103
vn -0.230183 -0.896618 0.378276
vn -0.777586 -0.533635 0.332557
vn -0.698710 -0.655824 0.285830
vn -0.762510 -0.317775 0.563558
vn -0.721734 -0.620986 0.305741
vn -0.660234 -0.702413 0.265907
vn -0.618677 -0.745541 0.247806
vn -0.778242 -0.532321 0.333128
vn -0.932597 -0.280081 0.227635
vn -0.572897 -0.605826 0.552054
vn -0.907760 -0.153636 0.390343
vn -0.982167 0.011401 -0.187665
vn 0.500352 -0.822866 0.269332
vn -0.473557 -0.858669 0.196040
vn -0.685700 -0.726489 -0.045052
vn -0.371911 -0.915133 0.155607
vn -0.322490 -0.937623 0.129860
vn -0.664462 -0.634697 -0.394524
vn -0.159467 -0.985005 0.065843
vn -0.099503 -0.994232 0.040034
vn -0.288952 -0.636568 -0.715044
vn 0.051495 -0.998217 -0.030196
vn 0.078006 0.996336 -0.035076
vn 0.252470 0.960919 -0.113549
vn 0.334587 0.926804 -0.170544
vn 0.525887 0.819747 -0.226844
vn 0.452941 0.862940 -0.224009
vn 0.389363 0.901892 -0.187051
vn 0.222220 0.848691 0.479938
vn 0.530915 0.811720 -0.243395
vn 0.264468 0.949632 -0.168094
vn 0.459279 0.842792 -0.280650
vn 0.190126 0.975004 -0.114974
vn -0.188790 0.847319 -0.496396
vn 0.518006 0.843460 -0.142286
vn 0.469254 0.869225 -0.155722
vn -0.807067 0.175573 0.563752
vn 0.284976 0.953510 0.098023
vn -0.679772 0.724884 -0.111597
vn -0.520067 0.662569 -0.539010
vn -0.544254 0.807901 0.226019
vn -0.540890 0.812225 0.218469
vn -0.458694 0.871369 0.174114
vn 0.348385 0.893033 0.284817
vn 0.030089 0.980905 0.192146
vn -0.492061 0.869315 0.046559
vn 0.523108 0.544581 -0.655584
vn -0.102021 0.929142 0.355369
vn -0.175498 0.974096 -0.142612
vn 0.007029 0.999566 -0.028608
vn -0.637211 0.080268 -0.766498
vn 0.124386 0.990759 -0.054087
vn 0.038663 0.985261 -0.166632
vn 0.158304 0.984381 -0.077032
vn -0.642418 -0.007991 -0.766313
vn -0.521197 0.825779 0.215506
vn -0.610526 0.749413 0.256200
vn -0.663285 0.699614 0.265694
vn -0.686097 0.727493 0.004897
vn -0.817631 0.510409 0.266387
vn -0.896757 0.440362 -0.043692
vn -0.586326 0.808512 -0.050294
vn -0.978553 0.009076 -0.205795
vn -0.278581 0.960115 -0.023918
vn -0.144352 0.987844 0.057679
vn -0.407162 0.911815 0.053031
vn -0.697291 0.547045 0.463171
vn -0.935275 0.233714 0.265779
vn -0.868308 0.466049 0.169823
vn -0.803220 0.178587 0.568282
vn -0.438564 0.880869 0.178134
vn -0.254934 0.960994 0.107235
vn 0.932878 0.283538 -0.222135
vn 0.444076 0.875561 -0.190234
vn 0.404874 0.893895 -0.192428
vn 0.627025 0.730668 -0.270118
vn 0.793354 0.506168 -0.338206
vn 0.505814 0.677839 -0.533560
vn 0.297055 0.764425 0.572200
vn 0.540554 0.807718 -0.235358
vn 0.703840 0.643726 -0.300375
vn 0.822022 0.557679 -0.115213
vn 0.705945 0.492903 -0.508613
vn -0.307993 0.801259 0.512957
vn 0.841246 0.329801 -0.428412
vn 0.617316 0.457425 -0.640065
vn 0.564502 0.819284 0.100551
vn 0.099298 0.091105 -0.990878
vn 0.796419 0.262618 -0.544746
vn 0.341731 0.926803 -0.155745
vn 0.289800 0.949102 -0.123373
vn 0.098378 0.886950 -0.451266
vn 0.131279 0.989199 -0.065201
vn 0.067856 0.997055 -0.035747
vn 0.020373 0.999730 -0.011132
vn -0.030768 0.999499 0.007443
vn -0.011317 0.999582 -0.026621
vn -0.331435 0.813744 -0.477464
vn -0.252628 -0.906012 -0.339590
vn -0.328566 -0.941931 0.069362
vn 0.139022 -0.331966 -0.932991
vn 0.619397 -0.098455 -0.778880
vn -0.726486 -0.657979 0.198198
vn 0.620121 -0.718330 -0.315360
vn -0.525532 -0.807812 0.266938
vn -0.438049 -0.891245 0.117454
vn -0.199814 -0.979351 0.030764
vn -0.508646 -0.850976 0.130838
vn -0.503793 -0.840343 0.200040
vn -0.586838 -0.772305 0.243242
vn -0.375390 -0.918816 0.121901
vn -0.507164 -0.823784 0.253308
vn -0.352374 -0.889938 0.289558
vn -0.413654 -0.882348 0.224393
vn 0.818387 -0.276306 0.503883
vn -0.280417 -0.950562 0.133413
vn -0.234773 -0.818468 0.524397
vn 0.447387 -0.867092 -0.219082
vn -0.169343 -0.880374 -0.443018
vn 0.518326 -0.809921 -0.274529
vn 0.475648 -0.855423 -0.204964
vn 0.163588 -0.900799 0.402243
vn 0.484018 -0.819654 -0.306421
vn 0.560833 -0.785028 -0.263052
vn -0.640417 -0.499592 -0.583329
vn 0.363723 -0.911070 -0.194053
vn 0.351681 -0.922968 -0.156368
vn 0.241560 -0.950255 -0.196635
vn 0.291577 -0.951057 0.102339
vn 0.430263 -0.862188 -0.267406
vn 0.083198 -0.960869 0.264215
vn -0.940841 -0.152885 0.302397
vn 0.201344 -0.973959 -0.104234
vn 0.110032 -0.992356 -0.055878
vn -0.149329 -0.846001 -0.511842
vn 0.028152 -0.995427 -0.091287
vn 0.349037 -0.223855 0.909979
vn -0.265646 -0.784834 0.559882
vn -0.848516 -0.092334 0.521052
vn 0.580191 -0.180928 0.794131
vn 0.575012 -0.243847 0.780961
vn -0.563922 -0.295963 0.770972
vn -0.549434 -0.346252 0.760416
vn 0.563285 -0.295889 0.771466
vn 0.555527 -0.355092 0.751864
vn -0.540238 -0.403195 0.738632
vn -0.521736 -0.449101 0.725327
vn 0.539375 -0.403191 0.739264
vn 0.529623 -0.457538 0.714254
vn -0.510857 -0.500991 0.698593
vn -0.489171 -0.541953 0.683373
vn 0.509846 -0.500913 0.699387
vn 0.498684 -0.549872 0.670041
vn -0.477229 -0.588287 0.652818
vn -0.453146 -0.624154 0.636467
vn 0.476119 -0.588154 0.653747
vn 0.464118 -0.631514 0.621115
vn -0.440673 -0.664902 0.603085
vn -0.414833 -0.695902 0.586203
vn 0.427110 -0.702680 0.569051
vn 0.401031 -0.731179 0.551861
vn -0.200813 -0.732459 0.650521
vn 0.439475 -0.664800 0.604072
vn -0.402230 -0.731326 0.550793
vn 0.564321 -0.762020 0.317595
vn 0.337786 -0.811291 0.477187
vn -0.346974 -0.814946 0.464189
vn 0.297787 -0.855587 0.423432
vn -0.307549 -0.858829 0.409666
vn 0.258074 -0.892515 0.369884
vn -0.268336 -0.895355 0.355438
vn 0.218837 -0.922908 0.316783
vn -0.229532 -0.925337 0.301772
vn 0.180170 -0.947470 0.264273
vn -0.191239 -0.949495 0.248770
vn 0.142063 -0.966814 0.212343
vn -0.153454 -0.968439 0.196412
vn 0.104479 -0.981422 0.160921
vn -0.116135 -0.982645 0.144644
vn 0.067316 -0.991661 0.109893
vn -0.079201 -0.992481 0.093323
vn 0.030503 -0.997785 0.059111
vn -0.042546 -0.998197 0.042343
vn -0.107833 -0.994165 0.002654
vn -0.159766 -0.987153 0.002137
vn -0.245218 -0.969468 0.000638
vn -0.328773 -0.944409 -0.000693
vn -0.409835 -0.912158 -0.001846
vn -0.487772 -0.872967 -0.002808
vn -0.561985 -0.827140 -0.003571
vn -0.631950 -0.774998 -0.004128
vn -0.697113 -0.716948 -0.004471
vn -0.766004 -0.642827 -0.003473
vn -0.827087 -0.562056 -0.004497
vn -0.872941 -0.487807 -0.004181
vn -0.912132 -0.409881 -0.003647
vn -0.944383 -0.328834 -0.002897
vn -0.995486 -0.094904 0.000552
vn -0.619284 -0.723528 -0.304951
vn 0.994861 -0.101241 -0.001358
vn 0.982250 -0.187568 -0.001571
vn 0.962161 -0.272479 -0.001583
vn 0.934749 -0.355305 -0.001396
vn 0.900227 -0.435421 -0.001011
vn 0.858855 -0.512218 -0.000434
vn 0.952048 -0.305906 -0.005133
vn 0.502428 -0.864618 -0.001681
vn 0.653474 -0.756947 -0.001571
vn 0.585008 -0.811027 -0.001031
vn 0.512097 -0.858927 -0.000304
vn 0.441713 -0.897156 -0.001218
vn 0.355130 -0.934816 -0.000738
vn 0.272303 -0.962211 -0.000730
vn 0.187396 -0.982284 -0.000536
vn 0.101061 -0.994880 -0.000160
vn -0.952861 -0.041377 -0.300573
vn -0.495601 -0.725590 -0.477388
vn 0.006715 -0.994876 -0.100881
vn 0.004202 -0.982309 -0.187222
vn 0.001945 -0.962263 -0.272114
vn -0.000038 -0.934877 -0.354973
vn -0.001731 -0.900389 -0.435082
vn -0.003122 -0.859045 -0.511891
vn -0.004200 -0.811165 -0.584803
vn -0.011406 -0.313050 -0.949668
vn -0.104838 -0.499877 -0.859728
vn 0.953526 -0.019652 -0.300671
vn -0.004478 -0.994581 -0.103871
vn -0.003235 -0.987108 -0.160026
vn -0.000943 -0.969407 -0.245457
vn 0.001066 -0.944324 -0.329016
vn 0.002778 -0.912052 -0.410065
vn 0.004180 -0.872842 -0.487985
vn 0.005260 -0.826993 -0.562188
vn 0.012522 -0.320170 -0.947277
vn 0.536699 -0.688119 -0.488310
vn 0.677845 -0.721659 -0.140478
vn 0.061129 -0.998107 0.006819
vn -0.998130 -0.061063 -0.002632
vn -0.982291 0.187331 -0.003260
vn -0.576186 0.232975 0.783411
vn -0.570762 0.116283 0.812840
vn -0.962215 0.272268 -0.003531
vn -0.934814 0.355121 -0.003589
vn -0.529645 0.457558 0.714225
vn -0.539398 0.403111 0.739291
vn -0.555504 0.355108 0.751873
vn -0.563277 0.295942 0.771451
vn -0.900327 0.435200 -0.003436
vn -0.858960 0.512033 -0.003072
vn -0.464127 0.631512 0.621110
vn -0.476116 0.588164 0.653741
vn -0.498662 0.549877 0.670054
vn -0.509839 0.500938 0.699374
vn -0.560620 0.762552 0.322830
vn -0.401012 0.731212 0.551832
vn -0.837755 0.546038 -0.002975
vn -0.427113 0.702683 0.569044
vn -0.439485 0.664783 0.604083
vn -0.754024 0.656815 -0.006449
vn -0.706560 0.707652 -0.001152
vn -0.337785 0.811289 0.477192
vn -0.653379 0.757029 -0.001416
vn -0.297789 0.855587 0.423429
vn -0.584914 0.811093 -0.001748
vn -0.258085 0.892510 0.369890
vn -0.511988 0.858991 -0.001884
vn -0.218828 0.922907 0.316791
vn -0.435146 0.900358 -0.001824
vn -0.180161 0.947479 0.264244
vn -0.355075 0.934837 -0.001571
vn -0.142075 0.966810 0.212350
vn -0.272260 0.962223 -0.001126
vn -0.104483 0.981419 0.160936
vn -0.187323 0.982298 -0.000496
vn -0.067311 0.991662 0.109887
vn -0.100985 0.994888 0.000312
vn -0.030501 0.997786 0.059106
vn 0.184082 0.746910 0.638936
vn 0.745228 0.086026 0.661237
vn 0.563924 0.295938 0.770980
vn 0.549452 0.346258 0.760400
vn 0.540227 0.403230 0.738620
vn 0.521708 0.449100 0.725348
vn 0.510841 0.501034 0.698575
vn 0.489196 0.541937 0.683367
vn 0.477245 0.588245 0.652843
vn 0.453131 0.624168 0.636464
vn 0.440662 0.664922 0.603073
vn 0.414835 0.695889 0.586217
vn 0.200816 0.732456 0.650524
vn 0.402236 0.731315 0.550803
vn 0.346972 0.814952 0.464180
vn 0.307547 0.858828 0.409669
vn 0.268343 0.895345 0.355456
vn 0.229534 0.925342 0.301754
vn 0.191215 0.949504 0.248754
vn 0.153464 0.968433 0.196434
vn 0.116147 0.982642 0.144651
vn 0.079196 0.992482 0.093315
vn 0.042540 0.998197 0.042338
vn -0.936369 0.054660 -0.346734
vn -0.000749 0.253181 -0.967419
vn -0.005668 0.716838 -0.697217
vn -0.005158 0.774897 -0.632067
vn -0.004317 0.827032 -0.562138
vn -0.003151 0.872921 -0.487852
vn -0.001671 0.912099 -0.409967
vn -0.084879 0.996390 -0.001489
vn 0.000113 0.944347 -0.328952
vn 0.002189 0.969426 -0.245374
vn 0.004540 0.987123 -0.159901
vn -0.645153 0.591337 -0.483837
vn 0.005576 0.994000 -0.109240
vn 0.079404 0.996842 0.001000
vn 0.159789 0.987151 0.000076
vn 0.245264 0.969456 -0.000812
vn 0.328846 0.944382 -0.001518
vn 0.409857 0.912147 -0.002035
vn 0.487772 0.872968 -0.002358
vn 0.562044 0.827104 -0.002482
vn 0.631984 0.774978 -0.002404
vn 0.697136 0.716936 -0.002125
vn 0.766011 0.642827 -0.001237
vn 0.827080 0.562083 -0.000954
vn 0.867327 0.497724 -0.003921
vn 0.912125 0.409908 -0.001856
vn 0.944389 0.328824 -0.002260
vn 0.996998 0.077357 -0.003417
vn 0.289660 0.810962 -0.508368
vn 0.044508 0.223492 -0.973689
vn 0.004138 0.928890 -0.370332
vn 0.004349 0.756995 -0.653406
vn 0.003490 0.811049 -0.584967
vn 0.002313 0.858973 -0.512015
vn 0.000825 0.900342 -0.435183
vn -0.000959 0.934819 -0.355122
vn -0.003030 0.962205 -0.272308
vn -0.005371 0.982278 -0.187353
vn -0.007963 0.994852 -0.101021
vn 0.461185 0.748308 -0.476806
vn 0.490580 0.846515 -0.206746
vn 0.581300 0.776126 -0.244375
vn 0.662692 0.699662 -0.267045
vn 0.702846 0.646176 -0.297429
vn 0.736197 0.608188 -0.296851
vn 0.874232 0.436639 -0.212285
vn 0.901073 0.215701 -0.376218
vn -0.008755 0.998178 -0.059699
vn 0.890476 -0.020893 0.454550
vn -0.058979 0.988396 -0.139982
vn -0.002260 0.999976 -0.006520
vn 0.103106 0.973203 0.205538
vn 0.273561 0.743425 0.610315
vn 0.890745 -0.255086 -0.376170
vn 0.407826 0.898353 0.163216
vn 0.888578 -0.296909 -0.349678
vn 0.802849 0.564614 -0.191428
vn 0.912888 0.151489 -0.379061
vn 0.943079 0.304072 -0.134690
vn 0.868785 -0.359158 -0.340908
vn 0.911496 -0.209752 -0.353806
vn 0.996363 0.079416 -0.030872
vn 0.870209 0.331580 -0.364405
vn 0.277503 0.921491 -0.271748
vn 0.842244 -0.404800 -0.356036
vn 0.913485 -0.133971 -0.384182
vn 0.922394 0.032290 -0.384898
vn 0.741336 0.664173 0.096413
vn 0.037232 0.998228 0.046411
vn -0.061891 -0.986484 -0.151719
vn 0.487555 -0.848441 -0.206005
vn 0.651630 -0.702905 -0.285135
vn 0.270551 -0.062084 -0.960702
vn 0.331653 -0.929603 0.160764
vn 0.893701 -0.160666 -0.418908
vn 0.900982 -0.016530 -0.433541
vn 0.230119 -0.885215 -0.404277
vn 0.610607 -0.746360 -0.264776
vn 0.732312 -0.609198 -0.304297
vn 0.050727 -0.370895 -0.927288
vn 0.286070 -0.944241 -0.163009
vn 0.195959 -0.979351 0.049724
vn 0.698305 -0.652930 -0.293347
vn 0.798526 -0.512107 -0.316390
vn 0.822868 -0.458622 -0.335492
vn 0.619024 -0.741105 -0.259946
vn 0.417843 -0.402714 0.814388
vn 0.539174 -0.726088 -0.426717
vn 0.445574 -0.864487 -0.232650
vn -0.143409 -0.932528 -0.331399
vn 0.290018 -0.929465 -0.228001
vn 0.477542 -0.750721 0.456477
vn -0.739671 0.591693 0.320603
vn -0.263533 -0.855352 0.446009
vn -0.025376 -0.812484 0.582431
vn -0.904349 -0.182657 0.385732
vn -0.909898 0.147105 0.387874
vn -0.843944 -0.374068 0.384489
vn -0.530449 -0.131316 0.837484
vn -0.883177 0.206434 0.421169
vn -0.188294 0.410713 0.892110
vn -0.920001 0.015859 0.391595
vn -0.681405 -0.670873 0.292602
vn -0.751567 -0.574512 0.324165
vn -0.908746 0.097135 0.405889
vn -0.256104 -0.923744 0.284794
vn -0.326471 -0.882262 0.339162
vn -0.783805 -0.523117 0.334662
vn -0.876486 -0.259562 0.405463
vn -0.904948 -0.127713 0.405905
vn -0.808691 -0.473740 0.348696
vn -0.427099 -0.589718 0.685433
vn 0.339554 0.110914 0.934024
vn -0.493872 0.577224 0.650310
vn -0.800133 0.489758 0.346302
vn -0.279235 0.719770 0.635578
vn -0.696879 0.642409 0.318857
vn 0.252400 0.762206 0.596100
vn -0.034385 0.893043 0.448656
vn -0.299891 0.899876 0.316685
vn -0.189415 0.962748 0.192972
vn -0.466788 0.861741 0.198776
vn -0.043952 0.996053 -0.077110
vn -0.320535 0.947218 0.005902
vn -0.336457 0.927719 -0.161658
vn -0.289235 0.801714 -0.523066
vn -0.600756 0.758594 0.252246
vn -0.624529 0.738206 0.254981
vn -0.712567 0.636975 0.294128
vn -0.672176 0.686472 0.277373
vn -0.742958 0.592563 0.311260
vn -0.780558 0.547946 0.300806
vn -0.810615 0.494659 0.313393
vn -0.841972 0.447812 0.300910
vn -0.346674 0.692450 -0.632716
vn -0.885884 0.318903 0.336914
vn -0.705281 0.518536 -0.483424
vn -0.921296 0.284782 -0.264788
vn -0.929656 -0.028436 0.367331
vn -0.746946 -0.650208 0.138931
vn -0.074213 -0.993727 0.083661
vn -0.401179 -0.909842 0.106033
vn -0.465083 -0.863353 0.195756
vn -0.226256 -0.953269 0.200216
vn 0.926741 0.000170 -0.375702
vn 0.941376 0.148783 -0.302777
vn 0.892883 0.270598 -0.359913
vn 0.846435 0.531816 -0.026807
vn -0.900431 -0.182477 0.394875
vn -0.832724 0.413909 0.367764
vn -0.416221 0.829877 0.371569
vn -0.614429 -0.558196 0.557579
vn -0.801421 -0.468464 0.371842
vn -0.913000 -0.002982 0.407949
vn -0.867532 0.301262 0.395764
vn -0.734248 0.563061 0.379265
vn 0.865195 -0.442406 -0.236040
vn -0.835580 -0.413786 0.361370
vn -0.844819 -0.119850 0.521456
vn -0.444410 0.185725 0.876359
vn 0.966587 -0.130443 0.220669
vn 0.942647 -0.275278 -0.188781
vn -0.848136 -0.300330 0.436425
vn 0.577568 0.807706 0.118432
vn 0.133453 0.930018 0.342427
vn -0.151071 0.286186 0.946190
vn 0.241301 -0.056001 0.968833
vn -0.657856 0.106423 0.745587
vn 0.125293 -0.927844 0.351294
vn 0.835324 0.442102 -0.326772
vn 0.696703 -0.367620 -0.616004
vn -0.219129 -0.959436 -0.177382
vn -0.951390 -0.090137 0.294505
vn -0.905890 0.128702 -0.403484
vn -0.872051 0.488938 -0.021576
vn -0.836446 0.540857 -0.088497
vn 0.703632 0.430040 -0.565656
vn 0.885689 0.219428 -0.409153
vn -0.873637 -0.341205 0.346896
vn -0.642163 -0.736400 0.212936
vn -0.508611 -0.834851 0.210566
vn 0.773600 0.457840 -0.438092
vn 0.275782 0.847489 -0.453549
vn -0.834314 -0.530484 0.150025
vn -0.484986 -0.873677 -0.038446
vn 0.853517 0.315766 -0.414488
vn -0.926505 0.079968 0.367687
vn -0.596685 -0.462017 -0.656131
vn -0.141381 -0.862995 -0.485027
vn 0.500306 0.495517 -0.710040
vn 0.427042 0.581537 -0.692423
vn 0.147320 0.974054 -0.171804
vn -0.768695 0.518374 -0.374695
vn -0.910317 0.404241 -0.088955
vn -0.917399 -0.188454 0.350521
vn -0.887262 -0.325807 -0.326521
vn 0.908378 0.058767 -0.414000
vn 0.263894 0.226956 -0.937470
vn 0.374087 0.778067 -0.504649
vn -0.549485 0.828589 0.107267
vn 0.358856 -0.570954 -0.738399
vn 0.656687 0.111593 -0.745861
vn -0.886081 0.342518 0.312316
vn 0.703832 -0.641667 -0.304769
vn -0.308059 0.946285 -0.098210
vn -0.800623 0.345657 -0.489411
vn -0.240652 0.046700 -0.969487
vn -0.234806 -0.029243 -0.971602
vn 0.886720 -0.213179 -0.410223
vn -0.236447 -0.061085 -0.969722
vn 0.637085 -0.433835 -0.637110
vn 0.720183 -0.552821 -0.419196
vn -0.627393 0.606944 -0.487849
vn -0.256723 0.694146 -0.672499
vn 0.330399 -0.053574 -0.942320
vn 0.266417 -0.722474 -0.638007
vn 0.088324 0.579014 -0.810519
vn 0.441011 0.321173 -0.838068
vn -0.697385 -0.699073 -0.157961
vn 0.900353 0.418401 0.119602
vn 0.468746 0.766149 0.439651
vn -0.063880 0.850590 0.521936
vn -0.674875 0.067911 0.734801
vn 0.070270 -0.856668 0.511059
vn 0.598600 -0.583847 0.548453
vn -0.445452 -0.525753 0.724677
vn 0.929100 -0.247817 0.274518
vn -0.709934 0.618283 0.337225
vn 0.681498 0.717027 -0.146401
vn 0.347252 0.927867 -0.135936
vn 0.079752 0.996798 -0.005741
vn -0.032027 0.998440 0.045734
vn -0.141553 0.985083 0.097851
vn 0.241446 0.058350 0.968658
vn -0.828776 0.414728 0.375674
vn -0.582827 -0.770436 0.258342
vn -0.639789 -0.445104 0.626540
vn -0.312984 -0.939240 0.140958
vn -0.096344 -0.994242 0.046907
vn 0.083622 -0.996490 -0.003946
vn 0.309416 -0.948623 -0.066156
vn 0.620485 -0.735495 -0.272114
vn 0.666453 -0.696629 -0.265608
vn 0.914938 0.108455 -0.388749
vn 0.933056 -0.144007 -0.329650
vn 0.431683 -0.010124 0.901969
vn 0.545397 0.817830 0.183566
vn 0.297173 0.949286 -0.102688
vn 0.193496 0.979992 -0.046634
vn 0.402004 0.057170 0.913851
vn -0.207942 0.973812 0.091930
vn -0.400869 0.887503 0.227252
vn -0.295209 0.937815 0.182630
vn -0.505538 0.829619 0.236990
vn -0.725430 0.508640 0.463721
vn -0.036682 -0.624790 0.779931
vn -0.033935 -0.998675 0.038683
vn 0.181722 -0.980439 -0.075607
vn 0.394487 -0.904019 -0.164709
vn 0.465052 -0.875046 -0.134243
vn 0.576781 -0.795092 -0.187488
vn 0.434945 -0.023837 0.900141
vn 0.434340 -0.033036 0.900143
vn 0.891840 -0.304181 -0.334805
vn -0.357119 -0.425494 -0.831517
vn -0.356446 -0.014271 -0.934207
vn -0.407737 0.027841 -0.912675
vn -0.397013 -0.006829 -0.917788
vn -0.368711 0.032657 -0.928970
vn -0.431709 -0.030617 -0.901493
vn -0.386266 0.017974 -0.922212
vn -0.431780 -0.022813 -0.901691
vn -0.382770 -0.033520 -0.923235
vn -0.356804 -0.001974 -0.934177
vn -0.351361 -0.020185 -0.936022
vn -0.430300 0.003590 -0.902679
vn -0.415437 0.014630 -0.909504
vn -0.394567 -0.000081 -0.918867
vn -0.393092 -0.022997 -0.919211
vn -0.384005 0.040258 -0.922453
vn -0.380855 -0.011486 -0.924563
vn -0.402342 -0.014423 -0.915376
vn -0.362996 0.018427 -0.931609
vn -0.406572 -0.035954 -0.912911
vn -0.391868 0.068552 -0.917464
vn -0.464089 -0.076011 -0.882521
vn -0.452735 -0.022166 -0.891370
vn -0.412749 0.008100 -0.910809
vn -0.389981 -0.008680 -0.920782
vn -0.418871 0.028555 -0.907597
vn -0.404341 0.054106 -0.913006
vn -0.376347 -0.042114 -0.925521
f 3916//3916 1//1 3992//3992
f 3990//3990 3991//3991 3992//3992
f 3905//3905 3991//3991 3900//3900
f 9//9 3992//3992 3991//3991
f 9//9 3991//3991 3905//3905
f 3906//3906 3988//3988 3989//3989
f 3989//3989 1//1 3916//3916
f 3988//3988 1//1 3989//3989
f 1//1 3990//3990 3992//3992
f 3906//3906 1//1 3988//3988
f 3987//3987 2//2 3915//3915
f 3915//3915 2//2 12//12
f 3982//3982 3981//3981 3872//3872
f 3982//3982 3980//3980 3981//3981
f 3914//3914 3980//3980 3982//3982
f 3979//3979 3872//3872 3981//3981
f 3979//3979 3981//3981 3914//3914
f 3975//3975 3976//3976 3908//3908
f 3976//3976 3975//3975 3977//3977
f 851//851 3975//3975 3908//3908
f 3970//3970 3971//3971 7//7
f 3883//3883 3966//3966 3892//3892
f 3965//3965 3966//3966 3883//3883
f 3976//3976 8//8 3974//3974
f 3976//3976 3974//3974 3908//3908
f 3902//3902 3974//3974 8//8
f 3974//3974 3902//3902 3908//3908
f 7//7 3973//3973 8//8
f 8//8 3973//3973 3902//3902
f 3907//3907 3972//3972 7//7
f 3902//3902 3973//3973 3907//3907
f 3973//3973 3972//3972 3907//3907
f 7//7 3972//3972 3973//3973
f 3890//3890 3969//3969 3899//3899
f 3899//3899 3969//3969 3968//3968
f 3968//3968 3969//3969 3970//3970
f 3966//3966 9//9 3892//3892
f 2//2 3874//3874 3906//3906
f 2//2 3906//3906 3989//3989
f 3987//3987 3//3 3986//3986
f 3986//3986 3//3 10//10
f 3889//3889 6//6 3978//3978
f 851//851 3977//3977 3975//3975
f 3917//3917 10//10 4//4
f 1156//1156 3970//3970 7//7
f 3919//3919 3970//3970 1156//1156
f 3968//3968 3970//3970 3919//3919
f 3978//3978 851//851 3889//3889
f 851//851 3978//3978 3977//3977
f 3977//3977 3978//3978 3913//3913
f 3913//3913 6//6 3914//3914
f 3914//3914 6//6 3979//3979
f 3889//3889 3979//3979 6//6
f 3979//3979 3889//3889 3872//3872
f 3914//3914 5//5 3917//3917
f 3917//3917 5//5 3985//3985
f 5//5 3984//3984 3985//3985
f 3872//3872 3984//3984 5//5
f 3986//3986 3984//3984 3872//3872
f 3984//3984 3986//3986 3985//3985
f 3985//3985 3986//3986 3917//3917
f 3917//3917 3986//3986 10//10
f 3987//3987 3915//3915 3//3
f 3//3 3915//3915 3918//3918
f 3916//3916 12//12 3989//3989
f 3915//3915 12//12 3916//3916
f 3906//3906 3990//3990 1//1
f 3991//3991 3990//3990 3900//3900
f 6//6 3913//3913 3978//3978
f 3914//3914 3983//3983 5//5
f 5//5 3982//3982 3872//3872
f 3982//3982 3983//3983 3914//3914
f 3//3 3918//3918 3917//3917
f 3//3 3917//3917 4//4
f 3987//3987 3874//3874 2//2
f 3989//3989 12//12 2//2
f 3890//3890 3907//3907 3971//3971
f 3971//3971 3907//3907 7//7
f 7//7 8//8 3976//3976
f 1156//1156 7//7 3976//3976
f 1156//1156 3976//3976 11//11
f 11//11 3976//3976 3977//3977
f 3970//3970 3969//3969 3971//3971
f 3971//3971 3969//3969 3890//3890
f 3906//3906 3900//3900 3990//3990
f 3968//3968 3967//3967 3883//3883
f 3968//3968 3883//3883 3899//3899
f 3883//3883 3967//3967 3965//3965
f 3919//3919 3965//3965 3968//3968
f 3968//3968 3965//3965 3967//3967
f 9//9 3966//3966 3965//3965
f 3992//3992 9//9 3965//3965
f 13//13 14//14 15//15
f 15//15 14//14 16//16
f 15//15 16//16 18//18
f 18//18 16//16 17//17
f 18//18 17//17 19//19
f 18//18 19//19 20//20
f 20//20 19//19 21//21
f 20//20 21//21 43//43
f 43//43 21//21 2978//2978
f 43//43 2978//2978 3228//3228
f 15//15 22//22 13//13
f 13//13 22//22 23//23
f 23//23 22//22 24//24
f 23//23 24//24 25//25
f 25//25 24//24 26//26
f 26//26 24//24 2866//2866
f 2866//2866 24//24 2489//2489
f 2490//2490 2489//2489 24//24
f 24//24 2491//2491 2490//2490
f 2491//2491 24//24 27//27
f 2491//2491 27//27 3067//3067
f 3067//3067 27//27 28//28
f 29//29 27//27 30//30
f 29//29 30//30 31//31
f 31//31 30//30 32//32
f 31//31 32//32 33//33
f 33//33 32//32 34//34
f 33//33 34//34 35//35
f 35//35 34//34 37//37
f 35//35 37//37 36//36
f 39//39 37//37 38//38
f 39//39 38//38 3325//3325
f 3325//3325 38//38 40//40
f 3325//3325 40//40 3326//3326
f 3326//3326 40//40 3380//3380
f 3380//3380 40//40 41//41
f 3380//3380 41//41 3381//3381
f 3381//3381 41//41 45//45
f 42//42 3381//3381 45//45
f 45//45 3382//3382 42//42
f 575//575 3382//3382 45//45
f 3382//3382 575//575 69//69
f 69//69 575//575 3323//3323
f 3323//3323 575//575 574//574
f 3323//3323 574//574 3324//3324
f 3324//3324 574//574 50//50
f 50//50 70//70 3324//3324
f 43//43 3228//3228 70//70
f 43//43 70//70 50//50
f 1209//1209 1214//1214 61//61
f 1214//1214 1208//1208 61//61
f 1213//1213 585//585 1208//1208
f 1208//1208 585//585 61//61
f 1207//1207 589//589 585//585
f 1207//1207 585//585 1213//1213
f 1206//1206 589//589 1207//1207
f 589//589 1206//1206 603//603
f 64//64 602//602 65//65
f 65//65 602//602 586//586
f 65//65 586//586 1206//1206
f 1206//1206 586//586 603//603
f 602//602 64//64 597//597
f 597//597 64//64 1212//1212
f 597//597 1212//1212 573//573
f 1211//1211 573//573 1212//1212
f 70//70 66//66 67//67
f 68//68 3310//3310 69//69
f 69//69 3323//3323 68//68
f 3286//3286 3310//3310 68//68
f 67//67 3324//3324 70//70
f 3323//3323 3324//3324 68//68
f 68//68 3324//3324 67//67
f 71//71 3212//3212 2789//2789
f 71//71 73//73 3212//3212
f 3212//3212 73//73 74//74
f 3212//3212 74//74 75//75
f 76//76 77//77 72//72
f 72//72 77//77 78//78
f 75//75 79//79 3212//3212
f 3212//3212 79//79 80//80
f 3212//3212 80//80 72//72
f 72//72 80//80 81//81
f 72//72 81//81 76//76
f 78//78 82//82 72//72
f 72//72 82//82 83//83
f 72//72 83//83 84//84
f 84//84 85//85 72//72
f 72//72 85//85 86//86
f 72//72 86//86 87//87
f 88//88 3212//3212 72//72
f 88//88 3211//3211 3212//3212
f 87//87 89//89 72//72
f 72//72 89//89 90//90
f 72//72 90//90 91//91
f 3211//3211 88//88 3269//3269
f 1163//1163 3729//3729 92//92
f 92//92 93//93 1159//1159
f 1159//1159 94//94 92//92
f 94//94 3678//3678 92//92
f 92//92 3678//3678 1163//1163
f 98//98 95//95 96//96
f 98//98 1162//1162 95//95
f 98//98 96//96 97//97
f 97//97 3537//3537 98//98
f 98//98 3537//3537 3598//3598
f 98//98 3598//3598 1162//1162
f 3946//3946 64//64 65//65
f 3946//3946 65//65 300//300
f 300//300 65//65 1206//1206
f 3963//3963 1212//1212 64//64
f 3963//3963 64//64 3946//3946
f 3962//3962 1212//1212 3963//3963
f 99//99 1214//1214 100//100
f 100//100 1214//1214 3934//3934
f 3934//3934 1214//1214 296//296
f 3950//3950 1207//1207 1213//1213
f 3950//3950 1213//1213 101//101
f 101//101 1213//1213 99//99
f 99//99 1213//1213 1208//1208
f 99//99 1208//1208 1214//1214
f 3950//3950 1206//1206 1207//1207
f 3956//3956 1211//1211 102//102
f 102//102 1211//1211 103//103
f 3937//3937 1210//1210 3956//3956
f 3956//3956 1210//1210 1211//1211
f 296//296 63//63 3937//3937
f 3937//3937 63//63 1210//1210
f 103//103 1211//1211 3962//3962
f 3962//3962 1211//1211 1212//1212
f 296//296 1214//1214 63//63
f 3418//3418 104//104 105//105
f 3415//3415 106//106 107//107
f 3394//3394 108//108 109//109
f 513//513 110//110 111//111
f 351//351 113//113 114//114
f 3747//3747 115//115 116//116
f 3746//3746 117//117 118//118
f 3839//3839 119//119 120//120
f 3830//3830 121//121 122//122
f 123//123 124//124 125//125
f 3799//3799 126//126 127//127
f 3798//3798 128//128 129//129
f 3413//3413 130//130 131//131
f 130//130 3841//3841 131//131
f 3843//3843 132//132 133//133
f 132//132 3843//3843 134//134
f 132//132 134//134 135//135
f 135//135 134//134 136//136
f 135//135 136//136 137//137
f 137//137 136//136 3842//3842
f 139//139 140//140 138//138
f 138//138 140//140 3844//3844
f 140//140 139//139 141//141
f 140//140 141//141 3806//3806
f 130//130 3413//3413 138//138
f 130//130 138//138 3844//3844
f 3806//3806 141//141 142//142
f 142//142 141//141 143//143
f 3406//3406 145//145 144//144
f 144//144 145//145 3807//3807
f 142//142 143//143 144//144
f 142//142 144//144 3807//3807
f 3794//3794 146//146 147//147
f 147//147 146//146 3405//3405
f 145//145 3406//3406 146//146
f 145//145 146//146 3794//3794
f 147//147 3405//3405 148//148
f 3402//3402 149//149 148//148
f 148//148 149//149 3803//3803
f 148//148 3803//3803 147//147
f 3404//3404 150//150 151//151
f 151//151 150//150 3795//3795
f 149//149 3402//3402 151//151
f 149//149 151//151 3795//3795
f 3408//3408 152//152 153//153
f 153//153 152//152 3804//3804
f 150//150 3404//3404 153//153
f 150//150 153//153 3804//3804
f 3808//3808 155//155 154//154
f 154//154 155//155 3410//3410
f 152//152 3408//3408 155//155
f 152//152 155//155 3808//3808
f 156//156 3407//3407 157//157
f 157//157 3407//3407 158//158
f 159//159 3811//3811 157//157
f 3410//3410 156//156 154//154
f 154//154 156//156 157//157
f 154//154 157//157 3811//3811
f 157//157 3853//3853 159//159
f 159//159 3853//3853 160//160
f 159//159 160//160 3812//3812
f 129//129 128//128 3858//3858
f 3812//3812 160//160 128//128
f 128//128 160//160 3858//3858
f 3863//3863 161//161 162//162
f 162//162 161//161 163//163
f 162//162 163//163 164//164
f 162//162 164//164 165//165
f 165//165 164//164 166//166
f 165//165 166//166 129//129
f 129//129 166//166 3798//3798
f 161//161 3863//3863 167//167
f 161//161 167//167 3809//3809
f 3796//3796 168//168 169//169
f 168//168 3796//3796 170//170
f 168//168 170//170 171//171
f 171//171 170//170 172//172
f 171//171 172//172 167//167
f 167//167 172//172 3809//3809
f 127//127 126//126 3859//3859
f 3810//3810 173//173 126//126
f 126//126 173//173 3859//3859
f 168//168 3849//3849 169//169
f 169//169 3849//3849 173//173
f 169//169 173//173 3810//3810
f 125//125 124//124 174//174
f 174//174 124//124 175//175
f 174//174 175//175 127//127
f 127//127 175//175 3799//3799
f 123//123 125//125 176//176
f 176//176 125//125 3854//3854
f 176//176 3854//3854 177//177
f 178//178 179//179 180//180
f 180//180 179//179 181//181
f 180//180 181//181 182//182
f 182//182 181//181 183//183
f 182//182 183//183 177//177
f 177//177 183//183 3802//3802
f 177//177 3802//3802 176//176
f 3797//3797 184//184 185//185
f 178//178 3805//3805 179//179
f 185//185 184//184 3868//3868
f 3805//3805 178//178 184//184
f 184//184 178//178 3868//3868
f 3800//3800 186//186 187//187
f 187//187 186//186 188//188
f 188//188 186//186 189//189
f 188//188 189//189 185//185
f 185//185 189//189 3797//3797
f 190//190 191//191 192//192
f 192//192 191//191 193//193
f 192//192 193//193 187//187
f 187//187 193//193 3800//3800
f 200//200 194//194 195//195
f 190//190 3801//3801 191//191
f 195//195 194//194 3855//3855
f 3801//3801 190//190 194//194
f 194//194 190//190 3855//3855
f 196//196 197//197 198//198
f 198//198 197//197 199//199
f 198//198 199//199 195//195
f 195//195 199//199 200//200
f 196//196 201//201 197//197
f 3850//3850 202//202 203//203
f 201//201 196//196 203//203
f 203//203 196//196 3850//3850
f 204//204 205//205 3815//3815
f 202//202 3814//3814 203//203
f 3814//3814 202//202 204//204
f 204//204 202//202 3866//3866
f 204//204 3866//3866 205//205
f 487//487 206//206 205//205
f 205//205 206//206 207//207
f 205//205 207//207 3815//3815
f 208//208 3816//3816 206//206
f 206//206 3816//3816 207//207
f 206//206 487//487 208//208
f 208//208 487//487 209//209
f 208//208 209//209 210//210
f 210//210 209//209 211//211
f 210//210 211//211 212//212
f 212//212 211//211 213//213
f 3467//3467 214//214 213//213
f 213//213 214//214 3793//3793
f 213//213 3793//3793 212//212
f 214//214 3467//3467 3459//3459
f 214//214 3459//3459 215//215
f 214//214 215//215 216//216
f 216//216 215//215 217//217
f 216//216 217//217 3817//3817
f 3817//3817 217//217 218//218
f 218//218 217//217 3468//3468
f 3468//3468 219//219 218//218
f 218//218 219//219 220//220
f 218//218 220//220 221//221
f 221//221 220//220 222//222
f 221//221 222//222 224//224
f 3457//3457 223//223 222//222
f 222//222 223//223 224//224
f 223//223 3457//3457 225//225
f 223//223 225//225 226//226
f 226//226 225//225 227//227
f 226//226 227//227 3819//3819
f 3456//3456 229//229 227//227
f 227//227 229//229 3819//3819
f 228//228 3820//3820 230//230
f 228//228 230//230 231//231
f 231//231 230//230 229//229
f 231//231 229//229 3456//3456
f 232//232 3460//3460 233//233
f 232//232 233//233 234//234
f 234//234 233//233 235//235
f 234//234 235//235 3821//3821
f 3460//3460 232//232 228//228
f 228//228 232//232 3820//3820
f 236//236 3455//3455 237//237
f 236//236 237//237 247//247
f 3455//3455 236//236 235//235
f 235//235 236//236 3821//3821
f 239//239 238//238 3822//3822
f 238//238 239//239 240//240
f 240//240 239//239 241//241
f 240//240 241//241 242//242
f 242//242 241//241 243//243
f 242//242 243//243 248//248
f 239//239 3822//3822 244//244
f 239//239 244//244 245//245
f 245//245 244//244 3822//3822
f 245//245 3822//3822 246//246
f 245//245 246//246 3458//3458
f 3458//3458 246//246 237//237
f 237//237 246//246 247//247
f 243//243 3824//3824 248//248
f 249//249 3824//3824 243//243
f 243//243 3954//3954 249//249
f 249//249 3954//3954 251//251
f 249//249 251//251 252//252
f 252//252 251//251 250//250
f 252//252 250//250 3825//3825
f 253//253 3827//3827 254//254
f 253//253 254//254 255//255
f 255//255 254//254 256//256
f 255//255 256//256 250//250
f 250//250 256//256 3825//3825
f 3828//3828 257//257 121//121
f 257//257 3828//3828 258//258
f 257//257 258//258 259//259
f 259//259 258//258 260//260
f 259//259 260//260 253//253
f 253//253 260//260 3827//3827
f 3928//3928 262//262 3831//3831
f 3928//3928 3829//3829 261//261
f 261//261 3829//3829 263//263
f 261//261 263//263 264//264
f 264//264 263//263 265//265
f 264//264 265//265 122//122
f 122//122 265//265 3830//3830
f 266//266 3832//3832 267//267
f 268//268 269//269 270//270
f 270//270 269//269 266//266
f 270//270 266//266 3955//3955
f 3955//3955 266//266 267//267
f 267//267 3832//3832 271//271
f 267//267 271//271 272//272
f 272//272 271//271 273//273
f 272//272 273//273 262//262
f 262//262 273//273 3831//3831
f 274//274 3834//3834 275//275
f 275//275 3834//3834 276//276
f 275//275 276//276 277//277
f 277//277 276//276 278//278
f 277//277 278//278 268//268
f 268//268 278//278 3833//3833
f 268//268 3833//3833 269//269
f 3837//3837 279//279 280//280
f 280//280 279//279 281//281
f 280//280 281//281 282//282
f 282//282 281//281 283//283
f 282//282 283//283 3836//3836
f 275//275 3935//3935 274//274
f 274//274 3935//3935 284//284
f 274//274 284//284 285//285
f 285//285 284//284 279//279
f 285//285 279//279 3837//3837
f 3838//3838 286//286 119//119
f 286//286 3838//3838 287//287
f 286//286 287//287 288//288
f 288//288 287//287 289//289
f 288//288 289//289 283//283
f 283//283 289//289 3836//3836
f 291//291 296//296 290//290
f 291//291 290//290 292//292
f 291//291 292//292 293//293
f 293//293 292//292 294//294
f 293//293 294//294 120//120
f 120//120 294//294 3839//3839
f 3937//3937 3840//3840 295//295
f 137//137 3842//3842 3936//3936
f 301//301 3764//3764 3929//3929
f 3477//3477 303//303 302//302
f 302//302 303//303 3741//3741
f 302//302 3741//3741 304//304
f 302//302 304//304 305//305
f 306//306 301//301 307//307
f 307//307 301//301 308//308
f 307//307 308//308 305//305
f 305//305 308//308 309//309
f 305//305 309//309 302//302
f 301//301 306//306 3764//3764
f 1191//1191 310//310 311//311
f 311//311 310//310 3479//3479
f 303//303 3477//3477 310//310
f 303//303 310//310 1191//1191
f 3485//3485 313//313 312//312
f 312//312 313//313 3742//3742
f 311//311 3479//3479 312//312
f 311//311 312//312 3742//3742
f 3755//3755 314//314 315//315
f 315//315 314//314 3475//3475
f 313//313 3485//3485 314//314
f 313//313 314//314 3755//3755
f 3743//3743 316//316 317//317
f 317//317 316//316 3482//3482
f 315//315 3475//3475 316//316
f 315//315 316//316 3743//3743
f 317//317 3482//3482 319//319
f 317//317 319//319 3744//3744
f 3480//3480 318//318 319//319
f 319//319 318//318 3744//3744
f 3488//3488 320//320 321//321
f 321//321 320//320 3745//3745
f 318//318 3480//3480 321//321
f 318//318 321//321 3745//3745
f 3484//3484 322//322 323//323
f 323//323 322//322 3768//3768
f 320//320 3488//3488 323//323
f 320//320 323//323 3768//3768
f 3476//3476 324//324 325//325
f 3476//3476 325//325 326//326
f 326//326 325//325 3757//3757
f 322//322 3484//3484 326//326
f 322//322 326//326 3757//3757
f 327//327 328//328 329//329
f 329//329 328//328 330//330
f 329//329 330//330 331//331
f 331//331 330//330 324//324
f 331//331 324//324 1166//1166
f 118//118 117//117 3870//3870
f 332//332 327//327 117//117
f 117//117 327//327 3870//3870
f 324//324 328//328 325//325
f 325//325 328//328 327//327
f 325//325 327//327 332//332
f 333//333 334//334 335//335
f 335//335 334//334 336//336
f 335//335 336//336 118//118
f 118//118 336//336 3746//3746
f 337//337 3763//3763 333//333
f 333//333 3763//3763 334//334
f 116//116 115//115 3847//3847
f 3759//3759 338//338 115//115
f 115//115 338//338 3847//3847
f 333//333 339//339 337//337
f 337//337 339//339 338//338
f 337//337 338//338 3759//3759
f 114//114 113//113 3846//3846
f 3758//3758 340//340 113//113
f 113//113 340//340 3846//3846
f 340//340 3758//3758 341//341
f 340//340 341//341 342//342
f 342//342 341//341 343//343
f 342//342 343//343 116//116
f 116//116 343//343 3747//3747
f 3767//3767 344//344 345//345
f 345//345 344//344 346//346
f 345//345 346//346 347//347
f 344//344 3767//3767 348//348
f 344//344 348//348 349//349
f 349//349 348//348 350//350
f 349//349 350//350 114//114
f 114//114 350//350 351//351
f 346//346 3845//3845 347//347
f 347//347 3845//3845 352//352
f 347//347 352//352 353//353
f 353//353 352//352 354//354
f 353//353 354//354 3749//3749
f 355//355 3766//3766 356//356
f 355//355 356//356 357//357
f 357//357 356//356 358//358
f 357//357 358//358 354//354
f 354//354 358//358 3749//3749
f 3861//3861 359//359 355//355
f 355//355 359//359 3766//3766
f 359//359 3861//3861 360//360
f 359//359 360//360 3761//3761
f 3756//3756 361//361 362//362
f 3761//3761 360//360 363//363
f 363//363 360//360 364//364
f 363//363 364//364 365//365
f 365//365 364//364 366//366
f 365//365 366//366 3754//3754
f 362//362 361//361 3862//3862
f 3754//3754 366//366 361//361
f 361//361 366//366 3862//3862
f 3760//3760 367//367 368//368
f 368//368 367//367 369//369
f 369//369 367//367 370//370
f 369//369 370//370 362//362
f 362//362 370//370 3756//3756
f 371//371 3765//3765 372//372
f 371//371 372//372 373//373
f 373//373 372//372 374//374
f 373//373 374//374 368//368
f 368//368 374//374 3760//3760
f 3857//3857 375//375 376//376
f 376//376 375//375 3785//3785
f 3765//3765 371//371 376//376
f 376//376 371//371 3857//3857
f 109//109 108//108 377//377
f 377//377 108//108 378//378
f 377//377 378//378 375//375
f 375//375 378//378 379//379
f 381//381 3785//3785 375//375
f 375//375 379//379 380//380
f 375//375 380//380 381//381
f 381//381 380//380 3784//3784
f 3784//3784 380//380 382//382
f 382//382 380//380 3388//3388
f 383//383 384//384 3792//3792
f 382//382 3388//3388 385//385
f 382//382 385//385 386//386
f 386//386 385//385 383//383
f 386//386 383//383 3792//3792
f 383//383 3387//3387 384//384
f 387//387 388//388 3779//3779
f 384//384 3387//3387 389//389
f 384//384 389//389 390//390
f 390//390 389//389 387//387
f 390//390 387//387 3779//3779
f 387//387 3390//3390 388//388
f 3390//3390 391//391 388//388
f 388//388 391//391 392//392
f 388//388 392//392 393//393
f 393//393 392//392 394//394
f 393//393 394//394 3783//3783
f 3386//3386 395//395 394//394
f 394//394 395//395 3783//3783
f 395//395 3386//3386 396//396
f 395//395 396//396 397//397
f 397//397 396//396 398//398
f 397//397 398//398 1188//1188
f 3395//3395 399//399 398//398
f 398//398 399//399 1188//1188
f 399//399 3395//3395 400//400
f 399//399 400//400 401//401
f 401//401 400//400 402//402
f 401//401 402//402 3786//3786
f 3385//3385 404//404 402//402
f 402//402 404//404 3786//3786
f 403//403 3774//3774 405//405
f 403//403 405//405 406//406
f 406//406 405//405 404//404
f 406//406 404//404 3385//3385
f 3774//3774 403//403 408//408
f 408//408 403//403 3389//3389
f 407//407 3782//3782 409//409
f 407//407 409//409 410//410
f 410//410 409//409 408//408
f 410//410 408//408 3389//3389
f 3781//3781 412//412 411//411
f 411//411 412//412 413//413
f 411//411 413//413 414//414
f 413//413 412//412 414//414
f 414//414 412//412 3771//3771
f 414//414 3771//3771 415//415
f 414//414 415//415 3397//3397
f 3397//3397 415//415 407//407
f 407//407 415//415 3782//3782
f 416//416 3961//3961 3789//3789
f 416//416 3789//3789 417//417
f 416//416 417//417 418//418
f 418//418 417//417 419//419
f 418//418 419//419 411//411
f 411//411 419//419 3791//3791
f 411//411 3791//3791 3781//3781
f 3961//3961 420//420 3778//3778
f 3777//3777 421//421 422//422
f 421//421 3942//3942 422//422
f 422//422 3942//3942 423//423
f 422//422 423//423 424//424
f 424//424 423//423 425//425
f 424//424 425//425 3772//3772
f 421//421 3777//3777 426//426
f 421//421 426//426 427//427
f 427//427 426//426 428//428
f 427//427 428//428 420//420
f 420//420 428//428 3778//3778
f 3788//3788 429//429 430//430
f 429//429 3788//3788 431//431
f 429//429 431//431 432//432
f 432//432 431//431 433//433
f 432//432 433//433 425//425
f 425//425 433//433 3772//3772
f 435//435 434//434 436//436
f 435//435 436//436 437//437
f 437//437 436//436 438//438
f 437//437 438//438 444//444
f 435//435 1169//1169 434//434
f 443//443 3964//3964 439//439
f 439//439 3964//3964 440//440
f 439//439 440//440 441//441
f 441//441 440//440 442//442
f 441//441 442//442 3780//3780
f 443//443 444//444 438//438
f 445//445 3775//3775 446//446
f 446//446 3775//3775 447//447
f 446//446 447//447 448//448
f 448//448 447//447 449//449
f 448//448 449//449 442//442
f 442//442 449//449 3780//3780
f 3773//3773 450//450 451//451
f 451//451 450//450 452//452
f 451//451 452//452 453//453
f 453//453 452//452 454//454
f 453//453 454//454 3776//3776
f 446//446 3945//3945 445//445
f 445//445 3945//3945 455//455
f 445//445 455//455 456//456
f 456//456 455//455 450//450
f 456//456 450//450 3773//3773
f 298//298 457//457 3944//3944
f 3944//3944 457//457 458//458
f 458//458 457//457 459//459
f 458//458 459//459 454//454
f 454//454 459//459 3776//3776
f 3494//3494 460//460 461//461
f 461//461 460//460 462//462
f 461//461 462//462 3496//3496
f 3497//3497 463//463 464//464
f 3496//3496 462//462 465//465
f 465//465 462//462 466//466
f 465//465 466//466 3495//3495
f 464//464 463//463 3932//3932
f 3495//3495 466//466 463//463
f 463//463 466//466 3932//3932
f 3464//3464 467//467 468//468
f 468//468 467//467 469//469
f 469//469 467//467 470//470
f 469//469 470//470 464//464
f 464//464 470//470 3497//3497
f 3464//3464 468//468 471//471
f 3951//3951 472//472 473//473
f 473//473 472//472 3463//3463
f 468//468 3933//3933 471//471
f 471//471 3933//3933 473//473
f 471//471 473//473 3463//3463
f 472//472 3951//3951 474//474
f 472//472 474//474 3471//3471
f 475//475 3465//3465 476//476
f 475//475 476//476 3953//3953
f 3471//3471 474//474 477//477
f 477//477 474//474 478//478
f 477//477 478//478 479//479
f 479//479 478//478 480//480
f 479//479 480//480 476//476
f 476//476 480//480 3953//3953
f 481//481 3461//3461 482//482
f 481//481 482//482 483//483
f 483//483 482//482 484//484
f 483//483 484//484 475//475
f 475//475 484//484 3465//3465
f 3952//3952 485//485 481//481
f 481//481 485//485 3461//3461
f 245//245 3470//3470 239//239
f 239//239 3470//3470 485//485
f 239//239 485//485 3952//3952
f 487//487 3856//3856 486//486
f 486//486 3856//3856 489//489
f 486//486 489//489 490//490
f 490//490 489//489 488//488
f 490//490 488//488 3469//3469
f 3466//3466 491//491 3851//3851
f 491//491 3466//3466 492//492
f 491//491 492//492 493//493
f 493//493 492//492 494//494
f 493//493 494//494 488//488
f 488//488 494//494 3469//3469
f 3865//3865 3483//3483 3851//3851
f 3865//3865 3478//3478 3483//3483
f 3865//3865 3486//3486 3478//3478
f 3864//3864 3486//3486 3865//3865
f 3864//3864 3481//3481 3486//3486
f 3472//3472 3481//3481 495//495
f 3481//3481 3864//3864 495//495
f 331//331 1166//1166 496//496
f 3472//3472 495//495 497//497
f 497//497 495//495 498//498
f 497//497 498//498 496//496
f 496//496 498//498 3848//3848
f 496//496 3848//3848 331//331
f 3947//3947 499//499 500//500
f 3473//3473 309//309 500//500
f 500//500 309//309 3947//3947
f 309//309 3473//3473 302//302
f 3489//3489 501//501 502//502
f 501//501 3489//3489 503//503
f 501//501 503//503 504//504
f 504//504 503//503 505//505
f 504//504 505//505 499//499
f 499//499 505//505 3474//3474
f 499//499 3474//3474 500//500
f 111//111 110//110 3948//3948
f 3490//3490 506//506 110//110
f 110//110 506//506 3948//3948
f 501//501 3930//3930 502//502
f 502//502 3930//3930 506//506
f 502//502 506//506 3490//3490
f 3949//3949 508//508 509//509
f 3491//3491 507//507 509//509
f 509//509 507//507 3949//3949
f 507//507 3491//3491 510//510
f 507//507 510//510 511//511
f 511//511 510//510 512//512
f 511//511 512//512 111//111
f 111//111 512//512 513//513
f 514//514 515//515 516//516
f 516//516 515//515 517//517
f 516//516 517//517 508//508
f 508//508 517//517 3492//3492
f 508//508 3492//3492 509//509
f 3931//3931 518//518 514//514
f 514//514 518//518 3493//3493
f 460//460 3494//3494 518//518
f 460//460 518//518 3931//3931
f 514//514 3493//3493 515//515
f 3383//3383 520//520 521//521
f 3420//3420 519//519 522//522
f 522//522 519//519 523//523
f 522//522 523//523 524//524
f 524//524 523//523 525//525
f 524//524 525//525 3421//3421
f 521//521 520//520 3940//3940
f 3421//3421 525//525 520//520
f 520//520 525//525 3940//3940
f 526//526 527//527 528//528
f 528//528 527//527 529//529
f 528//528 529//529 521//521
f 521//521 529//529 3383//3383
f 3396//3396 530//530 531//531
f 526//526 532//532 527//527
f 531//531 530//530 3958//3958
f 532//532 526//526 530//530
f 530//530 526//526 3958//3958
f 533//533 534//534 535//535
f 535//535 534//534 536//536
f 535//535 536//536 531//531
f 531//531 536//536 3396//3396
f 3393//3393 537//537 538//538
f 533//533 3392//3392 534//534
f 538//538 537//537 3941//3941
f 3392//3392 533//533 537//537
f 537//537 533//533 3941//3941
f 539//539 3398//3398 540//540
f 540//540 3398//3398 541//541
f 540//540 541//541 542//542
f 542//542 541//541 543//543
f 542//542 543//543 538//538
f 538//538 543//543 3393//3393
f 414//414 3391//3391 411//411
f 411//411 3391//3391 544//544
f 411//411 544//544 3960//3960
f 540//540 3959//3959 539//539
f 539//539 3959//3959 545//545
f 539//539 545//545 544//544
f 544//544 545//545 3960//3960
f 109//109 546//546 3394//3394
f 3412//3412 547//547 546//546
f 3869//3869 3412//3412 546//546
f 3869//3869 3400//3400 3412//3412
f 3400//3400 3869//3869 548//548
f 3400//3400 548//548 3409//3409
f 549//549 3403//3403 3409//3409
f 549//549 3409//3409 548//548
f 550//550 158//158 3401//3401
f 550//550 3401//3401 551//551
f 3403//3403 549//549 552//552
f 552//552 549//549 553//553
f 552//552 553//553 551//551
f 551//551 553//553 3852//3852
f 551//551 3852//3852 550//550
f 107//107 106//106 3956//3956
f 3414//3414 132//132 106//106
f 106//106 132//132 3956//3956
f 3841//3841 133//133 131//131
f 131//131 133//133 132//132
f 131//131 132//132 3414//3414
f 3416//3416 554//554 555//555
f 555//555 554//554 3938//3938
f 555//555 3938//3938 556//556
f 555//555 556//556 3417//3417
f 554//554 3416//3416 557//557
f 554//554 557//557 558//558
f 558//558 557//557 559//559
f 558//558 559//559 107//107
f 107//107 559//559 3415//3415
f 105//105 104//104 102//102
f 560//560 561//561 104//104
f 104//104 561//561 102//102
f 561//561 560//560 562//562
f 561//561 562//562 563//563
f 563//563 562//562 564//564
f 563//563 564//564 556//556
f 556//556 564//564 3417//3417
f 565//565 3419//3419 566//566
f 565//565 566//566 567//567
f 567//567 566//566 568//568
f 567//567 568//568 105//105
f 105//105 568//568 3418//3418
f 569//569 3419//3419 565//565
f 570//570 571//571 572//572
f 572//572 571//571 3957//3957
f 519//519 3420//3420 572//572
f 519//519 572//572 3957//3957
f 565//565 3939//3939 569//569
f 569//569 3939//3939 571//571
f 569//569 571//571 570//570
f 593//593 47//47 56//56
f 591//591 578//578 55//55
f 53//53 600//600 54//54
f 52//52 599//599 53//53
f 51//51 588//588 52//52
f 41//41 46//46 45//45
f 577//577 48//48 47//47
f 592//592 48//48 27//27
f 24//24 49//49 592//592
f 576//576 50//50 49//49
f 47//47 593//593 55//55
f 48//48 594//594 56//56
f 594//594 592//592 590//590
f 580//580 581//581 590//590
f 580//580 57//57 581//581
f 583//583 595//595 61//61
f 582//582 62//62 595//595
f 581//581 573//573 601//601
f 596//596 597//597 573//573
f 584//584 1210//1210 63//63
f 584//584 1211//1211 1210//1210
f 575//575 44//44 574//574
f 576//576 49//49 24//24
f 24//24 592//592 27//27
f 577//577 27//27 48//48
f 577//577 47//47 38//38
f 38//38 47//47 40//40
f 41//41 40//40 46//46
f 45//45 44//44 575//575
f 48//48 56//56 47//47
f 587//587 47//47 55//55
f 587//587 55//55 578//578
f 600//600 578//578 591//591
f 600//600 591//591 54//54
f 600//600 53//53 599//599
f 599//599 52//52 588//588
f 55//55 60//60 59//59
f 55//55 59//59 591//591
f 54//54 591//591 59//59
f 54//54 59//59 579//579
f 579//579 58//58 598//598
f 598//598 58//58 57//57
f 580//580 590//590 49//49
f 49//49 590//590 592//592
f 592//592 594//594 48//48
f 596//596 573//573 581//581
f 601//601 62//62 582//582
f 582//582 595//595 583//583
f 583//583 61//61 60//60
f 1209//1209 584//584 63//63
f 595//595 1209//1209 61//61
f 38//38 37//37 577//577
f 37//37 34//34 577//577
f 577//577 34//34 32//32
f 32//32 30//30 577//577
f 577//577 30//30 27//27
f 22//22 576//576 24//24
f 22//22 15//15 576//576
f 15//15 18//18 576//576
f 18//18 20//20 576//576
f 20//20 43//43 576//576
f 576//576 43//43 50//50
f 50//50 574//574 51//51
f 51//51 574//574 44//44
f 51//51 44//44 588//588
f 588//588 44//44 599//599
f 599//599 44//44 45//45
f 599//599 45//45 600//600
f 45//45 46//46 600//600
f 600//600 46//46 578//578
f 578//578 46//46 40//40
f 578//578 40//40 587//587
f 40//40 47//47 587//587
f 49//49 50//50 580//580
f 50//50 51//51 580//580
f 580//580 51//51 57//57
f 57//57 51//51 598//598
f 51//51 52//52 598//598
f 52//52 53//53 598//598
f 598//598 53//53 579//579
f 579//579 53//53 54//54
f 55//55 593//593 60//60
f 60//60 593//593 583//583
f 593//593 56//56 583//583
f 56//56 594//594 583//583
f 583//583 594//594 582//582
f 594//594 590//590 582//582
f 582//582 590//590 601//601
f 590//590 581//581 601//601
f 596//596 581//581 57//57
f 596//596 57//57 597//597
f 597//597 57//57 58//58
f 597//597 58//58 602//602
f 602//602 58//58 579//579
f 602//602 579//579 586//586
f 586//586 579//579 603//603
f 603//603 579//579 59//59
f 603//603 59//59 589//589
f 59//59 60//60 589//589
f 589//589 60//60 585//585
f 60//60 61//61 585//585
f 595//595 62//62 1209//1209
f 1209//1209 62//62 584//584
f 62//62 601//601 584//584
f 601//601 573//573 584//584
f 584//584 573//573 1211//1211
f 604//604 3380//3380 3336//3336
f 3336//3336 605//605 604//604
f 604//604 605//605 606//606
f 604//604 606//606 607//607
f 607//607 608//608 604//604
f 604//604 608//608 609//609
f 604//604 609//609 610//610
f 604//604 3326//3326 3380//3380
f 611//611 3325//3325 604//604
f 604//604 3325//3325 3326//3326
f 39//39 3325//3325 611//611
f 615//615 3215//3215 612//612
f 614//614 613//613 615//615
f 616//616 617//617 614//614
f 614//614 617//617 618//618
f 614//614 618//618 613//613
f 619//619 620//620 614//614
f 614//614 620//620 621//621
f 614//614 621//621 616//616
f 614//614 615//615 612//612
f 622//622 623//623 614//614
f 614//614 623//623 624//624
f 614//614 624//624 619//619
f 614//614 2087//2087 622//622
f 1749//1749 625//625 2096//2096
f 626//626 627//627 628//628
f 628//628 627//627 629//629
f 628//628 629//629 630//630
f 631//631 632//632 629//629
f 629//629 632//632 633//633
f 629//629 633//633 630//630
f 626//626 634//634 627//627
f 627//627 634//634 635//635
f 627//627 635//635 636//636
f 637//637 638//638 629//629
f 629//629 638//638 639//639
f 629//629 639//639 631//631
f 636//636 640//640 627//627
f 627//627 640//640 641//641
f 627//627 641//641 642//642
f 643//643 644//644 629//629
f 629//629 644//644 645//645
f 629//629 645//645 637//637
f 642//642 646//646 627//627
f 627//627 646//646 647//647
f 627//627 647//647 648//648
f 629//629 649//649 643//643
f 648//648 650//650 627//627
f 627//627 650//650 651//651
f 627//627 651//651 652//652
f 2043//2043 2007//2007 629//629
f 629//629 2007//2007 649//649
f 652//652 653//653 627//627
f 627//627 653//653 654//654
f 627//627 654//654 655//655
f 629//629 1973//1973 2043//2043
f 655//655 656//656 627//627
f 627//627 656//656 657//657
f 627//627 657//657 658//658
f 629//629 2044//2044 1973//1973
f 658//658 659//659 627//627
f 629//629 1898//1898 2044//2044
f 660//660 1570//1570 1974//1974
f 627//627 659//659 2096//2096
f 1898//1898 629//629 660//660
f 659//659 1861//1861 2096//2096
f 660//660 1974//1974 1898//1898
f 2096//2096 1861//1861 1749//1749
f 661//661 1204//1204 662//662
f 662//662 1204//1204 1203//1203
f 661//661 2510//2510 1204//1204
f 661//661 2512//2512 2510//2510
f 662//662 1203//1203 2511//2511
f 662//662 2511//2511 3065//3065
f 3065//3065 664//664 663//663
f 663//663 664//664 665//665
f 667//667 668//668 666//666
f 666//666 668//668 669//669
f 666//666 669//669 2509//2509
f 665//665 670//670 663//663
f 663//663 670//670 671//671
f 663//663 671//671 672//672
f 666//666 673//673 674//674
f 666//666 674//674 667//667
f 672//672 675//675 663//663
f 663//663 675//675 676//676
f 663//663 676//676 3049//3049
f 666//666 2509//2509 2512//2512
f 666//666 2512//2512 661//661
f 662//662 3065//3065 663//663
f 666//666 2941//2941 2986//2986
f 666//666 2986//2986 673//673
f 677//677 3616//3616 678//678
f 679//679 680//680 681//681
f 677//677 3625//3625 3616//3616
f 679//679 3635//3635 680//680
f 677//677 678//678 682//682
f 682//682 678//678 683//683
f 682//682 683//683 684//684
f 684//684 683//683 685//685
f 684//684 685//685 679//679
f 679//679 685//685 686//686
f 679//679 686//686 3637//3637
f 3637//3637 3635//3635 679//679
f 679//679 681//681 677//677
f 677//677 681//681 687//687
f 677//677 687//687 3625//3625
f 688//688 3712//3712 689//689
f 691//691 692//692 690//690
f 690//690 692//692 693//693
f 693//693 692//692 694//694
f 693//693 694//694 695//695
f 695//695 694//694 696//696
f 695//695 696//696 688//688
f 688//688 696//696 697//697
f 688//688 697//697 3708//3708
f 690//690 3740//3740 691//691
f 688//688 689//689 690//690
f 690//690 689//689 698//698
f 690//690 698//698 3740//3740
f 688//688 3708//3708 3712//3712
f 3515//3515 699//699 700//700
f 2824//2824 701//701 702//702
f 703//703 2596//2596 704//704
f 703//703 704//704 725//725
f 2825//2825 705//705 704//704
f 704//704 705//705 3879//3879
f 704//704 3879//3879 706//706
f 704//704 706//706 725//725
f 707//707 708//708 709//709
f 709//709 708//708 710//710
f 709//709 710//710 711//711
f 711//711 710//710 712//712
f 711//711 712//712 713//713
f 713//713 712//712 714//714
f 713//713 714//714 715//715
f 715//715 714//714 716//716
f 715//715 716//716 717//717
f 717//717 716//716 718//718
f 717//717 718//718 719//719
f 719//719 718//718 720//720
f 719//719 720//720 721//721
f 721//721 720//720 722//722
f 721//721 722//722 723//723
f 723//723 722//722 724//724
f 723//723 724//724 706//706
f 706//706 724//724 725//725
f 709//709 3884//3884 707//707
f 707//707 3884//3884 726//726
f 707//707 726//726 727//727
f 727//727 726//726 728//728
f 728//728 726//726 729//729
f 728//728 729//729 730//730
f 730//730 729//729 731//731
f 730//730 731//731 732//732
f 732//732 731//731 733//733
f 732//732 733//733 734//734
f 734//734 733//733 735//735
f 734//734 735//735 736//736
f 736//736 735//735 737//737
f 736//736 737//737 738//738
f 738//738 737//737 739//739
f 738//738 739//739 740//740
f 741//741 3503//3503 742//742
f 739//739 741//741 740//740
f 740//740 741//741 742//742
f 740//740 742//742 743//743
f 743//743 742//742 744//744
f 743//743 744//744 745//745
f 745//745 744//744 3503//3503
f 745//745 3503//3503 3502//3502
f 745//745 3502//3502 746//746
f 745//745 746//746 747//747
f 747//747 746//746 748//748
f 748//748 746//746 3509//3509
f 3507//3507 749//749 750//750
f 750//750 749//749 751//751
f 748//748 3509//3509 750//750
f 748//748 750//750 751//751
f 749//749 3507//3507 752//752
f 3508//3508 753//753 754//754
f 754//754 753//753 755//755
f 753//753 3508//3508 756//756
f 753//753 756//756 757//757
f 757//757 756//756 758//758
f 757//757 758//758 2210//2210
f 755//755 759//759 754//754
f 754//754 759//759 760//760
f 754//754 760//760 752//752
f 752//752 760//760 761//761
f 752//752 761//761 749//749
f 3505//3505 762//762 758//758
f 758//758 762//762 2210//2210
f 763//763 1712//1712 764//764
f 763//763 764//764 765//765
f 765//765 764//764 766//766
f 762//762 3505//3505 767//767
f 762//762 767//767 768//768
f 768//768 767//767 769//769
f 768//768 769//769 770//770
f 770//770 769//769 771//771
f 770//770 771//771 766//766
f 766//766 771//771 3500//3500
f 766//766 3500//3500 765//765
f 3510//3510 772//772 763//763
f 763//763 772//772 1712//1712
f 772//772 3510//3510 773//773
f 772//772 773//773 774//774
f 774//774 773//773 775//775
f 774//774 775//775 776//776
f 776//776 775//775 3499//3499
f 776//776 3499//3499 777//777
f 776//776 777//777 778//778
f 778//778 777//777 779//779
f 778//778 779//779 780//780
f 780//780 779//779 3506//3506
f 780//780 3506//3506 3498//3498
f 780//780 3498//3498 781//781
f 1974//1974 781//781 3498//3498
f 1974//1974 3498//3498 782//782
f 782//782 783//783 784//784
f 784//784 783//783 785//785
f 784//784 785//785 786//786
f 785//785 787//787 786//786
f 786//786 787//787 788//788
f 788//788 787//787 789//789
f 788//788 789//789 790//790
f 790//790 789//789 3535//3535
f 790//790 3535//3535 791//791
f 790//790 791//791 792//792
f 792//792 791//791 793//793
f 792//792 793//793 794//794
f 794//794 793//793 3533//3533
f 794//794 3533//3533 795//795
f 794//794 795//795 796//796
f 796//796 795//795 797//797
f 796//796 797//797 798//798
f 798//798 797//797 3534//3534
f 798//798 3534//3534 799//799
f 798//798 799//799 800//800
f 800//800 799//799 801//801
f 800//800 801//801 802//802
f 802//802 801//801 3532//3532
f 802//802 3532//3532 803//803
f 802//802 803//803 804//804
f 804//804 803//803 805//805
f 804//804 805//805 806//806
f 806//806 805//805 3518//3518
f 806//806 3518//3518 807//807
f 806//806 807//807 808//808
f 808//808 807//807 809//809
f 808//808 809//809 810//810
f 809//809 3527//3527 810//810
f 810//810 3527//3527 811//811
f 810//810 811//811 812//812
f 812//812 811//811 813//813
f 812//812 813//813 814//814
f 813//813 3526//3526 814//814
f 814//814 3526//3526 815//815
f 814//814 815//815 816//816
f 816//816 815//815 817//817
f 816//816 817//817 818//818
f 818//818 817//817 3525//3525
f 818//818 3525//3525 819//819
f 818//818 819//819 820//820
f 820//820 819//819 821//821
f 820//820 821//821 822//822
f 822//822 821//821 3524//3524
f 822//822 3524//3524 823//823
f 822//822 823//823 824//824
f 824//824 823//823 825//825
f 824//824 825//825 826//826
f 826//826 825//825 3517//3517
f 3517//3517 3520//3520 826//826
f 826//826 3520//3520 827//827
f 826//826 827//827 828//828
f 828//828 827//827 829//829
f 828//828 829//829 830//830
f 830//830 829//829 3529//3529
f 830//830 3529//3529 831//831
f 830//830 831//831 832//832
f 832//832 831//831 833//833
f 832//832 833//833 834//834
f 834//834 833//833 835//835
f 834//834 835//835 836//836
f 834//834 836//836 837//837
f 837//837 836//836 838//838
f 837//837 838//838 839//839
f 838//838 3523//3523 839//839
f 841//841 3519//3519 840//840
f 839//839 3523//3523 842//842
f 839//839 842//842 843//843
f 843//843 842//842 841//841
f 843//843 841//841 844//844
f 844//844 841//841 840//840
f 840//840 3519//3519 846//846
f 840//840 846//846 847//847
f 847//847 846//846 848//848
f 847//847 848//848 845//845
f 845//845 848//848 850//850
f 849//849 850//850 851//851
f 851//851 850//850 3516//3516
f 845//845 850//850 849//849
f 845//845 849//849 852//852
f 852//852 849//849 853//853
f 852//852 853//853 854//854
f 853//853 3904//3904 854//854
f 854//854 3904//3904 855//855
f 854//854 855//855 856//856
f 856//856 855//855 857//857
f 856//856 857//857 858//858
f 858//858 857//857 859//859
f 858//858 859//859 860//860
f 860//860 859//859 861//861
f 860//860 861//861 862//862
f 861//861 3912//3912 862//862
f 862//862 3912//3912 863//863
f 862//862 863//863 864//864
f 864//864 863//863 865//865
f 864//864 865//865 866//866
f 866//866 865//865 867//867
f 866//866 867//867 868//868
f 868//868 867//867 869//869
f 868//868 869//869 870//870
f 869//869 3911//3911 870//870
f 870//870 3911//3911 871//871
f 870//870 871//871 872//872
f 872//872 871//871 873//873
f 872//872 873//873 874//874
f 874//874 873//873 875//875
f 874//874 875//875 876//876
f 876//876 875//875 877//877
f 876//876 877//877 878//878
f 878//878 877//877 879//879
f 878//878 879//879 880//880
f 880//880 879//879 881//881
f 880//880 881//881 882//882
f 881//881 883//883 882//882
f 882//882 883//883 884//884
f 882//882 884//884 885//885
f 885//885 884//884 886//886
f 885//885 886//886 887//887
f 887//887 886//886 888//888
f 887//887 888//888 889//889
f 888//888 3909//3909 889//889
f 889//889 3909//3909 890//890
f 889//889 890//890 891//891
f 891//891 890//890 892//892
f 891//891 892//892 893//893
f 893//893 892//892 894//894
f 893//893 894//894 895//895
f 895//895 894//894 896//896
f 895//895 896//896 897//897
f 897//897 896//896 898//898
f 897//897 898//898 899//899
f 899//899 898//898 900//900
f 899//899 900//900 901//901
f 901//901 900//900 902//902
f 901//901 902//902 903//903
f 903//903 902//902 904//904
f 903//903 904//904 905//905
f 905//905 904//904 906//906
f 905//905 906//906 907//907
f 907//907 906//906 908//908
f 907//907 908//908 909//909
f 909//909 908//908 910//910
f 909//909 910//910 911//911
f 911//911 910//910 912//912
f 911//911 912//912 913//913
f 912//912 3897//3897 913//913
f 913//913 3897//3897 914//914
f 913//913 914//914 915//915
f 915//915 914//914 916//916
f 915//915 916//916 917//917
f 916//916 3902//3902 917//917
f 917//917 3902//3902 918//918
f 917//917 918//918 919//919
f 919//919 918//918 920//920
f 919//919 920//920 921//921
f 921//921 920//920 922//922
f 922//922 920//920 923//923
f 922//922 923//923 924//924
f 923//923 3878//3878 924//924
f 924//924 3878//3878 925//925
f 924//924 925//925 926//926
f 926//926 925//925 927//927
f 926//926 927//927 928//928
f 928//928 927//927 929//929
f 928//928 929//929 930//930
f 930//930 929//929 931//931
f 930//930 931//931 932//932
f 931//931 3886//3886 932//932
f 932//932 3886//3886 933//933
f 932//932 933//933 934//934
f 934//934 933//933 935//935
f 934//934 935//935 936//936
f 936//936 935//935 937//937
f 936//936 937//937 938//938
f 938//938 937//937 939//939
f 938//938 939//939 940//940
f 940//940 939//939 941//941
f 940//940 941//941 942//942
f 942//942 941//941 943//943
f 942//942 943//943 944//944
f 943//943 3882//3882 944//944
f 944//944 3882//3882 945//945
f 944//944 945//945 946//946
f 946//946 945//945 947//947
f 946//946 947//947 948//948
f 948//948 947//947 949//949
f 948//948 949//949 950//950
f 951//951 952//952 953//953
f 953//953 952//952 954//954
f 953//953 954//954 955//955
f 955//955 954//954 956//956
f 955//955 956//956 957//957
f 957//957 956//956 958//958
f 957//957 958//958 959//959
f 959//959 958//958 960//960
f 959//959 960//960 961//961
f 961//961 960//960 962//962
f 961//961 962//962 963//963
f 963//963 962//962 950//950
f 963//963 950//950 3890//3890
f 3890//3890 950//950 949//949
f 951//951 3429//3429 964//964
f 951//951 964//964 952//952
f 952//952 964//964 965//965
f 952//952 965//965 966//966
f 966//966 965//965 967//967
f 966//966 967//967 968//968
f 968//968 967//967 3429//3429
f 968//968 3429//3429 969//969
f 968//968 969//969 1504//1504
f 1504//1504 969//969 970//970
f 970//970 969//969 3438//3438
f 970//970 3438//3438 971//971
f 970//970 971//971 1500//1500
f 1500//1500 971//971 972//972
f 972//972 971//971 3431//3431
f 972//972 3431//3431 973//973
f 972//972 973//973 1503//1503
f 1503//1503 973//973 974//974
f 974//974 973//973 3425//3425
f 974//974 3425//3425 975//975
f 974//974 975//975 1641//1641
f 1641//1641 975//975 976//976
f 976//976 975//975 3426//3426
f 976//976 3426//3426 977//977
f 976//976 977//977 2067//2067
f 2067//2067 977//977 3439//3439
f 3439//3439 978//978 1537//1537
f 1537//1537 978//978 979//979
f 979//979 978//978 3427//3427
f 979//979 3427//3427 980//980
f 979//979 980//980 1786//1786
f 1786//1786 980//980 981//981
f 981//981 980//980 3424//3424
f 981//981 3424//3424 982//982
f 981//981 982//982 983//983
f 983//983 982//982 984//984
f 983//983 984//984 985//985
f 985//985 984//984 3430//3430
f 985//985 3430//3430 986//986
f 985//985 986//986 987//987
f 987//987 986//986 988//988
f 987//987 988//988 989//989
f 989//989 988//988 3423//3423
f 989//989 3423//3423 990//990
f 989//989 990//990 991//991
f 991//991 990//990 992//992
f 991//991 992//992 993//993
f 993//993 992//992 3432//3432
f 993//993 3432//3432 994//994
f 993//993 994//994 995//995
f 995//995 994//994 996//996
f 995//995 996//996 997//997
f 997//997 996//996 3453//3453
f 997//997 3453//3453 998//998
f 997//997 998//998 999//999
f 999//999 998//998 3451//3451
f 999//999 3451//3451 1000//1000
f 3451//3451 3452//3452 1000//1000
f 1000//1000 3452//3452 1001//1001
f 1000//1000 1001//1001 1002//1002
f 1002//1002 1001//1001 3422//3422
f 1002//1002 3422//3422 1571//1571
f 1571//1571 3422//3422 1003//1003
f 1003//1003 3422//3422 1004//1004
f 1003//1003 1004//1004 1005//1005
f 1004//1004 3449//3449 1005//1005
f 1005//1005 3449//3449 1006//1006
f 1006//1006 3449//3449 1007//1007
f 1006//1006 1007//1007 1008//1008
f 1007//1007 1010//1010 1008//1008
f 1008//1008 1010//1010 1009//1009
f 1008//1008 1009//1009 1785//1785
f 1785//1785 1009//1009 3448//3448
f 1014//1014 2235//2235 1013//1013
f 1014//1014 1013//1013 3442//3442
f 3442//3442 1013//1013 1015//1015
f 3441//3441 3440//3440 1016//1016
f 3441//3441 1016//1016 1017//1017
f 1016//1016 1018//1018 1017//1017
f 1017//1017 1018//1018 1019//1019
f 1017//1017 1019//1019 1014//1014
f 1014//1014 1019//1019 2235//2235
f 3445//3445 1020//1020 1021//1021
f 1016//1016 3440//3440 1022//1022
f 1016//1016 1022//1022 1023//1023
f 1023//1023 1022//1022 1021//1021
f 1023//1023 1021//1021 1024//1024
f 1024//1024 1021//1021 1020//1020
f 1020//1020 3445//3445 1026//1026
f 1020//1020 1026//1026 1027//1027
f 1027//1027 1026//1026 1028//1028
f 1027//1027 1028//1028 1025//1025
f 1025//1025 1028//1028 3446//3446
f 1030//1030 1034//1034 1029//1029
f 1025//1025 3446//3446 1031//1031
f 1025//1025 1031//1031 1032//1032
f 1032//1032 1031//1031 1030//1030
f 1032//1032 1030//1030 1033//1033
f 1033//1033 1030//1030 1029//1029
f 1034//1034 3443//3443 3900//3900
f 1034//1034 3900//3900 1035//1035
f 1029//1029 1034//1034 1035//1035
f 1029//1029 1035//1035 1036//1036
f 1036//1036 1035//1035 1037//1037
f 1036//1036 1037//1037 1038//1038
f 1038//1038 1037//1037 1039//1039
f 1038//1038 1039//1039 1040//1040
f 1040//1040 1039//1039 1041//1041
f 1040//1040 1041//1041 1042//1042
f 1042//1042 1041//1041 1043//1043
f 1042//1042 1043//1043 1044//1044
f 1044//1044 1043//1043 1045//1045
f 1044//1044 1045//1045 1046//1046
f 1046//1046 1045//1045 1047//1047
f 1046//1046 1047//1047 1048//1048
f 1048//1048 1047//1047 1049//1049
f 1048//1048 1049//1049 1050//1050
f 1050//1050 1049//1049 1051//1051
f 1051//1051 1049//1049 1052//1052
f 1051//1051 1052//1052 1053//1053
f 1052//1052 3906//3906 1053//1053
f 1053//1053 3906//3906 1054//1054
f 1053//1053 1054//1054 1055//1055
f 1055//1055 1054//1054 1056//1056
f 1057//1057 3903//3903 1058//1058
f 1058//1058 3903//3903 1059//1059
f 1058//1058 2818//2818 1057//1057
f 2818//2818 1060//1060 1057//1057
f 1057//1057 1060//1060 1061//1061
f 1057//1057 1061//1061 1062//1062
f 1062//1062 1061//1061 1063//1063
f 1062//1062 1063//1063 1064//1064
f 1064//1064 1063//1063 1065//1065
f 1064//1064 1065//1065 1066//1066
f 1066//1066 1065//1065 1067//1067
f 1066//1066 1067//1067 1068//1068
f 1068//1068 1067//1067 1069//1069
f 1068//1068 1069//1069 1070//1070
f 1070//1070 1069//1069 1071//1071
f 1070//1070 1071//1071 1056//1056
f 1056//1056 1071//1071 1072//1072
f 1056//1056 1072//1072 1055//1055
f 1073//1073 1074//1074 1075//1075
f 1075//1075 1074//1074 1076//1076
f 1075//1075 1076//1076 1077//1077
f 1077//1077 1076//1076 2819//2819
f 1077//1077 2819//2819 1078//1078
f 1077//1077 1078//1078 1079//1079
f 1079//1079 1078//1078 1080//1080
f 1079//1079 1080//1080 1059//1059
f 1059//1059 1080//1080 2820//2820
f 1059//1059 2820//2820 1058//1058
f 702//702 701//701 3874//3874
f 1081//1081 1073//1073 701//701
f 701//701 1073//1073 3874//3874
f 1073//1073 1081//1081 1074//1074
f 3887//3887 1083//1083 1084//1084
f 2821//2821 1082//1082 1084//1084
f 1084//1084 1082//1082 3887//3887
f 1082//1082 2821//2821 1085//1085
f 1082//1082 1085//1085 1086//1086
f 1086//1086 1085//1085 1087//1087
f 1086//1086 1087//1087 702//702
f 702//702 1087//1087 2824//2824
f 1088//1088 1089//1089 1090//1090
f 1090//1090 1089//1089 1091//1091
f 1090//1090 1091//1091 1092//1092
f 1091//1091 1093//1093 1092//1092
f 1092//1092 1093//1093 1094//1094
f 1092//1092 1094//1094 1095//1095
f 1095//1095 1094//1094 1096//1096
f 1095//1095 1096//1096 1083//1083
f 1083//1083 1096//1096 2827//2827
f 1083//1083 2827//2827 1084//1084
f 1088//1088 2822//2822 1089//1089
f 3873//3873 1097//1097 1088//1088
f 1088//1088 1097//1097 2822//2822
f 1098//1098 1099//1099 1100//1100
f 1100//1100 1099//1099 1097//1097
f 1100//1100 1097//1097 3873//3873
f 2826//2826 1101//1101 1102//1102
f 1098//1098 1103//1103 1099//1099
f 1102//1102 1101//1101 3895//3895
f 1103//1103 1098//1098 1101//1101
f 1101//1101 1098//1098 3895//3895
f 2823//2823 1104//1104 1105//1105
f 1105//1105 1104//1104 1106//1106
f 1106//1106 1104//1104 1107//1107
f 1106//1106 1107//1107 1102//1102
f 1102//1102 1107//1107 2826//2826
f 705//705 2825//2825 1108//1108
f 705//705 1108//1108 1109//1109
f 1109//1109 1108//1108 1110//1110
f 1109//1109 1110//1110 1105//1105
f 1105//1105 1110//1110 2823//2823
f 1112//1112 3504//3504 1111//1111
f 1111//1111 3504//3504 1113//1113
f 1111//1111 1113//1113 1114//1114
f 1114//1114 1113//1113 1115//1115
f 1114//1114 1115//1115 741//741
f 741//741 1115//1115 3503//3503
f 1111//1111 3880//3880 1112//1112
f 1112//1112 3880//3880 1116//1116
f 1112//1112 1116//1116 1117//1117
f 1117//1117 1116//1116 1118//1118
f 1117//1117 1118//1118 1123//1123
f 1119//1119 3511//3511 1120//1120
f 1119//1119 1120//1120 1121//1121
f 1121//1121 1120//1120 1122//1122
f 1121//1121 1122//1122 1118//1118
f 1118//1118 1122//1122 1123//1123
f 1124//1124 3512//3512 1125//1125
f 1125//1125 3881//3881 1124//1124
f 1124//1124 3881//3881 1126//1126
f 1124//1124 1126//1126 1127//1127
f 1127//1127 1126//1126 1128//1128
f 1127//1127 1128//1128 3513//3513
f 1125//1125 3512//3512 1129//1129
f 1125//1125 1129//1129 1130//1130
f 1130//1130 1129//1129 1131//1131
f 1130//1130 1131//1131 1119//1119
f 1119//1119 1131//1131 3511//3511
f 3514//3514 1132//1132 1133//1133
f 1133//1133 1132//1132 1134//1134
f 1133//1133 1134//1134 699//699
f 699//699 1134//1134 3885//3885
f 699//699 3885//3885 700//700
f 1132//1132 3514//3514 1135//1135
f 1132//1132 1135//1135 1136//1136
f 1136//1136 1135//1135 1137//1137
f 1136//1136 1137//1137 1128//1128
f 1128//1128 1137//1137 3513//3513
f 3872//3872 3521//3521 3515//3515
f 3872//3872 3515//3515 700//700
f 3889//3889 3530//3530 3872//3872
f 1138//1138 1139//1139 3530//3530
f 1138//1138 3530//3530 3889//3889
f 1139//1139 1138//1138 1140//1140
f 1139//1139 1140//1140 1141//1141
f 1141//1141 1140//1140 1142//1142
f 1141//1141 1142//1142 3528//3528
f 1143//1143 1147//1147 1144//1144
f 1143//1143 1144//1144 1145//1145
f 1145//1145 1144//1144 1146//1146
f 1145//1145 1146//1146 1142//1142
f 1142//1142 1146//1146 3528//3528
f 851//851 1147//1147 1143//1143
f 851//851 1165//1165 1147//1147
f 1148//1148 3434//3434 1149//1149
f 1148//1148 1149//1149 1150//1150
f 1150//1150 1149//1149 1151//1151
f 1150//1150 1151//1151 951//951
f 951//951 1151//1151 3429//3429
f 3899//3899 3435//3435 1152//1152
f 1152//1152 3435//3435 1153//1153
f 1152//1152 1153//1153 1154//1154
f 1154//1154 1153//1153 1155//1155
f 1154//1154 1155//1155 1148//1148
f 1148//1148 1155//1155 3434//3434
f 3899//3899 3883//3883 3437//3437
f 3428//3428 3437//3437 3892//3892
f 3892//3892 3437//3437 3883//3883
f 3428//3428 3892//3892 3444//3444
f 3444//3444 3892//3892 3905//3905
f 3905//3905 3447//3447 3444//3444
f 3447//3447 3905//3905 3900//3900
f 3447//3447 3900//3900 3443//3443
f 1157//1157 11//11 3913//3913
f 1157//1157 3913//3913 3922//3922
f 3922//3922 3913//3913 3914//3914
f 3922//3922 3914//3914 3921//3921
f 3914//3914 3917//3917 3921//3921
f 3921//3921 3917//3917 3920//3920
f 3920//3920 3917//3917 3918//3918
f 3920//3920 3918//3918 3915//3915
f 3920//3920 3915//3915 3927//3927
f 11//11 1157//1157 3923//3923
f 11//11 3923//3923 1156//1156
f 1156//1156 3923//3923 3926//3926
f 1156//1156 3926//3926 3919//3919
f 3919//3919 3926//3926 3924//3924
f 3919//3919 3924//3924 3965//3965
f 3924//3924 3925//3925 3916//3916
f 3916//3916 3925//3925 3927//3927
f 3916//3916 3927//3927 3915//3915
f 3927//3927 546//546 3861//3861
f 3927//3927 3861//3861 339//339
f 3927//3927 339//339 3920//3920
f 3925//3925 546//546 3927//3927
f 1157//1157 3866//3866 3923//3923
f 3925//3925 3869//3869 546//546
f 3924//3924 3869//3869 3925//3925
f 3923//3923 3866//3866 3867//3867
f 3923//3923 3867//3867 3926//3926
f 3921//3921 3865//3865 3922//3922
f 3920//3920 339//339 3864//3864
f 3926//3926 3867//3867 548//548
f 3926//3926 548//548 3924//3924
f 3924//3924 548//548 3869//3869
f 3920//3920 3864//3864 3921//3921
f 3921//3921 3864//3864 3865//3865
f 3922//3922 3865//3865 3866//3866
f 3922//3922 3866//3866 1157//1157
f 1158//1158 97//97 96//96
f 1158//1158 96//96 95//95
f 1162//1162 680//680 95//95
f 3635//3635 95//95 680//680
f 95//95 3635//3635 3626//3626
f 1158//1158 95//95 3626//3626
f 3616//3616 3598//3598 3615//3615
f 3598//3598 3616//3616 3625//3625
f 1162//1162 3598//3598 3625//3625
f 3712//3712 93//93 1160//1160
f 93//93 3712//3712 1159//1159
f 3701//3701 1159//1159 3712//3712
f 1163//1163 1161//1161 3729//3729
f 3740//3740 3729//3729 1161//1161
f 3729//3729 3740//3740 3730//3730
f 93//93 92//92 3729//3729
f 3420//3420 3392//3392 1011//1011
f 3448//3448 3420//3420 1011//1011
f 3392//3392 3384//3384 1011//1011
f 3389//3389 3395//3395 3384//3384
f 3395//3395 3390//3390 3384//3384
f 3384//3384 3390//3390 3446//3446
f 3390//3390 3387//3387 3446//3446
f 3446//3446 3387//3387 3388//3388
f 3388//3388 1034//1034 3446//3446
f 1034//1034 3388//3388 3394//3394
f 3394//3394 3443//3443 1034//1034
f 547//547 3443//3443 3394//3394
f 3447//3447 3443//3443 547//547
f 3447//3447 547//547 3412//3412
f 3447//3447 3412//3412 3444//3444
f 3444//3444 3412//3412 3428//3428
f 3412//3412 3400//3400 3428//3428
f 3400//3400 3409//3409 3428//3428
f 3428//3428 3409//3409 3437//3437
f 3437//3437 3409//3409 3403//3403
f 3437//3437 3403//3403 3436//3436
f 3403//3403 3410//3410 3436//3436
f 3436//3436 3410//3410 3438//3438
f 3408//3408 3438//3438 3410//3410
f 3411//3411 3438//3438 3408//3408
f 3411//3411 3439//3439 3438//3438
f 3439//3439 3411//3411 3414//3414
f 3414//3414 3417//3417 3439//3439
f 3417//3417 3450//3450 3439//3439
f 3450//3450 3417//3417 3420//3420
f 3420//3420 3448//3448 3450//3450
f 3497//3497 3454//3454 3498//3498
f 3454//3454 3461//3461 3524//3524
f 3461//3461 3458//3458 3524//3524
f 3460//3460 3524//3524 3458//3458
f 3524//3524 3460//3460 835//835
f 3460//3460 3462//3462 835//835
f 3462//3462 3468//3468 835//835
f 835//835 3468//3468 3459//3459
f 3459//3459 3467//3467 835//835
f 835//835 3467//3467 3531//3531
f 3531//3531 3467//3467 487//487
f 487//487 3516//3516 3531//3531
f 3469//3469 3516//3516 487//487
f 3466//3466 3516//3516 3469//3469
f 1164//1164 1165//1165 3516//3516
f 1164//1164 3516//3516 3466//3466
f 1165//1165 1164//1164 3483//3483
f 1165//1165 3483//3483 3530//3530
f 3530//3530 3483//3483 3478//3478
f 3530//3530 3478//3478 3521//3521
f 3478//3478 3486//3486 3521//3521
f 3521//3521 3486//3486 3514//3514
f 3514//3514 3486//3486 3481//3481
f 3514//3514 3481//3481 1123//1123
f 1123//1123 3481//3481 3472//3472
f 1166//1166 3503//3503 3472//3472
f 3472//3472 3503//3503 1123//1123
f 1166//1166 3484//3484 3503//3503
f 3488//3488 3503//3503 3484//3484
f 3488//3488 3501//3501 3503//3503
f 3482//3482 3501//3501 3488//3488
f 3485//3485 3501//3501 3482//3482
f 3485//3485 3500//3500 3501//3501
f 3500//3500 3485//3485 3477//3477
f 3500//3500 3477//3477 3487//3487
f 3487//3487 3498//3498 3500//3500
f 3498//3498 3487//3487 3491//3491
f 3498//3498 3491//3491 3497//3497
f 3290//3290 3214//3214 1168//1168
f 3773//3773 3382//3382 3780//3780
f 3382//3382 1169//1169 3780//3780
f 3294//3294 1169//1169 3382//3382
f 3294//3294 3788//3788 1169//1169
f 3788//3788 3294//3294 3777//3777
f 3777//3777 3294//3294 3790//3790
f 1170//1170 3789//3789 1171//1171
f 3790//3790 3294//3294 1172//1172
f 3790//3790 1172//1172 1173//1173
f 1173//1173 1172//1172 1171//1171
f 1173//1173 1171//1171 3789//3789
f 1171//1171 1174//1174 1170//1170
f 1170//1170 1174//1174 1175//1175
f 1170//1170 1175//1175 1176//1176
f 1176//1176 1175//1175 1177//1177
f 1176//1176 1177//1177 3791//3791
f 1168//1168 3770//3770 1178//1178
f 3290//3290 1168//1168 1178//1178
f 3290//3290 1178//1178 1177//1177
f 1177//1177 1178//1178 3791//3791
f 1179//1179 3781//3781 1180//1180
f 1179//1179 1180//1180 1181//1181
f 1181//1181 1180//1180 1182//1182
f 1181//1181 1182//1182 1168//1168
f 1168//1168 1182//1182 3770//3770
f 3781//3781 1179//1179 1183//1183
f 1183//1183 1179//1179 1184//1184
f 1183//1183 1184//1184 1185//1185
f 1185//1185 1184//1184 1186//1186
f 1185//1185 1186//1186 1187//1187
f 1186//1186 3782//3782 1187//1187
f 3782//3782 615//615 3774//3774
f 3774//3774 615//615 1188//1188
f 1188//1188 615//615 3792//3792
f 3792//3792 615//615 2905//2905
f 3792//3792 2905//2905 3787//3787
f 2905//2905 1081//1081 3787//3787
f 3787//3787 1081//1081 3749//3749
f 2827//2827 3749//3749 1081//1081
f 3749//3749 2827//2827 1189//1189
f 3749//3749 1189//1189 3759//3759
f 1189//1189 1190//1190 3768//3768
f 1190//1190 3753//3753 3768//3768
f 3753//3753 1190//1190 3212//3212
f 3753//3753 3212//3212 3755//3755
f 3755//3755 3212//3212 1191//1191
f 3212//3212 1192//1192 3752//3752
f 1193//1193 3769//3769 1194//1194
f 1193//1193 1194//1194 1195//1195
f 1195//1195 1194//1194 1196//1196
f 1195//1195 1196//1196 1192//1192
f 1192//1192 1196//1196 3752//3752
f 3769//3769 1193//1193 1197//1197
f 1197//1197 1193//1193 1198//1198
f 1197//1197 1198//1198 1199//1199
f 1199//1199 1198//1198 1200//1200
f 1199//1199 1200//1200 3751//3751
f 1201//1201 3748//3748 1202//1202
f 1201//1201 1202//1202 1200//1200
f 1200//1200 1202//1202 3751//3751
f 1201//1201 1167//1167 3748//3748
f 3335//3335 1167//1167 3273//3273
f 3335//3335 3764//3764 1167//1167
f 299//299 3764//3764 3335//3335
f 299//299 3335//3335 3381//3381
f 299//299 3381//3381 298//298
f 3381//3381 42//42 298//298
f 3382//3382 3773//3773 298//298
f 3382//3382 298//298 42//42
f 3841//3841 2509//2509 3842//3842
f 3842//3842 2509//2509 297//297
f 297//297 2509//2509 2513//2513
f 2513//2513 2489//2489 297//297
f 2489//2489 3840//3840 297//297
f 3840//3840 2489//2489 295//295
f 2489//2489 2490//2490 295//295
f 2491//2491 295//295 2490//2490
f 2491//2491 3838//3838 295//295
f 2491//2491 3837//3837 3838//3838
f 2491//2491 3835//3835 3837//3837
f 3067//3067 3826//3826 3835//3835
f 3067//3067 3835//3835 2491//2491
f 3825//3825 3067//3067 3824//3824
f 2511//2511 3823//3823 3067//3067
f 3067//3067 3823//3823 3824//3824
f 2511//2511 3821//3821 3823//3823
f 3821//3821 2511//2511 3820//3820
f 3820//3820 2511//2511 3819//3819
f 1203//1203 3819//3819 2511//2511
f 1203//1203 3818//3818 3819//3819
f 1203//1203 3816//3816 3818//3818
f 1203//1203 3814//3814 3816//3816
f 1204//1204 3801//3801 1203//1203
f 1203//1203 3801//3801 3814//3814
f 3813//3813 3801//3801 1204//1204
f 1204//1204 3799//3799 3813//3813
f 1204//1204 1205//1205 3799//3799
f 2510//2510 1205//1205 1204//1204
f 2510//2510 3812//3812 1205//1205
f 2510//2510 3795//3795 3812//3812
f 2512//2512 3795//3795 2510//2510
f 2512//2512 3794//3794 3795//3795
f 2512//2512 3806//3806 3807//3807
f 2512//2512 3844//3844 3806//3806
f 2509//2509 3841//3841 2512//2512
f 3841//3841 3844//3844 2512//2512
f 1214//1214 1209//1209 63//63
f 1215//1215 1216//1216 1217//1217
f 1218//1218 1219//1219 1220//1220
f 2088//2088 1221//1221 1222//1222
f 1223//1223 1224//1224 1225//1225
f 2095//2095 1226//1226 1227//1227
f 1228//1228 1229//1229 614//614
f 614//614 1229//1229 2087//2087
f 1230//1230 2091//2091 1231//1231
f 1231//1231 2091//2091 1232//1232
f 1231//1231 1232//1232 1228//1228
f 1228//1228 1232//1232 1233//1233
f 1228//1228 1233//1233 1229//1229
f 1231//1231 1234//1234 1230//1230
f 1230//1230 1234//1234 1235//1235
f 1230//1230 1235//1235 2093//2093
f 2093//2093 1235//1235 1236//1236
f 1235//1235 1237//1237 1236//1236
f 1236//1236 1237//1237 1238//1238
f 1236//1236 1238//1238 2089//2089
f 2089//2089 1238//1238 1239//1239
f 1238//1238 1240//1240 1239//1239
f 1239//1239 1240//1240 1241//1241
f 1239//1239 1241//1241 1242//1242
f 1242//1242 1241//1241 1243//1243
f 1241//1241 1244//1244 1243//1243
f 1243//1243 1244//1244 1245//1245
f 1243//1243 1245//1245 1246//1246
f 1246//1246 1245//1245 1247//1247
f 1245//1245 1248//1248 1247//1247
f 1247//1247 1248//1248 1249//1249
f 1247//1247 1249//1249 1250//1250
f 1250//1250 1249//1249 1251//1251
f 1227//1227 1226//1226 1252//1252
f 1252//1252 1226//1226 1253//1253
f 1252//1252 1253//1253 1254//1254
f 1254//1254 1253//1253 1255//1255
f 1254//1254 1255//1255 1256//1256
f 1256//1256 1255//1255 1257//1257
f 1256//1256 1257//1257 1258//1258
f 1258//1258 1257//1257 1259//1259
f 1258//1258 1259//1259 1260//1260
f 1260//1260 1259//1259 1261//1261
f 1260//1260 1261//1261 1262//1262
f 1262//1262 1261//1261 1263//1263
f 1262//1262 1263//1263 1264//1264
f 1264//1264 1263//1263 1265//1265
f 1264//1264 1265//1265 1266//1266
f 1266//1266 1265//1265 1267//1267
f 1266//1266 1267//1267 1251//1251
f 1251//1251 1267//1267 2094//2094
f 1251//1251 2094//2094 1250//1250
f 2095//2095 1227//1227 1224//1224
f 1224//1224 1227//1227 1268//1268
f 1224//1224 1268//1268 1225//1225
f 1223//1223 1225//1225 1221//1221
f 1221//1221 1225//1225 1269//1269
f 1221//1221 1269//1269 1222//1222
f 2088//2088 1222//1222 1219//1219
f 1219//1219 1222//1222 1270//1270
f 1219//1219 1270//1270 1220//1220
f 1218//1218 1220//1220 1216//1216
f 1216//1216 1220//1220 1271//1271
f 1216//1216 1271//1271 1217//1217
f 1215//1215 1217//1217 1272//1272
f 1272//1272 1217//1217 2097//2097
f 1272//1272 2097//2097 1273//1273
f 1274//1274 2096//2096 625//625
f 625//625 1935//1935 1274//1274
f 1274//1274 1935//1935 1275//1275
f 1274//1274 1275//1275 1273//1273
f 1273//1273 1275//1275 1276//1276
f 1273//1273 1276//1276 1272//1272
f 627//627 2096//2096 1277//1277
f 627//627 1277//1277 1278//1278
f 1278//1278 1277//1277 1279//1279
f 1278//1278 1279//1279 1280//1280
f 1280//1280 1279//1279 1281//1281
f 1280//1280 1281//1281 1282//1282
f 1282//1282 1281//1281 1283//1283
f 1282//1282 1283//1283 1284//1284
f 1284//1284 1283//1283 1285//1285
f 1284//1284 1285//1285 1286//1286
f 1286//1286 1285//1285 1287//1287
f 1286//1286 1287//1287 1288//1288
f 1288//1288 1287//1287 1289//1289
f 1288//1288 1289//1289 1290//1290
f 1290//1290 1289//1289 1291//1291
f 1290//1290 1291//1291 1292//1292
f 1292//1292 1291//1291 1293//1293
f 1292//1292 1293//1293 1294//1294
f 1294//1294 1293//1293 1295//1295
f 1294//1294 1295//1295 1296//1296
f 1296//1296 1295//1295 1297//1297
f 1296//1296 1297//1297 1298//1298
f 1298//1298 1297//1297 1299//1299
f 1298//1298 1299//1299 1300//1300
f 1300//1300 1299//1299 1301//1301
f 1300//1300 1301//1301 1302//1302
f 1302//1302 1301//1301 1303//1303
f 1302//1302 1303//1303 1304//1304
f 1304//1304 1303//1303 1305//1305
f 1304//1304 1305//1305 1306//1306
f 1306//1306 1305//1305 1307//1307
f 1306//1306 1307//1307 1308//1308
f 1308//1308 1307//1307 1309//1309
f 1308//1308 1309//1309 1310//1310
f 1310//1310 1309//1309 693//693
f 1310//1310 693//693 695//695
f 629//629 627//627 1311//1311
f 629//629 1311//1311 1312//1312
f 1312//1312 1311//1311 1313//1313
f 1312//1312 1313//1313 1314//1314
f 1314//1314 1313//1313 1315//1315
f 1314//1314 1315//1315 1316//1316
f 1316//1316 1315//1315 1317//1317
f 1316//1316 1317//1317 1318//1318
f 1318//1318 1317//1317 1319//1319
f 1318//1318 1319//1319 1320//1320
f 1320//1320 1319//1319 1321//1321
f 1320//1320 1321//1321 1322//1322
f 1322//1322 1321//1321 1323//1323
f 1322//1322 1323//1323 1324//1324
f 1324//1324 1323//1323 1325//1325
f 1324//1324 1325//1325 1326//1326
f 1326//1326 1325//1325 1327//1327
f 1326//1326 1327//1327 1328//1328
f 1328//1328 1327//1327 1329//1329
f 1328//1328 1329//1329 1330//1330
f 1330//1330 1329//1329 1331//1331
f 1330//1330 1331//1331 1332//1332
f 1332//1332 1331//1331 1333//1333
f 1332//1332 1333//1333 1334//1334
f 1334//1334 1333//1333 1335//1335
f 1334//1334 1335//1335 1336//1336
f 1336//1336 1335//1335 1337//1337
f 1336//1336 1337//1337 1338//1338
f 1338//1338 1337//1337 1339//1339
f 1338//1338 1339//1339 1340//1340
f 1340//1340 1339//1339 1341//1341
f 1340//1340 1341//1341 1342//1342
f 1342//1342 1341//1341 1343//1343
f 1342//1342 1343//1343 1344//1344
f 1344//1344 1343//1343 661//661
f 1344//1344 661//661 662//662
f 1345//1345 660//660 629//629
f 1345//1345 629//629 1346//1346
f 1346//1346 629//629 1347//1347
f 1346//1346 1347//1347 1348//1348
f 1348//1348 1347//1347 1349//1349
f 1349//1349 1347//1347 1350//1350
f 1349//1349 1350//1350 1351//1351
f 1351//1351 1350//1350 1352//1352
f 1352//1352 1350//1350 1353//1353
f 1352//1352 1353//1353 1354//1354
f 1354//1354 1353//1353 1355//1355
f 1355//1355 1353//1353 1356//1356
f 1355//1355 1356//1356 1357//1357
f 1357//1357 1356//1356 1358//1358
f 1358//1358 1356//1356 1359//1359
f 1358//1358 1359//1359 1360//1360
f 1360//1360 1359//1359 1361//1361
f 1361//1361 1359//1359 1362//1362
f 1361//1361 1362//1362 1363//1363
f 1363//1363 1362//1362 1364//1364
f 1364//1364 1362//1362 1365//1365
f 1364//1364 1365//1365 1366//1366
f 1366//1366 1365//1365 1367//1367
f 1367//1367 1365//1365 1368//1368
f 1367//1367 1368//1368 1369//1369
f 1369//1369 1368//1368 1370//1370
f 1370//1370 1368//1368 1371//1371
f 1370//1370 1371//1371 1372//1372
f 1372//1372 1371//1371 1373//1373
f 1372//1372 1373//1373 2155//2155
f 2155//2155 1373//1373 1374//1374
f 1374//1374 1373//1373 1375//1375
f 1374//1374 1375//1375 2156//2156
f 2156//2156 1375//1375 1376//1376
f 1376//1376 1375//1375 1377//1377
f 1376//1376 1377//1377 2157//2157
f 2157//2157 1377//1377 1378//1378
f 1378//1378 1377//1377 1379//1379
f 1378//1378 1379//1379 2158//2158
f 2158//2158 1379//1379 1380//1380
f 1380//1380 1379//1379 1381//1381
f 1380//1380 1381//1381 2159//2159
f 2159//2159 1381//1381 1382//1382
f 1382//1382 1381//1381 1383//1383
f 1382//1382 1383//1383 2160//2160
f 2160//2160 1383//1383 1384//1384
f 1384//1384 1383//1383 1385//1385
f 1384//1384 1385//1385 2161//2161
f 2161//2161 1385//1385 1386//1386
f 1386//1386 1385//1385 1387//1387
f 1386//1386 1387//1387 1388//1388
f 1388//1388 1387//1387 1389//1389
f 1389//1389 1387//1387 682//682
f 1389//1389 682//682 684//684
f 1390//1390 1391//1391 1392//1392
f 1392//1392 1393//1393 1390//1390
f 1390//1390 1393//1393 1394//1394
f 1390//1390 1394//1394 660//660
f 660//660 1394//1394 1570//1570
f 1395//1395 1396//1396 1397//1397
f 1397//1397 2209//2209 1395//1395
f 1395//1395 2209//2209 1398//1398
f 1395//1395 1398//1398 1391//1391
f 1391//1391 1398//1398 1399//1399
f 1391//1391 1399//1399 1392//1392
f 1400//1400 1401//1401 1402//1402
f 1402//1402 1403//1403 1400//1400
f 1400//1400 1403//1403 1404//1404
f 1400//1400 1404//1404 1396//1396
f 1396//1396 1404//1404 1405//1405
f 1396//1396 1405//1405 1397//1397
f 1406//1406 1407//1407 1408//1408
f 1408//1408 1407//1407 1409//1409
f 1408//1408 1409//1409 1401//1401
f 1401//1401 1409//1409 1410//1410
f 1401//1401 1410//1410 1402//1402
f 1411//1411 1412//1412 1406//1406
f 1406//1406 1412//1412 1413//1413
f 1406//1406 1413//1413 1407//1407
f 1414//1414 1415//1415 1411//1411
f 1411//1411 1415//1415 2206//2206
f 1411//1411 2206//2206 1412//1412
f 1416//1416 1417//1417 1414//1414
f 1414//1414 1417//1417 1418//1418
f 1414//1414 1418//1418 1415//1415
f 1419//1419 1420//1420 1416//1416
f 1416//1416 1420//1420 2205//2205
f 1416//1416 2205//2205 1417//1417
f 1421//1421 1422//1422 1419//1419
f 1419//1419 1422//1422 2201//2201
f 1419//1419 2201//2201 1420//1420
f 1424//1424 1423//1423 1425//1425
f 1424//1424 1425//1425 1421//1421
f 1421//1421 1425//1425 2199//2199
f 1421//1421 2199//2199 1422//1422
f 1423//1423 1424//1424 1426//1426
f 1426//1426 1424//1424 1427//1427
f 1426//1426 1427//1427 2197//2197
f 2197//2197 1427//1427 1428//1428
f 1428//1428 1427//1427 1429//1429
f 1428//1428 1429//1429 2194//2194
f 2194//2194 1429//1429 1430//1430
f 1430//1430 1429//1429 1431//1431
f 1430//1430 1431//1431 2195//2195
f 2195//2195 1431//1431 1432//1432
f 1432//1432 1431//1431 1433//1433
f 1432//1432 1433//1433 1434//1434
f 1434//1434 1433//1433 1435//1435
f 1435//1435 1433//1433 72//72
f 1435//1435 72//72 91//91
f 772//772 774//774 1712//1712
f 1712//1712 774//774 776//776
f 1712//1712 776//776 1570//1570
f 1570//1570 776//776 778//778
f 1570//1570 778//778 780//780
f 780//780 781//781 1570//1570
f 782//782 784//784 1465//1465
f 1465//1465 784//784 786//786
f 1465//1465 786//786 1748//1748
f 786//786 788//788 1748//1748
f 1748//1748 788//788 790//790
f 790//790 792//792 1748//1748
f 1748//1748 792//792 794//794
f 1748//1748 794//794 1466//1466
f 794//794 796//796 1466//1466
f 1466//1466 796//796 798//798
f 798//798 800//800 1466//1466
f 1466//1466 800//800 802//802
f 1466//1466 802//802 1898//1898
f 802//802 804//804 1898//1898
f 1898//1898 804//804 806//806
f 806//806 808//808 1898//1898
f 1898//1898 808//808 810//810
f 1898//1898 810//810 1606//1606
f 810//810 812//812 1606//1606
f 1606//1606 812//812 814//814
f 1606//1606 814//814 816//816
f 1606//1606 816//816 818//818
f 818//818 820//820 1606//1606
f 1606//1606 820//820 822//822
f 1606//1606 822//822 2044//2044
f 2044//2044 822//822 824//824
f 2044//2044 824//824 826//826
f 826//826 828//828 2044//2044
f 2044//2044 828//828 830//830
f 2044//2044 830//830 1467//1467
f 1467//1467 830//830 832//832
f 832//832 834//834 1467//1467
f 1467//1467 834//834 837//837
f 1467//1467 837//837 1468//1468
f 1468//1468 837//837 839//839
f 839//839 843//843 1468//1468
f 1468//1468 843//843 844//844
f 844//844 840//840 1436//1436
f 840//840 847//847 1436//1436
f 1436//1436 847//847 845//845
f 1436//1436 845//845 1437//1437
f 845//845 852//852 1437//1437
f 1437//1437 852//852 854//854
f 1437//1437 854//854 1438//1438
f 854//854 856//856 1438//1438
f 1438//1438 856//856 858//858
f 1438//1438 858//858 1439//1439
f 858//858 860//860 1439//1439
f 1439//1439 860//860 862//862
f 1439//1439 862//862 1440//1440
f 862//862 864//864 1440//1440
f 1440//1440 864//864 866//866
f 1440//1440 866//866 1441//1441
f 866//866 868//868 1441//1441
f 1441//1441 868//868 870//870
f 1441//1441 870//870 1442//1442
f 878//878 1443//1443 1444//1444
f 870//870 872//872 1442//1442
f 1442//1442 872//872 874//874
f 1442//1442 874//874 1444//1444
f 1444//1444 874//874 876//876
f 1444//1444 876//876 878//878
f 887//887 1445//1445 1446//1446
f 878//878 880//880 1443//1443
f 1443//1443 880//880 882//882
f 1443//1443 882//882 1446//1446
f 1446//1446 882//882 885//885
f 1446//1446 885//885 887//887
f 887//887 889//889 1445//1445
f 1445//1445 889//889 891//891
f 1445//1445 891//891 1447//1447
f 1447//1447 891//891 893//893
f 1447//1447 893//893 1448//1448
f 893//893 895//895 1448//1448
f 1448//1448 895//895 897//897
f 1448//1448 897//897 1449//1449
f 1449//1449 897//897 899//899
f 899//899 901//901 1449//1449
f 1449//1449 901//901 903//903
f 1449//1449 903//903 1450//1450
f 1450//1450 903//903 905//905
f 1450//1450 905//905 1451//1451
f 905//905 907//907 1451//1451
f 1451//1451 907//907 909//909
f 1451//1451 909//909 1452//1452
f 909//909 911//911 1452//1452
f 1452//1452 911//911 913//913
f 1452//1452 913//913 1453//1453
f 913//913 915//915 1453//1453
f 1453//1453 915//915 917//917
f 1453//1453 917//917 921//921
f 917//917 919//919 921//921
f 921//921 922//922 1454//1454
f 1454//1454 922//922 924//924
f 1454//1454 924//924 1455//1455
f 924//924 926//926 1455//1455
f 1455//1455 926//926 928//928
f 1455//1455 928//928 1456//1456
f 936//936 1457//1457 1458//1458
f 928//928 930//930 1456//1456
f 1456//1456 930//930 932//932
f 1456//1456 932//932 1458//1458
f 1458//1458 932//932 934//934
f 1458//1458 934//934 936//936
f 944//944 1459//1459 1460//1460
f 936//936 938//938 1457//1457
f 1457//1457 938//938 940//940
f 1457//1457 940//940 1460//1460
f 1460//1460 940//940 942//942
f 1460//1460 942//942 944//944
f 944//944 946//946 1459//1459
f 1459//1459 946//946 948//948
f 1459//1459 948//948 1461//1461
f 1461//1461 948//948 950//950
f 1461//1461 950//950 1462//1462
f 950//950 962//962 1462//1462
f 1462//1462 962//962 960//960
f 1462//1462 960//960 1463//1463
f 1463//1463 960//960 958//958
f 958//958 956//956 1463//1463
f 1463//1463 956//956 954//954
f 1463//1463 954//954 1464//1464
f 1464//1464 954//954 952//952
f 1464//1464 952//952 1505//1505
f 952//952 966//966 1505//1505
f 1505//1505 966//966 968//968
f 1505//1505 968//968 1504//1504
f 1504//1504 970//970 1500//1500
f 1500//1500 972//972 1503//1503
f 1503//1503 974//974 1641//1641
f 1641//1641 976//976 2067//2067
f 2067//2067 3439//3439 1537//1537
f 981//981 1899//1899 1786//1786
f 1537//1537 979//979 1786//1786
f 981//981 983//983 1899//1899
f 1899//1899 983//983 985//985
f 1899//1899 985//985 987//987
f 1899//1899 987//987 989//989
f 989//989 991//991 1899//1899
f 1899//1899 991//991 993//993
f 1899//1899 993//993 1501//1501
f 1501//1501 993//993 995//995
f 995//995 997//997 1501//1501
f 1501//1501 997//997 999//999
f 1501//1501 999//999 1502//1502
f 1502//1502 999//999 1000//1000
f 1000//1000 1002//1002 1502//1502
f 1502//1502 1002//1002 1571//1571
f 1571//1571 1003//1003 1005//1005
f 1571//1571 1005//1005 1785//1785
f 1005//1005 1006//1006 1785//1785
f 1785//1785 1006//1006 1008//1008
f 1785//1785 3448//3448 1749//1749
f 1749//1749 1012//1012 2090//2090
f 1469//1469 1468//1468 844//844
f 1469//1469 844//844 1470//1470
f 1470//1470 844//844 1436//1436
f 1470//1470 1436//1436 1471//1471
f 1471//1471 1436//1436 1437//1437
f 1471//1471 1437//1437 1472//1472
f 1472//1472 1437//1437 1438//1438
f 1472//1472 1438//1438 1473//1473
f 1473//1473 1438//1438 1439//1439
f 1473//1473 1439//1439 1474//1474
f 1474//1474 1439//1439 1440//1440
f 1474//1474 1440//1440 1475//1475
f 1475//1475 1440//1440 1441//1441
f 1475//1475 1441//1441 1476//1476
f 1476//1476 1441//1441 1442//1442
f 1476//1476 1442//1442 1477//1477
f 1477//1477 1442//1442 1444//1444
f 1477//1477 1444//1444 1478//1478
f 1478//1478 1444//1444 1443//1443
f 1478//1478 1443//1443 1479//1479
f 1479//1479 1443//1443 1446//1446
f 1479//1479 1446//1446 1480//1480
f 1480//1480 1446//1446 1445//1445
f 1480//1480 1445//1445 1481//1481
f 1481//1481 1445//1445 1447//1447
f 1481//1481 1447//1447 1482//1482
f 1482//1482 1447//1447 1448//1448
f 1482//1482 1448//1448 1483//1483
f 1483//1483 1448//1448 1449//1449
f 1483//1483 1449//1449 1484//1484
f 1484//1484 1449//1449 1450//1450
f 1484//1484 1450//1450 1485//1485
f 1485//1485 1450//1450 1451//1451
f 1485//1485 1451//1451 1486//1486
f 1486//1486 1451//1451 1452//1452
f 1486//1486 1452//1452 1487//1487
f 1487//1487 1452//1452 1453//1453
f 1487//1487 1453//1453 1488//1488
f 1488//1488 1453//1453 921//921
f 1488//1488 921//921 1489//1489
f 1489//1489 921//921 1454//1454
f 1489//1489 1454//1454 1490//1490
f 1490//1490 1454//1454 1455//1455
f 1490//1490 1455//1455 1491//1491
f 1491//1491 1455//1455 1456//1456
f 1491//1491 1456//1456 1492//1492
f 1492//1492 1456//1456 1458//1458
f 1492//1492 1458//1458 1493//1493
f 1493//1493 1458//1458 1457//1457
f 1493//1493 1457//1457 1494//1494
f 1494//1494 1457//1457 1460//1460
f 1494//1494 1460//1460 1495//1495
f 1495//1495 1460//1460 1459//1459
f 1495//1495 1459//1459 1496//1496
f 1496//1496 1459//1459 1461//1461
f 1496//1496 1461//1461 1497//1497
f 1497//1497 1461//1461 1462//1462
f 1497//1497 1462//1462 1498//1498
f 1498//1498 1462//1462 1463//1463
f 1498//1498 1463//1463 1499//1499
f 1499//1499 1463//1463 1464//1464
f 1499//1499 1464//1464 1505//1505
f 1499//1499 1505//1505 1506//1506
f 1499//1499 1506//1506 1498//1498
f 1498//1498 1506//1506 1507//1507
f 1498//1498 1507//1507 1497//1497
f 1497//1497 1507//1507 1508//1508
f 1497//1497 1508//1508 1496//1496
f 1496//1496 1508//1508 1509//1509
f 1496//1496 1509//1509 1495//1495
f 1495//1495 1509//1509 1510//1510
f 1495//1495 1510//1510 1494//1494
f 1494//1494 1510//1510 1511//1511
f 1494//1494 1511//1511 1493//1493
f 1493//1493 1511//1511 1512//1512
f 1493//1493 1512//1512 1492//1492
f 1492//1492 1512//1512 1513//1513
f 1492//1492 1513//1513 1491//1491
f 1491//1491 1513//1513 1514//1514
f 1491//1491 1514//1514 1490//1490
f 1490//1490 1514//1514 1515//1515
f 1490//1490 1515//1515 1489//1489
f 1489//1489 1515//1515 1516//1516
f 1489//1489 1516//1516 1488//1488
f 1488//1488 1516//1516 1517//1517
f 1488//1488 1517//1517 1487//1487
f 1487//1487 1517//1517 1518//1518
f 1487//1487 1518//1518 1486//1486
f 1486//1486 1518//1518 1519//1519
f 1486//1486 1519//1519 1485//1485
f 1485//1485 1519//1519 1520//1520
f 1485//1485 1520//1520 1484//1484
f 1484//1484 1520//1520 1521//1521
f 1484//1484 1521//1521 1483//1483
f 1483//1483 1521//1521 1522//1522
f 1483//1483 1522//1522 1482//1482
f 1482//1482 1522//1522 1523//1523
f 1482//1482 1523//1523 1481//1481
f 1481//1481 1523//1523 1524//1524
f 1481//1481 1524//1524 1480//1480
f 1480//1480 1524//1524 1525//1525
f 1480//1480 1525//1525 1479//1479
f 1479//1479 1525//1525 1526//1526
f 1479//1479 1526//1526 1478//1478
f 1478//1478 1526//1526 1527//1527
f 1478//1478 1527//1527 1477//1477
f 1477//1477 1527//1527 1528//1528
f 1477//1477 1528//1528 1476//1476
f 1476//1476 1528//1528 1529//1529
f 1476//1476 1529//1529 1475//1475
f 1475//1475 1529//1529 1530//1530
f 1475//1475 1530//1530 1474//1474
f 1474//1474 1530//1530 1531//1531
f 1474//1474 1531//1531 1473//1473
f 1473//1473 1531//1531 1532//1532
f 1473//1473 1532//1532 1472//1472
f 1472//1472 1532//1532 1533//1533
f 1472//1472 1533//1533 1471//1471
f 1471//1471 1533//1533 1534//1534
f 1471//1471 1534//1534 1470//1470
f 1470//1470 1534//1534 1535//1535
f 1470//1470 1535//1535 1469//1469
f 1469//1469 1535//1535 1536//1536
f 1469//1469 1536//1536 1468//1468
f 1468//1468 1536//1536 1569//1569
f 1468//1468 1569//1569 1467//1467
f 1467//1467 1569//1569 1640//1640
f 1506//1506 1505//1505 1538//1538
f 1506//1506 1538//1538 1507//1507
f 1507//1507 1538//1538 1539//1539
f 1507//1507 1539//1539 1508//1508
f 1508//1508 1539//1539 1540//1540
f 1508//1508 1540//1540 1509//1509
f 1509//1509 1540//1540 1541//1541
f 1509//1509 1541//1541 1510//1510
f 1510//1510 1541//1541 1542//1542
f 1510//1510 1542//1542 1511//1511
f 1511//1511 1542//1542 1543//1543
f 1511//1511 1543//1543 1512//1512
f 1512//1512 1543//1543 1544//1544
f 1512//1512 1544//1544 1513//1513
f 1513//1513 1544//1544 1545//1545
f 1513//1513 1545//1545 1514//1514
f 1514//1514 1545//1545 1546//1546
f 1514//1514 1546//1546 1515//1515
f 1515//1515 1546//1546 1547//1547
f 1515//1515 1547//1547 1516//1516
f 1516//1516 1547//1547 1548//1548
f 1516//1516 1548//1548 1517//1517
f 1517//1517 1548//1548 1549//1549
f 1517//1517 1549//1549 1518//1518
f 1518//1518 1549//1549 1550//1550
f 1518//1518 1550//1550 1519//1519
f 1519//1519 1550//1550 1551//1551
f 1519//1519 1551//1551 1520//1520
f 1520//1520 1551//1551 1552//1552
f 1520//1520 1552//1552 1521//1521
f 1521//1521 1552//1552 1553//1553
f 1521//1521 1553//1553 1522//1522
f 1522//1522 1553//1553 1554//1554
f 1522//1522 1554//1554 1523//1523
f 1523//1523 1554//1554 1555//1555
f 1523//1523 1555//1555 1524//1524
f 1524//1524 1555//1555 1556//1556
f 1524//1524 1556//1556 1525//1525
f 1525//1525 1556//1556 1557//1557
f 1525//1525 1557//1557 1526//1526
f 1526//1526 1557//1557 1558//1558
f 1526//1526 1558//1558 1527//1527
f 1527//1527 1558//1558 1559//1559
f 1527//1527 1559//1559 1528//1528
f 1528//1528 1559//1559 1560//1560
f 1528//1528 1560//1560 1529//1529
f 1529//1529 1560//1560 1561//1561
f 1529//1529 1561//1561 1530//1530
f 1530//1530 1561//1561 1562//1562
f 1530//1530 1562//1562 1531//1531
f 1531//1531 1562//1562 1563//1563
f 1531//1531 1563//1563 1532//1532
f 1532//1532 1563//1563 1564//1564
f 1532//1532 1564//1564 1533//1533
f 1533//1533 1564//1564 1565//1565
f 1533//1533 1565//1565 1534//1534
f 1534//1534 1565//1565 1566//1566
f 1534//1534 1566//1566 1535//1535
f 1535//1535 1566//1566 1567//1567
f 1535//1535 1567//1567 1536//1536
f 1536//1536 1567//1567 1568//1568
f 1536//1536 1568//1568 1569//1569
f 1504//1504 1500//1500 1572//1572
f 1504//1504 1572//1572 1505//1505
f 1505//1505 1572//1572 1573//1573
f 1505//1505 1573//1573 1538//1538
f 1538//1538 1573//1573 1574//1574
f 1538//1538 1574//1574 1539//1539
f 1539//1539 1574//1574 1575//1575
f 1539//1539 1575//1575 1540//1540
f 1540//1540 1575//1575 1576//1576
f 1540//1540 1576//1576 1541//1541
f 1541//1541 1576//1576 1577//1577
f 1541//1541 1577//1577 1542//1542
f 1542//1542 1577//1577 1578//1578
f 1542//1542 1578//1578 1543//1543
f 1543//1543 1578//1578 1579//1579
f 1543//1543 1579//1579 1544//1544
f 1544//1544 1579//1579 1580//1580
f 1544//1544 1580//1580 1545//1545
f 1545//1545 1580//1580 1581//1581
f 1545//1545 1581//1581 1546//1546
f 1546//1546 1581//1581 1582//1582
f 1546//1546 1582//1582 1547//1547
f 1547//1547 1582//1582 1583//1583
f 1547//1547 1583//1583 1548//1548
f 1548//1548 1583//1583 1584//1584
f 1548//1548 1584//1584 1549//1549
f 1549//1549 1584//1584 1585//1585
f 1549//1549 1585//1585 1550//1550
f 1550//1550 1585//1585 1586//1586
f 1550//1550 1586//1586 1551//1551
f 1551//1551 1586//1586 1587//1587
f 1551//1551 1587//1587 1552//1552
f 1552//1552 1587//1587 1588//1588
f 1552//1552 1588//1588 1553//1553
f 1553//1553 1588//1588 1589//1589
f 1553//1553 1589//1589 1554//1554
f 1554//1554 1589//1589 1590//1590
f 1554//1554 1590//1590 1555//1555
f 1555//1555 1590//1590 1591//1591
f 1555//1555 1591//1591 1556//1556
f 1556//1556 1591//1591 1592//1592
f 1556//1556 1592//1592 1557//1557
f 1557//1557 1592//1592 1593//1593
f 1557//1557 1593//1593 1558//1558
f 1558//1558 1593//1593 1594//1594
f 1558//1558 1594//1594 1559//1559
f 1559//1559 1594//1594 1595//1595
f 1559//1559 1595//1595 1560//1560
f 1560//1560 1595//1595 1596//1596
f 1560//1560 1596//1596 1561//1561
f 1561//1561 1596//1596 1597//1597
f 1561//1561 1597//1597 1562//1562
f 1562//1562 1597//1597 1598//1598
f 1562//1562 1598//1598 1563//1563
f 1563//1563 1598//1598 1599//1599
f 1563//1563 1599//1599 1564//1564
f 1564//1564 1599//1599 1600//1600
f 1564//1564 1600//1600 1565//1565
f 1565//1565 1600//1600 1601//1601
f 1565//1565 1601//1601 1566//1566
f 1566//1566 1601//1601 1602//1602
f 1566//1566 1602//1602 1567//1567
f 1567//1567 1602//1602 1603//1603
f 1567//1567 1603//1603 1568//1568
f 1568//1568 1603//1603 1604//1604
f 1568//1568 1604//1604 1569//1569
f 1569//1569 1604//1604 1605//1605
f 1569//1569 1605//1605 1640//1640
f 1465//1465 1748//1748 1974//1974
f 1465//1465 1974//1974 782//782
f 1573//1573 1572//1572 1607//1607
f 1573//1573 1607//1607 1574//1574
f 1574//1574 1607//1607 1608//1608
f 1574//1574 1608//1608 1575//1575
f 1575//1575 1608//1608 1609//1609
f 1575//1575 1609//1609 1576//1576
f 1576//1576 1609//1609 1610//1610
f 1576//1576 1610//1610 1577//1577
f 1577//1577 1610//1610 1611//1611
f 1577//1577 1611//1611 1578//1578
f 1578//1578 1611//1611 1612//1612
f 1578//1578 1612//1612 1579//1579
f 1579//1579 1612//1612 1613//1613
f 1579//1579 1613//1613 1580//1580
f 1580//1580 1613//1613 1614//1614
f 1580//1580 1614//1614 1581//1581
f 1581//1581 1614//1614 1615//1615
f 1581//1581 1615//1615 1582//1582
f 1582//1582 1615//1615 1616//1616
f 1582//1582 1616//1616 1583//1583
f 1583//1583 1616//1616 1617//1617
f 1583//1583 1617//1617 1584//1584
f 1584//1584 1617//1617 1618//1618
f 1584//1584 1618//1618 1585//1585
f 1585//1585 1618//1618 1619//1619
f 1585//1585 1619//1619 1586//1586
f 1586//1586 1619//1619 1620//1620
f 1586//1586 1620//1620 1587//1587
f 1587//1587 1620//1620 1621//1621
f 1587//1587 1621//1621 1588//1588
f 1588//1588 1621//1621 1622//1622
f 1588//1588 1622//1622 1589//1589
f 1589//1589 1622//1622 1623//1623
f 1589//1589 1623//1623 1590//1590
f 1590//1590 1623//1623 1624//1624
f 1590//1590 1624//1624 1591//1591
f 1591//1591 1624//1624 1625//1625
f 1591//1591 1625//1625 1592//1592
f 1592//1592 1625//1625 1626//1626
f 1592//1592 1626//1626 1593//1593
f 1593//1593 1626//1626 1627//1627
f 1593//1593 1627//1627 1594//1594
f 1594//1594 1627//1627 1628//1628
f 1594//1594 1628//1628 1595//1595
f 1595//1595 1628//1628 1629//1629
f 1595//1595 1629//1629 1596//1596
f 1596//1596 1629//1629 1630//1630
f 1596//1596 1630//1630 1597//1597
f 1597//1597 1630//1630 1631//1631
f 1597//1597 1631//1631 1598//1598
f 1598//1598 1631//1631 1632//1632
f 1598//1598 1632//1632 1599//1599
f 1599//1599 1632//1632 1633//1633
f 1599//1599 1633//1633 1600//1600
f 1600//1600 1633//1633 1634//1634
f 1600//1600 1634//1634 1601//1601
f 1601//1601 1634//1634 1635//1635
f 1601//1601 1635//1635 1602//1602
f 1602//1602 1635//1635 1636//1636
f 1602//1602 1636//1636 1603//1603
f 1603//1603 1636//1636 1637//1637
f 1603//1603 1637//1637 1604//1604
f 1604//1604 1637//1637 1638//1638
f 1604//1604 1638//1638 1605//1605
f 1605//1605 1638//1638 1639//1639
f 1605//1605 1639//1639 1640//1640
f 1537//1537 1786//1786 2067//2067
f 1503//1503 1641//1641 1500//1500
f 1500//1500 1641//1641 1642//1642
f 1500//1500 1642//1642 1572//1572
f 1572//1572 1642//1642 1643//1643
f 1572//1572 1643//1643 1607//1607
f 1607//1607 1643//1643 1644//1644
f 1607//1607 1644//1644 1608//1608
f 1608//1608 1644//1644 1645//1645
f 1608//1608 1645//1645 1609//1609
f 1609//1609 1645//1645 1646//1646
f 1609//1609 1646//1646 1610//1610
f 1610//1610 1646//1646 1647//1647
f 1610//1610 1647//1647 1611//1611
f 1611//1611 1647//1647 1648//1648
f 1611//1611 1648//1648 1612//1612
f 1612//1612 1648//1648 1649//1649
f 1612//1612 1649//1649 1613//1613
f 1613//1613 1649//1649 1650//1650
f 1613//1613 1650//1650 1614//1614
f 1614//1614 1650//1650 1651//1651
f 1614//1614 1651//1651 1615//1615
f 1615//1615 1651//1651 1652//1652
f 1615//1615 1652//1652 1616//1616
f 1616//1616 1652//1652 1653//1653
f 1616//1616 1653//1653 1617//1617
f 1617//1617 1653//1653 1654//1654
f 1617//1617 1654//1654 1618//1618
f 1618//1618 1654//1654 1655//1655
f 1618//1618 1655//1655 1619//1619
f 1619//1619 1655//1655 1656//1656
f 1619//1619 1656//1656 1620//1620
f 1620//1620 1656//1656 1657//1657
f 1620//1620 1657//1657 1621//1621
f 1621//1621 1657//1657 1658//1658
f 1621//1621 1658//1658 1622//1622
f 1622//1622 1658//1658 1659//1659
f 1622//1622 1659//1659 1623//1623
f 1623//1623 1659//1659 1660//1660
f 1623//1623 1660//1660 1624//1624
f 1624//1624 1660//1660 1661//1661
f 1624//1624 1661//1661 1625//1625
f 1625//1625 1661//1661 1662//1662
f 1625//1625 1662//1662 1626//1626
f 1626//1626 1662//1662 1663//1663
f 1626//1626 1663//1663 1627//1627
f 1627//1627 1663//1663 1664//1664
f 1627//1627 1664//1664 1628//1628
f 1628//1628 1664//1664 1665//1665
f 1628//1628 1665//1665 1629//1629
f 1629//1629 1665//1665 1666//1666
f 1629//1629 1666//1666 1630//1630
f 1630//1630 1666//1666 1667//1667
f 1630//1630 1667//1667 1631//1631
f 1631//1631 1667//1667 1668//1668
f 1631//1631 1668//1668 1632//1632
f 1632//1632 1668//1668 1669//1669
f 1632//1632 1669//1669 1633//1633
f 1633//1633 1669//1669 1670//1670
f 1633//1633 1670//1670 1634//1634
f 1634//1634 1670//1670 1671//1671
f 1634//1634 1671//1671 1635//1635
f 1635//1635 1671//1671 1672//1672
f 1635//1635 1672//1672 1636//1636
f 1636//1636 1672//1672 1673//1673
f 1636//1636 1673//1673 1637//1637
f 1637//1637 1673//1673 1674//1674
f 1637//1637 1674//1674 1638//1638
f 1638//1638 1674//1674 1675//1675
f 1638//1638 1675//1675 1639//1639
f 1639//1639 1675//1675 1676//1676
f 1639//1639 1676//1676 1640//1640
f 1640//1640 1676//1676 1711//1711
f 1640//1640 1711//1711 1467//1467
f 1643//1643 1642//1642 1677//1677
f 1643//1643 1677//1677 1644//1644
f 1644//1644 1677//1677 1678//1678
f 1644//1644 1678//1678 1645//1645
f 1645//1645 1678//1678 1679//1679
f 1645//1645 1679//1679 1646//1646
f 1646//1646 1679//1679 1680//1680
f 1646//1646 1680//1680 1647//1647
f 1647//1647 1680//1680 1681//1681
f 1647//1647 1681//1681 1648//1648
f 1648//1648 1681//1681 1682//1682
f 1648//1648 1682//1682 1649//1649
f 1649//1649 1682//1682 1683//1683
f 1649//1649 1683//1683 1650//1650
f 1650//1650 1683//1683 1684//1684
f 1650//1650 1684//1684 1651//1651
f 1651//1651 1684//1684 1685//1685
f 1651//1651 1685//1685 1652//1652
f 1652//1652 1685//1685 1686//1686
f 1652//1652 1686//1686 1653//1653
f 1653//1653 1686//1686 1687//1687
f 1653//1653 1687//1687 1654//1654
f 1654//1654 1687//1687 1688//1688
f 1654//1654 1688//1688 1655//1655
f 1655//1655 1688//1688 1689//1689
f 1655//1655 1689//1689 1656//1656
f 1656//1656 1689//1689 1690//1690
f 1656//1656 1690//1690 1657//1657
f 1657//1657 1690//1690 1691//1691
f 1657//1657 1691//1691 1658//1658
f 1658//1658 1691//1691 1692//1692
f 1658//1658 1692//1692 1659//1659
f 1659//1659 1692//1692 1693//1693
f 1659//1659 1693//1693 1660//1660
f 1660//1660 1693//1693 1694//1694
f 1660//1660 1694//1694 1661//1661
f 1661//1661 1694//1694 1695//1695
f 1661//1661 1695//1695 1662//1662
f 1662//1662 1695//1695 1696//1696
f 1662//1662 1696//1696 1663//1663
f 1663//1663 1696//1696 1697//1697
f 1663//1663 1697//1697 1664//1664
f 1664//1664 1697//1697 1698//1698
f 1664//1664 1698//1698 1665//1665
f 1665//1665 1698//1698 1699//1699
f 1665//1665 1699//1699 1666//1666
f 1666//1666 1699//1699 1700//1700
f 1666//1666 1700//1700 1667//1667
f 1667//1667 1700//1700 1701//1701
f 1667//1667 1701//1701 1668//1668
f 1668//1668 1701//1701 1702//1702
f 1668//1668 1702//1702 1669//1669
f 1669//1669 1702//1702 1703//1703
f 1669//1669 1703//1703 1670//1670
f 1670//1670 1703//1703 1704//1704
f 1670//1670 1704//1704 1671//1671
f 1671//1671 1704//1704 1705//1705
f 1671//1671 1705//1705 1672//1672
f 1672//1672 1705//1705 1706//1706
f 1672//1672 1706//1706 1673//1673
f 1673//1673 1706//1706 1707//1707
f 1673//1673 1707//1707 1674//1674
f 1674//1674 1707//1707 1708//1708
f 1674//1674 1708//1708 1675//1675
f 1675//1675 1708//1708 1709//1709
f 1675//1675 1709//1709 1676//1676
f 1676//1676 1709//1709 1710//1710
f 1676//1676 1710//1710 1711//1711
f 781//781 1974//1974 1570//1570
f 1571//1571 1785//1785 1502//1502
f 1642//1642 1641//1641 1713//1713
f 1642//1642 1713//1713 1677//1677
f 1677//1677 1713//1713 1714//1714
f 1677//1677 1714//1714 1678//1678
f 1678//1678 1714//1714 1715//1715
f 1678//1678 1715//1715 1679//1679
f 1679//1679 1715//1715 1716//1716
f 1679//1679 1716//1716 1680//1680
f 1680//1680 1716//1716 1717//1717
f 1680//1680 1717//1717 1681//1681
f 1681//1681 1717//1717 1718//1718
f 1681//1681 1718//1718 1682//1682
f 1682//1682 1718//1718 1719//1719
f 1682//1682 1719//1719 1683//1683
f 1683//1683 1719//1719 1720//1720
f 1683//1683 1720//1720 1684//1684
f 1684//1684 1720//1720 1721//1721
f 1684//1684 1721//1721 1685//1685
f 1685//1685 1721//1721 1722//1722
f 1685//1685 1722//1722 1686//1686
f 1686//1686 1722//1722 1723//1723
f 1686//1686 1723//1723 1687//1687
f 1687//1687 1723//1723 1724//1724
f 1687//1687 1724//1724 1688//1688
f 1688//1688 1724//1724 1725//1725
f 1688//1688 1725//1725 1689//1689
f 1689//1689 1725//1725 1726//1726
f 1689//1689 1726//1726 1690//1690
f 1690//1690 1726//1726 1727//1727
f 1690//1690 1727//1727 1691//1691
f 1691//1691 1727//1727 1728//1728
f 1691//1691 1728//1728 1692//1692
f 1692//1692 1728//1728 1729//1729
f 1692//1692 1729//1729 1693//1693
f 1693//1693 1729//1729 1730//1730
f 1693//1693 1730//1730 1694//1694
f 1694//1694 1730//1730 1731//1731
f 1694//1694 1731//1731 1695//1695
f 1695//1695 1731//1731 1732//1732
f 1695//1695 1732//1732 1696//1696
f 1696//1696 1732//1732 1733//1733
f 1696//1696 1733//1733 1697//1697
f 1697//1697 1733//1733 1734//1734
f 1697//1697 1734//1734 1698//1698
f 1698//1698 1734//1734 1735//1735
f 1698//1698 1735//1735 1699//1699
f 1699//1699 1735//1735 1736//1736
f 1699//1699 1736//1736 1700//1700
f 1700//1700 1736//1736 1737//1737
f 1700//1700 1737//1737 1701//1701
f 1701//1701 1737//1737 1738//1738
f 1701//1701 1738//1738 1702//1702
f 1702//1702 1738//1738 1739//1739
f 1702//1702 1739//1739 1703//1703
f 1703//1703 1739//1739 1740//1740
f 1703//1703 1740//1740 1704//1704
f 1704//1704 1740//1740 1741//1741
f 1704//1704 1741//1741 1705//1705
f 1705//1705 1741//1741 1742//1742
f 1705//1705 1742//1742 1706//1706
f 1706//1706 1742//1742 1743//1743
f 1706//1706 1743//1743 1707//1707
f 1707//1707 1743//1743 1744//1744
f 1707//1707 1744//1744 1708//1708
f 1708//1708 1744//1744 1745//1745
f 1708//1708 1745//1745 1709//1709
f 1709//1709 1745//1745 1746//1746
f 1709//1709 1746//1746 1710//1710
f 1710//1710 1746//1746 1747//1747
f 1710//1710 1747//1747 1711//1711
f 1711//1711 1747//1747 1784//1784
f 1711//1711 1784//1784 1467//1467
f 1467//1467 1784//1784 1860//1860
f 1467//1467 1860//1860 2044//2044
f 1466//1466 1898//1898 1748//1748
f 1714//1714 1713//1713 1750//1750
f 1714//1714 1750//1750 1715//1715
f 1715//1715 1750//1750 1751//1751
f 1715//1715 1751//1751 1716//1716
f 1716//1716 1751//1751 1752//1752
f 1716//1716 1752//1752 1717//1717
f 1717//1717 1752//1752 1753//1753
f 1717//1717 1753//1753 1718//1718
f 1718//1718 1753//1753 1754//1754
f 1718//1718 1754//1754 1719//1719
f 1719//1719 1754//1754 1755//1755
f 1719//1719 1755//1755 1720//1720
f 1720//1720 1755//1755 1756//1756
f 1720//1720 1756//1756 1721//1721
f 1721//1721 1756//1756 1757//1757
f 1721//1721 1757//1757 1722//1722
f 1722//1722 1757//1757 1758//1758
f 1722//1722 1758//1758 1723//1723
f 1723//1723 1758//1758 1759//1759
f 1723//1723 1759//1759 1724//1724
f 1724//1724 1759//1759 1760//1760
f 1724//1724 1760//1760 1725//1725
f 1725//1725 1760//1760 1761//1761
f 1725//1725 1761//1761 1726//1726
f 1726//1726 1761//1761 1762//1762
f 1726//1726 1762//1762 1727//1727
f 1727//1727 1762//1762 1763//1763
f 1727//1727 1763//1763 1728//1728
f 1728//1728 1763//1763 1764//1764
f 1728//1728 1764//1764 1729//1729
f 1729//1729 1764//1764 1765//1765
f 1729//1729 1765//1765 1730//1730
f 1730//1730 1765//1765 1766//1766
f 1730//1730 1766//1766 1731//1731
f 1731//1731 1766//1766 1767//1767
f 1731//1731 1767//1767 1732//1732
f 1732//1732 1767//1767 1768//1768
f 1732//1732 1768//1768 1733//1733
f 1733//1733 1768//1768 1769//1769
f 1733//1733 1769//1769 1734//1734
f 1734//1734 1769//1769 1770//1770
f 1734//1734 1770//1770 1735//1735
f 1735//1735 1770//1770 1771//1771
f 1735//1735 1771//1771 1736//1736
f 1736//1736 1771//1771 1772//1772
f 1736//1736 1772//1772 1737//1737
f 1737//1737 1772//1772 1773//1773
f 1737//1737 1773//1773 1738//1738
f 1738//1738 1773//1773 1774//1774
f 1738//1738 1774//1774 1739//1739
f 1739//1739 1774//1774 1775//1775
f 1739//1739 1775//1775 1740//1740
f 1740//1740 1775//1775 1776//1776
f 1740//1740 1776//1776 1741//1741
f 1741//1741 1776//1776 1777//1777
f 1741//1741 1777//1777 1742//1742
f 1742//1742 1777//1777 1778//1778
f 1742//1742 1778//1778 1743//1743
f 1743//1743 1778//1778 1779//1779
f 1743//1743 1779//1779 1744//1744
f 1744//1744 1779//1779 1780//1780
f 1744//1744 1780//1780 1745//1745
f 1745//1745 1780//1780 1781//1781
f 1745//1745 1781//1781 1746//1746
f 1746//1746 1781//1781 1782//1782
f 1746//1746 1782//1782 1747//1747
f 1747//1747 1782//1782 1783//1783
f 1747//1747 1783//1783 1784//1784
f 1502//1502 1861//1861 1501//1501
f 1641//1641 2067//2067 1787//1787
f 1641//1641 1787//1787 1713//1713
f 1713//1713 1787//1787 1788//1788
f 1713//1713 1788//1788 1750//1750
f 1750//1750 1788//1788 1789//1789
f 1750//1750 1789//1789 1751//1751
f 1751//1751 1789//1789 1790//1790
f 1751//1751 1790//1790 1752//1752
f 1752//1752 1790//1790 1791//1791
f 1752//1752 1791//1791 1753//1753
f 1753//1753 1791//1791 1792//1792
f 1753//1753 1792//1792 1754//1754
f 1754//1754 1792//1792 1793//1793
f 1754//1754 1793//1793 1755//1755
f 1755//1755 1793//1793 1794//1794
f 1755//1755 1794//1794 1756//1756
f 1756//1756 1794//1794 1795//1795
f 1756//1756 1795//1795 1757//1757
f 1757//1757 1795//1795 1796//1796
f 1757//1757 1796//1796 1758//1758
f 1758//1758 1796//1796 1797//1797
f 1758//1758 1797//1797 1759//1759
f 1759//1759 1797//1797 1798//1798
f 1759//1759 1798//1798 1760//1760
f 1760//1760 1798//1798 1799//1799
f 1760//1760 1799//1799 1761//1761
f 1761//1761 1799//1799 1800//1800
f 1761//1761 1800//1800 1762//1762
f 1762//1762 1800//1800 1801//1801
f 1762//1762 1801//1801 1763//1763
f 1763//1763 1801//1801 1802//1802
f 1763//1763 1802//1802 1764//1764
f 1764//1764 1802//1802 1803//1803
f 1764//1764 1803//1803 1765//1765
f 1765//1765 1803//1803 1804//1804
f 1765//1765 1804//1804 1766//1766
f 1766//1766 1804//1804 1805//1805
f 1766//1766 1805//1805 1767//1767
f 1767//1767 1805//1805 1806//1806
f 1767//1767 1806//1806 1768//1768
f 1768//1768 1806//1806 1807//1807
f 1768//1768 1807//1807 1769//1769
f 1769//1769 1807//1807 1808//1808
f 1769//1769 1808//1808 1770//1770
f 1770//1770 1808//1808 1809//1809
f 1770//1770 1809//1809 1771//1771
f 1771//1771 1809//1809 1810//1810
f 1771//1771 1810//1810 1772//1772
f 1772//1772 1810//1810 1811//1811
f 1772//1772 1811//1811 1773//1773
f 1773//1773 1811//1811 1812//1812
f 1773//1773 1812//1812 1774//1774
f 1774//1774 1812//1812 1813//1813
f 1774//1774 1813//1813 1775//1775
f 1775//1775 1813//1813 1814//1814
f 1775//1775 1814//1814 1776//1776
f 1776//1776 1814//1814 1815//1815
f 1776//1776 1815//1815 1777//1777
f 1777//1777 1815//1815 1816//1816
f 1777//1777 1816//1816 1778//1778
f 1778//1778 1816//1816 1817//1817
f 1778//1778 1817//1817 1779//1779
f 1779//1779 1817//1817 1818//1818
f 1779//1779 1818//1818 1780//1780
f 1780//1780 1818//1818 1819//1819
f 1780//1780 1819//1819 1781//1781
f 1781//1781 1819//1819 1820//1820
f 1781//1781 1820//1820 1782//1782
f 1782//1782 1820//1820 1821//1821
f 1782//1782 1821//1821 1783//1783
f 1783//1783 1821//1821 1822//1822
f 1783//1783 1822//1822 1784//1784
f 1784//1784 1822//1822 1823//1823
f 1784//1784 1823//1823 1860//1860
f 1501//1501 1861//1861 1899//1899
f 1788//1788 1787//1787 1824//1824
f 1788//1788 1824//1824 1789//1789
f 1789//1789 1824//1824 1825//1825
f 1789//1789 1825//1825 1790//1790
f 1790//1790 1825//1825 1826//1826
f 1790//1790 1826//1826 1791//1791
f 1791//1791 1826//1826 1827//1827
f 1791//1791 1827//1827 1792//1792
f 1792//1792 1827//1827 1828//1828
f 1792//1792 1828//1828 1793//1793
f 1793//1793 1828//1828 1829//1829
f 1793//1793 1829//1829 1794//1794
f 1794//1794 1829//1829 1830//1830
f 1794//1794 1830//1830 1795//1795
f 1795//1795 1830//1830 1831//1831
f 1795//1795 1831//1831 1796//1796
f 1796//1796 1831//1831 1832//1832
f 1796//1796 1832//1832 1797//1797
f 1797//1797 1832//1832 1833//1833
f 1797//1797 1833//1833 1798//1798
f 1798//1798 1833//1833 1834//1834
f 1798//1798 1834//1834 1799//1799
f 1799//1799 1834//1834 1835//1835
f 1799//1799 1835//1835 1800//1800
f 1800//1800 1835//1835 1836//1836
f 1800//1800 1836//1836 1801//1801
f 1801//1801 1836//1836 1837//1837
f 1801//1801 1837//1837 1802//1802
f 1802//1802 1837//1837 1838//1838
f 1802//1802 1838//1838 1803//1803
f 1803//1803 1838//1838 1839//1839
f 1803//1803 1839//1839 1804//1804
f 1804//1804 1839//1839 1840//1840
f 1804//1804 1840//1840 1805//1805
f 1805//1805 1840//1840 1841//1841
f 1805//1805 1841//1841 1806//1806
f 1806//1806 1841//1841 1842//1842
f 1806//1806 1842//1842 1807//1807
f 1807//1807 1842//1842 1843//1843
f 1807//1807 1843//1843 1808//1808
f 1808//1808 1843//1843 1844//1844
f 1808//1808 1844//1844 1809//1809
f 1809//1809 1844//1844 1845//1845
f 1809//1809 1845//1845 1810//1810
f 1810//1810 1845//1845 1846//1846
f 1810//1810 1846//1846 1811//1811
f 1811//1811 1846//1846 1847//1847
f 1811//1811 1847//1847 1812//1812
f 1812//1812 1847//1847 1848//1848
f 1812//1812 1848//1848 1813//1813
f 1813//1813 1848//1848 1849//1849
f 1813//1813 1849//1849 1814//1814
f 1814//1814 1849//1849 1850//1850
f 1814//1814 1850//1850 1815//1815
f 1815//1815 1850//1850 1851//1851
f 1815//1815 1851//1851 1816//1816
f 1816//1816 1851//1851 1852//1852
f 1816//1816 1852//1852 1817//1817
f 1817//1817 1852//1852 1853//1853
f 1817//1817 1853//1853 1818//1818
f 1818//1818 1853//1853 1854//1854
f 1818//1818 1854//1854 1819//1819
f 1819//1819 1854//1854 1855//1855
f 1819//1819 1855//1855 1820//1820
f 1820//1820 1855//1855 1856//1856
f 1820//1820 1856//1856 1821//1821
f 1821//1821 1856//1856 1857//1857
f 1821//1821 1857//1857 1822//1822
f 1822//1822 1857//1857 1858//1858
f 1822//1822 1858//1858 1823//1823
f 1823//1823 1858//1858 1859//1859
f 1823//1823 1859//1859 1860//1860
f 1785//1785 1749//1749 1861//1861
f 1785//1785 1861//1861 1502//1502
f 1787//1787 2067//2067 1862//1862
f 1787//1787 1862//1862 1824//1824
f 1824//1824 1862//1862 1863//1863
f 1824//1824 1863//1863 1825//1825
f 1825//1825 1863//1863 1864//1864
f 1825//1825 1864//1864 1826//1826
f 1826//1826 1864//1864 1865//1865
f 1826//1826 1865//1865 1827//1827
f 1827//1827 1865//1865 1866//1866
f 1827//1827 1866//1866 1828//1828
f 1828//1828 1866//1866 1867//1867
f 1828//1828 1867//1867 1829//1829
f 1829//1829 1867//1867 1868//1868
f 1829//1829 1868//1868 1830//1830
f 1830//1830 1868//1868 1869//1869
f 1830//1830 1869//1869 1831//1831
f 1831//1831 1869//1869 1870//1870
f 1831//1831 1870//1870 1832//1832
f 1832//1832 1870//1870 1871//1871
f 1832//1832 1871//1871 1833//1833
f 1833//1833 1871//1871 1872//1872
f 1833//1833 1872//1872 1834//1834
f 1834//1834 1872//1872 1873//1873
f 1834//1834 1873//1873 1835//1835
f 1835//1835 1873//1873 1874//1874
f 1835//1835 1874//1874 1836//1836
f 1836//1836 1874//1874 1875//1875
f 1836//1836 1875//1875 1837//1837
f 1837//1837 1875//1875 1876//1876
f 1837//1837 1876//1876 1838//1838
f 1838//1838 1876//1876 1877//1877
f 1838//1838 1877//1877 1839//1839
f 1839//1839 1877//1877 1878//1878
f 1839//1839 1878//1878 1840//1840
f 1840//1840 1878//1878 1879//1879
f 1840//1840 1879//1879 1841//1841
f 1841//1841 1879//1879 1880//1880
f 1841//1841 1880//1880 1842//1842
f 1842//1842 1880//1880 1881//1881
f 1842//1842 1881//1881 1843//1843
f 1843//1843 1881//1881 1882//1882
f 1843//1843 1882//1882 1844//1844
f 1844//1844 1882//1882 1883//1883
f 1844//1844 1883//1883 1845//1845
f 1845//1845 1883//1883 1884//1884
f 1845//1845 1884//1884 1846//1846
f 1846//1846 1884//1884 1885//1885
f 1846//1846 1885//1885 1847//1847
f 1847//1847 1885//1885 1886//1886
f 1847//1847 1886//1886 1848//1848
f 1848//1848 1886//1886 1887//1887
f 1848//1848 1887//1887 1849//1849
f 1849//1849 1887//1887 1888//1888
f 1849//1849 1888//1888 1850//1850
f 1850//1850 1888//1888 1889//1889
f 1850//1850 1889//1889 1851//1851
f 1851//1851 1889//1889 1890//1890
f 1851//1851 1890//1890 1852//1852
f 1852//1852 1890//1890 1891//1891
f 1852//1852 1891//1891 1853//1853
f 1853//1853 1891//1891 1892//1892
f 1853//1853 1892//1892 1854//1854
f 1854//1854 1892//1892 1893//1893
f 1854//1854 1893//1893 1855//1855
f 1855//1855 1893//1893 1894//1894
f 1855//1855 1894//1894 1856//1856
f 1856//1856 1894//1894 1895//1895
f 1856//1856 1895//1895 1857//1857
f 1857//1857 1895//1895 1896//1896
f 1857//1857 1896//1896 1858//1858
f 1858//1858 1896//1896 1897//1897
f 1858//1858 1897//1897 1859//1859
f 1859//1859 1897//1897 2066//2066
f 1859//1859 2066//2066 1860//1860
f 1860//1860 2066//2066 1973//1973
f 1860//1860 1973//1973 2044//2044
f 1606//1606 2044//2044 1898//1898
f 1748//1748 1898//1898 1974//1974
f 1863//1863 1862//1862 1900//1900
f 1863//1863 1900//1900 1864//1864
f 1864//1864 1900//1900 1901//1901
f 1864//1864 1901//1901 1865//1865
f 1865//1865 1901//1901 1902//1902
f 1865//1865 1902//1902 1866//1866
f 1866//1866 1902//1902 1903//1903
f 1866//1866 1903//1903 1867//1867
f 1867//1867 1903//1903 1904//1904
f 1867//1867 1904//1904 1868//1868
f 1868//1868 1904//1904 1905//1905
f 1868//1868 1905//1905 1869//1869
f 1869//1869 1905//1905 1906//1906
f 1869//1869 1906//1906 1870//1870
f 1870//1870 1906//1906 1907//1907
f 1870//1870 1907//1907 1871//1871
f 1871//1871 1907//1907 1908//1908
f 1871//1871 1908//1908 1872//1872
f 1872//1872 1908//1908 1909//1909
f 1872//1872 1909//1909 1873//1873
f 1873//1873 1909//1909 1910//1910
f 1873//1873 1910//1910 1874//1874
f 1874//1874 1910//1910 1911//1911
f 1874//1874 1911//1911 1875//1875
f 1875//1875 1911//1911 1912//1912
f 1875//1875 1912//1912 1876//1876
f 1876//1876 1912//1912 1913//1913
f 1876//1876 1913//1913 1877//1877
f 1877//1877 1913//1913 1914//1914
f 1877//1877 1914//1914 1878//1878
f 1878//1878 1914//1914 1915//1915
f 1878//1878 1915//1915 1879//1879
f 1879//1879 1915//1915 1916//1916
f 1879//1879 1916//1916 1880//1880
f 1880//1880 1916//1916 1917//1917
f 1880//1880 1917//1917 1881//1881
f 1881//1881 1917//1917 1918//1918
f 1881//1881 1918//1918 1882//1882
f 1882//1882 1918//1918 1919//1919
f 1882//1882 1919//1919 1883//1883
f 1883//1883 1919//1919 1920//1920
f 1883//1883 1920//1920 1884//1884
f 1884//1884 1920//1920 1921//1921
f 1884//1884 1921//1921 1885//1885
f 1885//1885 1921//1921 1922//1922
f 1885//1885 1922//1922 1886//1886
f 1886//1886 1922//1922 1923//1923
f 1886//1886 1923//1923 1887//1887
f 1887//1887 1923//1923 1924//1924
f 1887//1887 1924//1924 1888//1888
f 1888//1888 1924//1924 1925//1925
f 1888//1888 1925//1925 1889//1889
f 1889//1889 1925//1925 1926//1926
f 1889//1889 1926//1926 1890//1890
f 1890//1890 1926//1926 1927//1927
f 1890//1890 1927//1927 1891//1891
f 1891//1891 1927//1927 1928//1928
f 1891//1891 1928//1928 1892//1892
f 1892//1892 1928//1928 1929//1929
f 1892//1892 1929//1929 1893//1893
f 1893//1893 1929//1929 1930//1930
f 1893//1893 1930//1930 1894//1894
f 1894//1894 1930//1930 1931//1931
f 1894//1894 1931//1931 1895//1895
f 1895//1895 1931//1931 1932//1932
f 1895//1895 1932//1932 1896//1896
f 1896//1896 1932//1932 1933//1933
f 1896//1896 1933//1933 1897//1897
f 1897//1897 1933//1933 1934//1934
f 1897//1897 1934//1934 2066//2066
f 2090//2090 1935//1935 1749//1749
f 1899//1899 1861//1861 659//659
f 1899//1899 659//659 1786//1786
f 1786//1786 659//659 2067//2067
f 2067//2067 1936//1936 1862//1862
f 1862//1862 1936//1936 1937//1937
f 1862//1862 1937//1937 1900//1900
f 1900//1900 1937//1937 1938//1938
f 1900//1900 1938//1938 1901//1901
f 1901//1901 1938//1938 1939//1939
f 1901//1901 1939//1939 1902//1902
f 1902//1902 1939//1939 1940//1940
f 1902//1902 1940//1940 1903//1903
f 1903//1903 1940//1940 1941//1941
f 1903//1903 1941//1941 1904//1904
f 1904//1904 1941//1941 1942//1942
f 1904//1904 1942//1942 1905//1905
f 1905//1905 1942//1942 1943//1943
f 1905//1905 1943//1943 1906//1906
f 1906//1906 1943//1943 1944//1944
f 1906//1906 1944//1944 1907//1907
f 1907//1907 1944//1944 1945//1945
f 1907//1907 1945//1945 1908//1908
f 1908//1908 1945//1945 1946//1946
f 1908//1908 1946//1946 1909//1909
f 1909//1909 1946//1946 1947//1947
f 1909//1909 1947//1947 1910//1910
f 1910//1910 1947//1947 1948//1948
f 1910//1910 1948//1948 1911//1911
f 1911//1911 1948//1948 1949//1949
f 1911//1911 1949//1949 1912//1912
f 1912//1912 1949//1949 1950//1950
f 1912//1912 1950//1950 1913//1913
f 1913//1913 1950//1950 1951//1951
f 1913//1913 1951//1951 1914//1914
f 1914//1914 1951//1951 1952//1952
f 1914//1914 1952//1952 1915//1915
f 1915//1915 1952//1952 1953//1953
f 1915//1915 1953//1953 1916//1916
f 1916//1916 1953//1953 1954//1954
f 1916//1916 1954//1954 1917//1917
f 1917//1917 1954//1954 1955//1955
f 1917//1917 1955//1955 1918//1918
f 1918//1918 1955//1955 1956//1956
f 1918//1918 1956//1956 1919//1919
f 1919//1919 1956//1956 1957//1957
f 1919//1919 1957//1957 1920//1920
f 1920//1920 1957//1957 1958//1958
f 1920//1920 1958//1958 1921//1921
f 1921//1921 1958//1958 1959//1959
f 1921//1921 1959//1959 1922//1922
f 1922//1922 1959//1959 1960//1960
f 1922//1922 1960//1960 1923//1923
f 1923//1923 1960//1960 1961//1961
f 1923//1923 1961//1961 1924//1924
f 1924//1924 1961//1961 1962//1962
f 1924//1924 1962//1962 1925//1925
f 1925//1925 1962//1962 1963//1963
f 1925//1925 1963//1963 1926//1926
f 1926//1926 1963//1963 1964//1964
f 1926//1926 1964//1964 1927//1927
f 1927//1927 1964//1964 1965//1965
f 1927//1927 1965//1965 1928//1928
f 1928//1928 1965//1965 1966//1966
f 1928//1928 1966//1966 1929//1929
f 1929//1929 1966//1966 1967//1967
f 1929//1929 1967//1967 1930//1930
f 1930//1930 1967//1967 1968//1968
f 1930//1930 1968//1968 1931//1931
f 1931//1931 1968//1968 1969//1969
f 1931//1931 1969//1969 1932//1932
f 1932//1932 1969//1969 1970//1970
f 1932//1932 1970//1970 1933//1933
f 1933//1933 1970//1970 1971//1971
f 1933//1933 1971//1971 1934//1934
f 1934//1934 1971//1971 1972//1972
f 1934//1934 1972//1972 2066//2066
f 1937//1937 1936//1936 1975//1975
f 1937//1937 1975//1975 1938//1938
f 1938//1938 1975//1975 1976//1976
f 1938//1938 1976//1976 1939//1939
f 1939//1939 1976//1976 1977//1977
f 1939//1939 1977//1977 1940//1940
f 1940//1940 1977//1977 1978//1978
f 1940//1940 1978//1978 1941//1941
f 1941//1941 1978//1978 1979//1979
f 1941//1941 1979//1979 1942//1942
f 1942//1942 1979//1979 1980//1980
f 1942//1942 1980//1980 1943//1943
f 1943//1943 1980//1980 1981//1981
f 1943//1943 1981//1981 1944//1944
f 1944//1944 1981//1981 1982//1982
f 1944//1944 1982//1982 1945//1945
f 1945//1945 1982//1982 1983//1983
f 1945//1945 1983//1983 1946//1946
f 1946//1946 1983//1983 1984//1984
f 1946//1946 1984//1984 1947//1947
f 1947//1947 1984//1984 1985//1985
f 1947//1947 1985//1985 1948//1948
f 1948//1948 1985//1985 1986//1986
f 1948//1948 1986//1986 1949//1949
f 1949//1949 1986//1986 1987//1987
f 1949//1949 1987//1987 1950//1950
f 1950//1950 1987//1987 1988//1988
f 1950//1950 1988//1988 1951//1951
f 1951//1951 1988//1988 1989//1989
f 1951//1951 1989//1989 1952//1952
f 1952//1952 1989//1989 1990//1990
f 1952//1952 1990//1990 1953//1953
f 1953//1953 1990//1990 1991//1991
f 1953//1953 1991//1991 1954//1954
f 1954//1954 1991//1991 1992//1992
f 1954//1954 1992//1992 1955//1955
f 1955//1955 1992//1992 1993//1993
f 1955//1955 1993//1993 1956//1956
f 1956//1956 1993//1993 1994//1994
f 1956//1956 1994//1994 1957//1957
f 1957//1957 1994//1994 1995//1995
f 1957//1957 1995//1995 1958//1958
f 1958//1958 1995//1995 1996//1996
f 1958//1958 1996//1996 1959//1959
f 1959//1959 1996//1996 1997//1997
f 1959//1959 1997//1997 1960//1960
f 1960//1960 1997//1997 1998//1998
f 1960//1960 1998//1998 1961//1961
f 1961//1961 1998//1998 1999//1999
f 1961//1961 1999//1999 1962//1962
f 1962//1962 1999//1999 2000//2000
f 1962//1962 2000//2000 1963//1963
f 1963//1963 2000//2000 2001//2001
f 1963//1963 2001//2001 1964//1964
f 1964//1964 2001//2001 2002//2002
f 1964//1964 2002//2002 1965//1965
f 1965//1965 2002//2002 2003//2003
f 1965//1965 2003//2003 1966//1966
f 1966//1966 2003//2003 2004//2004
f 1966//1966 2004//2004 1967//1967
f 1967//1967 2004//2004 2005//2005
f 1967//1967 2005//2005 1968//1968
f 1968//1968 2005//2005 2006//2006
f 1968//1968 2006//2006 1969//1969
f 1969//1969 2006//2006 2007//2007
f 1969//1969 2007//2007 1970//1970
f 1970//1970 2007//2007 2008//2008
f 1970//1970 2008//2008 1971//1971
f 1971//1971 2008//2008 2009//2009
f 1971//1971 2009//2009 1972//1972
f 1972//1972 2009//2009 2010//2010
f 1972//1972 2010//2010 2066//2066
f 1936//1936 2067//2067 2011//2011
f 1936//1936 2011//2011 1975//1975
f 1975//1975 2011//2011 2012//2012
f 1975//1975 2012//2012 1976//1976
f 1976//1976 2012//2012 2013//2013
f 1976//1976 2013//2013 1977//1977
f 1977//1977 2013//2013 2014//2014
f 1977//1977 2014//2014 1978//1978
f 1978//1978 2014//2014 2015//2015
f 1978//1978 2015//2015 1979//1979
f 1979//1979 2015//2015 2016//2016
f 1979//1979 2016//2016 1980//1980
f 1980//1980 2016//2016 2017//2017
f 1980//1980 2017//2017 1981//1981
f 1981//1981 2017//2017 2018//2018
f 1981//1981 2018//2018 1982//1982
f 1982//1982 2018//2018 2019//2019
f 1982//1982 2019//2019 1983//1983
f 1983//1983 2019//2019 2020//2020
f 1983//1983 2020//2020 1984//1984
f 1984//1984 2020//2020 2021//2021
f 1984//1984 2021//2021 1985//1985
f 1985//1985 2021//2021 2022//2022
f 1985//1985 2022//2022 1986//1986
f 1986//1986 2022//2022 2023//2023
f 1986//1986 2023//2023 1987//1987
f 1987//1987 2023//2023 2024//2024
f 1987//1987 2024//2024 1988//1988
f 1988//1988 2024//2024 2025//2025
f 1988//1988 2025//2025 1989//1989
f 1989//1989 2025//2025 2026//2026
f 1989//1989 2026//2026 1990//1990
f 1990//1990 2026//2026 2027//2027
f 1990//1990 2027//2027 1991//1991
f 1991//1991 2027//2027 2028//2028
f 1991//1991 2028//2028 1992//1992
f 1992//1992 2028//2028 2029//2029
f 1992//1992 2029//2029 1993//1993
f 1993//1993 2029//2029 2030//2030
f 1993//1993 2030//2030 1994//1994
f 1994//1994 2030//2030 2031//2031
f 1994//1994 2031//2031 1995//1995
f 1995//1995 2031//2031 2032//2032
f 1995//1995 2032//2032 1996//1996
f 1996//1996 2032//2032 2033//2033
f 1996//1996 2033//2033 1997//1997
f 1997//1997 2033//2033 2034//2034
f 1997//1997 2034//2034 1998//1998
f 1998//1998 2034//2034 2035//2035
f 1998//1998 2035//2035 1999//1999
f 1999//1999 2035//2035 2036//2036
f 1999//1999 2036//2036 2000//2000
f 2000//2000 2036//2036 2037//2037
f 2000//2000 2037//2037 2001//2001
f 2001//2001 2037//2037 2038//2038
f 2001//2001 2038//2038 2002//2002
f 2002//2002 2038//2038 2039//2039
f 2002//2002 2039//2039 2003//2003
f 2003//2003 2039//2039 2040//2040
f 2003//2003 2040//2040 2004//2004
f 2004//2004 2040//2040 2041//2041
f 2004//2004 2041//2041 2005//2005
f 2005//2005 2041//2041 2042//2042
f 2005//2005 2042//2042 2006//2006
f 2006//2006 2042//2042 649//649
f 2006//2006 649//649 2007//2007
f 2008//2008 2007//2007 2009//2009
f 2009//2009 2007//2007 2043//2043
f 2009//2009 2043//2043 2010//2010
f 2010//2010 2043//2043 2066//2066
f 2011//2011 2067//2067 2045//2045
f 2011//2011 2045//2045 2012//2012
f 2012//2012 2045//2045 2046//2046
f 2012//2012 2046//2046 2013//2013
f 2013//2013 2046//2046 2047//2047
f 2013//2013 2047//2047 2014//2014
f 2014//2014 2047//2047 2048//2048
f 2014//2014 2048//2048 2015//2015
f 2015//2015 2048//2048 2049//2049
f 2015//2015 2049//2049 2016//2016
f 2016//2016 2049//2049 2050//2050
f 2016//2016 2050//2050 2017//2017
f 2017//2017 2050//2050 2051//2051
f 2017//2017 2051//2051 2018//2018
f 2018//2018 2051//2051 2052//2052
f 2018//2018 2052//2052 2019//2019
f 2019//2019 2052//2052 2053//2053
f 2019//2019 2053//2053 2020//2020
f 2020//2020 2053//2053 2054//2054
f 2020//2020 2054//2054 2021//2021
f 2021//2021 2054//2054 2055//2055
f 2021//2021 2055//2055 2022//2022
f 2022//2022 2055//2055 2056//2056
f 2022//2022 2056//2056 2023//2023
f 2023//2023 2056//2056 2057//2057
f 2023//2023 2057//2057 2024//2024
f 2024//2024 2057//2057 2058//2058
f 2024//2024 2058//2058 2025//2025
f 2025//2025 2058//2058 2059//2059
f 2025//2025 2059//2059 2026//2026
f 2026//2026 2059//2059 2060//2060
f 2026//2026 2060//2060 2027//2027
f 2027//2027 2060//2060 2061//2061
f 2027//2027 2061//2061 2028//2028
f 2028//2028 2061//2061 2062//2062
f 2028//2028 2062//2062 2029//2029
f 2029//2029 2062//2062 2063//2063
f 2029//2029 2063//2063 2030//2030
f 2030//2030 2063//2063 2064//2064
f 2030//2030 2064//2064 2031//2031
f 2031//2031 2064//2064 2065//2065
f 2031//2031 2065//2065 2032//2032
f 2032//2032 2065//2065 633//633
f 2032//2032 633//633 2033//2033
f 2033//2033 633//633 632//632
f 2033//2033 632//632 2034//2034
f 2034//2034 632//632 631//631
f 2034//2034 631//631 2035//2035
f 2035//2035 631//631 639//639
f 2035//2035 639//639 2036//2036
f 2036//2036 639//639 638//638
f 2036//2036 638//638 2037//2037
f 2037//2037 638//638 637//637
f 2037//2037 637//637 2038//2038
f 2038//2038 637//637 645//645
f 2038//2038 645//645 2039//2039
f 2039//2039 645//645 644//644
f 2039//2039 644//644 2040//2040
f 2040//2040 644//644 643//643
f 2040//2040 643//643 2041//2041
f 2041//2041 643//643 649//649
f 2041//2041 649//649 2042//2042
f 2045//2045 2067//2067 2068//2068
f 2045//2045 2068//2068 2046//2046
f 2046//2046 2068//2068 2069//2069
f 2046//2046 2069//2069 2047//2047
f 2047//2047 2069//2069 2070//2070
f 2047//2047 2070//2070 2048//2048
f 2048//2048 2070//2070 2071//2071
f 2048//2048 2071//2071 2049//2049
f 2049//2049 2071//2071 2072//2072
f 2049//2049 2072//2072 2050//2050
f 2050//2050 2072//2072 2073//2073
f 2050//2050 2073//2073 2051//2051
f 2051//2051 2073//2073 2074//2074
f 2051//2051 2074//2074 2052//2052
f 2052//2052 2074//2074 2075//2075
f 2052//2052 2075//2075 2053//2053
f 2053//2053 2075//2075 2076//2076
f 2053//2053 2076//2076 2054//2054
f 2054//2054 2076//2076 2077//2077
f 2054//2054 2077//2077 2055//2055
f 2055//2055 2077//2077 2078//2078
f 2055//2055 2078//2078 2056//2056
f 2056//2056 2078//2078 2079//2079
f 2056//2056 2079//2079 2057//2057
f 2057//2057 2079//2079 2080//2080
f 2057//2057 2080//2080 2058//2058
f 2058//2058 2080//2080 2081//2081
f 2058//2058 2081//2081 2059//2059
f 2059//2059 2081//2081 2082//2082
f 2059//2059 2082//2082 2060//2060
f 2060//2060 2082//2082 2083//2083
f 2060//2060 2083//2083 2061//2061
f 2061//2061 2083//2083 2084//2084
f 2061//2061 2084//2084 2062//2062
f 2062//2062 2084//2084 2085//2085
f 2062//2062 2085//2085 2063//2063
f 2063//2063 2085//2085 2086//2086
f 2063//2063 2086//2086 2064//2064
f 2064//2064 2086//2086 630//630
f 2064//2064 630//630 2065//2065
f 2065//2065 630//630 633//633
f 2066//2066 2043//2043 1973//1973
f 628//628 630//630 2086//2086
f 628//628 2086//2086 626//626
f 626//626 2086//2086 2085//2085
f 626//626 2085//2085 634//634
f 634//634 2085//2085 2084//2084
f 634//634 2084//2084 635//635
f 635//635 2084//2084 2083//2083
f 635//635 2083//2083 636//636
f 636//636 2083//2083 2082//2082
f 636//636 2082//2082 640//640
f 640//640 2082//2082 2081//2081
f 640//640 2081//2081 641//641
f 641//641 2081//2081 2080//2080
f 641//641 2080//2080 642//642
f 642//642 2080//2080 2079//2079
f 642//642 2079//2079 646//646
f 646//646 2079//2079 2078//2078
f 646//646 2078//2078 647//647
f 647//647 2078//2078 2077//2077
f 647//647 2077//2077 648//648
f 648//648 2077//2077 2076//2076
f 648//648 2076//2076 650//650
f 650//650 2076//2076 2075//2075
f 650//650 2075//2075 651//651
f 651//651 2075//2075 2074//2074
f 651//651 2074//2074 652//652
f 652//652 2074//2074 2073//2073
f 652//652 2073//2073 653//653
f 653//653 2073//2073 2072//2072
f 653//653 2072//2072 654//654
f 654//654 2072//2072 2071//2071
f 654//654 2071//2071 655//655
f 655//655 2071//2071 2070//2070
f 655//655 2070//2070 656//656
f 656//656 2070//2070 2069//2069
f 656//656 2069//2069 657//657
f 657//657 2069//2069 2068//2068
f 657//657 2068//2068 658//658
f 658//658 2068//2068 2067//2067
f 658//658 2067//2067 659//659
f 1749//1749 1935//1935 625//625
f 1215//1215 1272//1272 1935//1935
f 1935//1935 1272//1272 1276//1276
f 1935//1935 1276//1276 1275//1275
f 1216//1216 1215//1215 1218//1218
f 1218//1218 1215//1215 1219//1219
f 1219//1219 1215//1215 2088//2088
f 1221//1221 2088//2088 1223//1223
f 1224//1224 1223//1223 2095//2095
f 1257//1257 1255//1255 2092//2092
f 2092//2092 1255//1255 1253//1253
f 2092//2092 1253//1253 2095//2095
f 2095//2095 1253//1253 1226//1226
f 2092//2092 1263//1263 1261//1261
f 2092//2092 1261//1261 1259//1259
f 2092//2092 1259//1259 1257//1257
f 1247//1247 1250//1250 2094//2094
f 2092//2092 2094//2094 1267//1267
f 2092//2092 1267//1267 1265//1265
f 2092//2092 1265//1265 1263//1263
f 1247//1247 2094//2094 1246//1246
f 1243//1243 1246//1246 1242//1242
f 1242//1242 1246//1246 1239//1239
f 1239//1239 1246//1246 2089//2089
f 1236//1236 2089//2089 2093//2093
f 2090//2090 1015//1015 1246//1246
f 2093//2093 2091//2091 1230//1230
f 1012//1012 1015//1015 2090//2090
f 1246//1246 2092//2092 2090//2090
f 1013//1013 2235//2235 1015//1015
f 1015//1015 2091//2091 1246//1246
f 2090//2090 2088//2088 1935//1935
f 1246//1246 2094//2094 2092//2092
f 2092//2092 2095//2095 2090//2090
f 2090//2090 2095//2095 2088//2088
f 1246//1246 2091//2091 2093//2093
f 2093//2093 2089//2089 1246//1246
f 2088//2088 2095//2095 1223//1223
f 1935//1935 2088//2088 1215//1215
f 1232//1232 2091//2091 1233//1233
f 1233//1233 2091//2091 1229//1229
f 1229//1229 2091//2091 2087//2087
f 693//693 1309//1309 2100//2100
f 1309//1309 1307//1307 2100//2100
f 1258//1258 1260//1260 2098//2098
f 1254//1254 1256//1256 2098//2098
f 1227//1227 1252//1252 1268//1268
f 2096//2096 1274//1274 1273//1273
f 2097//2097 2096//2096 1273//1273
f 2097//2097 1217//1217 1271//1271
f 1270//1270 2097//2097 1271//1271
f 1270//1270 1271//1271 1220//1220
f 1269//1269 1270//1270 1222//1222
f 1268//1268 1270//1270 1269//1269
f 1268//1268 1269//1269 1225//1225
f 2098//2098 1270//1270 1268//1268
f 2098//2098 1268//1268 1252//1252
f 2098//2098 1252//1252 1254//1254
f 2098//2098 1256//1256 1258//1258
f 1260//1260 1262//1262 2098//2098
f 2098//2098 1262//1262 1264//1264
f 2098//2098 1264//1264 1266//1266
f 1244//1244 2098//2098 1248//1248
f 1266//1266 1251//1251 2098//2098
f 2098//2098 1251//1251 1249//1249
f 2098//2098 1249//1249 1248//1248
f 2100//2100 2098//2098 1244//1244
f 1244//1244 1248//1248 1245//1245
f 1277//1277 2096//2096 1279//1279
f 1279//1279 2096//2096 2099//2099
f 1279//1279 2099//2099 1281//1281
f 1281//1281 2099//2099 1283//1283
f 1283//1283 2099//2099 1285//1285
f 1285//1285 2099//2099 1287//1287
f 1287//1287 2099//2099 1289//1289
f 1289//1289 2099//2099 1291//1291
f 1291//1291 2099//2099 1293//1293
f 1293//1293 2099//2099 1295//1295
f 1295//1295 2099//2099 1297//1297
f 1297//1297 2099//2099 1299//1299
f 1299//1299 2099//2099 2100//2100
f 1299//1299 2100//2100 1301//1301
f 1301//1301 2100//2100 1303//1303
f 1303//1303 2100//2100 1305//1305
f 1244//1244 1241//1241 1240//1240
f 1244//1244 1240//1240 1238//1238
f 1234//1234 2100//2100 1244//1244
f 1234//1234 1244//1244 1237//1237
f 1237//1237 1244//1244 1238//1238
f 1307//1307 1305//1305 2100//2100
f 2100//2100 2099//2099 2098//2098
f 2098//2098 2099//2099 1270//1270
f 1270//1270 2099//2099 2097//2097
f 2097//2097 2099//2099 2096//2096
f 1237//1237 1235//1235 1234//1234
f 2100//2100 1234//1234 1231//1231
f 2100//2100 1231//1231 1228//1228
f 693//693 2100//2100 2101//2101
f 2101//2101 2100//2100 2102//2102
f 2102//2102 2100//2100 2103//2103
f 2103//2103 2100//2100 2104//2104
f 2104//2104 2100//2100 2105//2105
f 2105//2105 2100//2100 2106//2106
f 2106//2106 2100//2100 2107//2107
f 2107//2107 2100//2100 2108//2108
f 2108//2108 2100//2100 2109//2109
f 2109//2109 2100//2100 2110//2110
f 2110//2110 2100//2100 2111//2111
f 2111//2111 2100//2100 2112//2112
f 2112//2112 2100//2100 2113//2113
f 2113//2113 2100//2100 2114//2114
f 2114//2114 2100//2100 2115//2115
f 2115//2115 2100//2100 2116//2116
f 2116//2116 2100//2100 2117//2117
f 2117//2117 2100//2100 1228//1228
f 2117//2117 1228//1228 614//614
f 661//661 1343//1343 2118//2118
f 627//627 1278//1278 2118//2118
f 2118//2118 1278//1278 1280//1280
f 2118//2118 1280//1280 1282//1282
f 2118//2118 1282//1282 1284//1284
f 2118//2118 1284//1284 1286//1286
f 2118//2118 1286//1286 1288//1288
f 2118//2118 1288//1288 1290//1290
f 2118//2118 1290//1290 1292//1292
f 2118//2118 1292//1292 1294//1294
f 2118//2118 1294//1294 1296//1296
f 2118//2118 1296//1296 1298//1298
f 2118//2118 1298//1298 1300//1300
f 2118//2118 1300//1300 1302//1302
f 1311//1311 627//627 2118//2118
f 2118//2118 1302//1302 1304//1304
f 1311//1311 2118//2118 1313//1313
f 1313//1313 2118//2118 1315//1315
f 1315//1315 2118//2118 1317//1317
f 1317//1317 2118//2118 1319//1319
f 1319//1319 2118//2118 1321//1321
f 1321//1321 2118//2118 1323//1323
f 1323//1323 2118//2118 1325//1325
f 1325//1325 2118//2118 1327//1327
f 1327//1327 2118//2118 1329//1329
f 1329//1329 2118//2118 1331//1331
f 1331//1331 2118//2118 1333//1333
f 1333//1333 2118//2118 1335//1335
f 1335//1335 2118//2118 1337//1337
f 1337//1337 2118//2118 1339//1339
f 1339//1339 2118//2118 1341//1341
f 2118//2118 1304//1304 1306//1306
f 2118//2118 1306//1306 1308//1308
f 2118//2118 1308//1308 1310//1310
f 661//661 2118//2118 2119//2119
f 2119//2119 2118//2118 2120//2120
f 2120//2120 2118//2118 2121//2121
f 2121//2121 2118//2118 2122//2122
f 2122//2122 2118//2118 2123//2123
f 2123//2123 2118//2118 2124//2124
f 2124//2124 2118//2118 2125//2125
f 2125//2125 2118//2118 2126//2126
f 2126//2126 2118//2118 2127//2127
f 2127//2127 2118//2118 2128//2128
f 2128//2128 2118//2118 2129//2129
f 2129//2129 2118//2118 2130//2130
f 2130//2130 2118//2118 2131//2131
f 2131//2131 2118//2118 2132//2132
f 2132//2132 2118//2118 2133//2133
f 2133//2133 2118//2118 2134//2134
f 2134//2134 2118//2118 2135//2135
f 2135//2135 2118//2118 1310//1310
f 2135//2135 1310//1310 695//695
f 1343//1343 1341//1341 2118//2118
f 682//682 1387//1387 2136//2136
f 629//629 1312//1312 2136//2136
f 2136//2136 1312//1312 1314//1314
f 2136//2136 1314//1314 1316//1316
f 2136//2136 1316//1316 1318//1318
f 2136//2136 1318//1318 1320//1320
f 2136//2136 1320//1320 1322//1322
f 2136//2136 1322//1322 1324//1324
f 2136//2136 1324//1324 1326//1326
f 2136//2136 1326//1326 1328//1328
f 2136//2136 1328//1328 1330//1330
f 2136//2136 1330//1330 1332//1332
f 2136//2136 1332//1332 1334//1334
f 2136//2136 1334//1334 1336//1336
f 1347//1347 629//629 2136//2136
f 2136//2136 1336//1336 1338//1338
f 1347//1347 2136//2136 1350//1350
f 1350//1350 2136//2136 1353//1353
f 1353//1353 2136//2136 1356//1356
f 1356//1356 2136//2136 1359//1359
f 1359//1359 2136//2136 1362//1362
f 1362//1362 2136//2136 1365//1365
f 1365//1365 2136//2136 1368//1368
f 1368//1368 2136//2136 1371//1371
f 1371//1371 2136//2136 1373//1373
f 1373//1373 2136//2136 1375//1375
f 1375//1375 2136//2136 1377//1377
f 1377//1377 2136//2136 1379//1379
f 1379//1379 2136//2136 1381//1381
f 1381//1381 2136//2136 1383//1383
f 1383//1383 2136//2136 1385//1385
f 2136//2136 1338//1338 1340//1340
f 2136//2136 1340//1340 1342//1342
f 2136//2136 1342//1342 1344//1344
f 682//682 2136//2136 2137//2137
f 2137//2137 2136//2136 2138//2138
f 2138//2138 2136//2136 2139//2139
f 2139//2139 2136//2136 2140//2140
f 2140//2140 2136//2136 2141//2141
f 2141//2141 2136//2136 2142//2142
f 2142//2142 2136//2136 2143//2143
f 2143//2143 2136//2136 2144//2144
f 2144//2144 2136//2136 2145//2145
f 2145//2145 2136//2136 2146//2146
f 2146//2146 2136//2136 2147//2147
f 2147//2147 2136//2136 2148//2148
f 2148//2148 2136//2136 2149//2149
f 2149//2149 2136//2136 2150//2150
f 2150//2150 2136//2136 2151//2151
f 2151//2151 2136//2136 2152//2152
f 2152//2152 2136//2136 2153//2153
f 2153//2153 2136//2136 1344//1344
f 2153//2153 1344//1344 662//662
f 1387//1387 1385//1385 2136//2136
f 72//72 1433//1433 2154//2154
f 1433//1433 1431//1431 2154//2154
f 1431//1431 1429//1429 2154//2154
f 660//660 1345//1345 1348//1348
f 1348//1348 1345//1345 1346//1346
f 1354//1354 1348//1348 1351//1351
f 1351//1351 1348//1348 1349//1349
f 1351//1351 1352//1352 1354//1354
f 1360//1360 1354//1354 1355//1355
f 1355//1355 1357//1357 1360//1360
f 1360//1360 1357//1357 1358//1358
f 1366//1366 1360//1360 1363//1363
f 1363//1363 1360//1360 1361//1361
f 2154//2154 1360//1360 1366//1366
f 1363//1363 1364//1364 1366//1366
f 2155//2155 1366//1366 1369//1369
f 1369//1369 1366//1366 1367//1367
f 2155//2155 1369//1369 1370//1370
f 2157//2157 2154//2154 1366//1366
f 2157//2157 1366//1366 2155//2155
f 1370//1370 1372//1372 2155//2155
f 2155//2155 1374//1374 2156//2156
f 2157//2157 2155//2155 2156//2156
f 1390//1390 660//660 2154//2154
f 1390//1390 2154//2154 1391//1391
f 1391//1391 2154//2154 1395//1395
f 1395//1395 2154//2154 1396//1396
f 1396//1396 2154//2154 1400//1400
f 1400//1400 2154//2154 1401//1401
f 1401//1401 2154//2154 1408//1408
f 1408//1408 2154//2154 1406//1406
f 1406//1406 2154//2154 1411//1411
f 1411//1411 2154//2154 1414//1414
f 1414//1414 2154//2154 1416//1416
f 1416//1416 2154//2154 1419//1419
f 1419//1419 2154//2154 1421//1421
f 1421//1421 2154//2154 1424//1424
f 1424//1424 2154//2154 1427//1427
f 2156//2156 1376//1376 2157//2157
f 2157//2157 1378//1378 2158//2158
f 2159//2159 2157//2157 2158//2158
f 2154//2154 2157//2157 2161//2161
f 2161//2161 2157//2157 2159//2159
f 2158//2158 1380//1380 2159//2159
f 2159//2159 1382//1382 2160//2160
f 2161//2161 2159//2159 2160//2160
f 1429//1429 1427//1427 2154//2154
f 1360//1360 2154//2154 1354//1354
f 1354//1354 2154//2154 1348//1348
f 1348//1348 2154//2154 660//660
f 2160//2160 1384//1384 2161//2161
f 2161//2161 1386//1386 1388//1388
f 2162//2162 2161//2161 1388//1388
f 2162//2162 1388//1388 1389//1389
f 72//72 2154//2154 2163//2163
f 2163//2163 2154//2154 2164//2164
f 2164//2164 2154//2154 2165//2165
f 2165//2165 2154//2154 2166//2166
f 2166//2166 2154//2154 2167//2167
f 2167//2167 2154//2154 2168//2168
f 2168//2168 2154//2154 2169//2169
f 2169//2169 2154//2154 2170//2170
f 2170//2170 2154//2154 2171//2171
f 2171//2171 2154//2154 2172//2172
f 2172//2172 2154//2154 2173//2173
f 2173//2173 2154//2154 2174//2174
f 2174//2174 2154//2154 2161//2161
f 2174//2174 2161//2161 2175//2175
f 2175//2175 2161//2161 2176//2176
f 2176//2176 2161//2161 2177//2177
f 2177//2177 2161//2161 2178//2178
f 2178//2178 2161//2161 2162//2162
f 2178//2178 2162//2162 2179//2179
f 2179//2179 2162//2162 1389//1389
f 2179//2179 1389//1389 684//684
f 1409//1409 1407//1407 1410//1410
f 2182//2182 2180//2180 2208//2208
f 2193//2193 2181//2181 2182//2182
f 2183//2183 2193//2193 2196//2196
f 2196//2196 2193//2193 2182//2182
f 2194//2194 1430//1430 2195//2195
f 2195//2195 1432//1432 1434//1434
f 1434//1434 1435//1435 91//91
f 2184//2184 2196//2196 2198//2198
f 2198//2198 2196//2196 2210//2210
f 1428//1428 2194//2194 2197//2197
f 2185//2185 2198//2198 2186//2186
f 2187//2187 2186//2186 2188//2188
f 2186//2186 2198//2198 2210//2210
f 1426//1426 2197//2197 1423//1423
f 1423//1423 2199//2199 1425//1425
f 2199//2199 2201//2201 1422//1422
f 2189//2189 2200//2200 2188//2188
f 2204//2204 2188//2188 2186//2186
f 2204//2204 2186//2186 2210//2210
f 2201//2201 2205//2205 1420//1420
f 2190//2190 2189//2189 2204//2204
f 2204//2204 2189//2189 2188//2188
f 2194//2194 2204//2204 2210//2210
f 2203//2203 2202//2202 2204//2204
f 2197//2197 2194//2194 2210//2210
f 2197//2197 2210//2210 1423//1423
f 1423//1423 2210//2210 2205//2205
f 2191//2191 2203//2203 2192//2192
f 2199//2199 1423//1423 2205//2205
f 1417//1417 2205//2205 1418//1418
f 1418//1418 2205//2205 2206//2206
f 1418//1418 2206//2206 1415//1415
f 91//91 2192//2192 1434//1434
f 1434//1434 2192//2192 2195//2195
f 2195//2195 2192//2192 2203//2203
f 2195//2195 2203//2203 2204//2204
f 2195//2195 2204//2204 2194//2194
f 2201//2201 2199//2199 2205//2205
f 2206//2206 2205//2205 2210//2210
f 1410//1410 1407//1407 2206//2206
f 2206//2206 1407//1407 1413//1413
f 2206//2206 1413//1413 1412//1412
f 1403//1403 1410//1410 2206//2206
f 1403//1403 2206//2206 2210//2210
f 1403//1403 1402//1402 1410//1410
f 755//755 2208//2208 2207//2207
f 762//762 768//768 1712//1712
f 1712//1712 768//768 770//770
f 1712//1712 770//770 766//766
f 1405//1405 1404//1404 1403//1403
f 1405//1405 1403//1403 2209//2209
f 1712//1712 766//766 764//764
f 2209//2209 1397//1397 1405//1405
f 2182//2182 2208//2208 755//755
f 1399//1399 1398//1398 2209//2209
f 755//755 2196//2196 2182//2182
f 1393//1393 1392//1392 1399//1399
f 2210//2210 762//762 1712//1712
f 2210//2210 1712//1712 1570//1570
f 753//753 757//757 755//755
f 755//755 757//757 2210//2210
f 1570//1570 1394//1394 1393//1393
f 1570//1570 1393//1393 1399//1399
f 1570//1570 1399//1399 2209//2209
f 1570//1570 2209//2209 1403//1403
f 1570//1570 1403//1403 2210//2210
f 2196//2196 755//755 2210//2210
f 2211//2211 1060//1060 2212//2212
f 1071//1071 1069//1069 2213//2213
f 1053//1053 1055//1055 2214//2214
f 2220//2220 2828//2828 615//615
f 2221//2221 2212//2212 1060//1060
f 2221//2221 1060//1060 2818//2818
f 2091//2091 1015//1015 2222//2222
f 2091//2091 2215//2215 2087//2087
f 2235//2235 1019//1019 2224//2224
f 2224//2224 1019//1019 1018//1018
f 2224//2224 1018//1018 2225//2225
f 2225//2225 1018//1018 1016//1016
f 2225//2225 1016//1016 2226//2226
f 1025//1025 2227//2227 2228//2228
f 1016//1016 1023//1023 2226//2226
f 2226//2226 1023//1023 1024//1024
f 2226//2226 1024//1024 2229//2229
f 2229//2229 1024//1024 1020//1020
f 2229//2229 1020//1020 2228//2228
f 2228//2228 1020//1020 1027//1027
f 2228//2228 1027//1027 1025//1025
f 1025//1025 1032//1032 2227//2227
f 2227//2227 1032//1032 1033//1033
f 2227//2227 1033//1033 2230//2230
f 2230//2230 1033//1033 1029//1029
f 2230//2230 1029//1029 2231//2231
f 1046//1046 2232//2232 1044//1044
f 1044//1044 2232//2232 2233//2233
f 1029//1029 1036//1036 2231//2231
f 2231//2231 1036//1036 1038//1038
f 2231//2231 1038//1038 2234//2234
f 2234//2234 1038//1038 1040//1040
f 2234//2234 1040//1040 2233//2233
f 2233//2233 1040//1040 1042//1042
f 2233//2233 1042//1042 1044//1044
f 2236//2236 2235//2235 2224//2224
f 2236//2236 2224//2224 2237//2237
f 2237//2237 2224//2224 2225//2225
f 2237//2237 2225//2225 2238//2238
f 2238//2238 2225//2225 2226//2226
f 2238//2238 2226//2226 2239//2239
f 2239//2239 2226//2226 2229//2229
f 2239//2239 2229//2229 2240//2240
f 2240//2240 2229//2229 2228//2228
f 2240//2240 2228//2228 2241//2241
f 2241//2241 2228//2228 2227//2227
f 2241//2241 2227//2227 2242//2242
f 2242//2242 2227//2227 2230//2230
f 2242//2242 2230//2230 2243//2243
f 2243//2243 2230//2230 2231//2231
f 2243//2243 2231//2231 2244//2244
f 2244//2244 2231//2231 2234//2234
f 2244//2244 2234//2234 2245//2245
f 2245//2245 2234//2234 2233//2233
f 2245//2245 2233//2233 2246//2246
f 2246//2246 2233//2233 2232//2232
f 2246//2246 2232//2232 2247//2247
f 2248//2248 2235//2235 2236//2236
f 2248//2248 2236//2236 2249//2249
f 2249//2249 2236//2236 2237//2237
f 2249//2249 2237//2237 2250//2250
f 2250//2250 2237//2237 2238//2238
f 2250//2250 2238//2238 2251//2251
f 2251//2251 2238//2238 2239//2239
f 2251//2251 2239//2239 2252//2252
f 2252//2252 2239//2239 2240//2240
f 2252//2252 2240//2240 2253//2253
f 2253//2253 2240//2240 2241//2241
f 2253//2253 2241//2241 2254//2254
f 2254//2254 2241//2241 2242//2242
f 2254//2254 2242//2242 2255//2255
f 2255//2255 2242//2242 2243//2243
f 2255//2255 2243//2243 2256//2256
f 2256//2256 2243//2243 2244//2244
f 2256//2256 2244//2244 2257//2257
f 2257//2257 2244//2244 2245//2245
f 2257//2257 2245//2245 2258//2258
f 2258//2258 2245//2245 2246//2246
f 2258//2258 2246//2246 2259//2259
f 2259//2259 2246//2246 2247//2247
f 2259//2259 2247//2247 2260//2260
f 1053//1053 2214//2214 1051//1051
f 2219//2219 1015//1015 2235//2235
f 2219//2219 2235//2235 2261//2261
f 2261//2261 2235//2235 2248//2248
f 2261//2261 2248//2248 2262//2262
f 2262//2262 2248//2248 2249//2249
f 2262//2262 2249//2249 2263//2263
f 2263//2263 2249//2249 2250//2250
f 2263//2263 2250//2250 2264//2264
f 2264//2264 2250//2250 2251//2251
f 2264//2264 2251//2251 2265//2265
f 2265//2265 2251//2251 2252//2252
f 2265//2265 2252//2252 2266//2266
f 2266//2266 2252//2252 2253//2253
f 2266//2266 2253//2253 2267//2267
f 2267//2267 2253//2253 2254//2254
f 2267//2267 2254//2254 2268//2268
f 2268//2268 2254//2254 2255//2255
f 2268//2268 2255//2255 2269//2269
f 2269//2269 2255//2255 2256//2256
f 2269//2269 2256//2256 2270//2270
f 2270//2270 2256//2256 2257//2257
f 2270//2270 2257//2257 2271//2271
f 2271//2271 2257//2257 2258//2258
f 2271//2271 2258//2258 2272//2272
f 2272//2272 2258//2258 2259//2259
f 2272//2272 2259//2259 2273//2273
f 2273//2273 2259//2259 2260//2260
f 2273//2273 2260//2260 2274//2274
f 2218//2218 1015//1015 2219//2219
f 2218//2218 2219//2219 2275//2275
f 2275//2275 2219//2219 2261//2261
f 2275//2275 2261//2261 2276//2276
f 2276//2276 2261//2261 2262//2262
f 2276//2276 2262//2262 2277//2277
f 2277//2277 2262//2262 2263//2263
f 2277//2277 2263//2263 2278//2278
f 2278//2278 2263//2263 2264//2264
f 2278//2278 2264//2264 2279//2279
f 2279//2279 2264//2264 2265//2265
f 2279//2279 2265//2265 2280//2280
f 2280//2280 2265//2265 2266//2266
f 2280//2280 2266//2266 2281//2281
f 2281//2281 2266//2266 2267//2267
f 2281//2281 2267//2267 2282//2282
f 2282//2282 2267//2267 2268//2268
f 2282//2282 2268//2268 2283//2283
f 2283//2283 2268//2268 2269//2269
f 2283//2283 2269//2269 2284//2284
f 2284//2284 2269//2269 2270//2270
f 2284//2284 2270//2270 2285//2285
f 2285//2285 2270//2270 2271//2271
f 2285//2285 2271//2271 2286//2286
f 2286//2286 2271//2271 2272//2272
f 2286//2286 2272//2272 2287//2287
f 2287//2287 2272//2272 2273//2273
f 2287//2287 2273//2273 2288//2288
f 2288//2288 2273//2273 2274//2274
f 2288//2288 2274//2274 2289//2289
f 2217//2217 1015//1015 2218//2218
f 2217//2217 2218//2218 2290//2290
f 2290//2290 2218//2218 2275//2275
f 2290//2290 2275//2275 2291//2291
f 2291//2291 2275//2275 2276//2276
f 2291//2291 2276//2276 2292//2292
f 2292//2292 2276//2276 2277//2277
f 2292//2292 2277//2277 2293//2293
f 2293//2293 2277//2277 2278//2278
f 2293//2293 2278//2278 2294//2294
f 2294//2294 2278//2278 2279//2279
f 2294//2294 2279//2279 2295//2295
f 2295//2295 2279//2279 2280//2280
f 2295//2295 2280//2280 2296//2296
f 2296//2296 2280//2280 2281//2281
f 2296//2296 2281//2281 2297//2297
f 2297//2297 2281//2281 2282//2282
f 2297//2297 2282//2282 2298//2298
f 2298//2298 2282//2282 2283//2283
f 2298//2298 2283//2283 2299//2299
f 2299//2299 2283//2283 2284//2284
f 2299//2299 2284//2284 2300//2300
f 2300//2300 2284//2284 2285//2285
f 2300//2300 2285//2285 2301//2301
f 2301//2301 2285//2285 2286//2286
f 2301//2301 2286//2286 2302//2302
f 2302//2302 2286//2286 2287//2287
f 2302//2302 2287//2287 2303//2303
f 2303//2303 2287//2287 2288//2288
f 2303//2303 2288//2288 2304//2304
f 2304//2304 2288//2288 2289//2289
f 2304//2304 2289//2289 2305//2305
f 2222//2222 1015//1015 2217//2217
f 2222//2222 2217//2217 2306//2306
f 2306//2306 2217//2217 2290//2290
f 2306//2306 2290//2290 2307//2307
f 2307//2307 2290//2290 2291//2291
f 2307//2307 2291//2291 2308//2308
f 2308//2308 2291//2291 2292//2292
f 2308//2308 2292//2292 2309//2309
f 2309//2309 2292//2292 2293//2293
f 2309//2309 2293//2293 2310//2310
f 2310//2310 2293//2293 2294//2294
f 2310//2310 2294//2294 2311//2311
f 2311//2311 2294//2294 2295//2295
f 2311//2311 2295//2295 2312//2312
f 2312//2312 2295//2295 2296//2296
f 2312//2312 2296//2296 2313//2313
f 2313//2313 2296//2296 2297//2297
f 2313//2313 2297//2297 2314//2314
f 2314//2314 2297//2297 2298//2298
f 2314//2314 2298//2298 2315//2315
f 2315//2315 2298//2298 2299//2299
f 2315//2315 2299//2299 2316//2316
f 2316//2316 2299//2299 2300//2300
f 2316//2316 2300//2300 2317//2317
f 2317//2317 2300//2300 2301//2301
f 2317//2317 2301//2301 2318//2318
f 2318//2318 2301//2301 2302//2302
f 2318//2318 2302//2302 2319//2319
f 2319//2319 2302//2302 2303//2303
f 2319//2319 2303//2303 2320//2320
f 2320//2320 2303//2303 2304//2304
f 2320//2320 2304//2304 2321//2321
f 2321//2321 2304//2304 2305//2305
f 2321//2321 2305//2305 2322//2322
f 2216//2216 2091//2091 2222//2222
f 2216//2216 2222//2222 2323//2323
f 2323//2323 2222//2222 2306//2306
f 2323//2323 2306//2306 2324//2324
f 2324//2324 2306//2306 2307//2307
f 2324//2324 2307//2307 2325//2325
f 2325//2325 2307//2307 2308//2308
f 2325//2325 2308//2308 2326//2326
f 2326//2326 2308//2308 2309//2309
f 2326//2326 2309//2309 2327//2327
f 2327//2327 2309//2309 2310//2310
f 2327//2327 2310//2310 2328//2328
f 2328//2328 2310//2310 2311//2311
f 2328//2328 2311//2311 2329//2329
f 2329//2329 2311//2311 2312//2312
f 2329//2329 2312//2312 2330//2330
f 2330//2330 2312//2312 2313//2313
f 2330//2330 2313//2313 2331//2331
f 2331//2331 2313//2313 2314//2314
f 2331//2331 2314//2314 2332//2332
f 2332//2332 2314//2314 2315//2315
f 2332//2332 2315//2315 2333//2333
f 2333//2333 2315//2315 2316//2316
f 2333//2333 2316//2316 2334//2334
f 2334//2334 2316//2316 2317//2317
f 2334//2334 2317//2317 2335//2335
f 2335//2335 2317//2317 2318//2318
f 2335//2335 2318//2318 2336//2336
f 2336//2336 2318//2318 2319//2319
f 2336//2336 2319//2319 2337//2337
f 2337//2337 2319//2319 2320//2320
f 2337//2337 2320//2320 2338//2338
f 2338//2338 2320//2320 2321//2321
f 2338//2338 2321//2321 2339//2339
f 2339//2339 2321//2321 2322//2322
f 2339//2339 2322//2322 2340//2340
f 1065//1065 1063//1063 2211//2211
f 2211//2211 1063//1063 1061//1061
f 2211//2211 1061//1061 1060//1060
f 1067//1067 1065//1065 2341//2341
f 2341//2341 1065//1065 2211//2211
f 2341//2341 2211//2211 2342//2342
f 2342//2342 2211//2211 2212//2212
f 2342//2342 2212//2212 2343//2343
f 2343//2343 2212//2212 2221//2221
f 1069//1069 1067//1067 2213//2213
f 2213//2213 1067//1067 2341//2341
f 2213//2213 2341//2341 2344//2344
f 2344//2344 2341//2341 2342//2342
f 2344//2344 2342//2342 2345//2345
f 2345//2345 2342//2342 2343//2343
f 2345//2345 2343//2343 2346//2346
f 2346//2346 2343//2343 2221//2221
f 1072//1072 1071//1071 2347//2347
f 2347//2347 1071//1071 2213//2213
f 2347//2347 2213//2213 2348//2348
f 2348//2348 2213//2213 2344//2344
f 2348//2348 2344//2344 2349//2349
f 2349//2349 2344//2344 2345//2345
f 2349//2349 2345//2345 2350//2350
f 2350//2350 2345//2345 2346//2346
f 2350//2350 2346//2346 2351//2351
f 2351//2351 2346//2346 2221//2221
f 1055//1055 1072//1072 2214//2214
f 2214//2214 1072//1072 2347//2347
f 2214//2214 2347//2347 2352//2352
f 2352//2352 2347//2347 2348//2348
f 2352//2352 2348//2348 2353//2353
f 2353//2353 2348//2348 2349//2349
f 2353//2353 2349//2349 2354//2354
f 2354//2354 2349//2349 2350//2350
f 2354//2354 2350//2350 2355//2355
f 2355//2355 2350//2350 2351//2351
f 2355//2355 2351//2351 2356//2356
f 2356//2356 2351//2351 2221//2221
f 2356//2356 2221//2221 2828//2828
f 1050//1050 1051//1051 2357//2357
f 2357//2357 1051//1051 2214//2214
f 2357//2357 2214//2214 2358//2358
f 2358//2358 2214//2214 2352//2352
f 2358//2358 2352//2352 2359//2359
f 2359//2359 2352//2352 2353//2353
f 2359//2359 2353//2353 2360//2360
f 2360//2360 2353//2353 2354//2354
f 2360//2360 2354//2354 2361//2361
f 2361//2361 2354//2354 2355//2355
f 2361//2361 2355//2355 2362//2362
f 2362//2362 2355//2355 2356//2356
f 2362//2362 2356//2356 2363//2363
f 2363//2363 2356//2356 2828//2828
f 1048//1048 1050//1050 2364//2364
f 2364//2364 1050//1050 2357//2357
f 2364//2364 2357//2357 2365//2365
f 2365//2365 2357//2357 2358//2358
f 2365//2365 2358//2358 2366//2366
f 2366//2366 2358//2358 2359//2359
f 2366//2366 2359//2359 2367//2367
f 2367//2367 2359//2359 2360//2360
f 2367//2367 2360//2360 2368//2368
f 2368//2368 2360//2360 2361//2361
f 2368//2368 2361//2361 2369//2369
f 2369//2369 2361//2361 2362//2362
f 2369//2369 2362//2362 2370//2370
f 2370//2370 2362//2362 2363//2363
f 2370//2370 2363//2363 2371//2371
f 2371//2371 2363//2363 2828//2828
f 2223//2223 2091//2091 2216//2216
f 2223//2223 2216//2216 2372//2372
f 2372//2372 2216//2216 2323//2323
f 2372//2372 2323//2323 2373//2373
f 2373//2373 2323//2323 2324//2324
f 2373//2373 2324//2324 2374//2374
f 2374//2374 2324//2324 2325//2325
f 2374//2374 2325//2325 2375//2375
f 2375//2375 2325//2325 2326//2326
f 2375//2375 2326//2326 2376//2376
f 2376//2376 2326//2326 2327//2327
f 2376//2376 2327//2327 2377//2377
f 2377//2377 2327//2327 2328//2328
f 2377//2377 2328//2328 2378//2378
f 2378//2378 2328//2328 2329//2329
f 2378//2378 2329//2329 2379//2379
f 2379//2379 2329//2329 2330//2330
f 2379//2379 2330//2330 2380//2380
f 2380//2380 2330//2330 2331//2331
f 2380//2380 2331//2331 2381//2381
f 2381//2381 2331//2331 2332//2332
f 2381//2381 2332//2332 2382//2382
f 2382//2382 2332//2332 2333//2333
f 2382//2382 2333//2333 2383//2383
f 2383//2383 2333//2333 2334//2334
f 2383//2383 2334//2334 2384//2384
f 2384//2384 2334//2334 2335//2335
f 2384//2384 2335//2335 2385//2385
f 2385//2385 2335//2335 2336//2336
f 2385//2385 2336//2336 2386//2386
f 2386//2386 2336//2336 2337//2337
f 2386//2386 2337//2337 2387//2387
f 2387//2387 2337//2337 2338//2338
f 2387//2387 2338//2338 2388//2388
f 2388//2388 2338//2338 2339//2339
f 2388//2388 2339//2339 2389//2389
f 2389//2389 2339//2339 2340//2340
f 2389//2389 2340//2340 2390//2390
f 2390//2390 2391//2391 2389//2389
f 2389//2389 2391//2391 2392//2392
f 2389//2389 2392//2392 2388//2388
f 2388//2388 2392//2392 2393//2393
f 2388//2388 2393//2393 2387//2387
f 2387//2387 2393//2393 2394//2394
f 2387//2387 2394//2394 2386//2386
f 2386//2386 2394//2394 2395//2395
f 2386//2386 2395//2395 2385//2385
f 2385//2385 2395//2395 2396//2396
f 2385//2385 2396//2396 2384//2384
f 2384//2384 2396//2396 2397//2397
f 2384//2384 2397//2397 2383//2383
f 2383//2383 2397//2397 2398//2398
f 2383//2383 2398//2398 2382//2382
f 2382//2382 2398//2398 2399//2399
f 2382//2382 2399//2399 2381//2381
f 2381//2381 2399//2399 2400//2400
f 2381//2381 2400//2400 2380//2380
f 2380//2380 2400//2400 2401//2401
f 2380//2380 2401//2401 2379//2379
f 2379//2379 2401//2401 2402//2402
f 2379//2379 2402//2402 2378//2378
f 2378//2378 2402//2402 2403//2403
f 2378//2378 2403//2403 2377//2377
f 2377//2377 2403//2403 2404//2404
f 2377//2377 2404//2404 2376//2376
f 2376//2376 2404//2404 2405//2405
f 2376//2376 2405//2405 2375//2375
f 2375//2375 2405//2405 2406//2406
f 2375//2375 2406//2406 2374//2374
f 2374//2374 2406//2406 2407//2407
f 2374//2374 2407//2407 2373//2373
f 2373//2373 2407//2407 2408//2408
f 2373//2373 2408//2408 2372//2372
f 2372//2372 2408//2408 2409//2409
f 2372//2372 2409//2409 2223//2223
f 2223//2223 2409//2409 2215//2215
f 2223//2223 2215//2215 2091//2091
f 2391//2391 2410//2410 2392//2392
f 2392//2392 2410//2410 2411//2411
f 2392//2392 2411//2411 2393//2393
f 2393//2393 2411//2411 2412//2412
f 2393//2393 2412//2412 2394//2394
f 2394//2394 2412//2412 2413//2413
f 2394//2394 2413//2413 2395//2395
f 2395//2395 2413//2413 2414//2414
f 2395//2395 2414//2414 2396//2396
f 2396//2396 2414//2414 2415//2415
f 2396//2396 2415//2415 2397//2397
f 2397//2397 2415//2415 2416//2416
f 2397//2397 2416//2416 2398//2398
f 2398//2398 2416//2416 2417//2417
f 2398//2398 2417//2417 2399//2399
f 2399//2399 2417//2417 2418//2418
f 2399//2399 2418//2418 2400//2400
f 2400//2400 2418//2418 2419//2419
f 2400//2400 2419//2419 2401//2401
f 2401//2401 2419//2419 2420//2420
f 2401//2401 2420//2420 2402//2402
f 2402//2402 2420//2420 2421//2421
f 2402//2402 2421//2421 2403//2403
f 2403//2403 2421//2421 2422//2422
f 2403//2403 2422//2422 2404//2404
f 2404//2404 2422//2422 2423//2423
f 2404//2404 2423//2423 2405//2405
f 2405//2405 2423//2423 2424//2424
f 2405//2405 2424//2424 2406//2406
f 2406//2406 2424//2424 624//624
f 2406//2406 624//624 2407//2407
f 2407//2407 624//624 623//623
f 2407//2407 623//623 2408//2408
f 2408//2408 623//623 622//622
f 2408//2408 622//622 2409//2409
f 2409//2409 622//622 2087//2087
f 2409//2409 2087//2087 2215//2215
f 1046//1046 1048//1048 2232//2232
f 2232//2232 1048//1048 2364//2364
f 2232//2232 2364//2364 2247//2247
f 2247//2247 2364//2364 2365//2365
f 2247//2247 2365//2365 2260//2260
f 2260//2260 2365//2365 2366//2366
f 2260//2260 2366//2366 2274//2274
f 2274//2274 2366//2366 2367//2367
f 2274//2274 2367//2367 2289//2289
f 2289//2289 2367//2367 2368//2368
f 2289//2289 2368//2368 2305//2305
f 2305//2305 2368//2368 2369//2369
f 2305//2305 2369//2369 2322//2322
f 2322//2322 2369//2369 2370//2370
f 2322//2322 2370//2370 2340//2340
f 2340//2340 2370//2370 2371//2371
f 2340//2340 2371//2371 2390//2390
f 2390//2390 2371//2371 2828//2828
f 2390//2390 2828//2828 2391//2391
f 2391//2391 2828//2828 2410//2410
f 2410//2410 2828//2828 2220//2220
f 2410//2410 2220//2220 2411//2411
f 2411//2411 2220//2220 2425//2425
f 2411//2411 2425//2425 2412//2412
f 2412//2412 2425//2425 2426//2426
f 2412//2412 2426//2426 2413//2413
f 2413//2413 2426//2426 2427//2427
f 2413//2413 2427//2427 2414//2414
f 2414//2414 2427//2427 2428//2428
f 2414//2414 2428//2428 2415//2415
f 2415//2415 2428//2428 2429//2429
f 2415//2415 2429//2429 2416//2416
f 2416//2416 2429//2429 2430//2430
f 2416//2416 2430//2430 2417//2417
f 2417//2417 2430//2430 2431//2431
f 2417//2417 2431//2431 2418//2418
f 2418//2418 2431//2431 2432//2432
f 2418//2418 2432//2432 2419//2419
f 2419//2419 2432//2432 2433//2433
f 2419//2419 2433//2433 2420//2420
f 2420//2420 2433//2433 2434//2434
f 2420//2420 2434//2434 2421//2421
f 2421//2421 2434//2434 2435//2435
f 2421//2421 2435//2435 2422//2422
f 2422//2422 2435//2435 2436//2436
f 2422//2422 2436//2436 2423//2423
f 2423//2423 2436//2436 2437//2437
f 2423//2423 2437//2437 2424//2424
f 2424//2424 2437//2437 624//624
f 2220//2220 615//615 2425//2425
f 2425//2425 615//615 2426//2426
f 2426//2426 615//615 2427//2427
f 2427//2427 615//615 2428//2428
f 2428//2428 615//615 2429//2429
f 2429//2429 615//615 2430//2430
f 2430//2430 615//615 613//613
f 2430//2430 613//613 2431//2431
f 2431//2431 613//613 2432//2432
f 2432//2432 613//613 618//618
f 2432//2432 618//618 2433//2433
f 2433//2433 618//618 617//617
f 2433//2433 617//617 2434//2434
f 2434//2434 617//617 616//616
f 2434//2434 616//616 2435//2435
f 2435//2435 616//616 621//621
f 2435//2435 621//621 2436//2436
f 2436//2436 621//621 620//620
f 2436//2436 620//620 2437//2437
f 2437//2437 620//620 619//619
f 2437//2437 619//619 624//624
f 614//614 612//612 2438//2438
f 614//614 2438//2438 2117//2117
f 2117//2117 2438//2438 2439//2439
f 2117//2117 2439//2439 2116//2116
f 2116//2116 2439//2439 2440//2440
f 2116//2116 2440//2440 2115//2115
f 2115//2115 2440//2440 2441//2441
f 2115//2115 2441//2441 2114//2114
f 2114//2114 2441//2441 2442//2442
f 2114//2114 2442//2442 2113//2113
f 2113//2113 2442//2442 2443//2443
f 2113//2113 2443//2443 2112//2112
f 2112//2112 2443//2443 2444//2444
f 2112//2112 2444//2444 2111//2111
f 2111//2111 2444//2444 2445//2445
f 2111//2111 2445//2445 2110//2110
f 2110//2110 2445//2445 2446//2446
f 2110//2110 2446//2446 2109//2109
f 2109//2109 2446//2446 2447//2447
f 2109//2109 2447//2447 2108//2108
f 2108//2108 2447//2447 2448//2448
f 2108//2108 2448//2448 2107//2107
f 2107//2107 2448//2448 2449//2449
f 2107//2107 2449//2449 2106//2106
f 2106//2106 2449//2449 2450//2450
f 2106//2106 2450//2450 2105//2105
f 2105//2105 2450//2450 2451//2451
f 2105//2105 2451//2451 2104//2104
f 2104//2104 2451//2451 2452//2452
f 2104//2104 2452//2452 2103//2103
f 2103//2103 2452//2452 2453//2453
f 2103//2103 2453//2453 2102//2102
f 2102//2102 2453//2453 2454//2454
f 2102//2102 2454//2454 2101//2101
f 2101//2101 2454//2454 690//690
f 2101//2101 690//690 693//693
f 68//68 67//67 2455//2455
f 68//68 2455//2455 2456//2456
f 2456//2456 2455//2455 2457//2457
f 2456//2456 2457//2457 2458//2458
f 2458//2458 2457//2457 2459//2459
f 2458//2458 2459//2459 2460//2460
f 2460//2460 2459//2459 2461//2461
f 2460//2460 2461//2461 2462//2462
f 2462//2462 2461//2461 2463//2463
f 2462//2462 2463//2463 2464//2464
f 2464//2464 2463//2463 2465//2465
f 2464//2464 2465//2465 2466//2466
f 2466//2466 2465//2465 2467//2467
f 2466//2466 2467//2467 2468//2468
f 2468//2468 2467//2467 2469//2469
f 2468//2468 2469//2469 2470//2470
f 2470//2470 2469//2469 2471//2471
f 2470//2470 2471//2471 2472//2472
f 2472//2472 2471//2471 2473//2473
f 2472//2472 2473//2473 2474//2474
f 2474//2474 2473//2473 2475//2475
f 2474//2474 2475//2475 2476//2476
f 2476//2476 2475//2475 2477//2477
f 2476//2476 2477//2477 2478//2478
f 2478//2478 2477//2477 2479//2479
f 2478//2478 2479//2479 2480//2480
f 2480//2480 2479//2479 2481//2481
f 2480//2480 2481//2481 2482//2482
f 2482//2482 2481//2481 2483//2483
f 2482//2482 2483//2483 2484//2484
f 2484//2484 2483//2483 2485//2485
f 2484//2484 2485//2485 2486//2486
f 2486//2486 2485//2485 2487//2487
f 2486//2486 2487//2487 2488//2488
f 2488//2488 2487//2487 688//688
f 2488//2488 688//688 690//690
f 2513//2513 2866//2866 2489//2489
f 666//666 661//661 2119//2119
f 666//666 2119//2119 2492//2492
f 2492//2492 2119//2119 2120//2120
f 2492//2492 2120//2120 2493//2493
f 2493//2493 2120//2120 2121//2121
f 2493//2493 2121//2121 2494//2494
f 2494//2494 2121//2121 2122//2122
f 2494//2494 2122//2122 2495//2495
f 2495//2495 2122//2122 2123//2123
f 2495//2495 2123//2123 2496//2496
f 2496//2496 2123//2123 2124//2124
f 2496//2496 2124//2124 2497//2497
f 2497//2497 2124//2124 2125//2125
f 2497//2497 2125//2125 2498//2498
f 2498//2498 2125//2125 2126//2126
f 2498//2498 2126//2126 2499//2499
f 2499//2499 2126//2126 2127//2127
f 2499//2499 2127//2127 2500//2500
f 2500//2500 2127//2127 2128//2128
f 2500//2500 2128//2128 2501//2501
f 2501//2501 2128//2128 2129//2129
f 2501//2501 2129//2129 2502//2502
f 2502//2502 2129//2129 2130//2130
f 2502//2502 2130//2130 2503//2503
f 2503//2503 2130//2130 2131//2131
f 2503//2503 2131//2131 2504//2504
f 2504//2504 2131//2131 2132//2132
f 2504//2504 2132//2132 2505//2505
f 2505//2505 2132//2132 2133//2133
f 2505//2505 2133//2133 2506//2506
f 2506//2506 2133//2133 2134//2134
f 2506//2506 2134//2134 2507//2507
f 2507//2507 2134//2134 2135//2135
f 2507//2507 2135//2135 2508//2508
f 2508//2508 2135//2135 695//695
f 2508//2508 695//695 688//688
f 2867//2867 2511//2511 3067//3067
f 2866//2866 2513//2513 2509//2509
f 3065//3065 2511//2511 2867//2867
f 662//662 663//663 2514//2514
f 662//662 2514//2514 2153//2153
f 2153//2153 2514//2514 2515//2515
f 2153//2153 2515//2515 2152//2152
f 2152//2152 2515//2515 2516//2516
f 2152//2152 2516//2516 2151//2151
f 2151//2151 2516//2516 2517//2517
f 2151//2151 2517//2517 2150//2150
f 2150//2150 2517//2517 2518//2518
f 2150//2150 2518//2518 2149//2149
f 2149//2149 2518//2518 2519//2519
f 2149//2149 2519//2519 2148//2148
f 2148//2148 2519//2519 2520//2520
f 2148//2148 2520//2520 2147//2147
f 2147//2147 2520//2520 2521//2521
f 2147//2147 2521//2521 2146//2146
f 2146//2146 2521//2521 2522//2522
f 2146//2146 2522//2522 2145//2145
f 2145//2145 2522//2522 2523//2523
f 2145//2145 2523//2523 2144//2144
f 2144//2144 2523//2523 2524//2524
f 2144//2144 2524//2524 2143//2143
f 2143//2143 2524//2524 2525//2525
f 2143//2143 2525//2525 2142//2142
f 2142//2142 2525//2525 2526//2526
f 2142//2142 2526//2526 2141//2141
f 2141//2141 2526//2526 2527//2527
f 2141//2141 2527//2527 2140//2140
f 2140//2140 2527//2527 2528//2528
f 2140//2140 2528//2528 2139//2139
f 2139//2139 2528//2528 2529//2529
f 2139//2139 2529//2529 2138//2138
f 2138//2138 2529//2529 2530//2530
f 2138//2138 2530//2530 2137//2137
f 2137//2137 2530//2530 677//677
f 2137//2137 677//677 682//682
f 611//611 604//604 2531//2531
f 611//611 2531//2531 2532//2532
f 2532//2532 2531//2531 2533//2533
f 2532//2532 2533//2533 2534//2534
f 2534//2534 2533//2533 2535//2535
f 2534//2534 2535//2535 2536//2536
f 2536//2536 2535//2535 2537//2537
f 2536//2536 2537//2537 2538//2538
f 2538//2538 2537//2537 2539//2539
f 2538//2538 2539//2539 2540//2540
f 2540//2540 2539//2539 2541//2541
f 2540//2540 2541//2541 2542//2542
f 2542//2542 2541//2541 2543//2543
f 2542//2542 2543//2543 2544//2544
f 2544//2544 2543//2543 2545//2545
f 2544//2544 2545//2545 2546//2546
f 2546//2546 2545//2545 2547//2547
f 2546//2546 2547//2547 2548//2548
f 2548//2548 2547//2547 2549//2549
f 2548//2548 2549//2549 2550//2550
f 2550//2550 2549//2549 2551//2551
f 2550//2550 2551//2551 2552//2552
f 2552//2552 2551//2551 2553//2553
f 2552//2552 2553//2553 2554//2554
f 2554//2554 2553//2553 2555//2555
f 2554//2554 2555//2555 2556//2556
f 2556//2556 2555//2555 2557//2557
f 2556//2556 2557//2557 2558//2558
f 2558//2558 2557//2557 2559//2559
f 2558//2558 2559//2559 2560//2560
f 2560//2560 2559//2559 2561//2561
f 2560//2560 2561//2561 2562//2562
f 2562//2562 2561//2561 2563//2563
f 2562//2562 2563//2563 2564//2564
f 2564//2564 2563//2563 679//679
f 2564//2564 679//679 677//677
f 88//88 72//72 2163//2163
f 88//88 2163//2163 2565//2565
f 2565//2565 2163//2163 2164//2164
f 2565//2565 2164//2164 2566//2566
f 2566//2566 2164//2164 2165//2165
f 2566//2566 2165//2165 2567//2567
f 2567//2567 2165//2165 2166//2166
f 2567//2567 2166//2166 2568//2568
f 2568//2568 2166//2166 2167//2167
f 2568//2568 2167//2167 2569//2569
f 2569//2569 2167//2167 2168//2168
f 2569//2569 2168//2168 2570//2570
f 2570//2570 2168//2168 2169//2169
f 2570//2570 2169//2169 2571//2571
f 2571//2571 2169//2169 2170//2170
f 2571//2571 2170//2170 2572//2572
f 2572//2572 2170//2170 2171//2171
f 2572//2572 2171//2171 2573//2573
f 2573//2573 2171//2171 2172//2172
f 2573//2573 2172//2172 2574//2574
f 2574//2574 2172//2172 2173//2173
f 2574//2574 2173//2173 2575//2575
f 2575//2575 2173//2173 2174//2174
f 2575//2575 2174//2174 2576//2576
f 2576//2576 2174//2174 2175//2175
f 2576//2576 2175//2175 2577//2577
f 2577//2577 2175//2175 2176//2176
f 2577//2577 2176//2176 2578//2578
f 2578//2578 2176//2176 2177//2177
f 2578//2578 2177//2177 2579//2579
f 2579//2579 2177//2177 2178//2178
f 2579//2579 2178//2178 2580//2580
f 2580//2580 2178//2178 2179//2179
f 2580//2580 2179//2179 2581//2581
f 2581//2581 2179//2179 684//684
f 2581//2581 684//684 679//679
f 2192//2192 91//91 90//90
f 2203//2203 2191//2191 2582//2582
f 2204//2204 2202//2202 2583//2583
f 2189//2189 2190//2190 2584//2584
f 2196//2196 2184//2184 2586//2586
f 2587//2587 2588//2588 2584//2584
f 2589//2589 2590//2590 2591//2591
f 748//748 751//751 2592//2592
f 745//745 747//747 2593//2593
f 2596//2596 2597//2597 2598//2598
f 2599//2599 2600//2600 2601//2601
f 2601//2601 2600//2600 2596//2596
f 2602//2602 2603//2603 2604//2604
f 2604//2604 2603//2603 2605//2605
f 2594//2594 2595//2595 2606//2606
f 2607//2607 2596//2596 703//703
f 2607//2607 703//703 2608//2608
f 2608//2608 703//703 725//725
f 2608//2608 725//725 724//724
f 2608//2608 724//724 2609//2609
f 2609//2609 724//724 722//722
f 2609//2609 722//722 2610//2610
f 712//712 2611//2611 2612//2612
f 722//722 720//720 2610//2610
f 2610//2610 720//720 718//718
f 2610//2610 718//718 2613//2613
f 2613//2613 718//718 716//716
f 2613//2613 716//716 2612//2612
f 2612//2612 716//716 714//714
f 2612//2612 714//714 712//712
f 712//712 710//710 2611//2611
f 2611//2611 710//710 708//708
f 2611//2611 708//708 2614//2614
f 2614//2614 708//708 707//707
f 2614//2614 707//707 2615//2615
f 734//734 2616//2616 2617//2617
f 707//707 727//727 2615//2615
f 2615//2615 727//727 728//728
f 2615//2615 728//728 2618//2618
f 2618//2618 728//728 730//730
f 2618//2618 730//730 2617//2617
f 2617//2617 730//730 732//732
f 2617//2617 732//732 734//734
f 734//734 736//736 2616//2616
f 2616//2616 736//736 738//738
f 2616//2616 738//738 2619//2619
f 2619//2619 738//738 740//740
f 2619//2619 740//740 2620//2620
f 745//745 2593//2593 743//743
f 2596//2596 2607//2607 2597//2597
f 2597//2597 2607//2607 2608//2608
f 2597//2597 2608//2608 2621//2621
f 2621//2621 2608//2608 2609//2609
f 2621//2621 2609//2609 2622//2622
f 2622//2622 2609//2609 2610//2610
f 2622//2622 2610//2610 2623//2623
f 2623//2623 2610//2610 2613//2613
f 2623//2623 2613//2613 2624//2624
f 2624//2624 2613//2613 2612//2612
f 2624//2624 2612//2612 2625//2625
f 2625//2625 2612//2612 2611//2611
f 2625//2625 2611//2611 2626//2626
f 2626//2626 2611//2611 2614//2614
f 2626//2626 2614//2614 2627//2627
f 2627//2627 2614//2614 2615//2615
f 2627//2627 2615//2615 2628//2628
f 2628//2628 2615//2615 2618//2618
f 2628//2628 2618//2618 2629//2629
f 2629//2629 2618//2618 2617//2617
f 2629//2629 2617//2617 2630//2630
f 2630//2630 2617//2617 2616//2616
f 2630//2630 2616//2616 2631//2631
f 2631//2631 2616//2616 2619//2619
f 2631//2631 2619//2619 2632//2632
f 2632//2632 2619//2619 2620//2620
f 2632//2632 2620//2620 2633//2633
f 2596//2596 2598//2598 2601//2601
f 2601//2601 2598//2598 2597//2597
f 2601//2601 2597//2597 2634//2634
f 2634//2634 2597//2597 2621//2621
f 2634//2634 2621//2621 2635//2635
f 2635//2635 2621//2621 2622//2622
f 2635//2635 2622//2622 2636//2636
f 2636//2636 2622//2622 2623//2623
f 2636//2636 2623//2623 2637//2637
f 2637//2637 2623//2623 2624//2624
f 2637//2637 2624//2624 2638//2638
f 2638//2638 2624//2624 2625//2625
f 2638//2638 2625//2625 2639//2639
f 2639//2639 2625//2625 2626//2626
f 2639//2639 2626//2626 2640//2640
f 2640//2640 2626//2626 2627//2627
f 2640//2640 2627//2627 2641//2641
f 2641//2641 2627//2627 2628//2628
f 2641//2641 2628//2628 2642//2642
f 2642//2642 2628//2628 2629//2629
f 2642//2642 2629//2629 2643//2643
f 2643//2643 2629//2629 2630//2630
f 2643//2643 2630//2630 2644//2644
f 2644//2644 2630//2630 2631//2631
f 2644//2644 2631//2631 2645//2645
f 2645//2645 2631//2631 2632//2632
f 2645//2645 2632//2632 2646//2646
f 2646//2646 2632//2632 2633//2633
f 2646//2646 2633//2633 2647//2647
f 2599//2599 2601//2601 2648//2648
f 2648//2648 2601//2601 2634//2634
f 2648//2648 2634//2634 2649//2649
f 2649//2649 2634//2634 2635//2635
f 2649//2649 2635//2635 2650//2650
f 2650//2650 2635//2635 2636//2636
f 2650//2650 2636//2636 2651//2651
f 2651//2651 2636//2636 2637//2637
f 2651//2651 2637//2637 2652//2652
f 2652//2652 2637//2637 2638//2638
f 2652//2652 2638//2638 2653//2653
f 2653//2653 2638//2638 2639//2639
f 2653//2653 2639//2639 2654//2654
f 2654//2654 2639//2639 2640//2640
f 2654//2654 2640//2640 2655//2655
f 2655//2655 2640//2640 2641//2641
f 2655//2655 2641//2641 2656//2656
f 2656//2656 2641//2641 2642//2642
f 2656//2656 2642//2642 2657//2657
f 2657//2657 2642//2642 2643//2643
f 2657//2657 2643//2643 2658//2658
f 2658//2658 2643//2643 2644//2644
f 2658//2658 2644//2644 2659//2659
f 2659//2659 2644//2644 2645//2645
f 2659//2659 2645//2645 2660//2660
f 2660//2660 2645//2645 2646//2646
f 2660//2660 2646//2646 2661//2661
f 2661//2661 2646//2646 2647//2647
f 2661//2661 2647//2647 2662//2662
f 2663//2663 2664//2664 2665//2665
f 2665//2665 2664//2664 2666//2666
f 2665//2665 2666//2666 2667//2667
f 2667//2667 2666//2666 2668//2668
f 2667//2667 2668//2668 2669//2669
f 2669//2669 2668//2668 2670//2670
f 2669//2669 2670//2670 2671//2671
f 2671//2671 2670//2670 2672//2672
f 2671//2671 2672//2672 2673//2673
f 2673//2673 2672//2672 2674//2674
f 2673//2673 2674//2674 2675//2675
f 2675//2675 2674//2674 2676//2676
f 2675//2675 2676//2676 2677//2677
f 2677//2677 2676//2676 2678//2678
f 2677//2677 2678//2678 2679//2679
f 2679//2679 2678//2678 2680//2680
f 2679//2679 2680//2680 2681//2681
f 2681//2681 2680//2680 2682//2682
f 2681//2681 2682//2682 2683//2683
f 2683//2683 2682//2682 2684//2684
f 2683//2683 2684//2684 2685//2685
f 2685//2685 2684//2684 2686//2686
f 2685//2685 2686//2686 2687//2687
f 2687//2687 2686//2686 2688//2688
f 2687//2687 2688//2688 2689//2689
f 2689//2689 2688//2688 2690//2690
f 2689//2689 2690//2690 2691//2691
f 2691//2691 2690//2690 2692//2692
f 2691//2691 2692//2692 2693//2693
f 2605//2605 2600//2600 2604//2604
f 2604//2604 2600//2600 2599//2599
f 2604//2604 2599//2599 2694//2694
f 2694//2694 2599//2599 2648//2648
f 2694//2694 2648//2648 2695//2695
f 2695//2695 2648//2648 2649//2649
f 2695//2695 2649//2649 2696//2696
f 2696//2696 2649//2649 2650//2650
f 2696//2696 2650//2650 2697//2697
f 2697//2697 2650//2650 2651//2651
f 2697//2697 2651//2651 2698//2698
f 2698//2698 2651//2651 2652//2652
f 2698//2698 2652//2652 2699//2699
f 2699//2699 2652//2652 2653//2653
f 2699//2699 2653//2653 2700//2700
f 2700//2700 2653//2653 2654//2654
f 2700//2700 2654//2654 2701//2701
f 2701//2701 2654//2654 2655//2655
f 2701//2701 2655//2655 2702//2702
f 2702//2702 2655//2655 2656//2656
f 2702//2702 2656//2656 2703//2703
f 2703//2703 2656//2656 2657//2657
f 2703//2703 2657//2657 2704//2704
f 2704//2704 2657//2657 2658//2658
f 2704//2704 2658//2658 2705//2705
f 2705//2705 2658//2658 2659//2659
f 2705//2705 2659//2659 2706//2706
f 2706//2706 2659//2659 2660//2660
f 2706//2706 2660//2660 2707//2707
f 2707//2707 2660//2660 2661//2661
f 2707//2707 2661//2661 2708//2708
f 2708//2708 2661//2661 2662//2662
f 2708//2708 2662//2662 2709//2709
f 2710//2710 2663//2663 2711//2711
f 2711//2711 2663//2663 2665//2665
f 2711//2711 2665//2665 2712//2712
f 2712//2712 2665//2665 2667//2667
f 2712//2712 2667//2667 2713//2713
f 2713//2713 2667//2667 2669//2669
f 2713//2713 2669//2669 2714//2714
f 2714//2714 2669//2669 2671//2671
f 2714//2714 2671//2671 2715//2715
f 2715//2715 2671//2671 2673//2673
f 2715//2715 2673//2673 2716//2716
f 2716//2716 2673//2673 2675//2675
f 2716//2716 2675//2675 2717//2717
f 2717//2717 2675//2675 2677//2677
f 2717//2717 2677//2677 2718//2718
f 2718//2718 2677//2677 2679//2679
f 2718//2718 2679//2679 2719//2719
f 2719//2719 2679//2679 2681//2681
f 2719//2719 2681//2681 2720//2720
f 2720//2720 2681//2681 2683//2683
f 2720//2720 2683//2683 2721//2721
f 2721//2721 2683//2683 2685//2685
f 2721//2721 2685//2685 2722//2722
f 2722//2722 2685//2685 2687//2687
f 2722//2722 2687//2687 2723//2723
f 2723//2723 2687//2687 2689//2689
f 2723//2723 2689//2689 2724//2724
f 2724//2724 2689//2689 2691//2691
f 2724//2724 2691//2691 2725//2725
f 2725//2725 2691//2691 2693//2693
f 2725//2725 2693//2693 2726//2726
f 2727//2727 751//751 749//749
f 2727//2727 749//749 2728//2728
f 2602//2602 2604//2604 2729//2729
f 2729//2729 2604//2604 2694//2694
f 2729//2729 2694//2694 2730//2730
f 2730//2730 2694//2694 2695//2695
f 2730//2730 2695//2695 2731//2731
f 2731//2731 2695//2695 2696//2696
f 2731//2731 2696//2696 2732//2732
f 2732//2732 2696//2696 2697//2697
f 2732//2732 2697//2697 2733//2733
f 2733//2733 2697//2697 2698//2698
f 2733//2733 2698//2698 2734//2734
f 2734//2734 2698//2698 2699//2699
f 2734//2734 2699//2699 2735//2735
f 2735//2735 2699//2699 2700//2700
f 2735//2735 2700//2700 2736//2736
f 2736//2736 2700//2700 2701//2701
f 2736//2736 2701//2701 2737//2737
f 2737//2737 2701//2701 2702//2702
f 2737//2737 2702//2702 2738//2738
f 2738//2738 2702//2702 2703//2703
f 2738//2738 2703//2703 2739//2739
f 2739//2739 2703//2703 2704//2704
f 2739//2739 2704//2704 2740//2740
f 2740//2740 2704//2704 2705//2705
f 2740//2740 2705//2705 2741//2741
f 2741//2741 2705//2705 2706//2706
f 2741//2741 2706//2706 2742//2742
f 2742//2742 2706//2706 2707//2707
f 2742//2742 2707//2707 2743//2743
f 2743//2743 2707//2707 2708//2708
f 2743//2743 2708//2708 2744//2744
f 2744//2744 2708//2708 2709//2709
f 2744//2744 2709//2709 2745//2745
f 2746//2746 2710//2710 2747//2747
f 2747//2747 2710//2710 2711//2711
f 2747//2747 2711//2711 2748//2748
f 2748//2748 2711//2711 2712//2712
f 2748//2748 2712//2712 2749//2749
f 2749//2749 2712//2712 2713//2713
f 2749//2749 2713//2713 2750//2750
f 2750//2750 2713//2713 2714//2714
f 2750//2750 2714//2714 2751//2751
f 2751//2751 2714//2714 2715//2715
f 2751//2751 2715//2715 2752//2752
f 2752//2752 2715//2715 2716//2716
f 2752//2752 2716//2716 2753//2753
f 2753//2753 2716//2716 2717//2717
f 2753//2753 2717//2717 2754//2754
f 2754//2754 2717//2717 2718//2718
f 2754//2754 2718//2718 2755//2755
f 2755//2755 2718//2718 2719//2719
f 2755//2755 2719//2719 2756//2756
f 2756//2756 2719//2719 2720//2720
f 2756//2756 2720//2720 2757//2757
f 2757//2757 2720//2720 2721//2721
f 2757//2757 2721//2721 2758//2758
f 2758//2758 2721//2721 2722//2722
f 2758//2758 2722//2722 2759//2759
f 2759//2759 2722//2722 2723//2723
f 2759//2759 2723//2723 2760//2760
f 2760//2760 2723//2723 2724//2724
f 2760//2760 2724//2724 2761//2761
f 2761//2761 2724//2724 2725//2725
f 2761//2761 2725//2725 2762//2762
f 2762//2762 2725//2725 2726//2726
f 2762//2762 2726//2726 2763//2763
f 747//747 748//748 2764//2764
f 2764//2764 748//748 2592//2592
f 2764//2764 2592//2592 2765//2765
f 2765//2765 2592//2592 2766//2766
f 2765//2765 2766//2766 2767//2767
f 2767//2767 2766//2766 2768//2768
f 2767//2767 2768//2768 2769//2769
f 2769//2769 2768//2768 2770//2770
f 2769//2769 2770//2770 2771//2771
f 2594//2594 2603//2603 2595//2595
f 2595//2595 2603//2603 2602//2602
f 2595//2595 2602//2602 2772//2772
f 2772//2772 2602//2602 2729//2729
f 2772//2772 2729//2729 2773//2773
f 2773//2773 2729//2729 2730//2730
f 2773//2773 2730//2730 2774//2774
f 2774//2774 2730//2730 2731//2731
f 2774//2774 2731//2731 2775//2775
f 2775//2775 2731//2731 2732//2732
f 2775//2775 2732//2732 2776//2776
f 2776//2776 2732//2732 2733//2733
f 2776//2776 2733//2733 2777//2777
f 2777//2777 2733//2733 2734//2734
f 2777//2777 2734//2734 2778//2778
f 2778//2778 2734//2734 2735//2735
f 2778//2778 2735//2735 2779//2779
f 2779//2779 2735//2735 2736//2736
f 2779//2779 2736//2736 2780//2780
f 2780//2780 2736//2736 2737//2737
f 2780//2780 2737//2737 2781//2781
f 2781//2781 2737//2737 2738//2738
f 2781//2781 2738//2738 2782//2782
f 2782//2782 2738//2738 2739//2739
f 2782//2782 2739//2739 2783//2783
f 2783//2783 2739//2739 2740//2740
f 2783//2783 2740//2740 2784//2784
f 2784//2784 2740//2740 2741//2741
f 2784//2784 2741//2741 2785//2785
f 2785//2785 2741//2741 2742//2742
f 2785//2785 2742//2742 2786//2786
f 2786//2786 2742//2742 2743//2743
f 2786//2786 2743//2743 2787//2787
f 2787//2787 2743//2743 2744//2744
f 2787//2787 2744//2744 2788//2788
f 2788//2788 2744//2744 2745//2745
f 2788//2788 2745//2745 2585//2585
f 2789//2789 2746//2746 2747//2747
f 2789//2789 2747//2747 2790//2790
f 2790//2790 2747//2747 2748//2748
f 2790//2790 2748//2748 2791//2791
f 2791//2791 2748//2748 2749//2749
f 2791//2791 2749//2749 2792//2792
f 2792//2792 2749//2749 2750//2750
f 2792//2792 2750//2750 2793//2793
f 2793//2793 2750//2750 2751//2751
f 2793//2793 2751//2751 2794//2794
f 2794//2794 2751//2751 2752//2752
f 2794//2794 2752//2752 2795//2795
f 2795//2795 2752//2752 2753//2753
f 2795//2795 2753//2753 2796//2796
f 2796//2796 2753//2753 2754//2754
f 2796//2796 2754//2754 2797//2797
f 2797//2797 2754//2754 2755//2755
f 2797//2797 2755//2755 2798//2798
f 2798//2798 2755//2755 2756//2756
f 2798//2798 2756//2756 2799//2799
f 2799//2799 2756//2756 2757//2757
f 2799//2799 2757//2757 2800//2800
f 2800//2800 2757//2757 2758//2758
f 2800//2800 2758//2758 2801//2801
f 2801//2801 2758//2758 2759//2759
f 2801//2801 2759//2759 2802//2802
f 2802//2802 2759//2759 2760//2760
f 2802//2802 2760//2760 2803//2803
f 2803//2803 2760//2760 2761//2761
f 2803//2803 2761//2761 2804//2804
f 2804//2804 2761//2761 2762//2762
f 2804//2804 2762//2762 2805//2805
f 2805//2805 2762//2762 2763//2763
f 2805//2805 2763//2763 2582//2582
f 760//760 759//759 2728//2728
f 760//760 2728//2728 761//761
f 761//761 2728//2728 749//749
f 759//759 2590//2590 2728//2728
f 2728//2728 2590//2590 2589//2589
f 2728//2728 2589//2589 2727//2727
f 759//759 755//755 2590//2590
f 2590//2590 755//755 2207//2207
f 2590//2590 2207//2207 2591//2591
f 2591//2591 2207//2207 2208//2208
f 2591//2591 2208//2208 2180//2180
f 2592//2592 751//751 2727//2727
f 2592//2592 2727//2727 2766//2766
f 2766//2766 2727//2727 2589//2589
f 2766//2766 2589//2589 2768//2768
f 2768//2768 2589//2589 2591//2591
f 2768//2768 2591//2591 2770//2770
f 2770//2770 2591//2591 2180//2180
f 2770//2770 2180//2180 2182//2182
f 2770//2770 2182//2182 2181//2181
f 2770//2770 2181//2181 2771//2771
f 2771//2771 2181//2181 2193//2193
f 2771//2771 2193//2193 2183//2183
f 2593//2593 747//747 2764//2764
f 2593//2593 2764//2764 2806//2806
f 2806//2806 2764//2764 2765//2765
f 2806//2806 2765//2765 2807//2807
f 2807//2807 2765//2765 2767//2767
f 2807//2807 2767//2767 2808//2808
f 2808//2808 2767//2767 2769//2769
f 2808//2808 2769//2769 2809//2809
f 2809//2809 2769//2769 2771//2771
f 2809//2809 2771//2771 2586//2586
f 2586//2586 2771//2771 2183//2183
f 2586//2586 2183//2183 2196//2196
f 740//740 743//743 2620//2620
f 2620//2620 743//743 2593//2593
f 2620//2620 2593//2593 2633//2633
f 2633//2633 2593//2593 2806//2806
f 2633//2633 2806//2806 2647//2647
f 2647//2647 2806//2806 2807//2807
f 2647//2647 2807//2807 2662//2662
f 2662//2662 2807//2807 2808//2808
f 2662//2662 2808//2808 2709//2709
f 2709//2709 2808//2808 2809//2809
f 2709//2709 2809//2809 2745//2745
f 2745//2745 2809//2809 2586//2586
f 2745//2745 2586//2586 2585//2585
f 2585//2585 2586//2586 2184//2184
f 2585//2585 2184//2184 2198//2198
f 2185//2185 2186//2186 2810//2810
f 2186//2186 2187//2187 2810//2810
f 2810//2810 2187//2187 2588//2588
f 2810//2810 2588//2588 2811//2811
f 2811//2811 2588//2588 2587//2587
f 2811//2811 2587//2587 2812//2812
f 2187//2187 2188//2188 2588//2588
f 2588//2588 2188//2188 2200//2200
f 2588//2588 2200//2200 2584//2584
f 2584//2584 2200//2200 2189//2189
f 2813//2813 2812//2812 2814//2814
f 2814//2814 2812//2812 2587//2587
f 2814//2814 2587//2587 2815//2815
f 2815//2815 2587//2587 2584//2584
f 2815//2815 2584//2584 2583//2583
f 2583//2583 2584//2584 2190//2190
f 2583//2583 2190//2190 2204//2204
f 2692//2692 2813//2813 2693//2693
f 2693//2693 2813//2813 2814//2814
f 2693//2693 2814//2814 2726//2726
f 2726//2726 2814//2814 2815//2815
f 2726//2726 2815//2815 2763//2763
f 2763//2763 2815//2815 2583//2583
f 2763//2763 2583//2583 2582//2582
f 2582//2582 2583//2583 2202//2202
f 2582//2582 2202//2202 2203//2203
f 2198//2198 2185//2185 2585//2585
f 2585//2585 2185//2185 2810//2810
f 2585//2585 2810//2810 2788//2788
f 2788//2788 2810//2810 2811//2811
f 2788//2788 2811//2811 2787//2787
f 2787//2787 2811//2811 2812//2812
f 2787//2787 2812//2812 2786//2786
f 2786//2786 2812//2812 2813//2813
f 2786//2786 2813//2813 2785//2785
f 2785//2785 2813//2813 2692//2692
f 2785//2785 2692//2692 2784//2784
f 2784//2784 2692//2692 2690//2690
f 2784//2784 2690//2690 2783//2783
f 2783//2783 2690//2690 2688//2688
f 2783//2783 2688//2688 2782//2782
f 2782//2782 2688//2688 2686//2686
f 2782//2782 2686//2686 2781//2781
f 2781//2781 2686//2686 2684//2684
f 2781//2781 2684//2684 2780//2780
f 2780//2780 2684//2684 2682//2682
f 2780//2780 2682//2682 2779//2779
f 2779//2779 2682//2682 2680//2680
f 2779//2779 2680//2680 2778//2778
f 2778//2778 2680//2680 2678//2678
f 2778//2778 2678//2678 2777//2777
f 2777//2777 2678//2678 2676//2676
f 2777//2777 2676//2676 2776//2776
f 2776//2776 2676//2676 2674//2674
f 2776//2776 2674//2674 2775//2775
f 2775//2775 2674//2674 2672//2672
f 2775//2775 2672//2672 2774//2774
f 2774//2774 2672//2672 2670//2670
f 2774//2774 2670//2670 2773//2773
f 2773//2773 2670//2670 2668//2668
f 2773//2773 2668//2668 2772//2772
f 2772//2772 2668//2668 2666//2666
f 2772//2772 2666//2666 2595//2595
f 2595//2595 2666//2666 2664//2664
f 2595//2595 2664//2664 2606//2606
f 2606//2606 2664//2664 2663//2663
f 2606//2606 2663//2663 2816//2816
f 2816//2816 2663//2663 2710//2710
f 2816//2816 2710//2710 2817//2817
f 2817//2817 2710//2710 2746//2746
f 2817//2817 2746//2746 3212//3212
f 3212//3212 2746//2746 2789//2789
f 71//71 2789//2789 2790//2790
f 71//71 2790//2790 73//73
f 73//73 2790//2790 2791//2791
f 73//73 2791//2791 74//74
f 74//74 2791//2791 2792//2792
f 74//74 2792//2792 75//75
f 75//75 2792//2792 2793//2793
f 75//75 2793//2793 79//79
f 79//79 2793//2793 2794//2794
f 79//79 2794//2794 80//80
f 80//80 2794//2794 2795//2795
f 80//80 2795//2795 81//81
f 81//81 2795//2795 2796//2796
f 81//81 2796//2796 76//76
f 76//76 2796//2796 2797//2797
f 76//76 2797//2797 77//77
f 77//77 2797//2797 2798//2798
f 77//77 2798//2798 78//78
f 78//78 2798//2798 2799//2799
f 78//78 2799//2799 82//82
f 82//82 2799//2799 2800//2800
f 82//82 2800//2800 83//83
f 83//83 2800//2800 2801//2801
f 83//83 2801//2801 84//84
f 84//84 2801//2801 2802//2802
f 84//84 2802//2802 85//85
f 85//85 2802//2802 2803//2803
f 85//85 2803//2803 86//86
f 86//86 2803//2803 2804//2804
f 86//86 2804//2804 87//87
f 87//87 2804//2804 2805//2805
f 87//87 2805//2805 89//89
f 89//89 2805//2805 2582//2582
f 89//89 2582//2582 90//90
f 90//90 2582//2582 2191//2191
f 90//90 2191//2191 2192//2192
f 2820//2820 2818//2818 1058//1058
f 2820//2820 1080//1080 2819//2819
f 2819//2819 1080//1080 1078//1078
f 1074//1074 2819//2819 1076//1076
f 1074//1074 1081//1081 2819//2819
f 2824//2824 1081//1081 701//701
f 2821//2821 2824//2824 1087//1087
f 2821//2821 1087//1087 1085//1085
f 2827//2827 2821//2821 1084//1084
f 2827//2827 1096//1096 1094//1094
f 2827//2827 1094//1094 1093//1093
f 1093//1093 1091//1091 2822//2822
f 2822//2822 1091//1091 1089//1089
f 2822//2822 1097//1097 1103//1103
f 1103//1103 1097//1097 1099//1099
f 2826//2826 1103//1103 1101//1101
f 2826//2826 1107//1107 1104//1104
f 2826//2826 1104//1104 2823//2823
f 2823//2823 1110//1110 1108//1108
f 2823//2823 1108//1108 2825//2825
f 2596//2596 2825//2825 704//704
f 1103//1103 2826//2826 2822//2822
f 2822//2822 2827//2827 1093//1093
f 2821//2821 2827//2827 2824//2824
f 2819//2819 1081//1081 2820//2820
f 2818//2818 2820//2820 2905//2905
f 2825//2825 2596//2596 1190//1190
f 2823//2823 2825//2825 2826//2826
f 2820//2820 1081//1081 2905//2905
f 2825//2825 1190//1190 2826//2826
f 2826//2826 2827//2827 2822//2822
f 1081//1081 2824//2824 2827//2827
f 1189//1189 2826//2826 1190//1190
f 2827//2827 2826//2826 1189//1189
f 2905//2905 2221//2221 2818//2818
f 2828//2828 2221//2221 2905//2905
f 68//68 2456//2456 2829//2829
f 690//690 2454//2454 2829//2829
f 2829//2829 2454//2454 2453//2453
f 2829//2829 2453//2453 2452//2452
f 2829//2829 2452//2452 2451//2451
f 2829//2829 2451//2451 2450//2450
f 2829//2829 2450//2450 2449//2449
f 2829//2829 2449//2449 2448//2448
f 2829//2829 2448//2448 2447//2447
f 2829//2829 2447//2447 2446//2446
f 2829//2829 2446//2446 2445//2445
f 2829//2829 2445//2445 2444//2444
f 2829//2829 2444//2444 2443//2443
f 2829//2829 2443//2443 2442//2442
f 2488//2488 690//690 2829//2829
f 2829//2829 2442//2442 2441//2441
f 2488//2488 2829//2829 2486//2486
f 2486//2486 2829//2829 2484//2484
f 2484//2484 2829//2829 2482//2482
f 2482//2482 2829//2829 2480//2480
f 2480//2480 2829//2829 2478//2478
f 2478//2478 2829//2829 2476//2476
f 2476//2476 2829//2829 2474//2474
f 2474//2474 2829//2829 2472//2472
f 2472//2472 2829//2829 2470//2470
f 2470//2470 2829//2829 2468//2468
f 2468//2468 2829//2829 2466//2466
f 2466//2466 2829//2829 2464//2464
f 2464//2464 2829//2829 2462//2462
f 2462//2462 2829//2829 2460//2460
f 2460//2460 2829//2829 2458//2458
f 2829//2829 2441//2441 2440//2440
f 2829//2829 2440//2440 2439//2439
f 2829//2829 2439//2439 2438//2438
f 68//68 2829//2829 2830//2830
f 2830//2830 2829//2829 2831//2831
f 2831//2831 2829//2829 2832//2832
f 2832//2832 2829//2829 2833//2833
f 2833//2833 2829//2829 2834//2834
f 2834//2834 2829//2829 2835//2835
f 2835//2835 2829//2829 2836//2836
f 2836//2836 2829//2829 2837//2837
f 2837//2837 2829//2829 2838//2838
f 2838//2838 2829//2829 2839//2839
f 2839//2839 2829//2829 2840//2840
f 2840//2840 2829//2829 2841//2841
f 2841//2841 2829//2829 2842//2842
f 2842//2842 2829//2829 2843//2843
f 2843//2843 2829//2829 2844//2844
f 2844//2844 2829//2829 2845//2845
f 2845//2845 2829//2829 2846//2846
f 2846//2846 2829//2829 2438//2438
f 2846//2846 2438//2438 612//612
f 2456//2456 2458//2458 2829//2829
f 666//666 2492//2492 2847//2847
f 688//688 2487//2487 2847//2847
f 2847//2847 2487//2487 2485//2485
f 2847//2847 2485//2485 2483//2483
f 2847//2847 2483//2483 2481//2481
f 2847//2847 2481//2481 2479//2479
f 2847//2847 2479//2479 2477//2477
f 2847//2847 2477//2477 2475//2475
f 2847//2847 2475//2475 2473//2473
f 2847//2847 2473//2473 2471//2471
f 2847//2847 2471//2471 2469//2469
f 2847//2847 2469//2469 2467//2467
f 2847//2847 2467//2467 2465//2465
f 2847//2847 2465//2465 2463//2463
f 2508//2508 688//688 2847//2847
f 2847//2847 2463//2463 2461//2461
f 2508//2508 2847//2847 2507//2507
f 2507//2507 2847//2847 2506//2506
f 2506//2506 2847//2847 2505//2505
f 2505//2505 2847//2847 2504//2504
f 2504//2504 2847//2847 2503//2503
f 2503//2503 2847//2847 2502//2502
f 2502//2502 2847//2847 2501//2501
f 2501//2501 2847//2847 2500//2500
f 2500//2500 2847//2847 2499//2499
f 2499//2499 2847//2847 2498//2498
f 2498//2498 2847//2847 2497//2497
f 2497//2497 2847//2847 2496//2496
f 2496//2496 2847//2847 2495//2495
f 2495//2495 2847//2847 2494//2494
f 2494//2494 2847//2847 2493//2493
f 2847//2847 2461//2461 2459//2459
f 2847//2847 2459//2459 2457//2457
f 2847//2847 2457//2457 2455//2455
f 666//666 2847//2847 2848//2848
f 2848//2848 2847//2847 2849//2849
f 2849//2849 2847//2847 2850//2850
f 2850//2850 2847//2847 2851//2851
f 2851//2851 2847//2847 2852//2852
f 2852//2852 2847//2847 2853//2853
f 2853//2853 2847//2847 2854//2854
f 2854//2854 2847//2847 2855//2855
f 2855//2855 2847//2847 2856//2856
f 2856//2856 2847//2847 2857//2857
f 2857//2857 2847//2847 2858//2858
f 2858//2858 2847//2847 2859//2859
f 2859//2859 2847//2847 2860//2860
f 2860//2860 2847//2847 2861//2861
f 2861//2861 2847//2847 2862//2862
f 2862//2862 2847//2847 2863//2863
f 2863//2863 2847//2847 2864//2864
f 2864//2864 2847//2847 2455//2455
f 2864//2864 2455//2455 67//67
f 2492//2492 2493//2493 2847//2847
f 2865//2865 2866//2866 2509//2509
f 611//611 2532//2532 2868//2868
f 677//677 2530//2530 2868//2868
f 2868//2868 2530//2530 2529//2529
f 2868//2868 2529//2529 2528//2528
f 2868//2868 2528//2528 2527//2527
f 2868//2868 2527//2527 2526//2526
f 2868//2868 2526//2526 2525//2525
f 2868//2868 2525//2525 2524//2524
f 2868//2868 2524//2524 2523//2523
f 2868//2868 2523//2523 2522//2522
f 2868//2868 2522//2522 2521//2521
f 2868//2868 2521//2521 2520//2520
f 2868//2868 2520//2520 2519//2519
f 2868//2868 2519//2519 2518//2518
f 2564//2564 677//677 2868//2868
f 2868//2868 2518//2518 2517//2517
f 2564//2564 2868//2868 2562//2562
f 2562//2562 2868//2868 2560//2560
f 2560//2560 2868//2868 2558//2558
f 2558//2558 2868//2868 2556//2556
f 2556//2556 2868//2868 2554//2554
f 2554//2554 2868//2868 2552//2552
f 2552//2552 2868//2868 2550//2550
f 2550//2550 2868//2868 2548//2548
f 2548//2548 2868//2868 2546//2546
f 2546//2546 2868//2868 2544//2544
f 2544//2544 2868//2868 2542//2542
f 2542//2542 2868//2868 2540//2540
f 2540//2540 2868//2868 2538//2538
f 2538//2538 2868//2868 2536//2536
f 2536//2536 2868//2868 2534//2534
f 2868//2868 2517//2517 2516//2516
f 2868//2868 2516//2516 2515//2515
f 2868//2868 2515//2515 2514//2514
f 611//611 2868//2868 2869//2869
f 2869//2869 2868//2868 2870//2870
f 2870//2870 2868//2868 2871//2871
f 2871//2871 2868//2868 2872//2872
f 2872//2872 2868//2868 2873//2873
f 2873//2873 2868//2868 2874//2874
f 2874//2874 2868//2868 2875//2875
f 2875//2875 2868//2868 2876//2876
f 2876//2876 2868//2868 2877//2877
f 2877//2877 2868//2868 2878//2878
f 2878//2878 2868//2868 2879//2879
f 2879//2879 2868//2868 2880//2880
f 2880//2880 2868//2868 2881//2881
f 2881//2881 2868//2868 2882//2882
f 2882//2882 2868//2868 2883//2883
f 2883//2883 2868//2868 2884//2884
f 2884//2884 2868//2868 2885//2885
f 2885//2885 2868//2868 2514//2514
f 2885//2885 2514//2514 663//663
f 2532//2532 2534//2534 2868//2868
f 88//88 2565//2565 2886//2886
f 679//679 2563//2563 2886//2886
f 2886//2886 2563//2563 2561//2561
f 2886//2886 2561//2561 2559//2559
f 2886//2886 2559//2559 2557//2557
f 2886//2886 2557//2557 2555//2555
f 2886//2886 2555//2555 2553//2553
f 2886//2886 2553//2553 2551//2551
f 2886//2886 2551//2551 2549//2549
f 2886//2886 2549//2549 2547//2547
f 2886//2886 2547//2547 2545//2545
f 2886//2886 2545//2545 2543//2543
f 2886//2886 2543//2543 2541//2541
f 2886//2886 2541//2541 2539//2539
f 2581//2581 679//679 2886//2886
f 2886//2886 2539//2539 2537//2537
f 2581//2581 2886//2886 2580//2580
f 2580//2580 2886//2886 2579//2579
f 2579//2579 2886//2886 2578//2578
f 2578//2578 2886//2886 2577//2577
f 2577//2577 2886//2886 2576//2576
f 2576//2576 2886//2886 2575//2575
f 2575//2575 2886//2886 2574//2574
f 2574//2574 2886//2886 2573//2573
f 2573//2573 2886//2886 2572//2572
f 2572//2572 2886//2886 2571//2571
f 2571//2571 2886//2886 2570//2570
f 2570//2570 2886//2886 2569//2569
f 2569//2569 2886//2886 2568//2568
f 2568//2568 2886//2886 2567//2567
f 2567//2567 2886//2886 2566//2566
f 2886//2886 2537//2537 2535//2535
f 2886//2886 2535//2535 2533//2533
f 2886//2886 2533//2533 2531//2531
f 88//88 2886//2886 2887//2887
f 2887//2887 2886//2886 2888//2888
f 2888//2888 2886//2886 2889//2889
f 2889//2889 2886//2886 2890//2890
f 2890//2890 2886//2886 2891//2891
f 2891//2891 2886//2886 2892//2892
f 2892//2892 2886//2886 2893//2893
f 2893//2893 2886//2886 2894//2894
f 2894//2894 2886//2886 2895//2895
f 2895//2895 2886//2886 2896//2896
f 2896//2896 2886//2886 2897//2897
f 2897//2897 2886//2886 2898//2898
f 2898//2898 2886//2886 2899//2899
f 2899//2899 2886//2886 2900//2900
f 2900//2900 2886//2886 2901//2901
f 2901//2901 2886//2886 2902//2902
f 2902//2902 2886//2886 2903//2903
f 2903//2903 2886//2886 2531//2531
f 2903//2903 2531//2531 604//604
f 2565//2565 2566//2566 2886//2886
f 2606//2606 2816//2816 1190//1190
f 1190//1190 2596//2596 2605//2605
f 2600//2600 2605//2605 2596//2596
f 1190//1190 2605//2605 2594//2594
f 2594//2594 2605//2605 2603//2603
f 1190//1190 2594//2594 2606//2606
f 2817//2817 1190//1190 2816//2816
f 3212//3212 1190//1190 2817//2817
f 2828//2828 2905//2905 615//615
f 615//615 3782//3782 1186//1186
f 615//615 1186//1186 2904//2904
f 1186//1186 1184//1184 2904//2904
f 2904//2904 1184//1184 1179//1179
f 1168//1168 3214//3214 2904//2904
f 1168//1168 2904//2904 1181//1181
f 1181//1181 2904//2904 1179//1179
f 615//615 2904//2904 3215//3215
f 3286//3286 68//68 2906//2906
f 2906//2906 68//68 2830//2830
f 2906//2906 2830//2830 2907//2907
f 2907//2907 2830//2830 2908//2908
f 2908//2908 2830//2830 2831//2831
f 2908//2908 2831//2831 3219//3219
f 3219//3219 2831//2831 2909//2909
f 2909//2909 2831//2831 2832//2832
f 2909//2909 2832//2832 2910//2910
f 2910//2910 2832//2832 2911//2911
f 2911//2911 2832//2832 2833//2833
f 2911//2911 2833//2833 2912//2912
f 2912//2912 2833//2833 2913//2913
f 2913//2913 2833//2833 2834//2834
f 2913//2913 2834//2834 3218//3218
f 3218//3218 2834//2834 2914//2914
f 2914//2914 2834//2834 2835//2835
f 2914//2914 2835//2835 2915//2915
f 2915//2915 2835//2835 2916//2916
f 2916//2916 2835//2835 2836//2836
f 2916//2916 2836//2836 2917//2917
f 2917//2917 2836//2836 2918//2918
f 2918//2918 2836//2836 2837//2837
f 2918//2918 2837//2837 2919//2919
f 2919//2919 2837//2837 2838//2838
f 2919//2919 2838//2838 3217//3217
f 3217//3217 2838//2838 2920//2920
f 2920//2920 2838//2838 2839//2839
f 2920//2920 2839//2839 2921//2921
f 2921//2921 2839//2839 2922//2922
f 2922//2922 2839//2839 2840//2840
f 2922//2922 2840//2840 3216//3216
f 3216//3216 2840//2840 2923//2923
f 2923//2923 2840//2840 2841//2841
f 2923//2923 2841//2841 2924//2924
f 2924//2924 2841//2841 2925//2925
f 2925//2925 2841//2841 2842//2842
f 2925//2925 2842//2842 2926//2926
f 2926//2926 2842//2842 2927//2927
f 2927//2927 2842//2842 2843//2843
f 2927//2927 2843//2843 2928//2928
f 2928//2928 2843//2843 2929//2929
f 2929//2929 2843//2843 2844//2844
f 2929//2929 2844//2844 2930//2930
f 2930//2930 2844//2844 2931//2931
f 2931//2931 2844//2844 2845//2845
f 2931//2931 2845//2845 2932//2932
f 2932//2932 2845//2845 2933//2933
f 2933//2933 2845//2845 2846//2846
f 2933//2933 2846//2846 2934//2934
f 2934//2934 2846//2846 2935//2935
f 2935//2935 2846//2846 612//612
f 2935//2935 612//612 3215//3215
f 3221//3221 2936//2936 2861//2861
f 3223//3223 2937//2937 2857//2857
f 2949//2949 2938//2938 2854//2854
f 3230//3230 2939//2939 2850//2850
f 2848//2848 2940//2940 666//666
f 666//666 2940//2940 2941//2941
f 2850//2850 2939//2939 2849//2849
f 2939//2939 2942//2942 2849//2849
f 2849//2849 2942//2942 2943//2943
f 2849//2849 2943//2943 2848//2848
f 2848//2848 2943//2943 3229//3229
f 2848//2848 3229//3229 2940//2940
f 2851//2851 2852//2852 2944//2944
f 2944//2944 3227//3227 2851//2851
f 2851//2851 3227//3227 2945//2945
f 2851//2851 2945//2945 2850//2850
f 2850//2850 2945//2945 3230//3230
f 2854//2854 2938//2938 2853//2853
f 2938//2938 3220//3220 2853//2853
f 2853//2853 3220//3220 2946//2946
f 2853//2853 2946//2946 2852//2852
f 2852//2852 2946//2946 2947//2947
f 2852//2852 2947//2947 2944//2944
f 2855//2855 2948//2948 2854//2854
f 2854//2854 2948//2948 2949//2949
f 2857//2857 2937//2937 2856//2856
f 2937//2937 3224//3224 2856//2856
f 2856//2856 3224//3224 2950//2950
f 2856//2856 2950//2950 2855//2855
f 2855//2855 2950//2950 2951//2951
f 2855//2855 2951//2951 2948//2948
f 2858//2858 2859//2859 2952//2952
f 2952//2952 3225//3225 2858//2858
f 2858//2858 3225//3225 2953//2953
f 2858//2858 2953//2953 2857//2857
f 2857//2857 2953//2953 3223//3223
f 2861//2861 2936//2936 2860//2860
f 2936//2936 2954//2954 2860//2860
f 2860//2860 2954//2954 2955//2955
f 2860//2860 2955//2955 2859//2859
f 2859//2859 2955//2955 3222//3222
f 2859//2859 3222//3222 2952//2952
f 2862//2862 2863//2863 2956//2956
f 2956//2956 2957//2957 2862//2862
f 2862//2862 2957//2957 2958//2958
f 2862//2862 2958//2958 2861//2861
f 2861//2861 2958//2958 3221//3221
f 2864//2864 67//67 66//66
f 66//66 3231//3231 2864//2864
f 2864//2864 3231//3231 2959//2959
f 2864//2864 2959//2959 2863//2863
f 2863//2863 2959//2959 2960//2960
f 2863//2863 2960//2960 2956//2956
f 2961//2961 2962//2962 2963//2963
f 23//23 2961//2961 2964//2964
f 2965//2965 2966//2966 2967//2967
f 669//669 2865//2865 2509//2509
f 2968//2968 2866//2866 2969//2969
f 2969//2969 2866//2866 2970//2970
f 2970//2970 2866//2866 2865//2865
f 2970//2970 2865//2865 2971//2971
f 2971//2971 2865//2865 2972//2972
f 2972//2972 2865//2865 669//669
f 2968//2968 2973//2973 2866//2866
f 2866//2866 2973//2973 2974//2974
f 2866//2866 2974//2974 2975//2975
f 2976//2976 2866//2866 2975//2975
f 2977//2977 26//26 2866//2866
f 2977//2977 2866//2866 2976//2976
f 2979//2979 2983//2983 2980//2980
f 2980//2980 2983//2983 2978//2978
f 2981//2981 2982//2982 2983//2983
f 2981//2981 2983//2983 2979//2979
f 2984//2984 2983//2983 2985//2985
f 2985//2985 2983//2983 2982//2982
f 2983//2983 2984//2984 3228//3228
f 3228//3228 2984//2984 2986//2986
f 3228//3228 2986//2986 2941//2941
f 2980//2980 2978//2978 21//21
f 673//673 2986//2986 2987//2987
f 2987//2987 2986//2986 2988//2988
f 2988//2988 2986//2986 2989//2989
f 2989//2989 2986//2986 2984//2984
f 2989//2989 2984//2984 2990//2990
f 2990//2990 2984//2984 2985//2985
f 2990//2990 2985//2985 2991//2991
f 2991//2991 2985//2985 2982//2982
f 2991//2991 2982//2982 2992//2992
f 2992//2992 2982//2982 2981//2981
f 2992//2992 2981//2981 2993//2993
f 2993//2993 2981//2981 2979//2979
f 2993//2993 2979//2979 2994//2994
f 2994//2994 2979//2979 2980//2980
f 2994//2994 2980//2980 2995//2995
f 2995//2995 2980//2980 21//21
f 2995//2995 21//21 19//19
f 19//19 2965//2965 2995//2995
f 2995//2995 2965//2965 2996//2996
f 2995//2995 2996//2996 2994//2994
f 2994//2994 2996//2996 2997//2997
f 2994//2994 2997//2997 2993//2993
f 2993//2993 2997//2997 2998//2998
f 2993//2993 2998//2998 2992//2992
f 2992//2992 2998//2998 2999//2999
f 2992//2992 2999//2999 2991//2991
f 2991//2991 2999//2999 3000//3000
f 2991//2991 3000//3000 2990//2990
f 2990//2990 3000//3000 3001//3001
f 2990//2990 3001//3001 2989//2989
f 2989//2989 3001//3001 3002//3002
f 2989//2989 3002//3002 2988//2988
f 2988//2988 3002//3002 3003//3003
f 2988//2988 3003//3003 2987//2987
f 2987//2987 3003//3003 3004//3004
f 2987//2987 3004//3004 673//673
f 2965//2965 2967//2967 2996//2996
f 2996//2996 2967//2967 3005//3005
f 2996//2996 3005//3005 2997//2997
f 2997//2997 3005//3005 3006//3006
f 2997//2997 3006//3006 2998//2998
f 2998//2998 3006//3006 3007//3007
f 2998//2998 3007//3007 2999//2999
f 2999//2999 3007//3007 3008//3008
f 2999//2999 3008//3008 3000//3000
f 3000//3000 3008//3008 3009//3009
f 3000//3000 3009//3009 3001//3001
f 3001//3001 3009//3009 3010//3010
f 3001//3001 3010//3010 3002//3002
f 3002//3002 3010//3010 3011//3011
f 3002//3002 3011//3011 3003//3003
f 3003//3003 3011//3011 3012//3012
f 3003//3003 3012//3012 3004//3004
f 3004//3004 3012//3012 673//673
f 19//19 17//17 2965//2965
f 2965//2965 17//17 2966//2966
f 2966//2966 17//17 16//16
f 674//674 673//673 3012//3012
f 674//674 3012//3012 3013//3013
f 3013//3013 3012//3012 3011//3011
f 3013//3013 3011//3011 3014//3014
f 3014//3014 3011//3011 3010//3010
f 3014//3014 3010//3010 3015//3015
f 3015//3015 3010//3010 3009//3009
f 3015//3015 3009//3009 3016//3016
f 3016//3016 3009//3009 3008//3008
f 3016//3016 3008//3008 3017//3017
f 3017//3017 3008//3008 3007//3007
f 3017//3017 3007//3007 3018//3018
f 3018//3018 3007//3007 3006//3006
f 3018//3018 3006//3006 3019//3019
f 3019//3019 3006//3006 3005//3005
f 3019//3019 3005//3005 3020//3020
f 3020//3020 3005//3005 2967//2967
f 3020//3020 2967//2967 3021//3021
f 3021//3021 2967//2967 2966//2966
f 3021//3021 2966//2966 3022//3022
f 3022//3022 2966//2966 16//16
f 3022//3022 16//16 14//14
f 14//14 23//23 3022//3022
f 3022//3022 23//23 3023//3023
f 3022//3022 3023//3023 3021//3021
f 3021//3021 3023//3023 3024//3024
f 3021//3021 3024//3024 3020//3020
f 3020//3020 3024//3024 3025//3025
f 3020//3020 3025//3025 3019//3019
f 3019//3019 3025//3025 3026//3026
f 3019//3019 3026//3026 3018//3018
f 3018//3018 3026//3026 3027//3027
f 3018//3018 3027//3027 3017//3017
f 3017//3017 3027//3027 3028//3028
f 3017//3017 3028//3028 3016//3016
f 3016//3016 3028//3028 3029//3029
f 3016//3016 3029//3029 3015//3015
f 3015//3015 3029//3029 3030//3030
f 3015//3015 3030//3030 3014//3014
f 3014//3014 3030//3030 3031//3031
f 3014//3014 3031//3031 3013//3013
f 3013//3013 3031//3031 667//667
f 3013//3013 667//667 674//674
f 23//23 2964//2964 3023//3023
f 3023//3023 2964//2964 3032//3032
f 3023//3023 3032//3032 3024//3024
f 3024//3024 3032//3032 3033//3033
f 3024//3024 3033//3033 3025//3025
f 3025//3025 3033//3033 3034//3034
f 3025//3025 3034//3034 3026//3026
f 3026//3026 3034//3034 3035//3035
f 3026//3026 3035//3035 3027//3027
f 3027//3027 3035//3035 3036//3036
f 3027//3027 3036//3036 3028//3028
f 3028//3028 3036//3036 3037//3037
f 3028//3028 3037//3037 3029//3029
f 3029//3029 3037//3037 3038//3038
f 3029//3029 3038//3038 3030//3030
f 3030//3030 3038//3038 3039//3039
f 3030//3030 3039//3039 3031//3031
f 3031//3031 3039//3039 668//668
f 3031//3031 668//668 667//667
f 2961//2961 2963//2963 2964//2964
f 2964//2964 2963//2963 3040//3040
f 2964//2964 3040//3040 3032//3032
f 3032//3032 3040//3040 3041//3041
f 3032//3032 3041//3041 3033//3033
f 3033//3033 3041//3041 3042//3042
f 3033//3033 3042//3042 3034//3034
f 3034//3034 3042//3042 3043//3043
f 3034//3034 3043//3043 3035//3035
f 3035//3035 3043//3043 3044//3044
f 3035//3035 3044//3044 3036//3036
f 3036//3036 3044//3044 3045//3045
f 3036//3036 3045//3045 3037//3037
f 3037//3037 3045//3045 3046//3046
f 3037//3037 3046//3046 3038//3038
f 3038//3038 3046//3046 3047//3047
f 3038//3038 3047//3047 3039//3039
f 3039//3039 3047//3047 3048//3048
f 3039//3039 3048//3048 668//668
f 14//14 13//13 23//23
f 2961//2961 23//23 25//25
f 2961//2961 25//25 2962//2962
f 2962//2962 25//25 26//26
f 2962//2962 26//26 2977//2977
f 2962//2962 2977//2977 2963//2963
f 2963//2963 2977//2977 2976//2976
f 2963//2963 2976//2976 3040//3040
f 3040//3040 2976//2976 2975//2975
f 3040//3040 2975//2975 3041//3041
f 3041//3041 2975//2975 2974//2974
f 3041//3041 2974//2974 3042//3042
f 3042//3042 2974//2974 2973//2973
f 3042//3042 2973//2973 3043//3043
f 3043//3043 2973//2973 2968//2968
f 3043//3043 2968//2968 3044//3044
f 3044//3044 2968//2968 2969//2969
f 3044//3044 2969//2969 3045//3045
f 3045//3045 2969//2969 2970//2970
f 3045//3045 2970//2970 3046//3046
f 3046//3046 2970//2970 2971//2971
f 3046//3046 2971//2971 3047//3047
f 3047//3047 2971//2971 2972//2972
f 3047//3047 2972//2972 3048//3048
f 3048//3048 2972//2972 669//669
f 3048//3048 669//669 668//668
f 3244//3244 3050//3050 3051//3051
f 3234//3234 3052//3052 3053//3053
f 3243//3243 3054//3054 3055//3055
f 3241//3241 3056//3056 3057//3057
f 3059//3059 3060//3060 3061//3061
f 35//35 36//36 3062//3062
f 29//29 31//31 3063//3063
f 3066//3066 2867//2867 3070//3070
f 3066//3066 3070//3070 3072//3072
f 3071//3071 2867//2867 3066//3066
f 3071//3071 3066//3066 3073//3073
f 3073//3073 3066//3066 3072//3072
f 3073//3073 3072//3072 3074//3074
f 3075//3075 2867//2867 3071//3071
f 3075//3075 3071//3071 3076//3076
f 3076//3076 3071//3071 3073//3073
f 3076//3076 3073//3073 3077//3077
f 3077//3077 3073//3073 3074//3074
f 3077//3077 3074//3074 3078//3078
f 3079//3079 2867//2867 3075//3075
f 3079//3079 3075//3075 3080//3080
f 3080//3080 3075//3075 3076//3076
f 3080//3080 3076//3076 3081//3081
f 3081//3081 3076//3076 3077//3077
f 3081//3081 3077//3077 3082//3082
f 3082//3082 3077//3077 3078//3078
f 3082//3082 3078//3078 3083//3083
f 3084//3084 2867//2867 3079//3079
f 3084//3084 3079//3079 3085//3085
f 3085//3085 3079//3079 3080//3080
f 3085//3085 3080//3080 3086//3086
f 3086//3086 3080//3080 3081//3081
f 3086//3086 3081//3081 3087//3087
f 3087//3087 3081//3081 3082//3082
f 3087//3087 3082//3082 3088//3088
f 3088//3088 3082//3082 3083//3083
f 3088//3088 3083//3083 3089//3089
f 3065//3065 2867//2867 3084//3084
f 3065//3065 3084//3084 3090//3090
f 3090//3090 3084//3084 3085//3085
f 3090//3090 3085//3085 3091//3091
f 3091//3091 3085//3085 3086//3086
f 3091//3091 3086//3086 3092//3092
f 3092//3092 3086//3086 3087//3087
f 3092//3092 3087//3087 3093//3093
f 3093//3093 3087//3087 3088//3088
f 3093//3093 3088//3088 3094//3094
f 3094//3094 3088//3088 3089//3089
f 3094//3094 3089//3089 3095//3095
f 3096//3096 3065//3065 3090//3090
f 3096//3096 3090//3090 3091//3091
f 3096//3096 3091//3091 3097//3097
f 3097//3097 3091//3091 3092//3092
f 3097//3097 3092//3092 3098//3098
f 3098//3098 3092//3092 3093//3093
f 3098//3098 3093//3093 3099//3099
f 3099//3099 3093//3093 3094//3094
f 3099//3099 3094//3094 3100//3100
f 3100//3100 3094//3094 3095//3095
f 3100//3100 3095//3095 3101//3101
f 37//37 3060//3060 36//36
f 36//36 3060//3060 3059//3059
f 31//31 33//33 3063//3063
f 3063//3063 33//33 3102//3102
f 3063//3063 3102//3102 3103//3103
f 3103//3103 3102//3102 3104//3104
f 3103//3103 3104//3104 3105//3105
f 3105//3105 3104//3104 3106//3106
f 3105//3105 3106//3106 3107//3107
f 3107//3107 3106//3106 3108//3108
f 3107//3107 3108//3108 3109//3109
f 3065//3065 3096//3096 664//664
f 664//664 3096//3096 3097//3097
f 664//664 3097//3097 665//665
f 665//665 3097//3097 3098//3098
f 665//665 3098//3098 670//670
f 670//670 3098//3098 3099//3099
f 670//670 3099//3099 671//671
f 671//671 3099//3099 3100//3100
f 671//671 3100//3100 672//672
f 672//672 3100//3100 3101//3101
f 672//672 3101//3101 3051//3051
f 3060//3060 37//37 3058//3058
f 3060//3060 3058//3058 3061//3061
f 3061//3061 3058//3058 3248//3248
f 3061//3061 3248//3248 3110//3110
f 3062//3062 36//36 3059//3059
f 3062//3062 3059//3059 3111//3111
f 3111//3111 3059//3059 3061//3061
f 3111//3111 3061//3061 3112//3112
f 3112//3112 3061//3061 3110//3110
f 3112//3112 3110//3110 3113//3113
f 33//33 35//35 3102//3102
f 3102//3102 35//35 3062//3062
f 3102//3102 3062//3062 3104//3104
f 3104//3104 3062//3062 3111//3111
f 3104//3104 3111//3111 3106//3106
f 3106//3106 3111//3111 3112//3112
f 3106//3106 3112//3112 3108//3108
f 3108//3108 3112//3112 3113//3113
f 3113//3113 3236//3236 3108//3108
f 3108//3108 3236//3236 3114//3114
f 3108//3108 3114//3114 3109//3109
f 3109//3109 3114//3114 3238//3238
f 3109//3109 3238//3238 3115//3115
f 27//27 29//29 3064//3064
f 3064//3064 29//29 3063//3063
f 3064//3064 3063//3063 3116//3116
f 3116//3116 3063//3063 3103//3103
f 3116//3116 3103//3103 3117//3117
f 3117//3117 3103//3103 3105//3105
f 3117//3117 3105//3105 3118//3118
f 3118//3118 3105//3105 3107//3107
f 3118//3118 3107//3107 3119//3119
f 3119//3119 3107//3107 3109//3109
f 3119//3119 3109//3109 3120//3120
f 3120//3120 3109//3109 3115//3115
f 3120//3120 3115//3115 3121//3121
f 28//28 27//27 3122//3122
f 3122//3122 27//27 3064//3064
f 3122//3122 3064//3064 3123//3123
f 3123//3123 3064//3064 3116//3116
f 3123//3123 3116//3116 3124//3124
f 3124//3124 3116//3116 3117//3117
f 3124//3124 3117//3117 3125//3125
f 3125//3125 3117//3117 3118//3118
f 3125//3125 3118//3118 3126//3126
f 3126//3126 3118//3118 3119//3119
f 3126//3126 3119//3119 3127//3127
f 3127//3127 3119//3119 3120//3120
f 3127//3127 3120//3120 3128//3128
f 3128//3128 3120//3120 3121//3121
f 3121//3121 3239//3239 3128//3128
f 3128//3128 3239//3239 3129//3129
f 28//28 3122//3122 3130//3130
f 3130//3130 3122//3122 3123//3123
f 3130//3130 3123//3123 3131//3131
f 3131//3131 3123//3123 3124//3124
f 3131//3131 3124//3124 3132//3132
f 3132//3132 3124//3124 3125//3125
f 3132//3132 3125//3125 3133//3133
f 3133//3133 3125//3125 3126//3126
f 3133//3133 3126//3126 3134//3134
f 3134//3134 3126//3126 3127//3127
f 3134//3134 3127//3127 3135//3135
f 3135//3135 3127//3127 3128//3128
f 3135//3135 3128//3128 3136//3136
f 3136//3136 3128//3128 3129//3129
f 3136//3136 3129//3129 3137//3137
f 3067//3067 28//28 3138//3138
f 3138//3138 28//28 3130//3130
f 3138//3138 3130//3130 3139//3139
f 3139//3139 3130//3130 3131//3131
f 3139//3139 3131//3131 3140//3140
f 3140//3140 3131//3131 3132//3132
f 3140//3140 3132//3132 3141//3141
f 3141//3141 3132//3132 3133//3133
f 3141//3141 3133//3133 3142//3142
f 3142//3142 3133//3133 3134//3134
f 3142//3142 3134//3134 3143//3143
f 3143//3143 3134//3134 3135//3135
f 3143//3143 3135//3135 3144//3144
f 3144//3144 3135//3135 3136//3136
f 3144//3144 3136//3136 3057//3057
f 3057//3057 3136//3136 3137//3137
f 3057//3057 3137//3137 3241//3241
f 2867//2867 3067//3067 3068//3068
f 3068//3068 3067//3067 3138//3138
f 3068//3068 3138//3138 3145//3145
f 3145//3145 3138//3138 3139//3139
f 3145//3145 3139//3139 3146//3146
f 3146//3146 3139//3139 3140//3140
f 3146//3146 3140//3140 3147//3147
f 3147//3147 3140//3140 3141//3141
f 3147//3147 3141//3141 3148//3148
f 3148//3148 3141//3141 3142//3142
f 3148//3148 3142//3142 3149//3149
f 3149//3149 3142//3142 3143//3143
f 3149//3149 3143//3143 3150//3150
f 3150//3150 3143//3143 3144//3144
f 3150//3150 3144//3144 3151//3151
f 3151//3151 3144//3144 3057//3057
f 3151//3151 3057//3057 3055//3055
f 3055//3055 3057//3057 3056//3056
f 3055//3055 3056//3056 3243//3243
f 2867//2867 3068//3068 3069//3069
f 3069//3069 3068//3068 3145//3145
f 3069//3069 3145//3145 3152//3152
f 3152//3152 3145//3145 3146//3146
f 3152//3152 3146//3146 3153//3153
f 3153//3153 3146//3146 3147//3147
f 3153//3153 3147//3147 3154//3154
f 3154//3154 3147//3147 3148//3148
f 3154//3154 3148//3148 3155//3155
f 3155//3155 3148//3148 3149//3149
f 3155//3155 3149//3149 3156//3156
f 3156//3156 3149//3149 3150//3150
f 3156//3156 3150//3150 3157//3157
f 3157//3157 3150//3150 3151//3151
f 3157//3157 3151//3151 3158//3158
f 3158//3158 3151//3151 3055//3055
f 3158//3158 3055//3055 3053//3053
f 3053//3053 3055//3055 3054//3054
f 3053//3053 3054//3054 3234//3234
f 2867//2867 3069//3069 3070//3070
f 3070//3070 3069//3069 3152//3152
f 3070//3070 3152//3152 3072//3072
f 3072//3072 3152//3152 3153//3153
f 3072//3072 3153//3153 3074//3074
f 3074//3074 3153//3153 3154//3154
f 3074//3074 3154//3154 3078//3078
f 3078//3078 3154//3154 3155//3155
f 3078//3078 3155//3155 3083//3083
f 3083//3083 3155//3155 3156//3156
f 3083//3083 3156//3156 3089//3089
f 3089//3089 3156//3156 3157//3157
f 3089//3089 3157//3157 3095//3095
f 3095//3095 3157//3157 3158//3158
f 3095//3095 3158//3158 3101//3101
f 3101//3101 3158//3158 3053//3053
f 3101//3101 3053//3053 3051//3051
f 3051//3051 3053//3053 3052//3052
f 3051//3051 3052//3052 3244//3244
f 675//675 672//672 3051//3051
f 675//675 3051//3051 676//676
f 676//676 3051//3051 3050//3050
f 676//676 3050//3050 3049//3049
f 39//39 611//611 3159//3159
f 3159//3159 611//611 2869//2869
f 3159//3159 2869//2869 3249//3249
f 3249//3249 2869//2869 3160//3160
f 3160//3160 2869//2869 2870//2870
f 3160//3160 2870//2870 3161//3161
f 3161//3161 2870//2870 3162//3162
f 3162//3162 2870//2870 2871//2871
f 3162//3162 2871//2871 3232//3232
f 3232//3232 2871//2871 3163//3163
f 3163//3163 2871//2871 2872//2872
f 3163//3163 2872//2872 3164//3164
f 3164//3164 2872//2872 3165//3165
f 3165//3165 2872//2872 2873//2873
f 3165//3165 2873//2873 3166//3166
f 3166//3166 2873//2873 3167//3167
f 3167//3167 2873//2873 2874//2874
f 3167//3167 2874//2874 3247//3247
f 2876//2876 3168//3168 2875//2875
f 2875//2875 3168//3168 3169//3169
f 2875//2875 3169//3169 2874//2874
f 2874//2874 3169//3169 3247//3247
f 2877//2877 3170//3170 2876//2876
f 2876//2876 3170//3170 3171//3171
f 2876//2876 3171//3171 3168//3168
f 2878//2878 3172//3172 2877//2877
f 2877//2877 3172//3172 3242//3242
f 2877//2877 3242//3242 3170//3170
f 2879//2879 3173//3173 2878//2878
f 2878//2878 3173//3173 3233//3233
f 2878//2878 3233//3233 3172//3172
f 2880//2880 3250//3250 3174//3174
f 2880//2880 3174//3174 2879//2879
f 2879//2879 3174//3174 3173//3173
f 3250//3250 2880//2880 3175//3175
f 3175//3175 2880//2880 2881//2881
f 3175//3175 2881//2881 3240//3240
f 2882//2882 3176//3176 2881//2881
f 2881//2881 3176//3176 3240//3240
f 2883//2883 3177//3177 2882//2882
f 2882//2882 3177//3177 3237//3237
f 2882//2882 3237//3237 3176//3176
f 2884//2884 3178//3178 2883//2883
f 2883//2883 3178//3178 3245//3245
f 2883//2883 3245//3245 3177//3177
f 2885//2885 3246//3246 3179//3179
f 2885//2885 3179//3179 2884//2884
f 2884//2884 3179//3179 3235//3235
f 2884//2884 3235//3235 3178//3178
f 3246//3246 2885//2885 3180//3180
f 3180//3180 2885//2885 663//663
f 3180//3180 663//663 3049//3049
f 610//610 3181//3181 604//604
f 604//604 3181//3181 2903//2903
f 3181//3181 3182//3182 2903//2903
f 2903//2903 3182//3182 3183//3183
f 2903//2903 3183//3183 2902//2902
f 3183//3183 3184//3184 2902//2902
f 2902//2902 3184//3184 3185//3185
f 2902//2902 3185//3185 2901//2901
f 3185//3185 3186//3186 2901//2901
f 2901//2901 3186//3186 3187//3187
f 2901//2901 3187//3187 2900//2900
f 3187//3187 3188//3188 2900//2900
f 2900//2900 3188//3188 3189//3189
f 2900//2900 3189//3189 2899//2899
f 3189//3189 3190//3190 2899//2899
f 2899//2899 3190//3190 3191//3191
f 2899//2899 3191//3191 2898//2898
f 3191//3191 3192//3192 2898//2898
f 2898//2898 3192//3192 3193//3193
f 2898//2898 3193//3193 2897//2897
f 3193//3193 3267//3267 2897//2897
f 2897//2897 3267//3267 3194//3194
f 2897//2897 3194//3194 2896//2896
f 2896//2896 3194//3194 3195//3195
f 2896//2896 3195//3195 2895//2895
f 3195//3195 3266//3266 2895//2895
f 2895//2895 3266//3266 3196//3196
f 2895//2895 3196//3196 2894//2894
f 3196//3196 3197//3197 2894//2894
f 2894//2894 3197//3197 3198//3198
f 2894//2894 3198//3198 2893//2893
f 3198//3198 3199//3199 2893//2893
f 2893//2893 3199//3199 3200//3200
f 2893//2893 3200//3200 2892//2892
f 3200//3200 3265//3265 2892//2892
f 2892//2892 3265//3265 3201//3201
f 2892//2892 3201//3201 2891//2891
f 3201//3201 3202//3202 2891//2891
f 2891//2891 3202//3202 3203//3203
f 2891//2891 3203//3203 2890//2890
f 3203//3203 3204//3204 2890//2890
f 2890//2890 3204//3204 3205//3205
f 2890//2890 3205//3205 2889//2889
f 3205//3205 3270//3270 2889//2889
f 2889//2889 3270//3270 3206//3206
f 2889//2889 3206//3206 2888//2888
f 3206//3206 3207//3207 2888//2888
f 2888//2888 3207//3207 3208//3208
f 2888//2888 3208//3208 2887//2887
f 3208//3208 3209//3209 2887//2887
f 2887//2887 3209//3209 3210//3210
f 2887//2887 3210//3210 88//88
f 88//88 3210//3210 3269//3269
f 1195//1195 1192//1192 3211//3211
f 1198//1198 1193//1193 3211//3211
f 1201//1201 1200//1200 3211//3211
f 3211//3211 3269//3269 3273//3273
f 3211//3211 3273//3273 1167//1167
f 3211//3211 1167//1167 1201//1201
f 1198//1198 3211//3211 1200//1200
f 1195//1195 3211//3211 1193//1193
f 3212//3212 3211//3211 1192//1192
f 2932//2932 2933//2933 2934//2934
f 2930//2930 2928//2928 2929//2929
f 2930//2930 2931//2931 2932//2932
f 2926//2926 2924//2924 2925//2925
f 2926//2926 2927//2927 2928//2928
f 2930//2930 2904//2904 2926//2926
f 3216//3216 2923//2923 2924//2924
f 2934//2934 3215//3215 2932//2932
f 2932//2932 3215//3215 2904//2904
f 2932//2932 2904//2904 2930//2930
f 2928//2928 2930//2930 2926//2926
f 2924//2924 2926//2926 3216//3216
f 2935//2935 3215//3215 2934//2934
f 2918//2918 2919//2919 3217//3217
f 2904//2904 3216//3216 2926//2926
f 3217//3217 2920//2920 3216//3216
f 3216//3216 2920//2920 2921//2921
f 3216//3216 2921//2921 2922//2922
f 2917//2917 2918//2918 3217//3217
f 2915//2915 2916//2916 2917//2917
f 3217//3217 3216//3216 2904//2904
f 3218//3218 2914//2914 2915//2915
f 2912//2912 2913//2913 3218//3218
f 3218//3218 2915//2915 2917//2917
f 3213//3213 2904//2904 3214//3214
f 2910//2910 2911//2911 2912//2912
f 2910//2910 2912//2912 3218//3218
f 3218//3218 2917//2917 3217//3217
f 3219//3219 2909//2909 2910//2910
f 3219//3219 3218//3218 3213//3213
f 2907//2907 2908//2908 3219//3219
f 3219//3219 2910//2910 3218//3218
f 3213//3213 3218//3218 3217//3217
f 3213//3213 3217//3217 2904//2904
f 2906//2906 2907//2907 3286//3286
f 3286//3286 2907//2907 3219//3219
f 3286//3286 3219//3219 3213//3213
f 2959//2959 3231//3231 2960//2960
f 2960//2960 3231//3231 2956//2956
f 2956//2956 3231//3231 2957//2957
f 2957//2957 3231//3231 2958//2958
f 2958//2958 3231//3231 3221//3221
f 2936//2936 3221//3221 2954//2954
f 2954//2954 3221//3221 2955//2955
f 2955//2955 3221//3221 3222//3222
f 2952//2952 3222//3222 3225//3225
f 2953//2953 3225//3225 3223//3223
f 2951//2951 2950//2950 3224//3224
f 3224//3224 2937//2937 3223//3223
f 2948//2948 2951//2951 2949//2949
f 2949//2949 2951//2951 3220//3220
f 3226//3226 70//70 3228//3228
f 2947//2947 2946//2946 3220//3220
f 3220//3220 2938//2938 2949//2949
f 2944//2944 2947//2947 3227//3227
f 2945//2945 3227//3227 3230//3230
f 3230//3230 2942//2942 2939//2939
f 3228//3228 2978//2978 2983//2983
f 3228//3228 3229//3229 3226//3226
f 3226//3226 3227//3227 2947//2947
f 70//70 3226//3226 3225//3225
f 3229//3229 3230//3230 3226//3226
f 3226//3226 3230//3230 3227//3227
f 3226//3226 2951//2951 3225//3225
f 3228//3228 2941//2941 3229//3229
f 3230//3230 3229//3229 2942//2942
f 3226//3226 2947//2947 3220//3220
f 3226//3226 3220//3220 2951//2951
f 3225//3225 2951//2951 3224//3224
f 3225//3225 3224//3224 3223//3223
f 70//70 3225//3225 3222//3222
f 70//70 3222//3222 3221//3221
f 70//70 3221//3221 3231//3231
f 2943//2943 2942//2942 3229//3229
f 2940//2940 3229//3229 2941//2941
f 3163//3163 3164//3164 3232//3232
f 3121//3121 3115//3115 3239//3239
f 3137//3137 3129//3129 3239//3239
f 3049//3049 3050//3050 3244//3244
f 3113//3113 3110//3110 3248//3248
f 3235//3235 3179//3179 3246//3246
f 3244//3244 3246//3246 3180//3180
f 3244//3244 3180//3180 3049//3049
f 3236//3236 3113//3113 3248//3248
f 3236//3236 3248//3248 3239//3239
f 3178//3178 3235//3235 3245//3245
f 3245//3245 3237//3237 3177//3177
f 3238//3238 3114//3114 3236//3236
f 3237//3237 3240//3240 3176//3176
f 3115//3115 3238//3238 3239//3239
f 3239//3239 3238//3238 3236//3236
f 3240//3240 3250//3250 3175//3175
f 3241//3241 3137//3137 3239//3239
f 3241//3241 3239//3239 3243//3243
f 3243//3243 3239//3239 3250//3250
f 3233//3233 3173//3173 3250//3250
f 3250//3250 3173//3173 3174//3174
f 3243//3243 3056//3056 3241//3241
f 3172//3172 3233//3233 3242//3242
f 3054//3054 3243//3243 3234//3234
f 3170//3170 3242//3242 3171//3171
f 3171//3171 3242//3242 3247//3247
f 3171//3171 3247//3247 3168//3168
f 3234//3234 3243//3243 3245//3245
f 3245//3245 3243//3243 3250//3250
f 3244//3244 3052//3052 3234//3234
f 3168//3168 3247//3247 3169//3169
f 3246//3246 3244//3244 3234//3234
f 3246//3246 3234//3234 3245//3245
f 3167//3167 3247//3247 3164//3164
f 3167//3167 3164//3164 3166//3166
f 3235//3235 3246//3246 3245//3245
f 3237//3237 3245//3245 3250//3250
f 3237//3237 3250//3250 3240//3240
f 3250//3250 3247//3247 3233//3233
f 3233//3233 3247//3247 3242//3242
f 3164//3164 3165//3165 3166//3166
f 3161//3161 3232//3232 3164//3164
f 3248//3248 3058//3058 37//37
f 3161//3161 3162//3162 3232//3232
f 3249//3249 3160//3160 3161//3161
f 3249//3249 3161//3161 3164//3164
f 3249//3249 3164//3164 3247//3247
f 39//39 3247//3247 3250//3250
f 39//39 3248//3248 37//37
f 3239//3239 39//39 3250//3250
f 39//39 3159//3159 3249//3249
f 39//39 3249//3249 3247//3247
f 39//39 3239//3239 3248//3248
f 3273//3273 3251//3251 3252//3252
f 3274//3274 3253//3253 3271//3271
f 3251//3251 3271//3271 3254//3254
f 3274//3274 3255//3255 3256//3256
f 3274//3274 3256//3256 3253//3253
f 3259//3259 3257//3257 3274//3274
f 3275//3275 3258//3258 3259//3259
f 3272//3272 3261//3261 3275//3275
f 3260//3260 3272//3272 3262//3262
f 3263//3263 3262//3262 3182//3182
f 3264//3264 3182//3182 3181//3181
f 3264//3264 3181//3181 610//610
f 3270//3270 3269//3269 3209//3209
f 3209//3209 3269//3269 3210//3210
f 3270//3270 3209//3209 3207//3207
f 3209//3209 3208//3208 3207//3207
f 3270//3270 3207//3207 3206//3206
f 3270//3270 3205//3205 3204//3204
f 3265//3265 3204//3204 3202//3202
f 3202//3202 3204//3204 3203//3203
f 3202//3202 3201//3201 3265//3265
f 3197//3197 3265//3265 3200//3200
f 3200//3200 3199//3199 3197//3197
f 3197//3197 3199//3199 3198//3198
f 3267//3267 3265//3265 3197//3197
f 3267//3267 3197//3197 3266//3266
f 3266//3266 3197//3197 3196//3196
f 3266//3266 3195//3195 3267//3267
f 3267//3267 3195//3195 3194//3194
f 3268//3268 3265//3265 3267//3267
f 3273//3273 3269//3269 3265//3265
f 3267//3267 3192//3192 3190//3190
f 3267//3267 3193//3193 3192//3192
f 3190//3190 3192//3192 3191//3191
f 3273//3273 3265//3265 3268//3268
f 3273//3273 3268//3268 3271//3271
f 3268//3268 3267//3267 3188//3188
f 3188//3188 3267//3267 3190//3190
f 3190//3190 3189//3189 3188//3188
f 3186//3186 3188//3188 3187//3187
f 3272//3272 3268//3268 3188//3188
f 3272//3272 3188//3188 3184//3184
f 3184//3184 3188//3188 3186//3186
f 3274//3274 3271//3271 3268//3268
f 3274//3274 3268//3268 3275//3275
f 3275//3275 3268//3268 3272//3272
f 3265//3265 3269//3269 3204//3204
f 3204//3204 3269//3269 3270//3270
f 3186//3186 3185//3185 3184//3184
f 3182//3182 3184//3184 3183//3183
f 3273//3273 3271//3271 3251//3251
f 3259//3259 3274//3274 3275//3275
f 3272//3272 3184//3184 3262//3262
f 3262//3262 3184//3184 3182//3182
f 3213//3213 3214//3214 3279//3279
f 1175//1175 3287//3287 1177//1177
f 1177//1177 3287//3287 3290//3290
f 1175//1175 1174//1174 3287//3287
f 3287//3287 1174//1174 1171//1171
f 3287//3287 1171//1171 3288//3288
f 3288//3288 1171//1171 1172//1172
f 3288//3288 1172//1172 3289//3289
f 3291//3291 3290//3290 3287//3287
f 3291//3291 3287//3287 3292//3292
f 3292//3292 3287//3287 3288//3288
f 3292//3292 3288//3288 3293//3293
f 3293//3293 3288//3288 3289//3289
f 3214//3214 3277//3277 3278//3278
f 3278//3278 3277//3277 3295//3295
f 3278//3278 3295//3295 3296//3296
f 3296//3296 3295//3295 3297//3297
f 3296//3296 3297//3297 3298//3298
f 3298//3298 3297//3297 3299//3299
f 3298//3298 3299//3299 3300//3300
f 3300//3300 3299//3299 3289//3289
f 3213//3213 3279//3279 3280//3280
f 3280//3280 3279//3279 3301//3301
f 3280//3280 3301//3301 3302//3302
f 3302//3302 3301//3301 3303//3303
f 3302//3302 3303//3303 3304//3304
f 3304//3304 3303//3303 3305//3305
f 3304//3304 3305//3305 3306//3306
f 3306//3306 3305//3305 3289//3289
f 3213//3213 3283//3283 3284//3284
f 3284//3284 3283//3283 3307//3307
f 3284//3284 3307//3307 3308//3308
f 3308//3308 3307//3307 3309//3309
f 3308//3308 3309//3309 3319//3319
f 3213//3213 3285//3285 3286//3286
f 3286//3286 3285//3285 3310//3310
f 1172//1172 3294//3294 3289//3289
f 3289//3289 3299//3299 3293//3293
f 3293//3293 3299//3299 3297//3297
f 3293//3293 3297//3297 3292//3292
f 3292//3292 3297//3297 3295//3295
f 3292//3292 3295//3295 3291//3291
f 3291//3291 3295//3295 3277//3277
f 3291//3291 3277//3277 3290//3290
f 3290//3290 3277//3277 3214//3214
f 3289//3289 3305//3305 3300//3300
f 3300//3300 3305//3305 3303//3303
f 3300//3300 3303//3303 3298//3298
f 3298//3298 3303//3303 3301//3301
f 3298//3298 3301//3301 3296//3296
f 3296//3296 3301//3301 3279//3279
f 3296//3296 3279//3279 3278//3278
f 3278//3278 3279//3279 3214//3214
f 3213//3213 3280//3280 3281//3281
f 3281//3281 3280//3280 3302//3302
f 3281//3281 3302//3302 3311//3311
f 3311//3311 3302//3302 3304//3304
f 3311//3311 3304//3304 3312//3312
f 3312//3312 3304//3304 3306//3306
f 3312//3312 3306//3306 3313//3313
f 3313//3313 3306//3306 3289//3289
f 3213//3213 3281//3281 3282//3282
f 3282//3282 3281//3281 3311//3311
f 3282//3282 3311//3311 3314//3314
f 3314//3314 3311//3311 3312//3312
f 3314//3314 3312//3312 3315//3315
f 3315//3315 3312//3312 3313//3313
f 3315//3315 3313//3313 3316//3316
f 3316//3316 3313//3313 3289//3289
f 3213//3213 3282//3282 3276//3276
f 3276//3276 3282//3282 3314//3314
f 3276//3276 3314//3314 3317//3317
f 3317//3317 3314//3314 3315//3315
f 3317//3317 3315//3315 3318//3318
f 3318//3318 3315//3315 3316//3316
f 3318//3318 3316//3316 3319//3319
f 3319//3319 3316//3316 3289//3289
f 3319//3319 3320//3320 3318//3318
f 3318//3318 3320//3320 3321//3321
f 3318//3318 3321//3321 3317//3317
f 3317//3317 3321//3321 3322//3322
f 3317//3317 3322//3322 3276//3276
f 3276//3276 3322//3322 3213//3213
f 3319//3319 3309//3309 3320//3320
f 3320//3320 3309//3309 3307//3307
f 3320//3320 3307//3307 3321//3321
f 3321//3321 3307//3307 3283//3283
f 3321//3321 3283//3283 3322//3322
f 3322//3322 3283//3283 3213//3213
f 3319//3319 3310//3310 3308//3308
f 3308//3308 3310//3310 3285//3285
f 3308//3308 3285//3285 3284//3284
f 3284//3284 3285//3285 3213//3213
f 3310//3310 3319//3319 3289//3289
f 3289//3289 3294//3294 69//69
f 3310//3310 3289//3289 69//69
f 70//70 3231//3231 66//66
f 3182//3182 3264//3264 3327//3327
f 3262//3262 3263//3263 3328//3328
f 3272//3272 3260//3260 3329//3329
f 3275//3275 3261//3261 3330//3330
f 3259//3259 3258//3258 3331//3331
f 3271//3271 3253//3253 3332//3332
f 3251//3251 3254//3254 3333//3333
f 3273//3273 3252//3252 3334//3334
f 3335//3335 3336//3336 3380//3380
f 3338//3338 3335//3335 3273//3273
f 3338//3338 3273//3273 3337//3337
f 3334//3334 3337//3337 3273//3273
f 3336//3336 3335//3335 3338//3338
f 3341//3341 3338//3338 3339//3339
f 3339//3339 3338//3338 3337//3337
f 3339//3339 3337//3337 3340//3340
f 3340//3340 3337//3337 3334//3334
f 3340//3340 3334//3334 3333//3333
f 3333//3333 3334//3334 3252//3252
f 3333//3333 3252//3252 3251//3251
f 3336//3336 3338//3338 3341//3341
f 3342//3342 3341//3341 3339//3339
f 3342//3342 3339//3339 3343//3343
f 3343//3343 3339//3339 3340//3340
f 3343//3343 3340//3340 3344//3344
f 3344//3344 3340//3340 3333//3333
f 3344//3344 3333//3333 3332//3332
f 3332//3332 3333//3333 3254//3254
f 3332//3332 3254//3254 3271//3271
f 3336//3336 3341//3341 3345//3345
f 3345//3345 3341//3341 3342//3342
f 3345//3345 3342//3342 3346//3346
f 3346//3346 3342//3342 3343//3343
f 3346//3346 3343//3343 3347//3347
f 3347//3347 3343//3343 3344//3344
f 3347//3347 3344//3344 3348//3348
f 3348//3348 3344//3344 3332//3332
f 3348//3348 3332//3332 3349//3349
f 3349//3349 3332//3332 3253//3253
f 3349//3349 3253//3253 3256//3256
f 3336//3336 3345//3345 3350//3350
f 3350//3350 3345//3345 3346//3346
f 3350//3350 3346//3346 3351//3351
f 3351//3351 3346//3346 3347//3347
f 3351//3351 3347//3347 3352//3352
f 3352//3352 3347//3347 3348//3348
f 3352//3352 3348//3348 3353//3353
f 3353//3353 3348//3348 3349//3349
f 3353//3353 3349//3349 3354//3354
f 3354//3354 3349//3349 3256//3256
f 3354//3354 3256//3256 3255//3255
f 3274//3274 3257//3257 3355//3355
f 3336//3336 3350//3350 3356//3356
f 3356//3356 3350//3350 3351//3351
f 3356//3356 3351//3351 3357//3357
f 3357//3357 3351//3351 3352//3352
f 3357//3357 3352//3352 3358//3358
f 3358//3358 3352//3352 3353//3353
f 3358//3358 3353//3353 3359//3359
f 3359//3359 3353//3353 3354//3354
f 3359//3359 3354//3354 3355//3355
f 3355//3355 3354//3354 3255//3255
f 3355//3355 3255//3255 3274//3274
f 3336//3336 3356//3356 3360//3360
f 3360//3360 3356//3356 3357//3357
f 3360//3360 3357//3357 3361//3361
f 3361//3361 3357//3357 3358//3358
f 3361//3361 3358//3358 3362//3362
f 3362//3362 3358//3358 3359//3359
f 3362//3362 3359//3359 3363//3363
f 3363//3363 3359//3359 3355//3355
f 3363//3363 3355//3355 3331//3331
f 3331//3331 3355//3355 3257//3257
f 3331//3331 3257//3257 3259//3259
f 3336//3336 3360//3360 3364//3364
f 3364//3364 3360//3360 3361//3361
f 3364//3364 3361//3361 3365//3365
f 3365//3365 3361//3361 3362//3362
f 3365//3365 3362//3362 3366//3366
f 3366//3366 3362//3362 3363//3363
f 3366//3366 3363//3363 3367//3367
f 3367//3367 3363//3363 3331//3331
f 3367//3367 3331//3331 3330//3330
f 3330//3330 3331//3331 3258//3258
f 3330//3330 3258//3258 3275//3275
f 3336//3336 3364//3364 3368//3368
f 3368//3368 3364//3364 3365//3365
f 3368//3368 3365//3365 3369//3369
f 3369//3369 3365//3365 3366//3366
f 3369//3369 3366//3366 3370//3370
f 3370//3370 3366//3366 3367//3367
f 3370//3370 3367//3367 3371//3371
f 3371//3371 3367//3367 3330//3330
f 3371//3371 3330//3330 3329//3329
f 3329//3329 3330//3330 3261//3261
f 3329//3329 3261//3261 3272//3272
f 3336//3336 3368//3368 3372//3372
f 3372//3372 3368//3368 3369//3369
f 3372//3372 3369//3369 3373//3373
f 3373//3373 3369//3369 3370//3370
f 3373//3373 3370//3370 3374//3374
f 3374//3374 3370//3370 3371//3371
f 3374//3374 3371//3371 3375//3375
f 3375//3375 3371//3371 3329//3329
f 3375//3375 3329//3329 3328//3328
f 3328//3328 3329//3329 3260//3260
f 3328//3328 3260//3260 3262//3262
f 3336//3336 3372//3372 3376//3376
f 3376//3376 3372//3372 3373//3373
f 3376//3376 3373//3373 3377//3377
f 3377//3377 3373//3373 3374//3374
f 3377//3377 3374//3374 3378//3378
f 3378//3378 3374//3374 3375//3375
f 3378//3378 3375//3375 3379//3379
f 3379//3379 3375//3375 3328//3328
f 3379//3379 3328//3328 3327//3327
f 3327//3327 3328//3328 3263//3263
f 3327//3327 3263//3263 3182//3182
f 3336//3336 3376//3376 605//605
f 605//605 3376//3376 3377//3377
f 605//605 3377//3377 606//606
f 606//606 3377//3377 3378//3378
f 606//606 3378//3378 607//607
f 607//607 3378//3378 3379//3379
f 607//607 3379//3379 608//608
f 608//608 3379//3379 3327//3327
f 608//608 3327//3327 609//609
f 609//609 3327//3327 3264//3264
f 609//609 3264//3264 610//610
f 3380//3380 3381//3381 3335//3335
f 69//69 3294//3294 3382//3382
f 532//532 530//530 3396//3396
f 3396//3396 536//536 534//534
f 3396//3396 534//534 3392//3392
f 3392//3392 537//537 3393//3393
f 3393//3393 543//543 541//541
f 3393//3393 541//541 3398//3398
f 3398//3398 539//539 3391//3391
f 3391//3391 539//539 544//544
f 414//414 3397//3397 3391//3391
f 3397//3397 407//407 3399//3399
f 407//407 410//410 3399//3399
f 3399//3399 410//410 3389//3389
f 3389//3389 403//403 3385//3385
f 403//403 406//406 3385//3385
f 3385//3385 402//402 3395//3395
f 402//402 400//400 3395//3395
f 3395//3395 398//398 3386//3386
f 398//398 396//396 3386//3386
f 3386//3386 394//394 391//391
f 394//394 392//392 391//391
f 389//389 3390//3390 387//387
f 389//389 3387//3387 3390//3390
f 3387//3387 383//383 385//385
f 3387//3387 385//385 3388//3388
f 3388//3388 380//380 379//379
f 379//379 378//378 3394//3394
f 3394//3394 378//378 108//108
f 547//547 3394//3394 546//546
f 3391//3391 3389//3389 3384//3384
f 3393//3393 3384//3384 3392//3392
f 3391//3391 3384//3384 3393//3393
f 3396//3396 3392//3392 3420//3420
f 3399//3399 3389//3389 3391//3391
f 3396//3396 3420//3420 532//532
f 3391//3391 3393//3393 3398//3398
f 3385//3385 3395//3395 3389//3389
f 3397//3397 3399//3399 3391//3391
f 391//391 3390//3390 3386//3386
f 3386//3386 3390//3390 3395//3395
f 3394//3394 3388//3388 379//379
f 3403//3403 552//552 551//551
f 3403//3403 551//551 3401//3401
f 3401//3401 158//158 3407//3407
f 3407//3407 156//156 3410//3410
f 3408//3408 3410//3410 155//155
f 3408//3408 153//153 3404//3404
f 151//151 3402//3402 3404//3404
f 148//148 3405//3405 3402//3402
f 3405//3405 146//146 3406//3406
f 3406//3406 144//144 143//143
f 3406//3406 143//143 139//139
f 3410//3410 3401//3401 3407//3407
f 3411//3411 3406//3406 139//139
f 3408//3408 3404//3404 3402//3402
f 3411//3411 3402//3402 3405//3405
f 3403//3403 3401//3401 3410//3410
f 3408//3408 3402//3402 3411//3411
f 3411//3411 3405//3405 3406//3406
f 141//141 139//139 143//143
f 3414//3414 3411//3411 139//139
f 3414//3414 139//139 3413//3413
f 3413//3413 139//139 138//138
f 131//131 3414//3414 3413//3413
f 3414//3414 106//106 3415//3415
f 3417//3417 3414//3414 3416//3416
f 3416//3416 3414//3414 3415//3415
f 559//559 3416//3416 3415//3415
f 557//557 3416//3416 559//559
f 3416//3416 555//555 3417//3417
f 562//562 560//560 564//564
f 560//560 3417//3417 564//564
f 560//560 104//104 3418//3418
f 566//566 3419//3419 568//568
f 3418//3418 568//568 3419//3419
f 3418//3418 3419//3419 560//560
f 560//560 3419//3419 570//570
f 560//560 570//570 3420//3420
f 3417//3417 560//560 3420//3420
f 570//570 3419//3419 569//569
f 3420//3420 570//570 572//572
f 522//522 524//524 3421//3421
f 3420//3420 522//522 3421//3421
f 3420//3420 3421//3421 3383//3383
f 532//532 3420//3420 3383//3383
f 3383//3383 3421//3421 520//520
f 532//532 3383//3383 527//527
f 527//527 3383//3383 529//529
f 996//996 994//994 3432//3432
f 3423//3423 3432//3432 992//992
f 992//992 990//990 3423//3423
f 988//988 3433//3433 3423//3423
f 988//988 986//986 3433//3433
f 3433//3433 986//986 3430//3430
f 984//984 982//982 3430//3430
f 3430//3430 982//982 3424//3424
f 3424//3424 980//980 3427//3427
f 3427//3427 978//978 3439//3439
f 3439//3439 977//977 3426//3426
f 3426//3426 975//975 3425//3425
f 3425//3425 973//973 3431//3431
f 3431//3431 971//971 3438//3438
f 3438//3438 969//969 3429//3429
f 3429//3429 967//967 965//965
f 3429//3429 965//965 964//964
f 3434//3434 3429//3429 1151//1151
f 3434//3434 1151//1151 1149//1149
f 1153//1153 3435//3435 1155//1155
f 1155//1155 3435//3435 3434//3434
f 3437//3437 3435//3435 3899//3899
f 3425//3425 3431//3431 3426//3426
f 3427//3427 3439//3439 3424//3424
f 3423//3423 3433//3433 3432//3432
f 3426//3426 3431//3431 3439//3439
f 3439//3439 3430//3430 3424//3424
f 3430//3430 3439//3439 3433//3433
f 3429//3429 3434//3434 3436//3436
f 3438//3438 3439//3439 3431//3431
f 3436//3436 3438//3438 3429//3429
f 3433//3433 3439//3439 3450//3450
f 3435//3435 3436//3436 3434//3434
f 3437//3437 3436//3436 3435//3435
f 3446//3446 1034//1034 1030//1030
f 1031//1031 3446//3446 1030//1030
f 3445//3445 3446//3446 1028//1028
f 3445//3445 1028//1028 1026//1026
f 3440//3440 3445//3445 1021//1021
f 1022//1022 3440//3440 1021//1021
f 3441//3441 1017//1017 1014//1014
f 3441//3441 1014//1014 3442//3442
f 1015//1015 1012//1012 3442//3442
f 1012//1012 1749//1749 1011//1011
f 3445//3445 3440//3440 3441//3441
f 3445//3445 3441//3441 3442//3442
f 3445//3445 3442//3442 1012//1012
f 3384//3384 3445//3445 1012//1012
f 3446//3446 3445//3445 3384//3384
f 3384//3384 1012//1012 1011//1011
f 1011//1011 1749//1749 3448//3448
f 1009//1009 1010//1010 3448//3448
f 1010//1010 1007//1007 3449//3449
f 1010//1010 3449//3449 3448//3448
f 3448//3448 3449//3449 3452//3452
f 3448//3448 3452//3452 3450//3450
f 1004//1004 3422//3422 3449//3449
f 3452//3452 3449//3449 3422//3422
f 3452//3452 3422//3422 1001//1001
f 998//998 3453//3453 3451//3451
f 3451//3451 3453//3453 3452//3452
f 3432//3432 3452//3452 3453//3453
f 3432//3432 3453//3453 996//996
f 3433//3433 3450//3450 3452//3452
f 3433//3433 3452//3452 3432//3432
f 3464//3464 471//471 3463//3463
f 3471//3471 3463//3463 472//472
f 3471//3471 477//477 479//479
f 3471//3471 479//479 476//476
f 3471//3471 476//476 3465//3465
f 3465//3465 484//484 482//482
f 3465//3465 482//482 3461//3461
f 3461//3461 485//485 3470//3470
f 3470//3470 245//245 3458//3458
f 3458//3458 237//237 3455//3455
f 3455//3455 235//235 3460//3460
f 235//235 233//233 3460//3460
f 3460//3460 228//228 3456//3456
f 228//228 231//231 3456//3456
f 3456//3456 227//227 3457//3457
f 227//227 225//225 3457//3457
f 3457//3457 222//222 219//219
f 222//222 220//220 219//219
f 3468//3468 217//217 3459//3459
f 217//217 215//215 3459//3459
f 3467//3467 213//213 211//211
f 3467//3467 211//211 209//209
f 3467//3467 209//209 487//487
f 3469//3469 487//487 486//486
f 3469//3469 486//486 490//490
f 3469//3469 494//494 3466//3466
f 3466//3466 494//494 492//492
f 3466//3466 3851//3851 1164//1164
f 3457//3457 3462//3462 3460//3460
f 3463//3463 3454//3454 3497//3497
f 3465//3465 3454//3454 3463//3463
f 3461//3461 3454//3454 3465//3465
f 3471//3471 3465//3465 3463//3463
f 3463//3463 3497//3497 3464//3464
f 3468//3468 3462//3462 3457//3457
f 3458//3458 3461//3461 3470//3470
f 219//219 3468//3468 3457//3457
f 1164//1164 3851//3851 3483//3483
f 3460//3460 3458//3458 3455//3455
f 3456//3456 3457//3457 3460//3460
f 3472//3472 497//497 496//496
f 3472//3472 496//496 1166//1166
f 324//324 330//330 328//328
f 3476//3476 326//326 3484//3484
f 323//323 3488//3488 3484//3484
f 321//321 3480//3480 3488//3488
f 319//319 3482//3482 3480//3480
f 3482//3482 316//316 3475//3475
f 3475//3475 314//314 3485//3485
f 3485//3485 312//312 3479//3479
f 3479//3479 310//310 3477//3477
f 302//302 3473//3473 3477//3477
f 3474//3474 3473//3473 500//500
f 1166//1166 324//324 3476//3476
f 1166//1166 3476//3476 3484//3484
f 3485//3485 3482//3482 3475//3475
f 3477//3477 3473//3473 3474//3474
f 3485//3485 3479//3479 3477//3477
f 3477//3477 3474//3474 3487//3487
f 3488//3488 3480//3480 3482//3482
f 505//505 503//503 3474//3474
f 3489//3489 3487//3487 3474//3474
f 502//502 3490//3490 3489//3489
f 503//503 3489//3489 3474//3474
f 3489//3489 3490//3490 513//513
f 3489//3489 513//513 3487//3487
f 513//513 3491//3491 3487//3487
f 110//110 513//513 3490//3490
f 3491//3491 509//509 3492//3492
f 3491//3491 3492//3492 3493//3493
f 512//512 510//510 513//513
f 513//513 510//510 3491//3491
f 3493//3493 3492//3492 515//515
f 515//515 3492//3492 517//517
f 3496//3496 3497//3497 3491//3491
f 3496//3496 3491//3491 3493//3493
f 3496//3496 3493//3493 3494//3494
f 461//461 3496//3496 3494//3494
f 3494//3494 3493//3493 518//518
f 3495//3495 3496//3496 465//465
f 3496//3496 3495//3495 3497//3497
f 470//470 467//467 3497//3497
f 463//463 3497//3497 3495//3495
f 3464//3464 3497//3497 467//467
f 779//779 777//777 3506//3506
f 3506//3506 777//777 3499//3499
f 775//775 773//773 3499//3499
f 3499//3499 773//773 3510//3510
f 763//763 765//765 3510//3510
f 3510//3510 765//765 3500//3500
f 769//769 3500//3500 771//771
f 769//769 767//767 3500//3500
f 3500//3500 767//767 3505//3505
f 3505//3505 758//758 756//756
f 3505//3505 756//756 3508//3508
f 3508//3508 754//754 3507//3507
f 754//754 752//752 3507//3507
f 3507//3507 750//750 3509//3509
f 3509//3509 746//746 3502//3502
f 3502//3502 3501//3501 3500//3500
f 3503//3503 744//744 742//742
f 3503//3503 1115//1115 3504//3504
f 3504//3504 1115//1115 1113//1113
f 3506//3506 3500//3500 3498//3498
f 1123//1123 3503//3503 3504//3504
f 3503//3503 3501//3501 3502//3502
f 3507//3507 3502//3502 3500//3500
f 1123//1123 3504//3504 1112//1112
f 1123//1123 1112//1112 1117//1117
f 3507//3507 3500//3500 3505//3505
f 3499//3499 3500//3500 3506//3506
f 1120//1120 3511//3511 1122//1122
f 1122//1122 3511//3511 1123//1123
f 3510//3510 3500//3500 3499//3499
f 3512//3512 1123//1123 3511//3511
f 3509//3509 3502//3502 3507//3507
f 3507//3507 3505//3505 3508//3508
f 3511//3511 1131//1131 3512//3512
f 3512//3512 1131//1131 1129//1129
f 3513//3513 3512//3512 1124//1124
f 1124//1124 1127//1127 3513//3513
f 3514//3514 3513//3513 1137//1137
f 1137//1137 1135//1135 3514//3514
f 3514//3514 1133//1133 3515//3515
f 1133//1133 699//699 3515//3515
f 3514//3514 3512//3512 3513//3513
f 3521//3521 3514//3514 3515//3515
f 3514//3514 1123//1123 3512//3512
f 3521//3521 3872//3872 3530//3530
f 3530//3530 1139//1139 3528//3528
f 1139//1139 1141//1141 3528//3528
f 3528//3528 1146//1146 1147//1147
f 1146//1146 1144//1144 1147//1147
f 1165//1165 851//851 3516//3516
f 850//850 848//848 3519//3519
f 3519//3519 848//848 846//846
f 3522//3522 3519//3519 841//841
f 3522//3522 841//841 842//842
f 842//842 3523//3523 3522//3522
f 836//836 3523//3523 838//838
f 836//836 835//835 3523//3523
f 831//831 3529//3529 833//833
f 833//833 3529//3529 835//835
f 3529//3529 829//829 3520//3520
f 3520//3520 829//829 827//827
f 3517//3517 825//825 823//823
f 3517//3517 823//823 3524//3524
f 3524//3524 821//821 3525//3525
f 3525//3525 821//821 819//819
f 3525//3525 817//817 3526//3526
f 3526//3526 817//817 815//815
f 3526//3526 813//813 3527//3527
f 3527//3527 813//813 811//811
f 807//807 3518//3518 809//809
f 809//809 3518//3518 3527//3527
f 3529//3529 3520//3520 3517//3517
f 3529//3529 3517//3517 3524//3524
f 3527//3527 3524//3524 3525//3525
f 3527//3527 3525//3525 3526//3526
f 3528//3528 1147//1147 1165//1165
f 3519//3519 3522//3522 3523//3523
f 3519//3519 3523//3523 835//835
f 3531//3531 850//850 3519//3519
f 3531//3531 3516//3516 850//850
f 3524//3524 3527//3527 3518//3518
f 835//835 3529//3529 3524//3524
f 835//835 3531//3531 3519//3519
f 3524//3524 3518//3518 3454//3454
f 3530//3530 3528//3528 1165//1165
f 803//803 3532//3532 805//805
f 3532//3532 3518//3518 805//805
f 3534//3534 3518//3518 3532//3532
f 801//801 799//799 3532//3532
f 3532//3532 799//799 3534//3534
f 3534//3534 3454//3454 3518//3518
f 3533//3533 3534//3534 795//795
f 795//795 3534//3534 797//797
f 3498//3498 3454//3454 3534//3534
f 3534//3534 3533//3533 3535//3535
f 793//793 791//791 3533//3533
f 3533//3533 791//791 3535//3535
f 3534//3534 3535//3535 3498//3498
f 3498//3498 3535//3535 787//787
f 787//787 3535//3535 789//789
f 783//783 787//787 785//785
f 787//787 783//783 3498//3498
f 3498//3498 783//783 782//782
f 3537//3537 97//97 3536//3536
f 3537//3537 3536//3536 3538//3538
f 3536//3536 3539//3539 3538//3538
f 3538//3538 3539//3539 3540//3540
f 3538//3538 3540//3540 3541//3541
f 3541//3541 3540//3540 3542//3542
f 3540//3540 3543//3543 3542//3542
f 3542//3542 3543//3543 3544//3544
f 3542//3542 3544//3544 3545//3545
f 3545//3545 3544//3544 3546//3546
f 3544//3544 3547//3547 3546//3546
f 3546//3546 3547//3547 3548//3548
f 3546//3546 3548//3548 3549//3549
f 3549//3549 3548//3548 3550//3550
f 3548//3548 3551//3551 3550//3550
f 3550//3550 3551//3551 3552//3552
f 3550//3550 3552//3552 3553//3553
f 3553//3553 3552//3552 3554//3554
f 3552//3552 3555//3555 3554//3554
f 3554//3554 3555//3555 3556//3556
f 3554//3554 3556//3556 3557//3557
f 3557//3557 3556//3556 3558//3558
f 3559//3559 3560//3560 3561//3561
f 3556//3556 3562//3562 3558//3558
f 3558//3558 3562//3562 3559//3559
f 3558//3558 3559//3559 3563//3563
f 3563//3563 3559//3559 3561//3561
f 3560//3560 3564//3564 3561//3561
f 3561//3561 3564//3564 3565//3565
f 3561//3561 3565//3565 3566//3566
f 3566//3566 3565//3565 3567//3567
f 3566//3566 3567//3567 3568//3568
f 3568//3568 3567//3567 3569//3569
f 3568//3568 3569//3569 3570//3570
f 3570//3570 3569//3569 3571//3571
f 3570//3570 3571//3571 3572//3572
f 3572//3572 3571//3571 3573//3573
f 3572//3572 3573//3573 3574//3574
f 3574//3574 3573//3573 3575//3575
f 3574//3574 3575//3575 3576//3576
f 3576//3576 3575//3575 3577//3577
f 3576//3576 3577//3577 3578//3578
f 3578//3578 3577//3577 3579//3579
f 3578//3578 3579//3579 3580//3580
f 3580//3580 3579//3579 3581//3581
f 3580//3580 3581//3581 3582//3582
f 3582//3582 3581//3581 685//685
f 3582//3582 685//685 683//683
f 683//683 678//678 3583//3583
f 683//683 3583//3583 3582//3582
f 3582//3582 3583//3583 3584//3584
f 3582//3582 3584//3584 3580//3580
f 3580//3580 3584//3584 3585//3585
f 3580//3580 3585//3585 3578//3578
f 3578//3578 3585//3585 3586//3586
f 3578//3578 3586//3586 3576//3576
f 3576//3576 3586//3586 3587//3587
f 3576//3576 3587//3587 3574//3574
f 3574//3574 3587//3587 3588//3588
f 3574//3574 3588//3588 3572//3572
f 3572//3572 3588//3588 3589//3589
f 3572//3572 3589//3589 3570//3570
f 3570//3570 3589//3589 3590//3590
f 3570//3570 3590//3590 3568//3568
f 3568//3568 3590//3590 3591//3591
f 3568//3568 3591//3591 3566//3566
f 3566//3566 3591//3591 3592//3592
f 3566//3566 3592//3592 3561//3561
f 3593//3593 3594//3594 3554//3554
f 3554//3554 3557//3557 3593//3593
f 3593//3593 3557//3557 3558//3558
f 3593//3593 3558//3558 3592//3592
f 3592//3592 3558//3558 3563//3563
f 3592//3592 3563//3563 3561//3561
f 3595//3595 3596//3596 3546//3546
f 3546//3546 3549//3549 3595//3595
f 3595//3595 3549//3549 3550//3550
f 3595//3595 3550//3550 3594//3594
f 3594//3594 3550//3550 3553//3553
f 3594//3594 3553//3553 3554//3554
f 3597//3597 3598//3598 3538//3538
f 3538//3538 3541//3541 3597//3597
f 3597//3597 3541//3541 3542//3542
f 3597//3597 3542//3542 3596//3596
f 3596//3596 3542//3542 3545//3545
f 3596//3596 3545//3545 3546//3546
f 3598//3598 3537//3537 3538//3538
f 3599//3599 3600//3600 3540//3540
f 3540//3540 3539//3539 3599//3599
f 3599//3599 3539//3539 3536//3536
f 3599//3599 3536//3536 1158//1158
f 1158//1158 3536//3536 97//97
f 3601//3601 3602//3602 3548//3548
f 3548//3548 3547//3547 3601//3601
f 3601//3601 3547//3547 3544//3544
f 3601//3601 3544//3544 3600//3600
f 3600//3600 3544//3544 3543//3543
f 3600//3600 3543//3543 3540//3540
f 3603//3603 3604//3604 3556//3556
f 3556//3556 3555//3555 3603//3603
f 3603//3603 3555//3555 3552//3552
f 3603//3603 3552//3552 3602//3602
f 3602//3602 3552//3552 3551//3551
f 3602//3602 3551//3551 3548//3548
f 3564//3564 3560//3560 3605//3605
f 3605//3605 3560//3560 3559//3559
f 3605//3605 3559//3559 3604//3604
f 3604//3604 3559//3559 3562//3562
f 3604//3604 3562//3562 3556//3556
f 3605//3605 3636//3636 3564//3564
f 3564//3564 3636//3636 3606//3606
f 3564//3564 3606//3606 3565//3565
f 3565//3565 3606//3606 3607//3607
f 3565//3565 3607//3607 3567//3567
f 3567//3567 3607//3607 3608//3608
f 3567//3567 3608//3608 3569//3569
f 3569//3569 3608//3608 3609//3609
f 3569//3569 3609//3609 3571//3571
f 3571//3571 3609//3609 3610//3610
f 3571//3571 3610//3610 3573//3573
f 3573//3573 3610//3610 3611//3611
f 3573//3573 3611//3611 3575//3575
f 3575//3575 3611//3611 3612//3612
f 3575//3575 3612//3612 3577//3577
f 3577//3577 3612//3612 3613//3613
f 3577//3577 3613//3613 3579//3579
f 3579//3579 3613//3613 3614//3614
f 3579//3579 3614//3614 3581//3581
f 3581//3581 3614//3614 686//686
f 3581//3581 686//686 685//685
f 3583//3583 678//678 3615//3615
f 3583//3583 3615//3615 3584//3584
f 3584//3584 3615//3615 3585//3585
f 3585//3585 3615//3615 3586//3586
f 3586//3586 3615//3615 3587//3587
f 3587//3587 3615//3615 3588//3588
f 3588//3588 3615//3615 3589//3589
f 3589//3589 3615//3615 3590//3590
f 3590//3590 3615//3615 3591//3591
f 3591//3591 3615//3615 3592//3592
f 3592//3592 3615//3615 3593//3593
f 3593//3593 3615//3615 3594//3594
f 3594//3594 3615//3615 3595//3595
f 3595//3595 3615//3615 3596//3596
f 3596//3596 3615//3615 3597//3597
f 3597//3597 3615//3615 3598//3598
f 3616//3616 3615//3615 678//678
f 3625//3625 687//687 3617//3617
f 3625//3625 3617//3617 3618//3618
f 3625//3625 3618//3618 3619//3619
f 3625//3625 3619//3619 3620//3620
f 3625//3625 3620//3620 3621//3621
f 3625//3625 3621//3621 3622//3622
f 3625//3625 3622//3622 3623//3623
f 3625//3625 3623//3623 3624//3624
f 3627//3627 681//681 680//680
f 3627//3627 680//680 3628//3628
f 3628//3628 680//680 3629//3629
f 3629//3629 680//680 3630//3630
f 3630//3630 680//680 3631//3631
f 3631//3631 680//680 3632//3632
f 3632//3632 680//680 3633//3633
f 3633//3633 680//680 3634//3634
f 3634//3634 680//680 1162//1162
f 3635//3635 3637//3637 3636//3636
f 3635//3635 3636//3636 3626//3626
f 3637//3637 686//686 3614//3614
f 3637//3637 3614//3614 3613//3613
f 3637//3637 3613//3613 3612//3612
f 3637//3637 3612//3612 3611//3611
f 3637//3637 3611//3611 3610//3610
f 3637//3637 3610//3610 3636//3636
f 3636//3636 3610//3610 3609//3609
f 3636//3636 3609//3609 3608//3608
f 3636//3636 3608//3608 3607//3607
f 3636//3636 3607//3607 3606//3606
f 3636//3636 3605//3605 3626//3626
f 3626//3626 3605//3605 3604//3604
f 3626//3626 3604//3604 3603//3603
f 3626//3626 3603//3603 3602//3602
f 3626//3626 3602//3602 3601//3601
f 3626//3626 3601//3601 3600//3600
f 3626//3626 3600//3600 3599//3599
f 3626//3626 3599//3599 1158//1158
f 687//687 681//681 3627//3627
f 687//687 3627//3627 3617//3617
f 3617//3617 3627//3627 3628//3628
f 3617//3617 3628//3628 3618//3618
f 3618//3618 3628//3628 3629//3629
f 3618//3618 3629//3629 3619//3619
f 3619//3619 3629//3629 3630//3630
f 3619//3619 3630//3630 3620//3620
f 3620//3620 3630//3630 3631//3631
f 3620//3620 3631//3631 3621//3621
f 3621//3621 3631//3631 3632//3632
f 3621//3621 3632//3632 3622//3622
f 3622//3622 3632//3632 3633//3633
f 3622//3622 3633//3633 3623//3623
f 3623//3623 3633//3633 3634//3634
f 3623//3623 3634//3634 3624//3624
f 3624//3624 3634//3634 1162//1162
f 3624//3624 1162//1162 3625//3625
f 3638//3638 3639//3639 3640//3640
f 3640//3640 3641//3641 3638//3638
f 3638//3638 3641//3641 1159//1159
f 1159//1159 3641//3641 94//94
f 3642//3642 3643//3643 3644//3644
f 3644//3644 3645//3645 3642//3642
f 3642//3642 3645//3645 3646//3646
f 3642//3642 3646//3646 3639//3639
f 3639//3639 3646//3646 3647//3647
f 3639//3639 3647//3647 3640//3640
f 3648//3648 3649//3649 3650//3650
f 3650//3650 3651//3651 3648//3648
f 3648//3648 3651//3651 3652//3652
f 3648//3648 3652//3652 3643//3643
f 3643//3643 3652//3652 3653//3653
f 3643//3643 3653//3653 3644//3644
f 3654//3654 3655//3655 3656//3656
f 3656//3656 3655//3655 3657//3657
f 3656//3656 3657//3657 3649//3649
f 3649//3649 3657//3657 3658//3658
f 3649//3649 3658//3658 3650//3650
f 3656//3656 3659//3659 3654//3654
f 3654//3654 3659//3659 3660//3660
f 3654//3654 3660//3660 3661//3661
f 3661//3661 3660//3660 3662//3662
f 3661//3661 3662//3662 3663//3663
f 3663//3663 3662//3662 3664//3664
f 3663//3663 3664//3664 3665//3665
f 3665//3665 3664//3664 3666//3666
f 3665//3665 3666//3666 3667//3667
f 3667//3667 3666//3666 3668//3668
f 3667//3667 3668//3668 3669//3669
f 3669//3669 3668//3668 3670//3670
f 3669//3669 3670//3670 3671//3671
f 3671//3671 3670//3670 3672//3672
f 3671//3671 3672//3672 3673//3673
f 3673//3673 3672//3672 3674//3674
f 3673//3673 3674//3674 3675//3675
f 3675//3675 3674//3674 3676//3676
f 3675//3675 3676//3676 3677//3677
f 3677//3677 3676//3676 697//697
f 3677//3677 697//697 696//696
f 3678//3678 94//94 3641//3641
f 3678//3678 3641//3641 3679//3679
f 3679//3679 3641//3641 3640//3640
f 3679//3679 3640//3640 3680//3680
f 3680//3680 3640//3640 3681//3681
f 3640//3640 3647//3647 3681//3681
f 3681//3681 3647//3647 3646//3646
f 3681//3681 3646//3646 3682//3682
f 3682//3682 3646//3646 3683//3683
f 3646//3646 3645//3645 3683//3683
f 3683//3683 3645//3645 3644//3644
f 3683//3683 3644//3644 3684//3684
f 3684//3684 3644//3644 3685//3685
f 3644//3644 3653//3653 3685//3685
f 3685//3685 3653//3653 3652//3652
f 3685//3685 3652//3652 3686//3686
f 3686//3686 3652//3652 3687//3687
f 3652//3652 3651//3651 3687//3687
f 3687//3687 3651//3651 3650//3650
f 3687//3687 3650//3650 3688//3688
f 3688//3688 3650//3650 3689//3689
f 3657//3657 3655//3655 3690//3690
f 3650//3650 3658//3658 3689//3689
f 3689//3689 3658//3658 3657//3657
f 3689//3689 3657//3657 3691//3691
f 3691//3691 3657//3657 3690//3690
f 3655//3655 3654//3654 3690//3690
f 3690//3690 3654//3654 3661//3661
f 3690//3690 3661//3661 3692//3692
f 3692//3692 3661//3661 3663//3663
f 3692//3692 3663//3663 3693//3693
f 3693//3693 3663//3663 3665//3665
f 3693//3693 3665//3665 3694//3694
f 3694//3694 3665//3665 3667//3667
f 3694//3694 3667//3667 3695//3695
f 3695//3695 3667//3667 3669//3669
f 3695//3695 3669//3669 3696//3696
f 3696//3696 3669//3669 3671//3671
f 3696//3696 3671//3671 3697//3697
f 3697//3697 3671//3671 3673//3673
f 3697//3697 3673//3673 3698//3698
f 3698//3698 3673//3673 3675//3675
f 3698//3698 3675//3675 3699//3699
f 3699//3699 3675//3675 3677//3677
f 3699//3699 3677//3677 3700//3700
f 3700//3700 3677//3677 696//696
f 3700//3700 696//696 694//694
f 697//697 3676//3676 3708//3708
f 3676//3676 3674//3674 3708//3708
f 3674//3674 3672//3672 3708//3708
f 3672//3672 3670//3670 3708//3708
f 3670//3670 3668//3668 3708//3708
f 3668//3668 3666//3666 3708//3708
f 3666//3666 3664//3664 3708//3708
f 3664//3664 3662//3662 3708//3708
f 3662//3662 3660//3660 3708//3708
f 3656//3656 3649//3649 3701//3701
f 3649//3649 3648//3648 3701//3701
f 3648//3648 3643//3643 3701//3701
f 3643//3643 3642//3642 3701//3701
f 3642//3642 3639//3639 3701//3701
f 3639//3639 3638//3638 3701//3701
f 3701//3701 3638//3638 1159//1159
f 3656//3656 3701//3701 3659//3659
f 1160//1160 93//93 3702//3702
f 3660//3660 3659//3659 3708//3708
f 3708//3708 3659//3659 3701//3701
f 3708//3708 3701//3701 3712//3712
f 1160//1160 3702//3702 3703//3703
f 1160//1160 3703//3703 3704//3704
f 1160//1160 3704//3704 3705//3705
f 1160//1160 3705//3705 3706//3706
f 1160//1160 3706//3706 3707//3707
f 1160//1160 3707//3707 3709//3709
f 1160//1160 3709//3709 3710//3710
f 1160//1160 3710//3710 3711//3711
f 1160//1160 3711//3711 3713//3713
f 3712//3712 1160//1160 689//689
f 689//689 1160//1160 3713//3713
f 694//694 692//692 3714//3714
f 694//694 3714//3714 3700//3700
f 3700//3700 3714//3714 3715//3715
f 3700//3700 3715//3715 3699//3699
f 3699//3699 3715//3715 3716//3716
f 3699//3699 3716//3716 3698//3698
f 3698//3698 3716//3716 3717//3717
f 3698//3698 3717//3717 3697//3697
f 3697//3697 3717//3717 3718//3718
f 3697//3697 3718//3718 3696//3696
f 3696//3696 3718//3718 3719//3719
f 3696//3696 3719//3719 3695//3695
f 3695//3695 3719//3719 3720//3720
f 3695//3695 3720//3720 3694//3694
f 3694//3694 3720//3720 3721//3721
f 3694//3694 3721//3721 3693//3693
f 3693//3693 3721//3721 3722//3722
f 3693//3693 3722//3722 3692//3692
f 3692//3692 3722//3722 3723//3723
f 3692//3692 3723//3723 3690//3690
f 3724//3724 3725//3725 3687//3687
f 3687//3687 3688//3688 3724//3724
f 3724//3724 3688//3688 3689//3689
f 3724//3724 3689//3689 3723//3723
f 3723//3723 3689//3689 3691//3691
f 3723//3723 3691//3691 3690//3690
f 3726//3726 3727//3727 3683//3683
f 3683//3683 3684//3684 3726//3726
f 3726//3726 3684//3684 3685//3685
f 3726//3726 3685//3685 3725//3725
f 3725//3725 3685//3685 3686//3686
f 3725//3725 3686//3686 3687//3687
f 3728//3728 1163//1163 3679//3679
f 3679//3679 3680//3680 3728//3728
f 3728//3728 3680//3680 3681//3681
f 3728//3728 3681//3681 3727//3727
f 3727//3727 3681//3681 3682//3682
f 3727//3727 3682//3682 3683//3683
f 1163//1163 3678//3678 3679//3679
f 93//93 3729//3729 3730//3730
f 93//93 3730//3730 3702//3702
f 3702//3702 3730//3730 3731//3731
f 3702//3702 3731//3731 3703//3703
f 3703//3703 3731//3731 3732//3732
f 3703//3703 3732//3732 3704//3704
f 3704//3704 3732//3732 3733//3733
f 3704//3704 3733//3733 3705//3705
f 3705//3705 3733//3733 3734//3734
f 3705//3705 3734//3734 3706//3706
f 3706//3706 3734//3734 3735//3735
f 3706//3706 3735//3735 3707//3707
f 3707//3707 3735//3735 3736//3736
f 3707//3707 3736//3736 3709//3709
f 3709//3709 3736//3736 3737//3737
f 3709//3709 3737//3737 3710//3710
f 3710//3710 3737//3737 3738//3738
f 3710//3710 3738//3738 3711//3711
f 3711//3711 3738//3738 3739//3739
f 3711//3711 3739//3739 3713//3713
f 3713//3713 3739//3739 698//698
f 3713//3713 698//698 689//689
f 698//698 3739//3739 3730//3730
f 3739//3739 3738//3738 3730//3730
f 3738//3738 3737//3737 3730//3730
f 3737//3737 3736//3736 3730//3730
f 3736//3736 3735//3735 3730//3730
f 3735//3735 3734//3734 3730//3730
f 3734//3734 3733//3733 3730//3730
f 3733//3733 3732//3732 3730//3730
f 3732//3732 3731//3731 3730//3730
f 1161//1161 1163//1163 3728//3728
f 1161//1161 3728//3728 3727//3727
f 1161//1161 3727//3727 3726//3726
f 691//691 3740//3740 1161//1161
f 1161//1161 3726//3726 3725//3725
f 691//691 1161//1161 3725//3725
f 691//691 3725//3725 3724//3724
f 691//691 3724//3724 3723//3723
f 691//691 3723//3723 3722//3722
f 691//691 3722//3722 3721//3721
f 691//691 3721//3721 3720//3720
f 691//691 3720//3720 3719//3719
f 691//691 3719//3719 3718//3718
f 691//691 3718//3718 3717//3717
f 691//691 3717//3717 3716//3716
f 691//691 3716//3716 3715//3715
f 691//691 3715//3715 3714//3714
f 698//698 3730//3730 3740//3740
f 692//692 691//691 3714//3714
f 298//298 300//300 299//299
f 299//299 3929//3929 3764//3764
f 3764//3764 3750//3750 1167//1167
f 3748//3748 1167//1167 3750//3750
f 3751//3751 1202//1202 3748//3748
f 3751//3751 3769//3769 1197//1197
f 3751//3751 1197//1197 1199//1199
f 3752//3752 1196//1196 1194//1194
f 3752//3752 1194//1194 3769//3769
f 1191//1191 3212//3212 3752//3752
f 306//306 307//307 304//304
f 304//304 307//307 305//305
f 1191//1191 3741//3741 303//303
f 311//311 3742//3742 1191//1191
f 3742//3742 313//313 3755//3755
f 315//315 3743//3743 3755//3755
f 3743//3743 317//317 3744//3744
f 318//318 3745//3745 3744//3744
f 320//320 3768//3768 3745//3745
f 322//322 3757//3757 3768//3768
f 325//325 332//332 3757//3757
f 3746//3746 332//332 117//117
f 3746//3746 336//336 3763//3763
f 3763//3763 336//336 334//334
f 337//337 3759//3759 3763//3763
f 115//115 3747//3747 3759//3759
f 3747//3747 343//343 341//341
f 3747//3747 341//341 3758//3758
f 351//351 3758//3758 113//113
f 351//351 350//350 3767//3767
f 3767//3767 350//350 348//348
f 3767//3767 345//345 3762//3762
f 3762//3762 345//345 347//347
f 3762//3762 347//347 3749//3749
f 347//347 353//353 3749//3749
f 3749//3749 358//358 356//356
f 3749//3749 356//356 3766//3766
f 3761//3761 3766//3766 359//359
f 3748//3748 3750//3750 3764//3764
f 365//365 3754//3754 363//363
f 363//363 3754//3754 3761//3761
f 3768//3768 3753//3753 3745//3745
f 3757//3757 3746//3746 1189//1189
f 3754//3754 361//361 3756//3756
f 3759//3759 1189//1189 3746//3746
f 3758//3758 3749//3749 3759//3759
f 3763//3763 3759//3759 3746//3746
f 3757//3757 1189//1189 3768//3768
f 3743//3743 3753//3753 3755//3755
f 3742//3742 3755//3755 1191//1191
f 3748//3748 3769//3769 3751//3751
f 3787//3787 3749//3749 3761//3761
f 3745//3745 3753//3753 3743//3743
f 3756//3756 370//370 367//367
f 3756//3756 367//367 3760//3760
f 3766//3766 3761//3761 3749//3749
f 3756//3756 3787//3787 3761//3761
f 3746//3746 3757//3757 332//332
f 3744//3744 3745//3745 3743//3743
f 3767//3767 3749//3749 3758//3758
f 3747//3747 3758//3758 3759//3759
f 3769//3769 3748//3748 3741//3741
f 3760//3760 374//374 372//372
f 3760//3760 372//372 3765//3765
f 3762//3762 3749//3749 3767//3767
f 351//351 3767//3767 3758//3758
f 3741//3741 1191//1191 3752//3752
f 3741//3741 3752//3752 3769//3769
f 3754//3754 3756//3756 3761//3761
f 304//304 3741//3741 3748//3748
f 304//304 3748//3748 306//306
f 306//306 3748//3748 3764//3764
f 3765//3765 376//376 3785//3785
f 3785//3785 381//381 3784//3784
f 3784//3784 382//382 3792//3792
f 382//382 386//386 3792//3792
f 3792//3792 384//384 3779//3779
f 384//384 390//390 3779//3779
f 3779//3779 388//388 3783//3783
f 388//388 393//393 3783//3783
f 1188//1188 3783//3783 395//395
f 395//395 397//397 1188//1188
f 1188//1188 399//399 3786//3786
f 399//399 401//401 3786//3786
f 3786//3786 404//404 3774//3774
f 404//404 405//405 3774//3774
f 408//408 409//409 3774//3774
f 3774//3774 409//409 3782//3782
f 1187//1187 3781//3781 1183//1183
f 1187//1187 1183//1183 1185//1185
f 3770//3770 1182//1182 1180//1180
f 3770//3770 1180//1180 3781//3781
f 3791//3791 1178//1178 3770//3770
f 3782//3782 415//415 3771//3771
f 3791//3791 419//419 417//417
f 3791//3791 417//417 3789//3789
f 3790//3790 1173//1173 3789//3789
f 3789//3789 1170//1170 1176//1176
f 3789//3789 1176//1176 3791//3791
f 3789//3789 3961//3961 3778//3778
f 426//426 3778//3778 428//428
f 426//426 3777//3777 3778//3778
f 3777//3777 422//422 424//424
f 3777//3777 424//424 3772//3772
f 431//431 3788//3788 433//433
f 433//433 3788//3788 3772//3772
f 430//430 1169//1169 3788//3788
f 437//437 444//444 435//435
f 435//435 444//444 1169//1169
f 441//441 443//443 439//439
f 441//441 3780//3780 443//443
f 3780//3780 449//449 447//447
f 447//447 3775//3775 3780//3780
f 3775//3775 445//445 3773//3773
f 3773//3773 445//445 456//456
f 453//453 3776//3776 451//451
f 451//451 3776//3776 3773//3773
f 459//459 457//457 3776//3776
f 457//457 298//298 3776//3776
f 412//412 3781//3781 1187//1187
f 412//412 3782//3782 3771//3771
f 3791//3791 3770//3770 3781//3781
f 3765//3765 3785//3785 3760//3760
f 1187//1187 3782//3782 412//412
f 3773//3773 3780//3780 3775//3775
f 443//443 1169//1169 444//444
f 3778//3778 3790//3790 3789//3789
f 3779//3779 3783//3783 3792//3792
f 3760//3760 3787//3787 3756//3756
f 3788//3788 3777//3777 3772//3772
f 3785//3785 3787//3787 3760//3760
f 443//443 3780//3780 1169//1169
f 3784//3784 3787//3787 3785//3785
f 298//298 3773//3773 3776//3776
f 3784//3784 3792//3792 3787//3787
f 3777//3777 3790//3790 3778//3778
f 3774//3774 1188//1188 3786//3786
f 3783//3783 1188//1188 3792//3792
f 3840//3840 3936//3936 297//297
f 229//229 230//230 3819//3819
f 223//223 226//226 3819//3819
f 218//218 221//221 224//224
f 214//214 216//216 3793//3793
f 208//208 210//210 3816//3816
f 3844//3844 3841//3841 130//130
f 3844//3844 140//140 3806//3806
f 3806//3806 142//142 3807//3807
f 3794//3794 2512//2512 3807//3807
f 3807//3807 145//145 3794//3794
f 147//147 3803//3803 3794//3794
f 3803//3803 149//149 3795//3795
f 3795//3795 150//150 3804//3804
f 3804//3804 152//152 3808//3808
f 154//154 3811//3811 3808//3808
f 3812//3812 3811//3811 159//159
f 128//128 3798//3798 3812//3812
f 164//164 163//163 166//166
f 166//166 163//163 3798//3798
f 3809//3809 163//163 161//161
f 3809//3809 172//172 170//170
f 3809//3809 170//170 3796//3796
f 169//169 3810//3810 3796//3796
f 126//126 3799//3799 3810//3810
f 124//124 123//123 175//175
f 175//175 123//123 3799//3799
f 123//123 176//176 3802//3802
f 3802//3802 183//183 3805//3805
f 183//183 181//181 3805//3805
f 3805//3805 181//181 179//179
f 3805//3805 184//184 3797//3797
f 3797//3797 189//189 186//186
f 3797//3797 186//186 3800//3800
f 123//123 3802//3802 3805//3805
f 3804//3804 3808//3808 3811//3811
f 3809//3809 3796//3796 3810//3810
f 3799//3799 123//123 3813//3813
f 3813//3813 123//123 3805//3805
f 3795//3795 3804//3804 3811//3811
f 3798//3798 163//163 3809//3809
f 3805//3805 3797//3797 3800//3800
f 3809//3809 3810//3810 1205//1205
f 3798//3798 3809//3809 1205//1205
f 3813//3813 3805//3805 3800//3800
f 3813//3813 3800//3800 3801//3801
f 3812//3812 3798//3798 1205//1205
f 3795//3795 3794//3794 3803//3803
f 1205//1205 3810//3810 3799//3799
f 3795//3795 3811//3811 3812//3812
f 191//191 3801//3801 3800//3800
f 191//191 3800//3800 193//193
f 3801//3801 194//194 200//200
f 200//200 201//201 3801//3801
f 200//200 199//199 197//197
f 200//200 197//197 201//201
f 201//201 3814//3814 3801//3801
f 3814//3814 201//201 203//203
f 204//204 3815//3815 3814//3814
f 3815//3815 3816//3816 3814//3814
f 207//207 3816//3816 3815//3815
f 210//210 212//212 3816//3816
f 212//212 3793//3793 3816//3816
f 3818//3818 3816//3816 3817//3817
f 3817//3817 3816//3816 3793//3793
f 3817//3817 3793//3793 216//216
f 224//224 3817//3817 218//218
f 3818//3818 3817//3817 3819//3819
f 3819//3819 3817//3817 224//224
f 3819//3819 224//224 223//223
f 3820//3820 3819//3819 230//230
f 3821//3821 3820//3820 234//234
f 234//234 3820//3820 232//232
f 236//236 247//247 3821//3821
f 3821//3821 247//247 3822//3822
f 3822//3822 247//247 246//246
f 3822//3822 3823//3823 3821//3821
f 248//248 3823//3823 3822//3822
f 248//248 3822//3822 238//238
f 238//238 240//240 248//248
f 3824//3824 3823//3823 248//248
f 242//242 248//248 240//240
f 249//249 3825//3825 3824//3824
f 252//252 3825//3825 249//249
f 3825//3825 256//256 3827//3827
f 3826//3826 3067//3067 3825//3825
f 3825//3825 3827//3827 3828//3828
f 256//256 254//254 3827//3827
f 3825//3825 3828//3828 3826//3826
f 3828//3828 3827//3827 260//260
f 260//260 258//258 3828//3828
f 3828//3828 121//121 3830//3830
f 3828//3828 3830//3830 3826//3826
f 3829//3829 3826//3826 3830//3830
f 263//263 3829//3829 265//265
f 3829//3829 3830//3830 265//265
f 3829//3829 3928//3928 3831//3831
f 3829//3829 3831//3831 3826//3826
f 3831//3831 3832//3832 3826//3826
f 3826//3826 3832//3832 3835//3835
f 3832//3832 3831//3831 273//273
f 271//271 3832//3832 273//273
f 3832//3832 266//266 3833//3833
f 3832//3832 3833//3833 3835//3835
f 266//266 269//269 3833//3833
f 3833//3833 3834//3834 3835//3835
f 276//276 3834//3834 278//278
f 3834//3834 3833//3833 278//278
f 3834//3834 3837//3837 3835//3835
f 274//274 285//285 3834//3834
f 3834//3834 285//285 3837//3837
f 280//280 282//282 3836//3836
f 3836//3836 3837//3837 280//280
f 3838//3838 3837//3837 3836//3836
f 287//287 3838//3838 289//289
f 289//289 3838//3838 3836//3836
f 3838//3838 119//119 3839//3839
f 292//292 290//290 294//294
f 290//290 3838//3838 3839//3839
f 290//290 3839//3839 294//294
f 295//295 3838//3838 290//290
f 290//290 296//296 295//295
f 3936//3936 3842//3842 297//297
f 134//134 3843//3843 3842//3842
f 136//136 134//134 3842//3842
f 3843//3843 133//133 3841//3841
f 3843//3843 3841//3841 3842//3842
f 333//333 335//335 339//339
f 344//344 349//349 3846//3846
f 3845//3845 346//346 344//344
f 114//114 3846//3846 349//349
f 340//340 342//342 3846//3846
f 3846//3846 342//342 116//116
f 118//118 3870//3870 335//335
f 327//327 329//329 3870//3870
f 3870//3870 329//329 331//331
f 3848//3848 498//498 495//495
f 3851//3851 491//491 3856//3856
f 3856//3856 491//491 493//493
f 493//493 488//488 3856//3856
f 3856//3856 488//488 489//489
f 3856//3856 487//487 205//205
f 3856//3856 205//205 3866//3866
f 3866//3866 202//202 3850//3850
f 3850//3850 196//196 198//198
f 3850//3850 198//198 3855//3855
f 198//198 195//195 3855//3855
f 3855//3855 190//190 3860//3860
f 3860//3860 190//190 192//192
f 3860//3860 192//192 187//187
f 187//187 188//188 3860//3860
f 3860//3860 188//188 185//185
f 3860//3860 185//185 3868//3868
f 3868//3868 178//178 3854//3854
f 3854//3854 178//178 180//180
f 180//180 182//182 3854//3854
f 3854//3854 182//182 177//177
f 3854//3854 125//125 3859//3859
f 125//125 174//174 3859//3859
f 3859//3859 174//174 127//127
f 3859//3859 173//173 3849//3849
f 3849//3849 168//168 3863//3863
f 3863//3863 168//168 171//171
f 171//171 167//167 3863//3863
f 162//162 165//165 3863//3863
f 3863//3863 165//165 129//129
f 3863//3863 129//129 3858//3858
f 3858//3858 160//160 3853//3853
f 3853//3853 157//157 158//158
f 158//158 550//550 3852//3852
f 3852//3852 553//553 549//549
f 3852//3852 549//549 548//548
f 546//546 109//109 3857//3857
f 3857//3857 109//109 377//377
f 377//377 375//375 3857//3857
f 3857//3857 371//371 373//373
f 3857//3857 373//373 368//368
f 368//368 369//369 3857//3857
f 3857//3857 369//369 362//362
f 3857//3857 362//362 3862//3862
f 3862//3862 366//366 364//364
f 3862//3862 364//364 3861//3861
f 364//364 360//360 3861//3861
f 352//352 3861//3861 354//354
f 3861//3861 355//355 357//357
f 3861//3861 357//357 354//354
f 3850//3850 3855//3855 3866//3866
f 158//158 3852//3852 3853//3853
f 3852//3852 548//548 3867//3867
f 3853//3853 3863//3863 3858//3858
f 3852//3852 3867//3867 3853//3853
f 3854//3854 3859//3859 3868//3868
f 3857//3857 3862//3862 546//546
f 3853//3853 3867//3867 3863//3863
f 3849//3849 3863//3863 3859//3859
f 3860//3860 3868//3868 3866//3866
f 3860//3860 3866//3866 3855//3855
f 3856//3856 3866//3866 3851//3851
f 3862//3862 3861//3861 546//546
f 3863//3863 3867//3867 3859//3859
f 3859//3859 3867//3867 3868//3868
f 3851//3851 3866//3866 3865//3865
f 344//344 3846//3846 3845//3845
f 116//116 3847//3847 3846//3846
f 3847//3847 339//339 3846//3846
f 338//338 339//339 3847//3847
f 335//335 3870//3870 339//339
f 3870//3870 3848//3848 339//339
f 331//331 3848//3848 3870//3870
f 495//495 3864//3864 3848//3848
f 3848//3848 3864//3864 339//339
f 352//352 3845//3845 3861//3861
f 3861//3861 3845//3845 3846//3846
f 3861//3861 3846//3846 339//339
f 3866//3866 3868//3868 3867//3867
f 1143//1143 1145//1145 1138//1138
f 859//859 857//857 3904//3904
f 875//875 873//873 3871//3871
f 879//879 877//877 3871//3871
f 892//892 890//890 3909//3909
f 900//900 898//898 3908//3908
f 906//906 904//904 3908//3908
f 3908//3908 904//904 902//902
f 892//892 3909//3909 894//894
f 884//884 883//883 886//886
f 863//863 3912//3912 865//865
f 1145//1145 1142//1142 1138//1138
f 1142//1142 1140//1140 1138//1138
f 3885//3885 3872//3872 700//700
f 3885//3885 1134//1134 1132//1132
f 3885//3885 1132//1132 3888//3888
f 3888//3888 1132//1132 1136//1136
f 3888//3888 1136//1136 1128//1128
f 1128//1128 1126//1126 3888//3888
f 3888//3888 1126//1126 3881//3881
f 3881//3881 1125//1125 3888//3888
f 1125//1125 1130//1130 3888//3888
f 3888//3888 1130//1130 1119//1119
f 3888//3888 1119//1119 1121//1121
f 3888//3888 1121//1121 3880//3880
f 3880//3880 1121//1121 1118//1118
f 1118//1118 1116//1116 3880//3880
f 3880//3880 1111//1111 3986//3986
f 3986//3986 1111//1111 1114//1114
f 3986//3986 1114//1114 741//741
f 741//741 739//739 3986//3986
f 3986//3986 739//739 737//737
f 3986//3986 737//737 735//735
f 3986//3986 735//735 3884//3884
f 3884//3884 735//735 733//733
f 3884//3884 733//733 731//731
f 731//731 729//729 3884//3884
f 3884//3884 729//729 726//726
f 3884//3884 709//709 711//711
f 3884//3884 711//711 3896//3896
f 3896//3896 711//711 713//713
f 3896//3896 713//713 715//715
f 706//706 3879//3879 3896//3896
f 715//715 717//717 3896//3896
f 3896//3896 717//717 719//719
f 3896//3896 719//719 721//721
f 3896//3896 721//721 723//723
f 3896//3896 723//723 706//706
f 3879//3879 705//705 3987//3987
f 705//705 1109//1109 3987//3987
f 3987//3987 1109//1109 1105//1105
f 3987//3987 1105//1105 1106//1106
f 3987//3987 1106//1106 3895//3895
f 3895//3895 1106//1106 1102//1102
f 3895//3895 1098//1098 3873//3873
f 3873//3873 1098//1098 1100//1100
f 1088//1088 1090//1090 3873//3873
f 3873//3873 1090//1090 1092//1092
f 3873//3873 1092//1092 1095//1095
f 3873//3873 1095//1095 3887//3887
f 3887//3887 1095//1095 1083//1083
f 3887//3887 1082//1082 3874//3874
f 3874//3874 1082//1082 1086//1086
f 3874//3874 1086//1086 702//702
f 3874//3874 1073//1073 1075//1075
f 3874//3874 1075//1075 1077//1077
f 1077//1077 1079//1079 3874//3874
f 3874//3874 1079//1079 1059//1059
f 3874//3874 1059//1059 3903//3903
f 3903//3903 1057//1057 3894//3894
f 3894//3894 1057//1057 1062//1062
f 3894//3894 1062//1062 1064//1064
f 1054//1054 3906//3906 3894//3894
f 1064//1064 1066//1066 3894//3894
f 3894//3894 1066//1066 1068//1068
f 3894//3894 1068//1068 1070//1070
f 3894//3894 1070//1070 1056//1056
f 3894//3894 1056//1056 1054//1054
f 3906//3906 1052//1052 3875//3875
f 3875//3875 1052//1052 1049//1049
f 3875//3875 1049//1049 3876//3876
f 1049//1049 1047//1047 3876//3876
f 3876//3876 1047//1047 1045//1045
f 3876//3876 1045//1045 1043//1043
f 3876//3876 1043//1043 3893//3893
f 3893//3893 1043//1043 1041//1041
f 1041//1041 1039//1039 3893//3893
f 3893//3893 1039//1039 1037//1037
f 3893//3893 1037//1037 1035//1035
f 3893//3893 1035//1035 3900//3900
f 3899//3899 1152//1152 1154//1154
f 3899//3899 1154//1154 1148//1148
f 1148//1148 1150//1150 3899//3899
f 3899//3899 1150//1150 951//951
f 3899//3899 951//951 3891//3891
f 951//951 953//953 3891//3891
f 3891//3891 953//953 955//955
f 3891//3891 955//955 3890//3890
f 3890//3890 955//955 957//957
f 3890//3890 957//957 959//959
f 3890//3890 959//959 961//961
f 945//945 3882//3882 3890//3890
f 961//961 963//963 3890//3890
f 3890//3890 949//949 947//947
f 3890//3890 947//947 945//945
f 3882//3882 943//943 3877//3877
f 3877//3877 943//943 941//941
f 3877//3877 941//941 3898//3898
f 941//941 939//939 3898//3898
f 3898//3898 939//939 937//937
f 3898//3898 937//937 935//935
f 3898//3898 935//935 3886//3886
f 3886//3886 935//935 933//933
f 925//925 3878//3878 3907//3907
f 3886//3886 931//931 929//929
f 3886//3886 929//929 3907//3907
f 3907//3907 929//929 927//927
f 3907//3907 927//927 925//925
f 3878//3878 923//923 920//920
f 920//920 918//918 3902//3902
f 3902//3902 916//916 3897//3897
f 3897//3897 916//916 914//914
f 3897//3897 912//912 910//910
f 3897//3897 910//910 3908//3908
f 3908//3908 910//910 908//908
f 3908//3908 908//908 906//906
f 851//851 1143//1143 1138//1138
f 3898//3898 3882//3882 3877//3877
f 3876//3876 3906//3906 3875//3875
f 3986//3986 3888//3888 3880//3880
f 3887//3887 3874//3874 3873//3873
f 3873//3873 3987//3987 3895//3895
f 3879//3879 3987//3987 3896//3896
f 3885//3885 3888//3888 3872//3872
f 1138//1138 3889//3889 851//851
f 3891//3891 3890//3890 3899//3899
f 3893//3893 3900//3900 3906//3906
f 3893//3893 3906//3906 3876//3876
f 3894//3894 3906//3906 3903//3903
f 3896//3896 3987//3987 3884//3884
f 3898//3898 3886//3886 3907//3907
f 3907//3907 3878//3878 3902//3902
f 3882//3882 3898//3898 3907//3907
f 853//853 849//849 3901//3901
f 3901//3901 849//849 851//851
f 3890//3890 3882//3882 3907//3907
f 3904//3904 853//853 3901//3901
f 3912//3912 3901//3901 851//851
f 857//857 855//855 3904//3904
f 3912//3912 3904//3904 3901//3901
f 3874//3874 3987//3987 3873//3873
f 3884//3884 3987//3987 3986//3986
f 3902//3902 3897//3897 3908//3908
f 3892//3892 9//9 3905//3905
f 3906//3906 3874//3874 3903//3903
f 3888//3888 3986//3986 3872//3872
f 900//900 3908//3908 902//902
f 898//898 896//896 3908//3908
f 896//896 894//894 3908//3908
f 3908//3908 894//894 3909//3909
f 3909//3909 3910//3910 3908//3908
f 3909//3909 888//888 883//883
f 3909//3909 883//883 3910//3910
f 888//888 886//886 883//883
f 883//883 881//881 3871//3871
f 3910//3910 883//883 3911//3911
f 3908//3908 3910//3910 851//851
f 881//881 879//879 3871//3871
f 883//883 3871//3871 3911//3911
f 877//877 875//875 3871//3871
f 3910//3910 3911//3911 851//851
f 873//873 871//871 3871//3871
f 3871//3871 871//871 3911//3911
f 869//869 867//867 3911//3911
f 867//867 865//865 3911//3911
f 3911//3911 865//865 3912//3912
f 3911//3911 3912//3912 851//851
f 861//861 859//859 3912//3912
f 3912//3912 859//859 3904//3904
f 920//920 3902//3902 3878//3878
f 3916//3916 3992//3992 3965//3965
f 3913//3913 11//11 3977//3977
f 3916//3916 3965//3965 3924//3924
f 454//454 452//452 3944//3944
f 446//446 448//448 3946//3946
f 438//438 436//436 434//434
f 434//434 1169//1169 112//112
f 112//112 1169//1169 430//430
f 429//429 432//432 3943//3943
f 421//421 427//427 3961//3961
f 416//416 418//418 3960//3960
f 540//540 542//542 3941//3941
f 533//533 535//535 3941//3941
f 526//526 528//528 3940//3940
f 525//525 523//523 3957//3957
f 565//565 567//567 3939//3939
f 561//561 563//563 102//102
f 554//554 558//558 3938//3938
f 132//132 135//135 3956//3956
f 291//291 293//293 119//119
f 286//286 288//288 3934//3934
f 283//283 281//281 3934//3934
f 275//275 277//277 3934//3934
f 267//267 272//272 3928//3928
f 261//261 264//264 3928//3928
f 257//257 259//259 99//99
f 253//253 255//255 99//99
f 243//243 241//241 3952//3952
f 481//481 483//483 3952//3952
f 480//480 478//478 3951//3951
f 468//468 469//469 3933//3933
f 466//466 462//462 3932//3932
f 514//514 516//516 3931//3931
f 507//507 511//511 3949//3949
f 501//501 504//504 3930//3930
f 309//309 308//308 3947//3947
f 300//300 298//298 3944//3944
f 3942//3942 430//430 3943//3943
f 3944//3944 3946//3946 300//300
f 3929//3929 299//299 300//300
f 300//300 1206//1206 3929//3929
f 3947//3947 308//308 3929//3929
f 3929//3929 308//308 301//301
f 3930//3930 504//504 3947//3947
f 3947//3947 504//504 499//499
f 3929//3929 1206//1206 3947//3947
f 3947//3947 3950//3950 3930//3930
f 3948//3948 506//506 3930//3930
f 3948//3948 3930//3930 3950//3950
f 3950//3950 3947//3947 1206//1206
f 3948//3948 3949//3949 111//111
f 111//111 3949//3949 511//511
f 3949//3949 3948//3948 3950//3950
f 3931//3931 516//516 3949//3949
f 3949//3949 516//516 508//508
f 3949//3949 3950//3950 3931//3931
f 3932//3932 462//462 3931//3931
f 3931//3931 462//462 460//460
f 3950//3950 101//101 3932//3932
f 3950//3950 3932//3932 3931//3931
f 3933//3933 469//469 3932//3932
f 3932//3932 469//469 464//464
f 3933//3933 3932//3932 101//101
f 3951//3951 473//473 3933//3933
f 3933//3933 101//101 3953//3953
f 3933//3933 3953//3953 3951//3951
f 474//474 3951//3951 478//478
f 3953//3953 480//480 3951//3951
f 3952//3952 483//483 3953//3953
f 3953//3953 483//483 475//475
f 3953//3953 101//101 3952//3952
f 3952//3952 241//241 239//239
f 3954//3954 243//243 3952//3952
f 3952//3952 101//101 99//99
f 3952//3952 99//99 3954//3954
f 99//99 255//255 3954//3954
f 3954//3954 255//255 250//250
f 3954//3954 250//250 251//251
f 259//259 253//253 99//99
f 121//121 257//257 99//99
f 121//121 3928//3928 122//122
f 122//122 3928//3928 264//264
f 100//100 3928//3928 121//121
f 100//100 121//121 99//99
f 100//100 3955//3955 3928//3928
f 262//262 3928//3928 272//272
f 3955//3955 267//267 3928//3928
f 3934//3934 277//277 3955//3955
f 3955//3955 277//277 268//268
f 3955//3955 268//268 270//270
f 3935//3935 275//275 3934//3934
f 3934//3934 3955//3955 100//100
f 3934//3934 281//281 3935//3935
f 3935//3935 281//281 279//279
f 3935//3935 279//279 284//284
f 288//288 283//283 3934//3934
f 119//119 286//286 3934//3934
f 120//120 119//119 293//293
f 296//296 291//291 119//119
f 296//296 119//119 3934//3934
f 3937//3937 295//295 296//296
f 3936//3936 3840//3840 3937//3937
f 3937//3937 3956//3956 3936//3936
f 3936//3936 3956//3956 137//137
f 137//137 3956//3956 135//135
f 3938//3938 558//558 3956//3956
f 3956//3956 558//558 107//107
f 3956//3956 102//102 3938//3938
f 102//102 563//563 3938//3938
f 3938//3938 563//563 556//556
f 3939//3939 567//567 102//102
f 102//102 567//567 105//105
f 102//102 3957//3957 3939//3939
f 3957//3957 571//571 3939//3939
f 3957//3957 102//102 103//103
f 519//519 3957//3957 523//523
f 3940//3940 525//525 3957//3957
f 103//103 3940//3940 3957//3957
f 3940//3940 528//528 521//521
f 3958//3958 526//526 3940//3940
f 3962//3962 3941//3941 103//103
f 103//103 3941//3941 3940//3940
f 3940//3940 3941//3941 3958//3958
f 3941//3941 535//535 3958//3958
f 3958//3958 535//535 531//531
f 3941//3941 542//542 538//538
f 3959//3959 540//540 3941//3941
f 3959//3959 3941//3941 3960//3960
f 3960//3960 3941//3941 3962//3962
f 3960//3960 545//545 3959//3959
f 411//411 3960//3960 418//418
f 3961//3961 416//416 3960//3960
f 3961//3961 3960//3960 3962//3962
f 420//420 3961//3961 427//427
f 3942//3942 421//421 3961//3961
f 3961//3961 3962//3962 430//430
f 3961//3961 430//430 3942//3942
f 3942//3942 3943//3943 423//423
f 3943//3943 432//432 425//425
f 3943//3943 425//425 423//423
f 430//430 429//429 3943//3943
f 3963//3963 430//430 3962//3962
f 112//112 430//430 3963//3963
f 434//434 112//112 3963//3963
f 434//434 3963//3963 3964//3964
f 434//434 3964//3964 438//438
f 438//438 3964//3964 443//443
f 3963//3963 3946//3946 3964//3964
f 3946//3946 448//448 3964//3964
f 3964//3964 448//448 442//442
f 3964//3964 442//442 440//440
f 3945//3945 446//446 3946//3946
f 3946//3946 3944//3944 3945//3945
f 3944//3944 452//452 3945//3945
f 3945//3945 452//452 450//450
f 3945//3945 450//450 455//455
f 458//458 454//454 3944//3944
f 3914//3914 3981//3981 3980//3980
f 3983//3983 3982//3982 5//5
f 4//4 10//10 3//3
