# penholder22_cap_hand — generated by scripts/gen_system_model.py
# 4000 vertices, 8000 faces, metres, panda_hand frame
o penholder22_cap_hand
v 0.067004 0.011601 0.123828
v 0.064464 0.014774 0.124906
v 0.063826 0.014269 0.125177
v 0.066370 0.011122 0.124097
v 0.082258 0.015564 0.117353
v 0.080494 0.011847 0.118102
v 0.083206 0.014917 0.116951
v 0.081089 0.011430 0.117849
v 0.083849 0.014418 0.116678
v 0.081684 0.010965 0.117597
v 0.084548 0.013821 0.116381
v 0.082255 0.010456 0.117354
v 0.082620 0.010100 0.117199
v 0.085383 0.013011 0.116027
v 0.082972 0.009729 0.117050
v 0.060044 0.009824 0.126782
v 0.086165 0.012141 0.115695
v 0.083310 0.009343 0.116906
v 0.083635 0.008943 0.116769
v 0.086682 0.011492 0.115475
v 0.083945 0.008530 0.116637
v 0.087032 0.011018 0.115327
v 0.078131 0.017414 0.119105
v 0.077340 0.013322 0.119441
v 0.079204 0.017066 0.118649
v 0.078025 0.013090 0.119150
v 0.079946 0.016772 0.118334
v 0.078758 0.012794 0.118839
v 0.080766 0.016399 0.117986
v 0.079636 0.012360 0.118466
v 0.081477 0.016024 0.117685
v 0.064929 0.015113 0.124709
v 0.065687 0.015617 0.124387
v 0.067602 0.011995 0.123574
v 0.066383 0.016024 0.124092
v 0.068275 0.012388 0.123288
v 0.067184 0.016443 0.123752
v 0.068918 0.012708 0.123015
v 0.067914 0.016772 0.123442
v 0.069638 0.013018 0.122710
v 0.068750 0.017100 0.123087
v 0.073699 0.018001 0.120986
v 0.073956 0.013827 0.120877
v 0.074818 0.017976 0.120511
v 0.074665 0.013802 0.120576
v 0.075606 0.017908 0.120177
v 0.075435 0.013731 0.120249
v 0.076488 0.017787 0.119802
v 0.076387 0.013567 0.119845
v 0.077265 0.017632 0.119472
v 0.090273 0.002973 0.113951
v 0.085448 0.006058 0.115999
v 0.065772 0.010634 0.124351
v 0.060929 -0.001197 0.126407
v 0.057393 -0.001162 0.127908
v 0.060918 -0.000955 0.126411
v 0.066980 -0.012384 0.123838
v 0.065122 -0.015249 0.124627
v 0.070820 -0.017683 0.122208
v 0.073138 -0.014487 0.121224
v 0.073041 -0.017976 0.121265
v 0.088443 0.008690 0.114728
v 0.069506 0.017347 0.122766
v 0.070556 0.013332 0.122320
v 0.070369 0.017582 0.122400
v 0.071252 0.013515 0.122025
v 0.071145 0.017744 0.122070
v 0.072002 0.013668 0.121707
v 0.072024 0.017883 0.121697
v 0.072994 0.013790 0.121285
v 0.072811 0.017959 0.121363
v 0.060492 0.010531 0.126592
v 0.061712 0.004556 0.126074
v 0.058312 0.006017 0.127518
v 0.071926 -0.017870 0.121739
v 0.072722 -0.014453 0.121401
v 0.090421 0.001768 0.113888
v 0.086663 0.002183 0.115483
v 0.062962 0.013495 0.125544
v 0.065241 0.010148 0.124576
v 0.059200 0.008248 0.127141
v 0.062039 0.005419 0.125936
v 0.058721 0.007149 0.127344
v 0.057973 0.004858 0.127661
v 0.061409 0.003558 0.126203
v 0.061695 -0.012141 0.126082
v 0.065889 -0.015738 0.124301
v 0.070048 -0.017499 0.122536
v 0.071294 -0.014229 0.122007
v 0.077491 -0.017582 0.119377
v 0.078353 -0.017347 0.119011
v 0.088950 0.007605 0.114513
v 0.087559 0.010240 0.115103
v 0.084269 0.008080 0.116499
v 0.061388 0.011767 0.126212
v 0.060827 0.011018 0.126450
v 0.063419 0.007988 0.125350
v 0.059581 0.009000 0.126979
v 0.062841 0.007055 0.125595
v 0.057359 0.000054 0.127922
v 0.060906 -0.000546 0.126416
v 0.058682 -0.007050 0.127360
v 0.062165 -0.006445 0.125882
v 0.063312 -0.013821 0.125395
v 0.066266 -0.011849 0.124141
v 0.064195 -0.014568 0.125020
v 0.077004 -0.014125 0.119583
v 0.084836 0.007206 0.116259
v 0.087991 0.009521 0.114920
v 0.083981 0.008481 0.116623
v 0.064112 0.008919 0.125055
v 0.062415 0.006255 0.125776
v 0.057708 0.003676 0.127774
v 0.061173 0.002527 0.126303
v 0.057400 0.001269 0.127905
v 0.061159 -0.003140 0.126309
v 0.057646 -0.003325 0.127800
v 0.058279 -0.005916 0.127532
v 0.061687 -0.005205 0.126085
v 0.059155 -0.008152 0.127160
v 0.064725 0.009624 0.124796
v 0.062148 0.012660 0.125889
v 0.057808 -0.004165 0.127731
v 0.062677 -0.007502 0.125665
v 0.064148 -0.009733 0.125040
v 0.061177 -0.011492 0.126301
v 0.062477 -0.013011 0.125750
v 0.064799 -0.010484 0.124764
v 0.065523 -0.011208 0.124457
v 0.069189 -0.017250 0.122900
v 0.070468 -0.014019 0.122357
v 0.072098 -0.014377 0.121666
v 0.076390 -0.017803 0.119844
v 0.090051 0.004165 0.114045
v 0.057516 0.002478 0.127855
v 0.061016 0.001523 0.126370
v 0.060918 0.000388 0.126412
v 0.058039 -0.005098 0.127633
v 0.076094 -0.014324 0.119969
v 0.090493 0.000554 0.113857
v 0.057503 -0.002372 0.127861
v 0.059695 -0.009217 0.126930
v 0.060173 -0.010032 0.126728
v 0.060627 -0.010734 0.126535
v 0.073770 -0.014513 0.120956
v 0.088395 -0.008783 0.114748
v 0.090257 -0.003079 0.113958
v 0.086777 -0.002058 0.115435
v 0.086825 0.000914 0.115415
v 0.086443 0.003255 0.115577
v 0.063232 -0.008452 0.125429
v 0.063711 -0.009153 0.125226
v 0.090411 -0.001875 0.113892
v 0.068128 -0.016863 0.123351
v 0.069669 -0.013757 0.122697
v 0.075278 -0.017943 0.120316
v 0.075181 -0.014451 0.120357
v 0.087816 -0.009824 0.114994
v 0.085232 -0.007222 0.116091
v 0.090028 -0.004270 0.114055
v 0.089388 0.006487 0.114327
v 0.085844 0.005135 0.115831
v 0.086863 -0.000927 0.115398
v 0.069098 -0.013530 0.122939
v 0.074160 -0.018001 0.120790
v 0.088908 -0.007703 0.114530
v 0.084472 -0.013890 0.116413
v 0.082630 -0.010807 0.117195
v 0.085599 -0.006444 0.115935
v 0.067396 -0.016541 0.123662
v 0.085711 -0.012660 0.115887
v 0.090490 -0.000662 0.113859
v 0.086869 -0.000086 0.115396
v 0.089756 0.005338 0.114170
v 0.085141 -0.013254 0.116129
v 0.086150 0.004281 0.115701
v 0.066588 -0.016139 0.124005
v 0.068529 -0.013276 0.123181
v 0.074476 -0.014501 0.120656
v 0.080161 -0.016681 0.118243
v 0.079053 -0.013354 0.118713
v 0.083849 -0.014418 0.116678
v 0.085984 -0.005485 0.115771
v 0.089264 -0.006818 0.114379
v 0.089726 -0.005440 0.114183
v 0.086405 -0.004097 0.115593
v 0.086606 -0.003193 0.115507
v 0.083556 -0.009789 0.116802
v 0.087174 -0.010820 0.115266
v 0.084751 -0.008088 0.116295
v 0.067975 -0.012991 0.123416
v 0.079110 -0.017100 0.118689
v 0.079828 -0.012947 0.118384
v 0.081183 -0.016186 0.117809
v 0.067297 -0.012597 0.123704
v 0.067512 -0.012728 0.123612
v 0.067694 -0.012834 0.123535
v 0.078107 -0.013772 0.119115
v 0.089467 -0.006251 0.114293
v 0.086237 -0.004702 0.115664
v 0.086471 -0.011767 0.115565
v 0.080674 -0.012420 0.118025
v 0.082173 -0.015617 0.117389
v 0.081599 -0.011736 0.117633
v 0.083124 -0.014977 0.116985
v 0.084246 -0.008871 0.116509
v 0.063873 0.004324 0.130807
v 0.080313 -0.012698 0.121918
v 0.063294 0.005523 0.128273
v 0.083898 0.008597 0.116661
v 0.066280 0.010946 0.124482
v 0.066013 0.010826 0.124251
v 0.065727 0.010454 0.124728
v 0.065428 0.010283 0.124514
v 0.065245 0.009969 0.124944
v 0.064861 0.009549 0.125116
v 0.064811 0.009635 0.124791
v 0.064392 0.008979 0.125327
v 0.064294 0.009013 0.125023
v 0.063940 0.008364 0.125531
v 0.063777 0.008310 0.125256
v 0.063555 0.007777 0.125705
v 0.063139 0.007060 0.125896
v 0.063261 0.007495 0.125491
v 0.062927 0.006891 0.125644
v 0.062816 0.006419 0.126045
v 0.062609 0.005963 0.126141
v 0.062535 0.006085 0.125826
v 0.062443 0.005564 0.126219
v 0.062234 0.005009 0.126317
v 0.062021 0.004350 0.126419
v 0.061936 0.004481 0.126108
v 0.062165 0.005165 0.125999
v 0.061818 0.003608 0.126518
v 0.061697 0.003625 0.126224
v 0.061650 0.002817 0.126602
v 0.061387 0.001913 0.126384
v 0.061528 0.002050 0.126667
v 0.061495 0.002649 0.126326
v 0.061450 0.001320 0.126711
v 0.061402 0.000459 0.126745
v 0.061304 0.001049 0.126432
v 0.061275 0.000211 0.126457
v 0.061404 -0.000299 0.126755
v 0.061429 -0.000860 0.126753
v 0.061289 -0.000584 0.126464
v 0.061474 -0.001414 0.126743
v 0.061338 -0.001292 0.126454
v 0.061553 -0.002067 0.126719
v 0.061417 -0.001974 0.126431
v 0.061681 -0.002815 0.126678
v 0.061521 -0.002625 0.126397
v 0.061809 -0.003398 0.126633
v 0.061670 -0.003340 0.126345
v 0.061945 -0.003924 0.126584
v 0.061843 -0.003999 0.126284
v 0.062181 -0.004692 0.126497
v 0.062428 -0.005366 0.126404
v 0.062660 -0.005920 0.126315
v 0.062895 -0.006424 0.126225
v 0.063255 -0.007115 0.126085
v 0.063621 -0.007730 0.125941
v 0.063634 -0.007943 0.125594
v 0.063968 -0.008256 0.125804
v 0.064357 -0.008789 0.125650
v 0.063989 -0.008463 0.125454
v 0.064737 -0.009265 0.125498
v 0.065134 -0.009717 0.125339
v 0.065038 -0.009749 0.125035
v 0.065489 -0.010089 0.125196
v 0.065915 -0.010502 0.125025
v 0.065546 -0.010269 0.124831
v 0.066428 -0.010951 0.124818
v 0.066088 -0.010768 0.124613
v 0.066627 -0.011209 0.124396
v 0.066963 -0.011372 0.124603
v 0.067425 -0.011700 0.124416
v 0.067584 -0.011886 0.124009
v 0.067860 -0.011983 0.124240
v 0.068497 -0.012355 0.123983
v 0.068028 -0.012159 0.123830
v 0.068483 -0.012411 0.123646
v 0.069183 -0.012698 0.123704
v 0.069043 -0.012692 0.123418
v 0.069893 -0.013004 0.123416
v 0.069588 -0.012928 0.123198
v 0.070076 -0.013117 0.122999
v 0.070675 -0.013277 0.123099
v 0.070664 -0.013311 0.122761
v 0.071499 -0.013505 0.122764
v 0.071276 -0.013479 0.122512
v 0.071760 -0.013587 0.122315
v 0.072339 -0.013672 0.122422
v 0.073029 -0.013763 0.122141
v 0.072928 -0.013766 0.121840
v 0.073593 -0.013808 0.121911
v 0.074174 -0.013826 0.121674
v 0.073828 -0.013825 0.121472
v 0.074921 -0.013808 0.121369
v 0.075590 -0.013750 0.121096
v 0.076246 -0.013657 0.120829
v 0.075871 -0.013697 0.120640
v 0.076427 -0.013601 0.120413
v 0.076883 -0.013531 0.120570
v 0.077627 -0.013339 0.120268
v 0.077218 -0.013419 0.120091
v 0.078311 -0.013112 0.119990
v 0.078005 -0.013177 0.119771
v 0.078495 -0.012996 0.119572
v 0.078800 -0.012924 0.119791
v 0.078993 -0.012789 0.119370
v 0.079266 -0.012722 0.119602
v 0.079446 -0.012576 0.119187
v 0.079768 -0.012478 0.119399
v 0.080335 -0.012167 0.119169
v 0.079917 -0.012332 0.118996
v 0.080937 -0.011794 0.118926
v 0.080517 -0.011984 0.118753
v 0.081421 -0.011457 0.118730
v 0.081788 -0.011179 0.118582
v 0.081282 -0.011471 0.118445
v 0.082655 -0.010435 0.118233
v 0.082501 -0.010465 0.117953
v 0.082249 -0.010802 0.118396
v 0.082992 -0.009983 0.117756
v 0.083029 -0.010073 0.118083
v 0.083546 -0.009518 0.117875
v 0.083447 -0.009489 0.117573
v 0.083977 -0.009003 0.117703
v 0.083780 -0.009093 0.117440
v 0.084312 -0.008564 0.117569
v 0.084624 -0.008122 0.117446
v 0.084410 -0.008252 0.117189
v 0.084933 -0.007643 0.117324
v 0.084986 -0.007347 0.116962
v 0.085204 -0.007185 0.117217
v 0.085495 -0.006646 0.117104
v 0.085242 -0.006891 0.116862
v 0.085491 -0.006404 0.116765
v 0.085864 -0.005871 0.116962
v 0.086131 -0.005214 0.116860
v 0.086006 -0.005219 0.116568
v 0.086390 -0.004480 0.116763
v 0.086476 -0.003765 0.116393
v 0.086594 -0.003783 0.116688
v 0.086774 -0.003040 0.116624
v 0.086664 -0.002967 0.116327
v 0.086915 -0.002275 0.116577
v 0.087005 -0.001618 0.116549
v 0.086815 -0.002132 0.116276
v 0.087082 -0.000705 0.116530
v 0.086924 -0.001196 0.116245
v 0.087101 -0.000012 0.116533
v 0.086968 -0.000448 0.116238
v 0.087095 0.000529 0.116543
v 0.086975 0.000441 0.116249
v 0.087067 0.001088 0.116564
v 0.087018 0.001666 0.116594
v 0.086927 0.001306 0.116282
v 0.086853 0.002018 0.116325
v 0.086923 0.002389 0.116646
v 0.086820 0.002972 0.116699
v 0.086729 0.002803 0.116390
v 0.086701 0.003523 0.116759
v 0.086620 0.003333 0.116445
v 0.086504 0.004277 0.116855
v 0.086488 0.003879 0.116510
v 0.086343 0.004389 0.116580
v 0.086264 0.005013 0.116970
v 0.086144 0.005004 0.116675
v 0.085876 0.005707 0.116802
v 0.086062 0.005554 0.117065
v 0.085838 0.006086 0.117170
v 0.085593 0.006350 0.116933
v 0.085507 0.006783 0.117323
v 0.085089 0.007539 0.117514
v 0.085216 0.007099 0.117107
v 0.084721 0.008126 0.117682
v 0.084743 0.007903 0.117324
v 0.084226 0.008662 0.117559
v 0.084332 0.008685 0.117859
v 0.083895 0.009245 0.118055
v 0.083543 0.009657 0.118213
v 0.083579 0.009478 0.117850
v 0.083075 0.010159 0.118423
v 0.082987 0.010119 0.118114
v 0.082506 0.010698 0.118677
v 0.082558 0.010537 0.118306
v 0.082156 0.010895 0.118486
v 0.081933 0.011183 0.118933
v 0.081426 0.011565 0.119159
v 0.081002 0.011857 0.119348
v 0.080521 0.012157 0.119561
v 0.080590 0.012040 0.119184
v 0.080058 0.012417 0.119767
v 0.079998 0.012384 0.119446
v 0.079540 0.012680 0.119997
v 0.079439 0.012668 0.119695
v 0.078831 0.012990 0.120312
v 0.078961 0.012884 0.119907
v 0.078188 0.013225 0.120597
v 0.077736 0.013330 0.120450
v 0.077528 0.013424 0.120889
v 0.077035 0.013545 0.121107
v 0.077037 0.013516 0.120759
v 0.076536 0.013646 0.121328
v 0.076338 0.013659 0.121068
v 0.075725 0.013747 0.121339
v 0.076013 0.013726 0.121559
v 0.075512 0.013782 0.121780
v 0.074956 0.013817 0.122026
v 0.074884 0.013817 0.121710
v 0.074266 0.013825 0.122330
v 0.074074 0.013822 0.122068
v 0.073552 0.013787 0.122645
v 0.073405 0.013786 0.122363
v 0.073059 0.013736 0.122863
v 0.072562 0.013663 0.123083
v 0.072734 0.013709 0.122659
v 0.071871 0.013526 0.123388
v 0.072089 0.013598 0.122944
v 0.071624 0.013495 0.123150
v 0.071137 0.013329 0.123713
v 0.070411 0.013086 0.124035
v 0.070391 0.013122 0.123696
v 0.069751 0.012815 0.124327
v 0.069802 0.012891 0.123958
v 0.069154 0.012594 0.124245
v 0.069292 0.012600 0.124531
v 0.068830 0.012359 0.124736
v 0.068498 0.012242 0.124536
v 0.068389 0.012105 0.124932
v 0.067895 0.011791 0.125151
v 0.067802 0.011814 0.124845
v 0.067390 0.011433 0.125377
v 0.067076 0.011290 0.125169
v 0.066979 0.011114 0.125560
v 0.066629 0.010927 0.125368
v 0.066499 0.010707 0.125774
v 0.066000 0.010236 0.125997
v 0.065622 0.009842 0.126166
v 0.065550 0.009900 0.125851
v 0.065358 0.009549 0.126285
v 0.065023 0.009148 0.126435
v 0.065074 0.009361 0.126064
v 0.064657 0.008673 0.126600
v 0.064248 0.008084 0.126786
v 0.064059 0.007983 0.126523
v 0.063869 0.007473 0.126958
v 0.063710 0.007415 0.126682
v 0.063455 0.006716 0.127148
v 0.063139 0.006041 0.127295
v 0.063103 0.006237 0.126961
v 0.062907 0.005485 0.127403
v 0.062882 0.005730 0.127064
v 0.062688 0.004886 0.127506
v 0.062458 0.004153 0.127617
v 0.062416 0.004426 0.127285
v 0.062278 0.003948 0.127351
v 0.062262 0.003378 0.127713
v 0.062110 0.003252 0.127435
v 0.061958 0.002448 0.127513
v 0.062106 0.002595 0.127792
v 0.062002 0.001877 0.127847
v 0.061812 0.001206 0.127593
v 0.061880 0.001880 0.127555
v 0.061927 0.001072 0.127892
v 0.061773 0.000364 0.127623
v 0.061895 0.000268 0.127918
v 0.061906 -0.000477 0.127925
v 0.061778 -0.000371 0.127633
v 0.061941 -0.001087 0.127919
v 0.061814 -0.001042 0.127628
v 0.062007 -0.001750 0.127902
v 0.061865 -0.001588 0.127615
v 0.062096 -0.002364 0.127874
v 0.062023 -0.002654 0.127564
v 0.062200 -0.002920 0.127839
v 0.062325 -0.003480 0.127795
v 0.062524 -0.004211 0.127723
v 0.062312 -0.003909 0.127463
v 0.062728 -0.004839 0.127647
v 0.062793 -0.005351 0.127283
v 0.062930 -0.005381 0.127570
v 0.063171 -0.005953 0.127479
v 0.063455 -0.006554 0.127369
v 0.063783 -0.007170 0.127241
v 0.063468 -0.006821 0.127024
v 0.063803 -0.007418 0.126892
v 0.064106 -0.007712 0.127114
v 0.064439 -0.008219 0.126983
v 0.064162 -0.007992 0.126751
v 0.064875 -0.008818 0.126810
v 0.064559 -0.008565 0.126593
v 0.065201 -0.009225 0.126680
v 0.065561 -0.009642 0.126536
v 0.065511 -0.009723 0.126214
v 0.065963 -0.010067 0.126374
v 0.066422 -0.010512 0.126189
v 0.065977 -0.010205 0.126027
v 0.066462 -0.010659 0.125831
v 0.067135 -0.011125 0.125902
v 0.066859 -0.010998 0.125671
v 0.067276 -0.011327 0.125503
v 0.067858 -0.011658 0.125610
v 0.067693 -0.011628 0.125335
v 0.068429 -0.012029 0.125380
v 0.068933 -0.012320 0.125176
v 0.068708 -0.012265 0.124924
v 0.069385 -0.012557 0.124993
v 0.070096 -0.012934 0.124362
v 0.069869 -0.012784 0.124796
v 0.069464 -0.012656 0.124618
v 0.070356 -0.012988 0.124599
v 0.071069 -0.013283 0.123967
v 0.070940 -0.013201 0.124362
v 0.071498 -0.013374 0.124135
v 0.071867 -0.013505 0.123642
v 0.072245 -0.013562 0.123832
v 0.073054 -0.013706 0.123502
v 0.073680 -0.013778 0.123247
v 0.073534 -0.013776 0.122964
v 0.072781 -0.013683 0.123270
v 0.074071 -0.013813 0.122745
v 0.074366 -0.013821 0.122968
v 0.074988 -0.013823 0.122713
v 0.074873 -0.013825 0.122417
v 0.075605 -0.013796 0.122461
v 0.076368 -0.013715 0.122151
v 0.075867 -0.013763 0.122012
v 0.076581 -0.013662 0.121721
v 0.076871 -0.013634 0.121946
v 0.077410 -0.013524 0.121726
v 0.077068 -0.013572 0.121523
v 0.078067 -0.013353 0.121459
v 0.078664 -0.013163 0.121217
v 0.078418 -0.013205 0.120974
v 0.079177 -0.012972 0.121009
v 0.079121 -0.012946 0.120689
v 0.079748 -0.012729 0.120777
v 0.079754 -0.012668 0.120432
v 0.080424 -0.012395 0.120503
v 0.080231 -0.012429 0.120239
v 0.081157 -0.011972 0.120207
v 0.080668 -0.012190 0.120062
v 0.081845 -0.011510 0.119929
v 0.081307 -0.011795 0.119803
v 0.082393 -0.011095 0.119708
v 0.083010 -0.010567 0.119459
v 0.082634 -0.010791 0.119268
v 0.083163 -0.010307 0.119055
v 0.083491 -0.010106 0.119266
v 0.083894 -0.009683 0.119103
v 0.083757 -0.009700 0.118817
v 0.084336 -0.009172 0.118926
v 0.084737 -0.008660 0.118767
v 0.084373 -0.008975 0.118570
v 0.085060 -0.008210 0.118639
v 0.084801 -0.008403 0.118400
v 0.085170 -0.007858 0.118254
v 0.085405 -0.007683 0.118502
v 0.085738 -0.007118 0.118372
v 0.085499 -0.007320 0.118125
v 0.085767 -0.006837 0.118020
v 0.086082 -0.006468 0.118238
v 0.086084 -0.006207 0.117899
v 0.086363 -0.005859 0.118130
v 0.086620 -0.005235 0.118032
v 0.086366 -0.005561 0.117789
v 0.086851 -0.004582 0.117945
v 0.086558 -0.005064 0.117716
v 0.086974 -0.003752 0.117562
v 0.087057 -0.003907 0.117869
v 0.086768 -0.004460 0.117637
v 0.087253 -0.003116 0.117799
v 0.087129 -0.003112 0.117507
v 0.087420 -0.002230 0.117743
v 0.087378 -0.001605 0.117425
v 0.087517 -0.001473 0.117714
v 0.087281 -0.002320 0.117455
v 0.087576 -0.000751 0.117700
v 0.087430 -0.001046 0.117412
v 0.087462 -0.000516 0.117407
v 0.087597 -0.000037 0.117701
v 0.087588 0.000613 0.117715
v 0.087473 0.000266 0.117414
v 0.087551 0.001272 0.117741
v 0.087486 0.001908 0.117779
v 0.087362 0.001913 0.117487
v 0.087396 0.002538 0.117827
v 0.087270 0.002551 0.117537
v 0.087221 0.003430 0.117916
v 0.087157 0.003144 0.117593
v 0.087007 0.003792 0.117668
v 0.086977 0.004354 0.118035
v 0.086661 0.004942 0.117835
v 0.086433 0.005558 0.117942
v 0.086665 0.005282 0.118184
v 0.086334 0.006088 0.118339
v 0.085946 0.006894 0.118518
v 0.086002 0.006536 0.118143
v 0.085477 0.007721 0.118733
v 0.085716 0.007088 0.118275
v 0.085460 0.007540 0.118392
v 0.085071 0.008343 0.118918
v 0.084626 0.008788 0.118770
v 0.085050 0.008192 0.118578
v 0.084809 0.008709 0.119036
v 0.084245 0.009273 0.118942
v 0.084488 0.009128 0.119181
v 0.084042 0.009654 0.119381
v 0.083792 0.009794 0.119146
v 0.083677 0.010046 0.119544
v 0.083327 0.010278 0.119354
v 0.083278 0.010444 0.119723
v 0.082816 0.010753 0.119582
v 0.082693 0.010969 0.119984
v 0.082397 0.011107 0.119768
v 0.082025 0.011492 0.120282
v 0.081998 0.011420 0.119947
v 0.081456 0.011884 0.120535
v 0.081315 0.011897 0.120251
v 0.080781 0.012295 0.120835
v 0.080709 0.012263 0.120520
v 0.080212 0.012594 0.121088
v 0.080072 0.012605 0.120802
v 0.079323 0.012940 0.121136
v 0.079620 0.012870 0.121351
v 0.078856 0.013167 0.121690
v 0.078953 0.013086 0.121299
v 0.078186 0.013379 0.121986
v 0.078359 0.013289 0.121563
v 0.077721 0.013472 0.121845
v 0.077483 0.013557 0.122298
v 0.076670 0.013706 0.122657
v 0.076238 0.013745 0.122500
v 0.076920 0.013644 0.122200
v 0.075970 0.013785 0.122966
v 0.075626 0.013801 0.122771
v 0.075407 0.013819 0.123215
v 0.074889 0.013825 0.123443
v 0.074846 0.013828 0.123116
v 0.074385 0.013810 0.123665
v 0.073856 0.013770 0.123899
v 0.073974 0.013792 0.123499
v 0.073196 0.013687 0.124190
v 0.073317 0.013721 0.123790
v 0.072466 0.013548 0.124513
v 0.072685 0.013618 0.124069
v 0.071653 0.013336 0.124872
v 0.071987 0.013463 0.124378
v 0.071348 0.013279 0.124661
v 0.070907 0.013084 0.125204
v 0.070832 0.013101 0.124889
v 0.070270 0.012826 0.125486
v 0.069348 0.012372 0.125895
v 0.069587 0.012564 0.125441
v 0.069803 0.012606 0.125693
v 0.068613 0.011938 0.126223
v 0.068813 0.012137 0.125786
v 0.068235 0.011769 0.126043
v 0.067706 0.011391 0.126279
v 0.067924 0.011463 0.126528
v 0.067445 0.011089 0.126742
v 0.066950 0.010667 0.126963
v 0.067226 0.011014 0.126493
v 0.066698 0.010547 0.126728
v 0.066328 0.010190 0.126894
v 0.066267 0.010003 0.127269
v 0.065890 0.009728 0.127090
v 0.065808 0.009495 0.127475
v 0.065426 0.009032 0.127646
v 0.065484 0.009257 0.127272
v 0.065053 0.008708 0.127465
v 0.064963 0.008409 0.127855
v 0.064563 0.007802 0.128037
v 0.064509 0.007915 0.127713
v 0.064164 0.007119 0.128219
v 0.064068 0.007168 0.127914
v 0.063861 0.006529 0.128359
v 0.063817 0.006689 0.128030
v 0.063608 0.005981 0.128476
v 0.063586 0.006209 0.128136
v 0.063379 0.005421 0.128583
v 0.063163 0.004823 0.128686
v 0.062941 0.004106 0.128792
v 0.062783 0.003979 0.128516
v 0.062995 0.004694 0.128414
v 0.062723 0.003229 0.128899
v 0.062623 0.003331 0.128595
v 0.062585 0.002484 0.128970
v 0.062508 0.001949 0.129012
v 0.062383 0.001949 0.128720
v 0.062443 0.001325 0.129049
v 0.062292 0.000984 0.128773
v 0.062397 0.000521 0.129081
v 0.062394 -0.000207 0.129093
v 0.062267 -0.000109 0.128801
v 0.062429 -0.000993 0.129090
v 0.062307 -0.001002 0.128798
v 0.062353 -0.001512 0.128786
v 0.062502 -0.001740 0.129071
v 0.062626 -0.002567 0.129032
v 0.062420 -0.002053 0.128766
v 0.062509 -0.002594 0.128737
v 0.062794 -0.003370 0.128973
v 0.062618 -0.003139 0.128700
v 0.062781 -0.003806 0.128642
v 0.062939 -0.003928 0.128921
v 0.063159 -0.004653 0.128840
v 0.062891 -0.004192 0.128601
v 0.063056 -0.004708 0.128540
v 0.063278 -0.005321 0.128457
v 0.063400 -0.005312 0.128750
v 0.063627 -0.005864 0.128663
v 0.063574 -0.006022 0.128343
v 0.063956 -0.006563 0.128536
v 0.064304 -0.007213 0.128401
v 0.064154 -0.007171 0.128119
v 0.063809 -0.006516 0.128253
v 0.064770 -0.007977 0.128218
v 0.064621 -0.007936 0.127935
v 0.065130 -0.008664 0.127734
v 0.064882 -0.008319 0.127832
v 0.065318 -0.008751 0.128000
v 0.065474 -0.009105 0.127596
v 0.065790 -0.009336 0.127812
v 0.066140 -0.009731 0.127672
v 0.066548 -0.010157 0.127508
v 0.066025 -0.009745 0.127376
v 0.067057 -0.010637 0.127303
v 0.066678 -0.010404 0.127113
v 0.067030 -0.010721 0.126971
v 0.067566 -0.011070 0.127098
v 0.067502 -0.011119 0.126782
v 0.068021 -0.011420 0.126914
v 0.068005 -0.011499 0.126578
v 0.068441 -0.011717 0.126744
v 0.068549 -0.011869 0.126359
v 0.068893 -0.012008 0.126562
v 0.068991 -0.012140 0.126180
v 0.069520 -0.012371 0.126308
v 0.069462 -0.012405 0.125989
v 0.070179 -0.012700 0.126041
v 0.070763 -0.013002 0.125462
v 0.070743 -0.012946 0.125812
v 0.071246 -0.013178 0.125266
v 0.071557 -0.013243 0.125482
v 0.071924 -0.013391 0.124989
v 0.072168 -0.013421 0.125234
v 0.072804 -0.013575 0.124975
v 0.072741 -0.013586 0.124658
v 0.073222 -0.013673 0.124462
v 0.073547 -0.013705 0.124672
v 0.074056 -0.013766 0.124465
v 0.073933 -0.013769 0.124173
v 0.074649 -0.013812 0.124223
v 0.075336 -0.013826 0.123943
v 0.074819 -0.013823 0.123811
v 0.075471 -0.013821 0.123545
v 0.075903 -0.013808 0.123712
v 0.076582 -0.013751 0.123435
v 0.076100 -0.013785 0.123289
v 0.076819 -0.013704 0.122995
v 0.077423 -0.013625 0.123092
v 0.077469 -0.013591 0.122731
v 0.078236 -0.013444 0.122762
v 0.078874 -0.013258 0.122502
v 0.079349 -0.013096 0.122309
v 0.079774 -0.012931 0.122137
v 0.079359 -0.013047 0.121963
v 0.080123 -0.012728 0.121652
v 0.080741 -0.012423 0.121402
v 0.081032 -0.012335 0.121627
v 0.081715 -0.011933 0.121351
v 0.081349 -0.012081 0.121156
v 0.082384 -0.011479 0.121081
v 0.081927 -0.011713 0.120923
v 0.082656 -0.011183 0.120629
v 0.082850 -0.011125 0.120893
v 0.083259 -0.010785 0.120727
v 0.083232 -0.010700 0.120396
v 0.083617 -0.010347 0.120241
v 0.083692 -0.010395 0.120553
v 0.084119 -0.009971 0.120381
v 0.084447 -0.009619 0.120250
v 0.084203 -0.009754 0.120005
v 0.084789 -0.009225 0.120113
v 0.085249 -0.008640 0.119930
v 0.084876 -0.008968 0.119736
v 0.085653 -0.008069 0.119769
v 0.085392 -0.008268 0.119532
v 0.085679 -0.007836 0.119418
v 0.085954 -0.007596 0.119651
v 0.086218 -0.007149 0.119547
v 0.085968 -0.007367 0.119304
v 0.086545 -0.006530 0.119420
v 0.086307 -0.006756 0.119171
v 0.086794 -0.006007 0.119324
v 0.086651 -0.006048 0.119039
v 0.087053 -0.005398 0.119225
v 0.086869 -0.005541 0.118955
v 0.087300 -0.004725 0.119131
v 0.087146 -0.004818 0.118850
v 0.087460 -0.004224 0.119072
v 0.087605 -0.003715 0.119019
v 0.087419 -0.003942 0.118750
v 0.087546 -0.003451 0.118704
v 0.087748 -0.003117 0.118969
v 0.087857 -0.002572 0.118931
v 0.087689 -0.002811 0.118654
v 0.087811 -0.002095 0.118614
v 0.087974 -0.001816 0.118894
v 0.088062 -0.000922 0.118871
v 0.087952 -0.000656 0.118576
v 0.088092 -0.000161 0.118869
v 0.087970 0.000066 0.118580
v 0.088089 0.000504 0.118881
v 0.088042 0.001332 0.118913
v 0.087948 0.000928 0.118602
v 0.087966 0.002045 0.118957
v 0.087869 0.001815 0.118650
v 0.087858 0.002732 0.119014
v 0.087772 0.002516 0.118702
v 0.087727 0.003379 0.119080
v 0.087621 0.003300 0.118779
v 0.087525 0.004177 0.119180
v 0.087257 0.005014 0.119308
v 0.087220 0.004757 0.118974
v 0.087049 0.005567 0.119406
v 0.086838 0.006069 0.119504
v 0.086712 0.006076 0.119213
v 0.086584 0.006612 0.119622
v 0.086290 0.006948 0.119408
v 0.086244 0.007259 0.119778
v 0.085837 0.007938 0.119964
v 0.085572 0.008151 0.119736
v 0.085376 0.008615 0.120173
v 0.085247 0.008619 0.119883
v 0.084839 0.009307 0.120415
v 0.084361 0.009713 0.120282
v 0.084320 0.009893 0.120648
v 0.083897 0.010326 0.120837
v 0.083799 0.010303 0.120534
v 0.083557 0.010644 0.120989
v 0.083158 0.010994 0.121167
v 0.082553 0.011468 0.121437
v 0.082644 0.011306 0.121049
v 0.082066 0.011725 0.121306
v 0.082066 0.011809 0.121654
v 0.081594 0.012109 0.121864
v 0.081732 0.011946 0.121455
v 0.080986 0.012454 0.122134
v 0.080556 0.012609 0.121978
v 0.080229 0.012820 0.122470
v 0.079887 0.012913 0.122275
v 0.079480 0.013121 0.122802
v 0.079417 0.013097 0.122483
v 0.078266 0.013459 0.122993
v 0.078862 0.013326 0.123076
v 0.078162 0.013516 0.123386
v 0.077758 0.013576 0.123217
v 0.077362 0.013675 0.123739
v 0.077291 0.013666 0.123424
v 0.076222 0.013794 0.123896
v 0.076564 0.013777 0.124092
v 0.076700 0.013748 0.123685
v 0.075966 0.013816 0.124356
v 0.075456 0.013826 0.124581
v 0.075415 0.013828 0.124253
v 0.074800 0.013807 0.124870
v 0.074097 0.013742 0.125181
v 0.073593 0.013669 0.125403
v 0.072993 0.013555 0.125668
v 0.073446 0.013668 0.125120
v 0.072637 0.013500 0.125479
v 0.072212 0.013354 0.126014
v 0.072147 0.013370 0.125696
v 0.071695 0.013188 0.126243
v 0.071168 0.012994 0.126477
v 0.071209 0.013057 0.126112
v 0.070591 0.012746 0.126732
v 0.069954 0.012430 0.127016
v 0.069724 0.012374 0.126770
v 0.069293 0.012053 0.127309
v 0.069125 0.012024 0.127037
v 0.068183 0.011284 0.127804
v 0.068253 0.011430 0.127425
v 0.068672 0.011727 0.127238
v 0.068685 0.011652 0.127580
v 0.067518 0.010732 0.128101
v 0.067684 0.010981 0.127679
v 0.067179 0.010534 0.127904
v 0.066849 0.010092 0.128399
v 0.066693 0.010057 0.128122
v 0.066354 0.009553 0.128621
v 0.066218 0.009540 0.128334
v 0.066011 0.009143 0.128775
v 0.065790 0.009021 0.128527
v 0.065655 0.008681 0.128936
v 0.065205 0.008032 0.129139
v 0.065325 0.008394 0.128736
v 0.064936 0.007802 0.128913
v 0.064864 0.007477 0.129295
v 0.064596 0.007225 0.129069
v 0.064572 0.006952 0.129429
v 0.064174 0.006141 0.129613
v 0.064244 0.006554 0.129230
v 0.063953 0.005918 0.129365
v 0.063852 0.005360 0.129763
v 0.063688 0.005254 0.129490
v 0.063595 0.004631 0.129885
v 0.063449 0.004559 0.129604
v 0.063391 0.003936 0.129983
v 0.063191 0.003091 0.130083
v 0.063271 0.003946 0.129689
v 0.063143 0.003435 0.129752
v 0.062964 0.002544 0.129842
v 0.063029 0.002146 0.130167
v 0.062846 0.001655 0.129907
v 0.062786 0.000917 0.129944
v 0.062925 0.001168 0.130227
v 0.062886 0.000168 0.130259
v 0.062764 0.000194 0.129965
v 0.062900 -0.000510 0.130263
v 0.062936 -0.001129 0.130257
v 0.062782 -0.000703 0.129971
v 0.063012 -0.001851 0.130236
v 0.062856 -0.001581 0.129953
v 0.063157 -0.002760 0.130189
v 0.062948 -0.002269 0.129925
v 0.063092 -0.003034 0.129877
v 0.063344 -0.003588 0.130123
v 0.063186 -0.003452 0.129843
v 0.063428 -0.004333 0.129755
v 0.063547 -0.004314 0.130050
v 0.063861 -0.005227 0.129932
v 0.063723 -0.005184 0.129645
v 0.063962 -0.005777 0.129554
v 0.064172 -0.005974 0.129813
v 0.064518 -0.006694 0.129680
v 0.064512 -0.006915 0.129341
v 0.064935 -0.007447 0.129517
v 0.064954 -0.007683 0.129168
v 0.065346 -0.008093 0.129355
v 0.065648 -0.008526 0.129235
v 0.065553 -0.008569 0.128932
v 0.066051 -0.009053 0.129075
v 0.066518 -0.009602 0.128888
v 0.066150 -0.009323 0.128693
v 0.066922 -0.010034 0.128725
v 0.066595 -0.009821 0.128515
v 0.067375 -0.010475 0.128544
v 0.067043 -0.010277 0.128335
v 0.067889 -0.010928 0.128336
v 0.067664 -0.010844 0.128085
v 0.068435 -0.011360 0.128117
v 0.068226 -0.011294 0.127858
v 0.068988 -0.011751 0.127893
v 0.068825 -0.011727 0.127617
v 0.069476 -0.012060 0.127696
v 0.069919 -0.012317 0.127516
v 0.069538 -0.012171 0.127328
v 0.069978 -0.012415 0.127150
v 0.070590 -0.012661 0.127245
v 0.070550 -0.012700 0.126918
v 0.071370 -0.012999 0.126929
v 0.071157 -0.012962 0.126672
v 0.072147 -0.013272 0.126613
v 0.071964 -0.013255 0.126345
v 0.072992 -0.013507 0.126269
v 0.072774 -0.013482 0.126015
v 0.073672 -0.013644 0.125993
v 0.074177 -0.013723 0.125787
v 0.073537 -0.013645 0.125704
v 0.074260 -0.013748 0.125411
v 0.074866 -0.013803 0.125163
v 0.074875 -0.013795 0.125503
v 0.075436 -0.013822 0.125274
v 0.075499 -0.013825 0.124905
v 0.076009 -0.013823 0.125040
v 0.076497 -0.013801 0.124841
v 0.077074 -0.013751 0.124605
v 0.076320 -0.013807 0.124569
v 0.077165 -0.013724 0.124226
v 0.077833 -0.013640 0.124296
v 0.077829 -0.013619 0.123955
v 0.078570 -0.013486 0.123997
v 0.078524 -0.013464 0.123673
v 0.079321 -0.013274 0.123691
v 0.079027 -0.013325 0.123468
v 0.079817 -0.013106 0.123490
v 0.079502 -0.013174 0.123275
v 0.080360 -0.012896 0.123270
v 0.080190 -0.012915 0.122996
v 0.080810 -0.012638 0.122744
v 0.081069 -0.012573 0.122982
v 0.081734 -0.012219 0.122713
v 0.081415 -0.012327 0.122499
v 0.082002 -0.011986 0.122262
v 0.082308 -0.011870 0.122481
v 0.082529 -0.011638 0.122049
v 0.082826 -0.011518 0.122271
v 0.083422 -0.011066 0.122030
v 0.084365 -0.010226 0.121651
v 0.084052 -0.010406 0.121435
v 0.083916 -0.010643 0.121832
v 0.083555 -0.010852 0.121636
v 0.084488 -0.009974 0.121260
v 0.084831 -0.009743 0.121464
v 0.085188 -0.009340 0.121321
v 0.084935 -0.009489 0.121080
v 0.085277 -0.009083 0.120944
v 0.085520 -0.008934 0.121188
v 0.085980 -0.008318 0.121005
v 0.086012 -0.008089 0.120652
v 0.086449 -0.007601 0.120820
v 0.086416 -0.007448 0.120492
v 0.086799 -0.006994 0.120683
v 0.087117 -0.006378 0.120559
v 0.086795 -0.006773 0.120344
v 0.087030 -0.006298 0.120253
v 0.087386 -0.005789 0.120456
v 0.087255 -0.005809 0.120167
v 0.087672 -0.005078 0.120347
v 0.087490 -0.005228 0.120077
v 0.088073 -0.003820 0.120198
v 0.087879 -0.004070 0.119932
v 0.087670 -0.004731 0.120009
v 0.087900 -0.004408 0.120262
v 0.088270 -0.003004 0.120129
v 0.088023 -0.003529 0.119880
v 0.088407 -0.002257 0.120083
v 0.088496 -0.001597 0.120055
v 0.088361 -0.001708 0.119766
v 0.088565 -0.000796 0.120038
v 0.088590 -0.000000 0.120040
v 0.088465 0.000242 0.119752
v 0.088964 -0.000001 0.120916
v 0.088076 0.005712 0.121995
v 0.087100 0.006313 0.120433
v 0.087402 0.005618 0.120292
v 0.086766 0.006983 0.120586
v 0.087337 0.007224 0.122305
v 0.087075 0.007658 0.122401
v 0.086808 0.008088 0.122531
v 0.086309 0.007782 0.120796
v 0.085888 0.008416 0.120987
v 0.085595 0.008820 0.121119
v 0.085120 0.009415 0.121333
v 0.077261 0.013742 0.124826
v 0.078999 0.013393 0.124057
v 0.079594 0.013404 0.125574
v 0.079872 0.013113 0.123670
v 0.080655 0.012798 0.123323
v 0.081570 0.012341 0.122917
v 0.082328 0.012283 0.124433
v 0.082348 0.011870 0.122571
v 0.082924 0.011468 0.122314
v 0.083590 0.010946 0.122017
v 0.084217 0.010376 0.121737
v 0.084621 0.009969 0.121557
v 0.076696 0.013823 0.126824
v 0.076360 0.013817 0.125222
v 0.075572 0.013823 0.125571
v 0.075223 0.013757 0.127445
v 0.074892 0.013786 0.125871
v 0.074219 0.013709 0.126168
v 0.074398 0.013636 0.127801
v 0.073379 0.013559 0.126540
v 0.073232 0.013368 0.128276
v 0.072718 0.013391 0.126832
v 0.072045 0.013183 0.127130
v 0.072742 0.013211 0.128505
v 0.070041 0.011924 0.129634
v 0.069935 0.012214 0.128066
v 0.072038 0.012951 0.128804
v 0.071112 0.012816 0.127543
v 0.070457 0.012498 0.127835
v 0.070504 0.012199 0.129457
v 0.064500 0.006036 0.130511
v 0.064907 0.006887 0.130322
v 0.065339 0.007650 0.130125
v 0.065748 0.008288 0.129939
v 0.066074 0.008745 0.129792
v 0.066566 0.009366 0.129570
v 0.066980 0.009188 0.130949
v 0.066883 0.009729 0.129427
v 0.067452 0.010320 0.129173
v 0.067855 0.010698 0.128993
v 0.068324 0.010614 0.130358
v 0.068844 0.011500 0.128552
v 0.069304 0.011820 0.128347
v 0.064140 0.003311 0.132175
v 0.063518 0.002855 0.130983
v 0.063913 0.002254 0.132201
v 0.063807 0.001173 0.132294
v 0.063315 0.001374 0.131092
v 0.063392 0.002074 0.131049
v 0.063264 0.000508 0.131128
v 0.063776 -0.000669 0.132309
v 0.063268 -0.000406 0.131140
v 0.063773 -0.000943 0.132261
v 0.063830 -0.001443 0.132284
v 0.063311 -0.001160 0.131133
v 0.063419 -0.002110 0.131102
v 0.064060 -0.002978 0.132188
v 0.063571 -0.002954 0.131052
v 0.064170 -0.003548 0.132092
v 0.064075 -0.004789 0.130868
v 0.064334 -0.005478 0.130770
v 0.064610 -0.006118 0.130665
v 0.065256 -0.006500 0.131680
v 0.065613 -0.007197 0.131510
v 0.064930 -0.006770 0.130541
v 0.065397 -0.007596 0.130359
v 0.066594 -0.008719 0.131068
v 0.065992 -0.008490 0.130123
v 0.067269 -0.009554 0.130777
v 0.066648 -0.009328 0.129861
v 0.067217 -0.009954 0.129633
v 0.068299 -0.010598 0.130348
v 0.067773 -0.010499 0.129411
v 0.068724 -0.010951 0.130213
v 0.068248 -0.010916 0.129219
v 0.069131 -0.011298 0.129979
v 0.068940 -0.011459 0.128940
v 0.069718 -0.011982 0.128625
v 0.070458 -0.012173 0.129476
v 0.070305 -0.012325 0.128387
v 0.075201 -0.013791 0.126398
v 0.074364 -0.013699 0.126739
v 0.074721 -0.013690 0.127663
v 0.073350 -0.013503 0.127151
v 0.073704 -0.013489 0.128096
v 0.072696 -0.013324 0.127418
v 0.072187 -0.013161 0.127624
v 0.072355 -0.013075 0.128668
v 0.071724 -0.012989 0.127813
v 0.071067 -0.012711 0.128079
v 0.071392 -0.012667 0.129078
v 0.081172 -0.012702 0.123968
v 0.080543 -0.012972 0.124223
v 0.080044 -0.013157 0.124425
v 0.079560 -0.013315 0.124622
v 0.078392 -0.013607 0.125097
v 0.078538 -0.013643 0.126045
v 0.077401 -0.013758 0.125500
v 0.076545 -0.013818 0.125850
v 0.075858 -0.013824 0.126130
v 0.081810 -0.012382 0.123709
v 0.082283 -0.012114 0.123518
v 0.083866 -0.011262 0.123776
v 0.083319 -0.011431 0.123099
v 0.083875 -0.010999 0.122875
v 0.084540 -0.010705 0.123496
v 0.084926 -0.010035 0.122452
v 0.084454 -0.010494 0.122641
v 0.085845 -0.009369 0.122942
v 0.085386 -0.009541 0.122267
v 0.088057 0.003562 0.119978
v 0.088214 0.002820 0.119899
v 0.088338 0.002046 0.119834
v 0.088455 0.000655 0.119762
v 0.088929 -0.000921 0.120917
v 0.088858 -0.001692 0.120935
v 0.088754 -0.002407 0.120968
v 0.088649 -0.002961 0.121003
v 0.088538 -0.003456 0.121042
v 0.088387 -0.004024 0.121097
v 0.088227 -0.004549 0.121156
v 0.087992 -0.005214 0.121244
v 0.087763 -0.005778 0.121331
v 0.087513 -0.006328 0.121427
v 0.087846 -0.006215 0.122061
v 0.087204 -0.006933 0.121547
v 0.086764 -0.007695 0.121719
v 0.086286 -0.008408 0.121908
v 0.085873 -0.008959 0.122072
v 0.067243 0.011683 0.124052
v 0.066773 0.011344 0.124262
v 0.067802 0.012052 0.123803
v 0.068416 0.012403 0.123531
v 0.068873 0.012637 0.123328
v 0.069336 0.012850 0.123122
v 0.069812 0.013045 0.122911
v 0.070298 0.013219 0.122695
v 0.070983 0.013428 0.122392
v 0.071658 0.013586 0.122093
v 0.072150 0.013677 0.121876
v 0.072649 0.013747 0.121655
v 0.073166 0.013796 0.121427
v 0.073629 0.013819 0.121223
v 0.074061 0.013826 0.121032
v 0.074567 0.013812 0.120809
v 0.075067 0.013777 0.120589
v 0.075573 0.013719 0.120365
v 0.076833 0.013476 0.119808
v 0.076156 0.013624 0.120108
v 0.077452 0.013302 0.119534
v 0.078716 0.012831 0.118974
v 0.078001 0.013117 0.119291
v 0.079316 0.012545 0.118707
v 0.079703 0.012341 0.118535
v 0.080148 0.012083 0.118338
v 0.080582 0.011806 0.118145
v 0.081186 0.011379 0.117875
v 0.081743 0.010931 0.117627
v 0.082134 0.010585 0.117453
v 0.082512 0.010223 0.117284
v 0.082922 0.009795 0.117100
v 0.083454 0.009176 0.116861
v 0.083272 0.009397 0.116943
v 0.083673 0.008900 0.116763
v 0.060549 0.006818 0.132000
v 0.060346 0.006251 0.132086
v 0.060160 0.005678 0.132165
v 0.059993 0.005098 0.132236
v 0.059843 0.004512 0.132299
v 0.059712 0.003921 0.132355
v 0.059599 0.003325 0.132403
v 0.059505 0.002726 0.132443
v 0.059430 0.002123 0.132475
v 0.059373 0.001518 0.132499
v 0.059336 0.000912 0.132515
v 0.059317 0.000304 0.132523
v 0.059317 -0.000304 0.132523
v 0.059336 -0.000912 0.132515
v 0.059373 -0.001518 0.132499
v 0.059430 -0.002123 0.132475
v 0.059552 -0.003053 0.132423
v 0.059712 -0.003921 0.132355
v 0.059920 -0.004832 0.132267
v 0.060160 -0.005678 0.132165
v 0.060346 -0.006251 0.132086
v 0.060549 -0.006818 0.132000
v 0.060770 -0.007377 0.131906
v 0.061008 -0.007927 0.131805
v 0.061263 -0.008468 0.131697
v 0.061534 -0.009000 0.131582
v 0.061984 -0.009802 0.131391
v 0.062446 -0.010531 0.131195
v 0.062968 -0.011279 0.130973
v 0.063496 -0.011954 0.130749
v 0.063874 -0.012401 0.130588
v 0.064267 -0.012835 0.130422
v 0.064672 -0.013254 0.130250
v 0.065091 -0.013658 0.130072
v 0.065522 -0.014046 0.129889
v 0.065964 -0.014418 0.129701
v 0.066418 -0.014774 0.129509
v 0.066883 -0.015113 0.129311
v 0.067619 -0.015604 0.128999
v 0.068336 -0.016024 0.128694
v 0.069115 -0.016432 0.128364
v 0.069867 -0.016772 0.128044
v 0.070392 -0.016983 0.127822
v 0.070923 -0.017175 0.127596
v 0.071754 -0.017435 0.127244
v 0.072548 -0.017632 0.126906
v 0.073098 -0.017744 0.126673
v 0.073651 -0.017836 0.126438
v 0.074207 -0.017908 0.126202
v 0.074765 -0.017959 0.125966
v 0.075324 -0.017990 0.125728
v 0.075883 -0.018000 0.125491
v 0.060770 0.007377 0.131906
v 0.061008 0.007927 0.131805
v 0.061263 0.008468 0.131697
v 0.061661 0.009240 0.131528
v 0.062126 0.010032 0.131330
v 0.062595 0.010756 0.131132
v 0.063131 0.011492 0.130904
v 0.063496 0.011954 0.130749
v 0.063874 0.012401 0.130588
v 0.064267 0.012835 0.130422
v 0.064672 0.013254 0.130250
v 0.065091 0.013658 0.130072
v 0.065522 0.014046 0.129889
v 0.065964 0.014418 0.129701
v 0.066627 0.014932 0.129420
v 0.067358 0.015434 0.129110
v 0.067842 0.015738 0.128904
v 0.068563 0.016151 0.128598
v 0.069349 0.016541 0.128264
v 0.070105 0.016872 0.127944
v 0.070923 0.017175 0.127596
v 0.071706 0.017421 0.127264
v 0.072548 0.017632 0.126906
v 0.073350 0.017791 0.126567
v 0.074207 0.017908 0.126202
v 0.075019 0.017978 0.125858
v 0.075883 0.018000 0.125491
v 0.076443 0.017990 0.125253
v 0.077002 0.017959 0.125016
v 0.077813 0.017880 0.124672
v 0.078669 0.017744 0.124308
v 0.079469 0.017576 0.123969
v 0.080307 0.017347 0.123613
v 0.080844 0.017175 0.123385
v 0.081375 0.016983 0.123160
v 0.082137 0.016671 0.122836
v 0.082928 0.016292 0.122500
v 0.083658 0.015898 0.122191
v 0.084409 0.015434 0.121872
v 0.084884 0.015113 0.121670
v 0.085349 0.014774 0.121473
v 0.086007 0.014252 0.121194
v 0.086676 0.013658 0.120910
v 0.087095 0.013254 0.120732
v 0.087500 0.012835 0.120560
v 0.087893 0.012401 0.120393
v 0.088271 0.011954 0.120232
v 0.088799 0.011279 0.120009
v 0.089321 0.010531 0.119787
v 0.089641 0.010032 0.119651
v 0.090080 0.009287 0.119465
v 0.090504 0.008468 0.119285
v 0.090759 0.007927 0.119176
v 0.090997 0.007377 0.119075
v 0.091218 0.006818 0.118982
v 0.091421 0.006251 0.118895
v 0.091607 0.005678 0.118817
v 0.091774 0.005098 0.118746
v 0.091924 0.004512 0.118682
v 0.092055 0.003921 0.118626
v 0.092167 0.003325 0.118579
v 0.092261 0.002726 0.118539
v 0.092337 0.002123 0.118507
v 0.092393 0.001518 0.118483
v 0.092431 0.000912 0.118467
v 0.092450 0.000304 0.118459
v 0.092450 -0.000304 0.118459
v 0.092431 -0.000912 0.118467
v 0.092393 -0.001518 0.118483
v 0.092337 -0.002123 0.118507
v 0.092261 -0.002726 0.118539
v 0.092167 -0.003325 0.118579
v 0.092055 -0.003921 0.118626
v 0.091924 -0.004512 0.118682
v 0.091774 -0.005098 0.118746
v 0.091607 -0.005678 0.118817
v 0.091333 -0.006511 0.118933
v 0.090997 -0.007377 0.119075
v 0.090759 -0.007927 0.119176
v 0.090504 -0.008468 0.119285
v 0.090233 -0.009000 0.119400
v 0.089945 -0.009521 0.119522
v 0.089641 -0.010032 0.119651
v 0.089321 -0.010531 0.119787
v 0.088986 -0.011018 0.119929
v 0.088636 -0.011492 0.120078
v 0.088271 -0.011954 0.120232
v 0.087893 -0.012401 0.120393
v 0.087500 -0.012835 0.120560
v 0.086907 -0.013441 0.120812
v 0.086245 -0.014046 0.121092
v 0.085599 -0.014584 0.121367
v 0.084884 -0.015113 0.121670
v 0.084409 -0.015434 0.121872
v 0.083924 -0.015738 0.122078
v 0.083431 -0.016024 0.122287
v 0.082928 -0.016292 0.122500
v 0.082418 -0.016541 0.122717
v 0.081900 -0.016772 0.122937
v 0.081375 -0.016983 0.123160
v 0.080844 -0.017175 0.123385
v 0.080061 -0.017421 0.123718
v 0.079219 -0.017632 0.124075
v 0.078669 -0.017744 0.124308
v 0.078115 -0.017836 0.124543
v 0.077560 -0.017908 0.124779
v 0.077002 -0.017959 0.125016
v 0.076443 -0.017990 0.125253
v 0.083854 -0.011696 0.122277
v 0.065595 -0.009337 0.129696
v 0.062562 0.001769 0.130976
v 0.062577 0.002367 0.130788
v 0.063381 0.005513 0.130397
v 0.063410 0.005420 0.130558
v 0.088792 -0.001612 0.118982
v 0.088255 -0.004317 0.119168
v 0.084248 -0.010928 0.120748
v 0.084129 -0.011093 0.120967
v 0.066715 0.011206 0.127494
v 0.078117 0.014012 0.121065
v 0.085995 0.007640 0.117728
v 0.086262 0.007020 0.117432
v 0.087667 0.003074 0.116943
v 0.086920 -0.005346 0.116958
v 0.086944 -0.005448 0.117119
v 0.080001 -0.013195 0.119728
v 0.080207 -0.013124 0.119815
v 0.071137 -0.014078 0.123342
v 0.068927 -0.013255 0.124241
v 0.068279 -0.012918 0.124504
v 0.062988 -0.007676 0.126633
v 0.062116 -0.005768 0.127143
v 0.061935 -0.005462 0.127041
v 0.061764 -0.004989 0.127106
v 0.066390 0.011770 0.124859
v 0.067331 -0.012618 0.123690
v 0.067461 -0.012697 0.123637
v 0.067822 -0.012906 0.123491
v 0.068995 -0.013483 0.123014
v 0.069512 -0.013691 0.122804
v 0.070020 -0.013872 0.122597
v 0.070627 -0.014057 0.122350
v 0.071397 -0.014245 0.122037
v 0.071953 -0.014348 0.121810
v 0.072680 -0.014448 0.121512
v 0.073501 -0.014505 0.121178
v 0.074347 -0.014510 0.120832
v 0.075036 -0.014467 0.120550
v 0.075592 -0.014408 0.120323
v 0.076157 -0.014319 0.120093
v 0.076724 -0.014207 0.119861
v 0.077415 -0.014029 0.119580
v 0.078032 -0.013836 0.119329
v 0.077659 -0.013937 0.119308
v 0.078145 -0.013772 0.119111
v 0.080224 -0.012812 0.118266
v 0.080380 -0.012758 0.118374
v 0.079728 -0.013082 0.118468
v 0.079207 -0.013339 0.118680
v 0.079590 -0.013186 0.118694
v 0.078580 -0.013609 0.118934
v 0.080864 -0.012459 0.118178
v 0.080832 -0.012442 0.118021
v 0.081290 -0.012129 0.117835
v 0.081374 -0.012115 0.117972
v 0.082449 -0.011212 0.117366
v 0.082761 -0.010984 0.117411
v 0.081733 -0.011804 0.117656
v 0.082065 -0.011592 0.117693
v 0.083024 -0.010670 0.117134
v 0.083328 -0.010425 0.117183
v 0.083491 -0.010183 0.116946
v 0.083804 -0.009900 0.116991
v 0.084228 -0.009388 0.116821
v 0.084018 -0.009575 0.116735
v 0.084713 -0.008735 0.116628
v 0.084430 -0.009041 0.116570
v 0.084744 -0.008602 0.116445
v 0.085494 -0.007493 0.116319
v 0.085217 -0.007866 0.116258
v 0.085640 -0.007110 0.116092
v 0.086725 -0.004650 0.115845
v 0.086269 -0.005751 0.115848
v 0.086467 -0.005398 0.115942
v 0.086178 -0.006113 0.116054
v 0.085925 -0.006535 0.115981
v 0.086601 -0.004844 0.115722
v 0.086821 -0.004117 0.115641
v 0.087121 -0.003141 0.115701
v 0.087009 -0.003378 0.115573
v 0.087260 -0.002389 0.115654
v 0.087165 -0.002581 0.115519
v 0.087254 -0.002006 0.115490
v 0.087328 -0.001344 0.115469
v 0.087442 -0.000603 0.115603
v 0.087374 -0.000706 0.115458
v 0.087454 0.000278 0.115611
v 0.087395 0.000120 0.115462
v 0.087371 0.000911 0.115483
v 0.087239 0.002275 0.115560
v 0.087318 0.001628 0.115516
v 0.087336 0.002031 0.115688
v 0.087154 0.002817 0.115604
v 0.087152 0.003153 0.115783
v 0.086984 0.003649 0.115689
v 0.086776 0.004657 0.115965
v 0.086800 0.004360 0.115779
v 0.086574 0.005087 0.115887
v 0.086343 0.005720 0.115995
v 0.086241 0.006123 0.116218
v 0.085992 0.006685 0.116334
v 0.086095 0.006322 0.116111
v 0.085220 0.008010 0.116512
v 0.085532 0.007467 0.116370
v 0.085346 0.007906 0.116629
v 0.085719 0.007233 0.116459
v 0.085826 0.006899 0.116235
v 0.084878 0.008645 0.116842
v 0.084533 0.009130 0.116997
v 0.084824 0.008633 0.116692
v 0.083759 0.010019 0.117170
v 0.084322 0.009333 0.116919
v 0.084236 0.009520 0.117131
v 0.083385 0.010495 0.117512
v 0.082957 0.010925 0.117702
v 0.083180 0.010646 0.117429
v 0.082386 0.011443 0.117958
v 0.082578 0.011220 0.117698
v 0.081874 0.011857 0.118185
v 0.081929 0.011768 0.117986
v 0.080864 0.012567 0.118634
v 0.081286 0.012244 0.118273
v 0.080867 0.012523 0.118459
v 0.080397 0.012811 0.118667
v 0.079070 0.013484 0.119256
v 0.078898 0.013582 0.119505
v 0.079738 0.013170 0.118959
v 0.079431 0.013349 0.119269
v 0.077972 0.013902 0.119741
v 0.077544 0.014053 0.120103
v 0.078545 0.013698 0.119488
v 0.078380 0.013783 0.119734
v 0.076728 0.014239 0.120290
v 0.076694 0.014260 0.120479
v 0.077422 0.014069 0.119984
v 0.076151 0.014349 0.120545
v 0.075957 0.014389 0.120805
v 0.075021 0.014482 0.121043
v 0.075550 0.014434 0.120811
v 0.074349 0.014514 0.121512
v 0.074331 0.014514 0.121347
v 0.073697 0.014501 0.121800
v 0.073432 0.014494 0.121743
v 0.072440 0.014383 0.122353
v 0.072475 0.014398 0.122165
v 0.071825 0.014276 0.122625
v 0.071590 0.014241 0.122556
v 0.070851 0.014057 0.122881
v 0.070318 0.013874 0.123291
v 0.070145 0.013836 0.123194
v 0.069053 0.013371 0.123850
v 0.069366 0.013537 0.123538
v 0.068352 0.013020 0.124161
v 0.068175 0.012956 0.124066
v 0.068655 0.013209 0.123853
v 0.066870 0.012132 0.124645
v 0.067594 0.012618 0.124324
v 0.067593 0.012579 0.124497
v 0.066408 0.011734 0.125025
v 0.065906 0.011369 0.125074
v 0.065927 0.011334 0.125238
v 0.064801 0.010294 0.125568
v 0.064967 0.010407 0.125666
v 0.065363 0.010872 0.125316
v 0.065454 0.010899 0.125450
v 0.064567 0.009960 0.125846
v 0.063724 0.008970 0.126050
v 0.063639 0.008760 0.126263
v 0.064303 0.009723 0.125789
v 0.064168 0.009478 0.126024
v 0.063178 0.008151 0.126298
v 0.063149 0.008000 0.126484
v 0.062852 0.007479 0.126620
v 0.062278 0.006454 0.126709
v 0.062300 0.006366 0.126874
v 0.062673 0.007267 0.126528
v 0.062622 0.007044 0.126726
v 0.061986 0.005600 0.127021
v 0.061947 0.005661 0.126864
v 0.061733 0.004875 0.127140
v 0.061289 0.003467 0.127179
v 0.061331 0.003377 0.127334
v 0.061487 0.004264 0.127082
v 0.061528 0.004187 0.127238
v 0.061684 0.004915 0.126987
v 0.061180 0.002569 0.127411
v 0.061166 0.002850 0.127241
v 0.061058 0.001635 0.127477
v 0.061064 0.002198 0.127294
v 0.060921 0.000166 0.127385
v 0.060940 0.000844 0.127367
v 0.061007 0.000926 0.127510
v 0.060988 0.001530 0.127336
v 0.061031 -0.001151 0.127530
v 0.060930 -0.000432 0.127389
v 0.060992 -0.000437 0.127536
v 0.061090 -0.001744 0.127513
v 0.060959 -0.001015 0.127386
v 0.061174 -0.002362 0.127488
v 0.061040 -0.001859 0.127364
v 0.061182 -0.002775 0.127317
v 0.061534 -0.004269 0.127192
v 0.061320 -0.003435 0.127269
v 0.061339 -0.003253 0.127431
v 0.061829 -0.005001 0.127251
v 0.062172 -0.006053 0.126951
v 0.062774 -0.007295 0.126717
v 0.062929 -0.007465 0.126827
v 0.062497 -0.006758 0.126825
v 0.062637 -0.006913 0.126941
v 0.062395 -0.006413 0.127035
v 0.063785 -0.008821 0.126489
v 0.063335 -0.008249 0.126496
v 0.063834 -0.008975 0.126298
v 0.064186 -0.009356 0.126328
v 0.064422 -0.009728 0.126063
v 0.064664 -0.009936 0.126136
v 0.065503 -0.010878 0.125628
v 0.065574 -0.010888 0.125770
v 0.064980 -0.010352 0.125839
v 0.065045 -0.010355 0.125983
v 0.066066 -0.011330 0.125572
v 0.066526 -0.011712 0.125386
v 0.066117 -0.011430 0.125380
v 0.066989 -0.012060 0.125198
v 0.066759 -0.011938 0.125120
v 0.067286 -0.012311 0.124907
v 0.067600 -0.012479 0.124950
v 0.068346 -0.012922 0.124649
v 0.067827 -0.012657 0.124688
v 0.069556 -0.013509 0.124157
v 0.070557 -0.013906 0.123578
v 0.069744 -0.013614 0.123910
v 0.070008 -0.013691 0.123974
v 0.071448 -0.014143 0.123387
v 0.071770 -0.014232 0.123085
v 0.072457 -0.014350 0.122976
v 0.072578 -0.014381 0.122755
v 0.072963 -0.014421 0.122769
v 0.073410 -0.014474 0.122415
v 0.073506 -0.014476 0.122547
v 0.074137 -0.014512 0.122118
v 0.074952 -0.014505 0.121956
v 0.075512 -0.014469 0.121727
v 0.075064 -0.014498 0.121739
v 0.076014 -0.014411 0.121351
v 0.076305 -0.014378 0.121404
v 0.076962 -0.014250 0.120964
v 0.077068 -0.014240 0.121092
v 0.077618 -0.014092 0.120697
v 0.077810 -0.014058 0.120790
v 0.078354 -0.013893 0.120569
v 0.078100 -0.013954 0.120501
v 0.078768 -0.013729 0.120229
v 0.079490 -0.013435 0.119935
v 0.080689 -0.012865 0.119620
v 0.081124 -0.012572 0.119272
v 0.081310 -0.012495 0.119367
v 0.080490 -0.012942 0.119529
v 0.081855 -0.012083 0.118976
v 0.083079 -0.011093 0.118481
v 0.083418 -0.010831 0.118515
v 0.082448 -0.011631 0.118736
v 0.082757 -0.011429 0.118782
v 0.083968 -0.010272 0.118294
v 0.083537 -0.010653 0.118297
v 0.084528 -0.009634 0.118069
v 0.084001 -0.010171 0.118110
v 0.084769 -0.009252 0.117802
v 0.085108 -0.008879 0.117837
v 0.084427 -0.009677 0.117938
v 0.085276 -0.008550 0.117600
v 0.085566 -0.008203 0.117656
v 0.085702 -0.007882 0.117431
v 0.086318 -0.006875 0.117360
v 0.086084 -0.007208 0.117281
v 0.086688 -0.005934 0.117047
v 0.086400 -0.006581 0.117158
v 0.086618 -0.006242 0.117244
v 0.087211 -0.004683 0.117018
v 0.087144 -0.004697 0.116874
v 0.087517 -0.003322 0.116738
v 0.087597 -0.003237 0.116877
v 0.087331 -0.004069 0.116805
v 0.087711 -0.002654 0.116838
v 0.087642 -0.002697 0.116695
v 0.087909 -0.001096 0.116778
v 0.087749 -0.002017 0.116659
v 0.087826 -0.001326 0.116637
v 0.087865 -0.000780 0.116629
v 0.087950 -0.000172 0.116774
v 0.087887 -0.000174 0.116628
v 0.087880 0.000675 0.116644
v 0.087906 0.001283 0.116814
v 0.087812 0.002179 0.116868
v 0.087822 0.001539 0.116681
v 0.087731 0.002326 0.116731
v 0.087483 0.003642 0.116857
v 0.087458 0.003991 0.117045
v 0.087626 0.002948 0.116786
v 0.087260 0.004484 0.116965
v 0.087097 0.005190 0.117218
v 0.087050 0.005145 0.117065
v 0.086533 0.006453 0.117307
v 0.086650 0.006326 0.117428
v 0.086821 0.005768 0.117173
v 0.085968 0.007576 0.117567
v 0.085627 0.008157 0.117722
v 0.085543 0.008391 0.117935
v 0.085311 0.008644 0.117865
v 0.085139 0.008980 0.118117
v 0.084787 0.009451 0.118275
v 0.084979 0.009117 0.118015
v 0.084579 0.009633 0.118194
v 0.083644 0.010678 0.118613
v 0.084144 0.010146 0.118390
v 0.083639 0.010745 0.118788
v 0.083017 0.011325 0.119066
v 0.083125 0.011172 0.118844
v 0.082437 0.011807 0.119324
v 0.082643 0.011591 0.119059
v 0.082023 0.012074 0.119335
v 0.081358 0.012527 0.119630
v 0.080607 0.013007 0.120137
v 0.080804 0.012862 0.119876
v 0.079992 0.013318 0.120409
v 0.080212 0.013181 0.120138
v 0.078861 0.013767 0.120736
v 0.079654 0.013445 0.120385
v 0.079357 0.013599 0.120691
v 0.077915 0.014087 0.121328
v 0.077365 0.014209 0.121397
v 0.076725 0.014335 0.121680
v 0.076045 0.014436 0.121980
v 0.075849 0.014461 0.122240
v 0.075081 0.014508 0.122405
v 0.074877 0.014513 0.122668
v 0.075348 0.014496 0.122460
v 0.074331 0.014506 0.122908
v 0.073965 0.014489 0.123069
v 0.074130 0.014504 0.122823
v 0.073311 0.014440 0.123184
v 0.072768 0.014357 0.123597
v 0.072838 0.014376 0.123393
v 0.072218 0.014270 0.123666
v 0.072057 0.014221 0.123911
v 0.071531 0.014089 0.124143
v 0.070928 0.013912 0.124409
v 0.071277 0.014038 0.124081
v 0.070645 0.013836 0.124361
v 0.070347 0.013706 0.124667
v 0.069185 0.013228 0.125008
v 0.068992 0.013096 0.125266
v 0.069691 0.013435 0.124957
v 0.070079 0.013627 0.124612
v 0.068306 0.012711 0.125570
v 0.068429 0.012821 0.125343
v 0.067227 0.012030 0.125876
v 0.067109 0.011894 0.126103
v 0.067652 0.012290 0.125861
v 0.067831 0.012451 0.125608
v 0.066592 0.011479 0.126333
v 0.066638 0.011571 0.126138
v 0.066008 0.011013 0.126419
v 0.065406 0.010414 0.126688
v 0.065290 0.010219 0.126913
v 0.065902 0.010855 0.126640
v 0.064748 0.009660 0.126982
v 0.064775 0.009617 0.127143
v 0.064306 0.009001 0.127355
v 0.063917 0.008432 0.127530
v 0.064187 0.008923 0.127234
v 0.063809 0.008361 0.127405
v 0.063499 0.007857 0.127546
v 0.063335 0.007458 0.127795
v 0.063225 0.007366 0.127671
v 0.062998 0.006799 0.127950
v 0.062957 0.006845 0.127794
v 0.062764 0.006288 0.128058
v 0.062599 0.006051 0.127960
v 0.061940 0.003857 0.128449
v 0.062072 0.004354 0.128384
v 0.062150 0.004824 0.128171
v 0.062353 0.005415 0.128075
v 0.061903 0.003963 0.128290
v 0.061817 0.003319 0.128509
v 0.061717 0.003143 0.128382
v 0.061616 0.002573 0.128433
v 0.061700 0.002714 0.128568
v 0.061440 0.000935 0.128532
v 0.061497 0.000831 0.128683
v 0.061516 0.001860 0.128487
v 0.061548 0.001555 0.128650
v 0.061481 0.000241 0.128698
v 0.061417 0.000191 0.128554
v 0.061484 -0.000295 0.128705
v 0.061516 -0.001006 0.128701
v 0.061432 -0.000608 0.128558
v 0.061470 -0.001195 0.128551
v 0.061594 -0.001812 0.128681
v 0.061528 -0.001782 0.128535
v 0.061652 -0.002632 0.128496
v 0.061915 -0.003601 0.128571
v 0.061798 -0.003352 0.128445
v 0.062423 -0.005279 0.128383
v 0.062133 -0.004605 0.128323
v 0.062155 -0.004475 0.128484
v 0.061923 -0.003872 0.128400
v 0.062543 -0.005752 0.128168
v 0.062321 -0.005163 0.128252
v 0.062981 -0.006607 0.128169
v 0.062681 -0.005934 0.128285
v 0.063422 -0.007572 0.127826
v 0.063255 -0.007149 0.128062
v 0.063092 -0.006955 0.127956
v 0.062861 -0.006484 0.128045
v 0.064292 -0.008924 0.127482
v 0.064582 -0.009228 0.127538
v 0.064040 -0.008472 0.127754
v 0.063820 -0.008228 0.127670
v 0.065068 -0.009829 0.127343
v 0.064911 -0.009719 0.127235
v 0.065434 -0.010239 0.127196
v 0.065852 -0.010674 0.127027
v 0.065533 -0.010412 0.126985
v 0.066271 -0.011072 0.126858
v 0.066063 -0.010938 0.126771
v 0.067226 -0.011917 0.126301
v 0.067181 -0.011835 0.126491
v 0.066599 -0.011417 0.126555
v 0.067859 -0.012363 0.126045
v 0.068309 -0.012610 0.126034
v 0.068464 -0.012741 0.125800
v 0.069368 -0.013196 0.125604
v 0.068992 -0.013036 0.125586
v 0.070090 -0.013526 0.125311
v 0.069697 -0.013383 0.125299
v 0.071284 -0.013979 0.124654
v 0.071296 -0.013965 0.124819
v 0.070480 -0.013707 0.124981
v 0.072112 -0.014183 0.124488
v 0.071904 -0.014147 0.124401
v 0.072451 -0.014270 0.124178
v 0.074098 -0.014488 0.123506
v 0.074236 -0.014493 0.123621
v 0.073240 -0.014404 0.123857
v 0.073566 -0.014435 0.123895
v 0.074799 -0.014511 0.123391
v 0.075462 -0.014505 0.123120
v 0.074872 -0.014515 0.123190
v 0.075634 -0.014491 0.122878
v 0.076835 -0.014362 0.122388
v 0.076703 -0.014392 0.122613
v 0.076233 -0.014443 0.122633
v 0.077270 -0.014297 0.122381
v 0.077419 -0.014258 0.122149
v 0.078530 -0.013993 0.121868
v 0.078374 -0.014023 0.121760
v 0.079151 -0.013791 0.121615
v 0.079886 -0.013506 0.121316
v 0.079245 -0.013736 0.121406
v 0.081544 -0.012655 0.120643
v 0.081089 -0.012918 0.120828
v 0.080704 -0.013092 0.120813
v 0.080567 -0.013193 0.121040
v 0.080057 -0.013405 0.121075
v 0.081347 -0.012737 0.120552
v 0.082105 -0.012297 0.120416
v 0.081895 -0.012394 0.120330
v 0.083026 -0.011566 0.119872
v 0.082759 -0.011825 0.120151
v 0.082358 -0.012077 0.120142
v 0.083693 -0.010982 0.119602
v 0.083761 -0.010978 0.119746
v 0.083202 -0.011469 0.119972
v 0.084236 -0.010510 0.119555
v 0.084653 -0.010064 0.119387
v 0.084277 -0.010406 0.119367
v 0.085015 -0.009641 0.119242
v 0.084841 -0.009777 0.119141
v 0.085548 -0.008870 0.118858
v 0.085762 -0.008654 0.118944
v 0.085183 -0.009355 0.119003
v 0.085364 -0.009202 0.119102
v 0.086205 -0.007872 0.118598
v 0.086205 -0.007974 0.118768
v 0.085874 -0.008394 0.118728
v 0.086558 -0.007363 0.118629
v 0.086568 -0.007229 0.118455
v 0.086811 -0.006880 0.118531
v 0.086858 -0.006660 0.118342
v 0.087077 -0.006324 0.118427
v 0.087396 -0.005565 0.118305
v 0.087766 -0.004286 0.117996
v 0.087889 -0.004067 0.118120
v 0.087518 -0.005064 0.118089
v 0.087685 -0.004753 0.118195
v 0.087201 -0.005897 0.118210
v 0.087933 -0.003665 0.117936
v 0.088061 -0.003384 0.118058
v 0.088333 -0.001198 0.117803
v 0.088405 -0.001087 0.117947
v 0.088249 -0.002422 0.117993
v 0.088105 -0.002878 0.117874
v 0.088246 -0.002015 0.117828
v 0.088344 -0.001716 0.117964
v 0.088444 -0.000281 0.117942
v 0.088377 -0.000451 0.117796
v 0.088444 0.000410 0.117952
v 0.088383 0.000348 0.117804
v 0.088379 0.001550 0.117996
v 0.088351 0.001130 0.117830
v 0.088063 0.003540 0.118161
v 0.088164 0.002710 0.117933
v 0.088267 0.002023 0.117879
v 0.087895 0.004217 0.118244
v 0.088022 0.003453 0.118005
v 0.087615 0.004940 0.118202
v 0.087820 0.004262 0.118104
v 0.087469 0.005362 0.118271
v 0.087274 0.005879 0.118362
v 0.087205 0.006195 0.118569
v 0.087456 0.005565 0.118452
v 0.086912 0.006707 0.118530
v 0.086598 0.007447 0.118849
v 0.086518 0.007481 0.118711
v 0.086133 0.008141 0.118887
v 0.086178 0.008169 0.119040
v 0.085638 0.008894 0.119111
v 0.085602 0.009028 0.119301
v 0.085901 0.008596 0.119166
v 0.085971 0.008396 0.118960
v 0.085145 0.009547 0.119332
v 0.085122 0.009654 0.119517
v 0.084610 0.010248 0.119746
v 0.084739 0.010034 0.119514
v 0.084283 0.010531 0.119718
v 0.084133 0.010746 0.119959
v 0.083837 0.010973 0.119917
v 0.082411 0.012195 0.120726
v 0.082705 0.011933 0.120421
v 0.083196 0.011546 0.120203
v 0.081673 0.012642 0.120880
v 0.081819 0.012588 0.120988
v 0.082274 0.012247 0.120613
v 0.081270 0.012915 0.121232
v 0.080906 0.013080 0.121220
v 0.079323 0.013778 0.121920
v 0.079293 0.013812 0.122107
v 0.080104 0.013467 0.121575
v 0.079964 0.013552 0.121811
v 0.078541 0.014051 0.122440
v 0.078756 0.013968 0.122171
v 0.078134 0.014143 0.122446
v 0.077831 0.014229 0.122754
v 0.077650 0.014253 0.122660
v 0.076428 0.014446 0.123199
v 0.077107 0.014356 0.122899
v 0.075750 0.014502 0.123671
v 0.075911 0.014490 0.123427
v 0.075008 0.014513 0.123998
v 0.075290 0.014513 0.123700
v 0.074372 0.014484 0.124278
v 0.074482 0.014497 0.124056
v 0.073316 0.014366 0.124744
v 0.073638 0.014420 0.124428
v 0.073037 0.014329 0.124693
v 0.072659 0.014243 0.125034
v 0.072446 0.014209 0.124954
v 0.072010 0.014086 0.125319
v 0.071862 0.014062 0.125212
v 0.070335 0.013527 0.125887
v 0.069981 0.013341 0.126217
v 0.070608 0.013613 0.125940
v 0.071060 0.013810 0.125566
v 0.069607 0.013189 0.126209
v 0.068972 0.012811 0.126665
v 0.068867 0.012787 0.126538
v 0.068243 0.012395 0.126814
v 0.066880 0.011300 0.127594
v 0.067183 0.011609 0.127286
v 0.067423 0.011753 0.127353
v 0.067748 0.012002 0.127208
v 0.067758 0.012056 0.127030
v 0.066312 0.010768 0.127848
v 0.066232 0.010750 0.127710
v 0.065789 0.010288 0.127907
v 0.065509 0.009901 0.128206
v 0.065121 0.009427 0.128380
v 0.065235 0.009652 0.128155
v 0.064629 0.008848 0.128428
v 0.064321 0.008291 0.128741
v 0.064725 0.008892 0.128559
v 0.064301 0.008353 0.128576
v 0.063993 0.007855 0.128716
v 0.063529 0.006873 0.129103
v 0.063610 0.007156 0.128891
v 0.063274 0.006319 0.129221
v 0.062777 0.005218 0.129278
v 0.062689 0.004764 0.129495
v 0.062984 0.005771 0.129181
v 0.062999 0.005657 0.129350
v 0.063253 0.006417 0.129056
v 0.062395 0.003945 0.129461
v 0.062563 0.004551 0.129380
v 0.062166 0.002528 0.129753
v 0.062235 0.003243 0.129540
v 0.061973 0.001467 0.129678
v 0.062061 0.001726 0.129810
v 0.062097 0.002488 0.129611
v 0.061914 -0.000031 0.129725
v 0.061974 -0.000054 0.129872
v 0.061925 0.000685 0.129710
v 0.061998 -0.000741 0.129872
v 0.062042 -0.001365 0.129863
v 0.061942 -0.000891 0.129726
v 0.062121 -0.002054 0.129840
v 0.062327 -0.003226 0.129771
v 0.062172 -0.002760 0.129656
v 0.062209 -0.002615 0.129811
v 0.062032 -0.001857 0.129702
v 0.062317 -0.003453 0.129606
v 0.062630 -0.004407 0.129661
v 0.062474 -0.004080 0.129550
v 0.062913 -0.005264 0.129555
v 0.062739 -0.004941 0.129451
v 0.063321 -0.006404 0.129228
v 0.063432 -0.006512 0.129356
v 0.063021 -0.005704 0.129344
v 0.063789 -0.007223 0.129217
v 0.063596 -0.006971 0.129122
v 0.063904 -0.007544 0.129001
v 0.064900 -0.009074 0.128606
v 0.065014 -0.009144 0.128732
v 0.064561 -0.008597 0.128741
v 0.064578 -0.008531 0.128906
v 0.064241 -0.008109 0.128868
v 0.065374 -0.009599 0.128588
v 0.065773 -0.010068 0.128428
v 0.065407 -0.009719 0.128404
v 0.066220 -0.010545 0.128248
v 0.066061 -0.010446 0.128141
v 0.066728 -0.011038 0.128043
v 0.066716 -0.011085 0.127877
v 0.067329 -0.011560 0.127800
v 0.068049 -0.012154 0.127338
v 0.067880 -0.011987 0.127578
v 0.067368 -0.011642 0.127613
v 0.068789 -0.012601 0.127209
v 0.068582 -0.012509 0.127122
v 0.069294 -0.012895 0.127005
v 0.069110 -0.012829 0.126908
v 0.069744 -0.013167 0.126651
v 0.071466 -0.013858 0.126122
v 0.070944 -0.013694 0.126163
v 0.070918 -0.013659 0.126345
v 0.070425 -0.013457 0.126545
v 0.070275 -0.013419 0.126435
v 0.071514 -0.013894 0.125931
v 0.072141 -0.014081 0.125676
v 0.072601 -0.014182 0.125660
v 0.072627 -0.014201 0.125478
v 0.073862 -0.014418 0.124974
v 0.073176 -0.014315 0.125254
v 0.073221 -0.014311 0.125407
v 0.074383 -0.014472 0.124761
v 0.075372 -0.014513 0.124528
v 0.075040 -0.014509 0.124493
v 0.075665 -0.014510 0.124237
v 0.075990 -0.014503 0.124276
v 0.076264 -0.014483 0.123993
v 0.077957 -0.014248 0.123301
v 0.078128 -0.014225 0.123403
v 0.077415 -0.014348 0.123522
v 0.077475 -0.014349 0.123669
v 0.076875 -0.014426 0.123743
v 0.078681 -0.014089 0.123177
v 0.079246 -0.013926 0.122948
v 0.078749 -0.014056 0.122978
v 0.079548 -0.013805 0.122654
v 0.081592 -0.012916 0.121994
v 0.081065 -0.013190 0.122208
v 0.080324 -0.013505 0.122338
v 0.080584 -0.013417 0.122404
v 0.081233 -0.013076 0.121968
v 0.082066 -0.012639 0.121802
v 0.082112 -0.012576 0.121612
v 0.083702 -0.011468 0.121140
v 0.083004 -0.012015 0.121422
v 0.082765 -0.012139 0.121347
v 0.083247 -0.011783 0.121152
v 0.083729 -0.011391 0.120958
v 0.084565 -0.010681 0.120792
v 0.085032 -0.010194 0.120604
v 0.084862 -0.010311 0.120500
v 0.085376 -0.009803 0.120465
v 0.085762 -0.009330 0.120310
v 0.085530 -0.009548 0.120233
v 0.086575 -0.008177 0.119987
v 0.086029 -0.008891 0.120033
v 0.086194 -0.008746 0.120138
v 0.086839 -0.007635 0.119713
v 0.086995 -0.007472 0.119821
v 0.086497 -0.008202 0.119847
v 0.087146 -0.007076 0.119592
v 0.087478 -0.006397 0.119463
v 0.087997 -0.005111 0.119264
v 0.087724 -0.005830 0.119368
v 0.087748 -0.005926 0.119529
v 0.088278 -0.004440 0.119329
v 0.088478 -0.003458 0.119087
v 0.088611 -0.003138 0.119208
v 0.088648 -0.002633 0.119028
v 0.088806 -0.001996 0.119143
v 0.088715 -0.002585 0.119172
v 0.088923 -0.000729 0.119112
v 0.088881 0.000313 0.118972
v 0.088932 0.000700 0.119129
v 0.088865 -0.000658 0.118965
v 0.088854 0.001003 0.118994
v 0.088806 0.001628 0.119024
v 0.088792 0.002263 0.119212
v 0.088695 0.002508 0.119084
v 0.088681 0.002950 0.119270
v 0.088509 0.003501 0.119179
v 0.088255 0.004688 0.119478
v 0.088298 0.004326 0.119281
v 0.088025 0.005201 0.119412
v 0.087952 0.005571 0.119621
v 0.087653 0.006306 0.119761
v 0.087717 0.006009 0.119556
v 0.087114 0.007411 0.120009
v 0.087379 0.006768 0.119712
v 0.086023 0.009046 0.120330
v 0.086147 0.008959 0.120447
v 0.086995 0.007515 0.119889
v 0.086651 0.008208 0.120219
v 0.086686 0.008048 0.120030
v 0.086380 0.008531 0.120168
v 0.085644 0.009543 0.120500
v 0.085408 0.009906 0.120780
v 0.085303 0.009955 0.120653
v 0.084958 0.010342 0.120807
v 0.084813 0.010562 0.121045
v 0.084274 0.011085 0.121287
v 0.084532 0.010780 0.120998
v 0.083896 0.011424 0.121454
v 0.084109 0.011182 0.121186
v 0.083390 0.011837 0.121680
v 0.083449 0.011742 0.121479
v 0.082499 0.012472 0.122076
v 0.082769 0.012248 0.121782
v 0.081835 0.012876 0.122370
v 0.082167 0.012642 0.122050
v 0.081639 0.012951 0.122283
v 0.081229 0.013199 0.122639
v 0.081039 0.013262 0.122550
v 0.080260 0.013634 0.123068
v 0.080501 0.013509 0.122788
v 0.079392 0.013924 0.123278
v 0.079893 0.013751 0.123057
v 0.077854 0.014323 0.124131
v 0.078246 0.014233 0.123785
v 0.078661 0.014152 0.123774
v 0.078884 0.014075 0.123503
v 0.076717 0.014466 0.124459
v 0.077469 0.014378 0.124128
v 0.075810 0.014515 0.125032
v 0.076131 0.014505 0.124717
v 0.075377 0.014511 0.125049
v 0.074583 0.014468 0.125399
v 0.074981 0.014492 0.125397
v 0.074442 0.014447 0.125634
v 0.073932 0.014383 0.125859
v 0.073291 0.014272 0.126142
v 0.073700 0.014358 0.125788
v 0.073052 0.014233 0.126074
v 0.072568 0.014103 0.126462
v 0.071839 0.013885 0.126784
v 0.072388 0.014072 0.126367
v 0.071632 0.013835 0.126702
v 0.071193 0.013649 0.127070
v 0.070996 0.013595 0.126983
v 0.070543 0.013371 0.127357
v 0.070455 0.013359 0.127223
v 0.069865 0.013033 0.127658
v 0.069266 0.012728 0.127749
v 0.069103 0.012592 0.127996
v 0.069819 0.013042 0.127504
v 0.068348 0.012080 0.128331
v 0.068762 0.012410 0.127973
v 0.068253 0.012055 0.128200
v 0.067723 0.011595 0.128609
v 0.067809 0.011713 0.128397
v 0.067385 0.011361 0.128586
v 0.067135 0.011081 0.128870
v 0.066911 0.010928 0.128797
v 0.066425 0.010440 0.129014
v 0.066636 0.010594 0.129093
v 0.065692 0.009522 0.129516
v 0.065982 0.009947 0.129212
v 0.065548 0.009418 0.129406
v 0.065268 0.008958 0.129707
v 0.065119 0.008835 0.129600
v 0.064875 0.008380 0.129884
v 0.064762 0.008301 0.129761
v 0.064400 0.007698 0.129926
v 0.064004 0.006831 0.130282
v 0.063634 0.006002 0.130453
v 0.063885 0.006707 0.130162
v 0.064135 0.007212 0.130047
v 0.063614 0.006103 0.130287
v 0.063210 0.004842 0.130653
v 0.063146 0.004834 0.130507
v 0.062908 0.004017 0.130622
v 0.062856 0.003545 0.130825
v 0.063037 0.004257 0.130736
v 0.062691 0.003050 0.130729
v 0.062503 0.001796 0.130828
v 0.062455 0.001268 0.130856
v 0.062504 0.001091 0.131011
v 0.062415 0.000574 0.130884
v 0.062418 -0.000480 0.130897
v 0.062508 -0.001008 0.131040
v 0.062476 -0.000253 0.131042
v 0.062475 -0.001354 0.130887
v 0.062655 -0.002314 0.130997
v 0.062553 -0.002032 0.130863
v 0.062806 -0.003146 0.130945
v 0.062659 -0.002709 0.130829
v 0.063001 -0.003964 0.130876
v 0.062817 -0.003475 0.130774
v 0.062996 -0.004170 0.130709
v 0.063269 -0.004861 0.130776
v 0.063190 -0.004804 0.130637
v 0.063513 -0.005534 0.130684
v 0.063442 -0.005516 0.130542
v 0.063755 -0.006127 0.130591
v 0.063712 -0.006168 0.130438
v 0.064490 -0.007701 0.130135
v 0.064601 -0.007784 0.130262
v 0.064204 -0.007184 0.130247
v 0.063938 -0.006662 0.130351
v 0.064150 -0.006968 0.130438
v 0.064914 -0.008288 0.130138
v 0.064814 -0.008230 0.130007
v 0.065242 -0.008776 0.130008
v 0.065140 -0.008717 0.129878
v 0.065942 -0.009688 0.129729
v 0.066389 -0.010199 0.129549
v 0.066219 -0.010082 0.129446
v 0.066866 -0.010695 0.129357
v 0.066826 -0.010718 0.129202
v 0.067449 -0.011240 0.129122
v 0.068075 -0.011760 0.128869
v 0.067458 -0.011303 0.128946
v 0.068680 -0.012248 0.128452
v 0.068620 -0.012162 0.128648
v 0.068082 -0.011812 0.128694
v 0.069035 -0.012441 0.128480
v 0.069546 -0.012758 0.128273
v 0.069277 -0.012633 0.128210
v 0.070310 -0.013174 0.127962
v 0.069794 -0.012933 0.128001
v 0.070994 -0.013515 0.127513
v 0.071148 -0.013554 0.127622
v 0.070337 -0.013215 0.127780
v 0.071894 -0.013835 0.127319
v 0.071727 -0.013800 0.127215
v 0.073402 -0.014262 0.126533
v 0.073493 -0.014269 0.126667
v 0.072874 -0.014141 0.126749
v 0.072502 -0.014043 0.126900
v 0.073989 -0.014367 0.126294
v 0.074337 -0.014408 0.126323
v 0.074642 -0.014451 0.126027
v 0.075083 -0.014483 0.126019
v 0.076003 -0.014514 0.125470
v 0.076424 -0.014505 0.125470
v 0.075259 -0.014497 0.125775
v 0.077218 -0.014443 0.124974
v 0.076989 -0.014470 0.125239
v 0.076618 -0.014492 0.125220
v 0.077570 -0.014409 0.125002
v 0.078200 -0.014310 0.124745
v 0.078040 -0.014328 0.124639
v 0.078706 -0.014205 0.124538
v 0.079281 -0.014063 0.124305
v 0.078808 -0.014169 0.124326
v 0.079610 -0.013949 0.123999
v 0.080003 -0.013841 0.124010
v 0.080867 -0.013512 0.123658
v 0.080482 -0.013643 0.123644
v 0.081058 -0.013399 0.123410
v 0.081638 -0.013154 0.123346
v 0.081709 -0.013088 0.123146
v 0.083368 -0.012064 0.122473
v 0.083513 -0.012004 0.122586
v 0.082900 -0.012386 0.122663
v 0.082908 -0.012422 0.122831
v 0.082425 -0.012686 0.122855
v 0.084139 -0.011516 0.122333
v 0.084373 -0.011265 0.122067
v 0.085566 -0.010083 0.121586
v 0.084990 -0.010691 0.121818
v 0.085434 -0.010296 0.121810
v 0.085036 -0.010704 0.121971
v 0.085966 -0.009618 0.121425
v 0.086617 -0.008850 0.121337
v 0.086460 -0.008983 0.121228
v 0.087015 -0.008263 0.121178
v 0.086969 -0.008240 0.121026
v 0.087361 -0.007591 0.120871
v 0.087653 -0.007057 0.120757
v 0.088148 -0.006147 0.120735
v 0.088027 -0.006280 0.120611
v 0.088287 -0.005660 0.120512
v 0.088417 -0.005488 0.120632
v 0.088694 -0.004702 0.120527
v 0.088546 -0.004966 0.120414
v 0.088991 -0.003387 0.120250
v 0.089145 -0.002957 0.120363
v 0.088803 -0.004130 0.120318
v 0.089119 -0.002763 0.120206
v 0.089231 -0.002063 0.120169
v 0.089381 -0.000001 0.120135
v 0.089442 -0.000000 0.120283
v 0.089409 -0.000896 0.120283
v 0.089329 -0.001183 0.120140
v 0.087443 -0.007558 0.121010
v 0.079068 -0.013451 0.124822
v 0.064145 0.005154 0.130678
v 0.072555 0.013722 0.126685
v 0.085803 0.009419 0.120603
v 0.088510 0.003754 0.119355
v 0.076766 -0.014445 0.123959
v 0.074664 -0.014488 0.124818
v 0.062467 -0.003812 0.129720
v 0.071264 0.013858 0.125649
v 0.073872 0.014438 0.124498
v 0.085908 0.007623 0.119584
v 0.078635 0.013868 0.121010
v 0.087295 0.004573 0.117124
v 0.087021 0.003753 0.115848
v 0.078765 -0.013560 0.119030
v 0.068305 -0.013161 0.123295
v 0.060960 -0.001466 0.126401
v 0.060927 -0.001093 0.126409
v 0.060964 -0.001691 0.126392
v 0.061028 -0.002299 0.126365
v 0.061186 -0.002958 0.126328
v 0.061339 -0.003980 0.126233
v 0.061997 -0.004509 0.126227
v 0.062226 -0.005162 0.126141
v 0.062499 -0.005838 0.126037
v 0.062836 -0.006556 0.125907
v 0.063078 -0.007014 0.125813
v 0.063366 -0.007516 0.125700
v 0.064506 -0.009137 0.125248
v 0.065400 -0.010660 0.124681
v 0.067155 -0.011600 0.124182
v 0.072309 -0.013686 0.122092
v 0.074664 -0.013814 0.121131
v 0.075272 -0.013770 0.120884
v 0.081961 -0.010940 0.118170
v 0.084113 -0.008666 0.117307
v 0.085115 -0.008130 0.116469
v 0.084727 -0.007775 0.117064
v 0.085877 -0.006765 0.116170
v 0.085735 -0.005878 0.116672
v 0.086280 -0.004430 0.116465
v 0.086959 -0.003838 0.115759
v 0.087371 -0.001550 0.115620
v 0.087429 0.001011 0.115634
v 0.087247 0.002637 0.115735
v 0.086463 0.005571 0.116114
v 0.083765 0.010085 0.117342
v 0.081745 0.011233 0.118669
v 0.081455 0.012167 0.118371
v 0.081204 0.011636 0.118910
v 0.080107 0.013010 0.118969
v 0.078360 0.013121 0.120174
v 0.075207 0.014474 0.121135
v 0.073144 0.014467 0.122044
v 0.071074 0.014101 0.122957
v 0.070985 0.013322 0.123433
v 0.069703 0.013648 0.123563
v 0.066857 0.012078 0.124825
v 0.066129 0.010481 0.125592
v 0.064665 0.008850 0.126248
v 0.064367 0.008441 0.126383
v 0.063328 0.006705 0.126857
v 0.062621 0.005052 0.127187
v 0.060985 0.000313 0.127528
v 0.061940 -0.002158 0.127592
v 0.062143 -0.003233 0.127524
v 0.061581 -0.004214 0.127343
v 0.062559 -0.004707 0.127372
v 0.063114 -0.006103 0.127161
v 0.063351 -0.008175 0.126660
v 0.065038 -0.009178 0.126403
v 0.068153 -0.011933 0.125149
v 0.069035 -0.013276 0.124369
v 0.070583 -0.013120 0.124164
v 0.070686 -0.013928 0.123697
v 0.071981 -0.014262 0.123170
v 0.074172 -0.014510 0.122275
v 0.075806 -0.014440 0.121608
v 0.077822 -0.013389 0.121218
v 0.078809 -0.013735 0.120383
v 0.079480 -0.013467 0.120111
v 0.082028 -0.012001 0.119077
v 0.081993 -0.011311 0.119527
v 0.085964 -0.007540 0.117499
v 0.087414 -0.003992 0.116944
v 0.087809 -0.002037 0.116806
v 0.087944 0.000552 0.116787
v 0.087437 0.001144 0.117443
v 0.086775 0.004605 0.117781
v 0.086855 0.005838 0.117332
v 0.086221 0.006060 0.118041
v 0.086384 0.006901 0.117550
v 0.085167 0.008482 0.118315
v 0.084269 0.010076 0.118507
v 0.081876 0.012221 0.119574
v 0.081272 0.012620 0.119842
v 0.077084 0.014283 0.121696
v 0.076541 0.014375 0.121935
v 0.073386 0.014441 0.123324
v 0.070358 0.012916 0.125100
v 0.063696 0.008082 0.127631
v 0.062523 0.005705 0.128170
v 0.062244 0.004925 0.128301
v 0.062487 0.002638 0.128665
v 0.061611 0.002111 0.128615
v 0.061719 -0.002659 0.128640
v 0.063556 -0.007695 0.127944
v 0.066634 -0.011393 0.126712
v 0.067813 -0.012291 0.126235
v 0.068739 -0.012864 0.125860
v 0.070077 -0.012711 0.125740
v 0.070618 -0.013733 0.125096
v 0.072878 -0.014338 0.124175
v 0.073829 -0.014108 0.124001
v 0.076149 -0.014456 0.122839
v 0.077828 -0.014181 0.122154
v 0.078119 -0.013441 0.122466
v 0.078716 -0.013270 0.122224
v 0.087898 -0.001380 0.118588
v 0.088422 0.000965 0.117970
v 0.088307 0.002174 0.118037
v 0.088214 0.002789 0.118085
v 0.087434 0.004053 0.118871
v 0.087654 0.005010 0.118359
v 0.086977 0.005434 0.119089
v 0.086927 0.006803 0.118698
v 0.084793 0.009212 0.120089
v 0.083778 0.011085 0.120117
v 0.083347 0.011469 0.120309
v 0.083155 0.010890 0.120821
v 0.082900 0.011831 0.120508
v 0.081145 0.012298 0.121716
v 0.080577 0.013277 0.121539
v 0.078915 0.013271 0.122705
v 0.077182 0.014353 0.123040
v 0.076492 0.014446 0.123344
v 0.074450 0.013792 0.124677
v 0.071642 0.013213 0.125920
v 0.070690 0.012846 0.126342
v 0.070256 0.012646 0.126534
v 0.069461 0.013081 0.126448
v 0.068304 0.012395 0.126961
v 0.065837 0.010273 0.128060
v 0.063900 0.007582 0.128933
v 0.062457 0.003945 0.129607
v 0.062301 0.003263 0.129685
v 0.061997 0.000919 0.129849
v 0.063148 -0.005863 0.129465
v 0.064205 -0.006312 0.129461
v 0.064196 -0.007938 0.129056
v 0.068305 -0.012287 0.127405
v 0.069808 -0.013169 0.126796
v 0.071902 -0.013996 0.125945
v 0.073920 -0.014418 0.125122
v 0.079968 -0.013673 0.122654
v 0.082399 -0.012429 0.121667
v 0.082923 -0.011356 0.121890
v 0.085616 -0.008646 0.120808
v 0.087378 -0.006740 0.119672
v 0.088094 -0.005012 0.119397
v 0.088449 -0.003832 0.119266
v 0.088191 -0.002788 0.119820
v 0.088865 -0.001493 0.119126
v 0.088451 -0.000636 0.119745
v 0.088943 -0.000056 0.119114
v 0.088881 0.001491 0.119163
v 0.088411 0.001363 0.119792
v 0.087864 0.004286 0.120072
v 0.087641 0.004978 0.120178
v 0.087392 0.006866 0.119881
v 0.086679 0.007659 0.120417
v 0.084968 0.009994 0.121189
v 0.082965 0.012152 0.121869
v 0.080759 0.013421 0.122847
v 0.079525 0.013902 0.123394
v 0.079275 0.013314 0.123935
v 0.078514 0.013519 0.124271
v 0.077882 0.013649 0.124551
v 0.077270 0.014412 0.124389
v 0.076713 0.014473 0.124634
v 0.069325 0.012282 0.128117
v 0.068229 0.011021 0.128827
v 0.067083 0.009946 0.129338
v 0.066187 0.010111 0.129294
v 0.064446 0.007672 0.130079
v 0.063648 0.003478 0.130917
v 0.062676 0.002610 0.130915
v 0.062473 0.000328 0.131035
v 0.062904 -0.000986 0.131087
v 0.062577 -0.001728 0.131021
v 0.063702 -0.003525 0.131005
v 0.063843 -0.004055 0.130954
v 0.065562 -0.009209 0.129880
v 0.072598 -0.014054 0.127032
v 0.075738 -0.014511 0.125751
v 0.082335 -0.012776 0.123063
v 0.082755 -0.011821 0.123327
v 0.084643 -0.011077 0.122129
v 0.085751 -0.009945 0.121683
v 0.086195 -0.009411 0.121505
v 0.087829 -0.006832 0.120859
v 0.088929 -0.003898 0.120441
v 0.089263 -0.002269 0.120325
v 0.089345 -0.001653 0.120299
v 0.084363 -0.006765 0.124064
v 0.085678 -0.009066 0.123506
v 0.076487 0.010755 0.127407
v 0.066765 -0.007877 0.131534
v 0.068919 -0.006701 0.130620
v 0.069790 -0.007742 0.130250
v 0.069366 -0.007266 0.130430
v 0.083504 -0.011068 0.124428
v 0.082489 -0.008699 0.124860
v 0.083484 -0.007799 0.124437
v 0.083028 -0.008238 0.124631
v 0.083964 -0.007266 0.124234
v 0.085328 -0.005210 0.123655
v 0.085014 -0.005778 0.123788
v 0.076443 0.013349 0.127426
v 0.075625 0.010697 0.127773
v 0.084440 -0.010310 0.124031
v 0.085637 -0.004545 0.123523
v 0.087193 -0.006887 0.122863
v 0.086160 -0.003050 0.123301
v 0.085907 0.003860 0.123409
v 0.086106 0.003234 0.123324
v 0.087782 0.005707 0.122612
v 0.085562 0.004720 0.123555
v 0.088047 0.005051 0.122500
v 0.074622 0.013142 0.128199
v 0.074771 0.010558 0.128136
v 0.070841 0.008699 0.129804
v 0.069246 0.007124 0.130481
v 0.069665 0.007605 0.130303
v 0.068811 0.006547 0.130665
v 0.064462 0.001403 0.132512
v 0.066787 0.000745 0.131525
v 0.068411 -0.005942 0.130835
v 0.066017 -0.006677 0.131851
v 0.068092 -0.005377 0.130971
v 0.076843 -0.010755 0.127256
v 0.081769 -0.009218 0.125165
v 0.082564 -0.011736 0.124826
v 0.081236 -0.009539 0.125391
v 0.084774 -0.006169 0.123890
v 0.085879 -0.003937 0.123420
v 0.088103 -0.004904 0.122476
v 0.086330 -0.002328 0.123229
v 0.088409 -0.003894 0.122347
v 0.088959 0.000005 0.122113
v 0.086565 0.000193 0.123129
v 0.083540 0.007742 0.124414
v 0.083964 0.007266 0.124234
v 0.082892 0.008363 0.124688
v 0.085130 0.009647 0.123738
v 0.079884 0.010173 0.125965
v 0.080453 0.009936 0.125724
v 0.074103 0.010388 0.128419
v 0.070165 0.008115 0.130091
v 0.066884 0.001677 0.131483
v 0.064594 0.002538 0.132455
v 0.070779 -0.008650 0.129830
v 0.068073 -0.009546 0.130979
v 0.070302 -0.008238 0.130033
v 0.071496 -0.009175 0.129526
v 0.070328 -0.011432 0.130022
v 0.072251 -0.009629 0.129205
v 0.072876 -0.009936 0.128940
v 0.074274 -0.010439 0.128346
v 0.086543 -0.000745 0.123139
v 0.088877 -0.001663 0.122147
v 0.086446 -0.001677 0.123180
v 0.086457 0.001595 0.123175
v 0.086527 0.000937 0.123146
v 0.086292 0.002516 0.123245
v 0.088865 0.001511 0.122153
v 0.088516 0.003475 0.122301
v 0.084919 0.005942 0.123828
v 0.085238 0.005377 0.123693
v 0.084411 0.006701 0.124044
v 0.087129 0.006979 0.122890
v 0.086048 0.008598 0.123349
v 0.081834 0.009175 0.125137
v 0.082343 0.008810 0.124921
v 0.081079 0.009629 0.125458
v 0.083708 0.010941 0.124342
v 0.079055 0.010439 0.126317
v 0.073305 0.012825 0.128758
v 0.073518 0.010199 0.128667
v 0.072047 0.012348 0.129292
v 0.072712 0.009862 0.129010
v 0.071561 0.009218 0.129498
v 0.072094 0.009539 0.129272
v 0.068518 0.009963 0.130790
v 0.068002 0.005210 0.131009
v 0.068453 0.006011 0.130817
v 0.067693 0.004545 0.131140
v 0.065983 0.006642 0.131865
v 0.067056 0.002597 0.131410
v 0.073446 -0.010173 0.128698
v 0.071974 -0.012319 0.129323
v 0.077550 -0.013296 0.126956
v 0.077705 -0.010697 0.126890
v 0.078559 -0.010558 0.126528
v 0.079812 -0.010199 0.125996
v 0.079227 -0.010388 0.126244
v 0.080670 -0.012615 0.125632
v 0.080618 -0.009862 0.125654
v 0.078455 0.013189 0.126572
v 0.077781 0.010688 0.126858
v 0.078384 0.010591 0.126602
v 0.077097 0.010744 0.127148
v 0.065025 0.004317 0.132272
v 0.067301 0.003497 0.131306
v 0.066765 -0.000193 0.131534
v 0.064472 -0.001505 0.132507
v 0.066873 -0.001595 0.131488
v 0.066803 -0.000937 0.131518
v 0.067038 -0.002516 0.131418
v 0.067423 -0.003860 0.131255
v 0.067223 -0.003234 0.131339
v 0.069187 -0.010562 0.130506
v 0.074946 -0.010591 0.128061
v 0.073564 -0.012907 0.128648
v 0.081815 0.012104 0.125146
v 0.080089 0.012810 0.125878
v 0.064768 -0.003301 0.132382
v 0.075549 -0.010688 0.127805
v 0.076233 -0.010744 0.127515
v 0.078879 -0.013112 0.126392
v 0.067519 0.004116 0.131214
v 0.065360 -0.005195 0.132130
v 0.067768 -0.004720 0.131108
v 0.071083 0.008238 0.131874
v 0.071561 0.008650 0.131671
v 0.072127 0.009070 0.131431
v 0.072497 0.009314 0.131274
v 0.073033 0.009629 0.131046
v 0.073658 0.009936 0.130781
v 0.074227 0.010173 0.130539
v 0.075056 0.010439 0.130187
v 0.075727 0.010591 0.129902
v 0.076330 0.010688 0.129646
v 0.077015 0.010744 0.129356
v 0.077446 0.010755 0.129173
v 0.070572 0.007742 0.132091
v 0.070148 0.007266 0.132271
v 0.069700 0.006701 0.132461
v 0.069192 0.005942 0.132676
v 0.068873 0.005377 0.132812
v 0.068549 0.004720 0.132949
v 0.068204 0.003860 0.133096
v 0.068005 0.003234 0.133180
v 0.067819 0.002516 0.133259
v 0.067697 0.001868 0.133311
v 0.067631 0.001404 0.133339
v 0.067563 0.000662 0.133368
v 0.067547 -0.000000 0.133375
v 0.067568 -0.000745 0.133366
v 0.067631 -0.001404 0.133339
v 0.067697 -0.001868 0.133311
v 0.067781 -0.002328 0.133275
v 0.067951 -0.003050 0.133203
v 0.068232 -0.003937 0.133084
v 0.068474 -0.004545 0.132981
v 0.068784 -0.005210 0.132850
v 0.069235 -0.006011 0.132658
v 0.069592 -0.006547 0.132506
v 0.070027 -0.007124 0.132322
v 0.070446 -0.007605 0.132144
v 0.070946 -0.008115 0.131932
v 0.071420 -0.008532 0.131731
v 0.071768 -0.008810 0.131583
v 0.072342 -0.009218 0.131339
v 0.072875 -0.009539 0.131113
v 0.073493 -0.009862 0.130851
v 0.074300 -0.010199 0.130508
v 0.074884 -0.010388 0.130260
v 0.075552 -0.010558 0.129977
v 0.076154 -0.010662 0.129721
v 0.076837 -0.010736 0.129431
v 0.077446 -0.010755 0.129173
v 0.077878 -0.010744 0.128989
v 0.078562 -0.010688 0.128699
v 0.079165 -0.010591 0.128443
v 0.079837 -0.010439 0.128158
v 0.080665 -0.010173 0.127806
v 0.081235 -0.009936 0.127565
v 0.081860 -0.009629 0.127299
v 0.082616 -0.009175 0.126978
v 0.083125 -0.008810 0.126762
v 0.083674 -0.008363 0.126529
v 0.084134 -0.007929 0.126334
v 0.084625 -0.007409 0.126125
v 0.085030 -0.006913 0.125954
v 0.085454 -0.006327 0.125774
v 0.085796 -0.005778 0.125629
v 0.086020 -0.005377 0.125534
v 0.086344 -0.004720 0.125396
v 0.086689 -0.003860 0.125250
v 0.086888 -0.003234 0.125165
v 0.087073 -0.002516 0.125086
v 0.087196 -0.001868 0.125034
v 0.087261 -0.001404 0.125007
v 0.087329 -0.000662 0.124978
v 0.087346 -0.000000 0.124971
v 0.087324 0.000745 0.124980
v 0.087261 0.001404 0.125007
v 0.087196 0.001868 0.125034
v 0.087111 0.002328 0.125070
v 0.086942 0.003050 0.125142
v 0.086661 0.003937 0.125261
v 0.086418 0.004545 0.125364
v 0.086109 0.005210 0.125496
v 0.085658 0.006011 0.125687
v 0.085300 0.006547 0.125839
v 0.084866 0.007124 0.126023
v 0.084446 0.007605 0.126201
v 0.084134 0.007929 0.126334
v 0.083810 0.008238 0.126472
v 0.083271 0.008699 0.126701
v 0.082550 0.009218 0.127006
v 0.082017 0.009539 0.127232
v 0.081399 0.009862 0.127495
v 0.080593 0.010199 0.127837
v 0.080009 0.010388 0.128085
v 0.079341 0.010558 0.128369
v 0.078739 0.010663 0.128624
v 0.078056 0.010736 0.128914
v 0.076179 0.007883 0.129711
v 0.076701 0.007959 0.129489
v 0.077293 0.008001 0.129238
v 0.078039 0.007976 0.128921
v 0.078561 0.007908 0.128699
v 0.078713 -0.007883 0.128635
v 0.078191 -0.007959 0.128856
v 0.077600 -0.008001 0.129108
v 0.077073 -0.007990 0.129331
v 0.076701 -0.007959 0.129489
v 0.076331 -0.007908 0.129646
v 0.078929 0.007836 0.128543
v 0.079504 0.007684 0.128299
v 0.080004 0.007502 0.128087
v 0.080350 0.007352 0.127940
v 0.082678 0.005633 0.126952
v 0.083034 0.005211 0.126801
v 0.083403 0.004708 0.126644
v 0.083696 0.004232 0.126520
v 0.083885 0.003882 0.126440
v 0.070202 0.001447 0.132248
v 0.070317 0.002005 0.132199
v 0.070487 0.002622 0.132127
v 0.070767 0.003374 0.132008
v 0.070190 -0.001377 0.132253
v 0.070120 -0.000809 0.132283
v 0.070092 -0.000405 0.132295
v 0.070083 0.000239 0.132298
v 0.070120 0.000809 0.132283
v 0.071008 -0.003882 0.131906
v 0.070739 -0.003308 0.132020
v 0.070465 -0.002554 0.132136
v 0.070317 -0.002005 0.132199
v 0.084691 -0.001447 0.126098
v 0.084575 -0.002005 0.126147
v 0.084406 -0.002622 0.126219
v 0.084214 -0.003155 0.126300
v 0.084058 -0.003523 0.126366
v 0.084703 0.001377 0.126093
v 0.084794 0.000572 0.126054
v 0.084809 -0.000238 0.126047
v 0.084773 -0.000809 0.126063
v 0.084154 0.003308 0.126326
v 0.084352 0.002778 0.126241
v 0.084473 0.002395 0.126190
v 0.084575 0.002005 0.126147
v 0.071115 0.004090 0.131860
v 0.071402 0.004570 0.131738
v 0.071623 0.004897 0.131645
v 0.071859 0.005211 0.131544
v 0.072109 0.005512 0.131438
v 0.082890 -0.005391 0.126862
v 0.082360 -0.005962 0.127087
v 0.081954 -0.006326 0.127259
v 0.081472 -0.006701 0.127464
v 0.081020 -0.006995 0.127656
v 0.080886 0.007076 0.127713
v 0.081342 0.006789 0.127519
v 0.081833 0.006429 0.127311
v 0.082243 0.006070 0.127137
v 0.073738 0.006914 0.130747
v 0.074203 0.007182 0.130549
v 0.074745 0.007445 0.130320
v 0.075242 0.007633 0.130108
v 0.075601 0.007745 0.129956
v 0.072214 -0.005633 0.131394
v 0.071859 -0.005211 0.131544
v 0.071490 -0.004707 0.131701
v 0.071197 -0.004232 0.131825
v 0.074007 -0.007076 0.130633
v 0.073551 -0.006789 0.130826
v 0.073060 -0.006429 0.131035
v 0.072650 -0.006070 0.131209
v 0.075964 -0.007836 0.129802
v 0.075388 -0.007684 0.130046
v 0.074889 -0.007502 0.130258
v 0.074542 -0.007352 0.130405
v 0.080689 -0.007182 0.127796
v 0.080148 -0.007445 0.128026
v 0.079651 -0.007633 0.128237
v 0.079292 -0.007745 0.128389
v 0.072373 0.005798 0.131326
v 0.072817 0.006225 0.131138
v 0.073240 0.006566 0.130958
v 0.083778 -0.004090 0.126485
v 0.083490 -0.004570 0.126607
v 0.083270 -0.004897 0.126701
v 0.078416 -0.009435 0.130934
v 0.078074 -0.008001 0.131079
v 0.078820 -0.007976 0.130762
v 0.077386 -0.009390 0.131371
v 0.077330 -0.007943 0.131395
v 0.069867 -0.002563 0.134563
v 0.071060 -0.001844 0.134056
v 0.071201 -0.002395 0.133996
v 0.086909 0.000364 0.127329
v 0.085592 -0.000167 0.127888
v 0.085582 0.000405 0.127892
v 0.086884 -0.000756 0.127339
v 0.085539 -0.000975 0.127910
v 0.080161 -0.009201 0.130193
v 0.079560 -0.007870 0.130448
v 0.080286 -0.007684 0.130140
v 0.079278 -0.009363 0.130568
v 0.076516 -0.009249 0.131741
v 0.076595 -0.007803 0.131707
v 0.069614 0.001227 0.134670
v 0.070971 0.001377 0.134094
v 0.070902 0.000809 0.134124
v 0.069811 0.002326 0.134586
v 0.071137 0.002167 0.134024
v 0.076295 0.009201 0.131834
v 0.076896 0.007870 0.131579
v 0.076170 0.007684 0.131887
v 0.079211 0.009377 0.130596
v 0.079495 0.007883 0.130476
v 0.078973 0.007959 0.130697
v 0.086770 -0.001704 0.127388
v 0.085411 -0.001774 0.127965
v 0.086567 -0.002634 0.127474
v 0.085209 -0.002554 0.128051
v 0.085981 -0.004259 0.127723
v 0.084592 -0.004029 0.128312
v 0.084935 -0.003308 0.128167
v 0.074976 -0.008751 0.132394
v 0.075182 -0.007286 0.132306
v 0.075670 -0.007502 0.132099
v 0.074045 -0.008268 0.132789
v 0.074519 -0.006914 0.132588
v 0.069563 -0.000682 0.134692
v 0.070865 -0.000239 0.134139
v 0.070902 -0.000809 0.134124
v 0.070873 0.000405 0.134136
v 0.069549 0.000290 0.134697
v 0.070757 0.004817 0.134185
v 0.072059 0.004374 0.133632
v 0.071789 0.003882 0.133747
v 0.080074 0.007745 0.130230
v 0.080094 0.009212 0.130222
v 0.084981 0.005937 0.128147
v 0.084146 0.004765 0.128502
v 0.083815 0.005211 0.128642
v 0.086327 -0.003399 0.127576
v 0.083344 -0.007627 0.128842
v 0.082309 -0.006662 0.129281
v 0.082735 -0.006326 0.129100
v 0.081826 -0.008590 0.129486
v 0.080991 -0.007418 0.129841
v 0.081668 -0.007076 0.129554
v 0.080991 -0.008942 0.129841
v 0.076023 -0.007633 0.131949
v 0.075794 -0.009054 0.132047
v 0.072713 -0.007292 0.133355
v 0.073314 -0.005962 0.133099
v 0.073720 -0.006326 0.132927
v 0.070147 -0.003451 0.134444
v 0.071399 -0.003002 0.133912
v 0.070949 -0.001211 0.134104
v 0.069673 -0.001613 0.134645
v 0.070071 0.003239 0.134476
v 0.071375 0.002935 0.133923
v 0.071616 0.003523 0.133820
v 0.070358 0.003985 0.134354
v 0.071338 0.005743 0.133938
v 0.072498 0.005029 0.133446
v 0.077313 0.009382 0.131402
v 0.077636 0.007976 0.131265
v 0.078191 0.009434 0.131029
v 0.078381 0.008001 0.130949
v 0.082536 0.008196 0.129185
v 0.082254 0.006701 0.129305
v 0.081802 0.006995 0.129497
v 0.082735 0.006326 0.129100
v 0.083286 0.007666 0.128866
v 0.085943 0.004339 0.127739
v 0.084907 0.003374 0.128178
v 0.084559 0.004090 0.128326
v 0.086410 0.003170 0.127540
v 0.085301 0.002236 0.128012
v 0.085133 0.002778 0.128082
v 0.085459 -0.005225 0.127944
v 0.084185 -0.004708 0.128485
v 0.084013 -0.007033 0.128558
v 0.083190 -0.005914 0.128907
v 0.082591 -0.008155 0.129161
v 0.074021 -0.006566 0.132799
v 0.073410 -0.007847 0.133059
v 0.071959 -0.006529 0.133675
v 0.072784 -0.005391 0.133324
v 0.070957 -0.005165 0.134100
v 0.071897 -0.004090 0.133701
v 0.072184 -0.004570 0.133579
v 0.071908 0.006471 0.133696
v 0.072996 0.005633 0.133235
v 0.080793 0.009014 0.129925
v 0.080579 0.007584 0.130016
v 0.085503 0.005147 0.127925
v 0.085441 0.001610 0.127952
v 0.086663 0.002237 0.127433
v 0.086807 0.001468 0.127372
v 0.085531 0.001047 0.127914
v 0.083716 -0.005338 0.128684
v 0.085019 -0.005877 0.128131
v 0.072405 -0.004897 0.133486
v 0.071469 -0.005921 0.133883
v 0.070447 -0.004191 0.134316
v 0.071616 -0.003523 0.133820
v 0.072543 0.007133 0.133427
v 0.073547 0.006179 0.133000
v 0.073237 0.007721 0.133132
v 0.074147 0.006662 0.132746
v 0.074630 0.008590 0.132541
v 0.075465 0.007418 0.132187
v 0.074985 0.007182 0.132390
v 0.075464 0.008942 0.132187
v 0.081619 0.008686 0.129574
v 0.081273 0.007286 0.129721
v 0.083857 0.007184 0.128624
v 0.083141 0.005962 0.128928
v 0.084548 -0.006471 0.128331
v 0.074654 0.006995 0.132531
v 0.073864 0.008155 0.132866
v 0.083565 0.005512 0.128748
v 0.084401 0.006633 0.128394
v 0.075263 -0.013763 0.127413
v 0.072872 -0.013259 0.128427
v 0.071902 -0.012896 0.128862
v 0.070945 -0.012445 0.129266
v 0.070032 -0.011915 0.129652
v 0.069559 -0.011601 0.129835
v 0.067805 -0.010110 0.130594
v 0.066949 -0.009148 0.130966
v 0.066196 -0.008135 0.131278
v 0.065893 -0.007668 0.131394
v 0.064809 -0.005511 0.131852
v 0.064551 -0.004817 0.131961
v 0.064247 -0.003769 0.132116
v 0.063895 -0.002050 0.132238
v 0.063761 -0.000005 0.132315
v 0.063766 0.000593 0.132293
v 0.063853 0.001706 0.132258
v 0.064031 0.002819 0.132205
v 0.064323 0.004069 0.132073
v 0.065263 0.006532 0.131657
v 0.065631 0.007231 0.131498
v 0.065912 0.007670 0.131428
v 0.066613 0.008734 0.131083
v 0.067305 0.009572 0.130812
v 0.068871 0.011082 0.130127
v 0.070932 0.012438 0.129271
v 0.072390 0.013083 0.128678
v 0.074777 0.013695 0.127666
v 0.075974 0.013815 0.127111
v 0.077190 0.013803 0.126595
v 0.077685 0.013764 0.126404
v 0.078408 0.013667 0.126076
v 0.079088 0.013532 0.125791
v 0.080071 0.013265 0.125390
v 0.080579 0.013088 0.125159
v 0.081049 0.012906 0.124975
v 0.081712 0.012604 0.124675
v 0.083551 0.011496 0.123900
v 0.084095 0.011078 0.123666
v 0.085362 0.009914 0.123169
v 0.086343 0.008738 0.122709
v 0.087611 0.006700 0.122171
v 0.088240 0.005319 0.121950
v 0.088412 0.004828 0.121850
v 0.088641 0.004077 0.121733
v 0.088829 0.003345 0.121655
v 0.088942 0.002800 0.121607
v 0.089039 0.002276 0.121584
v 0.089133 0.001486 0.121524
v 0.089189 0.000736 0.121503
v 0.089200 -0.000430 0.121494
v 0.089177 -0.000943 0.121509
v 0.089140 -0.001480 0.121542
v 0.089036 -0.002258 0.121566
v 0.088913 -0.002982 0.121637
v 0.088779 -0.003552 0.121678
v 0.088650 -0.004066 0.121749
v 0.088410 -0.004816 0.121831
v 0.088164 -0.005495 0.121955
v 0.087521 -0.006878 0.122215
v 0.087173 -0.007498 0.122359
v 0.086203 -0.008937 0.122813
v 0.085405 -0.009856 0.123109
v 0.084246 -0.010963 0.123647
v 0.083391 -0.011608 0.123963
v 0.082944 -0.011910 0.124155
v 0.082351 -0.012267 0.124407
v 0.081049 -0.012904 0.124955
v 0.080394 -0.013156 0.125236
v 0.079899 -0.013316 0.125445
v 0.079431 -0.013450 0.125662
v 0.078022 -0.013724 0.126244
v 0.077504 -0.013780 0.126461
v 0.076482 -0.013824 0.126900
v 0.071583 0.012757 0.128997
v 0.069607 0.011629 0.129835
v 0.069038 0.011175 0.130144
v 0.068780 0.010941 0.130299
v 0.067805 0.010105 0.130604
v 0.066196 0.008128 0.131287
v 0.064961 0.005854 0.131812
v 0.064682 0.005161 0.131926
v 0.064509 0.004664 0.131999
v 0.063965 -0.002447 0.132232
v 0.064375 -0.004236 0.132056
v 0.064677 -0.004978 0.132041
v 0.065034 -0.006021 0.131779
v 0.065558 -0.007016 0.131621
v 0.065831 -0.007498 0.131505
v 0.073391 -0.013407 0.128236
v 0.074246 -0.013609 0.127867
v 0.075970 -0.013813 0.127138
v 0.077001 -0.013814 0.126701
v 0.083123 0.011796 0.124098
v 0.085067 0.010210 0.123273
v 0.086686 0.008274 0.122606
v 0.087875 0.006174 0.122083
v 0.089215 -0.000003 0.121516
v 0.087791 -0.006359 0.122137
v 0.086448 -0.008604 0.122687
v 0.084903 -0.010371 0.123344
v 0.081760 -0.012582 0.124670
v 0.071611 0.012739 0.129075
v 0.070204 0.011994 0.129649
v 0.069643 0.011587 0.129955
v 0.069309 0.011406 0.129986
v 0.067470 0.009697 0.130832
v 0.065477 0.006886 0.131638
v 0.064793 0.005327 0.131969
v 0.064431 0.004267 0.132123
v 0.064212 0.003553 0.132171
v 0.063986 0.002450 0.132267
v 0.063911 0.001957 0.132297
v 0.063814 0.000754 0.132361
v 0.063838 -0.000943 0.132374
v 0.063879 -0.001688 0.132310
v 0.064531 -0.004626 0.132057
v 0.065386 -0.006688 0.131694
v 0.066523 -0.008566 0.131190
v 0.066746 -0.008866 0.131093
v 0.067201 -0.009424 0.130902
v 0.067443 -0.009699 0.130797
v 0.068204 -0.010471 0.130476
v 0.068476 -0.010720 0.130358
v 0.069011 -0.011167 0.130131
v 0.069429 -0.011483 0.129960
v 0.070827 -0.012347 0.129407
v 0.071777 -0.012812 0.129004
v 0.074105 -0.013558 0.128016
v 0.076521 -0.013809 0.126991
v 0.072926 0.013247 0.128517
v 0.073759 0.013499 0.128098
v 0.074075 0.013568 0.127968
v 0.077206 0.013793 0.126677
v 0.078071 0.013711 0.126310
v 0.080441 0.013139 0.125303
v 0.081418 0.012745 0.124889
v 0.082515 0.012177 0.124423
v 0.082816 0.011997 0.124253
v 0.083275 0.011699 0.124124
v 0.084521 0.010727 0.123528
v 0.084799 0.010474 0.123411
v 0.085578 0.009682 0.123085
v 0.085874 0.009343 0.122951
v 0.087096 0.007655 0.122478
v 0.087550 0.006854 0.122265
v 0.088551 0.004449 0.121861
v 0.089110 0.001882 0.121624
v 0.089210 -0.000754 0.121581
v 0.089110 -0.001880 0.121624
v 0.088846 -0.003362 0.121736
v 0.088552 -0.004447 0.121861
v 0.088104 -0.005676 0.122050
v 0.086894 -0.007967 0.122521
v 0.086681 -0.008286 0.122612
v 0.085443 -0.009835 0.123180
v 0.083552 -0.011504 0.123963
v 0.079269 -0.013485 0.125801
v 0.078907 -0.013572 0.125912
v 0.078421 -0.013655 0.126184
v 0.077231 -0.013775 0.126735
v 0.071139 0.012511 0.129275
v 0.069915 0.011798 0.129795
v 0.069224 0.011264 0.130155
v 0.068339 0.010574 0.130457
v 0.066638 0.008693 0.131179
v 0.066101 0.007862 0.131460
v 0.065750 0.007335 0.131563
v 0.065234 0.006352 0.131782
v 0.064103 0.002806 0.132307
v 0.063919 0.001692 0.132362
v 0.063810 0.000188 0.132386
v 0.063952 -0.002068 0.132326
v 0.064193 -0.003392 0.132217
v 0.064868 -0.005531 0.131930
v 0.065612 -0.007003 0.131688
v 0.066136 -0.007964 0.131399
v 0.067121 -0.009253 0.131033
v 0.067718 -0.009963 0.130727
v 0.068911 -0.011029 0.130273
v 0.069368 -0.011372 0.130094
v 0.069916 -0.011799 0.129794
v 0.072948 -0.013256 0.128500
v 0.075332 -0.013752 0.127488
v 0.074455 0.013617 0.127890
v 0.075142 0.013720 0.127598
v 0.075482 0.013770 0.127410
v 0.085072 0.010215 0.123383
v 0.086045 0.009144 0.122926
v 0.086594 0.008424 0.122715
v 0.087888 -0.006181 0.122166
v 0.086493 -0.008563 0.122780
v 0.083857 -0.011276 0.123899
v 0.081569 -0.012676 0.124827
v 0.071344 0.012565 0.129278
v 0.070848 0.012334 0.129444
v 0.070447 0.012107 0.129615
v 0.067995 0.010210 0.130655
v 0.067742 0.009952 0.130762
v 0.067255 0.009416 0.130969
v 0.067021 0.009137 0.131068
v 0.066365 0.008260 0.131347
v 0.065105 0.006009 0.131882
v 0.064958 0.005668 0.131944
v 0.064691 0.004972 0.132058
v 0.064570 0.004619 0.132109
v 0.064356 0.003902 0.132200
v 0.063895 0.001316 0.132395
v 0.063838 -0.000190 0.132419
v 0.063848 -0.000566 0.132415
v 0.063895 -0.001318 0.132395
v 0.064037 -0.002438 0.132335
v 0.064103 -0.002808 0.132307
v 0.064356 -0.003904 0.132199
v 0.064507 -0.004411 0.132142
v 0.065106 -0.006011 0.131881
v 0.065331 -0.006484 0.131792
v 0.066366 -0.008262 0.131346
v 0.067997 -0.010211 0.130654
v 0.070238 -0.011980 0.129703
v 0.070541 -0.012162 0.129574
v 0.071162 -0.012499 0.129311
v 0.071478 -0.012654 0.129177
v 0.072122 -0.012936 0.128903
v 0.072449 -0.013062 0.128765
v 0.073447 -0.013381 0.128341
v 0.073784 -0.013468 0.128198
v 0.074465 -0.013611 0.127908
v 0.074808 -0.013668 0.127763
v 0.075844 -0.013775 0.127323
v 0.076191 -0.013791 0.127176
v 0.076884 -0.013791 0.126882
v 0.073120 0.013276 0.128501
v 0.073434 0.013389 0.128324
v 0.075833 0.013783 0.127306
v 0.076180 0.013799 0.127159
v 0.076527 0.013804 0.127011
v 0.077050 0.013785 0.126812
v 0.077742 0.013734 0.126518
v 0.078600 0.013619 0.126131
v 0.078942 0.013553 0.125986
v 0.079282 0.013476 0.125842
v 0.079620 0.013389 0.125698
v 0.080123 0.013235 0.125507
v 0.081109 0.012872 0.125089
v 0.081906 0.012507 0.124728
v 0.082374 0.012253 0.124552
v 0.083432 0.011580 0.124124
v 0.083713 0.011386 0.123961
v 0.083996 0.011169 0.123841
v 0.084274 0.010943 0.123723
v 0.086274 0.008858 0.122874
v 0.087007 0.007808 0.122585
v 0.087810 0.006352 0.122222
v 0.088442 0.004804 0.121976
v 0.088716 0.003907 0.121837
v 0.088809 0.003544 0.121798
v 0.088894 0.003178 0.121762
v 0.088969 0.002810 0.121730
v 0.089065 0.002259 0.121712
v 0.089177 0.001320 0.121642
v 0.089206 0.000944 0.121629
v 0.089225 0.000567 0.121621
v 0.089234 0.000190 0.121617
v 0.089162 -0.001497 0.121671
v 0.089036 -0.002437 0.121702
v 0.088936 -0.002984 0.121767
v 0.088670 -0.004077 0.121880
v 0.088382 -0.004975 0.121979
v 0.088188 -0.005490 0.122084
v 0.087648 -0.006682 0.122291
v 0.087475 -0.007009 0.122364
v 0.087295 -0.007331 0.122440
v 0.087107 -0.007648 0.122520
v 0.086050 -0.009142 0.122969
v 0.085704 -0.009549 0.123139
v 0.085075 -0.010215 0.123383
v 0.083433 -0.011580 0.124124
v 0.083132 -0.011794 0.124208
v 0.082833 -0.011985 0.124334
v 0.082529 -0.012168 0.124463
v 0.082221 -0.012341 0.124594
v 0.081272 -0.012806 0.124997
v 0.080948 -0.012942 0.125134
v 0.080621 -0.013068 0.125273
v 0.080291 -0.013185 0.125413
v 0.079958 -0.013292 0.125555
v 0.079466 -0.013425 0.125787
v 0.078273 -0.013659 0.126314
v 0.077916 -0.013722 0.126422
v 0.077570 -0.013758 0.126568
v 0.071849 0.012754 0.129126
v 0.070106 0.011840 0.129839
v 0.069706 0.011546 0.130034
v 0.069442 0.011316 0.130187
v 0.069136 0.011121 0.130277
v 0.068547 0.010688 0.130465
v 0.067456 0.009551 0.130976
v 0.066823 0.008840 0.131196
v 0.065909 0.007443 0.131621
v 0.065520 0.006810 0.131743
v 0.064882 0.005307 0.132062
v 0.064522 0.004250 0.132215
v 0.064293 0.003535 0.132270
v 0.064209 0.003170 0.132306
v 0.064068 0.002433 0.132366
v 0.063996 0.001949 0.132397
v 0.063880 0.000722 0.132439
v 0.063932 -0.000941 0.132466
v 0.063964 -0.001691 0.132410
v 0.064209 -0.003172 0.132306
v 0.064540 -0.004249 0.132227
v 0.064651 -0.004604 0.132180
v 0.064851 -0.005318 0.132033
v 0.065339 -0.006325 0.131888
v 0.065587 -0.006822 0.131783
v 0.065909 -0.007506 0.131578
v 0.066606 -0.008550 0.131289
v 0.066824 -0.008842 0.131196
v 0.067523 -0.009678 0.130899
v 0.068283 -0.010448 0.130577
v 0.068549 -0.010690 0.130464
v 0.069310 -0.011244 0.130217
v 0.069670 -0.011574 0.129988
v 0.070896 -0.012303 0.129509
v 0.071975 -0.012819 0.129058
v 0.072799 -0.013162 0.128660
v 0.074302 -0.013534 0.128070
v 0.075170 -0.013697 0.127653
v 0.076569 -0.013759 0.127101
v 0.072129 0.012928 0.128923
v 0.074303 0.013562 0.128022
v 0.074989 0.013675 0.127731
v 0.076905 0.013764 0.126938
v 0.077597 0.013723 0.126644
v 0.079979 0.013258 0.125633
v 0.082236 0.012311 0.124675
v 0.084947 0.010330 0.123504
v 0.087298 0.007327 0.122484
v 0.087478 0.007005 0.122408
v 0.087969 0.006009 0.122199
v 0.088116 0.005668 0.122137
v 0.089035 0.002433 0.121789
v 0.089236 -0.000186 0.121661
v 0.088969 -0.002801 0.121817
v 0.088253 -0.005312 0.122121
v 0.086612 -0.008394 0.122797
v 0.085823 -0.009398 0.123152
v 0.084823 -0.010453 0.123535
v 0.084557 -0.010695 0.123648
v 0.084155 -0.011031 0.123840
v 0.081920 -0.012492 0.124767
v 0.079645 -0.013355 0.125775
v 0.071552 0.012585 0.129291
v 0.071062 0.012358 0.129480
v 0.070521 0.012055 0.129709
v 0.068308 0.010431 0.130608
v 0.066634 0.008535 0.131319
v 0.066193 0.007829 0.131547
v 0.065321 0.006328 0.131876
v 0.064179 0.002645 0.132406
v 0.063995 0.001497 0.132459
v 0.063903 0.000186 0.132478
v 0.064071 -0.002211 0.132413
v 0.064367 -0.003678 0.132287
v 0.065083 -0.005792 0.131983
v 0.066221 -0.007936 0.131494
v 0.067094 -0.009106 0.131143
v 0.067798 -0.009928 0.130824
v 0.068860 -0.010897 0.130394
v 0.069988 -0.011757 0.129895
v 0.073152 -0.013249 0.128552
v 0.075532 -0.013713 0.127542
v 0.072476 0.013036 0.128819
v 0.072974 0.013194 0.128628
v 0.073809 0.013442 0.128253
v 0.074851 0.013619 0.127851
v 0.078283 0.013643 0.126354
v 0.080639 0.013038 0.125354
v 0.081608 0.012632 0.124942
v 0.082846 0.011958 0.124417
v 0.083287 0.011664 0.124251
v 0.084558 0.010684 0.123690
v 0.085336 0.009937 0.123360
v 0.085582 0.009673 0.123255
v 0.085822 0.009401 0.123154
v 0.086500 0.008546 0.122866
v 0.087650 0.006670 0.122378
v 0.088253 0.005316 0.122122
v 0.088615 0.004258 0.121968
v 0.089140 0.001692 0.121745
v 0.089226 -0.000561 0.121709
v 0.089207 -0.000937 0.121717
v 0.089094 -0.002058 0.121765
v 0.088812 -0.003531 0.121884
v 0.088505 -0.004609 0.122015
v 0.087971 -0.005996 0.122241
v 0.086918 -0.007939 0.122689
v 0.086285 -0.008833 0.122957
v 0.085340 -0.009933 0.123358
v 0.084290 -0.010896 0.123844
v 0.083596 -0.011447 0.124120
v 0.078972 -0.013519 0.126061
v 0.078474 -0.013603 0.126294
v 0.077611 -0.013701 0.126679
v 0.069903 0.011601 0.130026
v 0.069191 0.011078 0.130328
v 0.068767 0.010792 0.130459
v 0.067949 0.010037 0.130801
v 0.067388 0.009346 0.131094
v 0.067021 0.008981 0.131200
v 0.066454 0.008223 0.131435
v 0.065921 0.007273 0.131716
v 0.065689 0.006974 0.131760
v 0.065475 0.006480 0.131889
v 0.065125 0.005812 0.131999
v 0.064725 0.004774 0.132169
v 0.064420 0.003739 0.132304
v 0.064103 0.001903 0.132476
v 0.064054 0.001306 0.132509
v 0.063968 0.000935 0.132491
v 0.063981 0.000382 0.132523
v 0.063942 -0.000378 0.132502
v 0.064015 -0.001462 0.132476
v 0.064195 -0.002420 0.132449
v 0.064236 -0.002943 0.132382
v 0.064561 -0.004057 0.132294
v 0.064725 -0.004587 0.132224
v 0.064844 -0.005092 0.132124
v 0.065332 -0.006137 0.131967
v 0.065573 -0.006631 0.131864
v 0.065744 -0.006956 0.131792
v 0.065871 -0.007298 0.131683
v 0.066183 -0.007746 0.131588
v 0.066544 -0.008344 0.131403
v 0.067441 -0.009484 0.131022
v 0.068187 -0.010265 0.130705
v 0.069193 -0.011079 0.130327
v 0.069886 -0.011611 0.130017
v 0.070462 -0.012021 0.129734
v 0.071389 -0.012525 0.129340
v 0.072220 -0.012840 0.129043
v 0.072646 -0.013050 0.128812
v 0.073675 -0.013369 0.128370
v 0.074546 -0.013511 0.128055
v 0.075001 -0.013625 0.127813
v 0.076067 -0.013725 0.127355
v 0.077103 -0.013725 0.126915
v 0.072849 0.013107 0.128739
v 0.075535 0.013702 0.127561
v 0.076741 0.013735 0.127069
v 0.077432 0.013705 0.126776
v 0.079814 0.013280 0.125765
v 0.080972 0.012892 0.125253
v 0.082078 0.012370 0.124804
v 0.083151 0.011725 0.124366
v 0.086054 0.009109 0.123096
v 0.086709 0.008236 0.122818
v 0.086912 0.007932 0.122732
v 0.088378 0.004960 0.122110
v 0.088993 0.002625 0.121869
v 0.089173 -0.001309 0.121772
v 0.088998 -0.002596 0.121867
v 0.088715 -0.003886 0.121967
v 0.088318 -0.005113 0.122156
v 0.087814 -0.006322 0.122350
v 0.085949 -0.009227 0.123161
v 0.081620 -0.012609 0.124978
v 0.079840 -0.013272 0.125754
v 0.078651 -0.013538 0.126277
v 0.071105 0.012303 0.129535
v 0.070495 0.011959 0.129794
v 0.068382 0.010382 0.130672
v 0.068017 0.009955 0.130872
v 0.067612 0.009543 0.131034
v 0.066715 0.008495 0.131379
v 0.066432 0.007997 0.131545
v 0.066107 0.007510 0.131673
v 0.065225 0.005808 0.132043
v 0.064972 0.005282 0.132119
v 0.064825 0.004776 0.132212
v 0.064613 0.004230 0.132272
v 0.064314 0.003152 0.132381
v 0.064036 -0.000348 0.132547
v 0.064026 -0.000936 0.132521
v 0.064189 -0.002119 0.132487
v 0.064419 -0.003515 0.132354
v 0.065110 -0.005628 0.132061
v 0.067010 -0.008909 0.131242
v 0.067874 -0.009880 0.130888
v 0.068743 -0.010726 0.130506
v 0.070501 -0.011946 0.129803
v 0.070957 -0.012244 0.129579
v 0.071483 -0.012461 0.129401
v 0.071984 -0.012704 0.129178
v 0.073202 -0.013187 0.128626
v 0.073757 -0.013294 0.128436
v 0.074291 -0.013429 0.128199
v 0.075571 -0.013648 0.127620
v 0.076074 -0.013655 0.127437
v 0.073510 0.013310 0.128460
v 0.074184 0.013472 0.128174
v 0.074691 0.013552 0.127978
v 0.075895 0.013703 0.127448
v 0.076239 0.013718 0.127301
v 0.077289 0.013674 0.126891
v 0.077962 0.013642 0.126570
v 0.078646 0.013540 0.126280
v 0.078986 0.013474 0.126136
v 0.079323 0.013398 0.125992
v 0.080324 0.013110 0.125568
v 0.081299 0.012734 0.125154
v 0.082549 0.012100 0.124623
v 0.083729 0.011322 0.124122
v 0.084011 0.011106 0.124003
v 0.084287 0.010881 0.123885
v 0.084822 0.010408 0.123658
v 0.086275 0.008809 0.123041
v 0.087102 0.007609 0.122691
v 0.087803 0.006318 0.122393
v 0.088491 0.004600 0.122101
v 0.088704 0.003888 0.122010
v 0.088797 0.003527 0.121971
v 0.088882 0.003163 0.121935
v 0.089079 0.002059 0.121852
v 0.089163 0.001315 0.121816
v 0.089192 0.000942 0.121803
v 0.089211 0.000567 0.121795
v 0.089220 0.000192 0.121791
v 0.089127 -0.001678 0.121831
v 0.088884 -0.003153 0.121934
v 0.088605 -0.004236 0.122053
v 0.088108 -0.005634 0.122264
v 0.087645 -0.006640 0.122460
v 0.087474 -0.006965 0.122533
v 0.087294 -0.007286 0.122609
v 0.087107 -0.007601 0.122688
v 0.086709 -0.008213 0.122857
v 0.085586 -0.009634 0.123334
v 0.085088 -0.010153 0.123545
v 0.084438 -0.010740 0.123840
v 0.083157 -0.011723 0.124365
v 0.082859 -0.011914 0.124491
v 0.082558 -0.012095 0.124620
v 0.082251 -0.012268 0.124750
v 0.081308 -0.012730 0.125150
v 0.080986 -0.012865 0.125287
v 0.080661 -0.012991 0.125425
v 0.080333 -0.013107 0.125564
v 0.079332 -0.013396 0.125989
v 0.077971 -0.013641 0.126566
v 0.077310 -0.013626 0.126932
v 0.069956 0.011546 0.130068
v 0.069299 0.011049 0.130357
v 0.068826 0.010734 0.130514
v 0.067089 0.008931 0.131251
v 0.065701 0.006802 0.131841
v 0.064505 0.003712 0.132348
v 0.064456 0.003341 0.132399
v 0.064274 0.002561 0.132461
v 0.064154 0.001353 0.132541
v 0.064052 0.000772 0.132540
v 0.064129 -0.001523 0.132523
v 0.064357 -0.002993 0.132426
v 0.064544 -0.003682 0.132365
v 0.064735 -0.004368 0.132281
v 0.064970 -0.005127 0.132166
v 0.065259 -0.005774 0.132062
v 0.065625 -0.006573 0.131902
v 0.066033 -0.007396 0.131699
v 0.066626 -0.008312 0.131448
v 0.067204 -0.008981 0.131247
v 0.067520 -0.009446 0.131068
v 0.068262 -0.010223 0.130753
v 0.068709 -0.010574 0.130597
v 0.069220 -0.010987 0.130391
v 0.069622 -0.011363 0.130176
v 0.072703 -0.012990 0.128868
v 0.075047 -0.013561 0.127873
v 0.076771 -0.013679 0.127129
v 0.072213 0.012838 0.129047
v 0.072698 0.013003 0.128858
v 0.074560 0.013480 0.128083
v 0.075221 0.013613 0.127770
v 0.075738 0.013613 0.127600
v 0.082986 0.011795 0.124492
v 0.085076 0.010140 0.123587
v 0.086787 0.008035 0.122893
v 0.087280 0.007280 0.122652
v 0.087459 0.006961 0.122576
v 0.087947 0.005972 0.122368
v 0.088093 0.005633 0.122306
v 0.089208 -0.000181 0.121833
v 0.086493 -0.008492 0.122986
v 0.084827 -0.010379 0.123693
v 0.084433 -0.010686 0.123909
v 0.084017 -0.011076 0.124037
v 0.083736 -0.011292 0.124156
v 0.081944 -0.012405 0.124916
v 0.081490 -0.012580 0.125159
v 0.078852 -0.013460 0.126246
v 0.071799 0.012582 0.129287
v 0.071130 0.012225 0.129588
v 0.070523 0.011881 0.129845
v 0.068588 0.010472 0.130646
v 0.068357 0.010202 0.130771
v 0.067384 0.009124 0.131200
v 0.066916 0.008607 0.131370
v 0.066723 0.008307 0.131465
v 0.065949 0.007083 0.131794
v 0.065520 0.006313 0.131961
v 0.065081 0.005303 0.132148
v 0.064720 0.004259 0.132301
v 0.064418 0.002968 0.132443
v 0.064094 0.000239 0.132567
v 0.064091 -0.000721 0.132554
v 0.064157 -0.001093 0.132554
v 0.064341 -0.002564 0.132476
v 0.064891 -0.004709 0.132243
v 0.065929 -0.007048 0.131802
v 0.066358 -0.007811 0.131605
v 0.066787 -0.008458 0.131413
v 0.067912 -0.009789 0.130946
v 0.068443 -0.010276 0.130740
v 0.070073 -0.011609 0.130029
v 0.070831 -0.012095 0.129694
v 0.071164 -0.012231 0.129580
v 0.072462 -0.012796 0.129044
v 0.073067 -0.013056 0.128759
v 0.073403 -0.013138 0.128629
v 0.074741 -0.013442 0.128061
v 0.075554 -0.013569 0.127702
v 0.076431 -0.013632 0.127317
v 0.072729 0.012935 0.128906
v 0.073213 0.013155 0.128656
v 0.073569 0.013219 0.128534
v 0.073880 0.013337 0.128373
v 0.074914 0.013502 0.127963
v 0.076381 0.013589 0.127372
v 0.076607 0.013664 0.127216
v 0.077110 0.013636 0.127018
v 0.077991 0.013549 0.126657
v 0.078319 0.013538 0.126489
v 0.078837 0.013417 0.126298
v 0.079343 0.013306 0.126083
v 0.079668 0.013255 0.125916
v 0.080336 0.013020 0.125662
v 0.080657 0.012939 0.125496
v 0.081305 0.012646 0.125250
v 0.081618 0.012536 0.125088
v 0.081932 0.012383 0.124955
v 0.082696 0.011929 0.124660
v 0.083434 0.011481 0.124318
v 0.083857 0.011139 0.124167
v 0.084272 0.010805 0.123991
v 0.084546 0.010605 0.123846
v 0.084906 0.010220 0.123738
v 0.085319 0.009864 0.123518
v 0.085563 0.009602 0.123414
v 0.085802 0.009333 0.123313
v 0.086246 0.008747 0.123153
v 0.086474 0.008484 0.123027
v 0.087067 0.007555 0.122804
v 0.087616 0.006623 0.122542
v 0.087763 0.006273 0.122509
v 0.088215 0.005280 0.122288
v 0.088446 0.004566 0.122219
v 0.088574 0.004230 0.122136
v 0.088705 0.003682 0.122109
v 0.088834 0.003139 0.122055
v 0.088928 0.002788 0.121986
v 0.089029 0.002042 0.121972
v 0.089096 0.001684 0.121914
v 0.089129 0.001121 0.121929
v 0.089167 0.000377 0.121913
v 0.089182 -0.000551 0.121878
v 0.089164 -0.000924 0.121886
v 0.089076 -0.001669 0.121952
v 0.089052 -0.002037 0.121933
v 0.088996 -0.002405 0.121957
v 0.088835 -0.003134 0.122054
v 0.088773 -0.003498 0.122051
v 0.088557 -0.004210 0.122172
v 0.088469 -0.004568 0.122181
v 0.088349 -0.004918 0.122231
v 0.088064 -0.005598 0.122381
v 0.087939 -0.005945 0.122405
v 0.087522 -0.006757 0.122612
v 0.087166 -0.007394 0.122763
v 0.086895 -0.007873 0.122849
v 0.086581 -0.008272 0.123027
v 0.086267 -0.008761 0.123115
v 0.086043 -0.009044 0.123210
v 0.085558 -0.009570 0.123445
v 0.085330 -0.009852 0.123513
v 0.083447 -0.011472 0.124312
v 0.083001 -0.011740 0.124531
v 0.082467 -0.012026 0.124789
v 0.082246 -0.012185 0.124851
v 0.080831 -0.012842 0.125452
v 0.080257 -0.013010 0.125727
v 0.080015 -0.013155 0.125769
v 0.079182 -0.013345 0.126152
v 0.078335 -0.013536 0.126482
v 0.077995 -0.013548 0.126655
v 0.077652 -0.013618 0.126772
v 0.069886 0.011406 0.130146
v 0.069005 0.010718 0.130524
v 0.067743 0.009533 0.131046
v 0.066254 0.007508 0.131690
v 0.065874 0.006847 0.131853
v 0.065395 0.005866 0.132056
v 0.064990 0.004846 0.132228
v 0.064664 0.003794 0.132366
v 0.064254 0.001972 0.132517
v 0.064192 0.000882 0.132567
v 0.064167 -0.000229 0.132577
v 0.064319 -0.001931 0.132525
v 0.064661 -0.003812 0.132364
v 0.065340 -0.005746 0.132078
v 0.065645 -0.006408 0.131948
v 0.066093 -0.007238 0.131760
v 0.066847 -0.008424 0.131431
v 0.067552 -0.009284 0.131141
v 0.068886 -0.010624 0.130571
v 0.069621 -0.011205 0.130263
v 0.070489 -0.011792 0.129894
v 0.071975 -0.012594 0.129250
v 0.074275 -0.013310 0.128285
v 0.074984 -0.013435 0.127986
v 0.076002 -0.013538 0.127554
v 0.076786 -0.013597 0.127194
v 0.077365 -0.013542 0.126971
v 0.074387 0.013392 0.128203
v 0.075434 0.013532 0.127769
v 0.076973 0.013589 0.127116
v 0.077642 0.013586 0.126807
v 0.080001 0.013128 0.125806
v 0.080979 0.012784 0.125390
v 0.082236 0.012192 0.124857
v 0.086019 0.009036 0.123251
v 0.086756 0.007996 0.122964
v 0.087324 0.007069 0.122723
v 0.087970 0.005760 0.122448
v 0.088325 0.004924 0.122272
v 0.088973 0.002418 0.121997
v 0.089116 -0.001290 0.121936
v 0.088912 -0.002763 0.122023
v 0.088663 -0.003846 0.122129
v 0.088205 -0.005249 0.122323
v 0.087770 -0.006261 0.122508
v 0.085802 -0.009296 0.123343
v 0.084668 -0.010424 0.123850
v 0.083856 -0.011103 0.124195
v 0.081781 -0.012392 0.125075
v 0.079689 -0.013218 0.125938
v 0.072024 0.012615 0.129232
v 0.070609 0.011842 0.129852
v 0.069601 0.011164 0.130279
v 0.068885 0.010555 0.130596
v 0.068230 0.009984 0.130863
v 0.067776 0.009506 0.131054
v 0.067287 0.008897 0.131274
v 0.066637 0.008064 0.131539
v 0.065744 0.006554 0.131916
v 0.065287 0.005562 0.132111
v 0.064906 0.004533 0.132272
v 0.064657 0.003580 0.132390
v 0.064436 0.002703 0.132473
v 0.064280 0.001660 0.132538
v 0.064197 0.000555 0.132573
v 0.064219 -0.000437 0.132576
v 0.064247 -0.001345 0.132554
v 0.064456 -0.002806 0.132465
v 0.065040 -0.004930 0.132217
v 0.066260 -0.007390 0.131718
v 0.066574 -0.007938 0.131573
v 0.067089 -0.008685 0.131345
v 0.067807 -0.009460 0.131064
v 0.068147 -0.009874 0.130905
v 0.069884 -0.011369 0.130159
v 0.070704 -0.011846 0.129831
v 0.071416 -0.012288 0.129511
v 0.071996 -0.012558 0.129262
v 0.072885 -0.012859 0.128906
v 0.073661 -0.013144 0.128558
v 0.075288 -0.013456 0.127865
v 0.076218 -0.013486 0.127491
v 0.073434 0.013101 0.128642
v 0.074097 0.013272 0.128361
v 0.074804 0.013388 0.128072
v 0.076125 0.013545 0.127500
v 0.077180 0.013524 0.127064
v 0.078166 0.013456 0.126634
v 0.078841 0.013345 0.126347
v 0.079508 0.013195 0.126064
v 0.080493 0.012896 0.125646
v 0.081608 0.012440 0.125173
v 0.082859 0.011776 0.124632
v 0.083553 0.011289 0.124347
v 0.084110 0.010863 0.124111
v 0.084645 0.010403 0.123884
v 0.085523 0.009528 0.123511
v 0.086319 0.008562 0.123173
v 0.087641 0.006408 0.122612
v 0.088456 0.004372 0.122266
v 0.088658 0.003665 0.122180
v 0.088824 0.002947 0.122110
v 0.089005 0.001853 0.122033
v 0.089080 0.001117 0.122001
v 0.089136 0.000161 0.121968
v 0.089104 -0.000733 0.121991
v 0.088985 -0.002021 0.122041
v 0.088749 -0.003293 0.122142
v 0.088460 -0.004358 0.122264
v 0.088284 -0.004883 0.122339
v 0.087952 -0.005732 0.122480
v 0.087482 -0.006719 0.122679
v 0.087128 -0.007352 0.122829
v 0.086743 -0.007963 0.122993
v 0.086109 -0.008834 0.123262
v 0.085412 -0.009646 0.123558
v 0.085061 -0.010051 0.123685
v 0.083278 -0.011482 0.124464
v 0.082691 -0.011859 0.124713
v 0.081148 -0.012643 0.125368
v 0.080506 -0.012891 0.125640
v 0.078993 -0.013334 0.126273
v 0.078180 -0.013454 0.126628
v 0.071226 0.012142 0.129609
v 0.070639 0.011785 0.129865
v 0.070202 0.011508 0.130050
v 0.069642 0.011123 0.130287
v 0.068518 0.010168 0.130767
v 0.068046 0.009658 0.130977
v 0.066887 0.008302 0.131459
v 0.066478 0.007697 0.131633
v 0.065691 0.006245 0.131973
v 0.065441 0.005695 0.132081
v 0.065219 0.005078 0.132182
v 0.064963 0.004520 0.132273
v 0.064474 0.002565 0.132481
v 0.064382 0.001929 0.132523
v 0.064287 0.001288 0.132553
v 0.064256 0.000557 0.132573
v 0.064317 -0.001072 0.132558
v 0.064651 -0.003302 0.132414
v 0.065090 -0.004868 0.132221
v 0.065337 -0.005529 0.132114
v 0.065683 -0.006277 0.131971
v 0.066563 -0.007830 0.131597
v 0.066981 -0.008429 0.131420
v 0.068435 -0.010097 0.130799
v 0.068921 -0.010557 0.130590
v 0.069161 -0.010733 0.130494
v 0.071162 -0.012080 0.129644
v 0.071791 -0.012393 0.129378
v 0.074048 -0.013172 0.128420
v 0.074626 -0.013315 0.128164
v 0.076724 -0.013474 0.127283
v 0.072495 0.012763 0.129052
v 0.075317 0.013422 0.127872
v 0.082194 0.012060 0.124961
v 0.086937 0.007634 0.122922
v 0.087192 0.007154 0.122831
v 0.088085 0.005371 0.122435
v 0.088226 -0.004909 0.122394
v 0.084976 -0.010019 0.123773
v 0.084361 -0.010632 0.124016
v 0.083942 -0.010934 0.124211
v 0.081896 -0.012240 0.125079
v 0.079696 -0.013066 0.126022
v 0.077004 -0.013514 0.127148
v 0.069358 0.010849 0.130420
v 0.067593 0.009143 0.131169
v 0.066200 0.007241 0.131751
v 0.065907 0.006673 0.131883
v 0.064883 0.004114 0.132320
v 0.064676 0.003217 0.132414
v 0.064418 0.001855 0.132521
v 0.064289 0.000143 0.132572
v 0.064350 -0.001214 0.132548
v 0.064422 -0.001705 0.132523
v 0.064459 -0.002206 0.132500
v 0.064842 -0.003852 0.132345
v 0.064857 -0.004159 0.132321
v 0.065586 -0.005966 0.132024
v 0.067197 -0.008712 0.131328
v 0.069777 -0.011219 0.130230
v 0.072105 -0.012532 0.129245
v 0.074123 -0.013143 0.128402
v 0.075131 -0.013378 0.127957
v 0.076997 -0.013449 0.127172
v 0.075862 0.013427 0.127656
v 0.077533 0.013463 0.126932
v 0.078038 0.013376 0.126731
v 0.079001 0.013236 0.126316
v 0.081632 0.012320 0.125207
v 0.083938 0.010913 0.124220
v 0.084787 0.010202 0.123854
v 0.085306 0.009627 0.123649
v 0.086580 0.008084 0.123101
v 0.087436 0.006629 0.122742
v 0.087775 0.006014 0.122584
v 0.088552 0.003828 0.122261
v 0.088826 0.002700 0.122140
v 0.088913 0.001983 0.122115
v 0.089033 0.000935 0.122057
v 0.088896 -0.002060 0.122124
v 0.087817 -0.005921 0.122568
v 0.087175 -0.007147 0.122846
v 0.086578 -0.008118 0.123094
v 0.083324 -0.011329 0.124492
v 0.082770 -0.011708 0.124723
v 0.080501 -0.012813 0.125679
v 0.077756 -0.013420 0.126846
v 0.071872 0.012338 0.129362
v 0.070817 0.011804 0.129809
v 0.069824 0.011139 0.130232
v 0.068871 0.010404 0.130632
v 0.067081 0.008423 0.131397
v 0.066505 0.007657 0.131633
v 0.065137 0.004816 0.132217
v 0.064379 0.001254 0.132542
v 0.064582 -0.002842 0.132452
v 0.065119 -0.004696 0.132228
v 0.065272 -0.005175 0.132159
v 0.065734 -0.006180 0.131968
v 0.065962 -0.006778 0.131858
v 0.066210 -0.007144 0.131761
v 0.067126 -0.008484 0.131377
v 0.067566 -0.009037 0.131190
v 0.068271 -0.009815 0.130891
v 0.069046 -0.010528 0.130562
v 0.069553 -0.010967 0.130342
v 0.070176 -0.011462 0.130070
v 0.070554 -0.011659 0.129918
v 0.071296 -0.012080 0.129603
v 0.071943 -0.012371 0.129332
v 0.072572 -0.012632 0.129065
v 0.074168 -0.013112 0.128388
v 0.074830 -0.013241 0.128107
v 0.075588 -0.013402 0.127772
v 0.075917 -0.013364 0.127646
v 0.071956 0.012450 0.129313
v 0.072965 0.012866 0.128879
v 0.073789 0.013022 0.128548
v 0.073967 0.013144 0.128457
v 0.075215 0.013337 0.127936
v 0.076573 0.013457 0.127353
v 0.078640 0.013223 0.126489
v 0.079909 0.013004 0.125932
v 0.080209 0.012890 0.125810
v 0.080951 0.012644 0.125489
v 0.083018 0.011569 0.124613
v 0.083429 0.011255 0.124447
v 0.084371 0.010455 0.124057
v 0.085937 0.008943 0.123373
v 0.087127 0.007153 0.122879
v 0.087856 0.005706 0.122569
v 0.088052 0.005175 0.122490
v 0.088221 0.004879 0.122403
v 0.088451 0.003985 0.122321
v 0.088640 0.003182 0.122244
v 0.088935 0.001318 0.122119
v 0.089006 0.000183 0.122085
v 0.089061 -0.000162 0.122047
v 0.089007 -0.001264 0.122069
v 0.088807 -0.002720 0.122155
v 0.088582 -0.003710 0.122251
v 0.088474 -0.004032 0.122302
v 0.087978 -0.005404 0.122519
v 0.087554 -0.006399 0.122693
v 0.087466 -0.006455 0.122744
v 0.086758 -0.007693 0.123043
v 0.086235 -0.008532 0.123252
v 0.085737 -0.009182 0.123458
v 0.085105 -0.009758 0.123745
v 0.084610 -0.010291 0.123947
v 0.083944 -0.010855 0.124230
v 0.081912 -0.012161 0.125092
v 0.081228 -0.012504 0.125379
v 0.080348 -0.012784 0.125764
v 0.078701 -0.013293 0.126444
v 0.077709 -0.013348 0.126884
v 0.070705 0.011684 0.129861
v 0.069814 0.011096 0.130239
v 0.068776 0.010253 0.130680
v 0.067979 0.009504 0.131014
v 0.067095 0.008415 0.131394
v 0.064369 0.000689 0.132549
v 0.064375 -0.000366 0.132548
v 0.064401 -0.001120 0.132536
v 0.064733 -0.003279 0.132394
v 0.065386 -0.005350 0.132117
v 0.066340 -0.007278 0.131712
v 0.066714 -0.007905 0.131552
v 0.069874 -0.011156 0.130212
v 0.070727 -0.011711 0.129850
v 0.071324 -0.012045 0.129597
v 0.073602 -0.013011 0.128624
v 0.075704 -0.013317 0.127739
v 0.076820 -0.013375 0.127265
v 0.072638 0.012652 0.129037
v 0.073280 0.012872 0.128765
v 0.074593 0.013217 0.128205
v 0.075132 0.013266 0.127981
v 0.076077 0.013368 0.127578
v 0.076809 0.013400 0.127266
v 0.077946 0.013314 0.126784
v 0.079419 0.013044 0.126160
v 0.080436 0.012749 0.125727
v 0.081205 0.012444 0.125401
v 0.081552 0.012287 0.125254
v 0.082556 0.011753 0.124828
v 0.083332 0.011256 0.124498
v 0.084920 0.009940 0.123825
v 0.085420 0.009417 0.123612
v 0.086171 0.008522 0.123293
v 0.086513 0.008077 0.123145
v 0.086966 0.007339 0.122956
v 0.087511 0.006360 0.122724
v 0.088266 0.004505 0.122404
v 0.088673 0.002924 0.122233
v 0.088838 0.002070 0.122161
v 0.088973 0.000615 0.122104
v 0.088974 -0.000689 0.122103
v 0.088850 -0.001980 0.122156
v 0.088633 -0.003170 0.122249
v 0.088295 -0.004449 0.122391
v 0.086434 -0.008131 0.123183
v 0.086035 -0.008700 0.123350
v 0.085479 -0.009353 0.123587
v 0.084579 -0.010238 0.123970
v 0.084193 -0.010596 0.124133
v 0.083278 -0.011291 0.124522
v 0.081742 -0.012178 0.125174
v 0.081123 -0.012461 0.125437
v 0.079845 -0.012915 0.125980
v 0.079209 -0.013103 0.126248
v 0.078402 -0.013253 0.126591
vn -0.364195 -0.043972 -0.930284
vn -0.657150 0.627297 -0.417914
vn -0.678071 0.599068 -0.425838
vn -0.328893 -0.092141 -0.939861
vn 0.248249 0.773887 -0.582642
vn -0.397315 -0.012020 -0.917604
vn 0.140667 0.629318 -0.764311
vn -0.398358 -0.012217 -0.917149
vn 0.174336 0.613536 -0.770182
vn -0.396626 -0.008433 -0.917942
vn 0.224891 0.600040 -0.767708
vn -0.398817 -0.010317 -0.916972
vn -0.394254 -0.004087 -0.918992
vn 0.309357 0.595257 -0.741598
vn -0.393365 -0.002819 -0.919378
vn -0.857312 0.459657 -0.231799
vn 0.317865 0.541511 -0.778285
vn -0.394267 -0.003530 -0.918989
vn -0.392256 -0.001420 -0.919855
vn 0.172076 0.424172 -0.889082
vn -0.390670 -0.000883 -0.920530
vn 0.370396 0.492751 -0.787403
vn 0.042835 0.867586 -0.495438
vn -0.396607 -0.023920 -0.917677
vn -0.032562 0.715377 -0.697980
vn -0.403086 -0.039467 -0.914311
vn 0.008093 0.714385 -0.699706
vn -0.396858 -0.015975 -0.917741
vn 0.106017 0.759592 -0.641702
vn -0.399992 -0.020278 -0.916294
vn -0.057408 0.535987 -0.842272
vn -0.617891 0.748396 -0.241069
vn -0.597463 0.660556 -0.454646
vn -0.358372 -0.059948 -0.931652
vn -0.570394 0.684435 -0.454092
vn -0.366770 -0.050702 -0.928929
vn -0.532960 0.719609 -0.445102
vn -0.358668 -0.078429 -0.930165
vn -0.505048 0.715859 -0.482154
vn -0.375312 -0.046163 -0.925748
vn -0.451612 0.795044 -0.404909
vn -0.178170 0.898285 -0.401671
vn -0.390468 -0.031422 -0.920080
vn -0.215570 0.756008 -0.618046
vn -0.393234 -0.055310 -0.917773
vn -0.176840 0.763446 -0.621191
vn -0.394177 -0.031618 -0.918490
vn -0.092305 0.824986 -0.557564
vn -0.396508 -0.033076 -0.917435
vn -0.198291 0.590415 -0.782363
vn 0.617483 0.141663 -0.773722
vn -0.473966 -0.048644 -0.879198
vn -0.388719 -0.000941 -0.921356
vn -0.389144 0.000118 -0.921177
vn -0.969279 -0.047889 -0.241257
vn -0.353841 0.001393 -0.935305
vn -0.339968 0.081790 -0.936874
vn -0.623829 -0.727470 -0.285701
vn -0.347771 -0.849570 -0.396594
vn -0.387759 0.047723 -0.920525
vn -0.264675 -0.824334 -0.500421
vn 0.399638 0.377214 -0.835463
vn -0.437016 0.740422 -0.510678
vn -0.380178 -0.039290 -0.924079
vn -0.393594 0.768815 -0.503992
vn -0.374093 -0.078048 -0.924101
vn -0.367123 0.757083 -0.540412
vn -0.384893 -0.040710 -0.922063
vn -0.301093 0.827250 -0.474342
vn -0.386781 -0.050800 -0.920771
vn -0.346936 0.604212 -0.717330
vn -0.827995 0.450649 -0.333675
vn -0.362736 -0.011013 -0.931827
vn -0.929403 0.272929 -0.248436
vn -0.299197 -0.852388 -0.428854
vn -0.389640 0.011917 -0.920890
vn 0.465764 0.072689 -0.881919
vn -0.444812 -0.010658 -0.895561
vn -0.720000 0.609319 -0.332160
vn -0.387889 -0.003421 -0.921700
vn -0.895477 0.381795 -0.228810
vn -0.371489 -0.009510 -0.928389
vn -0.910374 0.322899 -0.258758
vn -0.941872 0.218900 -0.254871
vn -0.363125 -0.008277 -0.931704
vn -0.779602 -0.620066 -0.087968
vn -0.594657 -0.631252 -0.497899
vn -0.433466 -0.670183 -0.602463
vn -0.387288 0.017575 -0.921791
vn -0.035116 -0.839658 -0.541978
vn -0.140148 -0.624810 -0.768096
vn 0.421773 0.330673 -0.844252
vn 0.386710 0.455562 -0.801822
vn -0.463379 -0.058883 -0.884202
vn -0.786688 0.525031 -0.324754
vn -0.798364 0.459837 -0.388799
vn -0.381198 -0.007578 -0.924463
vn -0.864552 0.390900 -0.315828
vn -0.380757 -0.006808 -0.924650
vn -0.976585 0.006210 -0.215042
vn -0.367387 0.000002 -0.930068
vn -0.910969 -0.307106 -0.275356
vn -0.339998 0.025505 -0.940080
vn -0.710133 -0.631595 -0.311125
vn -0.347050 0.062618 -0.935754
vn -0.669608 -0.669916 -0.320682
vn -0.397949 0.039435 -0.916560
vn -0.459940 -0.048866 -0.886604
vn 0.354141 0.405694 -0.842613
vn -0.654207 -0.264220 -0.708661
vn -0.381757 -0.008463 -0.924224
vn -0.375259 -0.009082 -0.926876
vn -0.954226 0.166789 -0.248263
vn -0.362266 -0.006272 -0.932054
vn -0.967287 0.059810 -0.246534
vn -0.366435 0.005730 -0.930426
vn -0.895830 -0.121574 -0.427445
vn -0.936676 -0.266256 -0.227476
vn -0.333208 0.022713 -0.942580
vn -0.894531 -0.361966 -0.262290
vn -0.388020 -0.002933 -0.921646
vn -0.756765 0.572086 -0.316267
vn -0.973498 -0.198291 -0.113939
vn -0.345905 0.027479 -0.937867
vn -0.350639 0.038145 -0.935734
vn -0.776513 -0.445948 -0.445149
vn -0.748339 -0.595026 -0.293143
vn -0.344946 0.048855 -0.937350
vn -0.345306 0.057633 -0.936719
vn -0.428101 -0.828147 -0.361804
vn -0.387528 0.012758 -0.921770
vn -0.387541 0.023318 -0.921558
vn -0.103731 -0.827224 -0.552214
vn 0.467515 0.179024 -0.865668
vn -0.965052 0.114432 -0.235754
vn -0.358058 -0.004599 -0.933688
vn -0.346061 -0.002345 -0.938209
vn -0.941167 -0.224165 -0.252892
vn -0.396417 0.039284 -0.917230
vn 0.504783 0.020983 -0.862991
vn -0.986801 -0.109226 -0.119559
vn -0.883307 -0.465755 -0.053306
vn -0.793270 -0.358806 -0.491916
vn -0.838166 -0.522227 -0.157344
vn -0.390409 0.026575 -0.920258
vn 0.441351 -0.406216 -0.800124
vn 0.483374 -0.139604 -0.864211
vn -0.452413 0.008043 -0.891772
vn -0.468922 -0.008101 -0.883202
vn -0.458589 -0.019710 -0.888430
vn -0.327830 0.045374 -0.943646
vn -0.335145 0.046127 -0.941037
vn 0.489552 -0.086382 -0.867685
vn -0.487061 -0.778951 -0.394977
vn -0.387463 0.010542 -0.921825
vn -0.143667 -0.850468 -0.506027
vn -0.393530 0.036517 -0.918586
vn 0.402388 -0.448782 -0.797921
vn -0.421888 0.019211 -0.906445
vn 0.501390 -0.196930 -0.842512
vn 0.455173 0.285162 -0.843505
vn -0.456073 -0.031128 -0.889398
vn -0.442896 0.002880 -0.896569
vn -0.387975 0.007659 -0.921638
vn -0.196615 -0.853013 -0.483437
vn 0.443723 -0.353527 -0.823486
vn 0.273370 -0.648187 -0.710719
vn -0.406619 0.018568 -0.913409
vn -0.435245 0.022902 -0.900021
vn -0.523324 -0.752803 -0.399274
vn 0.300113 -0.571984 -0.763391
vn 0.526014 -0.033813 -0.849804
vn -0.449050 -0.001064 -0.893506
vn 0.454987 0.230550 -0.860136
vn 0.271286 -0.596500 -0.755375
vn -0.478051 -0.033589 -0.877689
vn -0.552638 -0.772151 -0.313646
vn -0.389109 0.004015 -0.921183
vn -0.391335 0.017723 -0.920078
vn 0.061493 -0.765932 -0.639974
vn -0.392943 0.005340 -0.919547
vn 0.216136 -0.650758 -0.727874
vn -0.427762 0.015627 -0.903756
vn 0.598150 -0.349575 -0.721120
vn 0.560918 -0.263835 -0.784705
vn -0.449194 0.017204 -0.893269
vn -0.440027 0.010462 -0.897923
vn -0.410247 0.019225 -0.911772
vn 0.380940 -0.497495 -0.779348
vn -0.418491 0.019803 -0.908005
vn -0.388247 0.005550 -0.921539
vn 0.116393 -0.880574 -0.459392
vn -0.395483 0.009821 -0.918421
vn 0.119616 -0.753704 -0.646237
vn -0.357172 0.057440 -0.932271
vn -0.390596 0.000265 -0.920562
vn -0.389277 0.003052 -0.921116
vn -0.392192 0.002234 -0.919881
vn 0.255105 -0.219573 -0.941652
vn -0.420365 0.010671 -0.907292
vn 0.328632 -0.530008 -0.781724
vn -0.398858 0.014006 -0.916906
vn 0.154110 -0.717795 -0.678985
vn -0.401964 0.015975 -0.915516
vn 0.208817 -0.698400 -0.684568
vn -0.417367 0.022258 -0.908466
vn 0.616489 -0.286063 -0.733560
vn 0.010028 0.636087 0.771553
vn 0.382855 -0.310494 -0.870066
vn -0.020524 -0.329999 0.943758
vn 0.681161 -0.554070 0.478567
vn -0.269767 -0.151619 -0.950914
vn 0.709314 -0.545040 0.446996
vn 0.587229 -0.738764 -0.330741
vn 0.736041 -0.519543 0.433957
vn 0.760852 -0.489035 0.426555
vn 0.563688 -0.687414 -0.457950
vn 0.782005 -0.453244 0.427829
vn 0.628347 -0.650170 -0.427152
vn 0.780287 -0.382690 0.494672
vn 0.628990 -0.589900 -0.506349
vn 0.848008 -0.441180 0.293671
vn 0.835166 -0.354587 0.420436
vn 0.608080 -0.521697 -0.598391
vn 0.610909 -0.462712 -0.642408
vn 0.860263 -0.329927 0.388711
vn 0.834226 -0.261535 0.485455
vn 0.624116 -0.408848 -0.665824
vn 0.920293 -0.323762 0.219632
vn 0.891299 -0.246498 0.380558
vn 0.910411 -0.218327 0.351404
vn 0.686735 -0.309213 -0.657862
vn 0.593899 -0.347520 -0.725613
vn 0.882915 -0.162012 0.440697
vn 0.655278 -0.245498 -0.714382
vn 0.913332 -0.134588 0.384331
vn 0.570718 -0.120558 -0.812248
vn 0.930740 -0.097967 0.352314
vn 0.585085 -0.177602 -0.791286
vn 0.937925 -0.058122 0.341935
vn 0.939278 -0.017998 0.342685
vn 0.558761 -0.069274 -0.826430
vn 0.659626 -0.018012 -0.751378
vn 0.920509 0.023182 0.390034
vn 0.968864 0.059459 0.240348
vn 0.472906 0.020536 -0.880874
vn 0.923075 0.084570 0.375208
vn 0.537545 0.067868 -0.840500
vn 0.915219 0.119783 0.384742
vn 0.530357 0.105877 -0.841137
vn 0.920293 0.157620 0.358074
vn 0.536155 0.148233 -0.831002
vn 0.912229 0.186079 0.364983
vn 0.505511 0.189527 -0.841747
vn 0.915148 0.221126 0.337057
vn 0.473842 0.219274 -0.852873
vn 0.875425 0.242386 0.418186
vn 0.881560 0.291921 0.370992
vn 0.832002 0.290351 0.472725
vn 0.857736 0.353657 0.373117
vn 0.852797 0.401269 0.334247
vn 0.812442 0.401610 0.422668
vn 0.410020 0.473188 -0.779728
vn 0.791587 0.427084 0.437023
vn 0.774283 0.462059 0.432421
vn 0.280359 0.450036 -0.847860
vn 0.774245 0.546332 0.319479
vn 0.716310 0.457496 0.526874
vn 0.240066 0.521639 -0.818695
vn 0.717198 0.531718 0.450448
vn 0.691703 0.551002 0.466844
vn 0.252248 0.579089 -0.775259
vn 0.663996 0.572808 0.480625
vn 0.212023 0.598932 -0.772222
vn 0.118593 0.567017 -0.815124
vn 0.647640 0.653266 0.392181
vn 0.617534 0.604062 0.503747
vn 0.138420 0.673122 -0.726462
vn 0.591358 0.622390 0.512764
vn 0.558657 0.643982 0.522676
vn 0.009342 0.582413 -0.812840
vn 0.029151 0.645013 -0.763615
vn 0.521555 0.608215 0.598377
vn 0.042044 0.705559 -0.707403
vn 0.484593 0.696340 0.529415
vn -0.066803 0.615352 -0.785416
vn -0.037941 0.704532 -0.708657
vn 0.446008 0.695624 0.563191
vn -0.074832 0.707582 -0.702657
vn 0.400298 0.733591 0.549187
vn -0.153495 0.628321 -0.762661
vn -0.128241 0.731723 -0.669429
vn 0.358201 0.735250 0.575413
vn 0.347356 0.647583 0.678218
vn -0.193106 0.744333 -0.639279
vn 0.292044 0.733104 0.614222
vn 0.261094 0.714690 0.648882
vn -0.253973 0.704360 -0.662853
vn 0.200053 0.776388 0.597662
vn 0.206884 0.691529 0.692088
vn 0.172954 0.682532 0.710096
vn -0.365036 0.680344 -0.635517
vn -0.369336 0.772126 -0.517120
vn 0.116646 0.711700 0.692731
vn 0.098014 0.669224 0.736568
vn -0.419526 0.705789 -0.570841
vn 0.013400 0.735282 0.677629
vn -0.463388 0.650728 -0.601518
vn -0.480012 0.742231 -0.467633
vn 0.041832 0.650257 0.758562
vn -0.515373 0.640444 -0.569405
vn 0.004698 0.652356 0.757898
vn -0.533966 0.722374 -0.439382
vn -0.023328 0.643174 0.765364
vn -0.050786 0.625967 0.778194
vn -0.562965 0.630631 -0.534205
vn -0.085299 0.611516 0.786621
vn -0.596986 0.636313 -0.488583
vn -0.105679 0.592959 0.798268
vn -0.134801 0.584489 0.800126
vn -0.629685 0.586946 -0.508912
vn -0.170637 0.538036 0.825470
vn -0.710592 0.620935 -0.330907
vn -0.141395 0.550097 0.823044
vn -0.721968 0.525845 -0.449721
vn -0.149258 0.488531 0.859685
vn -0.254591 0.514333 0.818929
vn -0.723573 0.461072 -0.513669
vn -0.236449 0.462239 0.854650
vn -0.762779 0.483982 -0.428869
vn -0.224389 0.418713 0.879960
vn -0.351070 0.453595 0.819147
vn -0.793910 0.426216 -0.433644
vn -0.257430 0.378252 0.889188
vn -0.850761 0.427115 -0.306233
vn -0.276854 0.353622 0.893478
vn -0.303418 0.327469 0.894819
vn -0.834871 0.358260 -0.417900
vn -0.861144 0.343152 -0.375071
vn -0.377657 0.315025 0.870709
vn -0.284109 0.242531 0.927610
vn -0.901846 0.290317 -0.319985
vn -0.371150 0.228034 0.900138
vn -0.929860 0.212506 -0.300336
vn -0.370711 0.186741 0.909781
vn -0.394335 0.152808 0.906173
vn -0.889077 0.150077 -0.432457
vn -0.312507 0.100435 0.944591
vn -0.410009 0.072755 0.909175
vn -0.940739 0.124135 -0.315597
vn -0.360414 0.029551 0.932324
vn -0.929976 0.072825 -0.360334
vn -0.512897 -0.004490 0.858438
vn -0.961486 0.030194 -0.273191
vn -0.292194 -0.031305 0.955847
vn -0.921210 -0.009166 -0.388958
vn -0.389268 -0.064744 0.918846
vn -0.378612 -0.099486 0.920193
vn -0.917581 -0.055323 -0.393680
vn -0.931768 -0.100028 -0.349002
vn -0.484666 -0.143949 0.862773
vn -0.305332 -0.151859 0.940059
vn -0.903659 -0.127853 -0.408724
vn -0.442104 -0.211446 0.871685
vn -0.946568 -0.180818 -0.267046
vn -0.331988 -0.227140 0.915528
vn -0.904364 -0.190241 -0.382014
vn -0.902032 -0.221389 -0.370575
vn -0.273676 -0.249868 0.928799
vn -0.903368 -0.259517 -0.341434
vn -0.860304 -0.273306 -0.430327
vn -0.439266 -0.327702 0.836455
vn -0.317938 -0.324847 0.890724
vn -0.866761 -0.332142 -0.372031
vn -0.274821 -0.350486 0.895340
vn -0.301830 -0.407632 0.861821
vn -0.845562 -0.367131 -0.387609
vn -0.240396 -0.425044 0.872667
vn -0.817158 -0.396654 -0.418234
vn -0.796513 -0.454703 -0.398514
vn -0.239301 -0.460883 0.854588
vn -0.199230 -0.472812 0.858345
vn -0.194563 -0.511918 0.836711
vn -0.757797 -0.485738 -0.435663
vn -0.173756 -0.535866 0.826231
vn -0.719749 -0.481209 -0.500398
vn -0.133963 -0.559657 0.817825
vn -0.707370 -0.543475 -0.451954
vn -0.684447 -0.570635 -0.453771
vn -0.137725 -0.611680 0.779024
vn -0.086169 -0.606324 0.790536
vn -0.059481 -0.617376 0.784416
vn -0.040043 -0.640718 0.766732
vn -0.602057 -0.605196 -0.520831
vn 0.040250 -0.592705 0.804413
vn -0.565820 -0.731201 -0.381043
vn -0.013483 -0.699969 0.714046
vn -0.549967 -0.589629 -0.591502
vn 0.061156 -0.666523 0.742972
vn -0.519752 -0.644529 -0.560750
vn 0.093375 -0.683865 0.723609
vn -0.459604 -0.679408 -0.571987
vn 0.122175 -0.697747 0.705848
vn 0.147647 -0.707016 0.691614
vn -0.417163 -0.712094 -0.564710
vn 0.196555 -0.668884 0.716910
vn -0.388255 -0.693283 -0.607138
vn -0.351686 -0.698028 -0.623758
vn 0.154586 -0.791163 0.591747
vn 0.234320 -0.710079 0.663989
vn 0.258592 -0.720519 0.643415
vn -0.296898 -0.742511 -0.600441
vn 0.276889 -0.752063 0.598109
vn -0.296254 -0.639019 -0.709851
vn 0.348084 -0.646620 0.678763
vn -0.172194 -0.822838 -0.541559
vn 0.348916 -0.733787 0.582936
vn 0.384394 -0.711263 0.588512
vn -0.204517 -0.700935 -0.683274
vn 0.419696 -0.712052 0.562882
vn -0.186947 -0.665949 -0.722193
vn -0.131722 -0.704976 -0.696891
vn 0.456342 -0.692014 0.559347
vn 0.488680 -0.680089 0.546508
vn -0.068031 -0.689894 -0.720707
vn 0.528824 -0.646885 0.549440
vn -0.039221 -0.675614 -0.736212
vn 0.008505 -0.675165 -0.737618
vn 0.553071 -0.651739 0.518989
vn 0.574354 -0.632344 0.519864
vn 0.010765 -0.620640 -0.784022
vn 0.602803 -0.632067 0.486950
vn 0.621394 -0.550325 0.557684
vn 0.084663 -0.634744 -0.768071
vn 0.650915 -0.670620 0.355779
vn 0.096130 -0.594452 -0.798364
vn 0.670151 -0.562611 0.484115
vn 0.128828 -0.575706 -0.807444
vn 0.694997 -0.542666 0.471691
vn 0.722129 -0.526110 0.449152
vn 0.740731 -0.508063 0.439534
vn 0.212782 -0.539136 -0.814896
vn 0.750688 -0.474733 0.459451
vn 0.792102 -0.517450 0.323759
vn 0.202941 -0.489732 -0.847926
vn 0.782981 -0.425880 0.453396
vn 0.814872 -0.408886 0.410848
vn 0.180550 -0.379860 -0.907253
vn 0.835681 -0.378460 0.398001
vn 0.318816 -0.404446 -0.857193
vn 0.855734 -0.351742 0.379470
vn 0.860512 -0.298172 0.413054
vn 0.426432 -0.372223 -0.824382
vn 0.885563 -0.275957 0.373666
vn 0.309061 -0.299032 -0.902807
vn 0.896662 -0.242953 0.370096
vn 0.893653 -0.198850 0.402296
vn 0.463508 -0.270418 -0.843821
vn 0.371272 -0.216392 -0.902957
vn 0.911937 -0.165433 0.375504
vn 0.368645 -0.179354 -0.912104
vn 0.308383 -0.128769 -0.942507
vn 0.931079 -0.133201 0.339630
vn 0.945481 -0.093534 0.311958
vn 0.350122 -0.066299 -0.934355
vn 0.386360 -0.104543 -0.916404
vn 0.930266 -0.046376 0.363942
vn 0.484126 -0.034933 -0.874301
vn 0.910519 -0.000238 0.413467
vn 0.964162 0.035565 0.262921
vn 0.392095 0.004157 -0.919915
vn 0.907968 0.066163 0.413784
vn 0.380403 0.036819 -0.924087
vn 0.955686 0.107931 0.273890
vn 0.338024 0.068373 -0.938650
vn 0.909056 0.125026 0.397475
vn 0.475209 0.144628 -0.867905
vn 0.911320 0.159452 0.379567
vn 0.915987 0.196995 0.349516
vn 0.902698 0.228533 0.364568
vn 0.361745 0.199666 -0.910645
vn 0.892991 0.263071 0.365185
vn 0.383581 0.289551 -0.876941
vn 0.850215 0.266070 0.454247
vn 0.867066 0.317344 0.384044
vn 0.838220 0.339367 0.426869
vn 0.857292 0.414619 0.305191
vn 0.317940 0.347681 -0.882061
vn 0.277144 0.371911 -0.885931
vn 0.815018 0.404754 0.414633
vn 0.794526 0.431670 0.427071
vn 0.260862 0.401885 -0.877747
vn 0.771674 0.456282 0.443086
vn 0.259276 0.443316 -0.858048
vn 0.758046 0.487800 0.432918
vn 0.737443 0.496633 0.457748
vn 0.208294 0.500962 -0.840030
vn 0.716633 0.527877 0.455833
vn 0.689689 0.554543 0.465629
vn 0.175224 0.518738 -0.836784
vn 0.179189 0.565519 -0.805034
vn 0.661296 0.595229 0.456498
vn 0.080466 0.516076 -0.852755
vn 0.141241 0.608141 -0.781163
vn 0.625497 0.625448 0.466441
vn 0.032094 0.540054 -0.841018
vn 0.590836 0.626688 0.508108
vn 0.561857 0.590677 0.579152
vn 0.054156 0.657916 -0.751142
vn 0.540870 0.662482 0.518245
vn -0.022300 0.672561 -0.739706
vn 0.506498 0.744352 0.435202
vn 0.003310 0.653389 -0.757015
vn 0.491646 0.656159 0.572485
vn -0.095157 0.677569 -0.729277
vn 0.462621 0.666072 0.585089
vn 0.423685 0.713825 0.557625
vn -0.132450 0.688041 -0.713482
vn 0.383749 0.733262 0.561305
vn 0.353992 0.712057 0.606354
vn 0.323144 0.695409 0.641860
vn -0.221618 0.678487 -0.700386
vn -0.151306 0.732127 -0.664151
vn -0.204990 0.786904 -0.582032
vn 0.280921 0.721740 0.632594
vn 0.273350 0.653400 0.705938
vn -0.266007 0.747276 -0.608949
vn 0.202686 0.745318 0.635153
vn 0.177308 0.722873 0.667845
vn -0.330310 0.686381 -0.647902
vn -0.366901 0.693484 -0.620051
vn 0.156695 0.699313 0.697430
vn 0.127164 0.687008 0.715437
vn -0.377872 0.765821 -0.520317
vn 0.046614 0.753591 0.655689
vn 0.069036 0.671280 0.737982
vn -0.450118 0.749851 -0.484889
vn 0.082169 0.599485 0.796157
vn -0.490745 0.706427 -0.510030
vn -0.049772 0.720293 0.691882
vn -0.527999 0.660708 -0.533555
vn -0.012590 0.622555 0.782475
vn -0.551007 0.597888 -0.582169
vn -0.049762 0.594908 0.802252
vn -0.580826 0.645328 -0.496178
vn -0.169722 0.657316 0.734255
vn -0.612266 0.615767 -0.495945
vn -0.131161 0.572160 0.809586
vn -0.149487 0.539261 0.828765
vn -0.685678 0.623488 -0.375645
vn -0.701305 0.536121 -0.469835
vn -0.188367 0.522410 0.831628
vn -0.138359 0.445121 0.884717
vn -0.733212 0.500121 -0.460737
vn -0.263265 0.492608 0.829475
vn -0.260460 0.450852 0.853752
vn -0.763534 0.464044 -0.449086
vn -0.276662 0.422589 0.863062
vn -0.787262 0.433051 -0.438959
vn -0.809650 0.409667 -0.420284
vn -0.286801 0.392192 0.874031
vn -0.286816 0.354472 0.889992
vn -0.851587 0.429243 -0.300915
vn -0.842954 0.363248 -0.396836
vn -0.323620 0.333366 0.885515
vn -0.839369 0.305391 -0.449663
vn -0.321664 0.293485 0.900222
vn -0.370752 0.267745 0.889300
vn -0.902492 0.329790 -0.277034
vn -0.278289 0.204904 0.938387
vn -0.850289 0.243131 -0.466793
vn -0.939424 0.223031 -0.260270
vn -0.376288 0.194581 0.905840
vn -0.916215 0.253246 -0.310511
vn -0.425696 0.159483 0.890701
vn -0.867581 0.151936 -0.473517
vn -0.372154 0.105624 0.922141
vn -0.921771 0.094575 -0.376023
vn -0.365910 0.064928 0.928382
vn -0.931491 0.137895 -0.336616
vn -0.371032 0.029357 0.928156
vn -0.968773 0.071078 -0.237545
vn -0.926156 0.032481 -0.375739
vn -0.390758 -0.005790 0.920475
vn -0.399872 -0.043903 0.915519
vn -0.931703 -0.005048 -0.363187
vn -0.376773 -0.079844 0.922858
vn -0.472740 -0.120225 0.872962
vn -0.957819 -0.093043 -0.271892
vn -0.316510 -0.139970 0.938206
vn -0.914595 -0.115676 -0.387473
vn -0.355594 -0.189430 0.915243
vn -0.917236 -0.156165 -0.366457
vn -0.920838 -0.200947 -0.334181
vn -0.390285 -0.245594 0.887334
vn -0.933086 -0.293369 -0.208050
vn -0.914689 -0.317171 -0.250494
vn -0.314761 -0.274194 0.908704
vn -0.333190 -0.329793 0.883301
vn -0.317657 -0.376767 0.870139
vn -0.890326 -0.377715 -0.254265
vn -0.221918 -0.385623 0.895571
vn -0.815639 -0.318310 -0.483126
vn -0.832684 -0.388127 -0.394961
vn -0.347123 -0.486079 0.802018
vn -0.798469 -0.467032 -0.379905
vn -0.820227 -0.435255 -0.371188
vn -0.147930 -0.412843 0.898709
vn -0.764483 -0.472386 -0.438653
vn -0.216945 -0.484990 0.847184
vn -0.199609 -0.509747 0.836848
vn -0.737058 -0.486181 -0.469440
vn -0.262749 -0.585509 0.766905
vn -0.730398 -0.571332 -0.374298
vn -0.107195 -0.519220 0.847891
vn -0.687024 -0.515439 -0.512172
vn -0.206774 -0.643996 0.736555
vn -0.674208 -0.572910 -0.466066
vn -0.073992 -0.585899 0.806999
vn -0.651500 -0.598891 -0.465700
vn -0.010183 -0.576419 0.817091
vn -0.619829 -0.652991 -0.435219
vn -0.056106 -0.672976 0.737533
vn -0.583551 -0.579594 -0.568805
vn 0.061652 -0.596603 0.800165
vn -0.549537 -0.687936 -0.474081
vn -0.521100 -0.573840 -0.631793
vn 0.023932 -0.698460 0.715249
vn 0.076192 -0.691321 0.718520
vn -0.473558 -0.769726 -0.428095
vn 0.112477 -0.701408 0.703830
vn -0.462412 -0.686435 -0.561233
vn -0.427191 -0.692260 -0.581622
vn 0.160986 -0.694927 0.700828
vn 0.191239 -0.715801 0.671607
vn -0.352167 -0.715928 -0.602848
vn -0.383608 -0.727997 -0.568213
vn 0.222114 -0.726939 0.649788
vn -0.315156 -0.724176 -0.613389
vn 0.251418 -0.733673 0.631279
vn 0.315961 -0.641672 0.698875
vn -0.277721 -0.720924 -0.634932
vn 0.267031 -0.816140 0.512456
vn 0.345548 -0.702823 0.621801
vn -0.249914 -0.692036 -0.677222
vn 0.374626 -0.713939 0.591563
vn -0.197968 -0.719417 -0.665769
vn 0.420573 -0.675222 0.605965
vn -0.163614 -0.712782 -0.682036
vn 0.456932 -0.681586 0.571537
vn -0.115571 -0.725595 -0.678347
vn -0.113744 -0.665117 -0.738026
vn 0.491412 -0.695902 0.523675
vn -0.068624 -0.687155 -0.723262
vn 0.528716 -0.667031 0.524909
vn 0.579860 -0.640147 0.503958
vn 0.008407 -0.673983 -0.738699
vn 0.551711 -0.653456 0.518277
vn 0.612276 -0.615029 0.496847
vn 0.036959 -0.644880 -0.763390
vn 0.071656 -0.623402 -0.778611
vn 0.013597 -0.521798 -0.852961
vn 0.647828 -0.589863 0.482059
vn 0.675143 -0.571966 0.465873
vn 0.702897 -0.543611 0.458719
vn 0.237530 -0.665426 -0.707664
vn 0.073485 -0.501193 -0.862210
vn 0.277525 -0.608986 -0.743045
vn 0.732130 -0.517375 0.443069
vn 0.176356 -0.508309 -0.842924
vn 0.753657 -0.477616 0.451536
vn 0.776762 -0.445196 0.445467
vn 0.199383 -0.481853 -0.853267
vn 0.240377 -0.460488 -0.854500
vn 0.823772 -0.479592 0.302309
vn 0.817206 -0.386080 0.427920
vn 0.240199 -0.413765 -0.878125
vn 0.836633 -0.353084 0.418779
vn 0.243594 -0.366705 -0.897881
vn 0.850985 -0.320359 0.416168
vn 0.404044 -0.395882 -0.824637
vn 0.875675 -0.300951 0.377652
vn 0.323079 -0.331809 -0.886297
vn 0.859532 -0.248332 0.446695
vn 0.901372 -0.245684 0.356607
vn 0.910488 -0.205593 0.358807
vn 0.398962 -0.222503 -0.889563
vn 0.302811 -0.243857 -0.921325
vn 0.915079 -0.157539 0.371231
vn 0.307982 -0.171977 -0.935719
vn 0.955914 -0.135090 0.260729
vn 0.883096 -0.076885 0.462851
vn 0.437332 -0.110110 -0.892534
vn 0.969831 -0.067241 0.234323
vn 0.357682 -0.055900 -0.932169
vn 0.922464 -0.019078 0.385613
vn 0.898952 0.023743 0.437404
vn 0.464149 -0.005030 -0.885743
vn 0.944224 0.063870 0.323052
vn 0.268875 0.029873 -0.962712
vn 0.508987 0.078736 -0.857166
vn 0.950487 0.107783 0.291475
vn 0.927580 0.142028 0.345576
vn 0.384303 0.098711 -0.917915
vn 0.383151 0.125686 -0.915095
vn 0.892041 0.172274 0.417834
vn 0.365034 0.149566 -0.918902
vn 0.337186 0.176826 -0.924683
vn 0.922352 0.230231 0.310258
vn 0.902148 0.254664 0.348247
vn 0.489393 0.243442 -0.837395
vn 0.265653 0.210389 -0.940832
vn 0.394048 0.284592 -0.873918
vn 0.848542 0.257220 0.462400
vn 0.867461 0.314684 0.385339
vn 0.333439 0.304174 -0.892354
vn 0.849834 0.352002 0.392272
vn 0.808733 0.363708 0.462241
vn 0.302650 0.373769 -0.876755
vn 0.250868 0.306758 -0.918131
vn 0.827273 0.460163 0.322289
vn 0.284040 0.397941 -0.872333
vn 0.200078 0.413918 -0.888054
vn 0.263337 0.423334 -0.866858
vn 0.764316 0.432762 0.478056
vn 0.310599 0.518544 -0.796643
vn 0.774370 0.545137 0.321212
vn 0.711984 0.454788 0.535020
vn 0.712760 0.537905 0.450146
vn 0.202685 0.501129 -0.841302
vn 0.686899 0.576036 0.443117
vn 0.151548 0.514822 -0.843796
vn 0.152681 0.554253 -0.818225
vn 0.662495 0.581125 0.472646
vn 0.115290 0.564384 -0.817422
vn 0.637910 0.584041 0.501963
vn 0.156522 0.642844 -0.749835
vn 0.614500 0.617430 0.491091
vn 0.041317 0.579032 -0.814257
vn 0.587833 0.625400 0.513155
vn 0.129005 0.703790 -0.698597
vn 0.556636 0.679431 0.478048
vn -0.021070 0.584878 -0.810847
vn 0.527121 0.616772 0.584582
vn -0.019794 0.695068 -0.718671
vn 0.493537 0.679601 0.542738
vn -0.105854 0.622920 -0.775091
vn 0.456856 0.689924 0.561505
vn -0.083187 0.722919 -0.685907
vn 0.420357 0.703064 0.573586
vn 0.386791 0.723626 0.571627
vn -0.168157 0.640840 -0.749031
vn -0.120192 0.789234 -0.602215
vn 0.352542 0.716278 0.602213
vn 0.337820 0.663525 0.667542
vn -0.198129 0.721083 -0.663916
vn 0.287412 0.736711 0.612088
vn 0.259882 0.722640 0.640510
vn -0.259150 0.687979 -0.677884
vn -0.256109 0.779765 -0.571292
vn 0.226114 0.721674 0.654262
vn 0.202430 0.688832 0.696084
vn -0.326469 0.683128 -0.653264
vn -0.324112 0.792524 -0.516583
vn 0.146347 0.715686 0.682918
vn -0.388057 0.689674 -0.611360
vn 0.093178 0.727552 0.679696
vn 0.082484 0.675892 0.732370
vn 0.100938 0.598709 0.794581
vn -0.048813 0.756349 0.652345
vn -0.482393 0.693173 -0.535544
vn -0.518280 0.658361 -0.545845
vn -0.552144 0.666482 -0.500938
vn -0.024901 0.619526 0.784581
vn -0.070182 0.609329 0.789805
vn -0.583872 0.612773 -0.532543
vn -0.124634 0.612299 0.780741
vn -0.622413 0.670232 -0.404218
vn -0.648083 0.580813 -0.492589
vn -0.074324 0.522704 0.849268
vn -0.156162 0.558753 0.814499
vn -0.679931 0.555510 -0.478646
vn -0.709037 0.536318 -0.457853
vn -0.149522 0.512408 0.845625
vn -0.293154 0.583670 0.757225
vn -0.213764 0.494988 0.842195
vn -0.737005 0.504431 -0.449859
vn -0.228614 0.477225 0.848524
vn -0.254348 0.445984 0.858141
vn -0.762728 0.457644 -0.456954
vn -0.244003 0.400643 0.883146
vn -0.812154 0.485089 -0.324184
vn -0.804034 0.405478 -0.434877
vn -0.368632 0.426012 0.826211
vn -0.255509 0.342636 0.904055
vn -0.822659 0.382518 -0.420610
vn -0.321474 0.331161 0.887123
vn -0.849889 0.365488 -0.379614
vn -0.325187 0.297038 0.897787
vn -0.858513 0.330369 -0.392189
vn -0.345235 0.268241 0.899366
vn -0.869639 0.293573 -0.396917
vn -0.269389 0.211391 0.939544
vn -0.899724 0.266759 -0.345451
vn -0.496365 0.244580 0.832948
vn -0.332664 0.173551 0.926938
vn -0.875529 0.205015 -0.437513
vn -0.942369 0.202147 -0.266603
vn -0.359195 0.148141 0.921430
vn -0.478796 0.132717 0.867837
vn -0.903883 0.149863 -0.400669
vn -0.926977 0.118728 -0.355833
vn -0.364289 0.082177 0.927653
vn -0.373372 0.041848 0.926737
vn -0.931624 0.042469 -0.360934
vn -0.371173 0.000533 0.928563
vn -0.933326 0.003626 -0.359011
vn -0.406448 -0.039889 0.912803
vn -0.411844 -0.078437 0.907872
vn -0.923981 -0.037809 -0.380564
vn -0.367951 -0.114322 0.922791
vn -0.913765 -0.080513 -0.398186
vn -0.358871 -0.152418 0.920859
vn -0.952856 -0.134384 -0.272042
vn -0.459170 -0.207341 0.863813
vn -0.914785 -0.155963 -0.372619
vn -0.294670 -0.214308 0.931258
vn -0.429110 -0.288567 0.855917
vn -0.905793 -0.246808 -0.344418
vn -0.317001 -0.292914 0.902060
vn -0.230705 -0.294336 0.927438
vn -0.880260 -0.325643 -0.345107
vn -0.315858 -0.360010 0.877853
vn -0.851702 -0.348705 -0.391164
vn -0.300879 -0.395350 0.867854
vn -0.270889 -0.423695 0.864350
vn -0.834212 -0.468814 -0.290350
vn -0.244486 -0.459589 0.853817
vn -0.760800 -0.386265 -0.521520
vn -0.185771 -0.478027 0.858475
vn -0.760963 -0.550297 -0.343669
vn -0.270034 -0.573581 0.773360
vn -0.070919 -0.470364 0.879618
vn -0.711367 -0.507219 -0.486503
vn -0.251426 -0.636722 0.728951
vn -0.107517 -0.569323 0.815053
vn -0.084882 -0.594176 0.799844
vn -0.660105 -0.594257 -0.459478
vn -0.632394 -0.595367 -0.495596
vn -0.041363 -0.598091 0.800360
vn -0.042463 -0.642605 0.765020
vn -0.605143 -0.616482 -0.503738
vn -0.005422 -0.654089 0.756398
vn -0.545860 -0.667116 -0.506945
vn 0.053885 -0.645287 0.762037
vn -0.514184 -0.677072 -0.526487
vn 0.042499 -0.720750 0.691891
vn -0.491702 -0.680053 -0.543835
vn -0.434782 -0.697970 -0.569036
vn 0.098112 -0.708644 0.698711
vn 0.128393 -0.729327 0.672010
vn -0.417893 -0.636273 -0.648476
vn 0.188147 -0.701283 0.687607
vn -0.375566 -0.720761 -0.582626
vn -0.323130 -0.708058 -0.627886
vn 0.245447 -0.665100 0.705264
vn -0.319352 -0.804474 -0.500835
vn 0.208284 -0.807709 0.551565
vn 0.308211 -0.651254 0.693451
vn -0.280789 -0.710054 -0.645741
vn 0.309107 -0.730090 0.609443
vn 0.348647 -0.723540 0.595764
vn 0.381025 -0.711572 0.590327
vn 0.418815 -0.673471 0.609123
vn -0.164940 -0.740645 -0.651337
vn -0.133696 -0.715848 -0.685337
vn 0.423682 -0.784313 0.453151
vn -0.154891 -0.625191 -0.764948
vn 0.479715 -0.658568 0.579795
vn 0.506869 -0.664681 0.548892
vn -0.005675 -0.750881 -0.660413
vn 0.540652 -0.609887 0.579425
vn 0.565916 -0.694333 0.444569
vn 0.033467 -0.661499 -0.749199
vn 0.601974 -0.624459 0.497674
vn -0.010562 -0.573339 -0.819250
vn 0.663568 -0.558349 0.497920
vn 0.115481 -0.614512 -0.780409
vn 0.075837 -0.619792 -0.781093
vn 0.634058 -0.594956 0.493961
vn 0.698016 -0.553464 0.454370
vn 0.134530 -0.587848 -0.797707
vn 0.163403 -0.561232 -0.811368
vn 0.736020 -0.551847 0.392096
vn 0.119421 -0.488329 -0.864450
vn 0.736063 -0.452657 0.503303
vn 0.262817 -0.543165 -0.797433
vn 0.772658 -0.470278 0.426425
vn 0.181690 -0.447691 -0.875535
vn 0.795556 -0.445327 0.410823
vn 0.815330 -0.417030 0.401649
vn 0.257289 -0.447302 -0.856577
vn 0.259894 -0.406005 -0.876136
vn 0.831551 -0.382144 0.403100
vn 0.361635 -0.413163 -0.835773
vn 0.856507 -0.357826 0.371962
vn 0.855084 -0.301689 0.421681
vn 0.315048 -0.358298 -0.878844
vn 0.288965 -0.304896 -0.907490
vn 0.869511 -0.255756 0.422540
vn 0.326956 -0.273437 -0.904617
vn 0.924556 -0.258479 0.279973
vn 0.443148 -0.267595 -0.855578
vn 0.918031 -0.202587 0.340848
vn 0.917403 -0.151539 0.367978
vn 0.267027 -0.199044 -0.942909
vn 0.385382 -0.186908 -0.903629
vn 0.395269 -0.147307 -0.906677
vn 0.917858 -0.099876 0.384136
vn 0.344885 -0.094441 -0.933882
vn 0.506886 -0.058783 -0.860007
vn 0.919246 -0.049019 0.390619
vn 0.948758 -0.002322 0.315994
vn 0.307491 -0.019677 -0.951347
vn 0.933077 0.035423 0.357929
vn 0.931539 0.067803 0.357263
vn 0.390929 0.024499 -0.920095
vn 0.906938 0.105735 0.407778
vn 0.392291 0.069954 -0.917177
vn 0.930507 0.159895 0.329531
vn 0.417337 0.114211 -0.901546
vn 0.263292 0.122717 -0.956879
vn 0.914145 0.201355 0.351845
vn 0.392757 0.183358 -0.901178
vn 0.414756 0.232707 -0.879673
vn 0.873233 0.223408 0.433074
vn 0.902187 0.290604 0.318760
vn 0.284971 0.237913 -0.928541
vn 0.443170 0.324179 -0.835768
vn 0.848357 0.302763 0.434310
vn 0.849411 0.360287 0.385610
vn 0.308080 0.360130 -0.880564
vn 0.819689 0.383123 0.425825
vn 0.287147 0.398589 -0.871019
vn 0.816262 0.447352 0.365503
vn 0.760939 0.412330 0.500955
vn 0.248052 0.434867 -0.865656
vn 0.764210 0.480845 0.429849
vn 0.758607 0.550890 0.347902
vn 0.235500 0.480731 -0.844652
vn 0.717370 0.515921 0.468194
vn 0.197376 0.501154 -0.842548
vn 0.695401 0.552315 0.459745
vn 0.172073 0.527078 -0.832214
vn 0.665949 0.573260 0.477373
vn 0.105319 0.524125 -0.845104
vn 0.638928 0.599024 0.482640
vn 0.182393 0.634421 -0.751161
vn 0.603890 0.565058 0.562162
vn 0.094805 0.613786 -0.783759
vn 0.589548 0.710485 0.384245
vn 0.558917 0.604938 0.567153
vn 0.017122 0.590047 -0.807187
vn 0.095529 0.719147 -0.688260
vn 0.527847 0.658927 0.535903
vn 0.006282 0.670103 -0.742241
vn 0.484230 0.718594 0.499142
vn -0.064009 0.631625 -0.772627
vn 0.452843 0.640396 0.620344
vn -0.049256 0.719100 -0.693158
vn 0.400643 0.741414 0.538322
vn -0.161177 0.619344 -0.768398
vn 0.383915 0.656195 0.649628
vn 0.338949 0.722000 0.603182
vn -0.136982 0.741917 -0.656350
vn -0.195036 0.712534 -0.673986
vn -0.195773 0.779466 -0.595067
vn 0.311104 0.718463 0.622113
vn 0.281661 0.711403 0.643873
vn -0.276153 0.675034 -0.684156
vn 0.206390 0.811989 0.545965
vn 0.262034 0.620794 0.738886
vn 0.187730 0.715880 0.672513
vn -0.294949 0.738046 -0.606872
vn -0.340232 0.719654 -0.605261
vn 0.121364 0.768661 0.628037
vn -0.377680 0.716880 -0.586038
vn 0.126665 0.681913 0.720382
vn -0.417477 0.651693 -0.633252
vn 0.045700 0.740085 0.670959
vn -0.432456 0.714451 -0.550038
vn 0.060194 0.665883 0.743624
vn -0.468893 0.670129 -0.575384
vn 0.014758 0.669363 0.742789
vn -0.497099 0.671414 -0.549633
vn -0.528446 0.680958 -0.506992
vn -0.010090 0.647890 0.761667
vn -0.038426 0.623653 0.780756
vn -0.559733 0.659729 -0.501454
vn -0.589165 0.614575 -0.524578
vn -0.050226 0.583041 0.810889
vn -0.617038 0.606613 -0.501283
vn -0.151604 0.634854 0.757613
vn -0.104207 0.548915 0.829357
vn -0.163091 0.516200 0.840796
vn -0.710889 0.598245 -0.369784
vn -0.230110 0.602324 0.764366
vn -0.659316 0.518095 -0.544868
vn -0.724750 0.525110 -0.446091
vn -0.189393 0.494329 0.848392
vn -0.215363 0.474587 0.853455
vn -0.745851 0.504586 -0.434855
vn -0.762165 0.476384 -0.438364
vn -0.223050 0.442037 0.868822
vn -0.250596 0.415566 0.874361
vn -0.809122 0.433976 -0.396215
vn -0.286493 0.389949 0.875135
vn -0.822420 0.391007 -0.413205
vn -0.319567 0.363039 0.875260
vn -0.339536 0.329928 0.880831
vn -0.839142 0.359776 -0.407924
vn -0.821332 0.297800 -0.486548
vn -0.337654 0.290472 0.895330
vn -0.913408 0.360276 -0.189438
vn -0.329476 0.256503 0.908654
vn -0.840541 0.252486 -0.479314
vn -0.351781 0.179015 0.918806
vn -0.879934 0.214360 -0.423988
vn -0.922803 0.277067 -0.267709
vn -0.344224 0.215703 0.913774
vn -0.389235 0.150793 0.908712
vn -0.915772 0.189906 -0.353973
vn -0.417833 0.113999 0.901343
vn -0.303667 0.062340 0.950737
vn -0.936004 0.101501 -0.337038
vn -0.383721 0.032489 0.922878
vn -0.543952 -0.530361 0.650256
vn -0.988192 -0.007527 -0.153037
vn -0.940830 -0.337852 0.026368
vn -0.838478 -0.422040 0.344728
vn -0.894445 -0.435253 0.102583
vn -0.925311 -0.378198 0.027682
vn -0.877263 -0.478533 0.037635
vn -0.787963 -0.525570 0.320765
vn -0.769252 -0.554053 0.318241
vn -0.745497 -0.590878 0.308379
vn -0.828155 -0.544024 0.134893
vn -0.822098 -0.569287 0.008184
vn -0.804907 -0.586966 -0.087155
vn -0.751360 -0.656928 0.062479
vn -0.216730 -0.945959 -0.241225
vn -0.338993 -0.918004 -0.205797
vn -0.225835 -0.970225 0.087532
vn -0.401867 -0.903575 -0.148507
vn -0.470520 -0.864842 -0.175098
vn -0.508526 -0.857448 -0.078639
vn -0.426522 -0.889890 0.161787
vn -0.568877 -0.818206 -0.083169
vn -0.627374 -0.770178 -0.115010
vn -0.667469 -0.740996 -0.073557
vn -0.705564 -0.704285 -0.078499
vn -0.718150 -0.694922 0.036660
vn -0.012830 -0.999883 -0.008367
vn -0.169349 -0.946696 -0.274021
vn -0.122504 -0.940119 -0.318070
vn 0.084479 -0.995424 -0.044656
vn -0.057807 -0.949745 -0.307640
vn -0.001545 -0.947224 -0.320570
vn 0.147317 -0.986693 -0.068809
vn 0.025251 -0.917305 -0.397385
vn 0.228733 -0.967851 -0.104616
vn 0.086628 -0.915608 -0.392630
vn 0.140410 -0.904806 -0.402008
vn 0.264234 -0.956457 -0.123978
vn 0.459534 -0.864884 -0.202000
vn 0.286965 -0.839898 -0.460675
vn 0.316177 -0.935605 -0.157082
vn 0.154207 -0.860249 -0.485996
vn 0.276134 -0.881889 -0.382129
vn 0.423534 -0.881899 -0.207059
vn 0.615533 -0.411330 -0.672255
vn 0.588880 -0.465161 -0.660943
vn 0.588506 -0.524493 -0.615279
vn 0.611441 -0.580689 -0.537531
vn 0.457433 -0.577344 -0.676335
vn 0.473821 -0.623968 -0.621416
vn 0.684461 -0.660336 -0.308981
vn 0.475955 -0.657377 -0.584229
vn 0.435141 -0.704637 -0.560481
vn 0.468640 -0.756353 -0.456407
vn 0.587573 -0.765614 -0.261903
vn 0.304029 -0.761384 -0.572591
vn 0.371307 -0.835026 -0.406032
vn 0.883853 -0.240691 -0.401089
vn 0.777137 -0.199253 -0.596956
vn 0.905715 -0.170076 -0.388270
vn 0.910844 -0.079300 -0.405061
vn 0.687414 -0.094688 -0.720067
vn 0.665904 -0.142367 -0.732328
vn 0.691877 -0.039014 -0.720961
vn 0.911322 0.044018 -0.409333
vn 0.703254 0.018222 -0.710705
vn 0.915695 0.075962 -0.394630
vn 0.910149 0.110758 -0.399201
vn 0.722410 0.077531 -0.687105
vn 0.719325 0.132717 -0.681878
vn 0.888691 0.221949 -0.401206
vn 0.652892 0.177036 -0.736472
vn 0.890484 0.245216 -0.383286
vn 0.632121 0.306672 -0.711601
vn 0.631695 0.354500 -0.689413
vn 0.616066 0.402588 -0.677042
vn 0.804224 0.472014 -0.361147
vn 0.785580 0.515522 -0.342201
vn 0.565904 0.445952 -0.693455
vn 0.539206 0.500804 -0.677091
vn 0.710298 0.634932 -0.303871
vn 0.477353 0.544860 -0.689392
vn 0.658003 0.697387 -0.284048
vn 0.488735 0.614174 -0.619619
vn 0.428341 0.650019 -0.627693
vn 0.588033 0.767410 -0.255535
vn 0.322202 0.646762 -0.691292
vn 0.553536 0.792228 -0.256851
vn 0.424997 0.757029 -0.496271
vn 0.534847 0.812692 -0.231235
vn 0.291039 0.746248 -0.598673
vn 0.250234 0.774187 -0.581393
vn 0.427572 0.880530 -0.204571
vn 0.191966 0.788929 -0.583729
vn -0.108575 0.893713 -0.435304
vn -0.073612 0.862354 -0.500926
vn 0.109874 0.989792 -0.090774
vn 0.031061 0.895657 -0.443659
vn 0.181014 0.976438 -0.117483
vn 0.049842 0.863572 -0.501756
vn 0.023639 0.789172 -0.613717
vn 0.287127 0.945725 -0.152192
vn 0.168444 0.877319 -0.449375
vn 0.175296 0.832103 -0.526190
vn 0.353661 0.916505 -0.186931
vn -0.500579 0.806455 -0.314724
vn -0.463305 0.814437 -0.349343
vn -0.428638 0.839944 -0.332812
vn -0.387863 0.868738 -0.307989
vn -0.287545 0.915317 -0.281979
vn -0.151309 0.987352 0.047350
vn -0.261289 0.875881 -0.405660
vn -0.228043 0.847398 -0.479494
vn -0.122796 0.929476 -0.347845
vn -0.539564 0.783600 -0.307964
vn -0.573584 0.769894 -0.279758
vn -0.540213 0.814070 0.213212
vn -0.626197 0.761443 -0.167575
vn -0.675978 0.672596 -0.301111
vn -0.589653 0.775058 0.227146
vn -0.739715 0.618375 -0.265394
vn -0.707668 0.664579 -0.239877
vn -0.687859 0.676210 0.263799
vn -0.770028 0.598549 -0.220900
vn -0.952170 -0.251333 0.173795
vn -0.980223 -0.187706 0.062680
vn -0.985054 -0.135977 0.105731
vn -0.993850 -0.042226 0.102371
vn -0.970090 0.059049 -0.235452
vn -0.991494 0.117552 -0.055860
vn -0.958391 0.145882 -0.245366
vn -0.967214 0.186642 -0.172227
vn -0.962875 0.221938 -0.153672
vn -0.952227 0.253417 -0.170421
vn -0.923787 0.267975 -0.273508
vn -0.927875 0.328700 -0.176083
vn -0.920076 0.389406 -0.042702
vn -0.896611 0.400072 -0.189820
vn -0.829405 0.444721 0.338098
vn -0.875801 0.437838 -0.203152
vn -0.852503 0.491833 -0.177028
vn -0.824963 0.513972 -0.235091
vn -0.798623 0.577447 -0.169577
vn 0.631572 -0.598941 0.492327
vn 0.658962 -0.593643 0.461906
vn 0.605743 -0.606534 0.514968
vn 0.571963 -0.578322 0.581723
vn 0.547645 -0.628414 0.552432
vn 0.517548 -0.720137 0.462111
vn 0.505689 -0.578097 0.640377
vn 0.463189 -0.734400 0.496099
vn 0.453254 -0.614906 0.645331
vn 0.401001 -0.725236 0.559670
vn 0.407123 -0.588597 0.698430
vn 0.339072 -0.751778 0.565562
vn 0.367726 -0.585606 0.722387
vn 0.322354 -0.652649 0.685665
vn 0.303929 -0.645751 0.700452
vn 0.284445 -0.641655 0.712299
vn 0.255925 -0.649080 0.716378
vn 0.257400 -0.585639 0.768617
vn 0.186573 -0.612837 0.767868
vn 0.208603 -0.635035 0.743785
vn 0.186390 -0.558677 0.808170
vn 0.132417 -0.541200 0.830403
vn 0.143785 -0.579426 0.802242
vn 0.063822 -0.590225 0.804712
vn 0.110583 -0.493182 0.862869
vn 0.062887 -0.518959 0.852483
vn 0.072183 -0.472226 0.878517
vn 0.033951 -0.477371 0.878046
vn 0.043849 -0.426466 0.903440
vn 0.015764 -0.418294 0.908175
vn -0.004012 -0.411315 0.911485
vn 0.003064 -0.379020 0.925383
vn -0.008297 -0.348982 0.937093
vn -0.016688 -0.372257 0.927980
vn -0.014491 -0.336211 0.941675
vn -0.467085 0.306852 0.829261
vn -0.440987 0.274018 0.854661
vn -0.586859 0.274466 0.761751
vn -0.358940 0.205457 0.910467
vn -0.602304 0.217299 0.768121
vn -0.468561 0.171821 0.866561
vn -0.481272 0.145539 0.864405
vn -0.477869 0.119480 0.870268
vn -0.622172 0.100207 0.776441
vn -0.483275 0.066532 0.872937
vn -0.508696 0.042452 0.859899
vn -0.485941 0.013324 0.873890
vn -0.506466 -0.015953 0.862113
vn -0.485312 -0.039963 0.873427
vn -0.624232 -0.078199 0.777315
vn -0.479889 -0.098903 0.871737
vn -0.530839 -0.136536 0.836402
vn -0.393820 -0.160430 0.905079
vn -0.596752 -0.239059 0.765988
vn -0.450348 -0.244386 0.858756
vn -0.464104 -0.278146 0.840977
vn -0.431936 -0.298810 0.850967
vn -0.455945 -0.335063 0.824528
vn -0.411974 -0.347464 0.842346
vn -0.530092 -0.418166 0.737658
vn -0.301818 -0.362238 0.881867
vn -0.495054 -0.482139 0.722816
vn -0.347953 -0.462400 0.815546
vn -0.375523 -0.515114 0.770480
vn -0.241888 -0.483537 0.841239
vn -0.401530 -0.610268 0.682896
vn -0.268961 -0.562487 0.781836
vn -0.256432 -0.585603 0.768968
vn -0.233037 -0.598675 0.766343
vn -0.320592 -0.690488 0.648419
vn -0.194473 -0.631790 0.750348
vn -0.193141 -0.660061 0.725959
vn -0.149660 -0.665461 0.731276
vn -0.167595 -0.721948 0.671344
vn -0.089611 -0.702775 0.705745
vn -0.084506 -0.745918 0.660655
vn -0.027796 -0.733577 0.679037
vn -0.081189 -0.833031 0.547237
vn 0.066824 -0.694809 0.716083
vn 0.027316 -0.807957 0.588609
vn 0.089609 -0.771923 0.629369
vn 0.051437 -0.869745 0.490814
vn 0.181369 -0.709350 0.681122
vn 0.105712 -0.877603 0.467587
vn 0.191118 -0.787044 0.586545
vn 0.213830 -0.793798 0.569351
vn 0.240052 -0.789019 0.565530
vn -0.422262 0.323298 0.846861
vn -0.433287 0.356169 0.827893
vn -0.398640 0.375285 0.836807
vn -0.513287 0.450362 0.730555
vn -0.288032 0.405937 0.867325
vn -0.449634 0.515833 0.729209
vn -0.320992 0.501733 0.803261
vn -0.302754 0.523867 0.796181
vn -0.406388 0.604711 0.684963
vn -0.187796 0.512632 0.837819
vn -0.367337 0.646585 0.668574
vn -0.232999 0.598648 0.766376
vn -0.231084 0.627368 0.743646
vn -0.191221 0.634757 0.748678
vn -0.197216 0.679682 0.706497
vn -0.207518 0.729501 0.651740
vn -0.050060 0.639165 0.767439
vn -0.176071 0.789765 0.587598
vn -0.047369 0.724605 0.687535
vn -0.047475 0.772021 0.633822
vn 0.064840 0.702510 0.708714
vn -0.022351 0.852440 0.522347
vn 0.092781 0.772626 0.628045
vn 0.106649 0.807940 0.579534
vn 0.165514 0.784805 0.597232
vn 0.178430 0.824778 0.536566
vn 0.234633 0.788916 0.567943
vn 0.262807 0.794343 0.547679
vn 0.293449 0.786767 0.543034
vn 0.276621 0.875926 0.395266
vn 0.378432 0.723560 0.577278
vn 0.383460 0.814425 0.435512
vn 0.428763 0.761650 0.485852
vn 0.423927 0.842450 0.332512
vn 0.495029 0.683081 0.536979
vn 0.488561 0.817308 0.305476
vn 0.554826 0.658027 0.509086
vn 0.563113 0.779691 0.273834
vn 0.609080 0.679580 0.408892
vn 0.632546 0.675667 0.378630
vn 0.658501 0.644858 0.387988
vn 0.683378 0.661867 0.308103
vn 0.708978 0.602459 0.366596
vn 0.732868 0.600468 0.319911
vn 0.749246 0.562512 0.349586
vn 0.769989 0.553663 0.317134
vn 0.785905 0.520383 0.333999
vn 0.814535 0.547273 0.192419
vn 0.826403 0.465031 0.317496
vn 0.845475 0.435804 0.308622
vn 0.871423 0.427212 0.241065
vn 0.878352 0.376415 0.294636
vn 0.911463 0.391763 0.125527
vn 0.868583 0.284619 0.405654
vn 0.934128 0.337472 0.116262
vn 0.921157 0.274050 0.276345
vn 0.953414 0.281778 0.107716
vn 0.904662 0.202266 0.375068
vn 0.969156 0.224703 0.101223
vn 0.921465 0.154560 0.356388
vn 0.981326 0.166633 0.096089
vn 0.957959 0.119474 0.260846
vn 0.963761 0.092684 0.250147
vn 0.963649 0.066531 0.258756
vn 0.994752 0.048491 0.090091
vn 0.966245 0.013328 0.257280
vn 0.968409 -0.012223 0.249066
vn 0.965343 -0.039955 0.257907
vn 0.993367 -0.070555 0.090797
vn 0.927080 -0.087189 0.364584
vn 0.987119 -0.129717 0.093646
vn 0.953835 -0.145748 0.262596
vn 0.954843 -0.174814 0.240240
vn 0.943095 -0.197725 0.267351
vn 0.963731 -0.246039 0.103383
vn 0.904867 -0.235721 0.354472
vn 0.924114 -0.296617 0.240896
vn 0.923025 -0.344085 0.172134
vn 0.892142 -0.347502 0.288661
vn 0.902188 -0.411455 0.129466
vn 0.839687 -0.355478 0.410561
vn 0.874976 -0.463106 0.141243
vn 0.843083 -0.439721 0.309607
vn 0.835501 -0.474945 0.276343
vn 0.814359 -0.482877 0.321948
vn 0.803823 -0.520859 0.287357
vn 0.783034 -0.523867 0.335292
vn 0.775022 -0.604710 0.183484
vn 0.735872 -0.526159 0.426204
vn 0.723496 -0.619801 0.303973
vn 0.695088 -0.614712 0.372803
vn 0.662051 -0.712757 0.231661
vn 0.634702 -0.608107 0.476821
vn 0.604995 -0.754024 0.255790
vn 0.588525 -0.629497 0.507319
vn 0.557204 -0.783075 0.276255
vn 0.548845 -0.714201 0.434381
vn 0.507628 -0.808789 0.296943
vn 0.511818 -0.666687 0.541821
vn 0.456668 -0.830571 0.318757
vn 0.461870 -0.695718 0.550138
vn 0.391269 -0.852441 0.346774
vn 0.391600 -0.771649 0.501207
vn 0.359206 -0.791380 0.494659
vn 0.337946 -0.781688 0.524172
vn 0.305094 -0.801402 0.514464
vn 0.289203 -0.786951 0.545041
vn 0.215216 -0.881163 0.420992
vn -0.100890 0.549619 0.829301
vn 0.748289 0.426343 0.508227
vn 0.259109 -0.088452 -0.961789
vn 0.876565 -0.094080 0.471999
vn 0.885442 -0.259333 0.385667
vn 0.230557 -0.245975 -0.941456
vn -0.253632 0.056852 0.965629
vn -0.259956 0.179716 0.948749
vn -0.108787 0.488553 0.865726
vn -0.669000 0.485098 -0.563133
vn 0.680221 -0.478946 0.554896
vn 0.160200 -0.612379 0.774162
vn -0.804306 -0.326852 -0.496245
vn -0.198581 -0.314359 0.928302
vn -0.888840 -0.129237 -0.439615
vn -0.189887 0.201269 0.960955
vn -0.835255 0.252718 -0.488347
vn 0.044241 0.583179 0.811138
vn -0.537791 0.576236 -0.615413
vn 0.435536 0.609065 0.662833
vn 0.531429 0.578949 0.618385
vn 0.555097 0.567228 0.608374
vn 0.765438 0.322799 0.556692
vn 0.229613 0.231472 -0.945356
vn 0.839903 0.247998 0.482764
vn 0.845315 0.222782 0.485603
vn 0.650778 -0.499788 0.571577
vn -0.100300 0.432939 -0.895826
vn -0.104405 0.439884 -0.891965
vn -0.113442 0.447882 -0.886867
vn -0.134459 0.492147 -0.860065
vn -0.160594 0.491247 -0.856087
vn -0.169059 0.520271 -0.837100
vn -0.188505 0.538444 -0.821306
vn -0.205297 0.559537 -0.802976
vn -0.240136 0.541191 -0.805882
vn -0.252071 0.583770 -0.771798
vn -0.287277 0.574584 -0.766371
vn -0.310977 0.614748 -0.724829
vn -0.348046 0.572878 -0.742075
vn -0.363417 0.623804 -0.691951
vn -0.390769 0.603727 -0.694848
vn -0.412615 0.592297 -0.692050
vn -0.444673 0.600551 -0.664533
vn -0.468714 0.662993 -0.583736
vn -0.408403 0.071067 -0.910031
vn -0.258525 0.946818 0.191575
vn -0.252636 0.815527 0.520664
vn -0.567625 0.561256 -0.602323
vn -0.253072 0.850409 0.461259
vn -0.242790 0.883481 0.400642
vn -0.537251 0.579389 -0.612919
vn -0.230373 0.916252 0.327735
vn -0.585250 0.498752 -0.639319
vn -0.360100 0.829102 0.427690
vn -0.150447 0.643705 0.750340
vn -0.628792 0.587585 -0.509278
vn -0.263233 0.636626 0.724856
vn -0.666928 0.466558 -0.580974
vn -0.367882 0.753013 0.545559
vn -0.643648 0.510934 -0.569792
vn -0.394961 0.660786 0.638254
vn -0.700307 0.457501 -0.547962
vn -0.260224 0.535924 0.803161
vn -0.726667 0.446386 -0.522202
vn -0.743376 0.416673 -0.523236
vn -0.284400 0.499593 0.818244
vn -0.758721 0.390304 -0.521541
vn -0.439017 0.540569 0.717670
vn -0.323508 0.440333 0.837526
vn -0.789841 0.332261 -0.515513
vn -0.327581 0.397837 0.856981
vn -0.347931 0.361026 0.865219
vn -0.844828 0.213324 -0.490671
vn -0.340209 0.278612 0.898128
vn -0.841639 0.251688 -0.477803
vn -0.829943 0.282900 -0.480793
vn -0.438455 0.351281 0.827260
vn -0.316801 0.223459 0.921793
vn -0.452874 0.215933 0.865031
vn -0.864961 0.149075 -0.479187
vn -0.342147 0.155509 0.926689
vn -0.864836 0.114560 -0.488809
vn -0.322842 0.114836 0.939460
vn -0.463340 0.096592 0.880901
vn -0.252654 0.049224 0.966304
vn -0.865196 0.032951 -0.500350
vn -0.352720 0.021773 0.935475
vn -0.910622 -0.001303 -0.413239
vn -0.325914 -0.016537 0.945255
vn -0.406628 -0.051612 0.912135
vn -0.312140 -0.112540 0.943347
vn -0.301179 -0.082496 0.949993
vn -0.891584 -0.073432 -0.446863
vn -0.301789 -0.140736 0.942930
vn -0.909619 -0.144505 -0.389503
vn -0.256842 -0.171068 0.951193
vn -0.846810 -0.186815 -0.498009
vn -0.355997 -0.224410 0.907142
vn -0.261575 -0.235929 0.935904
vn -0.176749 -0.243359 0.953696
vn -0.832617 -0.255283 -0.491507
vn -0.821816 -0.272716 -0.500244
vn -0.341406 -0.326490 0.881389
vn -0.119610 -0.331339 0.935900
vn -0.265781 -0.367693 0.891158
vn -0.801396 -0.344496 -0.488965
vn -0.805814 -0.297596 -0.511957
vn -0.170595 -0.297940 0.939217
vn -0.774542 -0.363745 -0.517469
vn -0.761728 -0.386694 -0.519844
vn -0.178718 -0.395788 0.900784
vn -0.106875 -0.437765 0.892715
vn -0.143407 -0.416969 0.897536
vn -0.741611 -0.401707 -0.537257
vn -0.695316 -0.408202 -0.591529
vn -0.694952 -0.476289 -0.538693
vn -0.083793 -0.469550 0.878921
vn -0.674283 -0.499475 -0.543936
vn -0.065707 -0.502415 0.862126
vn -0.651886 -0.518745 -0.553126
vn -0.026866 -0.513001 0.857967
vn -0.604419 -0.549927 -0.576418
vn -0.023571 -0.555372 0.831268
vn 0.050584 -0.516084 0.855043
vn 0.026691 -0.580442 0.813864
vn 0.065821 -0.628404 0.775098
vn -0.516618 -0.629764 -0.580089
vn 0.081907 -0.562191 0.822941
vn -0.541805 -0.584233 -0.604251
vn 0.135207 -0.622817 0.770596
vn -0.453825 -0.629368 -0.630824
vn 0.128738 -0.584372 0.801209
vn -0.492841 -0.566428 -0.660505
vn 0.192791 -0.628370 0.753647
vn -0.423282 -0.610017 -0.669859
vn 0.193366 -0.575342 0.794727
vn 0.222589 -0.633186 0.741303
vn -0.389382 -0.621190 -0.680077
vn 0.290119 -0.595854 0.748858
vn 0.245258 -0.642479 0.725996
vn -0.317779 -0.633612 -0.705373
vn 0.308464 -0.626604 0.715694
vn -0.293083 -0.628287 -0.720665
vn 0.334625 -0.659400 0.673215
vn -0.251093 -0.586121 -0.770334
vn 0.381169 -0.633950 0.672917
vn -0.176304 -0.681441 -0.710321
vn 0.426875 -0.599095 0.677394
vn 0.452496 -0.656056 0.604018
vn -0.117367 -0.652007 -0.749074
vn 0.488220 -0.573728 0.657630
vn -0.085303 -0.586385 -0.805528
vn 0.523025 -0.569367 0.634245
vn -0.040963 -0.585704 -0.809489
vn 0.572598 -0.516291 0.636848
vn 0.552016 -0.582359 0.596772
vn 0.620791 -0.511813 0.593856
vn 0.605434 -0.589684 0.534530
vn -0.021628 -0.552232 -0.833410
vn 0.034398 -0.515410 -0.856253
vn 0.671105 -0.479709 0.565241
vn 0.055224 -0.499440 -0.864587
vn 0.719299 -0.439594 0.537928
vn 0.086268 -0.461876 -0.882739
vn 0.705200 -0.484622 0.517527
vn 0.071286 -0.477999 -0.875463
vn 0.110429 -0.441778 -0.890302
vn 0.765767 -0.384842 0.515265
vn 0.148791 -0.386750 -0.910102
vn 0.739522 -0.407733 0.535594
vn 0.144953 -0.425753 -0.893153
vn 0.779643 -0.332527 0.530643
vn 0.191774 -0.368208 -0.909750
vn 0.185116 -0.335042 -0.923839
vn 0.831791 -0.276901 0.481092
vn 0.201912 -0.282364 -0.937818
vn 0.816308 -0.313347 0.485237
vn 0.201129 -0.317437 -0.926704
vn 0.230049 -0.254185 -0.939397
vn 0.835635 -0.235351 0.496311
vn 0.215162 -0.213116 -0.953041
vn 0.868572 -0.142213 0.474720
vn 0.246428 -0.150987 -0.957328
vn 0.859172 -0.172139 0.481863
vn 0.254778 -0.186533 -0.948838
vn 0.853496 -0.206424 0.478471
vn 0.309652 -0.125596 -0.942519
vn 0.907823 -0.125990 0.399979
vn 0.274342 -0.087361 -0.957656
vn 0.881732 -0.089422 0.463199
vn 0.882580 0.004700 0.470138
vn 0.894900 -0.029480 0.445292
vn 0.271480 -0.052487 -0.961012
vn 0.855064 -0.053038 0.515803
vn 0.294969 0.042652 -0.954555
vn 0.881817 0.028796 0.470712
vn 0.304940 0.011759 -0.952299
vn 0.270063 0.065420 -0.960618
vn 0.869683 0.053951 0.490653
vn 0.288591 0.094352 -0.952792
vn 0.890513 0.094224 0.445093
vn 0.874945 0.127016 0.467266
vn 0.877409 0.207934 0.432339
vn 0.833240 0.152073 0.531587
vn 0.281314 0.131683 -0.950538
vn 0.264089 0.206388 -0.942158
vn 0.827826 0.275472 0.488692
vn 0.796801 0.315871 0.515105
vn 0.218830 0.329630 -0.918399
vn 0.813176 0.298040 0.499917
vn 0.197772 0.283264 -0.938428
vn 0.218777 0.260355 -0.940400
vn 0.174072 0.375520 -0.910321
vn 0.792105 0.394545 0.465729
vn 0.751796 0.398753 0.525166
vn 0.153271 0.403387 -0.902101
vn 0.721497 0.416601 0.553070
vn 0.131674 0.425474 -0.895340
vn 0.669816 0.455370 0.586502
vn 0.128208 0.498447 -0.857388
vn 0.714996 0.483478 0.505005
vn 0.069714 0.416658 -0.906386
vn 0.036720 0.458210 -0.888085
vn 0.062285 0.515277 -0.854758
vn 0.661531 0.519383 0.540942
vn 0.030530 0.524429 -0.850907
vn 0.620220 0.498602 0.605577
vn 0.602553 0.550410 0.577909
vn 0.003442 0.538151 -0.842841
vn -0.007611 0.576176 -0.817290
vn 0.577600 0.560496 0.593484
vn -0.108370 0.536983 -0.836604
vn 0.467357 0.598066 0.651073
vn 0.499457 0.602687 0.622343
vn -0.092835 0.611251 -0.785973
vn -0.162340 0.598822 -0.784257
vn 0.405165 0.604515 0.685860
vn -0.226447 0.560111 -0.796867
vn 0.369015 0.637420 0.676405
vn -0.227685 0.628247 -0.743953
vn 0.339186 0.627047 0.701260
vn -0.233764 0.684723 -0.690297
vn 0.291824 0.668434 0.684131
vn -0.315828 0.624773 -0.714081
vn -0.306946 0.729846 -0.610827
vn 0.275326 0.597577 0.753059
vn 0.221896 0.627680 0.746177
vn -0.374459 0.636468 -0.674307
vn 0.186818 0.622574 0.759935
vn -0.410549 0.595030 -0.690933
vn 0.159428 0.608859 0.777093
vn -0.431259 0.649475 -0.626257
vn -0.456690 0.663499 -0.592624
vn 0.105406 0.645207 0.756701
vn 0.108626 0.589641 0.800327
vn 0.098127 0.550779 0.828863
vn -0.566207 0.573688 -0.591854
vn 0.004774 0.539030 0.842273
vn -0.591402 0.550960 -0.588801
vn 0.035045 0.549356 0.834853
vn -0.017842 0.512881 0.858275
vn -0.070154 0.467695 0.881102
vn -0.690209 0.485559 -0.536511
vn -0.065833 0.509933 0.857691
vn -0.647078 0.481824 -0.590876
vn -0.706493 0.451728 -0.544803
vn -0.097727 0.454893 0.885168
vn -0.732355 0.431431 -0.526804
vn -0.156916 0.466130 0.870690
vn -0.173837 0.402828 0.898616
vn -0.755134 0.400312 -0.519156
vn -0.091525 0.384137 0.918728
vn -0.157255 0.354724 0.921652
vn -0.775370 0.370956 -0.511070
vn -0.201229 0.338244 0.919292
vn -0.808023 0.309060 -0.501578
vn -0.210825 0.307833 0.927789
vn -0.238627 0.249341 0.938555
vn -0.207305 0.270888 0.940024
vn -0.844510 0.296057 -0.446265
vn -0.847552 0.217051 -0.484297
vn -0.319031 0.216571 0.922668
vn -0.328092 0.150613 0.932562
vn -0.891201 0.162597 -0.423465
vn -0.219159 0.154444 0.963388
vn -0.866626 0.125864 -0.482822
vn -0.254913 0.104850 0.961263
vn -0.867659 0.057187 -0.493860
vn -0.268542 0.078235 0.960086
vn -0.275347 0.048429 0.960124
vn -0.374059 0.026149 0.927036
vn -0.899491 0.019585 -0.436500
vn -0.209826 -0.008103 0.977705
vn -0.323777 -0.042296 0.945187
vn -0.910773 -0.051940 -0.409627
vn -0.864718 -0.075490 -0.496552
vn -0.290936 -0.077634 0.953587
vn -0.246018 -0.110607 0.962934
vn -0.234406 -0.168346 0.957452
vn -0.870174 -0.158067 -0.466704
vn -0.258679 -0.139698 0.955808
vn -0.291393 -0.212757 0.932644
vn -0.871640 -0.233736 -0.430827
vn -0.227024 -0.227014 0.947061
vn -0.230457 -0.298766 0.926083
vn -0.827805 -0.265673 -0.494122
vn -0.199546 -0.253485 0.946534
vn -0.183900 -0.335532 0.923904
vn -0.181010 -0.367370 0.912291
vn -0.793625 -0.366149 -0.485895
vn -0.156203 -0.383551 0.910214
vn -0.752134 -0.360194 -0.551865
vn -0.748484 -0.404833 -0.525245
vn -0.136169 -0.400399 0.906167
vn -0.183257 -0.465535 0.865849
vn -0.144085 -0.513191 0.846094
vn -0.049633 -0.410097 0.910691
vn -0.692225 -0.441842 -0.570614
vn -0.683642 -0.513292 -0.518811
vn -0.064774 -0.489850 0.869397
vn -0.649117 -0.492506 -0.579728
vn -0.036316 -0.508257 0.860439
vn 0.007234 -0.514392 0.857525
vn 0.012445 -0.554344 0.832195
vn -0.569740 -0.555597 -0.605564
vn 0.035135 -0.575150 0.817293
vn -0.540374 -0.563263 -0.625084
vn 0.065102 -0.580733 0.811487
vn 0.126625 -0.603105 0.787547
vn 0.102204 -0.584339 0.805048
vn -0.512654 -0.638541 -0.573978
vn -0.452585 -0.612542 -0.648043
vn 0.198045 -0.610943 0.766503
vn 0.223004 -0.624626 0.748406
vn 0.247962 -0.634996 0.731639
vn -0.358644 -0.646435 -0.673422
vn 0.297471 -0.618839 0.727014
vn -0.284716 -0.717781 -0.635396
vn -0.352599 -0.574133 -0.738949
vn -0.315672 -0.569904 -0.758657
vn -0.240609 -0.710771 -0.660993
vn 0.332595 -0.636020 0.696318
vn 0.356712 -0.665578 0.655563
vn -0.216794 -0.646980 -0.731039
vn 0.400672 -0.585896 0.704406
vn 0.422838 -0.616586 0.664100
vn -0.191169 -0.632408 -0.750676
vn -0.193527 -0.571929 -0.797148
vn -0.088277 -0.693978 -0.714564
vn 0.460938 -0.592502 0.660664
vn 0.487288 -0.595262 0.638917
vn -0.155813 -0.549287 -0.820979
vn 0.549318 -0.560461 0.619786
vn -0.061699 -0.568530 -0.820346
vn -0.088540 -0.590896 -0.801875
vn 0.516404 -0.610977 0.600028
vn -0.030443 -0.554463 -0.831651
vn 0.582783 -0.564399 0.584652
vn 0.631746 -0.497942 0.594096
vn 0.067246 -0.564948 -0.822382
vn -0.000494 -0.541032 -0.841002
vn 0.610134 -0.542837 0.577118
vn 0.028391 -0.487660 -0.872572
vn 0.663262 -0.494703 0.561563
vn 0.690414 -0.479988 0.541239
vn 0.714556 -0.441234 0.542883
vn 0.118933 -0.459639 -0.880106
vn 0.064463 -0.466378 -0.882234
vn 0.737640 -0.403541 0.541334
vn 0.137262 -0.429074 -0.892779
vn 0.097770 -0.367771 -0.924762
vn 0.275161 -0.437074 -0.856302
vn 0.777729 -0.400806 0.484245
vn 0.781658 -0.354605 0.513095
vn 0.787311 -0.319870 0.527091
vn 0.271678 -0.368166 -0.889182
vn 0.807215 -0.308396 0.503286
vn 0.190829 -0.303639 -0.933482
vn 0.821375 -0.283145 0.495148
vn 0.163516 -0.261586 -0.951228
vn 0.846936 -0.267949 0.459242
vn 0.265490 -0.178070 -0.947526
vn 0.254923 -0.205400 -0.944894
vn 0.849631 -0.190749 0.491673
vn 0.850204 -0.228635 0.474215
vn 0.856207 -0.158374 0.491760
vn 0.205292 -0.142108 -0.968329
vn 0.880248 -0.133257 0.455418
vn 0.851033 -0.088665 0.517572
vn 0.384791 -0.143054 -0.911851
vn 0.879468 -0.030736 0.474965
vn 0.343993 -0.049790 -0.937651
vn 0.888470 -0.067688 0.453915
vn 0.267610 -0.075097 -0.960596
vn 0.200848 -0.024935 -0.979305
vn 0.922088 0.000893 0.386978
vn 0.268389 0.007581 -0.963281
vn 0.365754 0.042352 -0.929748
vn 0.865086 0.031492 0.500634
vn 0.879886 0.062334 0.471078
vn 0.262764 0.066342 -0.962577
vn 0.865232 0.087806 0.493623
vn 0.880134 0.125238 0.457907
vn 0.251943 0.142837 -0.957143
vn 0.878696 0.156706 0.450928
vn 0.271464 0.225232 -0.935723
vn 0.854959 0.214267 0.472371
vn 0.242376 0.179768 -0.953382
vn 0.861650 0.186140 0.472136
vn 0.831973 0.264505 0.487708
vn 0.819087 0.224054 0.528106
vn 0.215011 0.274547 -0.937227
vn 0.230115 0.249251 -0.940702
vn 0.778712 0.321751 0.538595
vn 0.201997 0.299019 -0.932623
vn 0.828788 0.336130 0.447356
vn 0.820311 0.289287 0.493359
vn 0.756227 0.401607 0.516559
vn 0.209290 0.426914 -0.879740
vn 0.141564 0.338390 -0.930297
vn 0.780887 0.375197 0.499442
vn 0.112223 0.401410 -0.908997
vn 0.724338 0.420677 0.546228
vn 0.113712 0.438346 -0.891584
vn 0.086931 0.446260 -0.890671
vn 0.711316 0.473778 0.519195
vn 0.139345 0.522730 -0.841033
vn 0.677887 0.476410 0.559913
vn 0.623144 0.519487 0.584658
vn 0.084321 0.548929 -0.831605
vn 0.655709 0.509432 0.557247
vn 0.596447 0.538290 0.595394
vn 0.042857 0.594654 -0.802839
vn 0.571627 0.552767 0.606376
vn -0.051042 0.571801 -0.818803
vn 0.547722 0.581060 0.601972
vn -0.077997 0.585580 -0.806854
vn 0.516171 0.574641 0.635102
vn 0.454605 0.576863 0.678648
vn -0.116052 0.636442 -0.762544
vn 0.481887 0.625566 0.613556
vn -0.176243 0.599284 -0.780895
vn 0.425211 0.618953 0.660373
vn 0.394168 0.618877 0.679428
vn 0.330860 0.627482 0.704839
vn -0.263378 0.625328 -0.734573
vn 0.362244 0.628157 0.688620
vn -0.192357 0.716021 -0.671054
vn -0.288918 0.627076 -0.723396
vn -0.313944 0.631686 -0.708810
vn 0.287001 0.657802 0.696367
vn 0.278504 0.592808 0.755654
vn 0.224696 0.587666 0.777278
vn -0.371699 0.615925 -0.694606
vn 0.227645 0.650090 0.724956
vn -0.392911 0.620745 -0.678452
vn 0.167649 0.643448 0.746906
vn -0.447041 0.575826 -0.684528
vn 0.143567 0.606946 0.781668
vn -0.473376 0.613277 -0.632303
vn -0.504115 0.592091 -0.628725
vn 0.099691 0.601757 0.792433
vn -0.587837 0.597390 -0.545503
vn -0.559176 0.566261 -0.605533
vn 0.015343 0.597661 0.801602
vn -0.533277 0.578857 -0.616880
vn 0.086958 0.553372 0.828382
vn 0.031881 0.533289 0.845332
vn -0.597202 0.503386 -0.624462
vn -0.047148 0.578935 0.814009
vn -0.074788 0.507116 0.858627
vn -0.639340 0.568896 -0.517303
vn -0.003658 0.492294 0.870421
vn -0.053890 0.444106 0.894352
vn -0.689709 0.530361 -0.492969
vn -0.641171 0.469000 -0.607403
vn -0.678684 0.430390 -0.595107
vn -0.735724 0.492100 -0.465346
vn -0.136770 0.466753 0.873748
vn -0.716665 0.409544 -0.564504
vn -0.120238 0.415518 0.901603
vn -0.167937 0.380785 0.909285
vn -0.746637 0.365379 -0.555905
vn -0.139538 0.392869 0.908946
vn -0.764565 0.434270 -0.476287
vn -0.193062 0.329750 0.924117
vn -0.781811 0.358711 -0.509998
vn -0.186928 0.360200 0.913955
vn -0.796718 0.332781 -0.504477
vn -0.191819 0.298336 0.934987
vn -0.805131 0.301289 -0.510871
vn -0.213916 0.272571 0.938054
vn -0.830092 0.285552 -0.478964
vn -0.837563 0.251460 -0.485031
vn -0.250906 0.179362 0.951249
vn -0.880840 0.198446 -0.429814
vn -0.250035 0.213395 0.944429
vn -0.844569 0.214457 -0.490623
vn -0.237175 0.247106 0.939514
vn -0.252450 0.145175 0.956657
vn -0.856113 0.153047 -0.493607
vn -0.267859 0.042466 0.962522
vn -0.881072 0.054435 -0.469839
vn -0.875649 0.121833 -0.467328
vn -0.269767 0.113356 0.956230
vn -0.267389 0.075609 0.960618
vn -0.880326 0.087121 -0.466299
vn -0.884637 0.023494 -0.465687
vn -0.281187 0.009035 0.959610
vn -0.880248 -0.007915 -0.474449
vn -0.277653 -0.024035 0.960381
vn -0.880277 -0.056124 -0.471129
vn -0.298779 -0.060394 0.952409
vn -0.842988 -0.134733 -0.520787
vn -0.262345 -0.129181 0.956288
vn -0.266752 -0.096611 0.958911
vn -0.907902 -0.202356 -0.367105
vn -0.284237 -0.163142 0.944772
vn -0.227736 -0.219633 0.948630
vn -0.195154 -0.179364 0.964232
vn -0.300195 -0.264883 0.916362
vn -0.207502 -0.266075 0.941354
vn -0.838142 -0.261680 -0.478582
vn -0.837174 -0.225347 -0.498355
vn -0.193578 -0.296270 0.935282
vn -0.785865 -0.297408 -0.542185
vn -0.213743 -0.347393 0.913035
vn -0.175333 -0.354378 0.918518
vn -0.832915 -0.403380 -0.378862
vn -0.141835 -0.386684 0.911240
vn -0.781302 -0.426099 -0.456078
vn -0.748125 -0.324163 -0.578988
vn -0.158856 -0.376229 0.912807
vn -0.143785 -0.426527 0.892973
vn -0.742636 -0.403698 -0.534341
vn -0.710008 -0.413526 -0.569987
vn -0.114093 -0.444071 0.888698
vn -0.068812 -0.449417 0.890668
vn -0.716604 -0.495245 -0.491132
vn -0.095414 -0.509331 0.855265
vn -0.629861 -0.545883 -0.552528
vn -0.062458 -0.564770 0.822882
vn -0.025052 -0.490203 0.871248
vn 0.010865 -0.575391 0.817806
vn -0.599534 -0.515525 -0.612204
vn 0.036788 -0.504335 0.862724
vn -0.580070 -0.561149 -0.590450
vn 0.057855 -0.577344 0.814449
vn 0.128161 -0.593136 0.794836
vn -0.492849 -0.576237 -0.651959
vn 0.093971 -0.586891 0.804194
vn -0.522555 -0.586418 -0.618910
vn -0.460471 -0.603889 -0.650603
vn 0.152882 -0.612633 0.775441
vn 0.182023 -0.614906 0.767306
vn -0.424565 -0.641540 -0.638882
vn 0.205305 -0.619890 0.757354
vn 0.272077 -0.584326 0.764550
vn 0.214317 -0.649899 0.729177
vn -0.339498 -0.618194 -0.708927
vn 0.276610 -0.640220 0.716663
vn -0.285560 -0.685513 -0.669722
vn 0.305477 -0.641109 0.704033
vn -0.284879 -0.620795 -0.730382
vn 0.347005 -0.611228 0.711328
vn -0.246412 -0.602163 -0.759395
vn 0.371197 -0.643270 0.669639
vn 0.409268 -0.613982 0.674927
vn -0.210224 -0.607354 -0.766112
vn 0.423357 -0.666858 0.613245
vn -0.171175 -0.617720 -0.767542
vn 0.458691 -0.602888 0.652785
vn 0.522247 -0.581775 0.623534
vn -0.073583 -0.601458 -0.795508
vn -0.123624 -0.584237 -0.802112
vn 0.490236 -0.591570 0.640089
vn 0.552749 -0.550219 0.625882
vn -0.067193 -0.524783 -0.848580
vn 0.588473 -0.567786 0.575603
vn 0.606332 -0.492221 0.624563
vn 0.080200 -0.517650 -0.851825
vn 0.656162 -0.492781 0.571504
vn -0.008596 -0.476382 -0.879196
vn 0.021644 -0.541380 -0.840500
vn 0.643785 -0.559096 0.522449
vn 0.075148 -0.472880 -0.877916
vn 0.694650 -0.454964 0.557198
vn 0.720790 -0.437788 0.537404
vn 0.072610 -0.403977 -0.911883
vn 0.210633 -0.462262 -0.861364
vn 0.750006 -0.424960 0.506853
vn 0.764495 -0.375315 0.524105
vn 0.186821 -0.380850 -0.905567
vn 0.101454 -0.370246 -0.923377
vn 0.782520 -0.352436 0.513275
vn 0.798002 -0.329730 0.504451
vn 0.207821 -0.308677 -0.928186
vn 0.815695 -0.303577 0.492425
vn 0.212708 -0.282369 -0.935427
vn 0.856986 -0.222263 0.464946
vn 0.236735 -0.216935 -0.947046
vn 0.818098 -0.228311 0.527816
vn 0.253540 -0.264703 -0.930403
vn 0.843950 -0.285719 0.453996
vn 0.862380 -0.159484 0.480484
vn 0.832129 -0.175800 0.525981
vn 0.213467 -0.108564 -0.970899
vn 0.896678 -0.142265 0.419201
vn 0.867346 -0.050344 0.495152
vn 0.346746 -0.093800 -0.933257
vn 0.880985 -0.098517 0.462774
vn 0.860074 0.012004 0.510027
vn 0.309033 -0.009232 -0.951007
vn 0.918724 -0.022085 0.394281
vn 0.276005 0.020901 -0.960929
vn 0.278763 0.047911 -0.959164
vn 0.893086 0.048235 0.447293
vn 0.286370 0.079782 -0.954792
vn 0.387784 0.154611 -0.908691
vn 0.878543 0.133852 0.458526
vn 0.211145 0.096311 -0.972698
vn 0.858473 0.086981 0.505430
vn 0.863905 0.158870 0.477942
vn 0.248961 0.179116 -0.951807
vn 0.852769 0.189232 0.486802
vn 0.235825 0.210136 -0.948804
vn 0.848706 0.228939 0.476744
vn 0.817291 0.284946 0.500841
vn 0.263865 0.293377 -0.918861
vn 0.832917 0.258480 0.489323
vn 0.201593 0.300050 -0.932379
vn 0.835142 0.340015 0.432351
vn 0.796861 0.335265 0.502603
vn 0.768952 0.436060 0.467509
vn 0.217104 0.426569 -0.878012
vn 0.738022 0.352769 0.575220
vn 0.173114 0.363552 -0.915348
vn 0.774441 0.352916 0.525062
vn 0.085488 0.369523 -0.925281
vn 0.136990 0.441158 -0.886912
vn 0.724960 0.427757 0.539868
vn 0.113770 0.462731 -0.879168
vn 0.700616 0.460708 0.544873
vn 0.041548 0.440619 -0.896732
vn 0.681235 0.510507 0.524692
vn 0.106475 0.536592 -0.837098
vn 0.614191 0.531031 0.583759
vn 0.013916 0.487660 -0.872923
vn 0.636423 0.494217 0.592212
vn -0.017378 0.528802 -0.848567
vn 0.590303 0.548458 0.592230
vn -0.030095 0.552400 -0.833036
vn 0.566772 0.581427 0.583706
vn 0.535052 0.537081 0.652122
vn -0.052748 0.701001 -0.711207
vn 0.485798 0.607526 0.628421
vn -0.133332 0.540447 -0.830746
vn -0.074925 0.582731 -0.809204
vn 0.513346 0.590168 0.623039
vn 0.460108 0.606399 0.648522
vn 0.436189 0.606977 0.664317
vn -0.131195 0.683100 -0.718445
vn 0.412563 0.617279 0.669894
vn 0.368143 0.592445 0.716575
vn 0.381731 0.652544 0.654575
vn -0.213446 0.574377 -0.790273
vn 0.333930 0.637823 0.694026
vn -0.274011 0.674450 -0.685591
vn 0.308689 0.630015 0.712595
vn 0.280962 0.631103 0.723027
vn -0.319480 0.616481 -0.719642
vn 0.252322 0.632027 0.732717
vn 0.183662 0.605693 0.774212
vn -0.408650 0.624345 -0.665732
vn 0.231487 0.568922 0.789140
vn -0.375533 0.644738 -0.665798
vn 0.204004 0.683890 0.700483
vn -0.436622 0.578216 -0.689223
vn -0.457968 0.624401 -0.632763
vn 0.136752 0.627150 0.766800
vn 0.108479 0.607117 0.787173
vn -0.564040 0.580702 -0.587063
vn -0.534353 0.535320 -0.654141
vn 0.090773 0.567529 0.818334
vn -0.516186 0.603646 -0.607588
vn 0.037133 0.573207 0.818569
vn -0.576911 0.553790 -0.600408
vn 0.007354 0.547577 0.836723
vn -0.666152 0.570756 -0.480082
vn -0.618776 0.500556 -0.605442
vn -0.013453 0.519525 0.854349
vn -0.057414 0.519397 0.852602
vn -0.034323 0.461472 0.886491
vn -0.679114 0.460009 -0.572010
vn -0.716397 0.463604 -0.521388
vn -0.082711 0.417025 0.905124
vn -0.711443 0.406525 -0.573224
vn -0.748126 0.419831 -0.513858
vn -0.152113 0.417253 0.895970
vn -0.775901 0.357947 -0.519473
vn -0.161634 0.376775 0.912094
vn -0.762970 0.392829 -0.513383
vn -0.261740 0.356032 0.897069
vn -0.791793 0.329586 -0.514235
vn -0.161291 0.336182 0.927883
vn -0.213721 0.299498 0.929852
vn -0.238459 0.277868 0.930552
vn -0.255936 0.218692 0.941632
vn -0.188223 0.227054 0.955520
vn -0.831990 0.269728 -0.484808
vn -0.851005 0.202014 -0.484748
vn -0.265611 0.141816 0.953593
vn -0.868126 0.151372 -0.472698
vn -0.260245 0.099254 0.960428
vn -0.924818 0.111597 -0.363672
vn -0.835159 0.109385 -0.539022
vn -0.881363 0.044189 -0.470368
vn -0.280316 -0.019001 0.959720
vn -0.890847 -0.019518 -0.453883
vn -0.307768 0.018896 0.951274
vn -0.270232 -0.053419 0.961312
vn -0.273516 -0.087386 0.957890
vn -0.879667 -0.089174 -0.467155
vn -0.263912 -0.121490 0.956865
vn -0.907419 -0.133279 -0.398531
vn -0.227962 -0.156664 0.960984
vn -0.858511 -0.196072 -0.473831
vn -0.310776 -0.213855 0.926112
vn -0.211253 -0.227740 0.950530
vn -0.846927 -0.232521 -0.478173
vn -0.832283 -0.262893 -0.488050
vn -0.232189 -0.275419 0.932863
vn -0.827755 -0.339395 -0.446802
vn -0.236104 -0.316011 0.918908
vn -0.142656 -0.400493 0.905127
vn -0.781722 -0.401181 -0.477457
vn -0.199503 -0.336940 0.920147
vn -0.793705 -0.361142 -0.489499
vn -0.122759 -0.330983 0.935618
vn -0.160959 -0.383859 0.909255
vn -0.145266 -0.428828 0.891630
vn -0.752400 -0.470397 -0.461108
vn -0.110478 -0.437964 0.892179
vn -0.072973 -0.438992 0.895523
vn -0.716076 -0.477038 -0.509578
vn -0.672358 -0.436052 -0.598159
vn -0.077157 -0.473515 0.877400
vn -0.681429 -0.548552 -0.484505
vn -0.067084 -0.501658 0.862461
vn -0.647604 -0.506038 -0.569679
vn -0.023552 -0.511070 0.859216
vn -0.610011 -0.533148 -0.586209
vn -0.020303 -0.555165 0.831492
vn -0.583493 -0.536236 -0.609907
vn 0.016070 -0.562783 0.826448
vn 0.052623 -0.565800 0.822862
vn -0.554871 -0.548863 -0.625194
vn 0.090036 -0.562979 0.821553
vn -0.509778 -0.577850 -0.637350
vn 0.073858 -0.629645 0.773364
vn 0.174295 -0.563563 0.807476
vn 0.124506 -0.595774 0.793443
vn -0.412424 -0.624063 -0.663665
vn 0.204837 -0.619251 0.758004
vn -0.446254 -0.603992 -0.660342
vn 0.168098 -0.622390 0.764443
vn 0.263377 -0.627513 0.732707
vn 0.231749 -0.639513 0.733019
vn -0.319592 -0.626687 -0.710721
vn 0.296458 -0.619506 0.726859
vn 0.324296 -0.636377 0.699897
vn 0.363448 -0.618156 0.696985
vn -0.284345 -0.634616 -0.718617
vn -0.249897 -0.640451 -0.726206
vn -0.251925 -0.573590 -0.779441
vn -0.157113 -0.707119 -0.689419
vn 0.396216 -0.622306 0.675091
vn 0.426667 -0.615664 0.662504
vn -0.181646 -0.611079 -0.770446
vn -0.143699 -0.614420 -0.775783
vn 0.456467 -0.612161 0.645676
vn 0.490009 -0.601214 0.631216
vn -0.127682 -0.579938 -0.804593
vn 0.517737 -0.588578 0.620907
vn -0.027499 -0.657854 -0.752644
vn 0.541527 -0.572944 0.615210
vn -0.079336 -0.546598 -0.833628
vn 0.594901 -0.609003 0.524602
vn -0.031380 -0.537283 -0.842818
vn 0.562743 -0.534432 0.630636
vn 0.023631 -0.540737 -0.840860
vn 0.614972 -0.540814 0.573872
vn 0.625895 -0.483473 0.611972
vn 0.067387 -0.536152 -0.841428
vn 0.664924 -0.558628 0.495794
vn 0.668204 -0.483109 0.565781
vn 0.043495 -0.475488 -0.878646
vn 0.689194 -0.456562 0.562640
vn 0.713189 -0.440428 0.545329
vn 0.092205 -0.474523 -0.875400
vn 0.119910 -0.418807 -0.900123
vn 0.738311 -0.430614 0.519103
vn 0.754518 -0.402709 0.518197
vn 0.198464 -0.427973 -0.881732
vn 0.767302 -0.370964 0.523099
vn 0.132388 -0.359154 -0.923841
vn 0.791084 -0.352511 0.499921
vn 0.781910 -0.304652 0.543878
vn 0.213916 -0.309770 -0.926436
vn 0.201560 -0.265633 -0.942768
vn 0.822116 -0.278605 0.496492
vn 0.814256 -0.299420 0.497328
vn 0.834746 -0.256590 0.487197
vn 0.279689 -0.232402 -0.931538
vn 0.820100 -0.178659 0.543615
vn 0.873636 -0.164643 0.457878
vn 0.257075 -0.168296 -0.951624
vn 0.243714 -0.192662 -0.950518
vn 0.871038 -0.121297 0.476004
vn 0.874651 -0.067591 0.480017
vn 0.913461 -0.048545 0.404021
vn 0.261873 -0.055356 -0.963513
vn 0.876557 -0.011406 0.481163
vn 0.882730 0.029239 0.468970
vn 0.309196 0.033039 -0.950424
vn 0.216074 -0.002587 -0.976374
vn 0.878665 0.069455 0.472360
vn 0.257298 0.095545 -0.961597
vn 0.899996 0.103923 0.423329
vn 0.273161 0.129369 -0.953230
vn 0.868594 0.124889 0.479529
vn 0.264620 0.163841 -0.950333
vn 0.863159 0.159697 0.479013
vn 0.860647 0.194347 0.470654
vn 0.279387 0.204422 -0.938166
vn 0.817596 0.206741 0.537397
vn 0.188807 0.211065 -0.959064
vn 0.846713 0.262017 0.463060
vn 0.252726 0.268787 -0.929453
vn 0.823999 0.274196 0.495824
vn 0.823024 0.379514 0.422612
vn 0.177584 0.313564 -0.932814
vn 0.774166 0.299681 0.557547
vn 0.816951 0.301402 0.491679
vn 0.229020 0.300237 -0.925963
vn 0.228462 0.378866 -0.896809
vn 0.771133 0.359035 0.525784
vn 0.148638 0.356670 -0.922330
vn 0.761458 0.389730 0.517969
vn 0.131408 0.403841 -0.905342
vn 0.115727 0.436045 -0.892453
vn 0.706690 0.427422 0.563825
vn 0.057632 0.428259 -0.901816
vn 0.697540 0.499192 0.514049
vn 0.117935 0.518485 -0.846915
vn 0.049545 0.499911 -0.864658
vn 0.661340 0.501410 0.557868
vn 0.613194 0.555242 0.561872
vn 0.023327 0.520395 -0.853607
vn 0.625557 0.488527 0.608293
vn -0.006221 0.520460 -0.853864
vn -0.025464 0.545245 -0.837890
vn 0.576855 0.532295 0.619598
vn -0.039098 0.583210 -0.811380
vn 0.562579 0.626643 0.539280
vn 0.507351 0.592289 0.625931
vn -0.097682 0.568926 -0.816567
vn 0.530931 0.538110 0.654638
vn -0.088688 0.645556 -0.758546
vn 0.473936 0.600661 0.643888
vn 0.405574 0.576509 0.709329
vn -0.186410 0.618853 -0.763068
vn 0.406857 0.708569 0.576539
vn 0.445777 0.601994 0.662485
vn 0.372013 0.645000 0.667519
vn -0.204982 0.662429 -0.720535
vn 0.347878 0.629517 0.694758
vn -0.254103 0.612880 -0.748204
vn 0.294253 0.611328 0.734638
vn -0.298243 0.676369 -0.673480
vn 0.317778 0.634029 0.705000
vn 0.236546 0.624175 0.744615
vn -0.339908 0.612499 -0.713658
vn 0.245597 0.672718 0.697949
vn -0.350441 0.690152 -0.633152
vn -0.387428 0.609888 -0.691329
vn 0.216141 0.586517 0.780565
vn -0.418065 0.573458 -0.704533
vn -0.437328 0.629173 -0.642562
vn 0.133975 0.675375 0.725203
vn 0.145169 0.581420 0.800548
vn -0.471919 0.597585 -0.648217
vn -0.507396 0.614675 -0.603924
vn 0.090392 0.605208 0.790919
vn 0.097364 0.536596 0.838204
vn -0.534870 0.544452 -0.646132
vn 0.013840 0.598193 0.801233
vn -0.002502 0.492646 0.870226
vn -0.614831 0.500029 -0.609880
vn -0.006119 0.530612 0.847593
vn -0.598028 0.569406 -0.564038
vn 0.014630 0.544782 0.838450
vn -0.656901 0.541938 -0.524198
vn -0.049996 0.459955 0.886534
vn -0.113211 0.428012 0.896654
vn -0.114229 0.467956 0.876339
vn -0.725897 0.508694 -0.462930
vn -0.672145 0.439453 -0.595904
vn -0.147290 0.413266 0.898619
vn -0.759756 0.399223 -0.513217
vn -0.154075 0.379624 0.912221
vn -0.753605 0.344882 -0.559585
vn -0.207810 0.366825 0.906782
vn -0.151953 0.301297 0.941345
vn -0.215732 0.296808 0.930250
vn -0.812232 0.265645 -0.519338
vn -0.193974 0.249131 0.948845
vn -0.290623 0.254526 0.922364
vn -0.838102 0.243059 -0.488372
vn -0.874989 0.228819 -0.426658
vn -0.251299 0.205421 0.945860
vn -0.267686 0.141287 0.953091
vn -0.874033 0.144131 -0.463996
vn -0.265518 0.175197 0.948054
vn -0.216589 0.099290 0.971201
vn -0.307874 0.082447 0.947848
vn -0.281831 -0.049525 0.958185
vn -0.763177 -0.427680 -0.484408
vn -0.920915 0.048469 -0.386737
vn -0.271908 0.037490 0.961593
vn -0.800669 0.348921 -0.487015
vn -0.383945 0.806751 -0.449153
vn 0.651228 -0.356145 -0.670121
vn -0.236363 -0.487131 -0.840735
vn -0.730922 -0.372654 -0.571737
vn -0.851459 -0.147218 -0.503333
vn -0.350318 0.615105 -0.706345
vn -0.268666 0.601978 -0.751958
vn 0.222240 0.142935 -0.964458
vn -0.137084 -0.620410 -0.772204
vn -0.255411 -0.624078 -0.738439
vn -0.817435 -0.369869 -0.441584
vn -0.488096 -0.585850 -0.646948
vn -0.851957 -0.183736 -0.490317
vn -0.856079 -0.148866 -0.494942
vn -0.499628 0.576857 -0.646226
vn -0.124739 0.458365 -0.879967
vn 0.123063 0.036356 -0.991733
vn 0.119454 0.025786 -0.992505
vn -0.359363 0.003398 -0.933192
vn -0.350511 0.006229 -0.936538
vn 0.113843 0.088413 -0.989557
vn -0.345777 0.013315 -0.938222
vn 0.413609 0.238011 -0.878794
vn 0.526755 0.309854 -0.791530
vn 0.401976 0.317859 -0.858709
vn 0.348034 0.346089 -0.871260
vn 0.361515 0.382490 -0.850299
vn 0.306151 0.391889 -0.867580
vn 0.256584 0.479785 -0.839030
vn -0.027047 0.370813 -0.928314
vn 0.082301 0.580045 -0.810416
vn -0.203782 0.645780 -0.735827
vn -0.284773 0.724385 -0.627830
vn -0.317755 0.728178 -0.607280
vn -0.666355 0.559759 -0.492586
vn -0.774204 0.446426 -0.448677
vn -0.782211 0.372567 -0.499339
vn -0.810506 0.403724 -0.424367
vn -0.811356 0.308160 -0.496727
vn -0.839824 0.283023 -0.463241
vn -0.866095 0.219970 -0.448880
vn -0.858750 0.183741 -0.478318
vn -0.885996 0.078753 -0.456956
vn -0.877546 -0.036603 -0.478094
vn -0.845508 -0.092664 -0.525861
vn -0.856487 -0.238300 -0.457869
vn -0.747409 -0.475457 -0.464027
vn -0.652909 -0.540935 -0.530188
vn -0.620696 -0.485901 -0.615334
vn -0.637903 -0.626752 -0.447506
vn -0.569373 -0.537907 -0.621668
vn -0.477176 -0.746015 -0.464505
vn -0.350017 -0.641957 -0.682187
vn -0.272209 -0.610917 -0.743426
vn -0.188026 -0.599165 -0.778233
vn -0.096060 -0.700070 -0.707584
vn -0.133191 -0.579503 -0.804013
vn -0.006543 -0.520331 -0.853939
vn 0.120246 -0.521207 -0.844917
vn 0.208359 -0.455304 -0.865613
vn 0.349349 -0.495763 -0.795094
vn 0.230770 -0.329513 -0.915514
vn 0.330914 -0.270580 -0.904037
vn 0.230525 -0.025328 -0.972737
vn 0.356659 0.104182 -0.928408
vn 0.338032 0.156771 -0.927986
vn 0.217599 0.155789 -0.963525
vn 0.344398 0.233311 -0.909371
vn 0.336952 0.315230 -0.887183
vn 0.145740 0.324357 -0.934640
vn 0.254291 0.485444 -0.836469
vn 0.057469 0.607002 -0.792620
vn -0.053935 0.570209 -0.819727
vn -0.059399 0.672713 -0.737515
vn -0.128729 0.604386 -0.786223
vn -0.150092 0.689851 -0.708222
vn -0.297550 0.571354 -0.764865
vn -0.355173 0.626793 -0.693529
vn -0.434866 0.641412 -0.632046
vn -0.477160 0.539272 -0.693905
vn -0.512269 0.615306 -0.599148
vn -0.619204 0.522891 -0.585808
vn -0.644594 0.582939 -0.494652
vn -0.783217 0.329794 -0.527074
vn -0.843550 0.175195 -0.507671
vn -0.875399 0.093420 -0.474289
vn -0.855006 -0.013407 -0.518445
vn -0.905573 -0.044840 -0.421813
vn -0.849719 -0.196329 -0.489318
vn -0.821389 -0.224644 -0.524267
vn -0.826564 -0.263510 -0.497348
vn -0.818654 -0.294024 -0.493311
vn -0.712949 -0.293215 -0.636968
vn -0.735832 -0.451342 -0.504818
vn -0.623284 -0.522882 -0.581473
vn -0.595462 -0.540165 -0.594682
vn -0.416645 -0.639820 -0.645784
vn -0.397194 -0.581824 -0.709731
vn -0.272352 -0.586086 -0.763104
vn -0.040982 -0.673704 -0.737864
vn 0.120444 -0.325384 -0.937880
vn 0.214834 -0.247532 -0.944762
vn 0.287181 -0.243345 -0.926450
vn 0.340355 -0.143091 -0.929346
vn 0.213810 -0.100599 -0.971682
vn 0.250068 0.105000 -0.962518
vn 0.241862 0.355079 -0.903007
vn 0.014427 0.441871 -0.896963
vn 0.001882 0.502937 -0.864321
vn -0.042507 0.531000 -0.846305
vn 0.025770 0.691228 -0.722178
vn -0.128425 0.561870 -0.817196
vn -0.213338 0.602601 -0.768998
vn -0.289738 0.500714 -0.815682
vn -0.343340 0.627153 -0.699140
vn -0.417337 0.633300 -0.651736
vn -0.426476 0.641379 -0.637770
vn -0.447405 0.695121 -0.562704
vn -0.939309 0.083308 -0.332805
vn -0.882568 -0.031975 -0.469097
vn -0.876477 -0.082828 -0.474265
vn -0.872432 -0.108756 -0.476482
vn -0.889481 -0.187642 -0.416670
vn -0.843975 -0.194430 -0.499903
vn -0.881810 -0.271432 -0.385663
vn -0.816509 -0.284655 -0.502279
vn -0.773649 -0.477029 -0.417025
vn -0.699991 -0.534019 -0.474169
vn -0.657858 -0.444120 -0.608260
vn -0.687660 -0.559035 -0.463253
vn -0.649548 -0.501911 -0.571116
vn -0.579464 -0.633631 -0.512574
vn -0.552808 -0.577523 -0.600724
vn -0.466583 -0.678868 -0.566955
vn -0.406962 -0.589936 -0.697393
vn -0.370334 -0.629585 -0.682990
vn -0.234951 -0.700536 -0.673830
vn -0.091825 -0.677924 -0.729374
vn -0.039980 -0.669230 -0.741979
vn 0.001602 -0.671495 -0.741007
vn -0.051507 -0.586080 -0.808615
vn 0.018767 -0.578111 -0.815742
vn 0.106682 -0.459080 -0.881966
vn 0.157994 -0.325209 -0.932350
vn 0.263235 -0.184719 -0.946882
vn 0.250426 -0.147666 -0.956808
vn 0.243671 -0.048605 -0.968639
vn 0.204381 0.239485 -0.949145
vn 0.272850 0.300033 -0.914075
vn 0.177256 0.322979 -0.929658
vn 0.059020 0.577069 -0.814560
vn -0.043176 0.571114 -0.819734
vn -0.172432 0.558105 -0.811656
vn -0.215708 0.645363 -0.732787
vn -0.486240 0.601111 -0.634221
vn -0.599908 0.549383 -0.581625
vn -0.653441 0.654174 -0.380883
vn -0.785155 0.458920 -0.415841
vn -0.816736 0.306538 -0.488852
vn -0.834653 0.224046 -0.503148
vn -0.869446 0.181855 -0.459338
vn -0.926280 0.150346 -0.345544
vn -0.875583 0.066168 -0.478514
vn -0.915851 0.044170 -0.399081
vn -0.885046 0.013710 -0.465301
vn -0.862308 -0.048599 -0.504047
vn -0.977435 -0.086871 0.192545
vn -0.953975 -0.292344 0.066833
vn -0.941596 -0.335075 0.033489
vn -0.795552 -0.267638 -0.543569
vn -0.733516 -0.257054 -0.629188
vn -0.673357 -0.344315 -0.654246
vn -0.627818 -0.519813 -0.579343
vn -0.533484 -0.629170 -0.565278
vn -0.477446 -0.617376 -0.625214
vn -0.386228 -0.888217 -0.248794
vn -0.325435 -0.910400 -0.255467
vn -0.270108 -0.936320 -0.224379
vn -0.393442 -0.582023 -0.711655
vn -0.349271 -0.645377 -0.679337
vn -0.123892 -0.436631 -0.891069
vn 0.300112 -0.719535 -0.626260
vn 0.465587 -0.679718 -0.566756
vn 0.099787 -0.441628 -0.891632
vn 0.198896 -0.348419 -0.915994
vn 0.670140 -0.242406 -0.701535
vn 0.255257 -0.126704 -0.958535
vn 0.371524 -0.025881 -0.928063
vn 0.118365 0.015476 -0.992850
vn 0.254308 0.060496 -0.965229
vn 0.664834 0.224124 -0.712576
vn 0.613162 0.260446 -0.745789
vn 0.145433 0.389825 -0.909333
vn -0.166700 0.573971 -0.801728
vn -0.292496 0.602572 -0.742531
vn -0.567713 0.573207 -0.590877
vn -0.609429 0.734527 -0.298440
vn -0.667788 0.492176 -0.558410
vn -0.715333 0.435965 -0.546108
vn -0.736086 0.419307 -0.531374
vn -0.813361 0.311137 -0.491566
vn -0.849602 0.177647 -0.496607
vn -0.873428 0.110521 -0.474246
vn -0.862559 0.080233 -0.499554
vn -0.680992 0.298905 -0.668510
vn -0.391525 0.000792 -0.920167
vn -0.225759 -0.796402 -0.561049
vn -0.389669 0.000730 -0.920955
vn 0.053134 0.325511 -0.944044
vn 0.326555 0.600894 -0.729581
vn 0.109600 0.412953 -0.904134
vn -0.391101 0.001159 -0.920347
vn -0.639932 0.514736 -0.570557
vn -0.741705 0.613387 -0.271348
vn -0.559337 0.247074 -0.791263
vn -0.722643 0.414751 -0.552964
vn -0.884030 0.398970 -0.243544
vn -0.846028 0.419453 -0.329084
vn -0.390737 -0.001282 -0.920502
vn -0.303871 -0.465291 -0.831364
vn -0.391509 0.000987 -0.920174
vn -0.615350 0.123282 -0.778554
vn -0.391603 0.000473 -0.920134
vn -0.944656 0.240307 -0.223332
vn -0.853580 -0.227497 -0.468664
vn -0.663433 -0.100065 -0.741514
vn -0.393055 -0.000979 -0.919515
vn -0.814504 -0.259832 -0.518720
vn -0.394082 -0.001727 -0.919074
vn -0.390489 -0.001456 -0.920607
vn -0.209166 -0.597517 -0.774095
vn 0.129166 -0.598798 -0.790416
vn 0.361780 -0.557975 -0.746846
vn 0.094144 -0.439138 -0.893474
vn -0.160494 -0.179044 -0.970662
vn -0.389714 -0.000110 -0.920936
vn 0.106645 -0.037804 -0.993578
vn 0.089293 0.296466 -0.950860
vn -0.388812 0.001190 -0.921316
vn 0.177538 0.302871 -0.936349
vn -0.302164 0.659192 -0.688595
vn -0.588524 0.490553 -0.642649
vn -0.392235 0.003033 -0.919860
vn -0.566736 0.540459 -0.621864
vn -0.769085 0.359311 -0.528587
vn -0.820719 0.220270 -0.527163
vn -0.393362 0.001249 -0.919383
vn -0.630433 0.062488 -0.773724
vn -0.391772 0.000274 -0.920062
vn -0.393628 0.000268 -0.919270
vn -0.864595 -0.004302 -0.502451
vn -0.662777 -0.364897 -0.653894
vn -0.608925 -0.241188 -0.755671
vn -0.702004 -0.621065 -0.348523
vn -0.391451 -0.000838 -0.920198
vn -0.482728 -0.732589 -0.479882
vn -0.481039 -0.283288 -0.829668
vn -0.164668 -0.592895 -0.788264
vn -0.047580 -0.373571 -0.926380
vn 0.244153 -0.100904 -0.964473
vn -0.387796 -0.000775 -0.921745
vn -0.128715 0.331273 -0.934714
vn -0.389782 0.001027 -0.920907
vn 0.057990 0.470045 -0.880735
vn 0.092514 0.622947 -0.776774
vn -0.390404 0.000616 -0.920643
vn -0.096917 0.488357 -0.867246
vn -0.090513 0.565783 -0.819571
vn -0.034955 0.792044 -0.609462
vn -0.793604 0.038592 -0.607210
vn -0.393426 0.000255 -0.919356
vn -0.959266 0.126747 -0.252476
vn -0.800534 -0.073786 -0.594728
vn -0.871038 -0.051076 -0.488554
vn -0.952362 -0.181845 -0.244824
vn -0.392032 -0.000066 -0.919951
vn -0.391646 -0.000409 -0.920116
vn -0.713800 -0.263884 -0.648733
vn -0.798504 -0.304492 -0.519304
vn -0.819016 -0.503831 -0.274532
vn -0.392064 -0.000763 -0.919938
vn -0.391855 -0.000986 -0.920026
vn -0.566852 -0.380929 -0.730460
vn -0.633555 -0.498697 -0.591531
vn -0.567240 -0.729942 -0.381345
vn -0.391425 -0.001079 -0.920209
vn -0.453189 -0.549078 -0.702235
vn -0.390413 -0.001221 -0.920639
vn -0.171762 -0.516607 -0.838818
vn -0.389962 -0.001577 -0.920830
vn -0.103478 -0.543805 -0.832807
vn -0.049226 -0.492876 -0.868706
vn -0.193532 -0.349334 -0.916794
vn -0.389828 -0.001047 -0.920887
vn 0.426303 -0.402359 -0.810168
vn 0.341744 -0.436730 -0.832152
vn -0.176004 -0.105706 -0.978698
vn -0.386850 -0.002319 -0.922140
vn 0.083637 -0.119541 -0.989300
vn -0.185974 0.472071 -0.861721
vn -0.390327 0.001099 -0.920676
vn -0.390549 0.001467 -0.920581
vn -0.379631 0.519698 -0.765372
vn -0.418128 0.538702 -0.731416
vn -0.469576 0.735918 -0.487773
vn -0.452386 0.596398 -0.663065
vn -0.391141 0.000767 -0.920330
vn -0.520732 0.481318 -0.705104
vn -0.390899 -0.001298 -0.920433
vn -0.389821 -0.518747 -0.760881
vn -0.408641 -0.604630 -0.683692
vn -0.335058 -0.613983 -0.714675
vn -0.388015 -0.001038 -0.921653
vn 0.377893 -0.233998 -0.895791
vn 0.295959 0.004625 -0.955189
vn -0.388754 0.000228 -0.921342
vn 0.149568 0.076468 -0.985790
vn 0.255113 0.051177 -0.965556
vn 0.483925 0.181600 -0.856060
vn 0.422031 0.274080 -0.864159
vn -0.101680 0.091289 -0.990620
vn -0.389858 0.001219 -0.920874
vn -0.329257 0.276342 -0.902898
vn -0.390364 0.001848 -0.920659
vn -0.391156 -0.000996 -0.920324
vn -0.391084 -0.001246 -0.920354
vn -0.388922 0.000490 -0.921271
vn -0.232113 0.633064 -0.738481
vn -0.282806 0.609762 -0.740413
vn -0.390953 0.001267 -0.920410
vn 0.467317 -0.315689 -0.825806
vn -0.389809 0.000532 -0.920896
vn 0.169083 0.251170 -0.953061
vn 0.032945 -0.448527 -0.893162
vn -0.024881 -0.434006 -0.900566
vn 0.158761 -0.659496 -0.734751
vn -0.048711 -0.511195 -0.858083
vn -0.053609 -0.548561 -0.834390
vn -0.107345 -0.541859 -0.833586
vn -0.140518 -0.549169 -0.823813
vn -0.120685 -0.671440 -0.731166
vn -0.220150 -0.578350 -0.785523
vn -0.265220 -0.540305 -0.798579
vn -0.197858 -0.788370 -0.582516
vn -0.362377 -0.389344 -0.846814
vn 0.110427 -0.457920 -0.882108
vn 0.083539 -0.394963 -0.914891
vn 0.194963 -0.410953 -0.890566
vn 0.130600 -0.318476 -0.938891
vn 0.153232 -0.291805 -0.944124
vn 0.236073 -0.278489 -0.930975
vn 0.159220 -0.205952 -0.965522
vn 0.429579 -0.224753 -0.874613
vn 0.161033 -0.121000 -0.979504
vn 0.216334 -0.106112 -0.970536
vn 0.480578 -0.091978 -0.872115
vn 0.173019 -0.026966 -0.984549
vn 0.224074 0.002262 -0.974569
vn 0.286565 0.047551 -0.956880
vn 0.044938 0.053728 -0.997544
vn 0.524949 0.150442 -0.837732
vn 0.208498 0.133028 -0.968933
vn 0.229355 0.179671 -0.956616
vn 0.208825 0.225827 -0.951522
vn 0.173149 0.250373 -0.952540
vn 0.273840 0.342361 -0.898777
vn 0.124657 0.328113 -0.936377
vn 0.111287 0.359263 -0.926577
vn 0.113548 0.409229 -0.905339
vn 0.064880 0.417131 -0.906527
vn 0.147057 0.534722 -0.832134
vn -0.106248 0.342875 -0.933353
vn 0.168713 0.653032 -0.738299
vn -0.074527 0.469983 -0.879524
vn -0.068228 0.522284 -0.850038
vn -0.032702 0.638916 -0.768581
vn -0.150621 0.552907 -0.819517
vn -0.178317 0.567905 -0.803546
vn -0.190767 0.628252 -0.754260
vn -0.247859 0.582286 -0.774280
vn -0.252156 0.676512 -0.691917
vn -0.349150 0.434499 -0.830244
vn -0.281579 0.788373 -0.546975
vn -0.390211 0.540303 -0.745526
vn -0.412126 0.578350 -0.704034
vn -0.442120 0.671444 -0.594721
vn -0.494988 0.549167 -0.673351
vn -0.525063 0.541859 -0.656276
vn -0.567848 0.564927 -0.598670
vn -0.612012 0.550103 -0.568179
vn -0.627944 0.479501 -0.612997
vn -0.666229 0.475690 -0.574332
vn -0.683099 0.431663 -0.589104
vn -0.741716 0.464023 -0.484293
vn -0.731403 0.375304 -0.569383
vn -0.765127 0.359555 -0.534135
vn -0.783731 0.323513 -0.530193
vn -0.787332 0.288064 -0.545094
vn -0.858087 0.297762 -0.418359
vn -0.818914 0.205499 -0.535863
vn -0.832347 0.174388 -0.526106
vn -0.858822 0.140668 -0.492583
vn -0.848422 0.106111 -0.518575
vn -0.961184 0.091979 -0.260124
vn -0.828409 0.026966 -0.559474
vn -0.856701 -0.002261 -0.515809
vn -0.909207 -0.050368 -0.413286
vn -0.715565 -0.048152 -0.696885
vn -0.967273 -0.150440 -0.204329
vn -0.841826 -0.133028 -0.523099
vn -0.860216 -0.186261 -0.474695
vn -0.815054 -0.216313 -0.537490
vn -0.805478 -0.250374 -0.537138
vn -0.836752 -0.342362 -0.427357
vn -0.760166 -0.328113 -0.560794
vn -0.743830 -0.359262 -0.563602
vn -0.730126 -0.409233 -0.547215
vn -0.701414 -0.412895 -0.580979
vn -0.728748 -0.612118 -0.306982
vn -0.603111 -0.330934 -0.725769
vn -0.653233 -0.574355 -0.493359
vn -0.584154 -0.471056 -0.660961
vn -0.564069 -0.522284 -0.639566
vn -0.530153 -0.638914 -0.557429
vn -0.484880 -0.552901 -0.677637
vn -0.454151 -0.567905 -0.686462
vn -0.410050 -0.628255 -0.661177
vn -0.384791 -0.582286 -0.716156
vn -0.309242 -0.716924 -0.624812
vn -0.269730 -0.482547 -0.833303
vn -0.263853 -0.584832 -0.767042
vn -0.323778 -0.524447 -0.787479
vn -0.337760 -0.675845 -0.655097
vn -0.412170 -0.282285 -0.866274
vn -0.412057 0.482548 -0.772888
vn -0.368475 0.584832 -0.722633
vn -0.347205 0.517581 -0.782022
vn -0.274693 0.619263 -0.735566
vn -0.261105 0.585468 -0.767497
vn -0.275398 0.462473 -0.842778
vn -0.403578 -0.743213 -0.533628
vn -0.463303 -0.426126 -0.777025
vn -0.493957 -0.747507 -0.444117
vn -0.498664 -0.327360 -0.802602
vn -0.667427 -0.354257 -0.655013
vn -0.782643 -0.468190 -0.410205
vn -0.708362 -0.281938 -0.647097
vn -0.772889 -0.314841 -0.550924
vn -0.779643 -0.264824 -0.567472
vn 0.034691 -0.083529 -0.995901
vn 0.207022 -0.149864 -0.966790
vn 0.093926 -0.164343 -0.981921
vn 0.191775 -0.256304 -0.947381
vn 0.107442 0.084163 -0.990643
vn 0.195780 0.053466 -0.979189
vn 0.225112 0.022345 -0.974077
vn 0.157436 -0.016564 -0.987390
vn 0.402004 -0.083545 -0.911819
vn 0.094558 0.249379 -0.963779
vn 0.036745 0.186110 -0.981842
vn 0.246872 0.200879 -0.947999
vn 0.209137 0.144960 -0.967082
vn -0.742134 0.075014 -0.666041
vn -0.933871 0.201467 -0.295460
vn -0.763834 0.166602 -0.623539
vn -0.815006 0.227439 -0.532951
vn -0.784019 0.255779 -0.565590
vn -0.739135 -0.070145 -0.669895
vn -0.905417 -0.043179 -0.422323
vn -0.794876 0.018266 -0.606498
vn -0.854821 0.062195 -0.515183
vn -0.732386 -0.185264 -0.655200
vn -0.909311 -0.257350 -0.326992
vn -0.650643 -0.095558 -0.753347
vn -0.934291 -0.181223 -0.307015
vn 0.012117 -0.228214 -0.973536
vn 0.365863 -0.459442 -0.809356
vn -0.137932 -0.195390 -0.970978
vn 0.348414 -0.542946 -0.764079
vn -0.206477 -0.176765 -0.962352
vn -0.671158 0.343002 -0.657188
vn -0.631166 0.347789 -0.693305
vn -0.671354 0.583315 -0.457195
vn -0.581469 0.412991 -0.700951
vn -0.523826 0.302379 -0.796350
vn -0.566805 -0.491920 -0.660868
vn -0.604343 -0.497354 -0.622421
vn -0.652494 -0.507154 -0.563068
vn -0.603845 -0.310519 -0.734132
vn -0.128003 -0.405904 -0.904907
vn 0.020814 -0.659472 -0.751441
vn -0.181763 -0.457123 -0.870633
vn -0.150238 -0.558981 -0.815456
vn -0.201619 -0.546381 -0.812907
vn -0.023129 0.346378 -0.937810
vn 0.261418 0.479863 -0.837492
vn 0.054961 0.300757 -0.952116
vn 0.140594 0.314841 -0.938674
vn -0.133149 0.433815 -0.891109
vn 0.105242 0.627880 -0.771162
vn -0.022297 0.436790 -0.899287
vn -0.097408 0.321351 -0.941937
vn -0.200429 0.574317 -0.793718
vn -0.193894 0.509613 -0.838272
vn -0.010701 0.706036 -0.708096
vn -0.230944 0.327355 -0.916244
vn -0.549223 0.714355 -0.433648
vn -0.500016 0.457118 -0.735545
vn -0.482225 0.558981 -0.674536
vn -0.444700 0.546378 -0.709728
vn 0.252286 -0.580997 -0.773818
vn -0.063094 -0.384407 -0.921005
vn -0.008666 -0.484279 -0.874870
vn -0.740275 0.270684 -0.615405
vn -0.660152 0.224096 -0.716924
vn -0.807376 0.493855 -0.322880
vn 0.342261 -0.534048 0.773078
vn 0.274399 0.745355 0.607578
vn 0.144511 0.836665 0.528307
vn 0.289260 -0.526498 0.799455
vn 0.320408 0.791580 0.520327
vn -0.136981 -0.146885 0.979623
vn 0.963525 0.198548 0.179441
vn 0.940628 0.246924 0.232909
vn 0.817687 0.023570 0.575181
vn -0.465252 0.010652 0.885114
vn -0.518955 -0.044783 0.853627
vn 0.817004 -0.037208 0.575430
vn -0.553565 0.096341 0.827214
vn 0.442547 -0.520851 0.729977
vn 0.112324 0.758747 0.641628
vn 0.007321 0.781966 0.623278
vn 0.394554 -0.517125 0.759546
vn 0.237048 -0.522990 0.818712
vn 0.377097 0.820337 0.429936
vn -0.154987 0.067764 0.985590
vn 0.938400 -0.127329 0.321236
vn 0.995950 -0.086134 0.025796
vn -0.140928 0.125300 0.982059
vn 0.957359 -0.221375 0.185627
vn 0.220227 0.522980 0.823403
vn 0.388471 -0.741853 0.546575
vn 0.443261 -0.781962 0.438241
vn 0.382161 0.526153 0.759682
vn 0.105861 -0.803135 0.586317
vn 0.155463 -0.808665 0.567355
vn 0.811201 -0.092339 0.577431
vn -0.435521 0.169295 0.884116
vn 0.801025 -0.142988 0.581303
vn -0.455597 0.245552 0.855649
vn 0.772358 -0.238357 0.588770
vn -0.348557 0.373924 0.859470
vn -0.462765 0.329659 0.822905
vn 0.152493 -0.492034 0.857116
vn 0.540786 0.732071 0.414273
vn 0.447289 0.856158 0.258699
vn 0.106470 -0.469308 0.876592
vn 0.601671 0.677787 0.422608
vn -0.161191 -0.044724 0.985909
vn 0.978986 0.025660 0.202305
vn 0.994825 0.098145 0.026278
vn 0.860893 -0.022576 0.508285
vn -0.149794 0.012734 0.988635
vn -0.091043 0.270412 0.958430
vn 0.829161 -0.408602 0.381493
vn 0.894098 -0.447508 0.018048
vn 0.061083 -0.768558 0.636857
vn 0.429988 0.508750 0.745845
vn 0.710031 0.337658 0.617934
vn -0.317220 -0.458813 0.829977
vn -0.471160 -0.597825 0.648547
vn 0.778645 -0.183291 0.600098
vn 0.623855 -0.426824 0.654695
vn -0.142986 0.638757 0.756005
vn -0.344321 0.703776 0.621404
vn 0.536754 -0.485579 0.690006
vn -0.025492 0.713562 0.700128
vn -0.133101 0.718286 0.682898
vn 0.489123 -0.493171 0.719403
vn 0.471382 0.569239 0.673621
vn 0.198385 -0.499152 0.843499
vn 0.020911 -0.412041 0.910925
vn 0.726962 0.613870 0.307715
vn 0.690312 0.638241 0.340759
vn -0.130213 -0.197904 0.971534
vn 0.873749 0.255328 0.413969
vn 0.853884 0.097428 0.511262
vn -0.135980 -0.093648 0.986276
vn -0.128314 0.177101 0.975792
vn 0.924496 -0.296461 0.239619
vn 0.808395 -0.254935 0.530571
vn -0.105931 0.220485 0.969621
vn -0.057168 0.317643 0.946485
vn 0.809814 -0.496483 0.312579
vn 0.279187 0.525449 0.803715
vn 0.280378 -0.835266 0.472989
vn 0.331589 0.525392 0.783589
vn 0.232558 -0.777360 0.584490
vn 0.569059 0.461841 0.680348
vn -0.207485 -0.706730 0.676374
vn -0.132226 -0.712142 0.689471
vn -0.064452 -0.513346 0.855758
vn 0.611994 0.432225 0.662302
vn 0.766651 0.241256 0.595014
vn -0.340945 -0.320078 0.883915
vn -0.416894 -0.425235 0.803352
vn 0.787734 0.183882 0.587930
vn -0.459498 -0.225421 0.859097
vn -0.600643 -0.323227 0.731267
vn 0.740643 -0.287184 0.607432
vn -0.405897 0.481429 0.776836
vn 0.659512 -0.395553 0.639204
vn -0.167898 0.509695 0.843813
vn 0.577319 -0.449026 0.681966
vn 0.646315 0.634563 0.423799
vn 0.063985 -0.442660 0.894404
vn -0.015557 -0.371195 0.928425
vn 0.772035 0.530336 0.350293
vn -0.079683 -0.296214 0.951792
vn 0.862261 0.413802 0.292017
vn 0.844985 0.458605 0.275105
vn -0.025001 0.360581 0.932393
vn 0.760635 -0.556996 0.333451
vn 0.471856 0.514303 0.716131
vn 0.025014 -0.717829 0.695770
vn 0.736452 0.288650 0.611816
vn -0.474853 -0.165539 0.864356
vn 0.800729 0.129849 0.584783
vn 0.815312 0.082335 0.573138
vn -0.458525 -0.096322 0.883446
vn -0.313702 0.524787 0.791321
vn 0.711223 -0.322606 0.624569
vn 0.803052 0.476928 0.357279
vn -0.036649 -0.328195 0.943899
vn -0.095508 -0.238528 0.966428
vn 0.911254 0.405210 0.073635
vn 0.010407 0.397916 0.917363
vn 0.705694 -0.593688 0.386691
vn 0.048516 0.425866 0.903484
vn 0.646685 -0.705910 0.288946
vn 0.125001 0.486480 0.864704
vn 0.516746 -0.711634 0.475973
vn 0.535527 -0.815025 0.221236
vn 0.182086 0.489520 0.852769
vn 0.520591 0.487106 0.701222
vn -0.070695 -0.737746 0.671367
vn 0.647757 0.405125 0.645201
vn -0.323751 -0.643280 0.693812
vn 0.688717 -0.361605 0.628419
vn 0.585767 -0.515911 0.625071
vn 0.083423 0.455821 0.886153
vn -0.077435 -0.414867 0.906581
vn 0.675187 0.370142 0.638057
vn 0.083603 0.995472 -0.045242
vn 0.248799 0.961921 -0.113167
vn 0.328306 0.931581 -0.156113
vn 0.392713 0.901672 -0.181007
vn 0.470590 0.855704 -0.215211
vn 0.495655 0.840618 -0.218376
vn 0.620855 0.732855 -0.278322
vn 0.682178 0.661296 -0.311962
vn 0.739734 0.587492 -0.328097
vn 0.760906 0.555207 -0.335807
vn 0.838303 0.401693 -0.368633
vn 0.854991 0.359002 -0.374311
vn 0.875964 0.276653 -0.395159
vn 0.906184 0.142328 -0.398212
vn 0.914801 0.000723 -0.403904
vn 0.915500 -0.042303 -0.400088
vn 0.911787 -0.123339 -0.391704
vn 0.893790 -0.203258 -0.399782
vn 0.877459 -0.286955 -0.384346
vn 0.809351 -0.470760 -0.351192
vn 0.783083 -0.521241 -0.339246
vn 0.755381 -0.556314 -0.346287
vn 0.715724 -0.624201 -0.313228
vn 0.654333 -0.698028 -0.290870
vn 0.554656 -0.794826 -0.246187
vn 0.393960 -0.900852 -0.182374
vn 0.296194 -0.943529 -0.148398
vn 0.109511 -0.990521 -0.082923
vn 0.035051 -0.998991 -0.028072
vn -0.053699 -0.998450 0.014599
vn -0.087692 -0.995776 0.027193
vn -0.138958 -0.989171 0.047242
vn -0.184355 -0.980694 0.065209
vn -0.269293 -0.957921 0.099345
vn -0.297644 -0.947255 0.118809
vn -0.333556 -0.933895 0.128768
vn -0.381820 -0.911177 0.154825
vn -0.512243 -0.833796 0.205892
vn -0.546852 -0.807040 0.222797
vn -0.656537 -0.710571 0.253075
vn -0.711960 -0.637384 0.294710
vn -0.808521 -0.482722 0.336560
vn -0.859966 -0.382143 0.338268
vn -0.868923 -0.340291 0.359410
vn -0.883838 -0.292298 0.365228
vn -0.897370 -0.241100 0.369592
vn -0.905582 -0.203140 0.372364
vn -0.912139 -0.164341 0.375493
vn -0.918275 -0.112448 0.379639
vn -0.922772 -0.058729 0.380845
vn -0.922880 0.035142 0.383481
vn -0.924994 0.069449 0.373581
vn -0.926269 0.106172 0.361597
vn -0.916505 0.158682 0.367203
vn -0.909575 0.211223 0.357853
vn -0.896101 0.255093 0.363222
vn -0.888759 0.295392 0.350501
vn -0.870043 0.348761 0.348411
vn -0.855810 0.398503 0.329825
vn -0.809361 0.493222 0.318854
vn -0.785068 0.534446 0.313108
vn -0.722626 0.647480 0.242036
vn -0.651249 0.713503 0.258434
vn -0.584964 0.792294 0.173459
vn -0.504074 0.840225 0.199828
vn -0.471074 0.864604 0.174785
vn -0.433606 0.886425 0.161978
vn -0.342267 0.931549 0.122758
vn -0.292561 0.950519 0.104507
vn -0.256523 0.962760 0.085370
vn -0.215702 0.973656 0.073938
vn -0.124385 0.991558 0.036613
vn -0.081989 0.996552 0.012685
vn -0.006693 0.999941 -0.008560
vn 0.359824 -0.917952 -0.167007
vn 0.489775 -0.843159 -0.221818
vn 0.441753 -0.789493 -0.426093
vn 0.416707 -0.753878 -0.507960
vn 0.619643 -0.731511 -0.284489
vn 0.738276 -0.586480 -0.333151
vn 0.830521 -0.416830 -0.369444
vn 0.844123 -0.379682 -0.378548
vn 0.860525 -0.337430 -0.381626
vn 0.899621 0.183196 -0.396386
vn 0.867048 0.312445 -0.388080
vn 0.696147 0.344547 -0.629815
vn 0.818347 0.434807 -0.375833
vn 0.671154 0.492414 -0.554148
vn 0.666661 0.529956 -0.524127
vn 0.218988 0.968111 -0.121676
vn 0.158755 0.984102 -0.079628
vn 0.031920 0.998536 -0.043661
vn -0.055294 0.998468 -0.002191
vn -0.485992 -0.851588 0.196495
vn -0.624988 -0.737213 0.256725
vn -0.795767 -0.587752 0.145956
vn -0.831973 -0.447896 0.327429
vn -0.928402 -0.021757 0.370940
vn -0.859606 0.466756 0.207886
vn -0.724457 0.624846 0.291084
vn -0.625949 0.744987 0.230612
vn -0.390300 0.909674 0.141981
vn 0.233495 -0.883713 -0.405624
vn 0.365683 -0.852337 -0.373896
vn 0.338306 -0.788910 -0.513001
vn 0.520615 -0.819730 -0.238750
vn 0.523402 -0.679750 -0.513800
vn 0.702354 -0.486455 -0.519673
vn 0.714026 -0.376405 -0.590327
vn 0.737125 -0.300079 -0.605475
vn 0.773173 -0.257811 -0.579428
vn 0.802681 -0.171800 -0.571128
vn 0.806787 -0.139077 -0.574241
vn 0.813863 -0.050827 -0.578830
vn 0.786327 0.069086 -0.613936
vn 0.803799 0.120411 -0.582588
vn 0.773071 0.325401 -0.544496
vn 0.724026 0.482493 -0.492938
vn 0.632512 0.603788 -0.485148
vn 0.593001 0.624670 -0.508073
vn 0.596821 0.670245 -0.441108
vn 0.561152 0.686475 -0.462450
vn 0.512908 0.739083 -0.436671
vn 0.470270 0.754483 -0.457823
vn 0.462798 0.797749 -0.386541
vn 0.417165 0.812506 -0.407195
vn 0.291806 0.858792 -0.421100
vn 0.223550 0.889922 -0.397573
vn 0.061819 0.942439 -0.328614
vn -0.096138 0.969198 -0.226744
vn 0.149784 -0.921048 -0.359494
vn 0.182970 -0.975002 -0.126068
vn 0.163768 -0.980992 -0.104090
vn -0.134508 -0.976801 -0.166637
vn -0.204520 -0.964638 -0.166266
vn -0.380971 -0.919141 -0.100205
vn -0.439999 -0.895405 -0.068202
vn -0.531201 -0.844988 -0.061810
vn -0.456074 -0.872528 0.175189
vn -0.572395 -0.818169 -0.054434
vn -0.594394 -0.776785 0.208089
vn -0.598477 -0.764165 0.240577
vn -0.674401 -0.696628 0.244731
vn -0.690423 -0.670107 0.272530
vn -0.832521 -0.538452 0.130301
vn -0.870688 -0.478658 0.113091
vn -0.939844 -0.309363 0.144874
vn -0.978418 -0.128445 0.161863
vn -0.986561 0.054426 0.154060
vn -0.977784 0.135929 0.159568
vn -0.957840 0.248152 0.144787
vn -0.937665 0.316514 0.143537
vn -0.908687 0.405765 0.098199
vn -0.781138 0.573467 0.246899
vn -0.751877 0.591870 0.290468
vn -0.722284 0.689795 0.049898
vn -0.578260 0.815647 0.018332
vn -0.286140 0.943715 -0.165910
vn -0.199677 0.979552 0.024647
vn -0.244677 0.950295 -0.192544
vn -0.182067 0.936615 -0.299340
vn 0.276328 -0.878136 -0.390538
vn 0.350151 -0.822822 -0.447613
vn 0.331736 -0.754657 -0.566077
vn 0.479063 -0.736355 -0.477786
vn 0.598733 -0.609692 -0.519417
vn 0.566578 -0.532336 -0.628974
vn 0.632852 -0.507232 -0.584991
vn 0.685051 -0.446187 -0.575867
vn 0.724600 -0.195456 -0.660872
vn 0.788976 -0.112237 -0.604085
vn 0.764316 -0.018816 -0.644568
vn 0.765140 0.143962 -0.627564
vn 0.752452 0.236250 -0.614819
vn 0.705586 0.389940 -0.591688
vn 0.591340 0.475253 -0.651500
vn 0.607251 0.546627 -0.576581
vn 0.501855 0.630189 -0.592456
vn 0.495247 0.688135 -0.530284
vn 0.382734 0.752687 -0.535703
vn 0.340746 0.761442 -0.551451
vn 0.353412 0.817079 -0.455502
vn 0.152791 0.928079 -0.339594
vn -0.013284 0.965463 -0.260200
vn 0.027571 -0.946881 -0.320401
vn -0.029012 -0.946737 -0.320697
vn -0.028517 -0.964714 -0.261752
vn -0.708142 -0.706063 -0.003031
vn -0.771877 -0.635235 0.026121
vn -0.817651 -0.575528 0.014646
vn -0.899033 0.427739 0.093695
vn -0.798411 0.601073 0.035354
vn -0.625702 0.777276 -0.065868
vn -0.450520 0.888907 -0.082919
vn 0.171355 -0.822216 -0.542769
vn 0.260619 -0.842295 -0.471824
vn 0.257690 -0.813088 -0.522000
vn 0.443156 -0.696832 -0.563949
vn 0.450341 -0.668257 -0.592137
vn 0.533816 -0.652718 -0.537587
vn 0.502162 -0.617725 -0.605185
vn 0.557367 -0.563335 -0.609915
vn 0.633892 -0.407362 -0.657447
vn 0.644585 -0.383125 -0.661608
vn 0.682303 -0.339254 -0.647588
vn 0.671695 -0.312370 -0.671753
vn 0.693731 -0.265466 -0.669526
vn 0.727117 -0.086783 -0.681006
vn 0.747451 0.015367 -0.664139
vn 0.719138 0.038921 -0.693776
vn 0.720719 0.089549 -0.687419
vn 0.757602 0.174067 -0.629079
vn 0.695345 0.189268 -0.693306
vn 0.724180 0.271150 -0.634067
vn 0.668919 0.292722 -0.683273
vn 0.676365 0.419743 -0.605266
vn 0.611876 0.435802 -0.660064
vn 0.557227 0.562041 -0.611234
vn 0.446640 0.694837 -0.563662
vn 0.301984 0.820612 -0.485182
vn 0.265547 0.823538 -0.501269
vn 0.238539 0.856108 -0.458452
vn 0.194009 0.853790 -0.483118
vn 0.193185 0.898871 -0.393333
vn 0.135138 0.882738 -0.450013
vn 0.081793 0.913725 -0.398015
vn 0.038426 0.908016 -0.417169
vn 0.030380 0.945586 -0.323952
vn -0.024220 0.923808 -0.382089
vn -0.084610 0.936702 -0.339750
vn -0.116802 0.933663 -0.338572
vn -0.162711 0.933505 -0.319521
vn 0.046885 -0.872367 -0.486598
vn 0.088658 -0.919416 -0.383162
vn -0.099207 -0.927783 -0.359690
vn -0.127330 -0.925807 -0.355906
vn -0.110580 -0.958507 -0.262748
vn -0.172921 -0.938325 -0.299407
vn -0.215004 -0.934761 -0.282835
vn -0.278678 -0.922827 -0.265949
vn -0.288206 -0.932050 -0.219591
vn -0.335299 -0.903370 -0.267388
vn -0.323060 -0.933396 -0.156219
vn -0.382668 -0.897987 -0.217219
vn -0.441586 -0.877593 -0.186634
vn -0.488908 -0.865244 -0.111004
vn -0.535792 -0.829141 -0.159536
vn -0.627252 -0.752582 -0.200438
vn -0.626324 -0.769955 -0.122019
vn -0.636653 -0.767360 -0.076359
vn -0.658427 -0.748802 -0.075958
vn -0.797176 -0.602895 -0.032049
vn -0.844800 -0.534321 -0.028531
vn -0.896179 -0.441662 0.042409
vn -0.943843 -0.329656 0.022082
vn -0.964055 -0.264585 0.024342
vn -0.967065 -0.244631 0.070293
vn -0.977705 -0.209884 0.006489
vn -0.973705 -0.193958 0.119496
vn -0.987818 -0.150518 0.039504
vn -0.995281 -0.089303 0.037950
vn -0.994569 -0.065723 0.080699
vn -0.999106 -0.035486 0.022985
vn -0.995311 -0.018668 0.094911
vn -0.994121 0.097182 0.047738
vn -0.980416 0.171025 0.097647
vn -0.978025 0.205466 0.035356
vn -0.961439 0.272897 0.034089
vn -0.934621 0.346826 0.078705
vn -0.927669 0.373330 0.007420
vn -0.892152 0.451710 -0.004777
vn -0.880208 0.473575 -0.030992
vn -0.864297 0.502578 0.020142
vn -0.851689 0.524011 0.006233
vn -0.778425 0.627162 -0.026872
vn -0.756765 0.651521 -0.053168
vn -0.711918 0.701736 -0.027183
vn -0.610858 0.774311 -0.165209
vn -0.579527 0.808122 -0.105298
vn -0.566676 0.808007 -0.161255
vn -0.537807 0.834758 -0.118079
vn -0.507846 0.854559 -0.108730
vn -0.462012 0.863034 -0.204247
vn -0.439349 0.872463 -0.213964
vn -0.404828 0.898623 -0.169087
vn -0.396531 0.885870 -0.240827
vn -0.342928 0.927609 -0.148128
vn -0.336141 0.909567 -0.244330
vn -0.271255 0.896005 -0.351561
vn -0.230843 0.932609 -0.277402
vn -0.181597 0.954623 -0.236044
vn 0.080858 -0.782540 -0.617327
vn 0.210447 -0.743374 -0.634907
vn 0.234131 -0.722767 -0.650223
vn 0.135659 -0.625152 -0.768623
vn 0.274388 -0.692669 -0.667024
vn 0.361919 -0.704610 -0.610360
vn 0.367890 -0.595926 -0.713814
vn 0.474391 -0.581333 -0.661064
vn 0.485150 -0.469125 -0.737938
vn 0.567373 -0.452425 -0.688041
vn 0.548916 -0.336213 -0.765279
vn 0.572294 -0.269628 -0.774455
vn 0.679763 -0.235576 -0.694569
vn 0.626983 -0.206087 -0.751279
vn 0.696177 -0.158271 -0.700205
vn 0.632647 -0.128525 -0.763701
vn 0.661130 -0.048726 -0.748687
vn 0.609754 0.059384 -0.790363
vn 0.678054 0.116206 -0.725768
vn 0.639012 0.211279 -0.739611
vn 0.545604 0.258985 -0.797021
vn 0.537280 0.289843 -0.792036
vn 0.599022 0.350928 -0.719738
vn 0.488539 0.390357 -0.780353
vn 0.470752 0.420077 -0.775840
vn 0.527628 0.490619 -0.693471
vn 0.523177 0.577832 -0.626416
vn 0.455298 0.572829 -0.681594
vn 0.454640 0.644649 -0.614598
vn 0.409948 0.705412 -0.578219
vn 0.343670 0.692712 -0.634067
vn 0.222214 0.680540 -0.698202
vn 0.281580 0.756242 -0.590603
vn 0.167840 0.779476 -0.603529
vn 0.086175 0.799665 -0.594230
vn 0.081508 0.865455 -0.494311
vn -0.058962 0.844291 -0.532631
vn -0.074398 0.900659 -0.428110
vn -0.196716 0.864226 -0.463051
vn 0.162752 -0.874693 -0.456535
vn -0.012361 -0.894281 -0.447336
vn -0.059045 -0.898948 -0.434058
vn -0.206269 -0.883161 -0.421283
vn -0.243832 -0.885783 -0.394886
vn -0.400556 -0.853377 -0.333620
vn -0.545858 -0.792520 -0.271941
vn -0.712304 -0.686038 -0.148239
vn -0.871609 -0.482358 -0.087339
vn -0.880464 -0.471341 -0.051183
vn -0.916652 -0.389707 -0.088762
vn -0.921701 -0.387720 0.011881
vn -0.983809 -0.157218 -0.086042
vn -0.999893 0.013643 0.005330
vn -0.979826 0.179567 -0.087729
vn -0.933851 0.341207 -0.107236
vn -0.829622 0.549582 -0.098421
vn -0.777671 0.604244 -0.173543
vn -0.709854 0.680051 -0.183404
vn -0.679804 0.728653 -0.083256
vn -0.661971 0.723438 -0.196041
vn -0.515503 0.827096 -0.223985
vn -0.380308 0.859212 -0.342229
vn 0.038723 -0.708397 -0.704751
vn 0.141266 -0.760997 -0.633189
vn 0.138727 -0.728677 -0.670660
vn 0.328809 -0.657748 -0.677682
vn 0.437348 -0.541936 -0.717657
vn 0.386490 -0.462756 -0.797798
vn 0.535673 -0.404427 -0.741279
vn 0.519950 -0.153467 -0.840297
vn 0.583992 -0.087999 -0.806975
vn 0.626105 -0.011012 -0.779661
vn 0.571104 0.138080 -0.809181
vn 0.571235 0.231932 -0.787336
vn 0.526112 0.364823 -0.768186
vn 0.477850 0.508966 -0.715970
vn 0.385148 0.567641 -0.727629
vn 0.355772 0.625605 -0.694294
vn 0.272618 0.678369 -0.682272
vn 0.230518 0.753337 -0.615909
vn 0.020997 0.836859 -0.547016
vn -0.129333 0.865892 -0.483222
vn 0.084877 -0.844986 -0.528011
vn 0.022308 -0.823472 -0.566918
vn -0.003155 -0.868077 -0.496420
vn -0.100904 -0.836510 -0.538581
vn -0.294481 -0.871163 -0.392881
vn -0.442049 -0.839376 -0.316293
vn -0.513364 -0.795324 -0.322361
vn -0.580998 -0.783496 -0.220399
vn -0.620833 -0.726760 -0.293917
vn -0.696570 -0.688659 -0.201343
vn -0.747184 -0.628390 -0.216429
vn -0.762080 -0.619822 -0.187231
vn -0.773732 -0.619787 -0.131159
vn -0.819205 -0.540570 -0.191540
vn -0.893656 -0.424267 -0.146209
vn -0.933793 -0.342400 -0.103891
vn -0.955225 -0.273694 -0.112413
vn -0.989092 -0.109934 -0.098043
vn -0.988425 0.036137 -0.147340
vn -0.994644 0.060765 -0.083607
vn -0.983776 0.130897 -0.122682
vn -0.969894 0.225383 -0.092236
vn -0.946484 0.291514 -0.138521
vn -0.917032 0.379988 -0.121082
vn -0.846540 0.514188 -0.137772
vn -0.806745 0.559479 -0.190121
vn -0.748030 0.632698 -0.200361
vn -0.683942 0.666942 -0.295655
vn -0.643655 0.704732 -0.298431
vn -0.325087 0.886594 -0.329043
vn -0.318012 0.848761 -0.422462
vn -0.267646 0.850244 -0.453268
vn 0.086563 -0.625797 -0.775168
vn 0.136818 -0.592496 -0.793870
vn 0.247975 -0.647933 -0.720202
vn 0.292645 -0.595056 -0.748510
vn 0.260662 -0.515908 -0.816024
vn 0.350826 -0.541112 -0.764277
vn 0.398407 -0.493696 -0.773005
vn 0.338858 -0.401614 -0.850812
vn 0.420874 -0.413743 -0.807268
vn 0.375080 -0.359221 -0.854561
vn 0.467921 -0.350617 -0.811245
vn 0.496742 -0.288107 -0.818683
vn 0.510371 -0.222806 -0.830590
vn 0.416036 -0.107044 -0.903026
vn 0.405578 -0.070304 -0.911353
vn 0.521745 -0.054743 -0.851343
vn 0.456969 -0.016980 -0.889320
vn 0.539583 0.021410 -0.841660
vn 0.508480 0.091058 -0.856246
vn 0.422324 0.138669 -0.895775
vn 0.512707 0.174542 -0.840634
vn 0.394488 0.221096 -0.891906
vn 0.369527 0.248656 -0.895332
vn 0.475567 0.305147 -0.825058
vn 0.349582 0.335208 -0.874887
vn 0.351137 0.361060 -0.863909
vn 0.307926 0.372406 -0.875497
vn 0.408455 0.433530 -0.803254
vn 0.330435 0.436680 -0.836734
vn 0.372560 0.499927 -0.781839
vn 0.317331 0.562433 -0.763525
vn 0.276463 0.616960 -0.736837
vn 0.122751 0.585148 -0.801583
vn 0.124789 0.652633 -0.747327
vn 0.148619 0.722032 -0.675709
vn 0.081254 0.747938 -0.658776
vn -0.014040 0.714573 -0.699419
vn 0.017446 0.782216 -0.622763
vn -0.055173 0.797446 -0.600863
vn -0.143426 0.751033 -0.644498
vn -0.123761 0.817255 -0.562829
vn -0.194280 0.821129 -0.536659
vn -0.255062 0.827260 -0.500583
vn -0.022163 -0.755860 -0.654358
vn -0.131831 -0.858145 -0.496193
vn -0.227209 -0.825920 -0.515978
vn -0.274084 -0.813223 -0.513367
vn -0.409937 -0.798996 -0.439952
vn -0.487050 -0.757740 -0.434295
vn -0.551003 -0.732574 -0.399664
vn -0.616570 -0.676903 -0.402050
vn -0.791544 -0.558275 -0.248571
vn -0.828959 -0.501189 -0.248265
vn -0.843415 -0.504018 -0.186058
vn -0.923020 -0.293118 -0.249232
vn -0.965229 -0.163150 -0.204240
vn -0.970525 0.074858 -0.229081
vn -0.962548 0.151292 -0.224972
vn -0.943942 0.226280 -0.240357
vn -0.922687 0.300232 -0.241885
vn -0.898678 0.387491 -0.205493
vn -0.783232 0.543965 -0.301082
vn -0.515817 0.784425 -0.344399
vn -0.421451 0.795677 -0.435060
vn -0.358553 0.780853 -0.511574
vn 0.005998 -0.634141 -0.773194
vn 0.042794 -0.620005 -0.783430
vn 0.188258 -0.565400 -0.803046
vn 0.111923 -0.476292 -0.872135
vn 0.142074 -0.465416 -0.873615
vn 0.265310 -0.457297 -0.848817
vn 0.199122 -0.389104 -0.899416
vn 0.204482 -0.360505 -0.910068
vn 0.288479 -0.295303 -0.910810
vn 0.374155 -0.288723 -0.881276
vn 0.299422 -0.237111 -0.924189
vn 0.391354 -0.231545 -0.890634
vn 0.433260 -0.176459 -0.883826
vn 0.366294 0.012810 -0.930411
vn 0.422007 0.050858 -0.905165
vn 0.299475 0.096845 -0.949176
vn 0.402873 0.188594 -0.895615
vn 0.365653 0.303684 -0.879815
vn 0.269252 0.486849 -0.830952
vn 0.216309 0.536974 -0.815395
vn 0.171209 0.582462 -0.794623
vn 0.038706 0.610129 -0.791356
vn 0.046180 0.666965 -0.743656
vn -0.049737 0.593197 -0.803520
vn -0.064961 0.615146 -0.785732
vn -0.079938 0.712042 -0.697572
vn -0.157828 0.633130 -0.757784
vn -0.176776 0.648424 -0.740470
vn -0.202332 0.744987 -0.635655
vn -0.253518 0.696834 -0.670933
vn -0.041580 -0.789629 -0.612174
vn -0.110971 -0.760922 -0.639283
vn -0.137512 -0.767387 -0.626265
vn -0.211121 -0.778065 -0.591645
vn -0.204500 -0.813797 -0.543980
vn -0.298667 -0.736674 -0.606720
vn -0.315366 -0.787830 -0.529026
vn -0.351581 -0.796196 -0.492405
vn -0.370338 -0.794006 -0.482084
vn -0.383960 -0.808721 -0.445584
vn -0.451797 -0.757585 -0.471110
vn -0.509687 -0.735552 -0.446299
vn -0.581942 -0.694932 -0.422390
vn -0.648267 -0.673998 -0.354226
vn -0.666526 -0.654792 -0.356357
vn -0.682046 -0.656467 -0.322279
vn -0.710023 -0.589049 -0.385860
vn -0.798106 -0.513103 -0.315835
vn -0.848083 -0.445173 -0.287362
vn -0.893058 -0.375779 -0.247462
vn -0.925336 -0.266329 -0.269854
vn -0.943105 -0.228726 -0.241324
vn -0.948980 -0.208602 -0.236478
vn -0.960874 -0.190890 -0.200703
vn -0.959082 -0.121382 -0.255788
vn -0.970135 -0.077479 -0.229859
vn -0.969097 -0.054503 -0.240582
vn -0.982200 -0.037113 -0.184138
vn -0.983080 -0.013348 -0.182691
vn -0.962373 0.096157 -0.254151
vn -0.948716 0.179565 -0.260180
vn -0.932352 0.243905 -0.266889
vn -0.904354 0.322954 -0.279008
vn -0.877256 0.382157 -0.290480
vn -0.868742 0.406323 -0.283177
vn -0.867287 0.439954 -0.232922
vn -0.853686 0.454005 -0.255146
vn -0.819726 0.461441 -0.339297
vn -0.759427 0.554348 -0.340543
vn -0.729429 0.594238 -0.338844
vn -0.698631 0.622263 -0.353133
vn -0.618651 0.694782 -0.366809
vn -0.598804 0.689297 -0.407803
vn -0.584461 0.705811 -0.400294
vn -0.560880 0.745775 -0.359489
vn -0.507871 0.732817 -0.452820
vn -0.485386 0.779970 -0.395028
vn -0.471634 0.751207 -0.461789
vn -0.450527 0.777054 -0.439559
vn -0.399195 0.768557 -0.499963
vn -0.311789 0.808423 -0.499240
vn -0.323008 0.653655 -0.684398
vn 0.013766 -0.531732 -0.846801
vn 0.008315 -0.488793 -0.872360
vn 0.109687 -0.542974 -0.832555
vn 0.175003 -0.440871 -0.880345
vn 0.248130 -0.339022 -0.907467
vn 0.330252 -0.188535 -0.924872
vn 0.240653 -0.151975 -0.958640
vn 0.296242 -0.122705 -0.947198
vn 0.230936 -0.056465 -0.971329
vn 0.333706 -0.040362 -0.941813
vn 0.294902 0.069749 -0.952978
vn 0.279296 0.140638 -0.949850
vn 0.210022 0.154949 -0.965340
vn 0.233702 0.197478 -0.952043
vn 0.250210 0.241453 -0.937601
vn 0.177848 0.247831 -0.952339
vn 0.184135 0.291778 -0.938595
vn 0.233869 0.358897 -0.903603
vn 0.239365 0.426001 -0.872483
vn 0.089474 0.390621 -0.916193
vn 0.173224 0.471013 -0.864951
vn 0.131288 0.513524 -0.847972
vn 0.051248 0.484200 -0.873455
vn -0.008919 0.464205 -0.885683
vn 0.064245 0.565060 -0.822545
vn -0.094902 0.636057 -0.765784
vn -0.209568 0.669187 -0.712931
vn -0.271108 0.730002 -0.627374
vn -0.033323 -0.685512 -0.727298
vn -0.051983 -0.697785 -0.714418
vn -0.180619 -0.669730 -0.720305
vn -0.188554 -0.736002 -0.650191
vn -0.253185 -0.659005 -0.708244
vn -0.604838 -0.616316 -0.504308
vn -0.727783 -0.571320 -0.379375
vn -0.804123 -0.412930 -0.427638
vn -0.842631 -0.395652 -0.365284
vn -0.862792 -0.399098 -0.310341
vn -0.878871 -0.324266 -0.349911
vn -0.899158 -0.323328 -0.294912
vn -0.946811 0.009787 -0.321641
vn -0.805009 0.481496 -0.346586
vn -0.705816 0.561231 -0.432253
vn -0.656718 0.486261 -0.576430
vn -0.664482 0.591004 -0.457360
vn -0.654189 0.627505 -0.422226
vn -0.549372 0.675176 -0.492268
vn -0.526347 0.608506 -0.593868
vn -0.392597 0.701827 -0.594396
vn -0.056019 -0.608035 -0.791931
vn -0.110195 -0.487590 -0.866091
vn -0.075312 -0.483570 -0.872060
vn 0.044612 -0.466858 -0.883207
vn -0.026745 -0.388566 -0.921033
vn 0.001361 -0.337154 -0.941448
vn 0.099984 -0.369470 -0.923848
vn 0.021342 -0.306906 -0.951501
vn 0.131331 -0.296899 -0.945835
vn 0.164617 -0.270971 -0.948407
vn 0.174554 -0.226596 -0.958220
vn 0.190060 -0.183649 -0.964443
vn 0.124550 -0.117296 -0.985256
vn 0.226048 -0.012068 -0.974041
vn 0.246179 0.029737 -0.968768
vn 0.135905 0.035846 -0.990073
vn 0.169657 0.097568 -0.980661
vn 0.092840 0.165784 -0.981782
vn 0.118339 0.292532 -0.948905
vn 0.105282 0.324742 -0.939925
vn 0.139122 0.387014 -0.911518
vn 0.038596 0.400837 -0.915336
vn -0.004035 0.407253 -0.913306
vn -0.031053 0.500972 -0.864906
vn -0.051542 0.536378 -0.842402
vn -0.129603 0.451311 -0.882905
vn -0.185729 0.469114 -0.863387
vn -0.169526 0.550660 -0.817334
vn -0.216616 0.481892 -0.849033
vn -0.242197 0.567030 -0.787285
vn -0.272396 0.579195 -0.768332
vn -0.300426 0.589366 -0.749928
vn -0.167330 -0.522769 -0.835891
vn -0.116460 -0.652282 -0.748976
vn -0.177658 -0.587668 -0.789356
vn -0.144484 -0.678217 -0.720518
vn -0.237045 -0.598402 -0.765326
vn -0.312863 -0.557637 -0.768868
vn -0.287254 -0.677756 -0.676854
vn -0.320678 -0.647571 -0.691244
vn -0.365348 -0.632477 -0.683003
vn -0.376339 -0.663408 -0.646729
vn -0.410005 -0.613603 -0.674824
vn -0.422066 -0.629505 -0.652368
vn -0.438725 -0.650922 -0.619533
vn -0.474838 -0.607752 -0.636527
vn -0.486912 -0.671618 -0.558432
vn -0.520190 -0.587221 -0.620140
vn -0.536764 -0.647486 -0.540968
vn -0.546959 -0.637431 -0.542695
vn -0.583614 -0.573724 -0.574661
vn -0.621069 -0.555886 -0.552506
vn -0.637324 -0.511104 -0.576707
vn -0.653297 -0.494916 -0.572940
vn -0.685994 -0.537277 -0.490658
vn -0.669412 -0.421125 -0.611998
vn -0.717308 -0.483466 -0.501728
vn -0.743247 -0.513648 -0.428660
vn -0.754608 -0.494241 -0.431616
vn -0.750699 -0.408214 -0.519434
vn -0.782934 -0.425887 -0.453469
vn -0.779392 -0.342048 -0.524930
vn -0.832741 -0.330434 -0.444247
vn -0.816958 -0.284348 -0.501722
vn -0.865434 -0.264000 -0.425826
vn -0.853328 -0.213034 -0.475865
vn -0.877325 -0.204642 -0.434077
vn -0.859324 -0.164930 -0.484107
vn -0.874236 -0.153968 -0.460440
vn -0.894017 -0.137948 -0.426267
vn -0.880537 -0.095196 -0.464319
vn -0.902422 -0.079656 -0.423426
vn -0.877618 -0.044787 -0.477263
vn -0.900162 -0.023555 -0.434919
vn -0.901420 0.023849 -0.432288
vn -0.935151 0.047381 -0.351067
vn -0.880776 0.077917 -0.467079
vn -0.919356 0.107097 -0.378570
vn -0.914647 0.118097 -0.386618
vn -0.871398 0.146467 -0.468201
vn -0.906422 0.183639 -0.380364
vn -0.858449 0.196663 -0.473697
vn -0.873298 0.228510 -0.430272
vn -0.885087 0.249124 -0.393140
vn -0.835389 0.261485 -0.483478
vn -0.862789 0.310631 -0.398877
vn -0.802782 0.315858 -0.505741
vn -0.791538 0.340005 -0.507804
vn -0.800228 0.395734 -0.450589
vn -0.737399 0.351041 -0.577073
vn -0.765570 0.434289 -0.474654
vn -0.766744 0.462400 -0.445298
vn -0.718372 0.446864 -0.533155
vn -0.723384 0.502457 -0.473553
vn -0.624405 0.561494 -0.542995
vn -0.595541 0.541789 -0.593124
vn -0.567618 0.511651 -0.644999
vn -0.566017 0.583681 -0.582186
vn -0.499817 0.598697 -0.625896
vn -0.473383 0.549337 -0.688577
vn -0.456986 0.667041 -0.588404
vn -0.421913 0.638875 -0.643295
vn -0.380043 0.655367 -0.652734
vn -0.369763 0.597345 -0.711656
vn -0.330368 0.695507 -0.638065
vn -0.122177 -0.389522 -0.912877
vn -0.078643 -0.373705 -0.924208
vn 0.025240 -0.385841 -0.922220
vn 0.021321 -0.264738 -0.964085
vn -0.019318 -0.218908 -0.975554
vn 0.009069 -0.194124 -0.980935
vn 0.012188 -0.158170 -0.987337
vn 0.072788 -0.132624 -0.988490
vn 0.155240 -0.080926 -0.984556
vn 0.074517 -0.034884 -0.996609
vn 0.090231 0.007476 -0.995893
vn 0.015259 0.058875 -0.998149
vn 0.053469 0.127659 -0.990376
vn 0.064005 0.208753 -0.975872
vn 0.006519 0.208098 -0.978086
vn -0.020966 0.221030 -0.975042
vn -0.002186 0.289884 -0.957059
vn -0.047739 0.303415 -0.951662
vn -0.078816 0.360021 -0.929609
vn -0.103783 0.375537 -0.920978
vn -0.141405 0.393364 -0.908444
vn -0.136407 0.502743 -0.853606
vn -0.259434 0.467778 -0.844913
vn -0.291850 0.436326 -0.851142
vn -0.325501 0.452384 -0.830300
vn -0.337624 0.521376 -0.783695
vn -0.372148 0.491443 -0.787394
vn -0.216423 -0.583691 -0.782602
vn -0.282155 -0.529646 -0.799915
vn -0.336712 -0.548221 -0.765558
vn -0.356981 -0.596318 -0.719006
vn -0.462307 -0.563848 -0.684360
vn -0.504719 -0.543746 -0.670522
vn -0.557653 -0.514342 -0.651518
vn -0.717585 -0.385952 -0.579752
vn -0.718288 -0.309456 -0.623136
vn -0.757975 -0.283976 -0.587224
vn -0.785026 -0.234576 -0.573331
vn -0.821086 -0.212680 -0.529702
vn -0.852387 -0.104698 -0.512323
vn -0.849839 0.056283 -0.524028
vn -0.840259 0.116359 -0.529552
vn -0.835382 0.166218 -0.523935
vn -0.821928 0.233149 -0.519688
vn -0.802343 0.277037 -0.528674
vn -0.710943 0.400469 -0.578087
vn -0.647799 0.407208 -0.643847
vn -0.620499 0.450551 -0.641861
vn -0.533552 0.485917 -0.692248
vn -0.445653 0.565557 -0.693930
vn -0.169606 -0.457686 -0.872787
vn -0.158110 -0.377770 -0.912300
vn -0.110980 -0.366151 -0.923914
vn -0.145130 -0.292390 -0.945222
vn -0.055325 -0.338990 -0.939162
vn -0.110269 -0.266408 -0.957532
vn -0.084201 -0.257857 -0.962507
vn 0.004811 -0.278226 -0.960504
vn -0.018785 -0.194478 -0.980727
vn -0.005260 -0.163870 -0.986468
vn 0.039732 -0.142351 -0.989018
vn -0.050518 -0.091166 -0.994554
vn 0.029653 -0.086435 -0.995816
vn 0.038732 -0.047573 -0.998117
vn 0.061071 -0.010762 -0.998075
vn -0.028317 0.013902 -0.999502
vn 0.081835 0.050045 -0.995389
vn 0.035001 0.094157 -0.994942
vn 0.050295 0.174503 -0.983371
vn -0.079882 0.203943 -0.975718
vn -0.016826 0.258014 -0.965995
vn -0.056500 0.277504 -0.959062
vn -0.165929 0.219917 -0.961303
vn -0.079743 0.314824 -0.945794
vn -0.143791 0.364775 -0.919925
vn -0.202347 0.326403 -0.923318
vn -0.165095 0.430126 -0.887545
vn -0.220920 0.372534 -0.901340
vn -0.268404 0.335883 -0.902852
vn -0.250833 0.441260 -0.861610
vn -0.316324 0.427848 -0.846691
vn -0.356871 0.353168 -0.864821
vn -0.236369 -0.442226 -0.865197
vn -0.253931 -0.460747 -0.850430
vn -0.300074 -0.400470 -0.865783
vn -0.329976 -0.431800 -0.839443
vn -0.365779 -0.440040 -0.820104
vn -0.400896 -0.447244 -0.799534
vn -0.416285 -0.479745 -0.772368
vn -0.443600 -0.460138 -0.769086
vn -0.477059 -0.437733 -0.762105
vn -0.516890 -0.427980 -0.741389
vn -0.565965 -0.425690 -0.706025
vn -0.580139 -0.386852 -0.716788
vn -0.597383 -0.357595 -0.717815
vn -0.629802 -0.388427 -0.672662
vn -0.651282 -0.332554 -0.682085
vn -0.678547 -0.293616 -0.673323
vn -0.721867 -0.223426 -0.654972
vn -0.750289 -0.149330 -0.644024
vn -0.755764 -0.126288 -0.642551
vn -0.789362 -0.111527 -0.603714
vn -0.758620 -0.061259 -0.648647
vn -0.787407 -0.041590 -0.615029
vn -0.796337 -0.005708 -0.604826
vn -0.782284 0.024444 -0.622442
vn -0.770301 0.070058 -0.633821
vn -0.763507 0.113307 -0.635781
vn -0.746941 0.144570 -0.648983
vn -0.783612 0.185081 -0.593040
vn -0.744687 0.198729 -0.637140
vn -0.705276 0.215586 -0.675358
vn -0.699830 0.246490 -0.670433
vn -0.718805 0.292282 -0.630786
vn -0.674496 0.304231 -0.672680
vn -0.647687 0.327641 -0.687861
vn -0.676033 0.428292 -0.599621
vn -0.571286 0.381363 -0.726770
vn -0.543371 0.369513 -0.753796
vn -0.499553 0.417320 -0.759138
vn -0.475894 0.410072 -0.778053
vn -0.424810 0.480080 -0.767502
vn -0.400197 0.461975 -0.791468
vn -0.223187 -0.321535 -0.920219
vn -0.219345 -0.287499 -0.932326
vn -0.235286 -0.245048 -0.940528
vn -0.224358 -0.240032 -0.944483
vn -0.207672 -0.214244 -0.954448
vn -0.199978 -0.194211 -0.960360
vn -0.176591 -0.173445 -0.968882
vn -0.132275 -0.178342 -0.975037
vn -0.153359 -0.125307 -0.980193
vn -0.157438 -0.108975 -0.981498
vn -0.250737 -0.062811 -0.966015
vn -0.081608 -0.107886 -0.990808
vn -0.087727 -0.056618 -0.994534
vn -0.020282 -0.053012 -0.998388
vn -0.072742 -0.030061 -0.996898
vn -0.085456 -0.014055 -0.996243
vn -0.142701 0.017107 -0.989618
vn -0.105685 0.076337 -0.991465
vn -0.144924 0.097729 -0.984605
vn -0.101688 0.132809 -0.985911
vn -0.078888 0.168324 -0.982570
vn -0.167641 0.164159 -0.972084
vn -0.137706 0.202252 -0.969604
vn -0.167465 0.249194 -0.953865
vn -0.167638 0.277585 -0.945962
vn -0.227549 0.212831 -0.950223
vn -0.263700 0.245274 -0.932900
vn -0.258084 0.290221 -0.921501
vn -0.299883 0.350862 -0.887111
vn -0.317020 0.330616 -0.888927
vn -0.377292 0.236161 -0.895477
vn -0.235551 -0.376116 -0.896132
vn -0.329563 -0.359005 -0.873215
vn -0.514955 -0.322993 -0.794039
vn -0.690395 -0.251035 -0.678481
vn -0.634873 -0.181820 -0.750918
vn -0.721671 -0.172364 -0.670434
vn -0.664690 0.129890 -0.735742
vn -0.579006 0.253752 -0.774830
vn -0.598424 0.338135 -0.726329
vn -0.551679 0.280015 -0.785647
vn -0.509431 0.338884 -0.790973
vn -0.443886 0.333107 -0.831868
vn -0.367791 0.392758 -0.842895
vn -0.270202 -0.161267 -0.949202
vn -0.229207 -0.147205 -0.962182
vn -0.123406 -0.169311 -0.977806
vn -0.154346 -0.137432 -0.978412
vn -0.188005 -0.064770 -0.980030
vn -0.211821 -0.045340 -0.976256
vn -0.196624 -0.028503 -0.980065
vn -0.190489 0.000244 -0.981689
vn -0.190178 0.021651 -0.981511
vn -0.227698 0.022843 -0.973464
vn -0.107926 0.048793 -0.992961
vn -0.259395 0.042266 -0.964846
vn -0.074117 0.104996 -0.991707
vn -0.223524 0.084647 -0.971016
vn -0.189705 0.176279 -0.965887
vn -0.204237 0.271897 -0.940404
vn -0.282805 0.262775 -0.922481
vn -0.344539 0.224933 -0.911426
vn -0.339044 0.297582 -0.892465
vn -0.390056 0.234841 -0.890340
vn -0.362414 -0.267729 -0.892736
vn -0.388964 -0.348622 -0.852743
vn -0.404330 -0.263052 -0.875969
vn -0.423749 -0.301798 -0.854022
vn -0.472477 -0.230827 -0.850579
vn -0.540804 -0.247762 -0.803832
vn -0.575962 -0.262451 -0.774201
vn -0.540664 -0.180063 -0.821742
vn -0.600340 -0.185747 -0.777875
vn -0.589495 -0.130120 -0.797223
vn -0.649998 -0.152854 -0.744405
vn -0.646319 -0.087566 -0.758027
vn -0.684809 -0.071799 -0.725177
vn -0.620117 -0.039167 -0.783531
vn -0.662927 -0.021792 -0.748367
vn -0.607652 0.039901 -0.793200
vn -0.674426 0.168136 -0.718944
vn -0.596978 0.153071 -0.787519
vn -0.625420 0.209828 -0.751547
vn -0.507276 0.221229 -0.832904
vn -0.498654 0.242391 -0.832221
vn -0.462668 0.300368 -0.834097
vn -0.396979 0.294133 -0.869421
vn -0.328638 -0.138593 -0.934232
vn -0.312679 -0.145338 -0.938674
vn -0.296713 -0.151098 -0.942937
vn -0.273762 -0.142825 -0.951134
vn -0.251580 -0.117711 -0.960652
vn -0.273310 -0.082743 -0.958361
vn -0.220136 -0.062403 -0.973471
vn -0.255808 -0.012248 -0.966650
vn -0.257025 0.028189 -0.965993
vn -0.281096 0.042836 -0.958723
vn -0.218775 0.076382 -0.972781
vn -0.306098 0.047253 -0.950827
vn -0.174329 0.128468 -0.976271
vn -0.237296 0.103021 -0.965959
vn -0.324588 0.057878 -0.944083
vn -0.268761 0.117715 -0.955987
vn -0.268839 0.137684 -0.953294
vn -0.322476 0.089108 -0.942374
vn -0.280229 0.159751 -0.946547
vn -0.246760 0.228509 -0.941750
vn -0.300686 0.162082 -0.939850
vn -0.311526 0.166191 -0.935592
vn -0.334631 0.135027 -0.932625
vn -0.347019 0.127943 -0.929090
vn -0.375137 0.075628 -0.923879
vn -0.374123 0.109539 -0.920887
vn -0.355292 0.264010 -0.896698
vn -0.376430 0.176878 -0.909403
vn -0.273904 -0.271265 -0.922709
vn -0.287709 -0.296281 -0.910737
vn -0.360162 -0.122630 -0.924795
vn -0.310752 -0.298878 -0.902278
vn -0.364099 -0.191037 -0.911557
vn -0.368565 -0.326683 -0.870309
vn -0.409632 -0.155091 -0.898971
vn -0.449350 -0.346804 -0.823293
vn -0.446950 -0.242656 -0.861019
vn -0.476134 -0.315548 -0.820808
vn -0.518843 -0.274650 -0.809549
vn -0.497648 -0.192213 -0.845814
vn -0.487998 -0.141804 -0.861249
vn -0.602479 -0.226978 -0.765180
vn -0.553073 -0.117886 -0.824750
vn -0.569888 -0.094735 -0.816243
vn -0.532145 -0.065543 -0.844112
vn -0.646789 -0.114499 -0.754025
vn -0.554445 -0.059367 -0.830100
vn -0.543931 -0.040910 -0.838132
vn -0.538056 -0.016390 -0.842750
vn -0.566820 -0.003801 -0.823833
vn -0.651157 0.003851 -0.758933
vn -0.669729 0.030700 -0.741971
vn -0.682756 0.071763 -0.727114
vn -0.682517 0.096816 -0.724429
vn -0.598010 0.078312 -0.797654
vn -0.541757 0.076281 -0.837066
vn -0.602041 0.133399 -0.787243
vn -0.489920 0.061683 -0.869582
vn -0.519694 0.100911 -0.848372
vn -0.563966 0.166074 -0.808926
vn -0.586953 0.223235 -0.778236
vn -0.475605 0.102051 -0.873719
vn -0.521412 0.188334 -0.832262
vn -0.486311 0.155420 -0.859852
vn -0.463588 0.183759 -0.866787
vn -0.463109 0.235681 -0.854391
vn -0.432999 0.163932 -0.886362
vn -0.417668 0.292063 -0.860379
vn -0.399782 0.164914 -0.901653
vn -0.389899 -0.001417 -0.920856
vn -0.389265 -0.002210 -0.921123
vn -0.388223 -0.003490 -0.921559
vn -0.328914 -0.064275 -0.942170
vn -0.389097 -0.001263 -0.921196
vn -0.311246 -0.002596 -0.950326
vn -0.386830 0.000102 -0.922151
vn -0.300365 0.007327 -0.953796
vn -0.267517 0.033664 -0.962965
vn -0.298974 0.043690 -0.953261
vn -0.330777 0.041992 -0.942774
vn -0.265310 0.096556 -0.959316
vn -0.338059 0.084012 -0.937368
vn -0.341249 0.092931 -0.935368
vn -0.366904 0.052217 -0.928792
vn -0.330410 0.201383 -0.922103
vn -0.390827 0.001174 -0.920463
vn -0.390740 0.006708 -0.920476
vn -0.348367 -0.121237 -0.929485
vn -0.347396 -0.144198 -0.926565
vn -0.350509 -0.204952 -0.913859
vn -0.382593 -0.069832 -0.921274
vn -0.379475 -0.131768 -0.915771
vn -0.390071 -0.171212 -0.904727
vn -0.396186 -0.089487 -0.913799
vn -0.414343 -0.124551 -0.901558
vn -0.427905 -0.138927 -0.893083
vn -0.418724 -0.085580 -0.904072
vn -0.441720 -0.136028 -0.886780
vn -0.439277 -0.103651 -0.892352
vn -0.451232 -0.104057 -0.886319
vn -0.437432 -0.058666 -0.897336
vn -0.455254 -0.068785 -0.887701
vn -0.501431 -0.109706 -0.858214
vn -0.456136 -0.053546 -0.888298
vn -0.516604 -0.093633 -0.851090
vn -0.505595 -0.069524 -0.859965
vn -0.486644 -0.037684 -0.872787
vn -0.429760 -0.008407 -0.902904
vn -0.501697 -0.020839 -0.864793
vn -0.502472 -0.006633 -0.864568
vn -0.530913 0.008521 -0.847383
vn -0.529627 0.024311 -0.847882
vn -0.501131 0.029600 -0.864865
vn -0.526534 0.053863 -0.848446
vn -0.435842 0.038299 -0.899208
vn -0.489533 0.097678 -0.866497
vn -0.491653 0.109725 -0.863851
vn -0.450780 0.079160 -0.889118
vn -0.459619 0.103057 -0.882117
vn -0.445054 0.092989 -0.890663
vn -0.430613 0.097828 -0.897219
vn -0.429135 0.116320 -0.895719
vn -0.410269 0.088806 -0.907630
vn -0.415530 0.153709 -0.896498
vn -0.403404 0.114050 -0.907886
f 2//2 1//1 3//3
f 53//53 3//3 212//212
f 212//212 3//3 4//4
f 4//4 3//3 1//1
f 6//6 5//5 7//7
f 6//6 7//7 8//8
f 8//8 7//7 10//10
f 10//10 7//7 9//9
f 10//10 9//9 11//11
f 10//10 11//11 12//12
f 12//12 11//11 13//13
f 13//13 11//11 14//14
f 13//13 14//14 15//15
f 15//15 14//14 17//17
f 15//15 17//17 18//18
f 18//18 17//17 19//19
f 19//19 17//17 20//20
f 19//19 20//20 21//21
f 21//21 20//20 22//22
f 24//24 23//23 25//25
f 24//24 25//25 26//26
f 26//26 25//25 28//28
f 28//28 25//25 27//27
f 28//28 27//27 29//29
f 28//28 29//29 30//30
f 30//30 29//29 31//31
f 30//30 31//31 6//6
f 6//6 31//31 5//5
f 2//2 32//32 1//1
f 1//1 32//32 33//33
f 1//1 33//33 34//34
f 34//34 33//33 36//36
f 36//36 33//33 35//35
f 36//36 35//35 37//37
f 36//36 37//37 38//38
f 38//38 37//37 40//40
f 40//40 37//37 39//39
f 40//40 39//39 41//41
f 40//40 41//41 64//64
f 43//43 42//42 44//44
f 43//43 44//44 45//45
f 45//45 44//44 47//47
f 47//47 44//44 46//46
f 47//47 46//46 48//48
f 47//47 48//48 49//49
f 49//49 48//48 50//50
f 49//49 50//50 24//24
f 24//24 50//50 23//23
f 53//53 79//79 3//3
f 54//54 55//55 56//56
f 64//64 41//41 63//63
f 64//64 63//63 65//65
f 64//64 65//65 66//66
f 66//66 65//65 68//68
f 68//68 65//65 67//67
f 68//68 67//67 69//69
f 68//68 69//69 70//70
f 70//70 69//69 71//71
f 70//70 71//71 43//43
f 43//43 71//71 42//42
f 72//72 97//97 16//16
f 75//75 76//76 61//61
f 61//61 76//76 60//60
f 77//77 78//78 51//51
f 79//79 53//53 80//80
f 83//83 82//82 74//74
f 74//74 82//82 73//73
f 58//58 57//57 87//87
f 88//88 131//131 89//89
f 88//88 89//89 59//59
f 90//90 107//107 91//91
f 52//52 62//62 92//92
f 97//97 72//72 96//96
f 99//99 98//98 16//16
f 99//99 16//16 97//97
f 81//81 112//112 83//83
f 83//83 112//112 82//82
f 74//74 73//73 84//84
f 84//84 73//73 85//85
f 137//137 101//101 100//100
f 100//100 101//101 55//55
f 55//55 101//101 56//56
f 119//119 103//103 102//102
f 102//102 103//103 120//120
f 106//106 105//105 58//58
f 58//58 105//105 57//57
f 75//75 132//132 76//76
f 77//77 149//149 78//78
f 52//52 108//108 62//62
f 62//62 108//108 109//109
f 93//93 94//94 22//22
f 22//22 94//94 110//110
f 22//22 110//110 21//21
f 95//95 111//111 96//96
f 96//96 111//111 97//97
f 98//98 99//99 81//81
f 81//81 99//99 112//112
f 118//118 119//119 102//102
f 104//104 129//129 106//106
f 106//106 129//129 105//105
f 109//109 108//108 93//93
f 93//93 108//108 94//94
f 79//79 80//80 122//122
f 122//122 80//80 121//121
f 122//122 121//121 95//95
f 95//95 121//121 111//111
f 84//84 85//85 113//113
f 113//113 85//85 114//114
f 113//113 114//114 135//135
f 124//124 142//142 120//120
f 124//124 120//120 103//103
f 86//86 125//125 127//127
f 127//127 125//125 128//128
f 127//127 128//128 104//104
f 104//104 128//128 129//129
f 131//131 88//88 130//130
f 59//59 89//89 132//132
f 59//59 132//132 75//75
f 136//136 135//135 114//114
f 135//135 136//136 115//115
f 115//115 137//137 100//100
f 117//117 116//116 123//123
f 116//116 2328//2328 123//123
f 123//123 2328//2328 138//138
f 138//138 2328//2328 118//118
f 118//118 2328//2328 119//119
f 133//133 139//139 90//90
f 90//90 139//139 107//107
f 115//115 136//136 137//137
f 2325//2325 141//141 55//55
f 2325//2325 55//55 54//54
f 2325//2325 2326//2326 141//141
f 141//141 2326//2326 117//117
f 117//117 2326//2326 116//116
f 142//142 124//124 143//143
f 126//126 125//125 86//86
f 131//131 130//130 155//155
f 60//60 145//145 61//61
f 61//61 145//145 165//165
f 140//140 149//149 77//77
f 51//51 78//78 134//134
f 134//134 78//78 150//150
f 124//124 151//151 143//143
f 143//143 151//151 144//144
f 151//151 152//152 144//144
f 144//144 152//152 126//126
f 126//126 152//152 125//125
f 155//155 130//130 154//154
f 156//156 157//157 133//133
f 133//133 157//157 139//139
f 158//158 159//159 146//146
f 160//160 187//187 147//147
f 147//147 187//187 148//148
f 134//134 150//150 174//174
f 147//147 148//148 153//153
f 148//148 163//163 153//153
f 153//153 163//163 172//172
f 161//161 162//162 92//92
f 92//92 162//162 52//52
f 155//155 154//154 164//164
f 146//146 159//159 169//169
f 146//146 169//169 166//166
f 164//164 154//154 178//178
f 178//178 154//154 170//170
f 158//158 190//190 159//159
f 172//172 173//173 140//140
f 140//140 173//173 149//149
f 174//174 176//176 161//161
f 161//161 176//176 162//162
f 167//167 168//168 175//175
f 175//175 168//168 171//171
f 171//171 168//168 188//188
f 172//172 163//163 173//173
f 174//174 150//150 176//176
f 178//178 170//170 177//177
f 145//145 179//179 165//165
f 165//165 179//179 156//156
f 156//156 179//179 157//157
f 182//182 204//204 167//167
f 167//167 204//204 168//168
f 169//169 183//183 166//166
f 166//166 183//183 184//184
f 180//180 181//181 194//194
f 171//171 188//188 201//201
f 189//189 190//190 158//158
f 185//185 186//186 160//160
f 160//160 186//186 187//187
f 177//177 191//191 178//178
f 181//181 193//193 194//194
f 194//194 193//193 203//203
f 57//57 195//195 87//87
f 87//87 195//195 196//196
f 87//87 196//196 177//177
f 177//177 196//196 197//197
f 177//177 197//197 191//191
f 192//192 198//198 180//180
f 180//180 198//198 181//181
f 199//199 200//200 185//185
f 185//185 200//200 186//186
f 184//184 183//183 199//199
f 199//199 183//183 200//200
f 107//107 1420//1420 91//91
f 91//91 1420//1420 198//198
f 91//91 198//198 192//192
f 203//203 193//193 202//202
f 188//188 206//206 201//201
f 201//201 206//206 189//189
f 189//189 206//206 190//190
f 205//205 204//204 182//182
f 203//203 202//202 205//205
f 205//205 202//202 204//204
f 110//110 210//210 21//21
f 211//211 212//212 4//4
f 211//211 4//4 1181//1181
f 212//212 213//213 214//214
f 212//212 211//211 213//213
f 213//213 215//215 214//214
f 214//214 215//215 217//217
f 217//217 215//215 216//216
f 217//217 216//216 219//219
f 216//216 218//218 219//219
f 219//219 218//218 221//221
f 221//221 218//218 220//220
f 220//220 222//222 221//221
f 221//221 222//222 224//224
f 224//224 222//222 223//223
f 224//224 223//223 225//225
f 225//225 223//223 226//226
f 225//225 226//226 228//228
f 228//228 226//226 227//227
f 227//227 229//229 228//228
f 228//228 229//229 233//233
f 229//229 230//230 233//233
f 233//233 230//230 232//232
f 232//232 230//230 231//231
f 232//232 231//231 235//235
f 231//231 234//234 235//235
f 235//235 234//234 236//236
f 235//235 236//236 239//239
f 239//239 236//236 238//238
f 239//239 238//238 237//237
f 237//237 238//238 240//240
f 237//237 240//240 242//242
f 242//242 240//240 241//241
f 242//242 241//241 243//243
f 243//243 241//241 244//244
f 243//243 244//244 246//246
f 246//246 244//244 245//245
f 246//246 245//245 248//248
f 248//248 245//245 247//247
f 248//248 247//247 250//250
f 250//250 247//247 249//249
f 250//250 249//249 252//252
f 252//252 249//249 251//251
f 252//252 251//251 254//254
f 254//254 251//251 253//253
f 254//254 253//253 255//255
f 254//254 255//255 256//256
f 256//256 255//255 2329//2329
f 2329//2329 255//255 257//257
f 2329//2329 257//257 2330//2330
f 2330//2330 257//257 258//258
f 2330//2330 258//258 2331//2331
f 2331//2331 258//258 259//259
f 2331//2331 259//259 260//260
f 2331//2331 260//260 2332//2332
f 2333//2333 261//261 2334//2334
f 260//260 261//261 2332//2332
f 2332//2332 261//261 2333//2333
f 2334//2334 261//261 262//262
f 263//263 264//264 266//266
f 2334//2334 262//262 263//263
f 263//263 262//262 264//264
f 266//266 264//264 265//265
f 266//266 265//265 2335//2335
f 265//265 267//267 2335//2335
f 2335//2335 267//267 269//269
f 269//269 267//267 268//268
f 268//268 270//270 269//269
f 269//269 270//270 272//272
f 272//272 270//270 271//271
f 272//272 271//271 274//274
f 271//271 273//273 274//274
f 274//274 273//273 275//275
f 273//273 276//276 275//275
f 275//275 276//276 2337//2337
f 2337//2337 276//276 277//277
f 2337//2337 277//277 278//278
f 278//278 277//277 279//279
f 278//278 279//279 281//281
f 279//279 280//280 281//281
f 281//281 280//280 282//282
f 282//282 280//280 284//284
f 280//280 283//283 284//284
f 284//284 283//283 285//285
f 284//284 285//285 286//286
f 286//286 285//285 287//287
f 285//285 288//288 287//287
f 287//287 288//288 289//289
f 289//289 290//290 291//291
f 289//289 288//288 290//290
f 291//291 290//290 292//292
f 292//292 293//293 2338//2338
f 292//292 290//290 293//293
f 2338//2338 293//293 295//295
f 295//295 293//293 294//294
f 295//295 294//294 296//296
f 295//295 296//296 298//298
f 296//296 297//297 298//298
f 298//298 297//297 2339//2339
f 2339//2339 297//297 299//299
f 2339//2339 299//299 2340//2340
f 2340//2340 299//299 300//300
f 2340//2340 300//300 302//302
f 302//302 300//300 301//301
f 302//302 301//301 303//303
f 303//303 301//301 304//304
f 303//303 304//304 306//306
f 306//306 304//304 305//305
f 306//306 305//305 308//308
f 305//305 307//307 308//308
f 308//308 307//307 309//309
f 309//309 307//307 310//310
f 309//309 310//310 311//311
f 310//310 312//312 311//311
f 313//313 314//314 316//316
f 311//311 312//312 313//313
f 313//313 312//312 314//314
f 316//316 314//314 315//315
f 316//316 315//315 318//318
f 318//318 315//315 317//317
f 318//318 317//317 321//321
f 317//317 319//319 321//321
f 321//321 319//319 320//320
f 321//321 320//320 2341//2341
f 2341//2341 320//320 324//324
f 2341//2341 324//324 323//323
f 323//323 324//324 322//322
f 322//322 326//326 323//323
f 323//323 326//326 325//325
f 325//325 326//326 327//327
f 325//325 327//327 328//328
f 328//328 327//327 330//330
f 327//327 329//329 330//330
f 330//330 329//329 2342//2342
f 2342//2342 329//329 331//331
f 2342//2342 331//331 333//333
f 333//333 331//331 332//332
f 333//333 332//332 2344//2344
f 2344//2344 332//332 334//334
f 2344//2344 334//334 335//335
f 335//335 334//334 336//336
f 335//335 336//336 338//338
f 338//338 336//336 337//337
f 338//338 337//337 339//339
f 339//339 337//337 340//340
f 339//339 340//340 2346//2346
f 2346//2346 340//340 342//342
f 340//340 341//341 342//342
f 342//342 343//343 2347//2347
f 342//342 341//341 343//343
f 2347//2347 343//343 344//344
f 344//344 343//343 345//345
f 345//345 346//346 344//344
f 344//344 346//346 347//347
f 347//347 346//346 350//350
f 350//350 346//346 348//348
f 348//348 349//349 350//350
f 350//350 349//349 352//352
f 352//352 349//349 351//351
f 352//352 351//351 354//354
f 354//354 353//353 356//356
f 354//354 351//351 353//353
f 356//356 353//353 355//355
f 356//356 355//355 357//357
f 356//356 357//357 359//359
f 359//359 357//357 358//358
f 359//359 358//358 360//360
f 358//358 361//361 360//360
f 360//360 361//361 363//363
f 361//361 362//362 363//363
f 363//363 362//362 365//365
f 365//365 362//362 364//364
f 365//365 364//364 367//367
f 364//364 366//366 367//367
f 367//367 366//366 368//368
f 368//368 366//366 370//370
f 370//370 366//366 369//369
f 369//369 372//372 370//370
f 370//370 372//372 371//371
f 372//372 373//373 371//371
f 371//371 373//373 374//374
f 374//374 373//373 375//375
f 374//374 375//375 377//377
f 375//375 376//376 377//377
f 377//377 376//376 379//379
f 379//379 376//376 378//378
f 379//379 378//378 380//380
f 380//380 378//378 381//381
f 380//380 381//381 382//382
f 380//380 382//382 384//384
f 384//384 382//382 383//383
f 384//384 383//383 385//385
f 384//384 385//385 386//386
f 386//386 385//385 388//388
f 388//388 385//385 387//387
f 388//388 387//387 389//389
f 389//389 387//387 390//390
f 389//389 390//390 2354//2354
f 2354//2354 390//390 2356//2356
f 390//390 391//391 2356//2356
f 2356//2356 391//391 392//392
f 2356//2356 392//392 394//394
f 394//394 392//392 393//393
f 394//394 393//393 396//396
f 396//396 393//393 395//395
f 396//396 395//395 397//397
f 396//396 397//397 398//398
f 398//398 397//397 400//400
f 400//400 397//397 399//399
f 400//400 399//399 2358//2358
f 2358//2358 399//399 401//401
f 2358//2358 401//401 402//402
f 402//402 401//401 403//403
f 402//402 403//403 405//405
f 403//403 404//404 405//405
f 405//405 404//404 406//406
f 405//405 406//406 407//407
f 407//407 406//406 409//409
f 407//407 409//409 408//408
f 409//409 410//410 408//408
f 408//408 410//410 412//412
f 412//412 410//410 411//411
f 411//411 413//413 412//412
f 412//412 413//413 414//414
f 414//414 413//413 416//416
f 416//416 413//413 415//415
f 415//415 417//417 416//416
f 416//416 417//417 419//419
f 419//419 417//417 418//418
f 419//419 418//418 421//421
f 421//421 418//418 420//420
f 421//421 420//420 422//422
f 422//422 420//420 2362//2362
f 2362//2362 420//420 423//423
f 2362//2362 423//423 424//424
f 2362//2362 424//424 425//425
f 425//425 424//424 427//427
f 427//427 424//424 426//426
f 427//427 426//426 428//428
f 428//428 426//426 429//429
f 429//429 430//430 428//428
f 428//428 430//430 431//431
f 431//431 430//430 432//432
f 431//431 432//432 434//434
f 434//434 432//432 433//433
f 436//436 434//434 435//435
f 434//434 433//433 435//435
f 436//436 435//435 437//437
f 436//436 437//437 438//438
f 438//438 437//437 439//439
f 438//438 439//439 2365//2365
f 439//439 440//440 2365//2365
f 2365//2365 440//440 442//442
f 442//442 440//440 441//441
f 441//441 443//443 442//442
f 442//442 443//443 445//445
f 445//445 443//443 444//444
f 445//445 444//444 2366//2366
f 2366//2366 444//444 446//446
f 2366//2366 446//446 2367//2367
f 2367//2367 446//446 447//447
f 2367//2367 447//447 448//448
f 448//448 447//447 450//450
f 447//447 449//449 450//450
f 450//450 449//449 451//451
f 450//450 451//451 2368//2368
f 2368//2368 451//451 453//453
f 453//453 451//451 452//452
f 453//453 452//452 455//455
f 455//455 452//452 454//454
f 455//455 454//454 2369//2369
f 2369//2369 454//454 456//456
f 2369//2369 456//456 458//458
f 456//456 457//457 458//458
f 458//458 457//457 459//459
f 459//459 457//457 460//460
f 459//459 460//460 461//461
f 461//461 460//460 463//463
f 461//461 463//463 462//462
f 462//462 463//463 464//464
f 462//462 464//464 466//466
f 466//466 464//464 465//465
f 465//465 464//464 467//467
f 465//465 467//467 468//468
f 468//468 467//467 469//469
f 468//468 469//469 471//471
f 471//471 469//469 470//470
f 471//471 470//470 473//473
f 470//470 472//472 473//473
f 473//473 472//472 475//475
f 475//475 472//472 474//474
f 475//475 474//474 2371//2371
f 2371//2371 474//474 476//476
f 2371//2371 476//476 477//477
f 477//477 476//476 478//478
f 477//477 478//478 2372//2372
f 2372//2372 478//478 479//479
f 2372//2372 479//479 481//481
f 481//481 479//479 480//480
f 481//481 480//480 2374//2374
f 480//480 482//482 2374//2374
f 2374//2374 482//482 483//483
f 483//483 482//482 484//484
f 483//483 484//484 485//485
f 483//483 485//485 2375//2375
f 2375//2375 485//485 486//486
f 2375//2375 486//486 488//488
f 486//486 487//487 488//488
f 488//488 487//487 489//489
f 492//492 489//489 490//490
f 489//489 487//487 490//490
f 492//492 490//490 491//491
f 492//492 491//491 494//494
f 494//494 491//491 493//493
f 494//494 493//493 2377//2377
f 493//493 495//495 2377//2377
f 2377//2377 495//495 496//496
f 2377//2377 496//496 497//497
f 496//496 498//498 497//497
f 497//497 498//498 500//500
f 500//500 498//498 499//499
f 500//500 499//499 501//501
f 501//501 499//499 502//502
f 501//501 502//502 503//503
f 503//503 502//502 504//504
f 504//504 502//502 505//505
f 504//504 505//505 506//506
f 506//506 505//505 2378//2378
f 505//505 507//507 2378//2378
f 2378//2378 507//507 509//509
f 509//509 507//507 508//508
f 509//509 508//508 510//510
f 509//509 510//510 513//513
f 513//513 510//510 512//512
f 513//513 512//512 511//511
f 511//511 512//512 514//514
f 511//511 514//514 2380//2380
f 2380//2380 514//514 516//516
f 2380//2380 516//516 515//515
f 516//516 517//517 515//515
f 515//515 517//517 518//518
f 518//518 517//517 519//519
f 518//518 519//519 523//523
f 519//519 520//520 523//523
f 523//523 520//520 522//522
f 522//522 520//520 521//521
f 522//522 521//521 524//524
f 524//524 521//521 525//525
f 524//524 525//525 527//527
f 527//527 525//525 526//526
f 527//527 526//526 528//528
f 527//527 528//528 530//530
f 530//530 528//528 529//529
f 530//530 529//529 531//531
f 529//529 532//532 531//531
f 531//531 532//532 534//534
f 532//532 533//533 534//534
f 534//534 533//533 2385//2385
f 2385//2385 533//533 535//535
f 2385//2385 535//535 537//537
f 537//537 535//535 536//536
f 537//537 536//536 539//539
f 539//539 536//536 538//538
f 538//538 540//540 539//539
f 539//539 540//540 541//541
f 541//541 540//540 542//542
f 541//541 542//542 543//543
f 543//543 542//542 545//545
f 542//542 544//544 545//545
f 545//545 544//544 547//547
f 547//547 544//544 546//546
f 547//547 546//546 2389//2389
f 546//546 548//548 2389//2389
f 2389//2389 548//548 550//550
f 550//550 548//548 549//549
f 550//550 549//549 551//551
f 551//551 552//552 554//554
f 551//551 549//549 552//552
f 552//552 553//553 554//554
f 554//554 553//553 555//555
f 554//554 555//555 557//557
f 557//557 555//555 556//556
f 557//557 556//556 559//559
f 556//556 558//558 559//559
f 559//559 558//558 560//560
f 558//558 561//561 560//560
f 560//560 561//561 563//563
f 563//563 561//561 562//562
f 563//563 562//562 564//564
f 562//562 565//565 564//564
f 564//564 565//565 566//566
f 565//565 567//567 566//566
f 566//566 567//567 569//569
f 569//569 567//567 568//568
f 569//569 568//568 571//571
f 571//571 568//568 574//574
f 574//574 568//568 570//570
f 574//574 570//570 573//573
f 574//574 573//573 572//572
f 572//572 573//573 575//575
f 572//572 575//575 576//576
f 576//576 575//575 580//580
f 580//580 575//575 577//577
f 580//580 577//577 578//578
f 578//578 577//577 579//579
f 578//578 579//579 582//582
f 582//582 579//579 581//581
f 582//582 581//581 583//583
f 581//581 584//584 583//583
f 583//583 584//584 586//586
f 586//586 584//584 585//585
f 586//586 585//585 2394//2394
f 2394//2394 585//585 587//587
f 2394//2394 587//587 589//589
f 587//587 588//588 589//589
f 589//589 588//588 591//591
f 588//588 590//590 591//591
f 591//591 590//590 593//593
f 593//593 590//590 592//592
f 593//593 592//592 594//594
f 592//592 595//595 594//594
f 594//594 595//595 2395//2395
f 2395//2395 595//595 596//596
f 596//596 595//595 598//598
f 596//596 598//598 597//597
f 598//598 599//599 597//597
f 597//597 599//599 2397//2397
f 2397//2397 599//599 601//601
f 601//601 599//599 600//600
f 601//601 600//600 603//603
f 603//603 600//600 604//604
f 604//604 600//600 602//602
f 604//604 602//602 607//607
f 607//607 602//602 605//605
f 606//606 608//608 610//610
f 607//607 605//605 606//606
f 606//606 605//605 608//608
f 606//606 610//610 609//609
f 610//610 611//611 609//609
f 609//609 611//611 612//612
f 612//612 611//611 613//613
f 612//612 613//613 614//614
f 614//614 613//613 615//615
f 614//614 615//615 616//616
f 615//615 617//617 616//616
f 616//616 617//617 618//618
f 618//618 617//617 620//620
f 620//620 617//617 619//619
f 620//620 619//619 622//622
f 619//619 621//621 622//622
f 622//622 621//621 623//623
f 622//622 623//623 624//624
f 624//624 623//623 626//626
f 626//626 623//623 625//625
f 626//626 628//628 627//627
f 626//626 625//625 628//628
f 627//627 628//628 630//630
f 630//630 628//628 629//629
f 630//630 629//629 632//632
f 632//632 629//629 631//631
f 632//632 631//631 633//633
f 633//633 634//634 637//637
f 633//633 631//631 634//634
f 637//637 634//634 635//635
f 637//637 635//635 636//636
f 635//635 638//638 636//636
f 636//636 638//638 639//639
f 639//639 638//638 640//640
f 639//639 640//640 642//642
f 642//642 640//640 641//641
f 642//642 641//641 643//643
f 642//642 643//643 645//645
f 645//645 643//643 644//644
f 645//645 644//644 647//647
f 647//647 644//644 646//646
f 647//647 646//646 649//649
f 649//649 646//646 648//648
f 649//649 648//648 651//651
f 651//651 648//648 650//650
f 651//651 650//650 652//652
f 652//652 650//650 653//653
f 652//652 653//653 654//654
f 654//654 653//653 2406//2406
f 653//653 655//655 2406//2406
f 2406//2406 655//655 657//657
f 657//657 655//655 658//658
f 657//657 658//658 656//656
f 657//657 656//656 660//660
f 660//660 656//656 659//659
f 660//660 659//659 661//661
f 661//661 663//663 662//662
f 661//661 659//659 663//663
f 662//662 663//663 666//666
f 666//666 663//663 664//664
f 666//666 664//664 665//665
f 666//666 665//665 667//667
f 667//667 665//665 668//668
f 668//668 665//665 669//669
f 668//668 669//669 670//670
f 669//669 671//671 670//670
f 670//670 671//671 673//673
f 673//673 671//671 672//672
f 673//673 672//672 674//674
f 675//675 677//677 674//674
f 675//675 674//674 672//672
f 675//675 676//676 677//677
f 677//677 676//676 679//679
f 676//676 678//678 679//679
f 679//679 678//678 681//681
f 681//681 678//678 680//680
f 681//681 680//680 683//683
f 683//683 680//680 682//682
f 683//683 682//682 209//209
f 209//209 682//682 684//684
f 209//209 684//684 685//685
f 209//209 685//685 688//688
f 688//688 685//685 686//686
f 688//688 686//686 687//687
f 687//687 686//686 689//689
f 687//687 689//689 690//690
f 690//690 689//689 2410//2410
f 689//689 691//691 2410//2410
f 2410//2410 691//691 693//693
f 693//693 691//691 692//692
f 693//693 692//692 694//694
f 693//693 694//694 695//695
f 695//695 694//694 696//696
f 695//695 696//696 698//698
f 698//698 696//696 697//697
f 698//698 697//697 699//699
f 698//698 699//699 700//700
f 700//700 699//699 701//701
f 701//701 699//699 702//702
f 701//701 702//702 704//704
f 704//704 702//702 703//703
f 704//704 703//703 705//705
f 705//705 703//703 707//707
f 707//707 703//703 706//706
f 707//707 706//706 708//708
f 708//708 706//706 709//709
f 708//708 709//709 711//711
f 711//711 709//709 710//710
f 711//711 710//710 712//712
f 712//712 710//710 713//713
f 713//713 710//710 714//714
f 714//714 715//715 713//713
f 713//713 715//715 716//716
f 720//720 716//716 717//717
f 716//716 715//715 717//717
f 720//720 717//717 719//719
f 719//719 717//717 718//718
f 719//719 721//721 722//722
f 719//719 718//718 721//721
f 722//722 721//721 724//724
f 724//724 721//721 723//723
f 723//723 721//721 725//725
f 723//723 725//725 726//726
f 726//726 727//727 730//730
f 726//726 725//725 727//727
f 727//727 728//728 730//730
f 730//730 728//728 729//729
f 730//730 729//729 732//732
f 732//732 729//729 731//731
f 732//732 731//731 733//733
f 733//733 731//731 735//735
f 735//735 731//731 734//734
f 735//735 734//734 736//736
f 735//735 736//736 737//737
f 737//737 736//736 738//738
f 737//737 738//738 739//739
f 739//739 738//738 740//740
f 739//739 740//740 741//741
f 740//740 742//742 741//741
f 741//741 742//742 743//743
f 743//743 742//742 2417//2417
f 2417//2417 742//742 744//744
f 744//744 746//746 2417//2417
f 2417//2417 746//746 745//745
f 747//747 748//748 749//749
f 745//745 746//746 748//748
f 745//745 748//748 747//747
f 749//749 751//751 752//752
f 748//748 750//750 749//749
f 749//749 750//750 751//751
f 753//753 754//754 756//756
f 752//752 751//751 753//753
f 753//753 751//751 754//754
f 756//756 754//754 755//755
f 756//756 755//755 757//757
f 756//756 757//757 759//759
f 759//759 757//757 758//758
f 759//759 758//758 760//760
f 760//760 758//758 761//761
f 760//760 761//761 763//763
f 763//763 761//761 762//762
f 763//763 762//762 764//764
f 764//764 762//762 765//765
f 764//764 765//765 766//766
f 766//766 765//765 767//767
f 766//766 767//767 2423//2423
f 2423//2423 767//767 2424//2424
f 2424//2424 767//767 768//768
f 2424//2424 768//768 771//771
f 768//768 769//769 771//771
f 771//771 769//769 770//770
f 771//771 770//770 772//772
f 772//772 770//770 208//208
f 772//772 208//208 773//773
f 773//773 774//774 776//776
f 208//208 774//774 773//773
f 774//774 775//775 776//776
f 776//776 775//775 778//778
f 778//778 775//775 777//777
f 778//778 777//777 779//779
f 779//779 777//777 780//780
f 780//780 781//781 779//779
f 779//779 781//781 782//782
f 782//782 781//781 784//784
f 782//782 784//784 783//783
f 783//783 784//784 785//785
f 783//783 785//785 787//787
f 787//787 785//785 786//786
f 787//787 786//786 788//788
f 787//787 788//788 790//790
f 790//790 788//788 789//789
f 790//790 789//789 792//792
f 789//789 791//791 792//792
f 792//792 791//791 793//793
f 793//793 791//791 794//794
f 793//793 794//794 796//796
f 794//794 795//795 796//796
f 796//796 795//795 798//798
f 798//798 795//795 797//797
f 798//798 797//797 800//800
f 800//800 797//797 799//799
f 800//800 799//799 802//802
f 799//799 801//801 802//802
f 802//802 801//801 804//804
f 804//804 801//801 803//803
f 804//804 805//805 807//807
f 804//804 803//803 805//805
f 805//805 806//806 807//807
f 808//808 809//809 811//811
f 807//807 806//806 808//808
f 808//808 806//806 809//809
f 811//811 809//809 810//810
f 811//811 810//810 812//812
f 812//812 810//810 813//813
f 812//812 813//813 2425//2425
f 2425//2425 813//813 814//814
f 2425//2425 814//814 815//815
f 814//814 816//816 815//815
f 815//815 816//816 817//817
f 817//817 816//816 818//818
f 817//817 818//818 820//820
f 820//820 818//818 819//819
f 820//820 819//819 822//822
f 819//819 821//821 822//822
f 822//822 821//821 824//824
f 824//824 821//821 823//823
f 824//824 823//823 826//826
f 826//826 823//823 825//825
f 826//826 825//825 2429//2429
f 825//825 827//827 2429//2429
f 2429//2429 827//827 829//829
f 827//827 828//828 829//829
f 829//829 828//828 2431//2431
f 2431//2431 828//828 830//830
f 2431//2431 830//830 832//832
f 832//832 830//830 831//831
f 832//832 831//831 833//833
f 832//832 833//833 834//834
f 834//834 835//835 2317//2317
f 833//833 835//835 834//834
f 835//835 836//836 2317//2317
f 837//837 838//838 839//839
f 2317//2317 836//836 837//837
f 837//837 836//836 838//838
f 839//839 838//838 2433//2433
f 2433//2433 838//838 840//840
f 2433//2433 840//840 841//841
f 840//840 842//842 841//841
f 841//841 842//842 844//844
f 844//844 842//842 843//843
f 844//844 843//843 845//845
f 844//844 845//845 2436//2436
f 2436//2436 845//845 846//846
f 2436//2436 846//846 848//848
f 848//848 846//846 847//847
f 848//848 847//847 849//849
f 847//847 850//850 849//849
f 849//849 850//850 852//852
f 850//850 851//851 852//852
f 852//852 851//851 2438//2438
f 2438//2438 851//851 853//853
f 2438//2438 853//853 854//854
f 854//854 853//853 855//855
f 854//854 855//855 856//856
f 858//858 856//856 857//857
f 856//856 855//855 857//857
f 858//858 857//857 2440//2440
f 2440//2440 857//857 860//860
f 2440//2440 860//860 859//859
f 859//859 860//860 861//861
f 859//859 861//861 862//862
f 862//862 861//861 864//864
f 864//864 861//861 863//863
f 864//864 863//863 867//867
f 863//863 866//866 867//867
f 867//867 866//866 865//865
f 866//866 868//868 865//865
f 865//865 868//868 870//870
f 870//870 868//868 869//869
f 870//870 869//869 871//871
f 870//870 871//871 2443//2443
f 871//871 872//872 2443//2443
f 2443//2443 872//872 875//875
f 875//875 872//872 873//873
f 873//873 874//874 875//875
f 875//875 874//874 876//876
f 876//876 874//874 877//877
f 876//876 877//877 878//878
f 878//878 877//877 2444//2444
f 877//877 879//879 2444//2444
f 2444//2444 879//879 881//881
f 881//881 879//879 880//880
f 881//881 880//880 2445//2445
f 2445//2445 880//880 882//882
f 2445//2445 882//882 2446//2446
f 2446//2446 882//882 883//883
f 2446//2446 883//883 884//884
f 883//883 885//885 884//884
f 884//884 885//885 886//886
f 889//889 886//886 885//885
f 885//885 890//890 889//889
f 889//889 890//890 888//888
f 888//888 890//890 887//887
f 888//888 887//887 892//892
f 892//892 887//887 891//891
f 892//892 891//891 893//893
f 893//893 894//894 895//895
f 893//893 891//891 894//894
f 895//895 894//894 897//897
f 897//897 894//894 896//896
f 897//897 896//896 898//898
f 897//897 898//898 899//899
f 899//899 898//898 900//900
f 899//899 900//900 902//902
f 902//902 900//900 901//901
f 902//902 901//901 903//903
f 901//901 904//904 903//903
f 903//903 904//904 905//905
f 905//905 904//904 906//906
f 905//905 906//906 908//908
f 908//908 906//906 907//907
f 908//908 907//907 909//909
f 909//909 907//907 910//910
f 909//909 910//910 911//911
f 911//911 910//910 912//912
f 911//911 912//912 913//913
f 913//913 912//912 914//914
f 913//913 914//914 916//916
f 916//916 914//914 917//917
f 917//917 914//914 915//915
f 917//917 915//915 918//918
f 918//918 919//919 920//920
f 915//915 919//919 918//918
f 920//920 919//919 922//922
f 920//920 922//922 921//921
f 922//922 923//923 921//921
f 921//921 923//923 924//924
f 924//924 923//923 927//927
f 923//923 925//925 927//927
f 927//927 925//925 926//926
f 927//927 926//926 929//929
f 929//929 926//926 928//928
f 929//929 928//928 931//931
f 931//931 928//928 930//930
f 931//931 930//930 932//932
f 932//932 930//930 934//934
f 934//934 930//930 933//933
f 934//934 933//933 935//935
f 935//935 933//933 936//936
f 935//935 936//936 937//937
f 935//935 937//937 938//938
f 938//938 937//937 939//939
f 939//939 937//937 940//940
f 939//939 940//940 2455//2455
f 2455//2455 940//940 941//941
f 2455//2455 941//941 942//942
f 942//942 943//943 944//944
f 942//942 941//941 943//943
f 944//944 945//945 947//947
f 944//944 943//943 945//945
f 945//945 946//946 947//947
f 947//947 948//948 950//950
f 947//947 946//946 948//948
f 950//950 948//948 949//949
f 950//950 949//949 952//952
f 949//949 951//951 952//952
f 952//952 951//951 954//954
f 954//954 951//951 953//953
f 954//954 953//953 956//956
f 956//956 953//953 955//955
f 956//956 955//955 958//958
f 955//955 957//957 958//958
f 958//958 957//957 960//960
f 957//957 959//959 960//960
f 960//960 959//959 961//961
f 960//960 961//961 963//963
f 963//963 961//961 962//962
f 963//963 962//962 964//964
f 964//964 962//962 965//965
f 964//964 965//965 966//966
f 966//966 965//965 967//967
f 966//966 967//967 968//968
f 968//968 967//967 970//970
f 967//967 969//969 970//970
f 970//970 971//971 972//972
f 970//970 969//969 971//971
f 972//972 971//971 975//975
f 975//975 971//971 973//973
f 975//975 973//973 974//974
f 975//975 974//974 976//976
f 976//976 974//974 978//978
f 976//976 978//978 977//977
f 978//978 979//979 977//977
f 977//977 979//979 980//980
f 980//980 979//979 981//981
f 980//980 981//981 984//984
f 981//981 982//982 984//984
f 984//984 982//982 983//983
f 984//984 983//983 985//985
f 985//985 983//983 986//986
f 985//985 986//986 987//987
f 986//986 988//988 987//987
f 987//987 988//988 989//989
f 989//989 988//988 991//991
f 991//991 988//988 990//990
f 991//991 990//990 993//993
f 993//993 990//990 992//992
f 993//993 992//992 995//995
f 995//995 992//992 994//994
f 995//995 994//994 996//996
f 996//996 997//997 999//999
f 994//994 997//997 996//996
f 997//997 998//998 999//999
f 999//999 998//998 1000//1000
f 1000//1000 998//998 1001//1001
f 1000//1000 1001//1001 1002//1002
f 1002//1002 1001//1001 1003//1003
f 1002//1002 1003//1003 2463//2463
f 2463//2463 1004//1004 1008//1008
f 2463//2463 1003//1003 1004//1004
f 1008//1008 1004//1004 1007//1007
f 1008//1008 1007//1007 1006//1006
f 1006//1006 1007//1007 1005//1005
f 1006//1006 1005//1005 1009//1009
f 1009//1009 1005//1005 1010//1010
f 1009//1009 1010//1010 1012//1012
f 1012//1012 1010//1010 1011//1011
f 1012//1012 1011//1011 1013//1013
f 1013//1013 1011//1011 1014//1014
f 1013//1013 1014//1014 2464//2464
f 2464//2464 1014//1014 1015//1015
f 2464//2464 1015//1015 1016//1016
f 1015//1015 1017//1017 1016//1016
f 1016//1016 1017//1017 1018//1018
f 1018//1018 1017//1017 1019//1019
f 1018//1018 1019//1019 1021//1021
f 1021//1021 1019//1019 1020//1020
f 1021//1021 1020//1020 1022//1022
f 1022//1022 1020//1020 1024//1024
f 1024//1024 1020//1020 1023//1023
f 1024//1024 1023//1023 1025//1025
f 1024//1024 1025//1025 1026//1026
f 1026//1026 1025//1025 1029//1029
f 1029//1029 1025//1025 1030//1030
f 1029//1029 1030//1030 1028//1028
f 1028//1028 1030//1030 1027//1027
f 1032//1032 1031//1031 2468//2468
f 1028//1028 1027//1027 1032//1032
f 1032//1032 1027//1027 1031//1031
f 2468//2468 1033//1033 1035//1035
f 2468//2468 1031//1031 1033//1033
f 1035//1035 1033//1033 1034//1034
f 1035//1035 1036//1036 2470//2470
f 1035//1035 1034//1034 1036//1036
f 2470//2470 1036//1036 1037//1037
f 2470//2470 1037//1037 1038//1038
f 1038//1038 1037//1037 1039//1039
f 1040//1040 1042//1042 3002//3002
f 3056//3056 1041//1041 1040//1040
f 1040//1040 1041//1041 1042//1042
f 1047//1047 1043//1043 1044//1044
f 1044//1044 1043//1043 3001//3001
f 3001//3001 1043//1043 1041//1041
f 3001//3001 1041//1041 3056//3056
f 1047//1047 1044//1044 1045//1045
f 1047//1047 1045//1045 1046//1046
f 1047//1047 1046//1046 1048//1048
f 1048//1048 1046//1046 3000//3000
f 1048//1048 3000//3000 1049//1049
f 3103//3103 1050//1050 3000//3000
f 3000//3000 1050//1050 1049//1049
f 1050//1050 3103//3103 3102//3102
f 1050//1050 3102//3102 2999//2999
f 1050//1050 2999//2999 1062//1062
f 2989//2989 1064//1064 2990//2990
f 2990//2990 1064//1064 1051//1051
f 2990//2990 1051//1051 2991//2991
f 2991//2991 1051//1051 2484//2484
f 2991//2991 2484//2484 2992//2992
f 2992//2992 2484//2484 2483//2483
f 2992//2992 2483//2483 1053//1053
f 1053//1053 2483//2483 1052//1052
f 1053//1053 1052//1052 2482//2482
f 1053//1053 2482//2482 2993//2993
f 2993//2993 2482//2482 1054//1054
f 2993//2993 1054//1054 2994//2994
f 2994//2994 1054//1054 2995//2995
f 2995//2995 1054//1054 1055//1055
f 2995//2995 1055//1055 2996//2996
f 2996//2996 1055//1055 1056//1056
f 2996//2996 1056//1056 1057//1057
f 1057//1057 1056//1056 3098//3098
f 3098//3098 1056//1056 1058//1058
f 3098//3098 1058//1058 3053//3053
f 3053//3053 1058//1058 2997//2997
f 2997//2997 1058//1058 1059//1059
f 2997//2997 1059//1059 2998//2998
f 2998//2998 1059//1059 1060//1060
f 2998//2998 1060//1060 3100//3100
f 3100//3100 1060//1060 3101//3101
f 3101//3101 1060//1060 1061//1061
f 3101//3101 1061//1061 3054//3054
f 3054//3054 1061//1061 1062//1062
f 3054//3054 1062//1062 2999//2999
f 1064//1064 2989//2989 1063//1063
f 1064//1064 1063//1063 1065//1065
f 1063//1063 2988//2988 1065//1065
f 1065//1065 2988//2988 1067//1067
f 1067//1067 2988//2988 1066//1066
f 1067//1067 1066//1066 1068//1068
f 1066//1066 2987//2987 1068//1068
f 1068//1068 2987//2987 1069//1069
f 1068//1068 1069//1069 1070//1070
f 1070//1070 1069//1069 3092//3092
f 1070//1070 3092//3092 3091//3091
f 1070//1070 3091//3091 1071//1071
f 1070//1070 1071//1071 1072//1072
f 2986//2986 1078//1078 1073//1073
f 2986//2986 1073//1073 1074//1074
f 1074//1074 1073//1073 1071//1071
f 1071//1071 1073//1073 1072//1072
f 2986//2986 1077//1077 1078//1078
f 1078//1078 1077//1077 3034//3034
f 1078//1078 3034//3034 1079//1079
f 1079//1079 3034//3034 2985//2985
f 1079//1079 2985//2985 1076//1076
f 1076//1076 2985//2985 1080//1080
f 1076//1076 1080//1080 1075//1075
f 2978//2978 207//207 3042//3042
f 207//207 2308//2308 3042//3042
f 3042//3042 2308//2308 3041//3041
f 3041//3041 2308//2308 3040//3040
f 3040//3040 2308//2308 1081//1081
f 3040//3040 1081//1081 2979//2979
f 2979//2979 1081//1081 1082//1082
f 2979//2979 1082//1082 2980//2980
f 2980//2980 1082//1082 1083//1083
f 2980//2980 1083//1083 2981//2981
f 2981//2981 1083//1083 3039//3039
f 3039//3039 1083//1083 1084//1084
f 3039//3039 1084//1084 2982//2982
f 2982//2982 1084//1084 1085//1085
f 2982//2982 1085//1085 1087//1087
f 1087//1087 1085//1085 1086//1086
f 1087//1087 1086//1086 2983//2983
f 2983//2983 1086//1086 1088//1088
f 2983//2983 1088//1088 2489//2489
f 2983//2983 2489//2489 3038//3038
f 3038//3038 2489//2489 1089//1089
f 3038//3038 1089//1089 1091//1091
f 1091//1091 1089//1089 1090//1090
f 1091//1091 1090//1090 2984//2984
f 2984//2984 1090//1090 2488//2488
f 2984//2984 2488//2488 3065//3065
f 3065//3065 2488//2488 1092//1092
f 3065//3065 1092//1092 3035//3035
f 3035//3035 1092//1092 1093//1093
f 3035//3035 1093//1093 1075//1075
f 1075//1075 1093//1093 1076//1076
f 1095//1095 2492//2492 1094//1094
f 1094//1094 2492//2492 2978//2978
f 2978//2978 2492//2492 207//207
f 1095//1095 1094//1094 2977//2977
f 1095//1095 2977//2977 1096//1096
f 1095//1095 1096//1096 1099//1099
f 1099//1099 1096//1096 2976//2976
f 1099//1099 2976//2976 1098//1098
f 1098//1098 2976//2976 1097//1097
f 1098//1098 1097//1097 1100//1100
f 1100//1100 1097//1097 2975//2975
f 1100//1100 2975//2975 2974//2974
f 1100//1100 2974//2974 1102//1102
f 1102//1102 2974//2974 1101//1101
f 1102//1102 1101//1101 1105//1105
f 1105//1105 1101//1101 1103//1103
f 1105//1105 1103//1103 1104//1104
f 1105//1105 1104//1104 1106//1106
f 1106//1106 1104//1104 2973//2973
f 1106//1106 2973//2973 3043//3043
f 1106//1106 3043//3043 1108//1108
f 1108//1108 3043//3043 1107//1107
f 1108//1108 1107//1107 2497//2497
f 2497//2497 1107//1107 1109//1109
f 2497//2497 1109//1109 2972//2972
f 2497//2497 2972//2972 2498//2498
f 2498//2498 2972//2972 3044//3044
f 2498//2498 3044//3044 1110//1110
f 3044//3044 2971//2971 1110//1110
f 1110//1110 2971//2971 1111//1111
f 1111//1111 2971//2971 2970//2970
f 1111//1111 2970//2970 1112//1112
f 1112//1112 2970//2970 3046//3046
f 1112//1112 3046//3046 1113//1113
f 1112//1112 1113//1113 1115//1115
f 1115//1115 1113//1113 1114//1114
f 1115//1115 1114//1114 1116//1116
f 1116//1116 1114//1114 2969//2969
f 2969//2969 2968//2968 1116//1116
f 1116//1116 2968//2968 1118//1118
f 1118//1118 2968//2968 1117//1117
f 1118//1118 1117//1117 1120//1120
f 1120//1120 1117//1117 2967//2967
f 1120//1120 2967//2967 1119//1119
f 1120//1120 1119//1119 1121//1121
f 1121//1121 1119//1119 2966//2966
f 1121//1121 2966//2966 1123//1123
f 1123//1123 2966//2966 1122//1122
f 1123//1123 1122//1122 1125//1125
f 1125//1125 1122//1122 1124//1124
f 1125//1125 1124//1124 1126//1126
f 1125//1125 1126//1126 1127//1127
f 1126//1126 2965//2965 1127//1127
f 1127//1127 2965//2965 2964//2964
f 1127//1127 2964//2964 1128//1128
f 1128//1128 2964//2964 1129//1129
f 1128//1128 1129//1129 1130//1130
f 1130//1130 1129//1129 2963//2963
f 3033//3033 1150//1150 3051//3051
f 3051//3051 1150//1150 1131//1131
f 3051//3051 1131//1131 2960//2960
f 2960//2960 1131//1131 1132//1132
f 2960//2960 1132//1132 1133//1133
f 1133//1133 1132//1132 3050//3050
f 3050//3050 1132//1132 1134//1134
f 3050//3050 1134//1134 1135//1135
f 1135//1135 1134//1134 3049//3049
f 3049//3049 1134//1134 2961//2961
f 2961//2961 1134//1134 1136//1136
f 2961//2961 1136//1136 1137//1137
f 2961//2961 1137//1137 1138//1138
f 1138//1138 1137//1137 1139//1139
f 1138//1138 1139//1139 2962//2962
f 2962//2962 1139//1139 1140//1140
f 2962//2962 1140//1140 1141//1141
f 1141//1141 1140//1140 2963//2963
f 2963//2963 1140//1140 1130//1130
f 3061//3061 1142//1142 3027//3027
f 3027//3027 1142//1142 1143//1143
f 3027//3027 1143//1143 3028//3028
f 3028//3028 1143//1143 1144//1144
f 3028//3028 1144//1144 1145//1145
f 3028//3028 1145//1145 3029//3029
f 3029//3029 1145//1145 3030//3030
f 3030//3030 1145//1145 2307//2307
f 3030//3030 2307//2307 1146//1146
f 3030//3030 1146//1146 3118//3118
f 3118//3118 1146//1146 1147//1147
f 1147//1147 1146//1146 3031//3031
f 3031//3031 1146//1146 1148//1148
f 3031//3031 1148//1148 3032//3032
f 3032//3032 1148//1148 3052//3052
f 3052//3052 1148//1148 1149//1149
f 3052//3052 1149//1149 3033//3033
f 3033//3033 1149//1149 1150//1150
f 1142//1142 3061//3061 1151//1151
f 1151//1151 3061//3061 3026//3026
f 3025//3025 2503//2503 1152//1152
f 3025//3025 1152//1152 3026//3026
f 3026//3026 1152//1152 1151//1151
f 2503//2503 3025//3025 3024//3024
f 2503//2503 3024//3024 1154//1154
f 1154//1154 3024//3024 1153//1153
f 1155//1155 1156//1156 1158//1158
f 1154//1154 1153//1153 1155//1155
f 1155//1155 1153//1153 3023//3023
f 1155//1155 3023//3023 1156//1156
f 1158//1158 1156//1156 3060//3060
f 1158//1158 3060//3060 1157//1157
f 1157//1157 3060//3060 3022//3022
f 1157//1157 3022//3022 1160//1160
f 1160//1160 3022//3022 1159//1159
f 1160//1160 1159//1159 1179//1179
f 1179//1179 1159//1159 3021//3021
f 3002//3002 1042//1042 2475//2475
f 3002//3002 2475//2475 3003//3003
f 3003//3003 2475//2475 2474//2474
f 3003//3003 2474//2474 3004//3004
f 3004//3004 2474//2474 1161//1161
f 3004//3004 1161//1161 3005//3005
f 3005//3005 1161//1161 1162//1162
f 3005//3005 1162//1162 3006//3006
f 3006//3006 1162//1162 3007//3007
f 3007//3007 1162//1162 1163//1163
f 3007//3007 1163//1163 3008//3008
f 3008//3008 1163//1163 2473//2473
f 3008//3008 2473//2473 3009//3009
f 3009//3009 2473//2473 1164//1164
f 3009//3009 1164//1164 3057//3057
f 3057//3057 1164//1164 1038//1038
f 3057//3057 1038//1038 1039//1039
f 3057//3057 1039//1039 3010//3010
f 3010//3010 1039//1039 1165//1165
f 3010//3010 1165//1165 3011//3011
f 3011//3011 1165//1165 3012//3012
f 3012//3012 1165//1165 1166//1166
f 3012//3012 1166//1166 3013//3013
f 3013//3013 1166//1166 1167//1167
f 3013//3013 1167//1167 3014//3014
f 3014//3014 1167//1167 1168//1168
f 3014//3014 1168//1168 1169//1169
f 3014//3014 1169//1169 3015//3015
f 3015//3015 1169//1169 3016//3016
f 3016//3016 1169//1169 1170//1170
f 3016//3016 1170//1170 1171//1171
f 3016//3016 1171//1171 3017//3017
f 3017//3017 1171//1171 1172//1172
f 3017//3017 1172//1172 3018//3018
f 3018//3018 1172//1172 1173//1173
f 3018//3018 1173//1173 1175//1175
f 1175//1175 1173//1173 1174//1174
f 1175//1175 1174//1174 3019//3019
f 3019//3019 1174//1174 1176//1176
f 3019//3019 1176//1176 3020//3020
f 3020//3020 1176//1176 1177//1177
f 3020//3020 1177//1177 3113//3113
f 3113//3113 1177//1177 3114//3114
f 3114//3114 1177//1177 1178//1178
f 3114//3114 1178//1178 3059//3059
f 3059//3059 1178//1178 1179//1179
f 3059//3059 1179//1179 3021//3021
f 1//1 1181//1181 4//4
f 1//1 1180//1180 1181//1181
f 34//34 1182//1182 1//1
f 1//1 1182//1182 1180//1180
f 36//36 1182//1182 34//34
f 36//36 1183//1183 1182//1182
f 38//38 1184//1184 36//36
f 36//36 1184//1184 1183//1183
f 40//40 1185//1185 38//38
f 38//38 1185//1185 1184//1184
f 40//40 1186//1186 1185//1185
f 64//64 1187//1187 40//40
f 40//40 1187//1187 1186//1186
f 64//64 1188//1188 1187//1187
f 66//66 1188//1188 64//64
f 68//68 1189//1189 66//66
f 66//66 1189//1189 1188//1188
f 68//68 1190//1190 1189//1189
f 70//70 1191//1191 68//68
f 68//68 1191//1191 1190//1190
f 70//70 1192//1192 1191//1191
f 43//43 1193//1193 70//70
f 70//70 1193//1193 1192//1192
f 43//43 1194//1194 1193//1193
f 45//45 1195//1195 43//43
f 43//43 1195//1195 1194//1194
f 47//47 1196//1196 45//45
f 45//45 1196//1196 1195//1195
f 47//47 1197//1197 1196//1196
f 49//49 1199//1199 47//47
f 47//47 1199//1199 1197//1197
f 49//49 1198//1198 1199//1199
f 24//24 1198//1198 49//49
f 24//24 1200//1200 1198//1198
f 26//26 1202//1202 24//24
f 24//24 1202//1202 1200//1200
f 28//28 1201//1201 26//26
f 26//26 1201//1201 1202//1202
f 30//30 1203//1203 28//28
f 28//28 1203//1203 1201//1201
f 30//30 1204//1204 1203//1203
f 6//6 1205//1205 30//30
f 30//30 1205//1205 1204//1204
f 6//6 1206//1206 1205//1205
f 8//8 1207//1207 6//6
f 6//6 1207//1207 1206//1206
f 10//10 1207//1207 8//8
f 10//10 1208//1208 1207//1207
f 12//12 1209//1209 10//10
f 10//10 1209//1209 1208//1208
f 13//13 1210//1210 12//12
f 12//12 1210//1210 1209//1209
f 15//15 1211//1211 13//13
f 13//13 1211//1211 1210//1210
f 1211//1211 15//15 1213//1213
f 1213//1213 15//15 18//18
f 19//19 1212//1212 18//18
f 18//18 1212//1212 1213//1213
f 19//19 1214//1214 1212//1212
f 21//21 210//210 19//19
f 19//19 210//210 1214//1214
f 1215//1215 74//74 1216//1216
f 1216//1216 74//74 1217//1217
f 1217//1217 74//74 84//84
f 1217//1217 84//84 1218//1218
f 1218//1218 84//84 1219//1219
f 1219//1219 84//84 113//113
f 1219//1219 113//113 1220//1220
f 1220//1220 113//113 1221//1221
f 1221//1221 113//113 135//135
f 1221//1221 135//135 1222//1222
f 1222//1222 135//135 1223//1223
f 1223//1223 135//135 115//115
f 1223//1223 115//115 1224//1224
f 1224//1224 115//115 1225//1225
f 1225//1225 115//115 100//100
f 1225//1225 100//100 1226//1226
f 1226//1226 100//100 1227//1227
f 1227//1227 100//100 55//55
f 1227//1227 55//55 1228//1228
f 1228//1228 55//55 1229//1229
f 1229//1229 55//55 141//141
f 1229//1229 141//141 1230//1230
f 1230//1230 141//141 1231//1231
f 1231//1231 141//141 117//117
f 1231//1231 117//117 123//123
f 1231//1231 123//123 1232//1232
f 1232//1232 123//123 1233//1233
f 1233//1233 123//123 138//138
f 1233//1233 138//138 118//118
f 1233//1233 118//118 1234//1234
f 1234//1234 118//118 1235//1235
f 1235//1235 118//118 102//102
f 1235//1235 102//102 1236//1236
f 1236//1236 102//102 1237//1237
f 1237//1237 102//102 120//120
f 1237//1237 120//120 1238//1238
f 1238//1238 120//120 1239//1239
f 1239//1239 120//120 142//142
f 1239//1239 142//142 1240//1240
f 1240//1240 142//142 1241//1241
f 1241//1241 142//142 143//143
f 1241//1241 143//143 144//144
f 1241//1241 144//144 1242//1242
f 1242//1242 144//144 1243//1243
f 1243//1243 144//144 126//126
f 1243//1243 126//126 86//86
f 1243//1243 86//86 1244//1244
f 1244//1244 86//86 1245//1245
f 1245//1245 86//86 127//127
f 1245//1245 127//127 1246//1246
f 1246//1246 127//127 1247//1247
f 1247//1247 127//127 104//104
f 1247//1247 104//104 1248//1248
f 1248//1248 104//104 1249//1249
f 1249//1249 104//104 106//106
f 1249//1249 106//106 1250//1250
f 1250//1250 106//106 1251//1251
f 1251//1251 106//106 58//58
f 1251//1251 58//58 1252//1252
f 1252//1252 58//58 1253//1253
f 1253//1253 58//58 87//87
f 1253//1253 87//87 177//177
f 1253//1253 177//177 1254//1254
f 1254//1254 177//177 1255//1255
f 1255//1255 177//177 170//170
f 1255//1255 170//170 154//154
f 1255//1255 154//154 1256//1256
f 1256//1256 154//154 1257//1257
f 1257//1257 154//154 130//130
f 1257//1257 130//130 1258//1258
f 1258//1258 130//130 1259//1259
f 1259//1259 130//130 88//88
f 1259//1259 88//88 59//59
f 1259//1259 59//59 1260//1260
f 1260//1260 59//59 1261//1261
f 1261//1261 59//59 75//75
f 1261//1261 75//75 1262//1262
f 1262//1262 75//75 1263//1263
f 1263//1263 75//75 61//61
f 1263//1263 61//61 1264//1264
f 1264//1264 61//61 1265//1265
f 1265//1265 61//61 165//165
f 1265//1265 165//165 1266//1266
f 74//74 1215//1215 83//83
f 83//83 1215//1215 1267//1267
f 83//83 1267//1267 1268//1268
f 83//83 1268//1268 81//81
f 81//81 1268//1268 1269//1269
f 81//81 1269//1269 1270//1270
f 81//81 1270//1270 98//98
f 98//98 1270//1270 16//16
f 16//16 1270//1270 1271//1271
f 16//16 1271//1271 1272//1272
f 16//16 1272//1272 72//72
f 72//72 1272//1272 96//96
f 96//96 1272//1272 1273//1273
f 96//96 1273//1273 95//95
f 95//95 1273//1273 1274//1274
f 95//95 1274//1274 1275//1275
f 95//95 1275//1275 122//122
f 122//122 1275//1275 1276//1276
f 122//122 1276//1276 1277//1277
f 122//122 1277//1277 79//79
f 79//79 1277//1277 1278//1278
f 79//79 1278//1278 1279//1279
f 79//79 1279//1279 3//3
f 3//3 1279//1279 1280//1280
f 3//3 1280//1280 1281//1281
f 3//3 1281//1281 2//2
f 2//2 1281//1281 32//32
f 32//32 1281//1281 1282//1282
f 32//32 1282//1282 33//33
f 33//33 1282//1282 1283//1283
f 33//33 1283//1283 1284//1284
f 33//33 1284//1284 35//35
f 35//35 1284//1284 37//37
f 37//37 1284//1284 1285//1285
f 37//37 1285//1285 1286//1286
f 37//37 1286//1286 39//39
f 39//39 1286//1286 41//41
f 41//41 1286//1286 1287//1287
f 41//41 1287//1287 1288//1288
f 41//41 1288//1288 63//63
f 63//63 1288//1288 65//65
f 65//65 1288//1288 1289//1289
f 65//65 1289//1289 1290//1290
f 65//65 1290//1290 67//67
f 67//67 1290//1290 69//69
f 69//69 1290//1290 1291//1291
f 69//69 1291//1291 1292//1292
f 69//69 1292//1292 71//71
f 71//71 1292//1292 42//42
f 42//42 1292//1292 1293//1293
f 42//42 1293//1293 1294//1294
f 42//42 1294//1294 44//44
f 44//44 1294//1294 1295//1295
f 44//44 1295//1295 1296//1296
f 44//44 1296//1296 46//46
f 46//46 1296//1296 48//48
f 48//48 1296//1296 1297//1297
f 48//48 1297//1297 1298//1298
f 48//48 1298//1298 50//50
f 50//50 1298//1298 23//23
f 23//23 1298//1298 1299//1299
f 23//23 1299//1299 1300//1300
f 23//23 1300//1300 25//25
f 25//25 1300//1300 1301//1301
f 25//25 1301//1301 1302//1302
f 25//25 1302//1302 27//27
f 27//27 1302//1302 29//29
f 29//29 1302//1302 1303//1303
f 29//29 1303//1303 1304//1304
f 29//29 1304//1304 31//31
f 31//31 1304//1304 5//5
f 5//5 1304//1304 1305//1305
f 5//5 1305//1305 1306//1306
f 5//5 1306//1306 7//7
f 7//7 1306//1306 1307//1307
f 7//7 1307//1307 1308//1308
f 7//7 1308//1308 9//9
f 9//9 1308//1308 11//11
f 11//11 1308//1308 1309//1309
f 11//11 1309//1309 1310//1310
f 11//11 1310//1310 14//14
f 14//14 1310//1310 1311//1311
f 14//14 1311//1311 1312//1312
f 14//14 1312//1312 17//17
f 17//17 1312//1312 1313//1313
f 17//17 1313//1313 1314//1314
f 17//17 1314//1314 20//20
f 20//20 1314//1314 22//22
f 22//22 1314//1314 1315//1315
f 22//22 1315//1315 93//93
f 93//93 1315//1315 1316//1316
f 93//93 1316//1316 1317//1317
f 93//93 1317//1317 109//109
f 109//109 1317//1317 62//62
f 62//62 1317//1317 1318//1318
f 62//62 1318//1318 1319//1319
f 62//62 1319//1319 92//92
f 92//92 1319//1319 1320//1320
f 92//92 1320//1320 1321//1321
f 92//92 1321//1321 161//161
f 161//161 1321//1321 1322//1322
f 161//161 1322//1322 1323//1323
f 161//161 1323//1323 174//174
f 174//174 1323//1323 1324//1324
f 174//174 1324//1324 1325//1325
f 174//174 1325//1325 134//134
f 134//134 1325//1325 1326//1326
f 134//134 1326//1326 1327//1327
f 134//134 1327//1327 51//51
f 51//51 1327//1327 1328//1328
f 51//51 1328//1328 1329//1329
f 51//51 1329//1329 77//77
f 77//77 1329//1329 1330//1330
f 77//77 1330//1330 1331//1331
f 77//77 1331//1331 140//140
f 140//140 1331//1331 1332//1332
f 140//140 1332//1332 1333//1333
f 140//140 1333//1333 172//172
f 172//172 1333//1333 1334//1334
f 172//172 1334//1334 1335//1335
f 172//172 1335//1335 153//153
f 153//153 1335//1335 1336//1336
f 153//153 1336//1336 1337//1337
f 153//153 1337//1337 147//147
f 147//147 1337//1337 1338//1338
f 147//147 1338//1338 1339//1339
f 147//147 1339//1339 160//160
f 160//160 1339//1339 1340//1340
f 160//160 1340//1340 1341//1341
f 160//160 1341//1341 185//185
f 185//185 1341//1341 1342//1342
f 185//185 1342//1342 1343//1343
f 185//185 1343//1343 199//199
f 199//199 1343//1343 184//184
f 184//184 1343//1343 1344//1344
f 184//184 1344//1344 166//166
f 166//166 1344//1344 1345//1345
f 166//166 1345//1345 1346//1346
f 166//166 1346//1346 146//146
f 146//146 1346//1346 1347//1347
f 146//146 1347//1347 1348//1348
f 146//146 1348//1348 158//158
f 158//158 1348//1348 1349//1349
f 158//158 1349//1349 1350//1350
f 158//158 1350//1350 189//189
f 189//189 1350//1350 1351//1351
f 189//189 1351//1351 1352//1352
f 189//189 1352//1352 201//201
f 201//201 1352//1352 1353//1353
f 201//201 1353//1353 1354//1354
f 201//201 1354//1354 171//171
f 171//171 1354//1354 1355//1355
f 171//171 1355//1355 1356//1356
f 171//171 1356//1356 175//175
f 175//175 1356//1356 167//167
f 167//167 1356//1356 1357//1357
f 167//167 1357//1357 1358//1358
f 167//167 1358//1358 182//182
f 182//182 1358//1358 205//205
f 205//205 1358//1358 1359//1359
f 205//205 1359//1359 1360//1360
f 205//205 1360//1360 203//203
f 203//203 1360//1360 1361//1361
f 203//203 1361//1361 1362//1362
f 203//203 1362//1362 194//194
f 194//194 1362//1362 1363//1363
f 194//194 1363//1363 1364//1364
f 194//194 1364//1364 180//180
f 180//180 1364//1364 1365//1365
f 180//180 1365//1365 1366//1366
f 180//180 1366//1366 192//192
f 192//192 1366//1366 1367//1367
f 192//192 1367//1367 1368//1368
f 192//192 1368//1368 91//91
f 91//91 1368//1368 90//90
f 90//90 1368//1368 1369//1369
f 90//90 1369//1369 1370//1370
f 90//90 1370//1370 133//133
f 133//133 1370//1370 1371//1371
f 133//133 1371//1371 1372//1372
f 133//133 1372//1372 156//156
f 156//156 1372//1372 1373//1373
f 156//156 1373//1373 1374//1374
f 156//156 1374//1374 165//165
f 165//165 1374//1374 1266//1266
f 195//195 1402//1402 196//196
f 196//196 1402//1402 1403//1403
f 196//196 1403//1403 197//197
f 1403//1403 1404//1404 197//197
f 197//197 1404//1404 191//191
f 191//191 1404//1404 2322//2322
f 191//191 2322//2322 178//178
f 178//178 2322//2322 1405//1405
f 178//178 1405//1405 164//164
f 164//164 1405//1405 155//155
f 155//155 1405//1405 1406//1406
f 155//155 1406//1406 1407//1407
f 155//155 1407//1407 131//131
f 131//131 1407//1407 1408//1408
f 131//131 1408//1408 89//89
f 89//89 1408//1408 1409//1409
f 89//89 1409//1409 132//132
f 132//132 1409//1409 1410//1410
f 132//132 1410//1410 1411//1411
f 132//132 1411//1411 76//76
f 76//76 1411//1411 60//60
f 1411//1411 1412//1412 60//60
f 60//60 1412//1412 145//145
f 145//145 1412//1412 1413//1413
f 145//145 1413//1413 179//179
f 179//179 1413//1413 157//157
f 157//157 1413//1413 1414//1414
f 157//157 1414//1414 1415//1415
f 157//157 1415//1415 139//139
f 139//139 1415//1415 1416//1416
f 139//139 1416//1416 1417//1417
f 139//139 1417//1417 107//107
f 107//107 1417//1417 1418//1418
f 107//107 1418//1418 1420//1420
f 1420//1420 1418//1418 1419//1419
f 1420//1420 1419//1419 1421//1421
f 1421//1421 1419//1419 1427//1427
f 1427//1427 1419//1419 2321//2321
f 1423//1423 1422//1422 1426//1426
f 1426//1426 1422//1422 1424//1424
f 1426//1426 1424//1424 1425//1425
f 1426//1426 1425//1425 2321//2321
f 2321//2321 1425//1425 1427//1427
f 1422//1422 1423//1423 1429//1429
f 1429//1429 1423//1423 1428//1428
f 1428//1428 1431//1431 1429//1429
f 1429//1429 1431//1431 1430//1430
f 1433//1433 1432//1432 1435//1435
f 1435//1435 1432//1432 1434//1434
f 1435//1435 1434//1434 1431//1431
f 1431//1431 1434//1434 1430//1430
f 1433//1433 1436//1436 1432//1432
f 1433//1433 1437//1437 1436//1436
f 1436//1436 1437//1437 1438//1438
f 1438//1438 1437//1437 1439//1439
f 1438//1438 1439//1439 1441//1441
f 1441//1441 1439//1439 1440//1440
f 1441//1441 1440//1440 1443//1443
f 1443//1443 1440//1440 1442//1442
f 1443//1443 1442//1442 1444//1444
f 1444//1444 1442//1442 2343//2343
f 1444//1444 2343//2343 1446//1446
f 2343//2343 1445//1445 1446//1446
f 1446//1446 1445//1445 1447//1447
f 1447//1447 1445//1445 2345//2345
f 2345//2345 1452//1452 1447//1447
f 1448//1448 1453//1453 1450//1450
f 1450//1450 1453//1453 1449//1449
f 1450//1450 1449//1449 1451//1451
f 1451//1451 1449//1449 1452//1452
f 1451//1451 1452//1452 2345//2345
f 1453//1453 1448//1448 1454//1454
f 1454//1454 1448//1448 2348//2348
f 1454//1454 2348//2348 1456//1456
f 1456//1456 2348//2348 1455//1455
f 1456//1456 1455//1455 1458//1458
f 1458//1458 1455//1455 1457//1457
f 1458//1458 1457//1457 1459//1459
f 1459//1459 1457//1457 2349//2349
f 1459//1459 2349//2349 1460//1460
f 1460//1460 2349//2349 1462//1462
f 1462//1462 2349//2349 1461//1461
f 1462//1462 1461//1461 1464//1464
f 1461//1461 1463//1463 1464//1464
f 1464//1464 1463//1463 1465//1465
f 1465//1465 1463//1463 2350//2350
f 1468//1468 1466//1466 1467//1467
f 1468//1468 1467//1467 2350//2350
f 2350//2350 1467//1467 1465//1465
f 2351//2351 1469//1469 1468//1468
f 1468//1468 1469//1469 1466//1466
f 2351//2351 1470//1470 1469//1469
f 1469//1469 1470//1470 1471//1471
f 1470//1470 2320//2320 1471//1471
f 1471//1471 2320//2320 1473//1473
f 1473//1473 2320//2320 1472//1472
f 1473//1473 1472//1472 1474//1474
f 1474//1474 1472//1472 2352//2352
f 1474//1474 2352//2352 1475//1475
f 1475//1475 2352//2352 1478//1478
f 2352//2352 1476//1476 1478//1478
f 1476//1476 1477//1477 1478//1478
f 1478//1478 1477//1477 1483//1483
f 1481//1481 1479//1479 1480//1480
f 1481//1481 1480//1480 1482//1482
f 1482//1482 1480//1480 1483//1483
f 1482//1482 1483//1483 1477//1477
f 1479//1479 1481//1481 1486//1486
f 1486//1486 1481//1481 1484//1484
f 1484//1484 1485//1485 1488//1488
f 1486//1486 1484//1484 1488//1488
f 2353//2353 1487//1487 1489//1489
f 1489//1489 1487//1487 1488//1488
f 1489//1489 1488//1488 1485//1485
f 1490//1490 1492//1492 2353//2353
f 2353//2353 1492//1492 1487//1487
f 1490//1490 1491//1491 1492//1492
f 1492//1492 1491//1491 1494//1494
f 1494//1494 1491//1491 1493//1493
f 1494//1494 1493//1493 1496//1496
f 1496//1496 1493//1493 1495//1495
f 1496//1496 1495//1495 1498//1498
f 1495//1495 2355//2355 1498//1498
f 1498//1498 2355//2355 1497//1497
f 1498//1498 1497//1497 1499//1499
f 1499//1499 1497//1497 1500//1500
f 1500//1500 1497//1497 2357//2357
f 1500//1500 2357//2357 1503//1503
f 1503//1503 2357//2357 1504//1504
f 1503//1503 1504//1504 1501//1501
f 1501//1501 1504//1504 1502//1502
f 1506//1506 1505//1505 1508//1508
f 1508//1508 1505//1505 1507//1507
f 1508//1508 1507//1507 1502//1502
f 1502//1502 1507//1507 1501//1501
f 1510//1510 1509//1509 1506//1506
f 1506//1506 1509//1509 1511//1511
f 1506//1506 1511//1511 1505//1505
f 1509//1509 1510//1510 1512//1512
f 1510//1510 1513//1513 1512//1512
f 1512//1512 1513//1513 1515//1515
f 1515//1515 1513//1513 2359//2359
f 1515//1515 2359//2359 1514//1514
f 1514//1514 2359//2359 1517//1517
f 1517//1517 2359//2359 1516//1516
f 1517//1517 1516//1516 1519//1519
f 1519//1519 1516//1516 1518//1518
f 1519//1519 1518//1518 2360//2360
f 1519//1519 2360//2360 1521//1521
f 1521//1521 2360//2360 1520//1520
f 1521//1521 1520//1520 1522//1522
f 1521//1521 1522//1522 1523//1523
f 1523//1523 1522//1522 2361//2361
f 1523//1523 2361//2361 1524//1524
f 1524//1524 2361//2361 1525//1525
f 1524//1524 1525//1525 1526//1526
f 1526//1526 1525//1525 2363//2363
f 1526//1526 2363//2363 1528//1528
f 1528//1528 2363//2363 1527//1527
f 1528//1528 1527//1527 1531//1531
f 1531//1531 1527//1527 1529//1529
f 1529//1529 1530//1530 1531//1531
f 2364//2364 1532//1532 1534//1534
f 1534//1534 1532//1532 1533//1533
f 1534//1534 1533//1533 1529//1529
f 1529//1529 1533//1533 1530//1530
f 1532//1532 2364//2364 1401//1401
f 1401//1401 2364//2364 1535//1535
f 1401//1401 1535//1535 1536//1536
f 1536//1536 1535//1535 1537//1537
f 1539//1539 1538//1538 1540//1540
f 1539//1539 1540//1540 1541//1541
f 1541//1541 1540//1540 1537//1537
f 1537//1537 1540//1540 1536//1536
f 1542//1542 1538//1538 1539//1539
f 1544//1544 1543//1543 1546//1546
f 1546//1546 1543//1543 1545//1545
f 1546//1546 1545//1545 1542//1542
f 1542//1542 1545//1545 1538//1538
f 1548//1548 1547//1547 1544//1544
f 1544//1544 1547//1547 1543//1543
f 1549//1549 1552//1552 1548//1548
f 1548//1548 1552//1552 1547//1547
f 1551//1551 1550//1550 1553//1553
f 1553//1553 1550//1550 1552//1552
f 1553//1553 1552//1552 1549//1549
f 1554//1554 1555//1555 1551//1551
f 1551//1551 1555//1555 1550//1550
f 1555//1555 1554//1554 1561//1561
f 1561//1561 1554//1554 1556//1556
f 1558//1558 1557//1557 1560//1560
f 1560//1560 1557//1557 1559//1559
f 1560//1560 1559//1559 1556//1556
f 1556//1556 1559//1559 1561//1561
f 1557//1557 1558//1558 1563//1563
f 1558//1558 1562//1562 1563//1563
f 1563//1563 1562//1562 1565//1565
f 1565//1565 1562//1562 1564//1564
f 1565//1565 1564//1564 1569//1569
f 2370//2370 1566//1566 1567//1567
f 2370//2370 1567//1567 1568//1568
f 1568//1568 1567//1567 1564//1564
f 1564//1564 1567//1567 1569//1569
f 1570//1570 1574//1574 1572//1572
f 1572//1572 1574//1574 1571//1571
f 1572//1572 1571//1571 1566//1566
f 1572//1572 1566//1566 2370//2370
f 1573//1573 1576//1576 1570//1570
f 1570//1570 1576//1576 1574//1574
f 1573//1573 1575//1575 1576//1576
f 1576//1576 1575//1575 1577//1577
f 1577//1577 1575//1575 1580//1580
f 2373//2373 1578//1578 1580//1580
f 1580//1580 1578//1578 1579//1579
f 1580//1580 1579//1579 1577//1577
f 1581//1581 1400//1400 1578//1578
f 1581//1581 1578//1578 2373//2373
f 1398//1398 1399//1399 1581//1581
f 1581//1581 1399//1399 1400//1400
f 1398//1398 1582//1582 1399//1399
f 1584//1584 1397//1397 1583//1583
f 1584//1584 1583//1583 1586//1586
f 1586//1586 1583//1583 1585//1585
f 1586//1586 1585//1585 1587//1587
f 1587//1587 1585//1585 1582//1582
f 1587//1587 1582//1582 1398//1398
f 1397//1397 1584//1584 1589//1589
f 1589//1589 1584//1584 2376//2376
f 1588//1588 1590//1590 1589//1589
f 1588//1588 1589//1589 2376//2376
f 1590//1590 1588//1588 1591//1591
f 1590//1590 1591//1591 1592//1592
f 1592//1592 1591//1591 1593//1593
f 1595//1595 1594//1594 1596//1596
f 1595//1595 1596//1596 1597//1597
f 1597//1597 1596//1596 1593//1593
f 1593//1593 1596//1596 1592//1592
f 1598//1598 1600//1600 1595//1595
f 1595//1595 1600//1600 1594//1594
f 1598//1598 1599//1599 1600//1600
f 1600//1600 1599//1599 1602//1602
f 1602//1602 1599//1599 1601//1601
f 1604//1604 1606//1606 1603//1603
f 1604//1604 1603//1603 1601//1601
f 1601//1601 1603//1603 1602//1602
f 1605//1605 1396//1396 1606//1606
f 1605//1605 1606//1606 1604//1604
f 2379//2379 1395//1395 1605//1605
f 1605//1605 1395//1395 1396//1396
f 1607//1607 1609//1609 2379//2379
f 2379//2379 1609//1609 1395//1395
f 2381//2381 1608//1608 1610//1610
f 1610//1610 1608//1608 1609//1609
f 1610//1610 1609//1609 1607//1607
f 1608//1608 2381//2381 1394//1394
f 1394//1394 2381//2381 1611//1611
f 1394//1394 1611//1611 1612//1612
f 1612//1612 1611//1611 2382//2382
f 1613//1613 1614//1614 2382//2382
f 2382//2382 1614//1614 1612//1612
f 1614//1614 1613//1613 1615//1615
f 1614//1614 1615//1615 1616//1616
f 1617//1617 1616//1616 1615//1615
f 2383//2383 1618//1618 1617//1617
f 1617//1617 1618//1618 1616//1616
f 1618//1618 2383//2383 1619//1619
f 1618//1618 1619//1619 1621//1621
f 1621//1621 1619//1619 1620//1620
f 1623//1623 1622//1622 2384//2384
f 2384//2384 1622//1622 1620//1620
f 1620//1620 1622//1622 1621//1621
f 1625//1625 1624//1624 1623//1623
f 1623//1623 1624//1624 1622//1622
f 1624//1624 1625//1625 1626//1626
f 1625//1625 1627//1627 1626//1626
f 1626//1626 1627//1627 1629//1629
f 1629//1629 1627//1627 1628//1628
f 2387//2387 1631//1631 1630//1630
f 2387//2387 1630//1630 2386//2386
f 2386//2386 1630//1630 1628//1628
f 1628//1628 1630//1630 1629//1629
f 1631//1631 2387//2387 1392//1392
f 1392//1392 2387//2387 1393//1393
f 1392//1392 1393//1393 1635//1635
f 1635//1635 1393//1393 1632//1632
f 1634//1634 1633//1633 1632//1632
f 1632//1632 1633//1633 1635//1635
f 2388//2388 1636//1636 1634//1634
f 1634//1634 1636//1636 1633//1633
f 1638//1638 1637//1637 1640//1640
f 1640//1640 1637//1637 1639//1639
f 1640//1640 1639//1639 2388//2388
f 2388//2388 1639//1639 1636//1636
f 1641//1641 1644//1644 1638//1638
f 1638//1638 1644//1644 1642//1642
f 1638//1638 1642//1642 1637//1637
f 1644//1644 1641//1641 1643//1643
f 1646//1646 1648//1648 1645//1645
f 1646//1646 1645//1645 1643//1643
f 1643//1643 1645//1645 1647//1647
f 1643//1643 1647//1647 1644//1644
f 1650//1650 1648//1648 1649//1649
f 1649//1649 1648//1648 1646//1646
f 1649//1649 2390//2390 1650//1650
f 1650//1650 2390//2390 1652//1652
f 1652//1652 2390//2390 1651//1651
f 1390//1390 1653//1653 1391//1391
f 1391//1391 1653//1653 1655//1655
f 1655//1655 1653//1653 1654//1654
f 1655//1655 1654//1654 1651//1651
f 1651//1651 1654//1654 1652//1652
f 1390//1390 1391//1391 1657//1657
f 1657//1657 1391//1391 1656//1656
f 1659//1659 1658//1658 2391//2391
f 2391//2391 1658//1658 1660//1660
f 2391//2391 1660//1660 1656//1656
f 1656//1656 1660//1660 1657//1657
f 1658//1658 1659//1659 1662//1662
f 1659//1659 1661//1661 1662//1662
f 1662//1662 1661//1661 1664//1664
f 1663//1663 1665//1665 2392//2392
f 1661//1661 2392//2392 1664//1664
f 1664//1664 2392//2392 1665//1665
f 1665//1665 1663//1663 1666//1666
f 1666//1666 1663//1663 1667//1667
f 1666//1666 1667//1667 1668//1668
f 1670//1670 1672//1672 1669//1669
f 1670//1670 1669//1669 2393//2393
f 2393//2393 1669//1669 1667//1667
f 1667//1667 1669//1669 1668//1668
f 1671//1671 1673//1673 1672//1672
f 1671//1671 1672//1672 1670//1670
f 1389//1389 1673//1673 1671//1671
f 1675//1675 1674//1674 1389//1389
f 1389//1389 1674//1674 1676//1676
f 1389//1389 1676//1676 1673//1673
f 1675//1675 1677//1677 1674//1674
f 1675//1675 2319//2319 1677//1677
f 1677//1677 2319//2319 1679//1679
f 2319//2319 1678//1678 1679//1679
f 1388//1388 1680//1680 2398//2398
f 2398//2398 1680//1680 1681//1681
f 1681//1681 1680//1680 2396//2396
f 2396//2396 1680//1680 1682//1682
f 2396//2396 1682//1682 1678//1678
f 1678//1678 1682//1682 1679//1679
f 1388//1388 2398//2398 1683//1683
f 1683//1683 2398//2398 1387//1387
f 1685//1685 1684//1684 1387//1387
f 1387//1387 1684//1684 1683//1683
f 1684//1684 1685//1685 1686//1686
f 1686//1686 1685//1685 1689//1689
f 1689//1689 1685//1685 1687//1687
f 1689//1689 1687//1687 1688//1688
f 1689//1689 1688//1688 1690//1690
f 2400//2400 1692//1692 1690//1690
f 2400//2400 1690//1690 1688//1688
f 1693//1693 1691//1691 2400//2400
f 2400//2400 1691//1691 1692//1692
f 1691//1691 1693//1693 1695//1695
f 1693//1693 1694//1694 1695//1695
f 1695//1695 1694//1694 1697//1697
f 1697//1697 1694//1694 1696//1696
f 1697//1697 1696//1696 1698//1698
f 1698//1698 1696//1696 2401//2401
f 2402//2402 1699//1699 2401//2401
f 2401//2401 1699//1699 1698//1698
f 2402//2402 1701//1701 1699//1699
f 2402//2402 1700//1700 1701//1701
f 1701//1701 1700//1700 1703//1703
f 1703//1703 1700//1700 1702//1702
f 1386//1386 1704//1704 2318//2318
f 2318//2318 1704//1704 1706//1706
f 1706//1706 1704//1704 1705//1705
f 1706//1706 1705//1705 1702//1702
f 1702//1702 1705//1705 1703//1703
f 1386//1386 2318//2318 1707//1707
f 1386//1386 1707//1707 1708//1708
f 2403//2403 1708//1708 1707//1707
f 1708//1708 2403//2403 1709//1709
f 1709//1709 2403//2403 1710//1710
f 1710//1710 2403//2403 2404//2404
f 1710//1710 2404//2404 1711//1711
f 1713//1713 1712//1712 1714//1714
f 1714//1714 1712//1712 1711//1711
f 1711//1711 1712//1712 1710//1710
f 1715//1715 1717//1717 1713//1713
f 1713//1713 1717//1717 1712//1712
f 1715//1715 1716//1716 1717//1717
f 1717//1717 1716//1716 1718//1718
f 1716//1716 2405//2405 1718//1718
f 1718//1718 2405//2405 1719//1719
f 1719//1719 1720//1720 1718//1718
f 1722//1722 1721//1721 1719//1719
f 1719//1719 1721//1721 1720//1720
f 1723//1723 1725//1725 1722//1722
f 1722//1722 1725//1725 1721//1721
f 1723//1723 1724//1724 1725//1725
f 1725//1725 1724//1724 1726//1726
f 1726//1726 1724//1724 1731//1731
f 1724//1724 1727//1727 1731//1731
f 1730//1730 1731//1731 1727//1727
f 1729//1729 1728//1728 1730//1730
f 1730//1730 1728//1728 1731//1731
f 1732//1732 1733//1733 1729//1729
f 1729//1729 1733//1733 1728//1728
f 1732//1732 1737//1737 1733//1733
f 1735//1735 1734//1734 1736//1736
f 1732//1732 1736//1736 1737//1737
f 1737//1737 1736//1736 1734//1734
f 1734//1734 1735//1735 1739//1739
f 1739//1739 1735//1735 1738//1738
f 1739//1739 1738//1738 1740//1740
f 1740//1740 1738//1738 1743//1743
f 1742//1742 1741//1741 1743//1743
f 1743//1743 1741//1741 1740//1740
f 1745//1745 1744//1744 1742//1742
f 1742//1742 1744//1744 1741//1741
f 1744//1744 1745//1745 1748//1748
f 1745//1745 1746//1746 1748//1748
f 1748//1748 1746//1746 1747//1747
f 1748//1748 1747//1747 1749//1749
f 1749//1749 1747//1747 1750//1750
f 1750//1750 1747//1747 2407//2407
f 1750//1750 2407//2407 1751//1751
f 1750//1750 1751//1751 1752//1752
f 1752//1752 1751//1751 1754//1754
f 1754//1754 1751//1751 1753//1753
f 2408//2408 1756//1756 1755//1755
f 1755//1755 1756//1756 1753//1753
f 1753//1753 1756//1756 1754//1754
f 1757//1757 1761//1761 1758//1758
f 1758//1758 1761//1761 1759//1759
f 1758//1758 1759//1759 2409//2409
f 2409//2409 1759//1759 1760//1760
f 2409//2409 1760//1760 2408//2408
f 2408//2408 1760//1760 1756//1756
f 1761//1761 1757//1757 1763//1763
f 1763//1763 1757//1757 1762//1762
f 1763//1763 1762//1762 1765//1765
f 1763//1763 1765//1765 1764//1764
f 1767//1767 1766//1766 1769//1769
f 1769//1769 1766//1766 1768//1768
f 1769//1769 1768//1768 2411//2411
f 2411//2411 1768//1768 1765//1765
f 1765//1765 1768//1768 1764//1764
f 1766//1766 1767//1767 1771//1771
f 1767//1767 1770//1770 1771//1771
f 1770//1770 1772//1772 1771//1771
f 1771//1771 1772//1772 1774//1774
f 1774//1774 1772//1772 1773//1773
f 1774//1774 1773//1773 1775//1775
f 1775//1775 1773//1773 1777//1777
f 1777//1777 1773//1773 1776//1776
f 2412//2412 1778//1778 1776//1776
f 1776//1776 1778//1778 1777//1777
f 1778//1778 2412//2412 1780//1780
f 2412//2412 1779//1779 1780//1780
f 1779//1779 1784//1784 1780//1780
f 1781//1781 1782//1782 1783//1783
f 1783//1783 1782//1782 1784//1784
f 1783//1783 1784//1784 1779//1779
f 1781//1781 1785//1785 1786//1786
f 1781//1781 1786//1786 1782//1782
f 1781//1781 1788//1788 1785//1785
f 1785//1785 1788//1788 1792//1792
f 1792//1792 1788//1788 1787//1787
f 2413//2413 1789//1789 1790//1790
f 1790//1790 1789//1789 1791//1791
f 1790//1790 1791//1791 1787//1787
f 1787//1787 1791//1791 1792//1792
f 1794//1794 1793//1793 1795//1795
f 1795//1795 1793//1793 1796//1796
f 1795//1795 1796//1796 2413//2413
f 2413//2413 1796//1796 1789//1789
f 1797//1797 1798//1798 1794//1794
f 1794//1794 1798//1798 1793//1793
f 1798//1798 1797//1797 1801//1801
f 1797//1797 1799//1799 1801//1801
f 1799//1799 1800//1800 1801//1801
f 1801//1801 1800//1800 1803//1803
f 1803//1803 1800//1800 1802//1802
f 1805//1805 1804//1804 1806//1806
f 1805//1805 1806//1806 2414//2414
f 2414//2414 1806//1806 1802//1802
f 1802//1802 1806//1806 1803//1803
f 2415//2415 1807//1807 1804//1804
f 2415//2415 1804//1804 1805//1805
f 1807//1807 2415//2415 1808//1808
f 1807//1807 1808//1808 1809//1809
f 1809//1809 1808//1808 2416//2416
f 1809//1809 2416//2416 1811//1811
f 1811//1811 2416//2416 1810//1810
f 1811//1811 1810//1810 1813//1813
f 1813//1813 1810//1810 1812//1812
f 1815//1815 1814//1814 1816//1816
f 1815//1815 1816//1816 2418//2418
f 2418//2418 1816//1816 1812//1812
f 1812//1812 1816//1816 1813//1813
f 1814//1814 1815//1815 1818//1818
f 1818//1818 1815//1815 1817//1817
f 1818//1818 1817//1817 1819//1819
f 1819//1819 1817//1817 2419//2419
f 1819//1819 2419//2419 1822//1822
f 1821//1821 1820//1820 1823//1823
f 1823//1823 1820//1820 1822//1822
f 1823//1823 1822//1822 2419//2419
f 1820//1820 1821//1821 1826//1826
f 1821//1821 1824//1824 1826//1826
f 1824//1824 1825//1825 1826//1826
f 1826//1826 1825//1825 1827//1827
f 1827//1827 1825//1825 1830//1830
f 1830//1830 1825//1825 2421//2421
f 1830//1830 2421//2421 1829//1829
f 1830//1830 1829//1829 1828//1828
f 1828//1828 1829//1829 1832//1832
f 1832//1832 1829//1829 1831//1831
f 1832//1832 1831//1831 2422//2422
f 1832//1832 2422//2422 1834//1834
f 1834//1834 2422//2422 1833//1833
f 1834//1834 1833//1833 1835//1835
f 1834//1834 1835//1835 1837//1837
f 1837//1837 1835//1835 1836//1836
f 1836//1836 1842//1842 1837//1837
f 1838//1838 1843//1843 1839//1839
f 1839//1839 1843//1843 1840//1840
f 1839//1839 1840//1840 1841//1841
f 1841//1841 1840//1840 1842//1842
f 1841//1841 1842//1842 1836//1836
f 1843//1843 1838//1838 1845//1845
f 1845//1845 1838//1838 1844//1844
f 1845//1845 1844//1844 1848//1848
f 1848//1848 1844//1844 1847//1847
f 1848//1848 1847//1847 1846//1846
f 1850//1850 1849//1849 1846//1846
f 1850//1850 1846//1846 1851//1851
f 1851//1851 1846//1846 1847//1847
f 1849//1849 1850//1850 1854//1854
f 1850//1850 1852//1852 1854//1854
f 1852//1852 1853//1853 1854//1854
f 1854//1854 1853//1853 1856//1856
f 1856//1856 1853//1853 1855//1855
f 1858//1858 1857//1857 1860//1860
f 1860//1860 1857//1857 1859//1859
f 1860//1860 1859//1859 1855//1855
f 1855//1855 1859//1859 1856//1856
f 1862//1862 1861//1861 1863//1863
f 1862//1862 1863//1863 1858//1858
f 1858//1858 1863//1863 1857//1857
f 1861//1861 1862//1862 1864//1864
f 1861//1861 1864//1864 1865//1865
f 1865//1865 1864//1864 1866//1866
f 1865//1865 1866//1866 1867//1867
f 1867//1867 1866//1866 1868//1868
f 1867//1867 1868//1868 1874//1874
f 1869//1869 1874//1874 1868//1868
f 1871//1871 1870//1870 1873//1873
f 1873//1873 1870//1870 1872//1872
f 1873//1873 1872//1872 1869//1869
f 1869//1869 1872//1872 1874//1874
f 1870//1870 1871//1871 1875//1875
f 1875//1875 1871//1871 1876//1876
f 1875//1875 1876//1876 1880//1880
f 1880//1880 1876//1876 1879//1879
f 1880//1880 1879//1879 1881//1881
f 1881//1881 1879//1879 1882//1882
f 1881//1881 1882//1882 1877//1877
f 1877//1877 1882//1882 1878//1878
f 1877//1877 1878//1878 1884//1884
f 1878//1878 1883//1883 1884//1884
f 1884//1884 1883//1883 1886//1886
f 1886//1886 1883//1883 1885//1885
f 1886//1886 1885//1885 1888//1888
f 1888//1888 1885//1885 2426//2426
f 1888//1888 2426//2426 1887//1887
f 1888//1888 1887//1887 1891//1891
f 2427//2427 1891//1891 1887//1887
f 1889//1889 1893//1893 2428//2428
f 2428//2428 1893//1893 1890//1890
f 2428//2428 1890//1890 1891//1891
f 2428//2428 1891//1891 2427//2427
f 1892//1892 1893//1893 1889//1889
f 2430//2430 1894//1894 1892//1892
f 1892//1892 1894//1894 1895//1895
f 1892//1892 1895//1895 1893//1893
f 1899//1899 1896//1896 2430//2430
f 2430//2430 1896//1896 1894//1894
f 2432//2432 1900//1900 1898//1898
f 1898//1898 1900//1900 1897//1897
f 1898//1898 1897//1897 1899//1899
f 1899//1899 1897//1897 1896//1896
f 1900//1900 2432//2432 1902//1902
f 1902//1902 2432//2432 1901//1901
f 1902//1902 1901//1901 1904//1904
f 1902//1902 1904//1904 1903//1903
f 1906//1906 1905//1905 1907//1907
f 1907//1907 1905//1905 1904//1904
f 1904//1904 1905//1905 1908//1908
f 1904//1904 1908//1908 1903//1903
f 1906//1906 1910//1910 1909//1909
f 1906//1906 1909//1909 1905//1905
f 1910//1910 1912//1912 1909//1909
f 1910//1910 1911//1911 1912//1912
f 1912//1912 1911//1911 1913//1913
f 1913//1913 1911//1911 1914//1914
f 2435//2435 1918//1918 2434//2434
f 2434//2434 1918//1918 1915//1915
f 2434//2434 1915//1915 1914//1914
f 1914//1914 1915//1915 1913//1913
f 2437//2437 1918//1918 2435//2435
f 1916//1916 1921//1921 1917//1917
f 1916//1916 1917//1917 2437//2437
f 2437//2437 1917//1917 1918//1918
f 1920//1920 1919//1919 1916//1916
f 1916//1916 1919//1919 1921//1921
f 1920//1920 1922//1922 1919//1919
f 1919//1919 1922//1922 1923//1923
f 1923//1923 1922//1922 2439//2439
f 2439//2439 1926//1926 1923//1923
f 1925//1925 1924//1924 1927//1927
f 1927//1927 1924//1924 1926//1926
f 1927//1927 1926//1926 2439//2439
f 1924//1924 1925//1925 1929//1929
f 1929//1929 1925//1925 1928//1928
f 1929//1929 1928//1928 1930//1930
f 1930//1930 1928//1928 1931//1931
f 1931//1931 1932//1932 1930//1930
f 2442//2442 1933//1933 1934//1934
f 2442//2442 1934//1934 2441//2441
f 2441//2441 1934//1934 1931//1931
f 1931//1931 1934//1934 1932//1932
f 1933//1933 2442//2442 1936//1936
f 2442//2442 1935//1935 1936//1936
f 1936//1936 1935//1935 1938//1938
f 1938//1938 1935//1935 1937//1937
f 1938//1938 1937//1937 1940//1940
f 1940//1940 1937//1937 1939//1939
f 1940//1940 1939//1939 1942//1942
f 1939//1939 2316//2316 1942//1942
f 1942//1942 2316//2316 1941//1941
f 1942//1942 1941//1941 1943//1943
f 1943//1943 1941//1941 1944//1944
f 1943//1943 1944//1944 1945//1945
f 1945//1945 1944//1944 1946//1946
f 1945//1945 1946//1946 1947//1947
f 1947//1947 1946//1946 2315//2315
f 1947//1947 2315//2315 1951//1951
f 1950//1950 1951//1951 2315//2315
f 2447//2447 1952//1952 1949//1949
f 1949//1949 1952//1952 1948//1948
f 1949//1949 1948//1948 1950//1950
f 1950//1950 1948//1948 1951//1951
f 1952//1952 2447//2447 1954//1954
f 1954//1954 2447//2447 1953//1953
f 1954//1954 1953//1953 2448//2448
f 1954//1954 2448//2448 1955//1955
f 1956//1956 1957//1957 1958//1958
f 1958//1958 1957//1957 1959//1959
f 1959//1959 1957//1957 1960//1960
f 1959//1959 1960//1960 2448//2448
f 2448//2448 1960//1960 1955//1955
f 1957//1957 1956//1956 1385//1385
f 1385//1385 1956//1956 1962//1962
f 1962//1962 1956//1956 1961//1961
f 2449//2449 1963//1963 1961//1961
f 1961//1961 1963//1963 1962//1962
f 1963//1963 2449//2449 1966//1966
f 1966//1966 2449//2449 1964//1964
f 1964//1964 1965//1965 1966//1966
f 1969//1969 1967//1967 1965//1965
f 1965//1965 1967//1967 1966//1966
f 1968//1968 1967//1967 1969//1969
f 1968//1968 1970//1970 1967//1967
f 2450//2450 1971//1971 1968//1968
f 1968//1968 1971//1971 1970//1970
f 2450//2450 1973//1973 1971//1971
f 2450//2450 1972//1972 1973//1973
f 1973//1973 1972//1972 1979//1979
f 1979//1979 1972//1972 1974//1974
f 1976//1976 1981//1981 1975//1975
f 1976//1976 1975//1975 1978//1978
f 1978//1978 1975//1975 1977//1977
f 1978//1978 1977//1977 1979//1979
f 1978//1978 1979//1979 1974//1974
f 2451//2451 1980//1980 1976//1976
f 1976//1976 1980//1980 1981//1981
f 1980//1980 2451//2451 1983//1983
f 2451//2451 2452//2452 1983//1983
f 1983//1983 2452//2452 1986//1986
f 1986//1986 2452//2452 1982//1982
f 2453//2453 1984//1984 1985//1985
f 1985//1985 1984//1984 1986//1986
f 1985//1985 1986//1986 1982//1982
f 1988//1988 1987//1987 1989//1989
f 1988//1988 1989//1989 2453//2453
f 2453//2453 1989//1989 1984//1984
f 1990//1990 1992//1992 1988//1988
f 1988//1988 1992//1992 1987//1987
f 1990//1990 1991//1991 1992//1992
f 1992//1992 1991//1991 1997//1997
f 1997//1997 1991//1991 1993//1993
f 1994//1994 1998//1998 1995//1995
f 1994//1994 1995//1995 1996//1996
f 1996//1996 1995//1995 1993//1993
f 1993//1993 1995//1995 1997//1997
f 2314//2314 2000//2000 1994//1994
f 1994//1994 2000//2000 1998//1998
f 2314//2314 1999//1999 2000//2000
f 2000//2000 1999//1999 2002//2002
f 2002//2002 1999//1999 2001//2001
f 2002//2002 2001//2001 2005//2005
f 2005//2005 2001//2001 2454//2454
f 2005//2005 2454//2454 2003//2003
f 2003//2003 2454//2454 2004//2004
f 2003//2003 2004//2004 2007//2007
f 2007//2007 2004//2004 2006//2006
f 2007//2007 2006//2006 2008//2008
f 2008//2008 2006//2006 2456//2456
f 2008//2008 2456//2456 2013//2013
f 2010//2010 2009//2009 2012//2012
f 2012//2012 2009//2009 2011//2011
f 2012//2012 2011//2011 2013//2013
f 2012//2012 2013//2013 2456//2456
f 2009//2009 2010//2010 2016//2016
f 2010//2010 2014//2014 2016//2016
f 2014//2014 2015//2015 2016//2016
f 2016//2016 2015//2015 2018//2018
f 2018//2018 2015//2015 2017//2017
f 2018//2018 2017//2017 2020//2020
f 2020//2020 2017//2017 2019//2019
f 2020//2020 2019//2019 2021//2021
f 2020//2020 2021//2021 2024//2024
f 2457//2457 2022//2022 2023//2023
f 2023//2023 2022//2022 2024//2024
f 2023//2023 2024//2024 2021//2021
f 2025//2025 2028//2028 2026//2026
f 2025//2025 2026//2026 2457//2457
f 2457//2457 2026//2026 2022//2022
f 2025//2025 2027//2027 2028//2028
f 2028//2028 2027//2027 2458//2458
f 2028//2028 2458//2458 2029//2029
f 2030//2030 2031//2031 2032//2032
f 2032//2032 2031//2031 2033//2033
f 2033//2033 2031//2031 2034//2034
f 2033//2033 2034//2034 2458//2458
f 2458//2458 2034//2034 2029//2029
f 2031//2031 2030//2030 2035//2035
f 2035//2035 2030//2030 2036//2036
f 2036//2036 2030//2030 2459//2459
f 2036//2036 2459//2459 2037//2037
f 2037//2037 2038//2038 2036//2036
f 2460//2460 2039//2039 2040//2040
f 2460//2460 2040//2040 2041//2041
f 2041//2041 2040//2040 2037//2037
f 2037//2037 2040//2040 2038//2038
f 2039//2039 2460//2460 2042//2042
f 2460//2460 2313//2313 2042//2042
f 2042//2042 2313//2313 2044//2044
f 2044//2044 2313//2313 2043//2043
f 2044//2044 2043//2043 2045//2045
f 2045//2045 2043//2043 2046//2046
f 2045//2045 2046//2046 2047//2047
f 2047//2047 2046//2046 2312//2312
f 2312//2312 2052//2052 2047//2047
f 2049//2049 2048//2048 2051//2051
f 2051//2051 2048//2048 2050//2050
f 2051//2051 2050//2050 2052//2052
f 2051//2051 2052//2052 2312//2312
f 2053//2053 2055//2055 2049//2049
f 2049//2049 2055//2055 2048//2048
f 2053//2053 2054//2054 2055//2055
f 2055//2055 2054//2054 2056//2056
f 2056//2056 2054//2054 2461//2461
f 2461//2461 2059//2059 2056//2056
f 2057//2057 2061//2061 2058//2058
f 2058//2058 2061//2061 2060//2060
f 2060//2060 2061//2061 2059//2059
f 2060//2060 2059//2059 2461//2461
f 2061//2061 2057//2057 2063//2063
f 2057//2057 2062//2062 2063//2063
f 2062//2062 2462//2462 2063//2063
f 2063//2063 2462//2462 2066//2066
f 2462//2462 2065//2065 2066//2066
f 2066//2066 2065//2065 2067//2067
f 2067//2067 2065//2065 2064//2064
f 2067//2067 2064//2064 2068//2068
f 2068//2068 2064//2064 1383//1383
f 1383//1383 2064//2064 1384//1384
f 1383//1383 1384//1384 2069//2069
f 1383//1383 2069//2069 2071//2071
f 2070//2070 2071//2071 2069//2069
f 2071//2071 2070//2070 2074//2074
f 2074//2074 2070//2070 2072//2072
f 2072//2072 2073//2073 2074//2074
f 2077//2077 2076//2076 2073//2073
f 2073//2073 2076//2076 2074//2074
f 2075//2075 2080//2080 2077//2077
f 2077//2077 2080//2080 2076//2076
f 2079//2079 2081//2081 2078//2078
f 2079//2079 2078//2078 2075//2075
f 2075//2075 2078//2078 2080//2080
f 2079//2079 2465//2465 2081//2081
f 2081//2081 2465//2465 2082//2082
f 2085//2085 2082//2082 2465//2465
f 2466//2466 2083//2083 2085//2085
f 2085//2085 2083//2083 2084//2084
f 2085//2085 2084//2084 2082//2082
f 2083//2083 2466//2466 1382//1382
f 1382//1382 2466//2466 2086//2086
f 1382//1382 2086//2086 2467//2467
f 1382//1382 2467//2467 2087//2087
f 2088//2088 2087//2087 2467//2467
f 2090//2090 2089//2089 2091//2091
f 2091//2091 2089//2089 2088//2088
f 2088//2088 2089//2089 2087//2087
f 2469//2469 1381//1381 2090//2090
f 2090//2090 1381//1381 2089//2089
f 1381//1381 2469//2469 2095//2095
f 2095//2095 2469//2469 2092//2092
f 2094//2094 2093//2093 2471//2471
f 2471//2471 2093//2093 2095//2095
f 2471//2471 2095//2095 2092//2092
f 2472//2472 2097//2097 2096//2096
f 2472//2472 2096//2096 2094//2094
f 2094//2094 2096//2096 2093//2093
f 2097//2097 2472//2472 2098//2098
f 2097//2097 2098//2098 2099//2099
f 2099//2099 2098//2098 2100//2100
f 2099//2099 2100//2100 2101//2101
f 2101//2101 2100//2100 2311//2311
f 2101//2101 2311//2311 2103//2103
f 2103//2103 2311//2311 2102//2102
f 2103//2103 2102//2102 2104//2104
f 2104//2104 2102//2102 2105//2105
f 2104//2104 2105//2105 2107//2107
f 2107//2107 2105//2105 2106//2106
f 2476//2476 2109//2109 2106//2106
f 2106//2106 2109//2109 2107//2107
f 2108//2108 2112//2112 2109//2109
f 2108//2108 2109//2109 2476//2476
f 2112//2112 2108//2108 2113//2113
f 2112//2112 2113//2113 2114//2114
f 2114//2114 2113//2113 2115//2115
f 2115//2115 2113//2113 2111//2111
f 2115//2115 2111//2111 2110//2110
f 2110//2110 2111//2111 2116//2116
f 2116//2116 2111//2111 2310//2310
f 2116//2116 2310//2310 2117//2117
f 2117//2117 2118//2118 2116//2116
f 2120//2120 2122//2122 2119//2119
f 2120//2120 2119//2119 2117//2117
f 2117//2117 2119//2119 2118//2118
f 2121//2121 2124//2124 2120//2120
f 2120//2120 2124//2124 2122//2122
f 2121//2121 2123//2123 2124//2124
f 2124//2124 2123//2123 2126//2126
f 2126//2126 2123//2123 2125//2125
f 2126//2126 2125//2125 2128//2128
f 2128//2128 2125//2125 2479//2479
f 2128//2128 2479//2479 2127//2127
f 2128//2128 2127//2127 2130//2130
f 2129//2129 2130//2130 2127//2127
f 2129//2129 2131//2131 2130//2130
f 2131//2131 2129//2129 2132//2132
f 2131//2131 2132//2132 2133//2133
f 2133//2133 2132//2132 2480//2480
f 2133//2133 2480//2480 2135//2135
f 2135//2135 2480//2480 2134//2134
f 2135//2135 2134//2134 2137//2137
f 2137//2137 2134//2134 2481//2481
f 2137//2137 2481//2481 2136//2136
f 2138//2138 2139//2139 2140//2140
f 2140//2140 2139//2139 2141//2141
f 2140//2140 2141//2141 2481//2481
f 2481//2481 2141//2141 2136//2136
f 2139//2139 2138//2138 2143//2143
f 2486//2486 2145//2145 2142//2142
f 2143//2143 2138//2138 2485//2485
f 2143//2143 2485//2485 2486//2486
f 2143//2143 2486//2486 2142//2142
f 2145//2145 2486//2486 2144//2144
f 2145//2145 2144//2144 2146//2146
f 2148//2148 2146//2146 2144//2144
f 2148//2148 2147//2147 2146//2146
f 2148//2148 2149//2149 2147//2147
f 2147//2147 2149//2149 2152//2152
f 2149//2149 2150//2150 2152//2152
f 2152//2152 2150//2150 2151//2151
f 2152//2152 2151//2151 2153//2153
f 2153//2153 2151//2151 2156//2156
f 2151//2151 2154//2154 2156//2156
f 2156//2156 2154//2154 2155//2155
f 2156//2156 2155//2155 2157//2157
f 2157//2157 2155//2155 2158//2158
f 2157//2157 2158//2158 2159//2159
f 2159//2159 2158//2158 2160//2160
f 2159//2159 2160//2160 2161//2161
f 2161//2161 2160//2160 2165//2165
f 2165//2165 2160//2160 2162//2162
f 2164//2164 2163//2163 2162//2162
f 2165//2165 2162//2162 2163//2163
f 2166//2166 2168//2168 2167//2167
f 2166//2166 2167//2167 2164//2164
f 2164//2164 2167//2167 2163//2163
f 2168//2168 2166//2166 2170//2170
f 2170//2170 2166//2166 2169//2169
f 2170//2170 2169//2169 2171//2171
f 2171//2171 2169//2169 2172//2172
f 2172//2172 2173//2173 2171//2171
f 2490//2490 2174//2174 2175//2175
f 2175//2175 2174//2174 2173//2173
f 2175//2175 2173//2173 2172//2172
f 2176//2176 2178//2178 2177//2177
f 2176//2176 2177//2177 2490//2490
f 2490//2490 2177//2177 2174//2174
f 2178//2178 2176//2176 2179//2179
f 2178//2178 2179//2179 2180//2180
f 2180//2180 2179//2179 2181//2181
f 2180//2180 2181//2181 2182//2182
f 2182//2182 2181//2181 2491//2491
f 2182//2182 2491//2491 2183//2183
f 2184//2184 2187//2187 2491//2491
f 2491//2491 2187//2187 2183//2183
f 2185//2185 2188//2188 2184//2184
f 2184//2184 2188//2188 2186//2186
f 2184//2184 2186//2186 2187//2187
f 1380//1380 1379//1379 2185//2185
f 2185//2185 1379//1379 2188//2188
f 1379//1379 1380//1380 2189//2189
f 1379//1379 2189//2189 2190//2190
f 2493//2493 2194//2194 2192//2192
f 2192//2192 2194//2194 2191//2191
f 2192//2192 2191//2191 2193//2193
f 2193//2193 2191//2191 2189//2189
f 2189//2189 2191//2191 2190//2190
f 2194//2194 2493//2493 1378//1378
f 1378//1378 2493//2493 2195//2195
f 2195//2195 2493//2493 1377//1377
f 2197//2197 2196//2196 1377//1377
f 1377//1377 2196//2196 2195//2195
f 2494//2494 2198//2198 2197//2197
f 2197//2197 2198//2198 2196//2196
f 2202//2202 2199//2199 2200//2200
f 2200//2200 2199//2199 2201//2201
f 2201//2201 2199//2199 2494//2494
f 2494//2494 2199//2199 2198//2198
f 2202//2202 2200//2200 2496//2496
f 2202//2202 2496//2496 2204//2204
f 2204//2204 2496//2496 2203//2203
f 2204//2204 2203//2203 2206//2206
f 2206//2206 2203//2203 2205//2205
f 2206//2206 2205//2205 2208//2208
f 2208//2208 2205//2205 2207//2207
f 2208//2208 2207//2207 2209//2209
f 2209//2209 2207//2207 2210//2210
f 2209//2209 2210//2210 2211//2211
f 2211//2211 2210//2210 2213//2213
f 2213//2213 2210//2210 2212//2212
f 2213//2213 2212//2212 2214//2214
f 2214//2214 2215//2215 2213//2213
f 2217//2217 2216//2216 2220//2220
f 2220//2220 2216//2216 2218//2218
f 2220//2220 2218//2218 2219//2219
f 2220//2220 2219//2219 2214//2214
f 2214//2214 2219//2219 2215//2215
f 2216//2216 2217//2217 2222//2222
f 2217//2217 2221//2221 2222//2222
f 2222//2222 2221//2221 2224//2224
f 2221//2221 2223//2223 2224//2224
f 2224//2224 2223//2223 1376//1376
f 1376//1376 2223//2223 2499//2499
f 1376//1376 2499//2499 2225//2225
f 1376//1376 2225//2225 2227//2227
f 2226//2226 2227//2227 2225//2225
f 2227//2227 2226//2226 2229//2229
f 2229//2229 2226//2226 2228//2228
f 2229//2229 2228//2228 2230//2230
f 2229//2229 2230//2230 2232//2232
f 2231//2231 2235//2235 2232//2232
f 2231//2231 2232//2232 2230//2230
f 2234//2234 2233//2233 2231//2231
f 2231//2231 2233//2233 2235//2235
f 2234//2234 2236//2236 2233//2233
f 2233//2233 2236//2236 2238//2238
f 2236//2236 2237//2237 2238//2238
f 2238//2238 2237//2237 2240//2240
f 2240//2240 2237//2237 2239//2239
f 2242//2242 2241//2241 2239//2239
f 2239//2239 2241//2241 2243//2243
f 2239//2239 2243//2243 2240//2240
f 2241//2241 2242//2242 2245//2245
f 2245//2245 2242//2242 2244//2244
f 2245//2245 2244//2244 2249//2249
f 2244//2244 2500//2500 2249//2249
f 2247//2247 2246//2246 2248//2248
f 2247//2247 2248//2248 2500//2500
f 2500//2500 2248//2248 2249//2249
f 2246//2246 2247//2247 2250//2250
f 2250//2250 2247//2247 2251//2251
f 2250//2250 2251//2251 2252//2252
f 2252//2252 2251//2251 2253//2253
f 2253//2253 2256//2256 2252//2252
f 2255//2255 2254//2254 2501//2501
f 2501//2501 2254//2254 2256//2256
f 2501//2501 2256//2256 2253//2253
f 2258//2258 2257//2257 2259//2259
f 2258//2258 2259//2259 2255//2255
f 2255//2255 2259//2259 2254//2254
f 2258//2258 2260//2260 2257//2257
f 2257//2257 2260//2260 2262//2262
f 2262//2262 2260//2260 2261//2261
f 2262//2262 2261//2261 2265//2265
f 2265//2265 2261//2261 2263//2263
f 2263//2263 2264//2264 2265//2265
f 2265//2265 2264//2264 2266//2266
f 2266//2266 2264//2264 2267//2267
f 2266//2266 2267//2267 2269//2269
f 2269//2269 2267//2267 2268//2268
f 2269//2269 2268//2268 2270//2270
f 2270//2270 2268//2268 2272//2272
f 2272//2272 2268//2268 2271//2271
f 2272//2272 2271//2271 2502//2502
f 2272//2272 2502//2502 2277//2277
f 2274//2274 2273//2273 2276//2276
f 2276//2276 2273//2273 2275//2275
f 2276//2276 2275//2275 2277//2277
f 2276//2276 2277//2277 2502//2502
f 2273//2273 2274//2274 1375//1375
f 1375//1375 2274//2274 2278//2278
f 1375//1375 2278//2278 2279//2279
f 2504//2504 2279//2279 2278//2278
f 2282//2282 2280//2280 2281//2281
f 2282//2282 2281//2281 2283//2283
f 2283//2283 2281//2281 2504//2504
f 2504//2504 2281//2281 2279//2279
f 2505//2505 2284//2284 2280//2280
f 2505//2505 2280//2280 2282//2282
f 2505//2505 2506//2506 2284//2284
f 2284//2284 2506//2506 2286//2286
f 2286//2286 2506//2506 2285//2285
f 2286//2286 2285//2285 2288//2288
f 2288//2288 2285//2285 2287//2287
f 2288//2288 2287//2287 2306//2306
f 2288//2288 2306//2306 2289//2289
f 2289//2289 2306//2306 2290//2290
f 2290//2290 2306//2306 2507//2507
f 2290//2290 2507//2507 2292//2292
f 2292//2292 2507//2507 2291//2291
f 2292//2292 2291//2291 2293//2293
f 2293//2293 2291//2291 2294//2294
f 2293//2293 2294//2294 2296//2296
f 2296//2296 2294//2294 2295//2295
f 2298//2298 2297//2297 2508//2508
f 2508//2508 2297//2297 2299//2299
f 2508//2508 2299//2299 2295//2295
f 2295//2295 2299//2299 2296//2296
f 2297//2297 2298//2298 2300//2300
f 2300//2300 2298//2298 2301//2301
f 2301//2301 2298//2298 2509//2509
f 2301//2301 2509//2509 2510//2510
f 2510//2510 2305//2305 2301//2301
f 2303//2303 2302//2302 2304//2304
f 2304//2304 2302//2302 2305//2305
f 2304//2304 2305//2305 2510//2510
f 1111//1111 2214//2214 2212//2212
f 2308//2308 2189//2189 1380//1380
f 991//991 2054//2054 2053//2053
f 908//908 1972//1972 2450//2450
f 865//865 1935//1935 2442//2442
f 802//802 1869//1869 1868//1868
f 2410//2410 1765//1765 1762//1762
f 583//583 1667//1667 1663//1663
f 371//371 1476//1476 2352//2352
f 80//80 53//53 214//214
f 214//214 53//53 212//212
f 80//80 214//214 217//217
f 80//80 217//217 121//121
f 219//219 111//111 217//217
f 217//217 111//111 121//121
f 221//221 97//97 111//111
f 221//221 111//111 219//219
f 224//224 97//97 221//221
f 225//225 99//99 224//224
f 224//224 99//99 97//97
f 228//228 112//112 225//225
f 225//225 112//112 99//99
f 233//233 82//82 228//228
f 228//228 82//82 112//112
f 232//232 73//73 233//233
f 233//233 73//73 82//82
f 235//235 85//85 73//73
f 235//235 73//73 232//232
f 239//239 85//85 235//235
f 239//239 114//114 85//85
f 237//237 136//136 114//114
f 237//237 114//114 239//239
f 136//136 237//237 242//242
f 136//136 242//242 137//137
f 137//137 242//242 243//243
f 137//137 243//243 246//246
f 137//137 246//246 101//101
f 2323//2323 2325//2325 54//54
f 2323//2323 54//54 2324//2324
f 2324//2324 54//54 56//56
f 254//254 116//116 2327//2327
f 2328//2328 116//116 254//254
f 2329//2329 119//119 2328//2328
f 2331//2331 119//119 2330//2330
f 2331//2331 103//103 119//119
f 2333//2333 124//124 2332//2332
f 2332//2332 124//124 103//103
f 263//263 151//151 2334//2334
f 2334//2334 151//151 124//124
f 151//151 266//266 152//152
f 128//128 272//272 2336//2336
f 274//274 129//129 2336//2336
f 2336//2336 129//129 128//128
f 129//129 274//274 275//275
f 129//129 275//275 105//105
f 2337//2337 57//57 105//105
f 281//281 1404//1404 1403//1403
f 281//281 1403//1403 1402//1402
f 1408//1408 291//291 1409//1409
f 1412//1412 298//298 1413//1413
f 2339//2339 1414//1414 1413//1413
f 1416//1416 1415//1415 302//302
f 306//306 1418//1418 1417//1417
f 308//308 2321//2321 1419//1419
f 311//311 1426//1426 2321//2321
f 1426//1426 316//316 1423//1423
f 2341//2341 1433//1433 1435//1435
f 325//325 1437//1437 1433//1433
f 330//330 1440//1440 1439//1439
f 1442//1442 1440//1440 2342//2342
f 2344//2344 1445//1445 2343//2343
f 1451//1451 2345//2345 339//339
f 1451//1451 2346//2346 1450//1450
f 1448//1448 2347//2347 2348//2348
f 347//347 1457//1457 1455//1455
f 1457//1457 350//350 2349//2349
f 1463//1463 356//356 2350//2350
f 2351//2351 1468//1468 360//360
f 1470//1470 2351//2351 363//363
f 363//363 2320//2320 1470//1470
f 367//367 1472//1472 2320//2320
f 1472//1472 370//370 2352//2352
f 1482//1482 1477//1477 374//374
f 1484//1484 380//380 1485//1485
f 384//384 2353//2353 1489//1489
f 386//386 1491//1491 1490//1490
f 1495//1495 1493//1493 389//389
f 1495//1495 2354//2354 2355//2355
f 2355//2355 2356//2356 1497//1497
f 400//400 1502//1502 1504//1504
f 402//402 1506//1506 1508//1508
f 402//402 1508//1508 2358//2358
f 405//405 1510//1510 1506//1506
f 2359//2359 1513//1513 408//408
f 412//412 1516//1516 2359//2359
f 1516//1516 414//414 1518//1518
f 1518//1518 414//414 2360//2360
f 2360//2360 416//416 419//419
f 419//419 1520//1520 2360//2360
f 421//421 2361//2361 1522//1522
f 2363//2363 1525//1525 2362//2362
f 431//431 1534//1534 1529//1529
f 1534//1534 434//434 2364//2364
f 438//438 1537//1537 1535//1535
f 2365//2365 1539//1539 1541//1541
f 445//445 1546//1546 1542//1542
f 2367//2367 1544//1544 2366//2366
f 2366//2366 1544//1544 1546//1546
f 450//450 1549//1549 1548//1548
f 2368//2368 1551//1551 1553//1553
f 1551//1551 455//455 1554//1554
f 1554//1554 2369//2369 1556//1556
f 459//459 1560//1560 1556//1556
f 462//462 1562//1562 1558//1558
f 462//462 1564//1564 1562//1562
f 1564//1564 465//465 1568//1568
f 471//471 2370//2370 468//468
f 471//471 1572//1572 2370//2370
f 473//473 1570//1570 1572//1572
f 1573//1573 1570//1570 475//475
f 2371//2371 1575//1575 475//475
f 475//475 1575//1575 1573//1573
f 1575//1575 2371//2371 1580//1580
f 1580//1580 2372//2372 2373//2373
f 1581//1581 2374//2374 1398//1398
f 2375//2375 1586//1586 1587//1587
f 1584//1584 488//488 489//489
f 489//489 2376//2376 1584//1584
f 1591//1591 1588//1588 494//494
f 1593//1593 1591//1591 2377//2377
f 500//500 1595//1595 1597//1597
f 503//503 1599//1599 1598//1598
f 506//506 1604//1604 1601//1601
f 1604//1604 2378//2378 1605//1605
f 2380//2380 2381//2381 1610//1610
f 1611//1611 2381//2381 515//515
f 2382//2382 1611//1611 518//518
f 523//523 1615//1615 1613//1613
f 522//522 2383//2383 1617//1617
f 2383//2383 527//527 1619//1619
f 1620//1620 530//530 2384//2384
f 1623//1623 531//531 1625//1625
f 2385//2385 1627//1627 1625//1625
f 2386//2386 1628//1628 2385//2385
f 2385//2385 1628//1628 1627//1627
f 545//545 1634//1634 1632//1632
f 547//547 2388//2388 1634//1634
f 2389//2389 1640//1640 2388//2388
f 1638//1638 1640//1640 551//551
f 1643//1643 557//557 1646//1646
f 1649//1649 1646//1646 559//559
f 2390//2390 1649//1649 560//560
f 564//564 1651//1651 2390//2390
f 566//566 1391//1391 1655//1655
f 1659//1659 2391//2391 576//576
f 582//582 1663//1663 578//578
f 578//578 1663//1663 2392//2392
f 2394//2394 1671//1671 1670//1670
f 591//591 1389//1389 1671//1671
f 2396//2396 1678//1678 2395//2395
f 1681//1681 2396//2396 2397//2397
f 2397//2397 2398//2398 1681//1681
f 603//603 1387//1387 2398//2398
f 1685//1685 607//607 2399//2399
f 2399//2399 1687//1687 1685//1685
f 2400//2400 1688//1688 609//609
f 612//612 1693//1693 2400//2400
f 1694//1694 1693//1693 616//616
f 622//622 2402//2402 2401//2401
f 624//624 1700//1700 2402//2402
f 626//626 1702//1702 1700//1700
f 627//627 2318//2318 1706//1706
f 2403//2403 1707//1707 633//633
f 2403//2403 637//637 2404//2404
f 645//645 2405//2405 1716//1716
f 1719//1719 649//649 1722//1722
f 652//652 1724//1724 1723//1723
f 2406//2406 1730//1730 1727//1727
f 1729//1729 660//660 1732//1732
f 661//661 1736//1736 1732//1732
f 662//662 1738//1738 1735//1735
f 1738//1738 666//666 667//667
f 667//667 1743//1743 1738//1738
f 673//673 1745//1745 1742//1742
f 674//674 1746//1746 1745//1745
f 1747//1747 677//677 2407//2407
f 1755//1755 1753//1753 683//683
f 690//690 1762//1762 1757//1757
f 1765//1765 2410//2410 2411//2411
f 693//693 1769//1769 2411//2411
f 1767//1767 1769//1769 695//695
f 700//700 1776//1776 1773//1773
f 1776//1776 704//704 2412//2412
f 708//708 1783//1783 1779//1779
f 716//716 1787//1787 1788//1788
f 1790//1790 1787//1787 720//720
f 720//720 1787//1787 716//716
f 723//723 1797//1797 1794//1794
f 1797//1797 730//730 1799//1799
f 1799//1799 730//730 1800//1800
f 2414//2414 1802//1802 732//732
f 732//732 1802//1802 1800//1800
f 2415//2415 1805//1805 735//735
f 2415//2415 739//739 1808//1808
f 747//747 1815//1815 2418//2418
f 749//749 1817//1817 1815//1815
f 1817//1817 752//752 2419//2419
f 1823//1823 756//756 2420//2420
f 2420//2420 1821//1821 1823//1823
f 1821//1821 759//759 1824//1824
f 763//763 1825//1825 760//760
f 763//763 2421//2421 1825//1825
f 1831//1831 1829//1829 766//766
f 1831//1831 766//766 2422//2422
f 2423//2423 1833//1833 2422//2422
f 771//771 1836//1836 1835//1835
f 1839//1839 1841//1841 773//773
f 776//776 1844//1844 1838//1838
f 1847//1847 1844//1844 779//779
f 782//782 1850//1850 1851//1851
f 1852//1852 1850//1850 783//783
f 787//787 1853//1853 1852//1852
f 790//790 1860//1860 1855//1855
f 1858//1858 793//793 1862//1862
f 1862//1862 796//796 1864//1864
f 798//798 1866//1866 1864//1864
f 800//800 1868//1868 1866//1866
f 804//804 1873//1873 1869//1869
f 807//807 1876//1876 1871//1871
f 1878//1878 1882//1882 2425//2425
f 1885//1885 820//820 2426//2426
f 1887//1887 822//822 2427//2427
f 2429//2429 1892//1892 1889//1889
f 1892//1892 2429//2429 2430//2430
f 2431//2431 1898//1898 1899//1899
f 839//839 1910//1910 1906//1906
f 2433//2433 1911//1911 1910//1910
f 2435//2435 2436//2436 2437//2437
f 849//849 1920//1920 1916//1916
f 1922//1922 2438//2438 2439//2439
f 856//856 1925//1925 1927//1927
f 1928//1928 1925//1925 2440//2440
f 2441//2441 1931//1931 862//862
f 2443//2443 2316//2316 1939//1939
f 1944//1944 1941//1941 875//875
f 1944//1944 876//876 1946//1946
f 2315//2315 1946//1946 878//878
f 2315//2315 2444//2444 1950//1950
f 1949//1949 2445//2445 2446//2446
f 2446//2446 2447//2447 1949//1949
f 1953//1953 886//886 2448//2448
f 2448//2448 889//889 1959//1959
f 1956//1956 1958//1958 892//892
f 1956//1956 893//893 1961//1961
f 1961//1961 895//895 2449//2449
f 1965//1965 1964//1964 899//899
f 902//902 1968//1968 1969//1969
f 1968//1968 903//903 2450//2450
f 1972//1972 908//908 909//909
f 1978//1978 1974//1974 909//909
f 909//909 1974//1974 1972//1972
f 2451//2451 1976//1976 916//916
f 1982//1982 2452//2452 918//918
f 924//924 1988//1988 2453//2453
f 927//927 1991//1991 1990//1990
f 931//931 1996//1996 1993//1993
f 932//932 2314//2314 1994//1994
f 2001//2001 1999//1999 935//935
f 2001//2001 938//938 2454//2454
f 2455//2455 2004//2004 2454//2454
f 2004//2004 2455//2455 2006//2006
f 2012//2012 947//947 2010//2010
f 950//950 2015//2015 2014//2014
f 2017//2017 954//954 2019//2019
f 2021//2021 2019//2019 956//956
f 2025//2025 963//963 2027//2027
f 968//968 2032//2032 2033//2033
f 2030//2030 970//970 2459//2459
f 975//975 2460//2460 2041//2041
f 2313//2313 2460//2460 976//976
f 2313//2313 977//977 980//980
f 980//980 2043//2043 2313//2313
f 984//984 2312//2312 2046//2046
f 985//985 2051//2051 2312//2312
f 2054//2054 993//993 2461//2461
f 996//996 2058//2058 2060//2060
f 2462//2462 2062//2062 1000//1000
f 1000//1000 2062//2062 2057//2057
f 2463//2463 2065//2065 1002//1002
f 1002//1002 2065//2065 2462//2462
f 1008//1008 1384//1384 2064//2064
f 2070//2070 2069//2069 1009//1009
f 2070//2070 1012//1012 2072//2072
f 1013//1013 2073//2073 2072//2072
f 2464//2464 2077//2077 2073//2073
f 2075//2075 1018//1018 2079//2079
f 1026//1026 2466//2466 2085//2085
f 2086//2086 1028//1028 2467//2467
f 2468//2468 2091//2091 2088//2088
f 2090//2090 1035//1035 2469//2469
f 2471//2471 2092//2092 2470//2470
f 2471//2471 1038//1038 2094//2094
f 2472//2472 2473//2473 1163//1163
f 1163//1163 2098//2098 2472//2472
f 2474//2474 2102//2102 2311//2311
f 1043//1043 2108//2108 2476//2476
f 2477//2477 2113//2113 2108//2108
f 2111//2111 2113//2113 1048//1048
f 2478//2478 2120//2120 2117//2117
f 1061//1061 2121//2121 2120//2120
f 2125//2125 1059//1059 2479//2479
f 2127//2127 1058//1058 2129//2129
f 2132//2132 1055//1055 2480//2480
f 2134//2134 1054//1054 2481//2481
f 2483//2483 2138//2138 2140//2140
f 2138//2138 2484//2484 2485//2485
f 1064//1064 2144//2144 2486//2486
f 1068//1068 2150//2150 2149//2149
f 2158//2158 2155//2155 1073//1073
f 2160//2160 2158//2158 1078//1078
f 2162//2162 1076//1076 2164//2164
f 2166//2166 2164//2164 1092//1092
f 2169//2169 2488//2488 2172//2172
f 1089//1089 2175//2175 2172//2172
f 2176//2176 1085//1085 2179//2179
f 1085//1085 2181//2181 2179//2179
f 2181//2181 1083//1083 2491//2491
f 2308//2308 1380//1380 2185//2185
f 2189//2189 207//207 2193//2193
f 2492//2492 2493//2493 2192//2192
f 1099//1099 1377//1377 2493//2493
f 1100//1100 2494//2494 2197//2197
f 2495//2495 2200//2200 1102//1102
f 1102//1102 2200//2200 2201//2201
f 2205//2205 2203//2203 1108//1108
f 2498//2498 2210//2210 2207//2207
f 1112//1112 2220//2220 2214//2214
f 2220//2220 1115//1115 2217//2217
f 2223//2223 2221//2221 1116//1116
f 1116//1116 2221//2221 2217//2217
f 2499//2499 2223//2223 1118//1118
f 2226//2226 2225//2225 1120//1120
f 2226//2226 1121//1121 2228//2228
f 2230//2230 2228//2228 1123//1123
f 2231//2231 2230//2230 1123//1123
f 2231//2231 1127//1127 2234//2234
f 1130//1130 2239//2239 2237//2237
f 1140//1140 2242//2242 2239//2239
f 2244//2244 2242//2242 1137//1137
f 2500//2500 2244//2244 1137//1137
f 1134//1134 2247//2247 2500//2500
f 2501//2501 2253//2253 1131//1131
f 2255//2255 2501//2501 1149//1149
f 1148//1148 2260//2260 2258//2258
f 2261//2261 2260//2260 1148//1148
f 2261//2261 1146//1146 2263//2263
f 2307//2307 2264//2264 2263//2263
f 2264//2264 1145//1145 2267//2267
f 2271//2271 1151//1151 2502//2502
f 2503//2503 2274//2274 2276//2276
f 2278//2278 2274//2274 1155//1155
f 1158//1158 2283//2283 2504//2504
f 2506//2506 1179//1179 2285//2285
f 2287//2287 2285//2285 1178//1178
f 1177//1177 2306//2306 2287//2287
f 2306//2306 1176//1176 2507//2507
f 1174//1174 2291//2291 2507//2507
f 2294//2294 2291//2291 1172//1172
f 1169//1169 2298//2298 2508//2508
f 2298//2298 1167//1167 2509//2509
f 101//101 246//246 56//56
f 56//56 246//246 2324//2324
f 2324//2324 246//246 248//248
f 2324//2324 248//248 2323//2323
f 2323//2323 248//248 2325//2325
f 2325//2325 248//248 250//250
f 2325//2325 250//250 2326//2326
f 2326//2326 250//250 252//252
f 2326//2326 252//252 2327//2327
f 2326//2326 2327//2327 116//116
f 2327//2327 252//252 254//254
f 254//254 256//256 2328//2328
f 2328//2328 256//256 2329//2329
f 2329//2329 2330//2330 119//119
f 2331//2331 2332//2332 103//103
f 2333//2333 2334//2334 124//124
f 263//263 266//266 151//151
f 266//266 2335//2335 152//152
f 152//152 2335//2335 125//125
f 125//125 2335//2335 269//269
f 125//125 269//269 128//128
f 128//128 269//269 272//272
f 2336//2336 272//272 274//274
f 275//275 2337//2337 105//105
f 57//57 2337//2337 278//278
f 57//57 278//278 281//281
f 57//57 281//281 195//195
f 195//195 281//281 1402//1402
f 1404//1404 281//281 2322//2322
f 284//284 2322//2322 282//282
f 282//282 2322//2322 281//281
f 2322//2322 284//284 1405//1405
f 1405//1405 284//284 286//286
f 1405//1405 286//286 1406//1406
f 286//286 287//287 1406//1406
f 1406//1406 287//287 1407//1407
f 1407//1407 287//287 289//289
f 1407//1407 289//289 1408//1408
f 1408//1408 289//289 291//291
f 2338//2338 1410//1410 292//292
f 292//292 1410//1410 1409//1409
f 292//292 1409//1409 291//291
f 1410//1410 2338//2338 1411//1411
f 2338//2338 295//295 1411//1411
f 1411//1411 295//295 1412//1412
f 295//295 298//298 1412//1412
f 298//298 2339//2339 1413//1413
f 1414//1414 2339//2339 2340//2340
f 1414//1414 2340//2340 1415//1415
f 2340//2340 302//302 1415//1415
f 302//302 303//303 1417//1417
f 302//302 1417//1417 1416//1416
f 1417//1417 303//303 306//306
f 1418//1418 306//306 308//308
f 1418//1418 308//308 1419//1419
f 2321//2321 308//308 309//309
f 309//309 311//311 2321//2321
f 1426//1426 311//311 313//313
f 1426//1426 313//313 316//316
f 318//318 1428//1428 1423//1423
f 318//318 1423//1423 316//316
f 1428//1428 318//318 321//321
f 1428//1428 321//321 1431//1431
f 1431//1431 321//321 1435//1435
f 1435//1435 321//321 2341//2341
f 1433//1433 2341//2341 323//323
f 1433//1433 323//323 325//325
f 1437//1437 325//325 328//328
f 1437//1437 328//328 1439//1439
f 1439//1439 328//328 330//330
f 330//330 2342//2342 1440//1440
f 2344//2344 2343//2343 333//333
f 333//333 2343//2343 1442//1442
f 333//333 1442//1442 2342//2342
f 2344//2344 335//335 1445//1445
f 1445//1445 335//335 338//338
f 338//338 2345//2345 1445//1445
f 2345//2345 338//338 339//339
f 1451//1451 339//339 2346//2346
f 2346//2346 342//342 1450//1450
f 2347//2347 1448//1448 342//342
f 342//342 1448//1448 1450//1450
f 2347//2347 344//344 2348//2348
f 344//344 1455//1455 2348//2348
f 344//344 347//347 1455//1455
f 1457//1457 347//347 350//350
f 2349//2349 350//350 352//352
f 2349//2349 352//352 1461//1461
f 1461//1461 352//352 354//354
f 1461//1461 354//354 356//356
f 1461//1461 356//356 1463//1463
f 356//356 359//359 2350//2350
f 359//359 1468//1468 2350//2350
f 1468//1468 359//359 360//360
f 360//360 363//363 2351//2351
f 2320//2320 363//363 365//365
f 365//365 367//367 2320//2320
f 1472//1472 367//367 368//368
f 1472//1472 368//368 370//370
f 2352//2352 370//370 371//371
f 371//371 1477//1477 1476//1476
f 371//371 374//374 1477//1477
f 1482//1482 374//374 377//377
f 1482//1482 377//377 1481//1481
f 1481//1481 377//377 379//379
f 1481//1481 379//379 1484//1484
f 1484//1484 379//379 380//380
f 1485//1485 380//380 1489//1489
f 1489//1489 380//380 384//384
f 2353//2353 384//384 1490//1490
f 384//384 386//386 1490//1490
f 1491//1491 386//386 388//388
f 1491//1491 388//388 1493//1493
f 1493//1493 388//388 389//389
f 1495//1495 389//389 2354//2354
f 2354//2354 2356//2356 2355//2355
f 2356//2356 394//394 1497//1497
f 1497//1497 394//394 2357//2357
f 394//394 396//396 2357//2357
f 2357//2357 396//396 398//398
f 2357//2357 398//398 1504//1504
f 1504//1504 398//398 400//400
f 400//400 1508//1508 1502//1502
f 400//400 2358//2358 1508//1508
f 1506//1506 402//402 405//405
f 1510//1510 405//405 407//407
f 1510//1510 407//407 1513//1513
f 1513//1513 407//407 408//408
f 408//408 412//412 2359//2359
f 1516//1516 412//412 414//414
f 2360//2360 414//414 416//416
f 1520//1520 419//419 421//421
f 1520//1520 421//421 1522//1522
f 421//421 422//422 2361//2361
f 2361//2361 422//422 2362//2362
f 2361//2361 2362//2362 1525//1525
f 2362//2362 425//425 2363//2363
f 425//425 427//427 2363//2363
f 2363//2363 427//427 1527//1527
f 1527//1527 427//427 428//428
f 1527//1527 428//428 1529//1529
f 1529//1529 428//428 431//431
f 1534//1534 431//431 434//434
f 2364//2364 434//434 436//436
f 2364//2364 436//436 1535//1535
f 1535//1535 436//436 438//438
f 438//438 2365//2365 1537//1537
f 1537//1537 2365//2365 1541//1541
f 1539//1539 2365//2365 442//442
f 1539//1539 442//442 1542//1542
f 1542//1542 442//442 445//445
f 445//445 2366//2366 1546//1546
f 1544//1544 2367//2367 448//448
f 1544//1544 448//448 1548//1548
f 448//448 450//450 1548//1548
f 450//450 1553//1553 1549//1549
f 450//450 2368//2368 1553//1553
f 1551//1551 2368//2368 453//453
f 1551//1551 453//453 455//455
f 1554//1554 455//455 2369//2369
f 2369//2369 458//458 1556//1556
f 1556//1556 458//458 459//459
f 1560//1560 459//459 461//461
f 1560//1560 461//461 1558//1558
f 1558//1558 461//461 462//462
f 462//462 466//466 1564//1564
f 466//466 465//465 1564//1564
f 1568//1568 465//465 2370//2370
f 465//465 468//468 2370//2370
f 1572//1572 471//471 473//473
f 1570//1570 473//473 475//475
f 2371//2371 477//477 1580//1580
f 1580//1580 477//477 2372//2372
f 2372//2372 481//481 2373//2373
f 2374//2374 1581//1581 481//481
f 481//481 1581//1581 2373//2373
f 2374//2374 483//483 1398//1398
f 483//483 1587//1587 1398//1398
f 483//483 2375//2375 1587//1587
f 1586//1586 2375//2375 488//488
f 1586//1586 488//488 1584//1584
f 492//492 2376//2376 489//489
f 2376//2376 492//492 1588//1588
f 1588//1588 492//492 494//494
f 494//494 2377//2377 1591//1591
f 1593//1593 2377//2377 497//497
f 1593//1593 497//497 1597//1597
f 1597//1597 497//497 500//500
f 500//500 501//501 1595//1595
f 1595//1595 501//501 1598//1598
f 1598//1598 501//501 503//503
f 503//503 504//504 1599//1599
f 1599//1599 504//504 1601//1601
f 1601//1601 504//504 506//506
f 2378//2378 1604//1604 506//506
f 2378//2378 509//509 1605//1605
f 509//509 2379//2379 1605//1605
f 509//509 513//513 2379//2379
f 2379//2379 513//513 1607//1607
f 513//513 511//511 1607//1607
f 1607//1607 511//511 1610//1610
f 1610//1610 511//511 2380//2380
f 515//515 2381//2381 2380//2380
f 515//515 518//518 1611//1611
f 2382//2382 518//518 1613//1613
f 518//518 523//523 1613//1613
f 523//523 522//522 1615//1615
f 1615//1615 522//522 1617//1617
f 522//522 524//524 2383//2383
f 2383//2383 524//524 527//527
f 1619//1619 527//527 530//530
f 1619//1619 530//530 1620//1620
f 2384//2384 530//530 1623//1623
f 1623//1623 530//530 531//531
f 1625//1625 531//531 534//534
f 1625//1625 534//534 2385//2385
f 2385//2385 537//537 2386//2386
f 537//537 539//539 2386//2386
f 2386//2386 539//539 2387//2387
f 539//539 541//541 2387//2387
f 2387//2387 541//541 1393//1393
f 1393//1393 541//541 543//543
f 1393//1393 543//543 1632//1632
f 1632//1632 543//543 545//545
f 545//545 547//547 1634//1634
f 547//547 2389//2389 2388//2388
f 1640//1640 2389//2389 550//550
f 1640//1640 550//550 551//551
f 1638//1638 551//551 554//554
f 1638//1638 554//554 1641//1641
f 1641//1641 554//554 1643//1643
f 557//557 1643//1643 554//554
f 1646//1646 557//557 559//559
f 559//559 560//560 1649//1649
f 2390//2390 560//560 563//563
f 2390//2390 563//563 564//564
f 1651//1651 564//564 566//566
f 1651//1651 566//566 1655//1655
f 566//566 569//569 1391//1391
f 1391//1391 569//569 571//571
f 571//571 1656//1656 1391//1391
f 571//571 574//574 1656//1656
f 1656//1656 574//574 2391//2391
f 574//574 572//572 2391//2391
f 2391//2391 572//572 576//576
f 1659//1659 576//576 1661//1661
f 576//576 580//580 1661//1661
f 1661//1661 580//580 2392//2392
f 2392//2392 580//580 578//578
f 1663//1663 582//582 583//583
f 583//583 586//586 1667//1667
f 1667//1667 586//586 2393//2393
f 586//586 2394//2394 2393//2393
f 2393//2393 2394//2394 1670//1670
f 1671//1671 2394//2394 589//589
f 589//589 591//591 1671//1671
f 591//591 593//593 1389//1389
f 1389//1389 593//593 1675//1675
f 1675//1675 593//593 594//594
f 1675//1675 594//594 2319//2319
f 2319//2319 594//594 2395//2395
f 2319//2319 2395//2395 1678//1678
f 2395//2395 596//596 2396//2396
f 2396//2396 596//596 597//597
f 2396//2396 597//597 2397//2397
f 2398//2398 2397//2397 601//601
f 2398//2398 601//601 603//603
f 1387//1387 603//603 604//604
f 1387//1387 604//604 1685//1685
f 1685//1685 604//604 607//607
f 2399//2399 607//607 1687//1687
f 607//607 606//606 1687//1687
f 1687//1687 606//606 1688//1688
f 1688//1688 606//606 609//609
f 609//609 612//612 2400//2400
f 1693//1693 612//612 614//614
f 1693//1693 614//614 616//616
f 1694//1694 616//616 1696//1696
f 616//616 618//618 1696//1696
f 1696//1696 618//618 620//620
f 1696//1696 620//620 2401//2401
f 2401//2401 620//620 622//622
f 2402//2402 622//622 624//624
f 624//624 626//626 1700//1700
f 1702//1702 626//626 627//627
f 1702//1702 627//627 1706//1706
f 627//627 630//630 2318//2318
f 2318//2318 630//630 632//632
f 2318//2318 632//632 1707//1707
f 1707//1707 632//632 633//633
f 2403//2403 633//633 637//637
f 637//637 636//636 2404//2404
f 2404//2404 636//636 1711//1711
f 1711//1711 636//636 639//639
f 1711//1711 639//639 1714//1714
f 1714//1714 639//639 642//642
f 1714//1714 642//642 1713//1713
f 1713//1713 642//642 1715//1715
f 1715//1715 642//642 645//645
f 1715//1715 645//645 1716//1716
f 2405//2405 645//645 647//647
f 2405//2405 647//647 1719//1719
f 1719//1719 647//647 649//649
f 1722//1722 649//649 651//651
f 1722//1722 651//651 1723//1723
f 1723//1723 651//651 652//652
f 1724//1724 652//652 1727//1727
f 652//652 654//654 1727//1727
f 1727//1727 654//654 2406//2406
f 657//657 1730//1730 2406//2406
f 1730//1730 657//657 1729//1729
f 1729//1729 657//657 660//660
f 1732//1732 660//660 661//661
f 1736//1736 661//661 662//662
f 1736//1736 662//662 1735//1735
f 662//662 666//666 1738//1738
f 1743//1743 667//667 668//668
f 1743//1743 668//668 670//670
f 1743//1743 670//670 1742//1742
f 1742//1742 670//670 673//673
f 1745//1745 673//673 674//674
f 1746//1746 674//674 677//677
f 1746//1746 677//677 1747//1747
f 2407//2407 677//677 679//679
f 2407//2407 679//679 1751//1751
f 1751//1751 679//679 1753//1753
f 681//681 683//683 1753//1753
f 681//681 1753//1753 679//679
f 1755//1755 683//683 209//209
f 1755//1755 209//209 2408//2408
f 2408//2408 209//209 688//688
f 2408//2408 688//688 2409//2409
f 2409//2409 688//688 1758//1758
f 688//688 687//687 1758//1758
f 1758//1758 687//687 1757//1757
f 1757//1757 687//687 690//690
f 690//690 2410//2410 1762//1762
f 2410//2410 693//693 2411//2411
f 693//693 695//695 1769//1769
f 1767//1767 695//695 1770//1770
f 695//695 698//698 1770//1770
f 1770//1770 698//698 1772//1772
f 1772//1772 698//698 700//700
f 1772//1772 700//700 1773//1773
f 1776//1776 700//700 701//701
f 1776//1776 701//701 704//704
f 2412//2412 704//704 705//705
f 2412//2412 705//705 707//707
f 2412//2412 707//707 1779//1779
f 707//707 708//708 1779//1779
f 708//708 711//711 1783//1783
f 1783//1783 711//711 712//712
f 1783//1783 712//712 1781//1781
f 1781//1781 712//712 713//713
f 1781//1781 713//713 1788//1788
f 1788//1788 713//713 716//716
f 720//720 719//719 1790//1790
f 1790//1790 719//719 2413//2413
f 719//719 1795//1795 2413//2413
f 719//719 722//722 1795//1795
f 1795//1795 722//722 724//724
f 724//724 723//723 1795//1795
f 1795//1795 723//723 1794//1794
f 723//723 726//726 1797//1797
f 1797//1797 726//726 730//730
f 730//730 732//732 1800//1800
f 732//732 733//733 2414//2414
f 733//733 735//735 2414//2414
f 2414//2414 735//735 1805//1805
f 735//735 737//737 2415//2415
f 2415//2415 737//737 739//739
f 1808//1808 739//739 2416//2416
f 2416//2416 739//739 741//741
f 741//741 743//743 2416//2416
f 2416//2416 743//743 1810//1810
f 1810//1810 743//743 2417//2417
f 1810//1810 2417//2417 1812//1812
f 1812//1812 2417//2417 745//745
f 1812//1812 745//745 2418//2418
f 2418//2418 745//745 747//747
f 747//747 749//749 1815//1815
f 1817//1817 749//749 752//752
f 2419//2419 752//752 753//753
f 2419//2419 753//753 756//756
f 2419//2419 756//756 1823//1823
f 2420//2420 756//756 1821//1821
f 1821//1821 756//756 759//759
f 1824//1824 759//759 1825//1825
f 1825//1825 759//759 760//760
f 2421//2421 763//763 1829//1829
f 1829//1829 763//763 764//764
f 1829//1829 764//764 766//766
f 2422//2422 766//766 2423//2423
f 1833//1833 2423//2423 2424//2424
f 1833//1833 2424//2424 1835//1835
f 2424//2424 771//771 1835//1835
f 1836//1836 771//771 772//772
f 1836//1836 772//772 1841//1841
f 1841//1841 772//772 773//773
f 1839//1839 773//773 776//776
f 1839//1839 776//776 1838//1838
f 1844//1844 776//776 778//778
f 1844//1844 778//778 779//779
f 1847//1847 779//779 1851//1851
f 1851//1851 779//779 782//782
f 1850//1850 782//782 783//783
f 783//783 787//787 1852//1852
f 1853//1853 787//787 1855//1855
f 787//787 790//790 1855//1855
f 1860//1860 790//790 1858//1858
f 790//790 792//792 1858//1858
f 1858//1858 792//792 793//793
f 793//793 796//796 1862//1862
f 1864//1864 796//796 798//798
f 1866//1866 798//798 800//800
f 1868//1868 800//800 802//802
f 802//802 804//804 1869//1869
f 1873//1873 804//804 807//807
f 1873//1873 807//807 1871//1871
f 807//807 808//808 1876//1876
f 1876//1876 808//808 811//811
f 1876//1876 811//811 1879//1879
f 1879//1879 811//811 812//812
f 1879//1879 812//812 1882//1882
f 812//812 2425//2425 1882//1882
f 1878//1878 2425//2425 815//815
f 1878//1878 815//815 1883//1883
f 1883//1883 815//815 817//817
f 1883//1883 817//817 1885//1885
f 1885//1885 817//817 820//820
f 2426//2426 820//820 1887//1887
f 1887//1887 820//820 822//822
f 2427//2427 822//822 2428//2428
f 824//824 2428//2428 822//822
f 2428//2428 824//824 826//826
f 2428//2428 826//826 1889//1889
f 1889//1889 826//826 2429//2429
f 2430//2430 2429//2429 829//829
f 2430//2430 829//829 1899//1899
f 829//829 2431//2431 1899//1899
f 832//832 2432//2432 1898//1898
f 832//832 1898//1898 2431//2431
f 832//832 834//834 2432//2432
f 2432//2432 834//834 1901//1901
f 1901//1901 834//834 2317//2317
f 1901//1901 2317//2317 1904//1904
f 1904//1904 2317//2317 1907//1907
f 1907//1907 2317//2317 837//837
f 1907//1907 837//837 839//839
f 1907//1907 839//839 1906//1906
f 1910//1910 839//839 2433//2433
f 2433//2433 841//841 1911//1911
f 1911//1911 841//841 844//844
f 1911//1911 844//844 1914//1914
f 1914//1914 844//844 2434//2434
f 2434//2434 844//844 2435//2435
f 2435//2435 844//844 2436//2436
f 2436//2436 848//848 2437//2437
f 2437//2437 848//848 1916//1916
f 1916//1916 848//848 849//849
f 849//849 852//852 1920//1920
f 1920//1920 852//852 1922//1922
f 852//852 2438//2438 1922//1922
f 854//854 2439//2439 2438//2438
f 2439//2439 854//854 1927//1927
f 854//854 856//856 1927//1927
f 1925//1925 856//856 858//858
f 858//858 2440//2440 1925//1925
f 1928//1928 2440//2440 859//859
f 1928//1928 859//859 1931//1931
f 1931//1931 859//859 862//862
f 2441//2441 862//862 864//864
f 2441//2441 864//864 2442//2442
f 2442//2442 864//864 867//867
f 2442//2442 867//867 865//865
f 865//865 870//870 1935//1935
f 1935//1935 870//870 1937//1937
f 870//870 1939//1939 1937//1937
f 870//870 2443//2443 1939//1939
f 2316//2316 2443//2443 1941//1941
f 2443//2443 875//875 1941//1941
f 1944//1944 875//875 876//876
f 1946//1946 876//876 878//878
f 2444//2444 2315//2315 878//878
f 2444//2444 881//881 1950//1950
f 1950//1950 881//881 2445//2445
f 1950//1950 2445//2445 1949//1949
f 2447//2447 2446//2446 884//884
f 2447//2447 884//884 1953//1953
f 1953//1953 884//884 886//886
f 2448//2448 886//886 889//889
f 1959//1959 889//889 888//888
f 1959//1959 888//888 1958//1958
f 1958//1958 888//888 892//892
f 1956//1956 892//892 893//893
f 1961//1961 893//893 895//895
f 2449//2449 895//895 897//897
f 2449//2449 897//897 1964//1964
f 1964//1964 897//897 899//899
f 1965//1965 899//899 1969//1969
f 899//899 902//902 1969//1969
f 902//902 903//903 1968//1968
f 2450//2450 903//903 905//905
f 2450//2450 905//905 908//908
f 1978//1978 909//909 911//911
f 1978//1978 911//911 1976//1976
f 1976//1976 911//911 913//913
f 1976//1976 913//913 916//916
f 2451//2451 916//916 917//917
f 2451//2451 917//917 2452//2452
f 917//917 918//918 2452//2452
f 1982//1982 918//918 920//920
f 1982//1982 920//920 1985//1985
f 1985//1985 920//920 2453//2453
f 2453//2453 920//920 921//921
f 2453//2453 921//921 924//924
f 924//924 927//927 1988//1988
f 1988//1988 927//927 1990//1990
f 927//927 929//929 1991//1991
f 1991//1991 929//929 1993//1993
f 1993//1993 929//929 931//931
f 1996//1996 931//931 932//932
f 1996//1996 932//932 1994//1994
f 932//932 934//934 2314//2314
f 2314//2314 934//934 1999//1999
f 934//934 935//935 1999//1999
f 2001//2001 935//935 938//938
f 938//938 939//939 2454//2454
f 2454//2454 939//939 2455//2455
f 2006//2006 2455//2455 942//942
f 942//942 2456//2456 2006//2006
f 942//942 944//944 2456//2456
f 2456//2456 944//944 2012//2012
f 2012//2012 944//944 947//947
f 2010//2010 947//947 2014//2014
f 947//947 950//950 2014//2014
f 2015//2015 950//950 952//952
f 2015//2015 952//952 2017//2017
f 2017//2017 952//952 954//954
f 2019//2019 954//954 956//956
f 2021//2021 956//956 2023//2023
f 2023//2023 956//956 958//958
f 958//958 960//960 2023//2023
f 2023//2023 960//960 2457//2457
f 2457//2457 960//960 2025//2025
f 2025//2025 960//960 963//963
f 2027//2027 963//963 2458//2458
f 963//963 964//964 2458//2458
f 2458//2458 964//964 966//966
f 2458//2458 966//966 2033//2033
f 2033//2033 966//966 968//968
f 2032//2032 968//968 970//970
f 2032//2032 970//970 2030//2030
f 2459//2459 970//970 972//972
f 2459//2459 972//972 2037//2037
f 2037//2037 972//972 2041//2041
f 972//972 975//975 2041//2041
f 2460//2460 975//975 976//976
f 2313//2313 976//976 977//977
f 2043//2043 980//980 2046//2046
f 980//980 984//984 2046//2046
f 984//984 985//985 2312//2312
f 2051//2051 985//985 987//987
f 2051//2051 987//987 2049//2049
f 2049//2049 987//987 989//989
f 2049//2049 989//989 2053//2053
f 989//989 991//991 2053//2053
f 991//991 993//993 2054//2054
f 2461//2461 993//993 995//995
f 2461//2461 995//995 2060//2060
f 2060//2060 995//995 996//996
f 2058//2058 996//996 999//999
f 2058//2058 999//999 2057//2057
f 2057//2057 999//999 1000//1000
f 2462//2462 1000//1000 1002//1002
f 2065//2065 2463//2463 1008//1008
f 2065//2065 1008//1008 2064//2064
f 1008//1008 1006//1006 2069//2069
f 1008//1008 2069//2069 1384//1384
f 2069//2069 1006//1006 1009//1009
f 2070//2070 1009//1009 1012//1012
f 2072//2072 1012//1012 1013//1013
f 1013//1013 2464//2464 2073//2073
f 1016//1016 2075//2075 2077//2077
f 1016//1016 2077//2077 2464//2464
f 2075//2075 1016//1016 1018//1018
f 2079//2079 1018//1018 1021//1021
f 2079//2079 1021//1021 2465//2465
f 2465//2465 1021//1021 1022//1022
f 2465//2465 1022//1022 2085//2085
f 2085//2085 1022//1022 1024//1024
f 2085//2085 1024//1024 1026//1026
f 1029//1029 2466//2466 1026//1026
f 2466//2466 1029//1029 1028//1028
f 2466//2466 1028//1028 2086//2086
f 2467//2467 1028//1028 1032//1032
f 1032//1032 2088//2088 2467//2467
f 1032//1032 2468//2468 2088//2088
f 2091//2091 2468//2468 1035//1035
f 2091//2091 1035//1035 2090//2090
f 2469//2469 1035//1035 2470//2470
f 2469//2469 2470//2470 2092//2092
f 2471//2471 2470//2470 1038//1038
f 1038//1038 1164//1164 2094//2094
f 2094//2094 1164//1164 2472//2472
f 2472//2472 1164//1164 2473//2473
f 2098//2098 1163//1163 1162//1162
f 2098//2098 1162//1162 2100//2100
f 2100//2100 1162//1162 2311//2311
f 2311//2311 1162//1162 1161//1161
f 2311//2311 1161//1161 2474//2474
f 2475//2475 2102//2102 2474//2474
f 2102//2102 2475//2475 2105//2105
f 2475//2475 1042//1042 2105//2105
f 2105//2105 1042//1042 2106//2106
f 1042//1042 1041//1041 2106//2106
f 2106//2106 1041//1041 2476//2476
f 2476//2476 1041//1041 1043//1043
f 2108//2108 1043//1043 2477//2477
f 2477//2477 1043//1043 1047//1047
f 2477//2477 1047//1047 2113//2113
f 2113//2113 1047//1047 1048//1048
f 2111//2111 1048//1048 1049//1049
f 2111//2111 1049//1049 2310//2310
f 2310//2310 1049//1049 1050//1050
f 2310//2310 1050//1050 2117//2117
f 2117//2117 1050//1050 2478//2478
f 1050//1050 1062//1062 2478//2478
f 2478//2478 1062//1062 2120//2120
f 2120//2120 1062//1062 1061//1061
f 1061//1061 1060//1060 2121//2121
f 2121//2121 1060//1060 2123//2123
f 2123//2123 1060//1060 2125//2125
f 2125//2125 1060//1060 1059//1059
f 2479//2479 1059//1059 2127//2127
f 2127//2127 1059//1059 1058//1058
f 2129//2129 1058//1058 1056//1056
f 2129//2129 1056//1056 2132//2132
f 2132//2132 1056//1056 1055//1055
f 2480//2480 1055//1055 2134//2134
f 2134//2134 1055//1055 1054//1054
f 2481//2481 1054//1054 2482//2482
f 2481//2481 2482//2482 2140//2140
f 2482//2482 1052//1052 2140//2140
f 2140//2140 1052//1052 2483//2483
f 2138//2138 2483//2483 2484//2484
f 2484//2484 1051//1051 2485//2485
f 2485//2485 1051//1051 2486//2486
f 1051//1051 1064//1064 2486//2486
f 1064//1064 1065//1065 2144//2144
f 2144//2144 1065//1065 2148//2148
f 2148//2148 1065//1065 1067//1067
f 1067//1067 2149//2149 2148//2148
f 2149//2149 1067//1067 1068//1068
f 2150//2150 1068//1068 1070//1070
f 2150//2150 1070//1070 2151//2151
f 2151//2151 1070//1070 2154//2154
f 2154//2154 1070//1070 2309//2309
f 2309//2309 1070//1070 1072//1072
f 2309//2309 1072//1072 2155//2155
f 2309//2309 2155//2155 2154//2154
f 1072//1072 1073//1073 2155//2155
f 1073//1073 1078//1078 2158//2158
f 2160//2160 1078//1078 2162//2162
f 1078//1078 1079//1079 2162//2162
f 2162//2162 1079//1079 1076//1076
f 2164//2164 1076//1076 2487//2487
f 1076//1076 1093//1093 2487//2487
f 2487//2487 1093//1093 2164//2164
f 2164//2164 1093//1093 1092//1092
f 2166//2166 1092//1092 2488//2488
f 2166//2166 2488//2488 2169//2169
f 2488//2488 1090//1090 2172//2172
f 2172//2172 1090//1090 1089//1089
f 2175//2175 1089//1089 2489//2489
f 2175//2175 2489//2489 2490//2490
f 2489//2489 1088//1088 2490//2490
f 2490//2490 1088//1088 1086//1086
f 2490//2490 1086//1086 2176//2176
f 2176//2176 1086//1086 1085//1085
f 1085//1085 1084//1084 2181//2181
f 2181//2181 1084//1084 1083//1083
f 2491//2491 1083//1083 1082//1082
f 2491//2491 1082//1082 2184//2184
f 2184//2184 1082//1082 1081//1081
f 2184//2184 1081//1081 2185//2185
f 2185//2185 1081//1081 2308//2308
f 2308//2308 207//207 2189//2189
f 2193//2193 207//207 2192//2192
f 2192//2192 207//207 2492//2492
f 2492//2492 1095//1095 2493//2493
f 2493//2493 1095//1095 1099//1099
f 1099//1099 1098//1098 1377//1377
f 1377//1377 1098//1098 2197//2197
f 2197//2197 1098//1098 1100//1100
f 2494//2494 1100//1100 2201//2201
f 1100//1100 1102//1102 2201//2201
f 2495//2495 1102//1102 1105//1105
f 2495//2495 1105//1105 2200//2200
f 2200//2200 1105//1105 2496//2496
f 2496//2496 1105//1105 1106//1106
f 2496//2496 1106//1106 2203//2203
f 2203//2203 1106//1106 1108//1108
f 2205//2205 1108//1108 2497//2497
f 2205//2205 2497//2497 2207//2207
f 2207//2207 2497//2497 2498//2498
f 2210//2210 2498//2498 1110//1110
f 2210//2210 1110//1110 2212//2212
f 2212//2212 1110//1110 1111//1111
f 1111//1111 1112//1112 2214//2214
f 2220//2220 1112//1112 1115//1115
f 2217//2217 1115//1115 1116//1116
f 1116//1116 1118//1118 2223//2223
f 2499//2499 1118//1118 2225//2225
f 1118//1118 1120//1120 2225//2225
f 2226//2226 1120//1120 1121//1121
f 2228//2228 1121//1121 1123//1123
f 1123//1123 1125//1125 2231//2231
f 2231//2231 1125//1125 1127//1127
f 1128//1128 2236//2236 1127//1127
f 1127//1127 2236//2236 2234//2234
f 2236//2236 1128//1128 2237//2237
f 2237//2237 1128//1128 1130//1130
f 1130//1130 1140//1140 2239//2239
f 1140//1140 1139//1139 2242//2242
f 2242//2242 1139//1139 1137//1137
f 1136//1136 2500//2500 1137//1137
f 1136//1136 1134//1134 2500//2500
f 1134//1134 1132//1132 2247//2247
f 2247//2247 1132//1132 2251//2251
f 1132//1132 2253//2253 2251//2251
f 1132//1132 1131//1131 2253//2253
f 2501//2501 1131//1131 1150//1150
f 2501//2501 1150//1150 1149//1149
f 2255//2255 1149//1149 2258//2258
f 1149//1149 1148//1148 2258//2258
f 1146//1146 2261//2261 1148//1148
f 2263//2263 1146//1146 2307//2307
f 2307//2307 1145//1145 2264//2264
f 2267//2267 1145//1145 1144//1144
f 2267//2267 1144//1144 1143//1143
f 2267//2267 1143//1143 2268//2268
f 1142//1142 2271//2271 2268//2268
f 1142//1142 2268//2268 1143//1143
f 2271//2271 1142//1142 1151//1151
f 2502//2502 1151//1151 1152//1152
f 2502//2502 1152//1152 2276//2276
f 1152//1152 2503//2503 2276//2276
f 2274//2274 2503//2503 1154//1154
f 2274//2274 1154//1154 1155//1155
f 1155//1155 2504//2504 2278//2278
f 1155//1155 1158//1158 2504//2504
f 1158//1158 1157//1157 2283//2283
f 2283//2283 1157//1157 2282//2282
f 2282//2282 1157//1157 2505//2505
f 2505//2505 1157//1157 1160//1160
f 2505//2505 1160//1160 2506//2506
f 2506//2506 1160//1160 1179//1179
f 2285//2285 1179//1179 1178//1178
f 1178//1178 1177//1177 2287//2287
f 2306//2306 1177//1177 1176//1176
f 1174//1174 2507//2507 1176//1176
f 1174//1174 1173//1173 2291//2291
f 2291//2291 1173//1173 1172//1172
f 2294//2294 1172//1172 1171//1171
f 2294//2294 1171//1171 2295//2295
f 2295//2295 1171//1171 2508//2508
f 2508//2508 1171//1171 1170//1170
f 1170//1170 1169//1169 2508//2508
f 2298//2298 1169//1169 1168//1168
f 2298//2298 1168//1168 1167//1167
f 2509//2509 1167//1167 2510//2510
f 1167//1167 1166//1166 2510//2510
f 2510//2510 1166//1166 1165//1165
f 2510//2510 1165//1165 2304//2304
f 2304//2304 1165//1165 2303//2303
f 1039//1039 2303//2303 1165//1165
f 1001//1001 2275//2275 2273//2273
f 997//997 2270//2270 2272//2272
f 946//946 2224//2224 1376//1376
f 919//919 2194//2194 1378//1378
f 894//894 2173//2173 2174//2174
f 871//871 2146//2146 2147//2147
f 814//814 1381//1381 2095//2095
f 775//775 2063//2063 2066//2066
f 740//740 2026//2026 2028//2028
f 680//680 1973//1973 1979//1979
f 562//562 1861//1861 1865//1865
f 544//544 1845//1845 1848//1848
f 502//502 1806//1806 1804//1804
f 479//479 1780//1780 1784//1784
f 456//456 1760//1760 1759//1759
f 447//447 1749//1749 1750//1750
f 385//385 1692//1692 1691//1691
f 376//376 1683//1683 1684//1684
f 326//326 1642//1642 1644//1644
f 305//305 1626//1626 1629//1629
f 244//244 1566//1566 1571//1571
f 226//226 1552//1552 1550//1550
f 1188//1188 1524//1524 1526//1526
f 1487//1487 1212//1212 1488//1488
f 1488//1488 1212//1212 1214//1214
f 1487//1487 1213//1213 1212//1212
f 1487//1487 1211//1211 1213//1213
f 1492//1492 1210//1210 1211//1211
f 1492//1492 1211//1211 1487//1487
f 1492//1492 1209//1209 1210//1210
f 1494//1494 1209//1209 1492//1492
f 1494//1494 1208//1208 1209//1209
f 1208//1208 1494//1494 1496//1496
f 1208//1208 1496//1496 1207//1207
f 1498//1498 1207//1207 1496//1496
f 1498//1498 1206//1206 1207//1207
f 1500//1500 1205//1205 1499//1499
f 1499//1499 1205//1205 1206//1206
f 1499//1499 1206//1206 1498//1498
f 1500//1500 1204//1204 1205//1205
f 1503//1503 1204//1204 1500//1500
f 1503//1503 1201//1201 1203//1203
f 1503//1503 1203//1203 1204//1204
f 1501//1501 1201//1201 1503//1503
f 1507//1507 1202//1202 1201//1201
f 1507//1507 1201//1201 1501//1501
f 1511//1511 1198//1198 1200//1200
f 1511//1511 1200//1200 1505//1505
f 1505//1505 1200//1200 1202//1202
f 1505//1505 1202//1202 1507//1507
f 1509//1509 1198//1198 1511//1511
f 1198//1198 1509//1509 1199//1199
f 1509//1509 1512//1512 1199//1199
f 1199//1199 1512//1512 1197//1197
f 1515//1515 1197//1197 1512//1512
f 1514//1514 1196//1196 1515//1515
f 1515//1515 1196//1196 1197//1197
f 1517//1517 1195//1195 1514//1514
f 1514//1514 1195//1195 1196//1196
f 1517//1517 1194//1194 1195//1195
f 1517//1517 1193//1193 1194//1194
f 1517//1517 1519//1519 1193//1193
f 1193//1193 1519//1519 1192//1192
f 1521//1521 1192//1192 1519//1519
f 1521//1521 1191//1191 1192//1192
f 1521//1521 1190//1190 1191//1191
f 1523//1523 1189//1189 1190//1190
f 1523//1523 1190//1190 1521//1521
f 1523//1523 1188//1188 1189//1189
f 1524//1524 1188//1188 1523//1523
f 1526//1526 1187//1187 1188//1188
f 1526//1526 1186//1186 1187//1187
f 1528//1528 1186//1186 1526//1526
f 1528//1528 1185//1185 1186//1186
f 1531//1531 1184//1184 1528//1528
f 1528//1528 1184//1184 1185//1185
f 1531//1531 1183//1183 1184//1184
f 1183//1183 1531//1531 1530//1530
f 1183//1183 1530//1530 1182//1182
f 1533//1533 1182//1182 1530//1530
f 1532//1532 1182//1182 1533//1533
f 1532//1532 1180//1180 1182//1182
f 1532//1532 1181//1181 1180//1180
f 1401//1401 1181//1181 1532//1532
f 1536//1536 211//211 1401//1401
f 1401//1401 211//211 1181//1181
f 1540//1540 213//213 1536//1536
f 1536//1536 213//213 211//211
f 1540//1540 215//215 213//213
f 1538//1538 215//215 1540//1540
f 1538//1538 216//216 215//215
f 216//216 1538//1538 1545//1545
f 1545//1545 218//218 216//216
f 218//218 1545//1545 1543//1543
f 218//218 1543//1543 220//220
f 220//220 1543//1543 1547//1547
f 220//220 1547//1547 222//222
f 1552//1552 223//223 1547//1547
f 1547//1547 223//223 222//222
f 1552//1552 226//226 223//223
f 1550//1550 227//227 226//226
f 1555//1555 230//230 229//229
f 1555//1555 229//229 227//227
f 1555//1555 227//227 1550//1550
f 1561//1561 230//230 1555//1555
f 1559//1559 231//231 1561//1561
f 1561//1561 231//231 230//230
f 231//231 1559//1559 234//234
f 1557//1557 234//234 1559//1559
f 1563//1563 236//236 1557//1557
f 1557//1557 236//236 234//234
f 236//236 1563//1563 1565//1565
f 236//236 1565//1565 238//238
f 240//240 238//238 1569//1569
f 1569//1569 238//238 1565//1565
f 1567//1567 240//240 1569//1569
f 1566//1566 241//241 1567//1567
f 1567//1567 241//241 240//240
f 1566//1566 244//244 241//241
f 1574//1574 245//245 244//244
f 1574//1574 244//244 1571//1571
f 1576//1576 247//247 1574//1574
f 1574//1574 247//247 245//245
f 247//247 1576//1576 249//249
f 1579//1579 253//253 251//251
f 1579//1579 251//251 1577//1577
f 1577//1577 251//251 249//249
f 1577//1577 249//249 1576//1576
f 255//255 253//253 1579//1579
f 1578//1578 255//255 1579//1579
f 255//255 1578//1578 257//257
f 257//257 1578//1578 1400//1400
f 1399//1399 257//257 1400//1400
f 1399//1399 258//258 257//257
f 1585//1585 260//260 259//259
f 1585//1585 259//259 1582//1582
f 1582//1582 259//259 258//258
f 1582//1582 258//258 1399//1399
f 1583//1583 261//261 260//260
f 1583//1583 260//260 1585//1585
f 261//261 1583//1583 1397//1397
f 261//261 1397//1397 262//262
f 1397//1397 1589//1589 262//262
f 1589//1589 264//264 262//262
f 1590//1590 264//264 1589//1589
f 1592//1592 265//265 1590//1590
f 1590//1590 265//265 264//264
f 1592//1592 267//267 265//265
f 1592//1592 268//268 267//267
f 268//268 1592//1592 1596//1596
f 1596//1596 270//270 268//268
f 270//270 1596//1596 1594//1594
f 1594//1594 271//271 270//270
f 271//271 1594//1594 1600//1600
f 271//271 1600//1600 273//273
f 1602//1602 273//273 1600//1600
f 1602//1602 276//276 273//273
f 276//276 1602//1602 277//277
f 277//277 1602//1602 1603//1603
f 277//277 1603//1603 279//279
f 1606//1606 279//279 1603//1603
f 1606//1606 280//280 279//279
f 280//280 1606//1606 1396//1396
f 1395//1395 280//280 1396//1396
f 1395//1395 283//283 280//280
f 1609//1609 285//285 283//283
f 1609//1609 283//283 1395//1395
f 1608//1608 285//285 1609//1609
f 1608//1608 288//288 285//285
f 1608//1608 1394//1394 288//288
f 288//288 1394//1394 290//290
f 1612//1612 290//290 1394//1394
f 1614//1614 293//293 1612//1612
f 1612//1612 293//293 290//290
f 1614//1614 294//294 293//293
f 1616//1616 294//294 1614//1614
f 294//294 1616//1616 296//296
f 296//296 1616//1616 1618//1618
f 296//296 1618//1618 297//297
f 297//297 1618//1618 1621//1621
f 1621//1621 299//299 297//297
f 1622//1622 300//300 1621//1621
f 1621//1621 300//300 299//299
f 1622//1622 301//301 300//300
f 1622//1622 1624//1624 301//301
f 301//301 1624//1624 304//304
f 304//304 1624//1624 1626//1626
f 1626//1626 305//305 304//304
f 1630//1630 307//307 305//305
f 1630//1630 305//305 1629//1629
f 1630//1630 310//310 307//307
f 1631//1631 310//310 1630//1630
f 1631//1631 312//312 310//310
f 312//312 1631//1631 1392//1392
f 1392//1392 314//314 312//312
f 314//314 1392//1392 1635//1635
f 1635//1635 315//315 314//314
f 1633//1633 317//317 315//315
f 1633//1633 315//315 1635//1635
f 1636//1636 317//317 1633//1633
f 1636//1636 319//319 317//317
f 319//319 1636//1636 320//320
f 1636//1636 1639//1639 320//320
f 320//320 1639//1639 324//324
f 1637//1637 324//324 1639//1639
f 1637//1637 322//322 324//324
f 1642//1642 326//326 1637//1637
f 1637//1637 326//326 322//322
f 1644//1644 327//327 326//326
f 327//327 1644//1644 1647//1647
f 327//327 1647//1647 329//329
f 1645//1645 329//329 1647//1647
f 1645//1645 331//331 329//329
f 1650//1650 334//334 1648//1648
f 1648//1648 334//334 332//332
f 1648//1648 332//332 331//331
f 1648//1648 331//331 1645//1645
f 334//334 1650//1650 336//336
f 336//336 1650//1650 1652//1652
f 336//336 1652//1652 337//337
f 337//337 1652//1652 1654//1654
f 1654//1654 340//340 337//337
f 1653//1653 340//340 1654//1654
f 341//341 340//340 1653//1653
f 1657//1657 343//343 1390//1390
f 1390//1390 343//343 341//341
f 1390//1390 341//341 1653//1653
f 1660//1660 345//345 343//343
f 1660//1660 343//343 1657//1657
f 346//346 345//345 1660//1660
f 1658//1658 346//346 1660//1660
f 346//346 1658//1658 1662//1662
f 1662//1662 348//348 346//346
f 348//348 1662//1662 1664//1664
f 1664//1664 349//349 348//348
f 349//349 1664//1664 1665//1665
f 349//349 1665//1665 351//351
f 1668//1668 351//351 1666//1666
f 1666//1666 351//351 1665//1665
f 351//351 1668//1668 353//353
f 353//353 1668//1668 355//355
f 1669//1669 355//355 1668//1668
f 355//355 1669//1669 357//357
f 357//357 1669//1669 1672//1672
f 1672//1672 358//358 357//357
f 358//358 1672//1672 1673//1673
f 1673//1673 361//361 358//358
f 361//361 1673//1673 362//362
f 362//362 1673//1673 1676//1676
f 1674//1674 362//362 1676//1676
f 1674//1674 364//364 362//362
f 1674//1674 366//366 364//364
f 366//366 1674//1674 1677//1677
f 1682//1682 372//372 369//369
f 1682//1682 369//369 1679//1679
f 1679//1679 369//369 366//366
f 1679//1679 366//366 1677//1677
f 373//373 372//372 1682//1682
f 1680//1680 373//373 1682//1682
f 375//375 373//373 1680//1680
f 375//375 1680//1680 1388//1388
f 375//375 1388//1388 1683//1683
f 1683//1683 376//376 375//375
f 1689//1689 378//378 1686//1686
f 1686//1686 378//378 1684//1684
f 1684//1684 378//378 376//376
f 1689//1689 381//381 378//378
f 382//382 381//381 1689//1689
f 1689//1689 1690//1690 382//382
f 1690//1690 1692//1692 382//382
f 382//382 1692//1692 383//383
f 1692//1692 385//385 383//383
f 1695//1695 387//387 385//385
f 1695//1695 385//385 1691//1691
f 1697//1697 390//390 387//387
f 1697//1697 387//387 1695//1695
f 390//390 1697//1697 1698//1698
f 1698//1698 391//391 390//390
f 1698//1698 392//392 391//391
f 1698//1698 1699//1699 392//392
f 392//392 1699//1699 393//393
f 393//393 1699//1699 1701//1701
f 1703//1703 395//395 1701//1701
f 1701//1701 395//395 393//393
f 397//397 395//395 1703//1703
f 397//397 1703//1703 1705//1705
f 397//397 1705//1705 399//399
f 1704//1704 399//399 1705//1705
f 1704//1704 401//401 399//399
f 1386//1386 401//401 1704//1704
f 1386//1386 403//403 401//401
f 1708//1708 403//403 1386//1386
f 1708//1708 406//406 404//404
f 1708//1708 404//404 403//403
f 1710//1710 406//406 1709//1709
f 1709//1709 406//406 1708//1708
f 1710//1710 409//409 406//406
f 1710//1710 410//410 409//409
f 1712//1712 411//411 410//410
f 1712//1712 410//410 1710//1710
f 413//413 411//411 1712//1712
f 1717//1717 413//413 1712//1712
f 1717//1717 415//415 413//413
f 1718//1718 415//415 1717//1717
f 1718//1718 417//417 415//415
f 1720//1720 417//417 1718//1718
f 1720//1720 418//418 417//417
f 1721//1721 420//420 418//418
f 1721//1721 418//418 1720//1720
f 1725//1725 423//423 420//420
f 1725//1725 420//420 1721//1721
f 424//424 423//423 1725//1725
f 1731//1731 424//424 1726//1726
f 1726//1726 424//424 1725//1725
f 424//424 1731//1731 426//426
f 426//426 1731//1731 1728//1728
f 429//429 426//426 1728//1728
f 429//429 1728//1728 430//430
f 430//430 1728//1728 1733//1733
f 430//430 1733//1733 432//432
f 432//432 1733//1733 1737//1737
f 432//432 1737//1737 433//433
f 1734//1734 435//435 433//433
f 1734//1734 433//433 1737//1737
f 435//435 1734//1734 437//437
f 437//437 1734//1734 1739//1739
f 437//437 1739//1739 439//439
f 1741//1741 440//440 1740//1740
f 1740//1740 440//440 439//439
f 1740//1740 439//439 1739//1739
f 1741//1741 441//441 440//440
f 1741//1741 443//443 441//441
f 443//443 1741//1741 1744//1744
f 443//443 1744//1744 444//444
f 1748//1748 446//446 1744//1744
f 1744//1744 446//446 444//444
f 1748//1748 447//447 446//446
f 1749//1749 447//447 1748//1748
f 1750//1750 449//449 447//447
f 451//451 449//449 1750//1750
f 1750//1750 1752//1752 451//451
f 451//451 1752//1752 1754//1754
f 1756//1756 452//452 1754//1754
f 1754//1754 452//452 451//451
f 454//454 452//452 1756//1756
f 1760//1760 456//456 454//454
f 1760//1760 454//454 1756//1756
f 1759//1759 457//457 456//456
f 1761//1761 457//457 1759//1759
f 460//460 457//457 1761//1761
f 1763//1763 460//460 1761//1761
f 1763//1763 463//463 460//460
f 463//463 1763//1763 1764//1764
f 463//463 1764//1764 464//464
f 1768//1768 464//464 1764//1764
f 1766//1766 467//467 1768//1768
f 1768//1768 467//467 464//464
f 1771//1771 469//469 1766//1766
f 1766//1766 469//469 467//467
f 1774//1774 469//469 1771//1771
f 1774//1774 472//472 470//470
f 1774//1774 470//470 469//469
f 1777//1777 472//472 1775//1775
f 1775//1775 472//472 1774//1774
f 1777//1777 474//474 472//472
f 476//476 474//474 1777//1777
f 1777//1777 1778//1778 476//476
f 476//476 1778//1778 478//478
f 478//478 1778//1778 1780//1780
f 1780//1780 479//479 478//478
f 1784//1784 480//480 479//479
f 1782//1782 480//480 1784//1784
f 484//484 482//482 1786//1786
f 1786//1786 482//482 1782//1782
f 1782//1782 482//482 480//480
f 1785//1785 484//484 1786//1786
f 485//485 484//484 1785//1785
f 1792//1792 485//485 1785//1785
f 1789//1789 486//486 1791//1791
f 1791//1791 486//486 1792//1792
f 1792//1792 486//486 485//485
f 1789//1789 487//487 486//486
f 1796//1796 490//490 1789//1789
f 1789//1789 490//490 487//487
f 491//491 490//490 1796//1796
f 1793//1793 491//491 1796//1796
f 1793//1793 493//493 491//491
f 493//493 1793//1793 1798//1798
f 493//493 1798//1798 495//495
f 1801//1801 496//496 1798//1798
f 1798//1798 496//496 495//495
f 1801//1801 498//498 496//496
f 1803//1803 498//498 1801//1801
f 1803//1803 499//499 498//498
f 499//499 1803//1803 1806//1806
f 499//499 1806//1806 502//502
f 1807//1807 505//505 1804//1804
f 1804//1804 505//505 502//502
f 1807//1807 507//507 505//505
f 1809//1809 507//507 1807//1807
f 507//507 1809//1809 508//508
f 508//508 1809//1809 1811//1811
f 508//508 1811//1811 510//510
f 1813//1813 510//510 1811//1811
f 510//510 1813//1813 512//512
f 1816//1816 514//514 1813//1813
f 1813//1813 514//514 512//512
f 1816//1816 516//516 514//514
f 1814//1814 516//516 1816//1816
f 1814//1814 517//517 516//516
f 517//517 1814//1814 1818//1818
f 1818//1818 519//519 517//517
f 519//519 1818//1818 1819//1819
f 1822//1822 520//520 1819//1819
f 1819//1819 520//520 519//519
f 1820//1820 521//521 1822//1822
f 1822//1822 521//521 520//520
f 521//521 1820//1820 525//525
f 1826//1826 525//525 1820//1820
f 1826//1826 526//526 525//525
f 526//526 1826//1826 1827//1827
f 1827//1827 528//528 526//526
f 1830//1830 528//528 1827//1827
f 1830//1830 529//529 528//528
f 1828//1828 529//529 1830//1830
f 1832//1832 533//533 532//532
f 1832//1832 532//532 1828//1828
f 1828//1828 532//532 529//529
f 1834//1834 533//533 1832//1832
f 535//535 533//533 1834//1834
f 1837//1837 536//536 1834//1834
f 1834//1834 536//536 535//535
f 1837//1837 538//538 536//536
f 1842//1842 538//538 1837//1837
f 1842//1842 540//540 538//538
f 542//542 540//540 1842//1842
f 1840//1840 542//542 1842//1842
f 1843//1843 542//542 1840//1840
f 1843//1843 544//544 542//542
f 544//544 1843//1843 1845//1845
f 1848//1848 546//546 544//544
f 1846//1846 548//548 1848//1848
f 1848//1848 548//548 546//546
f 1849//1849 549//549 1846//1846
f 1846//1846 549//549 548//548
f 549//549 1849//1849 552//552
f 1849//1849 1854//1854 552//552
f 1854//1854 553//553 552//552
f 1856//1856 555//555 553//553
f 1856//1856 553//553 1854//1854
f 1859//1859 555//555 1856//1856
f 1859//1859 556//556 555//555
f 1857//1857 556//556 1859//1859
f 1857//1857 558//558 556//556
f 558//558 1857//1857 1863//1863
f 558//558 1863//1863 561//561
f 1863//1863 1861//1861 561//561
f 1861//1861 562//562 561//561
f 1867//1867 565//565 1865//1865
f 1865//1865 565//565 562//562
f 1867//1867 567//567 565//565
f 1874//1874 567//567 1867//1867
f 1874//1874 568//568 567//567
f 568//568 1874//1874 1872//1872
f 1872//1872 570//570 568//568
f 1872//1872 1870//1870 570//570
f 570//570 1870//1870 573//573
f 573//573 1870//1870 1875//1875
f 573//573 1875//1875 575//575
f 575//575 1875//1875 1880//1880
f 1880//1880 577//577 575//575
f 1881//1881 577//577 1880//1880
f 577//577 1881//1881 579//579
f 579//579 1881//1881 1877//1877
f 1884//1884 581//581 1877//1877
f 1877//1877 581//581 579//579
f 584//584 581//581 1884//1884
f 1886//1886 584//584 1884//1884
f 1886//1886 585//585 584//584
f 1888//1888 587//587 585//585
f 1888//1888 585//585 1886//1886
f 1891//1891 587//587 1888//1888
f 1891//1891 588//588 587//587
f 1890//1890 590//590 1891//1891
f 1891//1891 590//590 588//588
f 590//590 1890//1890 1893//1893
f 590//590 1893//1893 592//592
f 592//592 1893//1893 1895//1895
f 592//592 1895//1895 595//595
f 1894//1894 595//595 1895//1895
f 1896//1896 598//598 1894//1894
f 1894//1894 598//598 595//595
f 1897//1897 598//598 1896//1896
f 1897//1897 599//599 598//598
f 1900//1900 599//599 1897//1897
f 1900//1900 600//600 599//599
f 1902//1902 600//600 1900//1900
f 602//602 600//600 1902//1902
f 1903//1903 602//602 1902//1902
f 1905//1905 605//605 602//602
f 1905//1905 602//602 1908//1908
f 1908//1908 602//602 1903//1903
f 608//608 605//605 1905//1905
f 608//608 1905//1905 1909//1909
f 608//608 1909//1909 610//610
f 610//610 1909//1909 1912//1912
f 610//610 1912//1912 611//611
f 1913//1913 611//611 1912//1912
f 1918//1918 615//615 1915//1915
f 1915//1915 615//615 1913//1913
f 1913//1913 615//615 613//613
f 1913//1913 613//613 611//611
f 1918//1918 617//617 615//615
f 617//617 1918//1918 619//619
f 619//619 1918//1918 1917//1917
f 1921//1921 619//619 1917//1917
f 1921//1921 621//621 619//619
f 621//621 1921//1921 1919//1919
f 621//621 1919//1919 623//623
f 1923//1923 623//623 1919//1919
f 625//625 623//623 1923//1923
f 1926//1926 625//625 1923//1923
f 1926//1926 628//628 625//625
f 1924//1924 628//628 1926//1926
f 1924//1924 629//629 628//628
f 1929//1929 631//631 629//629
f 1929//1929 629//629 1924//1924
f 1930//1930 631//631 1929//1929
f 1930//1930 634//634 631//631
f 634//634 1930//1930 1932//1932
f 634//634 1932//1932 1934//1934
f 634//634 1934//1934 635//635
f 1933//1933 635//635 1934//1934
f 1933//1933 638//638 635//635
f 1938//1938 640//640 1936//1936
f 1936//1936 640//640 638//638
f 1936//1936 638//638 1933//1933
f 640//640 1938//1938 641//641
f 1940//1940 643//643 641//641
f 1940//1940 641//641 1938//1938
f 1942//1942 644//644 1940//1940
f 1940//1940 644//644 643//643
f 644//644 1942//1942 646//646
f 1943//1943 646//646 1942//1942
f 1943//1943 648//648 646//646
f 1945//1945 648//648 1943//1943
f 1951//1951 650//650 1947//1947
f 1947//1947 650//650 648//648
f 1947//1947 648//648 1945//1945
f 1951//1951 653//653 650//650
f 1948//1948 655//655 653//653
f 1948//1948 653//653 1951//1951
f 1952//1952 655//655 1948//1948
f 658//658 655//655 1952//1952
f 658//658 1952//1952 656//656
f 656//656 1952//1952 1954//1954
f 1954//1954 659//659 656//656
f 1955//1955 659//659 1954//1954
f 663//663 659//659 1955//1955
f 663//663 1955//1955 1960//1960
f 1957//1957 663//663 1960//1960
f 1957//1957 664//664 663//663
f 664//664 1957//1957 665//665
f 1385//1385 665//665 1957//1957
f 1962//1962 669//669 665//665
f 1962//1962 665//665 1385//1385
f 669//669 1962//1962 1963//1963
f 669//669 1963//1963 671//671
f 1966//1966 671//671 1963//1963
f 671//671 1966//1966 672//672
f 1966//1966 1967//1967 672//672
f 672//672 1967//1967 675//675
f 1971//1971 676//676 1970//1970
f 1970//1970 676//676 1967//1967
f 1967//1967 676//676 675//675
f 1971//1971 678//678 676//676
f 678//678 1971//1971 1973//1973
f 1973//1973 680//680 678//678
f 1977//1977 684//684 682//682
f 1977//1977 682//682 1979//1979
f 1979//1979 682//682 680//680
f 1975//1975 685//685 684//684
f 1975//1975 684//684 1977//1977
f 1981//1981 685//685 1975//1975
f 1981//1981 686//686 685//685
f 686//686 1981//1981 1980//1980
f 686//686 1980//1980 689//689
f 689//689 1980//1980 1983//1983
f 689//689 1983//1983 1986//1986
f 689//689 1986//1986 691//691
f 691//691 1986//1986 692//692
f 1984//1984 692//692 1986//1986
f 694//694 692//692 1984//1984
f 694//694 1984//1984 696//696
f 696//696 1984//1984 1989//1989
f 696//696 1989//1989 1987//1987
f 1992//1992 699//699 697//697
f 1992//1992 697//697 1987//1987
f 1987//1987 697//697 696//696
f 1997//1997 699//699 1992//1992
f 1997//1997 702//702 699//699
f 702//702 1997//1997 703//703
f 703//703 1997//1997 1995//1995
f 706//706 703//703 1995//1995
f 1998//1998 706//706 1995//1995
f 2000//2000 709//709 706//706
f 2000//2000 706//706 1998//1998
f 710//710 709//709 2000//2000
f 710//710 2000//2000 2002//2002
f 2005//2005 714//714 2002//2002
f 2002//2002 714//714 710//710
f 2005//2005 715//715 714//714
f 2003//2003 715//715 2005//2005
f 715//715 2003//2003 717//717
f 717//717 2003//2003 2007//2007
f 717//717 2007//2007 2008//2008
f 717//717 2008//2008 718//718
f 2011//2011 721//721 2013//2013
f 2013//2013 721//721 718//718
f 2013//2013 718//718 2008//2008
f 725//725 721//721 2011//2011
f 2009//2009 725//725 2011//2011
f 725//725 2009//2009 2016//2016
f 2016//2016 727//727 725//725
f 2018//2018 728//728 2016//2016
f 2016//2016 728//728 727//727
f 2018//2018 729//729 728//728
f 2018//2018 2020//2020 729//729
f 729//729 2020//2020 731//731
f 2024//2024 734//734 731//731
f 2024//2024 731//731 2020//2020
f 734//734 2024//2024 736//736
f 2024//2024 2022//2022 736//736
f 2022//2022 738//738 736//736
f 2026//2026 740//740 738//738
f 2026//2026 738//738 2022//2022
f 2028//2028 742//742 740//740
f 2029//2029 742//742 2028//2028
f 2029//2029 744//744 742//742
f 744//744 2029//2029 2034//2034
f 2034//2034 746//746 744//744
f 2031//2031 746//746 2034//2034
f 2035//2035 748//748 2031//2031
f 2031//2031 748//748 746//746
f 2036//2036 750//750 748//748
f 2036//2036 748//748 2035//2035
f 751//751 750//750 2036//2036
f 751//751 2036//2036 2038//2038
f 751//751 2038//2038 2040//2040
f 2040//2040 754//754 751//751
f 2039//2039 754//754 2040//2040
f 755//755 754//754 2039//2039
f 2044//2044 757//757 2042//2042
f 2042//2042 757//757 755//755
f 2042//2042 755//755 2039//2039
f 2044//2044 758//758 757//757
f 2044//2044 2045//2045 758//758
f 758//758 2045//2045 761//761
f 2047//2047 761//761 2045//2045
f 2047//2047 762//762 761//761
f 2047//2047 2052//2052 762//762
f 762//762 2052//2052 2050//2050
f 2048//2048 765//765 2050//2050
f 2050//2050 765//765 762//762
f 2055//2055 767//767 2048//2048
f 2048//2048 767//767 765//765
f 2055//2055 768//768 767//767
f 768//768 2055//2055 2056//2056
f 2056//2056 769//769 768//768
f 769//769 2056//2056 2059//2059
f 2059//2059 770//770 769//769
f 2061//2061 208//208 2059//2059
f 2059//2059 208//208 770//770
f 208//208 2061//2061 774//774
f 2063//2063 774//774 2061//2061
f 2063//2063 775//775 774//774
f 2066//2066 777//777 775//775
f 777//777 2066//2066 2067//2067
f 2067//2067 780//780 777//777
f 1383//1383 784//784 781//781
f 1383//1383 781//781 2068//2068
f 2068//2068 781//781 780//780
f 2068//2068 780//780 2067//2067
f 2071//2071 785//785 784//784
f 2071//2071 784//784 1383//1383
f 785//785 2071//2071 786//786
f 786//786 2071//2071 788//788
f 2074//2074 788//788 2071//2071
f 788//788 2074//2074 789//789
f 2080//2080 791//791 2076//2076
f 2076//2076 791//791 789//789
f 2076//2076 789//789 2074//2074
f 2080//2080 794//794 791//791
f 2080//2080 795//795 794//794
f 2080//2080 2078//2078 795//795
f 795//795 2078//2078 2081//2081
f 795//795 2081//2081 797//797
f 2082//2082 797//797 2081//2081
f 2084//2084 801//801 799//799
f 2084//2084 799//799 2082//2082
f 2082//2082 799//799 797//797
f 2083//2083 801//801 2084//2084
f 803//803 801//801 2083//2083
f 1382//1382 805//805 803//803
f 1382//1382 803//803 2083//2083
f 1382//1382 806//806 805//805
f 806//806 1382//1382 2087//2087
f 2089//2089 810//810 809//809
f 2089//2089 809//809 2087//2087
f 2087//2087 809//809 806//806
f 1381//1381 814//814 813//813
f 1381//1381 813//813 2089//2089
f 2089//2089 813//813 810//810
f 814//814 2095//2095 816//816
f 816//816 2095//2095 2093//2093
f 2093//2093 818//818 816//816
f 2097//2097 819//819 2096//2096
f 2096//2096 819//819 818//818
f 2096//2096 818//818 2093//2093
f 2097//2097 821//821 819//819
f 2099//2099 821//821 2097//2097
f 821//821 2099//2099 823//823
f 2099//2099 2101//2101 823//823
f 823//823 2101//2101 825//825
f 2103//2103 827//827 2101//2101
f 2101//2101 827//827 825//825
f 2104//2104 827//827 2103//2103
f 2104//2104 828//828 827//827
f 830//830 828//828 2104//2104
f 830//830 2104//2104 2107//2107
f 2107//2107 831//831 830//830
f 2109//2109 831//831 2107//2107
f 833//833 831//831 2109//2109
f 2112//2112 835//835 833//833
f 2112//2112 833//833 2109//2109
f 2114//2114 835//835 2112//2112
f 2114//2114 836//836 835//835
f 2115//2115 836//836 2114//2114
f 2110//2110 838//838 2115//2115
f 2115//2115 838//838 836//836
f 838//838 2110//2110 2116//2116
f 2116//2116 840//840 838//838
f 2119//2119 842//842 840//840
f 2119//2119 840//840 2118//2118
f 2118//2118 840//840 2116//2116
f 843//843 842//842 2119//2119
f 2122//2122 843//843 2119//2119
f 2124//2124 845//845 843//843
f 2124//2124 843//843 2122//2122
f 2124//2124 846//846 845//845
f 2126//2126 846//846 2124//2124
f 846//846 2126//2126 847//847
f 2128//2128 847//847 2126//2126
f 2128//2128 850//850 847//847
f 2130//2130 850//850 2128//2128
f 2130//2130 851//851 850//850
f 2131//2131 853//853 851//851
f 2131//2131 851//851 2130//2130
f 2133//2133 853//853 2131//2131
f 2133//2133 855//855 853//853
f 855//855 2133//2133 2135//2135
f 2137//2137 857//857 855//855
f 2137//2137 855//855 2135//2135
f 2139//2139 861//861 2141//2141
f 2141//2141 861//861 860//860
f 2141//2141 860//860 2136//2136
f 2136//2136 860//860 857//857
f 2136//2136 857//857 2137//2137
f 861//861 2139//2139 863//863
f 2143//2143 863//863 2139//2139
f 2142//2142 866//866 2143//2143
f 2143//2143 866//866 863//863
f 866//866 2142//2142 2145//2145
f 866//866 2145//2145 868//868
f 868//868 2145//2145 869//869
f 869//869 2145//2145 2146//2146
f 2146//2146 871//871 869//869
f 2147//2147 872//872 871//871
f 2152//2152 872//872 2147//2147
f 2152//2152 873//873 872//872
f 873//873 2152//2152 874//874
f 2153//2153 874//874 2152//2152
f 2156//2156 874//874 2153//2153
f 2156//2156 877//877 874//874
f 877//877 2156//2156 879//879
f 879//879 2156//2156 2157//2157
f 2157//2157 880//880 879//879
f 2159//2159 880//880 2157//2157
f 882//882 880//880 2159//2159
f 882//882 2159//2159 2161//2161
f 2165//2165 882//882 2161//2161
f 2165//2165 883//883 882//882
f 2163//2163 885//885 2165//2165
f 2165//2165 885//885 883//883
f 2167//2167 885//885 2163//2163
f 2167//2167 890//890 885//885
f 2167//2167 2168//2168 890//890
f 890//890 2168//2168 887//887
f 887//887 2168//2168 2170//2170
f 2171//2171 891//891 887//887
f 2171//2171 887//887 2170//2170
f 2173//2173 891//891 2171//2171
f 2173//2173 894//894 891//891
f 2174//2174 896//896 894//894
f 2178//2178 898//898 2177//2177
f 2174//2174 2177//2177 896//896
f 896//896 2177//2177 898//898
f 2180//2180 900//900 2178//2178
f 2178//2178 900//900 898//898
f 904//904 901//901 2182//2182
f 2182//2182 901//901 2180//2180
f 2180//2180 901//901 900//900
f 904//904 2182//2182 2183//2183
f 904//904 2183//2183 906//906
f 2183//2183 2187//2187 906//906
f 906//906 2187//2187 907//907
f 2188//2188 907//907 2186//2186
f 2187//2187 2186//2186 907//907
f 1379//1379 910//910 2188//2188
f 2188//2188 910//910 907//907
f 2190//2190 910//910 1379//1379
f 2190//2190 912//912 910//910
f 912//912 2190//2190 914//914
f 2191//2191 914//914 2190//2190
f 914//914 2191//2191 915//915
f 915//915 2191//2191 2194//2194
f 2194//2194 919//919 915//915
f 2195//2195 919//919 1378//1378
f 922//922 919//919 2195//2195
f 2196//2196 922//922 2195//2195
f 922//922 2196//2196 2198//2198
f 2198//2198 923//923 922//922
f 2199//2199 925//925 923//923
f 2199//2199 923//923 2198//2198
f 2199//2199 926//926 925//925
f 2202//2202 926//926 2199//2199
f 928//928 926//926 2202//2202
f 928//928 2202//2202 2204//2204
f 2206//2206 930//930 928//928
f 2206//2206 928//928 2204//2204
f 2208//2208 930//930 2206//2206
f 2209//2209 933//933 2208//2208
f 2208//2208 933//933 930//930
f 2209//2209 936//936 933//933
f 2211//2211 936//936 2209//2209
f 2213//2213 937//937 2211//2211
f 2211//2211 937//937 936//936
f 940//940 937//937 2213//2213
f 2213//2213 2215//2215 940//940
f 940//940 2215//2215 2219//2219
f 2218//2218 941//941 2219//2219
f 2219//2219 941//941 940//940
f 943//943 941//941 2218//2218
f 2216//2216 943//943 2218//2218
f 943//943 2216//2216 2222//2222
f 2222//2222 945//945 943//943
f 2224//2224 945//945 2222//2222
f 2224//2224 946//946 945//945
f 1376//1376 948//948 946//946
f 2227//2227 948//948 1376//1376
f 2227//2227 951//951 949//949
f 2227//2227 949//949 948//948
f 2229//2229 951//951 2227//2227
f 2229//2229 953//953 951//951
f 2232//2232 953//953 2229//2229
f 955//955 953//953 2232//2232
f 2235//2235 955//955 2232//2232
f 2235//2235 957//957 955//955
f 2233//2233 957//957 2235//2235
f 2233//2233 959//959 957//957
f 2238//2238 961//961 959//959
f 2238//2238 959//959 2233//2233
f 962//962 961//961 2238//2238
f 2240//2240 962//962 2238//2238
f 962//962 2240//2240 2243//2243
f 962//962 2243//2243 965//965
f 2241//2241 965//965 2243//2243
f 967//967 965//965 2241//2241
f 2245//2245 967//967 2241//2241
f 2245//2245 969//969 967//967
f 2249//2249 969//969 2245//2245
f 969//969 2249//2249 971//971
f 971//971 2249//2249 2248//2248
f 2246//2246 971//971 2248//2248
f 971//971 2246//2246 973//973
f 973//973 2246//2246 2250//2250
f 973//973 2250//2250 974//974
f 2252//2252 974//974 2250//2250
f 2252//2252 978//978 974//974
f 978//978 2252//2252 2256//2256
f 978//978 2256//2256 979//979
f 2254//2254 979//979 2256//2256
f 2254//2254 981//981 979//979
f 982//982 981//981 2254//2254
f 2254//2254 2259//2259 982//982
f 982//982 2259//2259 2257//2257
f 2257//2257 983//983 982//982
f 2262//2262 983//983 2257//2257
f 2262//2262 988//988 986//986
f 2262//2262 986//986 983//983
f 2265//2265 988//988 2262//2262
f 988//988 2265//2265 2266//2266
f 988//988 2266//2266 990//990
f 2266//2266 992//992 990//990
f 2269//2269 994//994 992//992
f 2269//2269 992//992 2266//2266
f 2270//2270 997//997 994//994
f 2270//2270 994//994 2269//2269
f 2277//2277 998//998 2272//2272
f 2272//2272 998//998 997//997
f 998//998 2277//2277 1001//1001
f 1001//1001 2277//2277 2275//2275
f 1375//1375 1004//1004 2273//2273
f 2273//2273 1004//1004 1003//1003
f 2273//2273 1003//1003 1001//1001
f 2279//2279 1004//1004 1375//1375
f 2281//2281 1005//1005 2279//2279
f 2279//2279 1005//1005 1007//1007
f 2279//2279 1007//1007 1004//1004
f 2281//2281 1010//1010 1005//1005
f 2280//2280 1010//1010 2281//2281
f 2280//2280 1011//1011 1010//1010
f 2286//2286 1014//1014 2284//2284
f 2284//2284 1014//1014 1011//1011
f 2284//2284 1011//1011 2280//2280
f 1015//1015 1014//1014 2286//2286
f 2288//2288 1015//1015 2286//2286
f 2288//2288 1017//1017 1015//1015
f 2289//2289 1017//1017 2288//2288
f 1017//1017 2289//2289 1019//1019
f 1019//1019 2289//2289 2290//2290
f 2292//2292 1020//1020 2290//2290
f 2290//2290 1020//1020 1019//1019
f 1025//1025 1023//1023 2292//2292
f 2292//2292 1023//1023 1020//1020
f 2296//2296 1025//1025 2293//2293
f 2293//2293 1025//1025 2292//2292
f 2296//2296 1030//1030 1025//1025
f 1030//1030 2296//2296 2299//2299
f 1030//1030 2299//2299 1027//1027
f 2297//2297 1031//1031 1027//1027
f 2297//2297 1027//1027 2299//2299
f 2300//2300 1031//1031 2297//2297
f 2300//2300 1033//1033 1031//1031
f 2301//2301 1033//1033 2300//2300
f 1034//1034 1033//1033 2301//2301
f 2305//2305 1034//1034 2301//2301
f 1034//1034 2305//2305 1036//1036
f 2302//2302 1036//1036 2305//2305
f 1036//1036 2302//2302 1037//1037
f 198//198 1420//1420 1421//1421
f 198//198 1421//1421 1427//1427
f 198//198 1427//1427 181//181
f 181//181 1427//1427 1425//1425
f 181//181 1425//1425 193//193
f 193//193 1425//1425 1424//1424
f 193//193 1424//1424 1422//1422
f 193//193 1422//1422 202//202
f 1422//1422 1429//1429 202//202
f 1434//1434 204//204 1430//1430
f 1430//1430 204//204 202//202
f 1430//1430 202//202 1429//1429
f 204//204 1434//1434 1432//1432
f 204//204 1432//1432 168//168
f 168//168 1432//1432 1436//1436
f 168//168 1436//1436 1438//1438
f 168//168 1438//1438 188//188
f 1438//1438 1441//1441 188//188
f 188//188 1441//1441 206//206
f 206//206 1441//1441 1443//1443
f 206//206 1443//1443 1444//1444
f 1444//1444 190//190 206//206
f 1444//1444 1446//1446 190//190
f 190//190 1446//1446 159//159
f 159//159 1446//1446 1447//1447
f 159//159 1447//1447 169//169
f 169//169 1447//1447 1452//1452
f 1453//1453 183//183 1449//1449
f 1449//1449 183//183 169//169
f 1449//1449 169//169 1452//1452
f 183//183 1453//1453 200//200
f 200//200 1453//1453 186//186
f 186//186 1453//1453 1454//1454
f 1456//1456 187//187 186//186
f 1456//1456 186//186 1454//1454
f 1458//1458 187//187 1456//1456
f 1459//1459 148//148 1458//1458
f 1458//1458 148//148 187//187
f 148//148 1459//1459 1460//1460
f 148//148 1460//1460 163//163
f 163//163 1460//1460 1462//1462
f 163//163 1462//1462 173//173
f 1465//1465 149//149 1464//1464
f 1464//1464 149//149 173//173
f 1464//1464 173//173 1462//1462
f 149//149 1465//1465 1467//1467
f 149//149 1467//1467 78//78
f 1467//1467 1466//1466 78//78
f 78//78 1466//1466 1469//1469
f 78//78 1469//1469 150//150
f 150//150 1469//1469 1471//1471
f 150//150 1471//1471 176//176
f 1471//1471 1473//1473 176//176
f 176//176 1473//1473 1474//1474
f 176//176 1474//1474 162//162
f 162//162 1474//1474 1475//1475
f 1475//1475 52//52 162//162
f 1475//1475 1478//1478 52//52
f 1478//1478 1483//1483 52//52
f 52//52 1483//1483 108//108
f 108//108 1483//1483 1480//1480
f 1480//1480 1479//1479 108//108
f 108//108 1479//1479 94//94
f 1488//1488 1214//1214 210//210
f 1488//1488 210//210 110//110
f 1488//1488 110//110 1486//1486
f 1486//1486 110//110 94//94
f 1486//1486 94//94 1479//1479
f 2302//2302 2303//2303 1037//1037
f 1037//1037 2303//2303 1039//1039
f 2515//2515 2514//2514 2544//2544
f 2516//2516 2569//2569 2517//2517
f 2519//2519 2518//2518 2548//2548
f 2520//2520 2512//2512 2521//2521
f 2511//2511 2512//2512 2522//2522
f 2522//2522 2512//2512 2520//2520
f 2523//2523 2529//2529 2524//2524
f 2526//2526 2525//2525 2513//2513
f 2512//2512 2527//2527 2521//2521
f 2521//2521 2527//2527 2519//2519
f 2519//2519 2527//2527 2518//2518
f 2528//2528 2529//2529 2523//2523
f 2530//2530 2555//2555 2552//2552
f 2531//2531 2535//2535 2532//2532
f 2534//2534 2533//2533 2531//2531
f 2531//2531 2533//2533 2535//2535
f 2537//2537 2536//2536 2526//2526
f 2526//2526 2536//2536 2525//2525
f 2538//2538 3947//3947 2598//2598
f 2539//2539 3949//3949 2540//2540
f 2541//2541 3949//3949 2539//2539
f 2543//2543 2542//2542 2566//2566
f 2544//2544 2514//2514 2545//2545
f 2544//2544 2545//2545 2546//2546
f 2517//2517 2569//2569 2515//2515
f 2515//2515 2569//2569 2514//2514
f 2548//2548 2518//2518 2549//2549
f 2548//2548 2549//2549 2550//2550
f 2524//2524 2529//2529 2551//2551
f 2551//2551 2529//2529 2511//2511
f 2511//2511 2529//2529 2512//2512
f 2552//2552 2555//2555 2553//2553
f 2552//2552 2553//2553 2528//2528
f 2528//2528 2553//2553 2529//2529
f 2554//2554 2555//2555 2530//2530
f 2557//2557 2556//2556 2576//2576
f 2558//2558 2561//2561 2559//2559
f 2560//2560 2592//2592 2558//2558
f 2558//2558 2592//2592 2561//2561
f 2562//2562 2632//2632 2563//2563
f 2564//2564 2594//2594 2537//2537
f 2537//2537 2594//2594 2536//2536
f 2565//2565 3947//3947 2538//2538
f 2566//2566 2542//2542 2567//2567
f 2566//2566 2567//2567 2605//2605
f 2568//2568 2569//2569 2570//2570
f 2570//2570 2569//2569 2516//2516
f 2571//2571 2572//2572 2568//2568
f 2573//2573 2572//2572 2571//2571
f 2574//2574 2607//2607 2573//2573
f 2573//2573 2607//2607 2572//2572
f 2575//2575 2630//2630 2606//2606
f 2576//2576 2556//2556 2577//2577
f 2576//2576 2577//2577 2578//2578
f 2579//2579 2582//2582 2580//2580
f 2581//2581 2583//2583 2579//2579
f 2579//2579 2583//2583 2582//2582
f 2535//2535 2583//2583 2532//2532
f 2532//2532 2583//2583 2581//2581
f 2584//2584 2587//2587 2585//2585
f 2586//2586 2588//2588 2584//2584
f 2584//2584 2588//2588 2587//2587
f 2561//2561 2588//2588 2559//2559
f 2559//2559 2588//2588 2586//2586
f 2589//2589 2592//2592 2590//2590
f 2591//2591 2631//2631 2589//2589
f 2589//2589 2631//2631 2592//2592
f 2593//2593 2632//2632 2562//2562
f 2595//2595 2594//2594 2564//2564
f 2597//2597 2596//2596 2595//2595
f 2595//2595 2596//2596 2594//2594
f 3947//3947 3946//3946 2598//2598
f 2598//2598 3946//3946 2599//2599
f 2540//2540 3949//3949 2565//2565
f 2565//2565 3949//3949 2600//2600
f 2565//2565 2600//2600 3947//3947
f 2601//2601 2604//2604 2602//2602
f 2603//2603 2604//2604 2601//2601
f 2606//2606 2630//2630 2607//2607
f 2606//2606 2607//2607 2574//2574
f 2609//2609 2608//2608 2547//2547
f 2610//2610 2636//2636 2609//2609
f 2609//2609 2636//2636 2608//2608
f 2611//2611 2613//2613 2612//2612
f 2614//2614 2613//2613 2611//2611
f 2578//2578 2577//2577 2554//2554
f 2554//2554 2577//2577 2555//2555
f 2580//2580 2582//2582 2557//2557
f 2557//2557 2582//2582 2556//2556
f 2585//2585 2587//2587 2534//2534
f 2534//2534 2587//2587 2533//2533
f 2590//2590 2592//2592 2560//2560
f 2616//2616 2615//2615 2617//2617
f 2513//2513 2525//2525 2618//2618
f 2618//2618 2525//2525 2616//2616
f 2616//2616 2525//2525 2615//2615
f 2599//2599 3946//3946 3945//3945
f 2599//2599 3945//3945 2597//2597
f 2597//2597 3945//3945 2596//2596
f 2605//2605 2567//2567 2619//2619
f 2605//2605 2619//2619 2620//2620
f 2621//2621 3951//3951 2543//2543
f 2543//2543 3951//3951 2542//2542
f 2623//2623 2622//2622 2624//2624
f 2625//2625 2633//2633 2623//2623
f 2623//2623 2633//2633 2622//2622
f 2626//2626 2638//2638 2627//2627
f 2568//2568 2572//2572 2628//2628
f 2568//2568 2628//2628 2569//2569
f 2629//2629 2630//2630 2575//2575
f 2550//2550 2549//2549 2614//2614
f 2614//2614 2549//2549 2613//2613
f 2632//2632 2631//2631 2563//2563
f 2563//2563 2631//2631 2591//2591
f 2617//2617 2615//2615 2593//2593
f 2593//2593 2615//2615 2632//2632
f 2602//2602 2604//2604 2541//2541
f 2541//2541 2604//2604 3949//3949
f 2624//2624 2622//2622 2621//2621
f 2621//2621 2622//2622 3951//3951
f 2638//2638 2633//2633 2627//2627
f 2627//2627 2633//2633 2625//2625
f 2634//2634 3961//3961 2629//2629
f 2629//2629 3961//3961 2630//2630
f 2608//2608 3962//3962 2547//2547
f 2547//2547 3962//3962 2635//2635
f 2635//2635 3962//3962 2634//2634
f 2634//2634 3962//3962 3961//3961
f 2612//2612 2613//2613 2610//2610
f 2610//2610 2613//2613 2636//2636
f 2620//2620 2619//2619 2637//2637
f 2637//2637 2619//2619 2603//2603
f 2603//2603 2619//2619 2604//2604
f 2639//2639 2638//2638 2626//2626
f 2546//2546 2545//2545 2639//2639
f 2639//2639 2545//2545 2638//2638
f 2640//2640 2565//2565 2641//2641
f 2641//2641 2565//2565 2538//2538
f 2641//2641 2538//2538 2642//2642
f 2642//2642 2538//2538 2598//2598
f 2642//2642 2598//2598 2643//2643
f 2643//2643 2598//2598 2644//2644
f 2644//2644 2598//2598 2599//2599
f 2644//2644 2599//2599 2597//2597
f 2644//2644 2597//2597 2645//2645
f 2645//2645 2597//2597 2646//2646
f 2646//2646 2597//2597 2595//2595
f 2646//2646 2595//2595 2647//2647
f 2647//2647 2595//2595 2564//2564
f 2647//2647 2564//2564 2537//2537
f 2647//2647 2537//2537 2648//2648
f 2648//2648 2537//2537 2649//2649
f 2649//2649 2537//2537 2526//2526
f 2649//2649 2526//2526 2650//2650
f 2650//2650 2526//2526 2513//2513
f 2650//2650 2513//2513 2651//2651
f 2565//2565 2640//2640 2652//2652
f 2565//2565 2652//2652 2540//2540
f 2540//2540 2652//2652 2539//2539
f 2539//2539 2652//2652 2653//2653
f 2539//2539 2653//2653 2654//2654
f 2539//2539 2654//2654 2541//2541
f 2541//2541 2654//2654 2602//2602
f 2602//2602 2654//2654 2655//2655
f 2602//2602 2655//2655 2601//2601
f 2601//2601 2655//2655 2656//2656
f 2601//2601 2656//2656 2657//2657
f 2601//2601 2657//2657 2603//2603
f 2603//2603 2657//2657 2637//2637
f 2637//2637 2657//2657 2658//2658
f 2637//2637 2658//2658 2620//2620
f 2620//2620 2658//2658 2659//2659
f 2620//2620 2659//2659 2605//2605
f 2605//2605 2659//2659 2660//2660
f 2605//2605 2660//2660 2566//2566
f 2566//2566 2660//2660 2661//2661
f 2566//2566 2661//2661 2662//2662
f 2566//2566 2662//2662 2543//2543
f 2543//2543 2662//2662 2663//2663
f 2543//2543 2663//2663 2621//2621
f 2621//2621 2663//2663 2664//2664
f 2621//2621 2664//2664 2665//2665
f 2621//2621 2665//2665 2624//2624
f 2624//2624 2665//2665 2623//2623
f 2623//2623 2665//2665 2666//2666
f 2623//2623 2666//2666 2667//2667
f 2623//2623 2667//2667 2625//2625
f 2625//2625 2667//2667 2668//2668
f 2625//2625 2668//2668 2669//2669
f 2625//2625 2669//2669 2627//2627
f 2627//2627 2669//2669 2626//2626
f 2626//2626 2669//2669 2670//2670
f 2626//2626 2670//2670 2639//2639
f 2639//2639 2670//2670 2671//2671
f 2639//2639 2671//2671 2672//2672
f 2639//2639 2672//2672 2546//2546
f 2546//2546 2672//2672 2544//2544
f 2544//2544 2672//2672 2673//2673
f 2544//2544 2673//2673 2515//2515
f 2515//2515 2673//2673 2674//2674
f 2515//2515 2674//2674 2675//2675
f 2515//2515 2675//2675 2517//2517
f 2517//2517 2675//2675 2516//2516
f 2516//2516 2675//2675 2676//2676
f 2516//2516 2676//2676 2677//2677
f 2516//2516 2677//2677 2570//2570
f 2570//2570 2677//2677 2568//2568
f 2568//2568 2677//2677 2678//2678
f 2568//2568 2678//2678 2679//2679
f 2568//2568 2679//2679 2571//2571
f 2571//2571 2679//2679 2680//2680
f 2571//2571 2680//2680 2573//2573
f 2573//2573 2680//2680 2681//2681
f 2573//2573 2681//2681 2682//2682
f 2573//2573 2682//2682 2574//2574
f 2574//2574 2682//2682 2606//2606
f 2606//2606 2682//2682 2683//2683
f 2606//2606 2683//2683 2575//2575
f 2575//2575 2683//2683 2684//2684
f 2575//2575 2684//2684 2685//2685
f 2575//2575 2685//2685 2629//2629
f 2629//2629 2685//2685 2634//2634
f 2634//2634 2685//2685 2686//2686
f 2634//2634 2686//2686 2687//2687
f 2634//2634 2687//2687 2635//2635
f 2635//2635 2687//2687 2547//2547
f 2547//2547 2687//2687 2688//2688
f 2547//2547 2688//2688 2689//2689
f 2547//2547 2689//2689 2609//2609
f 2609//2609 2689//2689 2690//2690
f 2609//2609 2690//2690 2610//2610
f 2610//2610 2690//2690 2691//2691
f 2610//2610 2691//2691 2692//2692
f 2610//2610 2692//2692 2612//2612
f 2612//2612 2692//2692 2611//2611
f 2611//2611 2692//2692 2693//2693
f 2611//2611 2693//2693 2614//2614
f 2614//2614 2693//2693 2694//2694
f 2614//2614 2694//2694 2695//2695
f 2614//2614 2695//2695 2550//2550
f 2550//2550 2695//2695 2548//2548
f 2548//2548 2695//2695 2696//2696
f 2548//2548 2696//2696 2519//2519
f 2519//2519 2696//2696 2697//2697
f 2519//2519 2697//2697 2698//2698
f 2519//2519 2698//2698 2521//2521
f 2521//2521 2698//2698 2520//2520
f 2520//2520 2698//2698 2699//2699
f 2520//2520 2699//2699 2700//2700
f 2520//2520 2700//2700 2522//2522
f 2522//2522 2700//2700 2511//2511
f 2511//2511 2700//2700 2701//2701
f 2511//2511 2701//2701 2702//2702
f 2511//2511 2702//2702 2551//2551
f 2551//2551 2702//2702 2524//2524
f 2524//2524 2702//2702 2703//2703
f 2524//2524 2703//2703 2523//2523
f 2523//2523 2703//2703 2704//2704
f 2523//2523 2704//2704 2705//2705
f 2523//2523 2705//2705 2528//2528
f 2528//2528 2705//2705 2552//2552
f 2552//2552 2705//2705 2706//2706
f 2552//2552 2706//2706 2530//2530
f 2530//2530 2706//2706 2707//2707
f 2530//2530 2707//2707 2708//2708
f 2530//2530 2708//2708 2554//2554
f 2554//2554 2708//2708 2578//2578
f 2578//2578 2708//2708 2709//2709
f 2578//2578 2709//2709 2710//2710
f 2578//2578 2710//2710 2576//2576
f 2576//2576 2710//2710 2711//2711
f 2576//2576 2711//2711 2557//2557
f 2557//2557 2711//2711 2712//2712
f 2557//2557 2712//2712 2713//2713
f 2557//2557 2713//2713 2580//2580
f 2580//2580 2713//2713 2579//2579
f 2579//2579 2713//2713 2714//2714
f 2579//2579 2714//2714 2715//2715
f 2579//2579 2715//2715 2581//2581
f 2581//2581 2715//2715 2716//2716
f 2581//2581 2716//2716 2717//2717
f 2581//2581 2717//2717 2532//2532
f 2532//2532 2717//2717 2531//2531
f 2531//2531 2717//2717 2718//2718
f 2531//2531 2718//2718 2534//2534
f 2534//2534 2718//2718 2719//2719
f 2534//2534 2719//2719 2720//2720
f 2534//2534 2720//2720 2585//2585
f 2585//2585 2720//2720 2584//2584
f 2584//2584 2720//2720 2721//2721
f 2584//2584 2721//2721 2586//2586
f 2586//2586 2721//2721 2722//2722
f 2586//2586 2722//2722 2723//2723
f 2586//2586 2723//2723 2559//2559
f 2559//2559 2723//2723 2558//2558
f 2558//2558 2723//2723 2724//2724
f 2558//2558 2724//2724 2725//2725
f 2558//2558 2725//2725 2560//2560
f 2560//2560 2725//2725 2726//2726
f 2560//2560 2726//2726 2727//2727
f 2560//2560 2727//2727 2590//2590
f 2590//2590 2727//2727 2589//2589
f 2589//2589 2727//2727 2728//2728
f 2589//2589 2728//2728 2591//2591
f 2591//2591 2728//2728 2729//2729
f 2591//2591 2729//2729 2730//2730
f 2591//2591 2730//2730 2563//2563
f 2563//2563 2730//2730 2562//2562
f 2562//2562 2730//2730 2731//2731
f 2562//2562 2731//2731 2593//2593
f 2593//2593 2731//2731 2732//2732
f 2593//2593 2732//2732 2733//2733
f 2593//2593 2733//2733 2617//2617
f 2617//2617 2733//2733 2616//2616
f 2616//2616 2733//2733 2734//2734
f 2616//2616 2734//2734 2735//2735
f 2616//2616 2735//2735 2618//2618
f 2618//2618 2735//2735 2513//2513
f 2513//2513 2735//2735 2651//2651
f 2736//2736 2648//2648 2649//2649
f 2736//2736 2649//2649 2737//2737
f 2737//2737 2649//2649 2738//2738
f 2738//2738 2649//2649 2650//2650
f 2738//2738 2650//2650 2651//2651
f 2738//2738 2651//2651 2739//2739
f 2739//2739 2651//2651 2735//2735
f 2739//2739 2735//2735 2740//2740
f 2741//2741 2691//2691 2690//2690
f 2741//2741 2690//2690 2742//2742
f 2742//2742 2690//2690 2743//2743
f 2743//2743 2690//2690 2689//2689
f 2743//2743 2689//2689 2688//2688
f 2743//2743 2688//2688 2744//2744
f 2744//2744 2688//2688 2687//2687
f 2744//2744 2687//2687 2745//2745
f 2745//2745 2687//2687 2746//2746
f 2735//2735 2734//2734 2740//2740
f 2740//2740 2734//2734 2733//2733
f 2740//2740 2733//2733 2747//2747
f 2747//2747 2733//2733 2748//2748
f 2748//2748 2733//2733 2732//2732
f 2748//2748 2732//2732 2731//2731
f 2748//2748 2731//2731 2749//2749
f 2749//2749 2731//2731 2750//2750
f 2750//2750 2731//2731 2730//2730
f 2750//2750 2730//2730 2792//2792
f 2751//2751 2724//2724 2723//2723
f 2751//2751 2723//2723 2752//2752
f 2752//2752 2723//2723 2753//2753
f 2753//2753 2723//2723 2722//2722
f 2753//2753 2722//2722 2721//2721
f 2753//2753 2721//2721 2754//2754
f 2754//2754 2721//2721 2755//2755
f 2756//2756 2661//2661 2660//2660
f 2756//2756 2660//2660 2757//2757
f 2757//2757 2660//2660 2758//2758
f 2758//2758 2660//2660 2659//2659
f 2758//2758 2659//2659 2658//2658
f 2758//2758 2658//2658 2759//2759
f 2760//2760 2667//2667 2666//2666
f 2760//2760 2666//2666 2761//2761
f 2761//2761 2666//2666 2665//2665
f 2761//2761 2665//2665 2762//2762
f 2762//2762 2665//2665 2763//2763
f 2763//2763 2665//2665 2664//2664
f 2763//2763 2664//2664 2663//2663
f 2763//2763 2663//2663 2764//2764
f 2764//2764 2663//2663 2756//2756
f 2756//2756 2663//2663 2662//2662
f 2756//2756 2662//2662 2661//2661
f 2765//2765 2672//2672 2766//2766
f 2766//2766 2672//2672 2671//2671
f 2766//2766 2671//2671 2670//2670
f 2766//2766 2670//2670 2767//2767
f 2767//2767 2670//2670 2669//2669
f 2767//2767 2669//2669 2768//2768
f 2768//2768 2669//2669 2760//2760
f 2760//2760 2669//2669 2668//2668
f 2760//2760 2668//2668 2667//2667
f 2769//2769 2709//2709 2708//2708
f 2769//2769 2708//2708 2770//2770
f 2770//2770 2708//2708 2771//2771
f 2771//2771 2708//2708 2707//2707
f 2771//2771 2707//2707 2706//2706
f 2771//2771 2706//2706 2772//2772
f 2772//2772 2706//2706 2773//2773
f 2774//2774 2715//2715 2714//2714
f 2774//2774 2714//2714 2775//2775
f 2775//2775 2714//2714 2713//2713
f 2775//2775 2713//2713 2776//2776
f 2776//2776 2713//2713 2712//2712
f 2776//2776 2712//2712 2711//2711
f 2776//2776 2711//2711 2777//2777
f 2777//2777 2711//2711 2769//2769
f 2769//2769 2711//2711 2710//2710
f 2769//2769 2710//2710 2709//2709
f 2721//2721 2720//2720 2755//2755
f 2755//2755 2720//2720 2778//2778
f 2778//2778 2720//2720 2719//2719
f 2778//2778 2719//2719 2718//2718
f 2778//2778 2718//2718 2779//2779
f 2779//2779 2718//2718 2780//2780
f 2780//2780 2718//2718 2717//2717
f 2780//2780 2717//2717 2781//2781
f 2781//2781 2717//2717 2774//2774
f 2774//2774 2717//2717 2716//2716
f 2774//2774 2716//2716 2715//2715
f 2658//2658 2657//2657 2759//2759
f 2759//2759 2657//2657 2782//2782
f 2782//2782 2657//2657 2656//2656
f 2782//2782 2656//2656 2655//2655
f 2782//2782 2655//2655 2783//2783
f 2783//2783 2655//2655 2784//2784
f 2784//2784 2655//2655 2654//2654
f 2784//2784 2654//2654 2785//2785
f 2785//2785 2654//2654 2786//2786
f 2787//2787 2700//2700 2788//2788
f 2788//2788 2700//2700 2699//2699
f 2788//2788 2699//2699 2698//2698
f 2788//2788 2698//2698 2789//2789
f 2789//2789 2698//2698 2790//2790
f 2790//2790 2698//2698 2697//2697
f 2790//2790 2697//2697 2696//2696
f 2790//2790 2696//2696 2791//2791
f 2792//2792 2730//2730 2729//2729
f 2792//2792 2729//2729 2728//2728
f 2792//2792 2728//2728 2793//2793
f 2793//2793 2728//2728 2794//2794
f 2794//2794 2728//2728 2727//2727
f 2794//2794 2727//2727 2795//2795
f 2795//2795 2727//2727 2726//2726
f 2795//2795 2726//2726 2751//2751
f 2751//2751 2726//2726 2725//2725
f 2751//2751 2725//2725 2724//2724
f 2796//2796 2644//2644 2797//2797
f 2797//2797 2644//2644 2798//2798
f 2798//2798 2644//2644 2645//2645
f 2798//2798 2645//2645 2646//2646
f 2798//2798 2646//2646 2799//2799
f 2799//2799 2646//2646 2800//2800
f 2800//2800 2646//2646 2647//2647
f 2800//2800 2647//2647 2736//2736
f 2736//2736 2647//2647 2648//2648
f 2801//2801 2676//2676 2675//2675
f 2801//2801 2675//2675 2802//2802
f 2802//2802 2675//2675 2803//2803
f 2803//2803 2675//2675 2674//2674
f 2803//2803 2674//2674 2673//2673
f 2803//2803 2673//2673 2804//2804
f 2804//2804 2673//2673 2765//2765
f 2765//2765 2673//2673 2672//2672
f 2805//2805 2681//2681 2680//2680
f 2805//2805 2680//2680 2806//2806
f 2806//2806 2680//2680 2807//2807
f 2807//2807 2680//2680 2679//2679
f 2807//2807 2679//2679 2678//2678
f 2807//2807 2678//2678 2808//2808
f 2808//2808 2678//2678 2677//2677
f 2808//2808 2677//2677 2801//2801
f 2801//2801 2677//2677 2676//2676
f 2687//2687 2686//2686 2746//2746
f 2746//2746 2686//2686 2685//2685
f 2746//2746 2685//2685 2809//2809
f 2809//2809 2685//2685 2810//2810
f 2810//2810 2685//2685 2684//2684
f 2810//2810 2684//2684 2683//2683
f 2810//2810 2683//2683 2811//2811
f 2811//2811 2683//2683 2812//2812
f 2812//2812 2683//2683 2682//2682
f 2812//2812 2682//2682 2805//2805
f 2805//2805 2682//2682 2681//2681
f 2791//2791 2696//2696 2695//2695
f 2791//2791 2695//2695 2813//2813
f 2813//2813 2695//2695 2814//2814
f 2814//2814 2695//2695 2694//2694
f 2814//2814 2694//2694 2693//2693
f 2814//2814 2693//2693 2815//2815
f 2815//2815 2693//2693 2816//2816
f 2816//2816 2693//2693 2692//2692
f 2816//2816 2692//2692 2741//2741
f 2741//2741 2692//2692 2691//2691
f 2654//2654 2653//2653 2786//2786
f 2786//2786 2653//2653 2652//2652
f 2786//2786 2652//2652 2817//2817
f 2817//2817 2652//2652 2818//2818
f 2818//2818 2652//2652 2640//2640
f 2818//2818 2640//2640 2641//2641
f 2818//2818 2641//2641 2819//2819
f 2819//2819 2641//2641 2796//2796
f 2796//2796 2641//2641 2642//2642
f 2796//2796 2642//2642 2643//2643
f 2796//2796 2643//2643 2644//2644
f 2706//2706 2705//2705 2773//2773
f 2773//2773 2705//2705 2820//2820
f 2820//2820 2705//2705 2704//2704
f 2820//2820 2704//2704 2703//2703
f 2820//2820 2703//2703 2821//2821
f 2821//2821 2703//2703 2702//2702
f 2821//2821 2702//2702 2822//2822
f 2822//2822 2702//2702 2787//2787
f 2787//2787 2702//2702 2701//2701
f 2787//2787 2701//2701 2700//2700
f 2824//2824 2823//2823 2825//2825
f 2827//2827 2826//2826 2824//2824
f 2824//2824 2826//2826 2823//2823
f 2829//2829 2828//2828 2830//2830
f 2832//2832 2831//2831 2833//2833
f 2835//2835 2834//2834 2832//2832
f 2832//2832 2834//2834 2831//2831
f 2837//2837 2836//2836 2838//2838
f 2825//2825 2823//2823 2839//2839
f 2825//2825 2839//2839 2837//2837
f 2837//2837 2839//2839 2836//2836
f 2841//2841 2840//2840 2827//2827
f 2827//2827 2840//2840 2826//2826
f 2843//2843 2842//2842 2844//2844
f 2846//2846 2845//2845 2843//2843
f 2843//2843 2845//2845 2842//2842
f 2848//2848 2847//2847 2849//2849
f 2851//2851 2850//2850 2852//2852
f 2852//2852 2850//2850 2904//2904
f 2854//2854 2853//2853 2835//2835
f 2835//2835 2853//2853 2834//2834
f 2856//2856 2855//2855 2854//2854
f 2854//2854 2855//2855 2853//2853
f 2858//2858 2857//2857 2859//2859
f 2861//2861 2860//2860 2862//2862
f 2864//2864 2863//2863 2861//2861
f 2861//2861 2863//2863 2860//2860
f 2866//2866 2865//2865 2867//2867
f 2844//2844 2842//2842 2868//2868
f 2868//2868 2842//2842 2869//2869
f 2868//2868 2869//2869 2866//2866
f 2866//2866 2869//2869 2865//2865
f 2871//2871 2870//2870 2872//2872
f 2873//2873 2874//2874 2851//2851
f 2851//2851 2874//2874 2850//2850
f 2876//2876 2875//2875 2877//2877
f 2859//2859 2857//2857 2878//2878
f 2859//2859 2878//2878 2856//2856
f 2856//2856 2878//2878 2855//2855
f 2880//2880 2879//2879 2881//2881
f 2883//2883 2882//2882 2884//2884
f 2838//2838 2836//2836 2885//2885
f 2838//2838 2885//2885 2883//2883
f 2883//2883 2885//2885 2882//2882
f 2862//2862 2860//2860 2886//2886
f 2886//2886 2860//2860 2887//2887
f 2886//2886 2887//2887 2841//2841
f 2841//2841 2887//2887 2840//2840
f 2889//2889 2888//2888 2890//2890
f 2830//2830 2828//2828 2892//2892
f 2892//2892 2828//2828 2891//2891
f 2867//2867 2865//2865 2893//2893
f 2893//2893 2865//2865 2894//2894
f 2893//2893 2894//2894 2829//2829
f 2829//2829 2894//2894 2828//2828
f 2896//2896 2895//2895 2846//2846
f 2846//2846 2895//2895 2845//2845
f 2872//2872 2870//2870 2897//2897
f 2897//2897 2870//2870 2898//2898
f 2897//2897 2898//2898 2896//2896
f 2896//2896 2898//2898 2895//2895
f 2900//2900 2899//2899 2871//2871
f 2871//2871 2899//2899 2870//2870
f 2902//2902 2901//2901 2848//2848
f 2848//2848 2901//2901 2847//2847
f 2904//2904 2850//2850 2903//2903
f 2904//2904 2903//2903 2902//2902
f 2902//2902 2903//2903 2901//2901
f 2906//2906 2905//2905 2907//2907
f 2908//2908 2909//2909 2906//2906
f 2906//2906 2909//2909 2905//2905
f 2911//2911 2910//2910 2912//2912
f 2914//2914 2913//2913 2915//2915
f 2915//2915 2913//2913 2911//2911
f 2911//2911 2913//2913 2910//2910
f 2917//2917 2916//2916 2858//2858
f 2858//2858 2916//2916 2857//2857
f 2881//2881 2879//2879 2919//2919
f 2919//2919 2879//2879 2918//2918
f 2884//2884 2882//2882 2920//2920
f 2884//2884 2920//2920 2880//2880
f 2880//2880 2920//2920 2879//2879
f 2890//2890 2888//2888 2921//2921
f 2921//2921 2888//2888 2922//2922
f 2921//2921 2922//2922 2864//2864
f 2864//2864 2922//2922 2863//2863
f 2924//2924 2923//2923 2889//2889
f 2889//2889 2923//2923 2888//2888
f 2926//2926 2925//2925 2927//2927
f 2929//2929 2928//2928 2900//2900
f 2900//2900 2928//2928 2899//2899
f 2931//2931 2930//2930 2873//2873
f 2873//2873 2930//2930 2874//2874
f 2912//2912 2910//2910 2932//2932
f 2912//2912 2932//2932 2876//2876
f 2876//2876 2932//2932 2875//2875
f 2933//2933 2934//2934 2914//2914
f 2914//2914 2934//2934 2913//2913
f 2833//2833 2831//2831 2936//2936
f 2936//2936 2831//2831 2935//2935
f 2936//2936 2935//2935 2933//2933
f 2933//2933 2935//2935 2934//2934
f 2937//2937 2938//2938 2917//2917
f 2917//2917 2938//2938 2916//2916
f 2927//2927 2925//2925 2939//2939
f 2939//2939 2925//2925 2940//2940
f 2939//2939 2940//2940 2924//2924
f 2924//2924 2940//2940 2923//2923
f 2892//2892 2891//2891 2941//2941
f 2892//2892 2941//2941 2942//2942
f 2942//2942 2941//2941 2926//2926
f 2926//2926 2941//2941 2925//2925
f 2944//2944 2943//2943 2929//2929
f 2929//2929 2943//2943 2928//2928
f 2946//2946 2945//2945 2944//2944
f 2944//2944 2945//2945 2943//2943
f 2948//2948 2947//2947 2949//2949
f 2849//2849 2847//2847 2950//2950
f 2849//2849 2950//2950 2948//2948
f 2948//2948 2950//2950 2947//2947
f 2907//2907 2905//2905 2952//2952
f 2952//2952 2905//2905 2951//2951
f 2952//2952 2951//2951 2931//2931
f 2931//2931 2951//2951 2930//2930
f 2954//2954 2953//2953 2908//2908
f 2908//2908 2953//2953 2909//2909
f 2919//2919 2918//2918 2955//2955
f 2919//2919 2955//2955 2937//2937
f 2937//2937 2955//2955 2938//2938
f 2949//2949 2947//2947 2956//2956
f 2956//2956 2947//2947 2957//2957
f 2956//2956 2957//2957 2946//2946
f 2946//2946 2957//2957 2945//2945
f 2877//2877 2875//2875 2958//2958
f 2958//2958 2875//2875 2959//2959
f 2958//2958 2959//2959 2954//2954
f 2954//2954 2959//2959 2953//2953
f 2904//2904 2738//2738 2739//2739
f 2904//2904 2739//2739 2852//2852
f 2852//2852 2739//2739 2851//2851
f 2851//2851 2739//2739 2740//2740
f 2851//2851 2740//2740 2747//2747
f 2851//2851 2747//2747 2873//2873
f 2873//2873 2747//2747 2748//2748
f 2873//2873 2748//2748 2931//2931
f 2931//2931 2748//2748 2749//2749
f 2931//2931 2749//2749 2952//2952
f 2952//2952 2749//2749 2750//2750
f 2952//2952 2750//2750 2792//2792
f 2952//2952 2792//2792 2907//2907
f 2907//2907 2792//2792 2906//2906
f 2906//2906 2792//2792 2793//2793
f 2906//2906 2793//2793 2794//2794
f 2906//2906 2794//2794 2908//2908
f 2908//2908 2794//2794 2954//2954
f 2954//2954 2794//2794 2795//2795
f 2954//2954 2795//2795 2751//2751
f 2954//2954 2751//2751 2958//2958
f 2958//2958 2751//2751 2877//2877
f 2877//2877 2751//2751 2752//2752
f 2877//2877 2752//2752 2876//2876
f 2876//2876 2752//2752 2753//2753
f 2876//2876 2753//2753 2912//2912
f 2912//2912 2753//2753 2754//2754
f 2912//2912 2754//2754 2755//2755
f 2912//2912 2755//2755 2911//2911
f 2911//2911 2755//2755 2778//2778
f 2911//2911 2778//2778 2915//2915
f 2915//2915 2778//2778 2779//2779
f 2915//2915 2779//2779 2914//2914
f 2914//2914 2779//2779 2780//2780
f 2914//2914 2780//2780 2781//2781
f 2914//2914 2781//2781 2933//2933
f 2933//2933 2781//2781 2774//2774
f 2933//2933 2774//2774 2936//2936
f 2936//2936 2774//2774 2775//2775
f 2936//2936 2775//2775 2833//2833
f 2833//2833 2775//2775 2832//2832
f 2832//2832 2775//2775 2776//2776
f 2832//2832 2776//2776 2835//2835
f 2835//2835 2776//2776 2777//2777
f 2835//2835 2777//2777 2769//2769
f 2835//2835 2769//2769 2854//2854
f 2854//2854 2769//2769 2770//2770
f 2854//2854 2770//2770 2856//2856
f 2856//2856 2770//2770 2771//2771
f 2856//2856 2771//2771 2859//2859
f 2859//2859 2771//2771 2772//2772
f 2859//2859 2772//2772 2773//2773
f 2859//2859 2773//2773 2858//2858
f 2858//2858 2773//2773 2820//2820
f 2858//2858 2820//2820 2917//2917
f 2917//2917 2820//2820 2821//2821
f 2917//2917 2821//2821 2822//2822
f 2917//2917 2822//2822 2937//2937
f 2937//2937 2822//2822 2787//2787
f 2937//2937 2787//2787 2919//2919
f 2919//2919 2787//2787 2788//2788
f 2919//2919 2788//2788 2881//2881
f 2881//2881 2788//2788 2789//2789
f 2881//2881 2789//2789 2880//2880
f 2880//2880 2789//2789 2790//2790
f 2880//2880 2790//2790 2884//2884
f 2884//2884 2790//2790 2791//2791
f 2884//2884 2791//2791 2813//2813
f 2884//2884 2813//2813 2883//2883
f 2883//2883 2813//2813 2814//2814
f 2883//2883 2814//2814 2838//2838
f 2838//2838 2814//2814 2815//2815
f 2838//2838 2815//2815 2816//2816
f 2838//2838 2816//2816 2837//2837
f 2837//2837 2816//2816 2741//2741
f 2837//2837 2741//2741 2825//2825
f 2825//2825 2741//2741 2742//2742
f 2825//2825 2742//2742 2743//2743
f 2825//2825 2743//2743 2824//2824
f 2824//2824 2743//2743 2744//2744
f 2824//2824 2744//2744 2827//2827
f 2827//2827 2744//2744 2745//2745
f 2827//2827 2745//2745 2746//2746
f 2827//2827 2746//2746 2841//2841
f 2841//2841 2746//2746 2809//2809
f 2841//2841 2809//2809 2810//2810
f 2841//2841 2810//2810 2886//2886
f 2886//2886 2810//2810 2862//2862
f 2862//2862 2810//2810 2811//2811
f 2862//2862 2811//2811 2861//2861
f 2861//2861 2811//2811 2812//2812
f 2861//2861 2812//2812 2805//2805
f 2861//2861 2805//2805 2864//2864
f 2864//2864 2805//2805 2806//2806
f 2864//2864 2806//2806 2921//2921
f 2921//2921 2806//2806 2807//2807
f 2921//2921 2807//2807 2890//2890
f 2890//2890 2807//2807 2889//2889
f 2889//2889 2807//2807 2808//2808
f 2889//2889 2808//2808 2801//2801
f 2889//2889 2801//2801 2924//2924
f 2924//2924 2801//2801 2802//2802
f 2924//2924 2802//2802 2939//2939
f 2939//2939 2802//2802 2803//2803
f 2939//2939 2803//2803 2927//2927
f 2927//2927 2803//2803 2926//2926
f 2926//2926 2803//2803 2804//2804
f 2926//2926 2804//2804 2765//2765
f 2926//2926 2765//2765 2942//2942
f 2942//2942 2765//2765 2766//2766
f 2942//2942 2766//2766 2892//2892
f 2892//2892 2766//2766 2767//2767
f 2892//2892 2767//2767 2830//2830
f 2830//2830 2767//2767 2829//2829
f 2829//2829 2767//2767 2768//2768
f 2829//2829 2768//2768 2760//2760
f 2829//2829 2760//2760 2893//2893
f 2893//2893 2760//2760 2867//2867
f 2867//2867 2760//2760 2761//2761
f 2867//2867 2761//2761 2866//2866
f 2866//2866 2761//2761 2762//2762
f 2866//2866 2762//2762 2763//2763
f 2866//2866 2763//2763 2868//2868
f 2868//2868 2763//2763 2844//2844
f 2844//2844 2763//2763 2764//2764
f 2844//2844 2764//2764 2843//2843
f 2843//2843 2764//2764 2756//2756
f 2843//2843 2756//2756 2846//2846
f 2846//2846 2756//2756 2757//2757
f 2846//2846 2757//2757 2758//2758
f 2846//2846 2758//2758 2896//2896
f 2896//2896 2758//2758 2759//2759
f 2896//2896 2759//2759 2897//2897
f 2897//2897 2759//2759 2872//2872
f 2872//2872 2759//2759 2782//2782
f 2872//2872 2782//2782 2871//2871
f 2871//2871 2782//2782 2783//2783
f 2871//2871 2783//2783 2900//2900
f 2900//2900 2783//2783 2784//2784
f 2900//2900 2784//2784 2785//2785
f 2900//2900 2785//2785 2929//2929
f 2929//2929 2785//2785 2786//2786
f 2929//2929 2786//2786 2817//2817
f 2929//2929 2817//2817 2944//2944
f 2944//2944 2817//2817 2818//2818
f 2944//2944 2818//2818 2946//2946
f 2946//2946 2818//2818 2819//2819
f 2946//2946 2819//2819 2796//2796
f 2946//2946 2796//2796 2956//2956
f 2956//2956 2796//2796 2949//2949
f 2949//2949 2796//2796 2797//2797
f 2949//2949 2797//2797 2948//2948
f 2948//2948 2797//2797 2798//2798
f 2948//2948 2798//2798 2849//2849
f 2849//2849 2798//2798 2799//2799
f 2849//2849 2799//2799 2800//2800
f 2849//2849 2800//2800 2848//2848
f 2848//2848 2800//2800 2736//2736
f 2848//2848 2736//2736 2902//2902
f 2902//2902 2736//2736 2737//2737
f 2902//2902 2737//2737 2738//2738
f 2902//2902 2738//2738 2904//2904
f 1126//1126 3084//3084 3085//3085
f 3085//3085 2965//2965 1126//1126
f 3084//3084 1126//1126 1124//1124
f 1124//1124 1122//1122 3083//3083
f 3083//3083 1122//1122 3082//3082
f 3082//3082 1122//1122 2966//2966
f 2966//2966 1119//1119 3081//3081
f 3081//3081 1119//1119 3080//3080
f 3080//3080 1119//1119 2967//2967
f 2967//2967 1117//1117 3079//3079
f 3079//3079 1117//1117 3078//3078
f 3078//3078 1117//1117 2968//2968
f 2972//2972 1109//1109 1107//1107
f 2973//2973 1104//1104 3075//3075
f 1104//1104 1103//1103 1101//1101
f 2976//2976 1096//1096 3072//3072
f 3072//3072 1096//1096 3071//3071
f 3071//3071 1096//1096 2977//2977
f 3070//3070 1094//1094 2978//2978
f 2979//2979 2980//2980 3067//3067
f 3146//3146 1066//1066 2988//2988
f 3148//3148 3103//3103 3000//3000
f 3055//3055 3000//3000 1046//1046
f 3105//3105 1044//1044 3001//3001
f 3058//3058 1175//1175 3019//3019
f 3116//3116 1153//1153 3024//3024
f 3153//3153 3061//3061 3027//3027
f 3034//3034 3062//3062 2985//2985
f 2985//2985 3062//3062 3121//3121
f 1075//1075 1080//1080 3063//3063
f 1075//1075 3063//3063 3122//3122
f 1075//1075 3122//3122 3035//3035
f 2984//2984 3065//3065 3036//3036
f 2984//2984 3036//3036 3037//3037
f 2984//2984 3037//3037 1091//1091
f 1091//1091 3037//3037 3124//3124
f 1091//1091 3124//3124 3038//3038
f 2983//2983 3038//3038 3066//3066
f 2982//2982 1087//1087 3125//3125
f 2982//2982 3125//3125 3039//3039
f 2980//2980 2981//2981 3127//3127
f 2980//2980 3127//3127 3067//3067
f 2979//2979 3067//3067 3128//3128
f 2979//2979 3128//3128 3040//3040
f 3041//3041 3040//3040 3068//3068
f 2978//2978 3042//3042 3069//3069
f 2976//2976 3072//3072 1097//1097
f 1097//1097 3073//3073 2975//2975
f 2975//2975 3073//3073 2974//2974
f 2974//2974 3073//3073 3131//3131
f 1101//1101 3074//3074 1104//1104
f 2973//2973 3075//3075 3132//3132
f 2973//2973 3132//3132 3043//3043
f 1107//1107 3133//3133 2972//2972
f 2971//2971 3044//3044 3076//3076
f 2971//2971 3076//3076 3045//3045
f 2971//2971 3045//3045 2970//2970
f 2970//2970 3045//3045 3134//3134
f 2970//2970 3134//3134 3046//3046
f 1113//1113 3077//3077 1114//1114
f 1114//1114 3077//3077 3047//3047
f 1114//1114 3047//3047 3048//3048
f 1114//1114 3048//3048 2969//2969
f 2969//2969 3048//3048 2968//2968
f 2968//2968 3048//3048 3136//3136
f 2966//2966 3081//3081 3138//3138
f 2965//2965 3085//3085 2964//2964
f 2964//2964 3085//3085 3141//3141
f 2963//2963 1129//1129 3086//3086
f 2962//2962 1141//1141 3087//3087
f 2961//2961 1138//1138 3142//3142
f 2961//2961 3142//3142 3049//3049
f 3050//3050 1135//1135 3088//3088
f 2960//2960 1133//1133 3143//3143
f 2960//2960 3143//3143 3051//3051
f 3033//3033 3051//3051 3089//3089
f 3033//3033 3089//3089 3052//3052
f 3090//3090 1074//1074 1071//1071
f 3090//3090 1071//1071 3193//3193
f 3193//3193 1071//1071 3091//3091
f 3194//3194 3146//3146 2988//2988
f 3194//3194 2988//2988 3195//3195
f 3195//3195 2988//2988 3196//3196
f 3196//3196 2988//2988 1063//1063
f 3093//3093 1063//1063 2989//2989
f 3093//3093 2989//2989 2990//2990
f 3094//3094 2990//2990 2991//2991
f 3094//3094 2991//2991 3199//3199
f 3199//3199 2991//2991 3200//3200
f 3200//3200 2991//2991 2992//2992
f 3200//3200 2992//2992 3201//3201
f 3201//3201 2992//2992 3202//3202
f 3202//3202 2992//2992 1053//1053
f 3202//3202 1053//1053 2993//2993
f 3095//3095 2993//2993 2994//2994
f 3095//3095 2994//2994 2995//2995
f 3096//3096 2995//2995 2996//2996
f 3096//3096 2996//2996 3205//3205
f 3205//3205 2996//2996 1057//1057
f 3097//3097 1057//1057 3098//3098
f 3099//3099 3053//3053 2997//2997
f 3099//3099 2997//2997 3208//3208
f 3208//3208 2997//2997 3209//3209
f 3209//3209 2997//2997 2998//2998
f 3209//3209 2998//2998 3210//3210
f 3210//3210 2998//2998 3100//3100
f 3211//3211 3148//3148 3000//3000
f 3211//3211 3000//3000 3149//3149
f 3149//3149 3000//3000 3055//3055
f 3104//3104 1046//1046 1045//1045
f 3104//3104 1045//1045 1044//1044
f 3105//3105 3001//3001 3213//3213
f 3213//3213 3001//3001 3056//3056
f 3106//3106 3003//3003 3004//3004
f 3106//3106 3004//3004 3215//3215
f 3215//3215 3004//3004 3216//3216
f 3216//3216 3004//3004 3005//3005
f 3216//3216 3005//3005 3217//3217
f 3217//3217 3005//3005 3218//3218
f 3218//3218 3005//3005 3006//3006
f 3218//3218 3006//3006 3007//3007
f 3107//3107 3007//3007 3008//3008
f 3107//3107 3008//3008 3220//3220
f 3220//3220 3008//3008 3221//3221
f 3221//3221 3008//3008 3009//3009
f 3221//3221 3009//3009 3222//3222
f 3222//3222 3009//3009 3223//3223
f 3223//3223 3009//3009 3057//3057
f 3108//3108 3057//3057 3010//3010
f 3108//3108 3010//3010 3011//3011
f 3108//3108 3011//3011 3012//3012
f 3109//3109 3012//3012 3013//3013
f 3109//3109 3013//3013 3225//3225
f 3225//3225 3013//3013 3014//3014
f 3110//3110 3014//3014 3015//3015
f 3110//3110 3015//3015 3016//3016
f 3111//3111 3016//3016 3017//3017
f 3111//3111 3017//3017 3228//3228
f 3228//3228 3017//3017 3018//3018
f 3112//3112 3018//3018 3150//3150
f 3150//3150 3018//3018 1175//1175
f 3150//3150 1175//1175 3058//3058
f 3230//3230 3058//3058 3019//3019
f 3230//3230 3019//3019 3231//3231
f 3231//3231 3019//3019 3232//3232
f 3232//3232 3019//3019 3020//3020
f 3232//3232 3020//3020 3233//3233
f 3233//3233 3020//3020 3113//3113
f 3234//3234 3021//3021 1159//1159
f 3115//3115 1159//1159 3022//3022
f 3115//3115 3022//3022 3236//3236
f 3236//3236 3022//3022 3060//3060
f 3116//3116 3024//3024 3238//3238
f 3238//3238 3024//3024 3025//3025
f 3238//3238 3025//3025 3239//3239
f 3239//3239 3025//3025 3240//3240
f 3240//3240 3025//3025 3026//3026
f 3240//3240 3026//3026 3241//3241
f 3241//3241 3026//3026 3061//3061
f 3242//3242 3153//3153 3027//3027
f 3242//3242 3027//3027 3243//3243
f 3243//3243 3027//3027 3244//3244
f 3244//3244 3027//3027 3028//3028
f 3244//3244 3028//3028 3245//3245
f 3245//3245 3028//3028 3246//3246
f 3246//3246 3028//3028 3029//3029
f 3246//3246 3029//3029 3030//3030
f 3117//3117 3030//3030 3118//3118
f 3119//3119 1147//1147 3031//3031
f 3119//3119 3031//3031 3249//3249
f 3249//3249 3031//3031 3250//3250
f 3250//3250 3031//3031 3032//3032
f 3250//3250 3032//3032 3052//3052
f 2985//2985 3121//3121 3155//3155
f 2985//2985 3155//3155 1080//1080
f 1080//1080 3155//3155 3156//3156
f 1080//1080 3156//3156 3063//3063
f 3035//3035 3122//3122 3064//3064
f 3035//3035 3064//3064 3065//3065
f 3038//3038 3124//3124 3157//3157
f 3038//3038 3157//3157 3158//3158
f 3038//3038 3158//3158 3066//3066
f 2983//2983 3066//3066 3159//3159
f 2983//2983 3159//3159 1087//1087
f 1087//1087 3159//3159 3160//3160
f 1087//1087 3160//3160 3125//3125
f 3039//3039 3125//3125 3161//3161
f 3039//3039 3161//3161 3126//3126
f 3039//3039 3126//3126 2981//2981
f 3040//3040 3128//3128 3162//3162
f 3040//3040 3162//3162 3163//3163
f 3040//3040 3163//3163 3068//3068
f 3041//3041 3068//3068 3164//3164
f 3041//3041 3164//3164 3042//3042
f 3042//3042 3164//3164 3165//3165
f 3042//3042 3165//3165 3069//3069
f 2978//2978 3069//3069 3166//3166
f 2978//2978 3166//3166 3070//3070
f 2977//2977 1094//1094 3129//3129
f 2977//2977 3129//3129 3071//3071
f 3072//3072 3130//3130 1097//1097
f 1097//1097 3130//3130 3167//3167
f 1097//1097 3167//3167 3073//3073
f 2974//2974 3131//3131 3168//3168
f 2974//2974 3168//3168 1101//1101
f 1101//1101 3168//3168 3169//3169
f 1101//1101 3169//3169 3074//3074
f 1104//1104 3074//3074 3170//3170
f 1104//1104 3170//3170 3075//3075
f 3043//3043 3132//3132 3171//3171
f 3043//3043 3171//3171 1107//1107
f 1107//1107 3171//3171 3172//3172
f 1107//1107 3172//3172 3133//3133
f 2972//2972 3133//3133 3173//3173
f 2972//2972 3173//3173 3044//3044
f 3044//3044 3173//3173 3174//3174
f 3044//3044 3174//3174 3076//3076
f 3046//3046 3134//3134 3175//3175
f 3046//3046 3175//3175 1113//1113
f 1113//1113 3175//3175 3176//3176
f 1113//1113 3176//3176 3077//3077
f 2968//2968 3136//3136 3177//3177
f 2968//2968 3177//3177 3078//3078
f 2967//2967 3079//3079 3137//3137
f 2967//2967 3137//3137 3080//3080
f 2966//2966 3138//3138 3178//3178
f 2966//2966 3178//3178 3082//3082
f 1124//1124 3083//3083 3139//3139
f 1124//1124 3139//3139 3084//3084
f 2964//2964 3141//3141 3179//3179
f 2964//2964 3179//3179 1129//1129
f 1129//1129 3179//3179 3180//3180
f 1129//1129 3180//3180 3086//3086
f 2963//2963 3086//3086 3181//3181
f 2963//2963 3181//3181 1141//1141
f 1141//1141 3181//3181 3182//3182
f 1141//1141 3182//3182 3087//3087
f 2962//2962 3087//3087 3183//3183
f 2962//2962 3183//3183 1138//1138
f 1138//1138 3183//3183 3184//3184
f 1138//1138 3184//3184 3142//3142
f 3049//3049 3142//3142 3185//3185
f 3049//3049 3185//3185 1135//1135
f 1135//1135 3185//3185 3186//3186
f 1135//1135 3186//3186 3088//3088
f 3050//3050 3088//3088 3187//3187
f 3050//3050 3187//3187 1133//1133
f 1133//1133 3187//3187 3188//3188
f 1133//1133 3188//3188 3143//3143
f 3051//3051 3143//3143 3189//3189
f 3051//3051 3189//3189 3190//3190
f 3051//3051 3190//3190 3089//3089
f 3052//3052 3089//3089 3191//3191
f 3062//3062 3034//3034 3290//3290
f 3290//3290 3034//3034 1077//1077
f 3290//3290 1077//1077 2986//2986
f 3090//3090 2986//2986 1074//1074
f 3144//3144 3092//3092 1069//1069
f 3144//3144 1069//1069 2987//2987
f 3145//3145 2987//2987 1066//1066
f 3145//3145 1066//1066 3146//3146
f 3197//3197 3196//3196 1063//1063
f 3197//3197 1063//1063 3093//3093
f 3198//3198 3093//3093 2990//2990
f 3198//3198 2990//2990 3094//3094
f 3203//3203 3202//3202 2993//2993
f 3203//3203 2993//2993 3095//3095
f 3204//3204 3095//3095 2995//2995
f 3204//3204 2995//2995 3096//3096
f 3206//3206 3205//3205 1057//1057
f 3206//3206 1057//1057 3097//3097
f 3099//3099 3098//3098 3053//3053
f 3147//3147 3101//3101 3054//3054
f 3147//3147 3054//3054 2999//2999
f 3149//3149 3055//3055 3212//3212
f 3212//3212 3055//3055 1046//1046
f 3212//3212 1046//1046 3104//3104
f 3298//3298 3104//3104 1044//1044
f 3298//3298 1044//1044 3299//3299
f 3299//3299 1044//1044 3105//3105
f 3300//3300 3213//3213 3056//3056
f 3300//3300 3056//3056 3301//3301
f 3301//3301 3056//3056 1040//1040
f 3301//3301 1040//1040 3002//3002
f 3214//3214 3002//3002 3003//3003
f 3214//3214 3003//3003 3106//3106
f 3219//3219 3218//3218 3007//3007
f 3219//3219 3007//3007 3107//3107
f 3303//3303 3223//3223 3057//3057
f 3303//3303 3057//3057 3108//3108
f 3224//3224 3108//3108 3012//3012
f 3224//3224 3012//3012 3109//3109
f 3226//3226 3225//3225 3014//3014
f 3226//3226 3014//3014 3110//3110
f 3227//3227 3110//3110 3016//3016
f 3227//3227 3016//3016 3111//3111
f 3229//3229 3228//3228 3018//3018
f 3229//3229 3018//3018 3112//3112
f 3150//3150 3058//3058 3230//3230
f 3151//3151 3114//3114 3059//3059
f 3151//3151 3059//3059 3021//3021
f 3235//3235 3234//3234 1159//1159
f 3235//3235 1159//1159 3115//3115
f 3308//3308 3236//3236 3060//3060
f 3308//3308 3060//3060 3309//3309
f 3309//3309 3060//3060 1156//1156
f 3309//3309 1156//1156 3023//3023
f 3152//3152 3023//3023 1153//1153
f 3152//3152 1153//1153 3116//3116
f 3311//3311 3241//3241 3061//3061
f 3311//3311 3061//3061 3153//3153
f 3247//3247 3246//3246 3030//3030
f 3247//3247 3030//3030 3117//3117
f 3119//3119 3118//3118 1147//1147
f 3120//3120 3250//3250 3052//3052
f 3120//3120 3052//3052 3191//3191
f 3062//3062 3154//3154 3121//3121
f 3063//3063 3156//3156 3122//3122
f 3065//3065 3064//3064 3123//3123
f 3065//3065 3123//3123 3036//3036
f 3036//3036 3123//3123 3037//3037
f 3124//3124 3037//3037 3256//3256
f 3125//3125 3160//3160 3258//3258
f 2981//2981 3126//3126 3127//3127
f 3067//3067 3127//3127 3260//3260
f 3067//3067 3260//3260 3128//3128
f 3070//3070 3166//3166 3263//3263
f 3070//3070 3263//3263 1094//1094
f 1094//1094 3263//3263 3264//3264
f 1094//1094 3264//3264 3129//3129
f 3071//3071 3129//3129 3265//3265
f 3071//3071 3265//3265 3072//3072
f 3072//3072 3265//3265 3266//3266
f 3072//3072 3266//3266 3130//3130
f 3073//3073 3167//3167 3267//3267
f 3073//3073 3267//3267 3131//3131
f 3075//3075 3170//3170 3269//3269
f 3075//3075 3269//3269 3132//3132
f 3133//3133 3172//3172 3270//3270
f 3076//3076 3174//3174 3045//3045
f 3134//3134 3045//3045 3273//3273
f 3077//3077 3176//3176 3047//3047
f 3047//3047 3176//3176 3135//3135
f 3047//3047 3135//3135 3048//3048
f 3048//3048 3135//3135 3276//3276
f 3048//3048 3276//3276 3136//3136
f 3078//3078 3177//3177 3277//3277
f 3078//3078 3277//3277 3079//3079
f 3079//3079 3277//3277 3278//3278
f 3079//3079 3278//3278 3137//3137
f 3080//3080 3137//3137 3081//3081
f 3081//3081 3137//3137 3279//3279
f 3081//3081 3279//3279 3138//3138
f 3082//3082 3178//3178 3280//3280
f 3082//3082 3280//3280 3083//3083
f 3083//3083 3280//3280 3281//3281
f 3083//3083 3281//3281 3139//3139
f 3084//3084 3139//3139 3085//3085
f 3085//3085 3139//3139 3140//3140
f 3085//3085 3140//3140 3283//3283
f 3085//3085 3283//3283 3141//3141
f 3142//3142 3184//3184 3286//3286
f 3143//3143 3188//3188 3288//3288
f 3333//3333 3290//3290 2986//2986
f 3333//3333 2986//2986 3090//3090
f 3192//3192 3090//3090 3193//3193
f 3335//3335 3193//3193 3091//3091
f 3335//3335 3091//3091 3291//3291
f 3291//3291 3091//3091 3092//3092
f 3291//3291 3092//3092 3144//3144
f 3292//3292 3144//3144 2987//2987
f 3292//3292 2987//2987 3145//3145
f 3197//3197 3093//3093 3198//3198
f 3198//3198 3094//3094 3337//3337
f 3337//3337 3094//3094 3199//3199
f 3203//3203 3095//3095 3338//3338
f 3338//3338 3095//3095 3204//3204
f 3204//3204 3096//3096 3339//3339
f 3339//3339 3096//3096 3205//3205
f 3206//3206 3097//3097 3340//3340
f 3340//3340 3097//3097 3098//3098
f 3340//3340 3098//3098 3099//3099
f 3207//3207 3099//3099 3208//3208
f 3342//3342 3210//3210 3100//3100
f 3342//3342 3100//3100 3297//3297
f 3297//3297 3100//3100 3101//3101
f 3297//3297 3101//3101 3147//3147
f 3343//3343 3147//3147 2999//2999
f 3343//3343 2999//2999 3344//3344
f 3344//3344 2999//2999 3102//3102
f 3344//3344 3102//3102 3345//3345
f 3345//3345 3102//3102 3103//3103
f 3345//3345 3103//3103 3148//3148
f 3346//3346 3211//3211 3149//3149
f 3212//3212 3104//3104 3298//3298
f 3347//3347 3299//3299 3105//3105
f 3347//3347 3105//3105 3213//3213
f 3348//3348 3301//3301 3002//3002
f 3348//3348 3002//3002 3214//3214
f 3214//3214 3106//3106 3349//3349
f 3349//3349 3106//3106 3215//3215
f 3219//3219 3107//3107 3350//3350
f 3350//3350 3107//3107 3220//3220
f 3351//3351 3303//3303 3108//3108
f 3351//3351 3108//3108 3352//3352
f 3352//3352 3108//3108 3224//3224
f 3224//3224 3109//3109 3353//3353
f 3353//3353 3109//3109 3225//3225
f 3226//3226 3110//3110 3354//3354
f 3354//3354 3110//3110 3227//3227
f 3227//3227 3111//3111 3355//3355
f 3355//3355 3111//3111 3228//3228
f 3229//3229 3112//3112 3356//3356
f 3356//3356 3112//3112 3150//3150
f 3357//3357 3233//3233 3113//3113
f 3357//3357 3113//3113 3306//3306
f 3306//3306 3113//3113 3114//3114
f 3306//3306 3114//3114 3151//3151
f 3358//3358 3151//3151 3021//3021
f 3358//3358 3021//3021 3234//3234
f 3235//3235 3115//3115 3359//3359
f 3359//3359 3115//3115 3236//3236
f 3310//3310 3309//3309 3023//3023
f 3310//3310 3023//3023 3152//3152
f 3237//3237 3152//3152 3116//3116
f 3237//3237 3116//3116 3238//3238
f 3247//3247 3117//3117 3362//3362
f 3362//3362 3117//3117 3118//3118
f 3362//3362 3118//3118 3119//3119
f 3248//3248 3119//3119 3249//3249
f 3062//3062 3251//3251 3154//3154
f 3121//3121 3154//3154 3155//3155
f 3156//3156 3252//3252 3122//3122
f 3122//3122 3252//3252 3064//3064
f 3124//3124 3256//3256 3316//3316
f 3124//3124 3316//3316 3157//3157
f 3066//3066 3158//3158 3257//3257
f 3066//3066 3257//3257 3159//3159
f 3125//3125 3258//3258 3317//3317
f 3125//3125 3317//3317 3161//3161
f 3126//3126 3259//3259 3127//3127
f 3127//3127 3259//3259 3260//3260
f 3128//3128 3260//3260 3319//3319
f 3128//3128 3319//3319 3162//3162
f 3068//3068 3163//3163 3261//3261
f 3068//3068 3261//3261 3164//3164
f 3069//3069 3165//3165 3262//3262
f 3069//3069 3262//3262 3166//3166
f 3130//3130 3266//3266 3167//3167
f 3131//3131 3267//3267 3322//3322
f 3131//3131 3322//3322 3168//3168
f 3074//3074 3169//3169 3268//3268
f 3074//3074 3268//3268 3170//3170
f 3132//3132 3269//3269 3323//3323
f 3132//3132 3323//3323 3171//3171
f 3133//3133 3270//3270 3324//3324
f 3133//3133 3324//3324 3173//3173
f 3134//3134 3273//3273 3325//3325
f 3134//3134 3325//3325 3175//3175
f 3136//3136 3276//3276 3326//3326
f 3136//3136 3326//3326 3177//3177
f 3138//3138 3279//3279 3328//3328
f 3138//3138 3328//3328 3178//3178
f 3141//3141 3283//3283 3330//3330
f 3141//3141 3330//3330 3179//3179
f 3086//3086 3180//3180 3284//3284
f 3086//3086 3284//3284 3181//3181
f 3087//3087 3182//3182 3285//3285
f 3087//3087 3285//3285 3183//3183
f 3142//3142 3286//3286 3331//3331
f 3142//3142 3331//3331 3185//3185
f 3088//3088 3186//3186 3287//3287
f 3088//3088 3287//3287 3187//3187
f 3143//3143 3288//3288 3332//3332
f 3143//3143 3332//3332 3189//3189
f 3089//3089 3190//3190 3289//3289
f 3089//3089 3289//3289 3191//3191
f 3251//3251 3062//3062 3290//3290
f 3334//3334 3333//3333 3090//3090
f 3334//3334 3090//3090 3192//3192
f 3291//3291 3144//3144 3292//3292
f 3292//3292 3145//3145 3409//3409
f 3409//3409 3145//3145 3146//3146
f 3409//3409 3146//3146 3194//3194
f 3293//3293 3196//3196 3197//3197
f 3294//3294 3197//3197 3198//3198
f 3295//3295 3202//3202 3203//3203
f 3413//3413 3338//3338 3204//3204
f 3296//3296 3205//3205 3206//3206
f 3341//3341 3340//3340 3099//3099
f 3341//3341 3099//3099 3207//3207
f 3297//3297 3147//3147 3343//3343
f 3416//3416 3345//3345 3148//3148
f 3416//3416 3148//3148 3211//3211
f 3417//3417 3346//3346 3149//3149
f 3417//3417 3149//3149 3418//3418
f 3418//3418 3149//3149 3212//3212
f 3419//3419 3348//3348 3214//3214
f 3302//3302 3218//3218 3219//3219
f 3421//3421 3352//3352 3224//3224
f 3304//3304 3225//3225 3226//3226
f 3423//3423 3354//3354 3227//3227
f 3305//3305 3228//3228 3229//3229
f 3425//3425 3356//3356 3150//3150
f 3425//3425 3150//3150 3230//3230
f 3306//3306 3151//3151 3358//3358
f 3307//3307 3234//3234 3235//3235
f 3310//3310 3152//3152 3361//3361
f 3361//3361 3152//3152 3237//3237
f 3427//3427 3311//3311 3153//3153
f 3427//3427 3153//3153 3242//3242
f 3312//3312 3246//3246 3247//3247
f 3363//3363 3362//3362 3119//3119
f 3363//3363 3119//3119 3248//3248
f 3154//3154 3251//3251 3313//3313
f 3155//3155 3154//3154 3314//3314
f 3155//3155 3314//3314 3156//3156
f 3156//3156 3314//3314 3315//3315
f 3156//3156 3315//3315 3252//3252
f 3064//3064 3252//3252 3253//3253
f 3064//3064 3253//3253 3123//3123
f 3123//3123 3253//3253 3254//3254
f 3123//3123 3254//3254 3255//3255
f 3123//3123 3255//3255 3037//3037
f 3037//3037 3255//3255 3367//3367
f 3037//3037 3367//3367 3256//3256
f 3157//3157 3316//3316 3368//3368
f 3157//3157 3368//3368 3158//3158
f 3158//3158 3368//3368 3257//3257
f 3159//3159 3257//3257 3160//3160
f 3160//3160 3257//3257 3370//3370
f 3160//3160 3370//3370 3258//3258
f 3161//3161 3317//3317 3371//3371
f 3161//3161 3371//3371 3126//3126
f 3126//3126 3371//3371 3318//3318
f 3126//3126 3318//3318 3259//3259
f 3260//3260 3259//3259 3373//3373
f 3162//3162 3319//3319 3375//3375
f 3162//3162 3375//3375 3163//3163
f 3163//3163 3375//3375 3261//3261
f 3164//3164 3261//3261 3376//3376
f 3164//3164 3376//3376 3165//3165
f 3165//3165 3376//3376 3262//3262
f 3166//3166 3262//3262 3377//3377
f 3166//3166 3377//3377 3263//3263
f 3129//3129 3264//3264 3320//3320
f 3129//3129 3320//3320 3265//3265
f 3266//3266 3321//3321 3167//3167
f 3167//3167 3321//3321 3267//3267
f 3267//3267 3321//3321 3380//3380
f 3168//3168 3322//3322 3382//3382
f 3168//3168 3382//3382 3169//3169
f 3169//3169 3382//3382 3268//3268
f 3170//3170 3268//3268 3383//3383
f 3170//3170 3383//3383 3269//3269
f 3171//3171 3323//3323 3172//3172
f 3172//3172 3323//3323 3385//3385
f 3172//3172 3385//3385 3270//3270
f 3173//3173 3324//3324 3174//3174
f 3174//3174 3324//3324 3271//3271
f 3174//3174 3271//3271 3272//3272
f 3174//3174 3272//3272 3045//3045
f 3045//3045 3272//3272 3388//3388
f 3045//3045 3388//3388 3273//3273
f 3175//3175 3325//3325 3176//3176
f 3176//3176 3325//3325 3274//3274
f 3176//3176 3274//3274 3275//3275
f 3176//3176 3275//3275 3135//3135
f 3135//3135 3275//3275 3276//3276
f 3276//3276 3275//3275 3392//3392
f 3177//3177 3326//3326 3394//3394
f 3177//3177 3394//3394 3277//3277
f 3137//3137 3278//3278 3327//3327
f 3137//3137 3327//3327 3395//3395
f 3137//3137 3395//3395 3279//3279
f 3178//3178 3328//3328 3396//3396
f 3178//3178 3396//3396 3280//3280
f 3139//3139 3281//3281 3329//3329
f 3139//3139 3329//3329 3282//3282
f 3139//3139 3282//3282 3140//3140
f 3140//3140 3282//3282 3283//3283
f 3179//3179 3330//3330 3399//3399
f 3179//3179 3399//3399 3180//3180
f 3180//3180 3399//3399 3284//3284
f 3181//3181 3284//3284 3400//3400
f 3181//3181 3400//3400 3182//3182
f 3182//3182 3400//3400 3285//3285
f 3183//3183 3285//3285 3184//3184
f 3184//3184 3285//3285 3402//3402
f 3184//3184 3402//3402 3286//3286
f 3185//3185 3331//3331 3403//3403
f 3185//3185 3403//3403 3186//3186
f 3186//3186 3403//3403 3287//3287
f 3187//3187 3287//3287 3188//3188
f 3188//3188 3287//3287 3405//3405
f 3188//3188 3405//3405 3288//3288
f 3189//3189 3332//3332 3406//3406
f 3189//3189 3406//3406 3190//3190
f 3190//3190 3406//3406 3289//3289
f 3191//3191 3289//3289 3407//3407
f 3334//3334 3192//3192 3460//3460
f 3460//3460 3192//3192 3193//3193
f 3460//3460 3193//3193 3335//3335
f 3461//3461 3335//3335 3291//3291
f 3336//3336 3291//3291 3292//3292
f 3463//3463 3409//3409 3194//3194
f 3463//3463 3194//3194 3464//3464
f 3464//3464 3194//3194 3195//3195
f 3464//3464 3195//3195 3410//3410
f 3410//3410 3195//3195 3196//3196
f 3410//3410 3196//3196 3293//3293
f 3411//3411 3293//3293 3197//3197
f 3411//3411 3197//3197 3294//3294
f 3466//3466 3294//3294 3198//3198
f 3466//3466 3198//3198 3337//3337
f 3467//3467 3337//3337 3199//3199
f 3467//3467 3199//3199 3468//3468
f 3468//3468 3199//3199 3200//3200
f 3468//3468 3200//3200 3469//3469
f 3469//3469 3200//3200 3201//3201
f 3469//3469 3201//3201 3412//3412
f 3412//3412 3201//3201 3202//3202
f 3412//3412 3202//3202 3295//3295
f 3470//3470 3295//3295 3203//3203
f 3470//3470 3203//3203 3338//3338
f 3471//3471 3413//3413 3204//3204
f 3471//3471 3204//3204 3339//3339
f 3414//3414 3339//3339 3205//3205
f 3414//3414 3205//3205 3296//3296
f 3472//3472 3296//3296 3206//3206
f 3472//3472 3206//3206 3340//3340
f 3341//3341 3207//3207 3473//3473
f 3473//3473 3207//3207 3208//3208
f 3473//3473 3208//3208 3474//3474
f 3474//3474 3208//3208 3209//3209
f 3474//3474 3209//3209 3475//3475
f 3475//3475 3209//3209 3210//3210
f 3475//3475 3210//3210 3342//3342
f 3476//3476 3342//3342 3297//3297
f 3477//3477 3416//3416 3211//3211
f 3477//3477 3211//3211 3346//3346
f 3478//3478 3418//3418 3212//3212
f 3478//3478 3212//3212 3298//3298
f 3479//3479 3347//3347 3213//3213
f 3479//3479 3213//3213 3300//3300
f 3480//3480 3419//3419 3214//3214
f 3480//3480 3214//3214 3349//3349
f 3481//3481 3349//3349 3215//3215
f 3481//3481 3215//3215 3482//3482
f 3482//3482 3215//3215 3216//3216
f 3482//3482 3216//3216 3483//3483
f 3483//3483 3216//3216 3217//3217
f 3483//3483 3217//3217 3420//3420
f 3420//3420 3217//3217 3218//3218
f 3420//3420 3218//3218 3302//3302
f 3484//3484 3302//3302 3219//3219
f 3484//3484 3219//3219 3350//3350
f 3485//3485 3350//3350 3220//3220
f 3485//3485 3220//3220 3486//3486
f 3486//3486 3220//3220 3221//3221
f 3486//3486 3221//3221 3487//3487
f 3487//3487 3221//3221 3222//3222
f 3487//3487 3222//3222 3488//3488
f 3488//3488 3222//3222 3223//3223
f 3488//3488 3223//3223 3303//3303
f 3489//3489 3421//3421 3224//3224
f 3489//3489 3224//3224 3353//3353
f 3422//3422 3353//3353 3225//3225
f 3422//3422 3225//3225 3304//3304
f 3490//3490 3304//3304 3226//3226
f 3490//3490 3226//3226 3354//3354
f 3491//3491 3423//3423 3227//3227
f 3491//3491 3227//3227 3355//3355
f 3424//3424 3355//3355 3228//3228
f 3424//3424 3228//3228 3305//3305
f 3492//3492 3305//3305 3229//3229
f 3492//3492 3229//3229 3356//3356
f 3493//3493 3425//3425 3230//3230
f 3493//3493 3230//3230 3494//3494
f 3494//3494 3230//3230 3231//3231
f 3494//3494 3231//3231 3495//3495
f 3495//3495 3231//3231 3232//3232
f 3495//3495 3232//3232 3496//3496
f 3496//3496 3232//3232 3233//3233
f 3496//3496 3233//3233 3357//3357
f 3497//3497 3357//3357 3306//3306
f 3426//3426 3358//3358 3234//3234
f 3426//3426 3234//3234 3307//3307
f 3498//3498 3307//3307 3235//3235
f 3498//3498 3235//3235 3359//3359
f 3499//3499 3359//3359 3236//3236
f 3499//3499 3236//3236 3308//3308
f 3360//3360 3309//3309 3310//3310
f 3361//3361 3237//3237 3501//3501
f 3501//3501 3237//3237 3238//3238
f 3501//3501 3238//3238 3502//3502
f 3502//3502 3238//3238 3239//3239
f 3502//3502 3239//3239 3503//3503
f 3503//3503 3239//3239 3240//3240
f 3503//3503 3240//3240 3504//3504
f 3504//3504 3240//3240 3241//3241
f 3504//3504 3241//3241 3311//3311
f 3505//3505 3427//3427 3242//3242
f 3505//3505 3242//3242 3506//3506
f 3506//3506 3242//3242 3243//3243
f 3506//3506 3243//3243 3507//3507
f 3507//3507 3243//3243 3244//3244
f 3507//3507 3244//3244 3508//3508
f 3508//3508 3244//3244 3245//3245
f 3508//3508 3245//3245 3428//3428
f 3428//3428 3245//3245 3246//3246
f 3428//3428 3246//3246 3312//3312
f 3509//3509 3312//3312 3247//3247
f 3509//3509 3247//3247 3362//3362
f 3363//3363 3248//3248 3510//3510
f 3510//3510 3248//3248 3249//3249
f 3510//3510 3249//3249 3364//3364
f 3364//3364 3249//3249 3250//3250
f 3364//3364 3250//3250 3407//3407
f 3407//3407 3250//3250 3120//3120
f 3407//3407 3120//3120 3191//3191
f 3154//3154 3313//3313 3314//3314
f 3256//3256 3367//3367 3316//3316
f 3258//3258 3370//3370 3317//3317
f 3260//3260 3373//3373 3374//3374
f 3260//3260 3374//3374 3319//3319
f 3263//3263 3377//3377 3264//3264
f 3264//3264 3377//3377 3442//3442
f 3264//3264 3442//3442 3320//3320
f 3265//3265 3320//3320 3266//3266
f 3266//3266 3320//3320 3378//3378
f 3266//3266 3378//3378 3321//3321
f 3267//3267 3380//3380 3381//3381
f 3267//3267 3381//3381 3322//3322
f 3269//3269 3383//3383 3323//3323
f 3270//3270 3385//3385 3324//3324
f 3273//3273 3388//3388 3325//3325
f 3276//3276 3392//3392 3393//3393
f 3276//3276 3393//3393 3326//3326
f 3277//3277 3394//3394 3278//3278
f 3278//3278 3394//3394 3448//3448
f 3278//3278 3448//3448 3327//3327
f 3279//3279 3395//3395 3328//3328
f 3280//3280 3396//3396 3281//3281
f 3281//3281 3396//3396 3450//3450
f 3281//3281 3450//3450 3329//3329
f 3283//3283 3282//3282 3398//3398
f 3283//3283 3398//3398 3330//3330
f 3286//3286 3402//3402 3331//3331
f 3288//3288 3405//3405 3332//3332
f 3540//3540 3251//3251 3290//3290
f 3540//3540 3290//3290 3333//3333
f 3408//3408 3333//3333 3334//3334
f 3462//3462 3461//3461 3291//3291
f 3462//3462 3291//3291 3336//3336
f 3543//3543 3336//3336 3292//3292
f 3543//3543 3292//3292 3409//3409
f 3410//3410 3293//3293 3411//3411
f 3411//3411 3294//3294 3466//3466
f 3412//3412 3295//3295 3470//3470
f 3414//3414 3296//3296 3472//3472
f 3415//3415 3340//3340 3341//3341
f 3546//3546 3476//3476 3297//3297
f 3546//3546 3297//3297 3343//3343
f 3548//3548 3478//3478 3298//3298
f 3548//3548 3298//3298 3549//3549
f 3549//3549 3298//3298 3299//3299
f 3549//3549 3299//3299 3347//3347
f 3550//3550 3479//3479 3300//3300
f 3550//3550 3300//3300 3551//3551
f 3551//3551 3300//3300 3301//3301
f 3551//3551 3301//3301 3348//3348
f 3420//3420 3302//3302 3484//3484
f 3552//3552 3488//3488 3303//3303
f 3552//3552 3303//3303 3351//3351
f 3422//3422 3304//3304 3490//3490
f 3424//3424 3305//3305 3492//3492
f 3553//3553 3497//3497 3306//3306
f 3553//3553 3306//3306 3358//3358
f 3426//3426 3307//3307 3498//3498
f 3554//3554 3499//3499 3308//3308
f 3554//3554 3308//3308 3500//3500
f 3500//3500 3308//3308 3309//3309
f 3500//3500 3309//3309 3360//3360
f 3556//3556 3360//3360 3310//3310
f 3556//3556 3310//3310 3557//3557
f 3557//3557 3310//3310 3361//3361
f 3558//3558 3504//3504 3311//3311
f 3558//3558 3311//3311 3427//3427
f 3428//3428 3312//3312 3509//3509
f 3429//3429 3362//3362 3363//3363
f 3314//3314 3430//3430 3315//3315
f 3315//3315 3431//3431 3252//3252
f 3252//3252 3431//3431 3365//3365
f 3252//3252 3365//3365 3253//3253
f 3253//3253 3365//3365 3254//3254
f 3255//3255 3254//3254 3366//3366
f 3255//3255 3366//3366 3367//3367
f 3316//3316 3367//3367 3432//3432
f 3316//3316 3432//3432 3368//3368
f 3257//3257 3368//3368 3434//3434
f 3257//3257 3434//3434 3369//3369
f 3257//3257 3369//3369 3370//3370
f 3317//3317 3370//3370 3435//3435
f 3317//3317 3435//3435 3371//3371
f 3318//3318 3437//3437 3259//3259
f 3259//3259 3437//3437 3372//3372
f 3259//3259 3372//3372 3373//3373
f 3319//3319 3374//3374 3375//3375
f 3261//3261 3375//3375 3439//3439
f 3261//3261 3439//3439 3376//3376
f 3262//3262 3376//3376 3441//3441
f 3262//3262 3441//3441 3377//3377
f 3321//3321 3378//3378 3379//3379
f 3321//3321 3379//3379 3380//3380
f 3322//3322 3381//3381 3382//3382
f 3268//3268 3382//3382 3444//3444
f 3268//3268 3444//3444 3383//3383
f 3323//3323 3383//3383 3445//3445
f 3323//3323 3445//3445 3384//3384
f 3323//3323 3384//3384 3385//3385
f 3324//3324 3385//3385 3446//3446
f 3324//3324 3446//3446 3386//3386
f 3324//3324 3386//3386 3271//3271
f 3271//3271 3386//3386 3272//3272
f 3272//3272 3386//3386 3387//3387
f 3272//3272 3387//3387 3388//3388
f 3325//3325 3388//3388 3447//3447
f 3325//3325 3447//3447 3389//3389
f 3325//3325 3389//3389 3274//3274
f 3274//3274 3389//3389 3275//3275
f 3275//3275 3389//3389 3390//3390
f 3275//3275 3390//3390 3391//3391
f 3275//3275 3391//3391 3392//3392
f 3326//3326 3393//3393 3394//3394
f 3327//3327 3448//3448 3395//3395
f 3328//3328 3395//3395 3449//3449
f 3328//3328 3449//3449 3396//3396
f 3329//3329 3450//3450 3282//3282
f 3282//3282 3450//3450 3397//3397
f 3330//3330 3398//3398 3399//3399
f 3284//3284 3399//3399 3452//3452
f 3284//3284 3452//3452 3400//3400
f 3285//3285 3400//3400 3454//3454
f 3285//3285 3454//3454 3401//3401
f 3285//3285 3401//3401 3402//3402
f 3331//3331 3402//3402 3455//3455
f 3331//3331 3455//3455 3403//3403
f 3287//3287 3403//3403 3457//3457
f 3287//3287 3457//3457 3404//3404
f 3287//3287 3404//3404 3405//3405
f 3332//3332 3405//3405 3458//3458
f 3332//3332 3458//3458 3406//3406
f 3289//3289 3406//3406 3539//3539
f 3289//3289 3539//3539 3407//3407
f 3541//3541 3540//3540 3333//3333
f 3541//3541 3333//3333 3408//3408
f 3594//3594 3408//3408 3334//3334
f 3594//3594 3334//3334 3460//3460
f 3596//3596 3460//3460 3335//3335
f 3596//3596 3335//3335 3461//3461
f 3462//3462 3336//3336 3543//3543
f 3599//3599 3464//3464 3410//3410
f 3465//3465 3410//3410 3411//3411
f 3602//3602 3466//3466 3337//3337
f 3602//3602 3337//3337 3467//3467
f 3605//3605 3469//3469 3412//3412
f 3607//3607 3470//3470 3338//3338
f 3607//3607 3338//3338 3413//3413
f 3609//3609 3471//3471 3339//3339
f 3609//3609 3339//3339 3610//3610
f 3610//3610 3339//3339 3414//3414
f 3545//3545 3472//3472 3340//3340
f 3545//3545 3340//3340 3415//3415
f 3612//3612 3415//3415 3341//3341
f 3612//3612 3341//3341 3473//3473
f 3615//3615 3475//3475 3342//3342
f 3615//3615 3342//3342 3476//3476
f 3617//3617 3546//3546 3343//3343
f 3617//3617 3343//3343 3618//3618
f 3618//3618 3343//3343 3344//3344
f 3618//3618 3344//3344 3619//3619
f 3619//3619 3344//3344 3345//3345
f 3619//3619 3345//3345 3416//3416
f 3621//3621 3477//3477 3346//3346
f 3621//3621 3346//3346 3417//3417
f 3623//3623 3549//3549 3347//3347
f 3623//3623 3347//3347 3479//3479
f 3625//3625 3551//3551 3348//3348
f 3625//3625 3348//3348 3419//3419
f 3627//3627 3480//3480 3349//3349
f 3627//3627 3349//3349 3481//3481
f 3630//3630 3483//3483 3420//3420
f 3632//3632 3484//3484 3350//3350
f 3632//3632 3350//3350 3485//3485
f 3635//3635 3552//3552 3351//3351
f 3635//3635 3351//3351 3636//3636
f 3636//3636 3351//3351 3352//3352
f 3636//3636 3352//3352 3421//3421
f 3638//3638 3489//3489 3353//3353
f 3638//3638 3353//3353 3639//3639
f 3639//3639 3353//3353 3422//3422
f 3641//3641 3490//3490 3354//3354
f 3641//3641 3354//3354 3423//3423
f 3643//3643 3491//3491 3355//3355
f 3643//3643 3355//3355 3644//3644
f 3644//3644 3355//3355 3424//3424
f 3646//3646 3492//3492 3356//3356
f 3646//3646 3356//3356 3425//3425
f 3649//3649 3496//3496 3357//3357
f 3649//3649 3357//3357 3497//3497
f 3651//3651 3553//3553 3358//3358
f 3651//3651 3358//3358 3652//3652
f 3652//3652 3358//3358 3426//3426
f 3654//3654 3498//3498 3359//3359
f 3654//3654 3359//3359 3499//3499
f 3500//3500 3360//3360 3556//3556
f 3655//3655 3557//3557 3361//3361
f 3655//3655 3361//3361 3501//3501
f 3661//3661 3508//3508 3428//3428
f 3560//3560 3509//3509 3362//3362
f 3560//3560 3362//3362 3429//3429
f 3663//3663 3429//3429 3363//3363
f 3663//3663 3363//3363 3510//3510
f 3665//3665 3510//3510 3364//3364
f 3665//3665 3364//3364 3407//3407
f 3251//3251 3561//3561 3313//3313
f 3314//3314 3313//3313 3430//3430
f 3315//3315 3430//3430 3431//3431
f 3367//3367 3366//3366 3514//3514
f 3367//3367 3514//3514 3432//3432
f 3368//3368 3432//3432 3433//3433
f 3368//3368 3433//3433 3434//3434
f 3370//3370 3369//3369 3515//3515
f 3370//3370 3515//3515 3435//3435
f 3371//3371 3435//3435 3436//3436
f 3371//3371 3436//3436 3318//3318
f 3318//3318 3436//3436 3437//3437
f 3373//3373 3372//3372 3516//3516
f 3373//3373 3516//3516 3374//3374
f 3375//3375 3374//3374 3438//3438
f 3375//3375 3438//3438 3439//3439
f 3376//3376 3439//3439 3440//3440
f 3376//3376 3440//3440 3441//3441
f 3377//3377 3441//3441 3517//3517
f 3377//3377 3517//3517 3442//3442
f 3320//3320 3442//3442 3519//3519
f 3320//3320 3519//3519 3378//3378
f 3380//3380 3379//3379 3521//3521
f 3380//3380 3521//3521 3381//3381
f 3382//3382 3381//3381 3443//3443
f 3382//3382 3443//3443 3444//3444
f 3383//3383 3444//3444 3522//3522
f 3383//3383 3522//3522 3445//3445
f 3385//3385 3384//3384 3523//3523
f 3385//3385 3523//3523 3446//3446
f 3388//3388 3387//3387 3526//3526
f 3388//3388 3526//3526 3447//3447
f 3392//3392 3391//3391 3529//3529
f 3392//3392 3529//3529 3393//3393
f 3394//3394 3393//3393 3530//3530
f 3394//3394 3530//3530 3448//3448
f 3395//3395 3448//3448 3532//3532
f 3395//3395 3532//3532 3449//3449
f 3396//3396 3449//3449 3533//3533
f 3396//3396 3533//3533 3450//3450
f 3282//3282 3397//3397 3536//3536
f 3282//3282 3536//3536 3398//3398
f 3399//3399 3398//3398 3451//3451
f 3399//3399 3451//3451 3452//3452
f 3400//3400 3452//3452 3453//3453
f 3400//3400 3453//3453 3454//3454
f 3402//3402 3401//3401 3537//3537
f 3402//3402 3537//3537 3455//3455
f 3403//3403 3455//3455 3456//3456
f 3403//3403 3456//3456 3457//3457
f 3405//3405 3404//3404 3538//3538
f 3405//3405 3538//3538 3458//3458
f 3406//3406 3458//3458 3459//3459
f 3406//3406 3459//3459 3539//3539
f 3561//3561 3251//3251 3540//3540
f 3541//3541 3408//3408 3594//3594
f 3542//3542 3461//3461 3462//3462
f 3544//3544 3543//3543 3409//3409
f 3544//3544 3409//3409 3463//3463
f 3600//3600 3599//3599 3410//3410
f 3600//3600 3410//3410 3465//3465
f 3696//3696 3465//3465 3411//3411
f 3696//3696 3411//3411 3466//3466
f 3697//3697 3605//3605 3412//3412
f 3697//3697 3412//3412 3470//3470
f 3698//3698 3607//3607 3413//3413
f 3698//3698 3413//3413 3471//3471
f 3699//3699 3610//3610 3414//3414
f 3699//3699 3414//3414 3472//3472
f 3545//3545 3415//3415 3612//3612
f 3700//3700 3619//3619 3416//3416
f 3700//3700 3416//3416 3477//3477
f 3547//3547 3621//3621 3417//3417
f 3547//3547 3417//3417 3418//3418
f 3547//3547 3418//3418 3478//3478
f 3704//3704 3625//3625 3419//3419
f 3704//3704 3419//3419 3480//3480
f 3705//3705 3630//3630 3420//3420
f 3705//3705 3420//3420 3484//3484
f 3706//3706 3636//3636 3421//3421
f 3706//3706 3421//3421 3489//3489
f 3707//3707 3639//3639 3422//3422
f 3707//3707 3422//3422 3490//3490
f 3708//3708 3641//3641 3423//3423
f 3708//3708 3423//3423 3491//3491
f 3709//3709 3644//3644 3424//3424
f 3709//3709 3424//3424 3492//3492
f 3710//3710 3646//3646 3425//3425
f 3710//3710 3425//3425 3493//3493
f 3711//3711 3652//3652 3426//3426
f 3711//3711 3426//3426 3498//3498
f 3555//3555 3554//3554 3500//3500
f 3559//3559 3558//3558 3427//3427
f 3559//3559 3427//3427 3505//3505
f 3715//3715 3661//3661 3428//3428
f 3715//3715 3428//3428 3509//3509
f 3560//3560 3429//3429 3663//3663
f 3511//3511 3665//3665 3407//3407
f 3511//3511 3407//3407 3539//3539
f 3313//3313 3561//3561 3430//3430
f 3430//3430 3562//3562 3431//3431
f 3431//3431 3563//3563 3365//3365
f 3365//3365 3563//3563 3512//3512
f 3365//3365 3512//3512 3254//3254
f 3254//3254 3512//3512 3513//3513
f 3254//3254 3513//3513 3366//3366
f 3366//3366 3513//3513 3514//3514
f 3514//3514 3564//3564 3432//3432
f 3432//3432 3564//3564 3433//3433
f 3369//3369 3434//3434 3515//3515
f 3515//3515 3567//3567 3435//3435
f 3435//3435 3567//3567 3436//3436
f 3372//3372 3437//3437 3516//3516
f 3516//3516 3570//3570 3374//3374
f 3374//3374 3570//3570 3438//3438
f 3438//3438 3571//3571 3439//3439
f 3439//3439 3571//3571 3440//3440
f 3440//3440 3572//3572 3441//3441
f 3441//3441 3572//3572 3517//3517
f 3517//3517 3518//3518 3442//3442
f 3442//3442 3518//3518 3519//3519
f 3378//3378 3519//3519 3674//3674
f 3378//3378 3674//3674 3520//3520
f 3378//3378 3520//3520 3379//3379
f 3379//3379 3520//3520 3521//3521
f 3521//3521 3574//3574 3381//3381
f 3381//3381 3574//3574 3443//3443
f 3443//3443 3575//3575 3444//3444
f 3444//3444 3575//3575 3522//3522
f 3384//3384 3445//3445 3523//3523
f 3446//3446 3523//3523 3524//3524
f 3446//3446 3524//3524 3386//3386
f 3386//3386 3524//3524 3525//3525
f 3386//3386 3525//3525 3387//3387
f 3387//3387 3525//3525 3526//3526
f 3447//3447 3526//3526 3527//3527
f 3447//3447 3527//3527 3389//3389
f 3389//3389 3527//3527 3528//3528
f 3389//3389 3528//3528 3390//3390
f 3390//3390 3528//3528 3391//3391
f 3391//3391 3528//3528 3529//3529
f 3529//3529 3580//3580 3393//3393
f 3393//3393 3580//3580 3530//3530
f 3530//3530 3581//3581 3448//3448
f 3448//3448 3581//3581 3531//3531
f 3448//3448 3531//3531 3532//3532
f 3532//3532 3582//3582 3449//3449
f 3449//3449 3582//3582 3533//3533
f 3533//3533 3583//3583 3450//3450
f 3450//3450 3583//3583 3534//3534
f 3450//3450 3534//3534 3535//3535
f 3450//3450 3535//3535 3397//3397
f 3397//3397 3535//3535 3536//3536
f 3536//3536 3584//3584 3398//3398
f 3398//3398 3584//3584 3451//3451
f 3451//3451 3585//3585 3452//3452
f 3452//3452 3585//3585 3453//3453
f 3401//3401 3454//3454 3537//3537
f 3537//3537 3588//3588 3455//3455
f 3455//3455 3588//3588 3456//3456
f 3404//3404 3457//3457 3538//3538
f 3538//3538 3591//3591 3458//3458
f 3458//3458 3591//3591 3459//3459
f 3459//3459 3592//3592 3539//3539
f 3593//3593 3540//3540 3541//3541
f 3595//3595 3594//3594 3460//3460
f 3595//3595 3460//3460 3596//3596
f 3693//3693 3596//3596 3461//3461
f 3693//3693 3461//3461 3542//3542
f 3597//3597 3542//3542 3462//3462
f 3597//3597 3462//3462 3543//3543
f 3544//3544 3463//3463 3598//3598
f 3598//3598 3463//3463 3464//3464
f 3598//3598 3464//3464 3599//3599
f 3600//3600 3465//3465 3696//3696
f 3601//3601 3696//3696 3466//3466
f 3601//3601 3466//3466 3602//3602
f 3603//3603 3602//3602 3467//3467
f 3603//3603 3467//3467 3468//3468
f 3603//3603 3468//3468 3604//3604
f 3604//3604 3468//3468 3469//3469
f 3604//3604 3469//3469 3605//3605
f 3606//3606 3697//3697 3470//3470
f 3606//3606 3470//3470 3607//3607
f 3608//3608 3698//3698 3471//3471
f 3608//3608 3471//3471 3609//3609
f 3611//3611 3699//3699 3472//3472
f 3611//3611 3472//3472 3545//3545
f 3613//3613 3612//3612 3473//3473
f 3613//3613 3473//3473 3474//3474
f 3613//3613 3474//3474 3614//3614
f 3614//3614 3474//3474 3475//3475
f 3614//3614 3475//3475 3615//3615
f 3616//3616 3615//3615 3476//3476
f 3616//3616 3476//3476 3546//3546
f 3620//3620 3700//3700 3477//3477
f 3620//3620 3477//3477 3621//3621
f 3622//3622 3547//3547 3478//3478
f 3622//3622 3478//3478 3548//3548
f 3624//3624 3623//3623 3479//3479
f 3624//3624 3479//3479 3550//3550
f 3626//3626 3704//3704 3480//3480
f 3626//3626 3480//3480 3627//3627
f 3628//3628 3627//3627 3481//3481
f 3628//3628 3481//3481 3482//3482
f 3628//3628 3482//3482 3629//3629
f 3629//3629 3482//3482 3483//3483
f 3629//3629 3483//3483 3630//3630
f 3631//3631 3705//3705 3484//3484
f 3631//3631 3484//3484 3632//3632
f 3633//3633 3632//3632 3485//3485
f 3633//3633 3485//3485 3486//3486
f 3633//3633 3486//3486 3634//3634
f 3634//3634 3486//3486 3487//3487
f 3634//3634 3487//3487 3488//3488
f 3634//3634 3488//3488 3552//3552
f 3637//3637 3706//3706 3489//3489
f 3637//3637 3489//3489 3638//3638
f 3640//3640 3707//3707 3490//3490
f 3640//3640 3490//3490 3641//3641
f 3642//3642 3708//3708 3491//3491
f 3642//3642 3491//3491 3643//3643
f 3645//3645 3709//3709 3492//3492
f 3645//3645 3492//3492 3646//3646
f 3647//3647 3710//3710 3493//3493
f 3647//3647 3493//3493 3494//3494
f 3647//3647 3494//3494 3648//3648
f 3648//3648 3494//3494 3495//3495
f 3648//3648 3495//3495 3496//3496
f 3648//3648 3496//3496 3649//3649
f 3650//3650 3649//3649 3497//3497
f 3650//3650 3497//3497 3553//3553
f 3653//3653 3711//3711 3498//3498
f 3653//3653 3498//3498 3654//3654
f 3782//3782 3654//3654 3499//3499
f 3782//3782 3499//3499 3554//3554
f 3555//3555 3500//3500 3556//3556
f 3656//3656 3655//3655 3501//3501
f 3656//3656 3501//3501 3502//3502
f 3656//3656 3502//3502 3657//3657
f 3657//3657 3502//3502 3503//3503
f 3657//3657 3503//3503 3658//3658
f 3658//3658 3503//3503 3504//3504
f 3658//3658 3504//3504 3558//3558
f 3559//3559 3505//3505 3659//3659
f 3659//3659 3505//3505 3506//3506
f 3659//3659 3506//3506 3507//3507
f 3659//3659 3507//3507 3660//3660
f 3660//3660 3507//3507 3508//3508
f 3660//3660 3508//3508 3661//3661
f 3662//3662 3715//3715 3509//3509
f 3662//3662 3509//3509 3560//3560
f 3664//3664 3663//3663 3510//3510
f 3664//3664 3510//3510 3665//3665
f 3430//3430 3561//3561 3562//3562
f 3431//3431 3562//3562 3563//3563
f 3514//3514 3513//3513 3564//3564
f 3564//3564 3565//3565 3433//3433
f 3434//3434 3566//3566 3515//3515
f 3515//3515 3566//3566 3567//3567
f 3567//3567 3568//3568 3436//3436
f 3437//3437 3569//3569 3516//3516
f 3516//3516 3569//3569 3570//3570
f 3438//3438 3570//3570 3571//3571
f 3440//3440 3571//3571 3572//3572
f 3517//3517 3572//3572 3518//3518
f 3518//3518 3573//3573 3519//3519
f 3521//3521 3520//3520 3574//3574
f 3443//3443 3574//3574 3575//3575
f 3575//3575 3576//3576 3522//3522
f 3445//3445 3577//3577 3523//3523
f 3525//3525 3578//3578 3526//3526
f 3528//3528 3579//3579 3529//3529
f 3529//3529 3579//3579 3580//3580
f 3530//3530 3580//3580 3581//3581
f 3532//3532 3531//3531 3582//3582
f 3533//3533 3582//3582 3583//3583
f 3536//3536 3535//3535 3584//3584
f 3451//3451 3584//3584 3585//3585
f 3585//3585 3586//3586 3453//3453
f 3454//3454 3587//3587 3537//3537
f 3537//3537 3587//3587 3588//3588
f 3588//3588 3589//3589 3456//3456
f 3457//3457 3590//3590 3538//3538
f 3538//3538 3590//3590 3591//3591
f 3459//3459 3591//3591 3592//3592
f 3592//3592 3691//3691 3539//3539
f 3716//3716 3561//3561 3540//3540
f 3716//3716 3540//3540 3593//3593
f 3593//3593 3541//3541 3594//3594
f 3693//3693 3542//3542 3597//3597
f 3694//3694 3597//3597 3543//3543
f 3694//3694 3543//3543 3544//3544
f 3695//3695 3599//3599 3600//3600
f 3758//3758 3611//3611 3545//3545
f 3758//3758 3545//3545 3612//3612
f 3616//3616 3546//3546 3617//3617
f 3701//3701 3621//3621 3547//3547
f 3701//3701 3547//3547 3622//3622
f 3702//3702 3622//3622 3548//3548
f 3702//3702 3548//3548 3549//3549
f 3702//3702 3549//3549 3623//3623
f 3703//3703 3624//3624 3550//3550
f 3703//3703 3550//3550 3551//3551
f 3703//3703 3551//3551 3625//3625
f 3770//3770 3634//3634 3552//3552
f 3770//3770 3552//3552 3635//3635
f 3650//3650 3553//3553 3651//3651
f 3712//3712 3782//3782 3554//3554
f 3712//3712 3554//3554 3555//3555
f 3713//3713 3555//3555 3556//3556
f 3713//3713 3556//3556 3557//3557
f 3713//3713 3557//3557 3655//3655
f 3714//3714 3658//3658 3558//3558
f 3714//3714 3558//3558 3559//3559
f 3787//3787 3662//3662 3560//3560
f 3787//3787 3560//3560 3663//3663
f 3691//3691 3511//3511 3539//3539
f 3512//3512 3563//3563 3666//3666
f 3512//3512 3666//3666 3513//3513
f 3513//3513 3667//3667 3564//3564
f 3564//3564 3667//3667 3565//3565
f 3565//3565 3720//3720 3433//3433
f 3433//3433 3720//3720 3434//3434
f 3434//3434 3720//3720 3668//3668
f 3434//3434 3668//3668 3566//3566
f 3568//3568 3723//3723 3436//3436
f 3436//3436 3723//3723 3437//3437
f 3437//3437 3723//3723 3669//3669
f 3437//3437 3669//3669 3569//3569
f 3569//3569 3670//3670 3570//3570
f 3570//3570 3671//3671 3571//3571
f 3571//3571 3672//3672 3572//3572
f 3572//3572 3673//3673 3518//3518
f 3518//3518 3673//3673 3573//3573
f 3573//3573 3728//3728 3519//3519
f 3519//3519 3728//3728 3674//3674
f 3520//3520 3675//3675 3574//3574
f 3574//3574 3676//3676 3575//3575
f 3575//3575 3676//3676 3576//3576
f 3576//3576 3732//3732 3522//3522
f 3522//3522 3732//3732 3445//3445
f 3445//3445 3732//3732 3677//3677
f 3445//3445 3677//3677 3577//3577
f 3577//3577 3733//3733 3523//3523
f 3523//3523 3733//3733 3524//3524
f 3524//3524 3733//3733 3678//3678
f 3524//3524 3678//3678 3525//3525
f 3525//3525 3678//3678 3578//3578
f 3578//3578 3734//3734 3526//3526
f 3526//3526 3734//3734 3527//3527
f 3527//3527 3734//3734 3679//3679
f 3527//3527 3679//3679 3528//3528
f 3528//3528 3679//3679 3680//3680
f 3528//3528 3680//3680 3579//3579
f 3579//3579 3681//3681 3580//3580
f 3580//3580 3682//3682 3581//3581
f 3581//3581 3682//3682 3531//3531
f 3531//3531 3683//3683 3582//3582
f 3534//3534 3583//3583 3684//3684
f 3534//3534 3684//3684 3535//3535
f 3535//3535 3685//3685 3584//3584
f 3584//3584 3686//3686 3585//3585
f 3585//3585 3686//3686 3586//3586
f 3586//3586 3742//3742 3453//3453
f 3453//3453 3742//3742 3454//3454
f 3454//3454 3742//3742 3687//3687
f 3454//3454 3687//3687 3587//3587
f 3589//3589 3745//3745 3456//3456
f 3456//3456 3745//3745 3457//3457
f 3457//3457 3745//3745 3688//3688
f 3457//3457 3688//3688 3590//3590
f 3590//3590 3689//3689 3591//3591
f 3591//3591 3690//3690 3592//3592
f 3592//3592 3690//3690 3691//3691
f 3820//3820 3716//3716 3593//3593
f 3748//3748 3593//3593 3594//3594
f 3748//3748 3594//3594 3595//3595
f 3748//3748 3595//3595 3749//3749
f 3749//3749 3595//3595 3596//3596
f 3749//3749 3596//3596 3693//3693
f 3750//3750 3693//3693 3597//3597
f 3750//3750 3597//3597 3694//3694
f 3751//3751 3694//3694 3544//3544
f 3751//3751 3544//3544 3598//3598
f 3598//3598 3599//3599 3695//3695
f 3752//3752 3695//3695 3600//3600
f 3752//3752 3600//3600 3696//3696
f 3753//3753 3696//3696 3601//3601
f 3753//3753 3601//3601 3602//3602
f 3753//3753 3602//3602 3754//3754
f 3754//3754 3602//3602 3603//3603
f 3754//3754 3603//3603 3755//3755
f 3755//3755 3603//3603 3604//3604
f 3755//3755 3604//3604 3605//3605
f 3755//3755 3605//3605 3697//3697
f 3756//3756 3697//3697 3606//3606
f 3756//3756 3606//3606 3607//3607
f 3756//3756 3607//3607 3698//3698
f 3757//3757 3698//3698 3608//3608
f 3757//3757 3608//3608 3609//3609
f 3757//3757 3609//3609 3610//3610
f 3757//3757 3610//3610 3699//3699
f 3758//3758 3699//3699 3611//3611
f 3759//3759 3758//3758 3612//3612
f 3759//3759 3612//3612 3613//3613
f 3759//3759 3613//3613 3760//3760
f 3760//3760 3613//3613 3614//3614
f 3760//3760 3614//3614 3761//3761
f 3761//3761 3614//3614 3615//3615
f 3761//3761 3615//3615 3616//3616
f 3762//3762 3616//3616 3617//3617
f 3762//3762 3617//3617 3618//3618
f 3762//3762 3618//3618 3619//3619
f 3762//3762 3619//3619 3700//3700
f 3763//3763 3700//3700 3620//3620
f 3763//3763 3620//3620 3621//3621
f 3763//3763 3621//3621 3701//3701
f 3823//3823 3701//3701 3622//3622
f 3823//3823 3622//3622 3702//3702
f 3764//3764 3702//3702 3623//3623
f 3764//3764 3623//3623 3624//3624
f 3764//3764 3624//3624 3703//3703
f 3825//3825 3703//3703 3625//3625
f 3825//3825 3625//3625 3704//3704
f 3765//3765 3704//3704 3626//3626
f 3765//3765 3626//3626 3627//3627
f 3765//3765 3627//3627 3766//3766
f 3766//3766 3627//3627 3628//3628
f 3766//3766 3628//3628 3767//3767
f 3767//3767 3628//3628 3629//3629
f 3767//3767 3629//3629 3630//3630
f 3767//3767 3630//3630 3705//3705
f 3768//3768 3705//3705 3631//3631
f 3768//3768 3631//3631 3632//3632
f 3768//3768 3632//3632 3769//3769
f 3769//3769 3632//3632 3633//3633
f 3769//3769 3633//3633 3770//3770
f 3770//3770 3633//3633 3634//3634
f 3771//3771 3770//3770 3635//3635
f 3771//3771 3635//3635 3636//3636
f 3771//3771 3636//3636 3706//3706
f 3772//3772 3706//3706 3637//3637
f 3772//3772 3637//3637 3638//3638
f 3772//3772 3638//3638 3639//3639
f 3772//3772 3639//3639 3707//3707
f 3773//3773 3707//3707 3640//3640
f 3773//3773 3640//3640 3641//3641
f 3773//3773 3641//3641 3708//3708
f 3774//3774 3708//3708 3642//3642
f 3774//3774 3642//3642 3643//3643
f 3774//3774 3643//3643 3775//3775
f 3775//3775 3643//3643 3644//3644
f 3775//3775 3644//3644 3709//3709
f 3776//3776 3709//3709 3645//3645
f 3776//3776 3645//3645 3646//3646
f 3776//3776 3646//3646 3710//3710
f 3777//3777 3710//3710 3647//3647
f 3777//3777 3647//3647 3778//3778
f 3778//3778 3647//3647 3648//3648
f 3778//3778 3648//3648 3779//3779
f 3779//3779 3648//3648 3649//3649
f 3779//3779 3649//3649 3650//3650
f 3780//3780 3650//3650 3651//3651
f 3780//3780 3651//3651 3652//3652
f 3780//3780 3652//3652 3711//3711
f 3781//3781 3711//3711 3653//3653
f 3781//3781 3653//3653 3654//3654
f 3781//3781 3654//3654 3782//3782
f 3828//3828 3712//3712 3555//3555
f 3828//3828 3555//3555 3713//3713
f 3783//3783 3713//3713 3655//3655
f 3783//3783 3655//3655 3656//3656
f 3783//3783 3656//3656 3784//3784
f 3784//3784 3656//3656 3657//3657
f 3657//3657 3658//3658 3714//3714
f 3785//3785 3714//3714 3559//3559
f 3785//3785 3559//3559 3659//3659
f 3785//3785 3659//3659 3786//3786
f 3786//3786 3659//3659 3660//3660
f 3660//3660 3661//3661 3715//3715
f 3787//3787 3715//3715 3662//3662
f 3788//3788 3787//3787 3663//3663
f 3788//3788 3663//3663 3664//3664
f 3788//3788 3664//3664 3692//3692
f 3692//3692 3664//3664 3665//3665
f 3692//3692 3665//3665 3511//3511
f 3692//3692 3511//3511 3691//3691
f 3561//3561 3716//3716 3562//3562
f 3562//3562 3716//3716 3789//3789
f 3562//3562 3789//3789 3563//3563
f 3563//3563 3789//3789 3717//3717
f 3563//3563 3717//3717 3666//3666
f 3666//3666 3718//3718 3513//3513
f 3513//3513 3718//3718 3667//3667
f 3667//3667 3719//3719 3565//3565
f 3565//3565 3719//3719 3720//3720
f 3668//3668 3720//3720 3721//3721
f 3668//3668 3721//3721 3566//3566
f 3567//3567 3566//3566 3722//3722
f 3567//3567 3722//3722 3568//3568
f 3568//3568 3722//3722 3723//3723
f 3569//3569 3669//3669 3670//3670
f 3670//3670 3724//3724 3570//3570
f 3570//3570 3724//3724 3671//3671
f 3671//3671 3725//3725 3571//3571
f 3571//3571 3725//3725 3672//3672
f 3672//3672 3726//3726 3572//3572
f 3572//3572 3726//3726 3673//3673
f 3673//3673 3727//3727 3573//3573
f 3573//3573 3727//3727 3728//3728
f 3674//3674 3729//3729 3520//3520
f 3520//3520 3729//3729 3675//3675
f 3675//3675 3730//3730 3574//3574
f 3574//3574 3730//3730 3676//3676
f 3676//3676 3731//3731 3576//3576
f 3576//3576 3731//3731 3732//3732
f 3577//3577 3677//3677 3733//3733
f 3678//3678 3845//3845 3578//3578
f 3578//3578 3845//3845 3734//3734
f 3579//3579 3680//3680 3681//3681
f 3681//3681 3735//3735 3580//3580
f 3580//3580 3735//3735 3736//3736
f 3580//3580 3736//3736 3682//3682
f 3682//3682 3737//3737 3531//3531
f 3531//3531 3737//3737 3683//3683
f 3683//3683 3738//3738 3582//3582
f 3582//3582 3738//3738 3739//3739
f 3582//3582 3739//3739 3583//3583
f 3684//3684 3813//3813 3535//3535
f 3535//3535 3813//3813 3685//3685
f 3685//3685 3740//3740 3584//3584
f 3584//3584 3740//3740 3686//3686
f 3686//3686 3741//3741 3586//3586
f 3586//3586 3741//3741 3742//3742
f 3687//3687 3742//3742 3743//3743
f 3687//3687 3743//3743 3587//3587
f 3588//3588 3587//3587 3744//3744
f 3588//3588 3744//3744 3589//3589
f 3589//3589 3744//3744 3745//3745
f 3590//3590 3688//3688 3689//3689
f 3689//3689 3746//3746 3591//3591
f 3591//3591 3746//3746 3690//3690
f 3690//3690 3747//3747 3691//3691
f 3691//3691 3747//3747 3832//3832
f 3691//3691 3832//3832 3692//3692
f 3905//3905 3820//3820 3593//3593
f 3905//3905 3593//3593 3748//3748
f 3750//3750 3749//3749 3693//3693
f 3821//3821 3750//3750 3694//3694
f 3821//3821 3694//3694 3751//3751
f 3752//3752 3598//3598 3695//3695
f 3854//3854 3752//3752 3696//3696
f 3854//3854 3696//3696 3753//3753
f 3911//3911 3755//3755 3697//3697
f 3911//3911 3697//3697 3756//3756
f 3913//3913 3756//3756 3698//3698
f 3913//3913 3698//3698 3757//3757
f 3822//3822 3757//3757 3699//3699
f 3822//3822 3699//3699 3758//3758
f 3914//3914 3758//3758 3759//3759
f 3859//3859 3761//3761 3616//3616
f 3859//3859 3616//3616 3762//3762
f 3917//3917 3762//3762 3700//3700
f 3917//3917 3700//3700 3763//3763
f 3861//3861 3763//3763 3701//3701
f 3861//3861 3701//3701 3823//3823
f 3824//3824 3823//3823 3702//3702
f 3824//3824 3702//3702 3764//3764
f 3863//3863 3764//3764 3703//3703
f 3863//3863 3703//3703 3825//3825
f 3921//3921 3825//3825 3704//3704
f 3921//3921 3704//3704 3765//3765
f 3865//3865 3767//3767 3705//3705
f 3865//3865 3705//3705 3768//3768
f 3926//3926 3770//3770 3771//3771
f 3927//3927 3771//3771 3706//3706
f 3927//3927 3706//3706 3772//3772
f 3928//3928 3772//3772 3707//3707
f 3928//3928 3707//3707 3773//3773
f 3929//3929 3773//3773 3708//3708
f 3929//3929 3708//3708 3774//3774
f 3826//3826 3775//3775 3709//3709
f 3826//3826 3709//3709 3776//3776
f 3869//3869 3776//3776 3710//3710
f 3869//3869 3710//3710 3777//3777
f 3871//3871 3779//3779 3650//3650
f 3871//3871 3650//3650 3780//3780
f 3936//3936 3780//3780 3711//3711
f 3936//3936 3711//3711 3781//3781
f 3827//3827 3782//3782 3712//3712
f 3827//3827 3712//3712 3828//3828
f 3829//3829 3828//3828 3713//3713
f 3829//3829 3713//3713 3783//3783
f 3830//3830 3657//3657 3714//3714
f 3830//3830 3714//3714 3785//3785
f 3831//3831 3660//3660 3715//3715
f 3831//3831 3715//3715 3787//3787
f 3943//3943 3787//3787 3788//3788
f 3716//3716 3904//3904 3789//3789
f 3717//3717 3789//3789 3790//3790
f 3717//3717 3790//3790 3666//3666
f 3666//3666 3790//3790 3791//3791
f 3666//3666 3791//3791 3792//3792
f 3666//3666 3792//3792 3718//3718
f 3718//3718 3792//3792 3667//3667
f 3667//3667 3792//3792 3719//3719
f 3720//3720 3793//3793 3794//3794
f 3720//3720 3794//3794 3721//3721
f 3721//3721 3794//3794 3566//3566
f 3566//3566 3794//3794 3722//3722
f 3723//3723 3795//3795 3796//3796
f 3723//3723 3796//3796 3669//3669
f 3669//3669 3796//3796 3670//3670
f 3670//3670 3796//3796 3835//3835
f 3670//3670 3835//3835 3836//3836
f 3670//3670 3836//3836 3724//3724
f 3724//3724 3836//3836 3671//3671
f 3671//3671 3836//3836 3797//3797
f 3671//3671 3797//3797 3798//3798
f 3671//3671 3798//3798 3725//3725
f 3725//3725 3798//3798 3672//3672
f 3672//3672 3798//3798 3799//3799
f 3672//3672 3799//3799 3800//3800
f 3672//3672 3800//3800 3726//3726
f 3726//3726 3800//3800 3673//3673
f 3673//3673 3800//3800 3727//3727
f 3728//3728 3801//3801 3674//3674
f 3674//3674 3801//3801 3802//3802
f 3674//3674 3802//3802 3729//3729
f 3729//3729 3802//3802 3675//3675
f 3675//3675 3802//3802 3803//3803
f 3675//3675 3803//3803 3804//3804
f 3675//3675 3804//3804 3730//3730
f 3730//3730 3804//3804 3676//3676
f 3676//3676 3804//3804 3731//3731
f 3732//3732 3805//3805 3677//3677
f 3733//3733 3884//3884 3806//3806
f 3733//3733 3806//3806 3678//3678
f 3678//3678 3806//3806 3845//3845
f 3734//3734 3807//3807 3808//3808
f 3734//3734 3808//3808 3679//3679
f 3679//3679 3808//3808 3680//3680
f 3680//3680 3808//3808 3809//3809
f 3680//3680 3809//3809 3681//3681
f 3681//3681 3809//3809 3888//3888
f 3681//3681 3888//3888 3735//3735
f 3736//3736 3810//3810 3682//3682
f 3682//3682 3810//3810 3811//3811
f 3682//3682 3811//3811 3737//3737
f 3737//3737 3811//3811 3683//3683
f 3683//3683 3811//3811 3847//3847
f 3683//3683 3847//3847 3738//3738
f 3739//3739 3812//3812 3583//3583
f 3583//3583 3812//3812 3684//3684
f 3684//3684 3812//3812 3813//3813
f 3685//3685 3813//3813 3814//3814
f 3685//3685 3814//3814 3848//3848
f 3685//3685 3848//3848 3740//3740
f 3740//3740 3848//3848 3686//3686
f 3686//3686 3848//3848 3895//3895
f 3686//3686 3895//3895 3741//3741
f 3742//3742 3815//3815 3816//3816
f 3742//3742 3816//3816 3743//3743
f 3743//3743 3816//3816 3587//3587
f 3587//3587 3816//3816 3849//3849
f 3587//3587 3849//3849 3744//3744
f 3745//3745 3960//3960 3817//3817
f 3745//3745 3817//3817 3688//3688
f 3688//3688 3817//3817 3689//3689
f 3689//3689 3817//3817 3818//3818
f 3689//3689 3818//3818 3851//3851
f 3689//3689 3851//3851 3746//3746
f 3746//3746 3851//3851 3690//3690
f 3690//3690 3851//3851 3902//3902
f 3690//3690 3902//3902 3747//3747
f 3904//3904 3716//3716 3820//3820
f 3905//3905 3748//3748 3907//3907
f 3907//3907 3748//3748 3749//3749
f 3907//3907 3749//3749 3750//3750
f 3853//3853 3821//3821 3751//3751
f 3853//3853 3751//3751 3909//3909
f 3909//3909 3751//3751 3598//3598
f 3909//3909 3598//3598 3752//3752
f 3855//3855 3854//3854 3753//3753
f 3855//3855 3753//3753 3856//3856
f 3856//3856 3753//3753 3754//3754
f 3856//3856 3754//3754 3755//3755
f 3856//3856 3755//3755 3911//3911
f 3912//3912 3911//3911 3756//3756
f 3912//3912 3756//3756 3913//3913
f 3913//3913 3757//3757 3857//3857
f 3857//3857 3757//3757 3822//3822
f 3822//3822 3758//3758 3914//3914
f 3915//3915 3914//3914 3759//3759
f 3915//3915 3759//3759 3858//3858
f 3858//3858 3759//3759 3760//3760
f 3858//3858 3760//3760 3859//3859
f 3859//3859 3760//3760 3761//3761
f 3860//3860 3859//3859 3762//3762
f 3860//3860 3762//3762 3917//3917
f 3917//3917 3763//3763 3861//3861
f 3862//3862 3824//3824 3764//3764
f 3862//3862 3764//3764 3863//3863
f 3921//3921 3765//3765 3864//3864
f 3864//3864 3765//3765 3766//3766
f 3864//3864 3766//3766 3865//3865
f 3865//3865 3766//3766 3767//3767
f 3866//3866 3865//3865 3768//3768
f 3866//3866 3768//3768 3867//3867
f 3867//3867 3768//3768 3769//3769
f 3867//3867 3769//3769 3770//3770
f 3867//3867 3770//3770 3926//3926
f 3926//3926 3771//3771 3927//3927
f 3927//3927 3772//3772 3868//3868
f 3868//3868 3772//3772 3928//3928
f 3928//3928 3773//3773 3929//3929
f 3930//3930 3929//3929 3774//3774
f 3930//3930 3774//3774 3826//3826
f 3826//3826 3774//3774 3775//3775
f 3869//3869 3826//3826 3776//3776
f 3932//3932 3869//3869 3777//3777
f 3932//3932 3777//3777 3870//3870
f 3870//3870 3777//3777 3778//3778
f 3870//3870 3778//3778 3871//3871
f 3871//3871 3778//3778 3779//3779
f 3935//3935 3871//3871 3780//3780
f 3935//3935 3780//3780 3936//3936
f 3936//3936 3781//3781 3827//3827
f 3827//3827 3781//3781 3782//3782
f 3872//3872 3829//3829 3783//3783
f 3872//3872 3783//3783 3873//3873
f 3873//3873 3783//3783 3784//3784
f 3873//3873 3784//3784 3830//3830
f 3830//3830 3784//3784 3657//3657
f 3941//3941 3830//3830 3785//3785
f 3941//3941 3785//3785 3874//3874
f 3874//3874 3785//3785 3786//3786
f 3874//3874 3786//3786 3831//3831
f 3831//3831 3786//3786 3660//3660
f 3831//3831 3787//3787 3943//3943
f 3943//3943 3788//3788 3875//3875
f 3875//3875 3788//3788 3692//3692
f 3875//3875 3692//3692 3832//3832
f 3792//3792 3833//3833 3719//3719
f 3719//3719 3833//3833 3793//3793
f 3719//3719 3793//3793 3720//3720
f 3794//3794 3834//3834 3722//3722
f 3722//3722 3834//3834 3795//3795
f 3722//3722 3795//3795 3723//3723
f 3796//3796 3881//3881 3835//3835
f 3800//3800 3837//3837 3727//3727
f 3727//3727 3837//3837 3838//3838
f 3727//3727 3838//3838 3728//3728
f 3728//3728 3838//3838 3801//3801
f 3802//3802 3839//3839 3803//3803
f 3803//3803 3839//3839 3804//3804
f 3804//3804 3840//3840 3731//3731
f 3731//3731 3840//3840 3805//3805
f 3731//3731 3805//3805 3732//3732
f 3805//3805 3841//3841 3677//3677
f 3677//3677 3841//3841 3842//3842
f 3677//3677 3842//3842 3843//3843
f 3677//3677 3843//3843 3733//3733
f 3733//3733 3843//3843 3884//3884
f 3845//3845 3806//3806 3844//3844
f 3734//3734 3845//3845 3807//3807
f 3809//3809 3846//3846 3888//3888
f 3735//3735 3810//3810 3736//3736
f 3739//3739 3738//3738 3812//3812
f 3741//3741 3815//3815 3742//3742
f 3744//3744 3960//3960 3745//3745
f 3817//3817 3850//3850 3818//3818
f 3818//3818 3850//3850 3851//3851
f 3747//3747 3819//3819 3832//3832
f 3904//3904 3820//3820 3905//3905
f 3965//3965 3907//3907 3750//3750
f 3965//3965 3750//3750 3821//3821
f 3908//3908 3821//3821 3853//3853
f 3909//3909 3752//3752 3854//3854
f 3861//3861 3823//3823 3824//3824
f 3918//3918 3824//3824 3862//3862
f 3919//3919 3863//3863 3825//3825
f 3919//3919 3825//3825 3921//3921
f 3931//3931 3826//3826 3869//3869
f 3938//3938 3827//3827 3828//3828
f 3938//3938 3828//3828 3829//3829
f 3939//3939 3829//3829 3872//3872
f 3940//3940 3830//3830 3941//3941
f 3875//3875 3832//3832 3852//3852
f 3852//3852 3832//3832 3819//3819
f 3904//3904 3876//3876 3789//3789
f 3789//3789 3876//3876 3877//3877
f 3789//3789 3877//3877 3790//3790
f 3790//3790 3877//3877 3791//3791
f 3791//3791 3877//3877 3792//3792
f 3792//3792 3877//3877 3878//3878
f 3792//3792 3878//3878 3833//3833
f 3793//3793 3833//3833 3879//3879
f 3793//3793 3879//3879 3794//3794
f 3794//3794 3948//3948 3834//3834
f 3795//3795 3834//3834 3880//3880
f 3795//3795 3880//3880 3796//3796
f 3796//3796 3880//3880 3881//3881
f 3835//3835 3881//3881 3836//3836
f 3799//3799 3882//3882 3800//3800
f 3800//3800 3882//3882 3837//3837
f 3801//3801 3838//3838 3839//3839
f 3801//3801 3839//3839 3802//3802
f 3839//3839 3883//3883 3804//3804
f 3804//3804 3883//3883 3840//3840
f 3845//3845 3885//3885 3807//3807
f 3807//3807 3885//3885 3808//3808
f 3808//3808 3885//3885 3886//3886
f 3808//3808 3886//3886 3846//3846
f 3808//3808 3846//3846 3809//3809
f 3846//3846 3887//3887 3888//3888
f 3888//3888 3889//3889 3735//3735
f 3735//3735 3889//3889 3810//3810
f 3810//3810 3889//3889 3956//3956
f 3810//3810 3956//3956 3811//3811
f 3811//3811 3956//3956 3847//3847
f 3847//3847 3956//3956 3890//3890
f 3847//3847 3890//3890 3891//3891
f 3847//3847 3891//3891 3738//3738
f 3738//3738 3891//3891 3892//3892
f 3738//3738 3892//3892 3812//3812
f 3812//3812 3892//3892 3813//3813
f 3813//3813 3892//3892 3814//3814
f 3814//3814 3892//3892 3893//3893
f 3814//3814 3893//3893 3894//3894
f 3814//3814 3894//3894 3848//3848
f 3848//3848 3894//3894 3895//3895
f 3895//3895 3896//3896 3741//3741
f 3741//3741 3896//3896 3815//3815
f 3815//3815 3896//3896 3897//3897
f 3815//3815 3897//3897 3816//3816
f 3816//3816 3897//3897 3849//3849
f 3849//3849 3897//3897 3898//3898
f 3849//3849 3898//3898 3899//3899
f 3849//3849 3899//3899 3744//3744
f 3744//3744 3899//3899 3960//3960
f 3960//3960 3850//3850 3817//3817
f 3850//3850 3900//3900 3901//3901
f 3850//3850 3901//3901 3851//3851
f 3851//3851 3901//3901 3902//3902
f 3902//3902 3903//3903 3747//3747
f 3747//3747 3903//3903 3819//3819
f 3819//3819 3903//3903 3962//3962
f 3819//3819 3962//3962 3852//3852
f 3963//3963 3904//3904 3905//3905
f 3964//3964 3905//3905 3906//3906
f 3906//3906 3905//3905 3907//3907
f 3908//3908 3965//3965 3821//3821
f 3967//3967 3853//3853 3968//3968
f 3968//3968 3853//3853 3909//3909
f 3968//3968 3909//3909 3854//3854
f 3968//3968 3854//3854 3855//3855
f 3969//3969 3855//3855 3910//3910
f 3910//3910 3855//3855 3856//3856
f 3910//3910 3856//3856 3970//3970
f 3970//3970 3856//3856 3911//3911
f 3971//3971 3912//3912 3913//3913
f 3972//3972 3913//3913 3973//3973
f 3973//3973 3913//3913 3857//3857
f 3974//3974 3822//3822 3914//3914
f 3915//3915 3858//3858 3916//3916
f 3916//3916 3858//3858 3859//3859
f 3916//3916 3859//3859 3860//3860
f 3976//3976 3860//3860 3977//3977
f 3978//3978 3917//3917 3861//3861
f 3978//3978 3861//3861 3979//3979
f 3980//3980 3861//3861 3824//3824
f 3980//3980 3824//3824 3918//3918
f 3981//3981 3862//3862 3863//3863
f 3981//3981 3863//3863 3919//3919
f 3920//3920 3919//3919 3921//3921
f 3982//3982 3921//3921 3922//3922
f 3922//3922 3921//3921 3864//3864
f 3922//3922 3864//3864 3923//3923
f 3923//3923 3864//3864 3865//3865
f 3923//3923 3865//3865 3866//3866
f 3984//3984 3866//3866 3924//3924
f 3924//3924 3866//3866 3867//3867
f 3924//3924 3867//3867 3985//3985
f 3985//3985 3867//3867 3925//3925
f 3925//3925 3867//3867 3926//3926
f 3986//3986 3926//3926 3927//3927
f 2577//2577 3927//3927 3987//3987
f 3987//3987 3927//3927 3868//3868
f 3988//3988 3928//3928 3929//3929
f 3989//3989 3930//3930 3826//3826
f 3989//3989 3826//3826 3931//3931
f 3931//3931 3869//3869 3932//3932
f 3933//3933 3932//3932 3870//3870
f 3933//3933 3870//3870 3934//3934
f 3934//3934 3870//3870 3871//3871
f 3934//3934 3871//3871 3935//3935
f 3991//3991 3935//3935 3936//3936
f 3992//3992 3936//3936 3937//3937
f 3937//3937 3936//3936 3827//3827
f 3937//3937 3827//3827 3938//3938
f 3994//3994 3938//3938 3829//3829
f 3994//3994 3829//3829 3939//3939
f 3872//3872 3873//3873 2549//2549
f 3873//3873 3830//3830 3940//3940
f 3942//3942 3941//3941 3874//3874
f 3942//3942 3874//3874 3831//3831
f 3999//3999 3831//3831 3943//3943
f 4000//4000 3943//3943 3944//3944
f 3944//3944 3943//3943 3875//3875
f 3944//3944 3875//3875 3962//3962
f 3962//3962 3875//3875 3852//3852
f 3877//3877 3945//3945 3878//3878
f 3878//3878 3946//3946 3833//3833
f 3833//3833 3946//3946 3947//3947
f 3833//3833 3947//3947 3879//3879
f 3879//3879 3947//3947 3794//3794
f 3794//3794 3947//3947 3948//3948
f 3834//3834 3948//3948 3880//3880
f 3880//3880 3949//3949 3881//3881
f 3881//3881 3949//3949 2604//2604
f 3881//3881 2604//2604 3836//3836
f 3836//3836 2604//2604 3797//3797
f 3797//3797 2604//2604 3798//3798
f 3798//3798 2604//2604 3799//3799
f 3882//3882 3799//3799 2619//2619
f 3882//3882 2619//2619 3837//3837
f 3837//3837 2619//2619 3838//3838
f 3839//3839 3838//3838 2567//2567
f 3839//3839 2567//2567 3883//3883
f 3883//3883 3950//3950 3840//3840
f 3840//3840 3950//3950 3951//3951
f 3840//3840 3951//3951 3805//3805
f 3805//3805 3951//3951 3841//3841
f 3841//3841 3951//3951 3952//3952
f 3841//3841 3952//3952 3842//3842
f 3843//3843 3842//3842 3884//3884
f 3806//3806 3884//3884 3953//3953
f 3806//3806 3953//3953 3844//3844
f 3845//3845 3844//3844 3885//3885
f 3886//3886 3885//3885 3954//3954
f 3886//3886 3954//3954 3846//3846
f 3846//3846 3954//3954 3887//3887
f 3888//3888 3887//3887 2545//2545
f 3888//3888 2545//2545 3889//3889
f 3889//3889 2545//2545 3955//3955
f 3889//3889 3955//3955 3956//3956
f 3894//3894 3893//3893 3957//3957
f 3894//3894 3957//3957 3895//3895
f 3895//3895 3957//3957 3896//3896
f 3896//3896 3957//3957 3958//3958
f 3896//3896 3958//3958 3897//3897
f 3897//3897 3958//3958 3959//3959
f 3897//3897 3959//3959 3898//3898
f 3850//3850 3960//3960 3900//3900
f 3901//3901 3903//3903 3902//3902
f 3963//3963 3876//3876 3904//3904
f 3964//3964 3963//3963 3905//3905
f 3965//3965 3906//3906 3907//3907
f 3966//3966 3965//3965 3908//3908
f 3966//3966 3908//3908 3967//3967
f 3967//3967 3908//3908 3853//3853
f 3969//3969 3968//3968 3855//3855
f 3970//3970 3911//3911 3912//3912
f 3970//3970 3912//3912 3971//3971
f 3972//3972 3971//3971 3913//3913
f 3973//3973 3857//3857 3974//3974
f 3974//3974 3857//3857 3822//3822
f 3974//3974 3914//3914 3915//3915
f 3974//3974 3915//3915 3975//3975
f 3975//3975 3915//3915 3916//3916
f 3976//3976 3916//3916 3860//3860
f 3977//3977 3860//3860 3978//3978
f 3978//3978 3860//3860 3917//3917
f 3980//3980 3979//3979 3861//3861
f 3980//3980 3918//3918 3862//3862
f 3980//3980 3862//3862 3981//3981
f 2533//2533 3981//3981 3919//3919
f 2533//2533 3919//3919 2535//2535
f 2535//2535 3919//3919 3920//3920
f 2535//2535 3920//3920 3921//3921
f 2535//2535 3921//3921 3982//3982
f 3982//3982 3922//3922 3923//3923
f 3983//3983 3923//3923 3984//3984
f 3984//3984 3923//3923 3866//3866
f 2556//2556 3985//3985 3925//3925
f 2556//2556 3925//3925 3926//3926
f 2556//2556 3926//3926 3986//3986
f 2577//2577 3986//3986 3927//3927
f 3987//3987 3868//3868 3988//3988
f 3988//3988 3868//3868 3928//3928
f 3988//3988 3929//3929 3930//3930
f 3988//3988 3930//3930 3989//3989
f 2553//2553 3989//3989 3931//3931
f 2553//2553 3931//3931 3933//3933
f 3933//3933 3931//3931 3932//3932
f 3990//3990 3934//3934 3935//3935
f 3990//3990 3935//3935 3991//3991
f 3992//3992 3991//3991 3936//3936
f 3993//3993 3937//3937 3938//3938
f 3993//3993 3938//3938 3994//3994
f 3994//3994 3939//3939 3995//3995
f 3995//3995 3939//3939 3872//3872
f 3995//3995 3872//3872 2549//2549
f 2549//2549 3873//3873 3996//3996
f 3996//3996 3873//3873 3940//3940
f 3996//3996 3940//3940 3941//3941
f 3996//3996 3941//3941 3997//3997
f 3997//3997 3941//3941 3942//3942
f 3998//3998 3942//3942 3831//3831
f 3998//3998 3831//3831 3999//3999
f 4000//4000 3999//3999 3943//3943
f 3876//3876 2596//2596 3877//3877
f 3877//3877 2596//2596 3945//3945
f 3945//3945 3946//3946 3878//3878
f 3947//3947 2600//2600 3948//3948
f 3948//3948 2600//2600 3949//3949
f 3948//3948 3949//3949 3880//3880
f 3799//3799 2604//2604 2619//2619
f 3838//3838 2619//2619 2567//2567
f 3883//3883 2567//2567 2542//2542
f 3883//3883 2542//2542 3950//3950
f 3950//3950 2542//2542 3951//3951
f 3952//3952 3951//3951 2622//2622
f 3952//3952 2622//2622 3842//3842
f 3842//3842 2622//2622 3884//3884
f 3884//3884 2622//2622 2633//2633
f 3884//3884 2633//2633 3953//3953
f 3953//3953 2633//2633 3844//3844
f 3844//3844 2633//2633 3885//3885
f 3885//3885 2633//2633 2638//2638
f 3885//3885 2638//2638 3954//3954
f 3954//3954 2638//2638 3887//3887
f 3887//3887 2638//2638 2545//2545
f 3955//3955 2545//2545 2514//2514
f 3955//3955 2514//2514 3956//3956
f 3956//3956 2514//2514 3890//3890
f 3890//3890 2514//2514 2569//2569
f 3890//3890 2569//2569 3891//3891
f 3891//3891 2569//2569 3892//3892
f 3892//3892 2569//2569 3893//3893
f 3893//3893 2569//2569 2628//2628
f 3893//3893 2628//2628 3957//3957
f 3957//3957 2628//2628 2572//2572
f 3957//3957 2572//2572 3958//3958
f 3958//3958 2572//2572 3959//3959
f 3959//3959 2572//2572 2607//2607
f 3959//3959 2607//2607 3898//3898
f 3898//3898 2607//2607 3899//3899
f 3899//3899 2607//2607 2630//2630
f 3899//3899 2630//2630 3960//3960
f 3960//3960 2630//2630 3900//3900
f 3900//3900 2630//2630 3901//3901
f 3901//3901 2630//2630 3961//3961
f 3901//3901 3961//3961 3903//3903
f 3961//3961 3962//3962 3903//3903
f 2596//2596 3876//3876 3963//3963
f 2596//2596 3963//3963 2594//2594
f 2594//2594 3963//3963 3964//3964
f 2594//2594 3964//3964 3906//3906
f 2594//2594 3906//3906 2536//2536
f 2536//2536 3906//3906 3965//3965
f 2536//2536 3965//3965 3966//3966
f 2536//2536 3966//3966 2525//2525
f 2525//2525 3966//3966 3967//3967
f 2525//2525 3967//3967 3968//3968
f 2525//2525 3968//3968 3969//3969
f 2525//2525 3969//3969 2615//2615
f 2615//2615 3969//3969 3910//3910
f 2615//2615 3910//3910 3970//3970
f 2615//2615 3970//3970 2632//2632
f 2632//2632 3970//3970 3971//3971
f 2632//2632 3971//3971 3972//3972
f 2632//2632 3972//3972 2631//2631
f 2631//2631 3972//3972 3973//3973
f 2631//2631 3973//3973 3974//3974
f 2631//2631 3974//3974 2592//2592
f 2592//2592 3974//3974 3975//3975
f 2592//2592 3975//3975 3916//3916
f 2592//2592 3916//3916 3976//3976
f 2592//2592 3976//3976 2561//2561
f 2561//2561 3976//3976 3977//3977
f 2561//2561 3977//3977 2588//2588
f 2588//2588 3977//3977 3978//3978
f 2588//2588 3978//3978 3979//3979
f 2588//2588 3979//3979 2587//2587
f 2587//2587 3979//3979 3980//3980
f 2587//2587 3980//3980 3981//3981
f 2587//2587 3981//3981 2533//2533
f 2535//2535 3982//3982 2583//2583
f 2583//2583 3982//3982 3923//3923
f 2583//2583 3923//3923 3983//3983
f 2583//2583 3983//3983 2582//2582
f 2582//2582 3983//3983 3984//3984
f 2582//2582 3984//3984 3924//3924
f 2582//2582 3924//3924 3985//3985
f 2582//2582 3985//3985 2556//2556
f 2556//2556 3986//3986 2577//2577
f 2577//2577 3987//3987 3988//3988
f 2577//2577 3988//3988 2555//2555
f 2555//2555 3988//3988 3989//3989
f 2555//2555 3989//3989 2553//2553
f 2553//2553 3933//3933 2529//2529
f 2529//2529 3933//3933 3934//3934
f 2529//2529 3934//3934 3990//3990
f 2529//2529 3990//3990 2512//2512
f 2512//2512 3990//3990 3991//3991
f 2512//2512 3991//3991 3992//3992
f 2512//2512 3992//3992 3937//3937
f 2512//2512 3937//3937 2527//2527
f 2527//2527 3937//3937 3993//3993
f 2527//2527 3993//3993 3994//3994
f 2527//2527 3994//3994 2518//2518
f 2518//2518 3994//3994 3995//3995
f 2518//2518 3995//3995 2549//2549
f 2549//2549 3996//3996 2613//2613
f 2613//2613 3996//3996 3997//3997
f 2613//2613 3997//3997 3942//3942
f 2613//2613 3942//3942 3998//3998
f 2613//2613 3998//3998 2636//2636
f 2636//2636 3998//3998 3999//3999
f 2636//2636 3999//3999 4000//4000
f 2636//2636 4000//4000 2608//2608
f 2608//2608 4000//4000 3944//3944
f 2608//2608 3944//3944 3962//3962
f 1236//1236 2891//2891 1235//1235
f 1235//1235 2891//2891 2828//2828
f 1235//1235 2828//2828 1234//1234
f 1234//1234 2828//2828 1233//1233
f 1233//1233 2828//2828 1232//1232
f 1232//1232 2828//2828 2894//2894
f 1232//1232 2894//2894 1231//1231
f 1231//1231 2894//2894 2865//2865
f 1231//1231 2865//2865 1230//1230
f 1230//1230 2865//2865 1229//1229
f 1229//1229 2865//2865 1228//1228
f 1228//1228 2865//2865 1227//1227
f 1227//1227 2865//2865 2869//2869
f 1227//1227 2869//2869 1226//1226
f 1226//1226 2869//2869 1225//1225
f 1225//1225 2869//2869 2842//2842
f 1225//1225 2842//2842 1224//1224
f 1224//1224 2842//2842 1223//1223
f 1223//1223 2842//2842 1222//1222
f 1222//1222 2842//2842 1221//1221
f 1221//1221 2842//2842 2845//2845
f 1221//1221 2845//2845 1220//1220
f 1220//1220 2845//2845 1219//1219
f 1219//1219 2845//2845 1218//1218
f 1218//1218 2845//2845 2895//2895
f 1218//1218 2895//2895 1217//1217
f 1217//1217 2895//2895 1216//1216
f 1216//1216 2895//2895 1215//1215
f 1215//1215 2895//2895 2898//2898
f 1215//1215 2898//2898 1267//1267
f 1267//1267 2898//2898 1268//1268
f 1268//1268 2898//2898 2870//2870
f 1268//1268 2870//2870 1269//1269
f 1269//1269 2870//2870 1270//1270
f 1270//1270 2870//2870 1271//1271
f 1271//1271 2870//2870 2899//2899
f 1271//1271 2899//2899 1272//1272
f 1272//1272 2899//2899 1273//1273
f 1273//1273 2899//2899 2928//2928
f 1273//1273 2928//2928 1274//1274
f 1274//1274 2928//2928 1275//1275
f 1275//1275 2928//2928 1276//1276
f 1276//1276 2928//2928 2943//2943
f 1276//1276 2943//2943 1277//1277
f 1277//1277 2943//2943 1278//1278
f 1278//1278 2943//2943 1279//1279
f 1279//1279 2943//2943 2945//2945
f 1279//1279 2945//2945 1280//1280
f 1280//1280 2945//2945 1281//1281
f 1281//1281 2945//2945 2957//2957
f 1281//1281 2957//2957 1282//1282
f 1282//1282 2957//2957 1283//1283
f 1283//1283 2957//2957 2947//2947
f 1283//1283 2947//2947 1284//1284
f 1284//1284 2947//2947 1285//1285
f 1285//1285 2947//2947 1286//1286
f 1286//1286 2947//2947 2950//2950
f 1286//1286 2950//2950 1287//1287
f 1287//1287 2950//2950 2847//2847
f 1287//1287 2847//2847 1288//1288
f 1288//1288 2847//2847 1289//1289
f 1289//1289 2847//2847 1290//1290
f 1290//1290 2847//2847 2901//2901
f 1290//1290 2901//2901 1291//1291
f 1291//1291 2901//2901 1292//1292
f 1292//1292 2901//2901 2903//2903
f 1292//1292 2903//2903 1293//1293
f 2891//2891 1236//1236 1237//1237
f 2891//2891 1237//1237 2941//2941
f 2941//2941 1237//1237 1238//1238
f 2941//2941 1238//1238 1239//1239
f 2941//2941 1239//1239 1240//1240
f 2941//2941 1240//1240 2925//2925
f 2925//2925 1240//1240 1241//1241
f 2925//2925 1241//1241 1242//1242
f 2925//2925 1242//1242 1243//1243
f 2925//2925 1243//1243 2940//2940
f 2940//2940 1243//1243 1244//1244
f 2940//2940 1244//1244 2923//2923
f 2923//2923 1244//1244 1245//1245
f 2923//2923 1245//1245 1246//1246
f 2923//2923 1246//1246 1247//1247
f 2923//2923 1247//1247 2888//2888
f 2888//2888 1247//1247 1248//1248
f 2888//2888 1248//1248 1249//1249
f 2888//2888 1249//1249 1250//1250
f 2888//2888 1250//1250 1251//1251
f 2888//2888 1251//1251 2922//2922
f 2922//2922 1251//1251 1252//1252
f 2922//2922 1252//1252 1253//1253
f 2922//2922 1253//1253 2863//2863
f 2863//2863 1253//1253 1254//1254
f 2863//2863 1254//1254 1255//1255
f 2863//2863 1255//1255 2860//2860
f 2860//2860 1255//1255 1256//1256
f 2860//2860 1256//1256 1257//1257
f 2860//2860 1257//1257 1258//1258
f 2860//2860 1258//1258 2887//2887
f 2887//2887 1258//1258 1259//1259
f 2887//2887 1259//1259 2840//2840
f 2840//2840 1259//1259 1260//1260
f 2840//2840 1260//1260 1261//1261
f 2840//2840 1261//1261 1262//1262
f 2840//2840 1262//1262 2826//2826
f 2826//2826 1262//1262 1263//1263
f 2826//2826 1263//1263 1264//1264
f 2826//2826 1264//1264 1265//1265
f 2826//2826 1265//1265 2823//2823
f 2823//2823 1265//1265 1266//1266
f 2823//2823 1266//1266 1374//1374
f 2823//2823 1374//1374 1373//1373
f 2823//2823 1373//1373 1372//1372
f 2823//2823 1372//1372 2839//2839
f 2839//2839 1372//1372 1371//1371
f 2839//2839 1371//1371 1370//1370
f 2839//2839 1370//1370 2836//2836
f 2836//2836 1370//1370 1369//1369
f 2836//2836 1369//1369 1368//1368
f 2836//2836 1368//1368 1367//1367
f 2836//2836 1367//1367 2885//2885
f 2885//2885 1367//1367 1366//1366
f 2885//2885 1366//1366 1365//1365
f 2885//2885 1365//1365 2882//2882
f 2882//2882 1365//1365 1364//1364
f 2882//2882 1364//1364 1363//1363
f 2882//2882 1363//1363 1362//1362
f 2882//2882 1362//1362 1361//1361
f 2882//2882 1361//1361 2920//2920
f 2920//2920 1361//1361 1360//1360
f 2920//2920 1360//1360 1359//1359
f 2920//2920 1359//1359 2879//2879
f 2879//2879 1359//1359 1358//1358
f 2879//2879 1358//1358 1357//1357
f 2879//2879 1357//1357 1356//1356
f 2879//2879 1356//1356 2918//2918
f 2918//2918 1356//1356 1355//1355
f 2918//2918 1355//1355 2955//2955
f 2955//2955 1355//1355 1354//1354
f 2955//2955 1354//1354 1353//1353
f 2955//2955 1353//1353 1352//1352
f 2955//2955 1352//1352 2938//2938
f 2938//2938 1352//1352 1351//1351
f 2938//2938 1351//1351 1350//1350
f 2938//2938 1350//1350 2916//2916
f 2916//2916 1350//1350 1349//1349
f 2916//2916 1349//1349 1348//1348
f 2916//2916 1348//1348 1347//1347
f 2916//2916 1347//1347 2857//2857
f 2857//2857 1347//1347 1346//1346
f 2857//2857 1346//1346 1345//1345
f 2857//2857 1345//1345 1344//1344
f 2857//2857 1344//1344 1343//1343
f 2857//2857 1343//1343 2878//2878
f 2878//2878 1343//1343 1342//1342
f 2878//2878 1342//1342 2855//2855
f 2855//2855 1342//1342 1341//1341
f 2855//2855 1341//1341 1340//1340
f 2855//2855 1340//1340 1339//1339
f 2855//2855 1339//1339 2853//2853
f 2853//2853 1339//1339 1338//1338
f 2853//2853 1338//1338 1337//1337
f 2853//2853 1337//1337 1336//1336
f 2853//2853 1336//1336 2834//2834
f 2834//2834 1336//1336 1335//1335
f 2834//2834 1335//1335 1334//1334
f 2834//2834 1334//1334 1333//1333
f 2834//2834 1333//1333 2831//2831
f 2831//2831 1333//1333 1332//1332
f 2831//2831 1332//1332 1331//1331
f 2831//2831 1331//1331 1330//1330
f 2831//2831 1330//1330 1329//1329
f 2831//2831 1329//1329 2935//2935
f 2935//2935 1329//1329 1328//1328
f 2935//2935 1328//1328 1327//1327
f 2935//2935 1327//1327 1326//1326
f 2935//2935 1326//1326 2934//2934
f 2934//2934 1326//1326 1325//1325
f 2934//2934 1325//1325 1324//1324
f 2934//2934 1324//1324 2913//2913
f 2913//2913 1324//1324 1323//1323
f 2913//2913 1323//1323 1322//1322
f 2913//2913 1322//1322 1321//1321
f 2913//2913 1321//1321 1320//1320
f 2913//2913 1320//1320 2910//2910
f 2910//2910 1320//1320 1319//1319
f 2910//2910 1319//1319 1318//1318
f 2910//2910 1318//1318 1317//1317
f 2910//2910 1317//1317 2932//2932
f 2932//2932 1317//1317 1316//1316
f 2932//2932 1316//1316 1315//1315
f 2932//2932 1315//1315 2875//2875
f 2875//2875 1315//1315 1314//1314
f 2875//2875 1314//1314 1313//1313
f 2875//2875 1313//1313 1312//1312
f 2875//2875 1312//1312 2959//2959
f 2959//2959 1312//1312 1311//1311
f 2959//2959 1311//1311 1310//1310
f 2959//2959 1310//1310 2953//2953
f 2953//2953 1310//1310 1309//1309
f 2953//2953 1309//1309 1308//1308
f 2953//2953 1308//1308 2909//2909
f 2909//2909 1308//1308 1307//1307
f 2909//2909 1307//1307 1306//1306
f 2909//2909 1306//1306 2905//2905
f 2905//2905 1306//1306 1305//1305
f 2905//2905 1305//1305 1304//1304
f 2905//2905 1304//1304 1303//1303
f 2905//2905 1303//1303 2951//2951
f 2951//2951 1303//1303 1302//1302
f 2951//2951 1302//1302 1301//1301
f 2951//2951 1301//1301 2930//2930
f 2930//2930 1301//1301 1300//1300
f 2930//2930 1300//1300 1299//1299
f 2930//2930 1299//1299 1298//1298
f 2930//2930 1298//1298 2874//2874
f 2874//2874 1298//1298 1297//1297
f 2874//2874 1297//1297 2850//2850
f 2850//2850 1297//1297 1296//1296
f 2850//2850 1296//1296 1295//1295
f 2850//2850 1295//1295 1294//1294
f 2850//2850 1294//1294 2903//2903
f 2903//2903 1294//1294 1293//1293
