stroke_idx,wp_idx,kind,x_m,y_m,z_m,qx,qy,qz,qw,intensity,q1,q2,q3,q4,q5,q6,q7
0,0,travel,-0.147632,0.119753,0.919843,0.000546370,0.000559152,0.685958149,0.727640575,1.0000,1.477584004,-1.652827740,0.380454689,-2.566999435,-2.671734571,2.179121256,0.570041180
0,1,travel,-0.147321,0.119682,0.922693,0.000673151,0.000684270,0.679638484,0.733546597,1.0000,1.461208940,-1.650222540,0.380159020,-2.555694342,-2.668844700,2.186690331,0.563235641
0,2,travel,-0.147053,0.119613,0.925522,0.000783921,0.000791689,0.673274439,0.739391837,1.0000,1.444833994,-1.647617340,0.379863352,-2.544389486,-2.665954828,2.194259405,0.556430101
0,3,travel,-0.146829,0.119546,0.928330,0.000878394,0.000881288,0.666866387,0.745176271,1.0000,1.428458929,-1.645012140,0.379567683,-2.533084393,-2.663065195,2.201828718,0.549624562
0,4,travel,-0.146649,0.119483,0.931118,0.000956573,0.000953194,0.660414928,0.750899660,1.0000,1.412083983,-1.642407060,0.379272014,-2.521779299,-2.660175323,2.209397793,0.542819023
0,5,travel,-0.146513,0.119425,0.933884,0.001017891,0.001007647,0.653920367,0.756562028,1.0000,1.395709038,-1.639801860,0.378976345,-2.510474443,-2.657285452,2.216966867,0.536013484
0,6,travel,-0.146420,0.119374,0.936630,0.001062198,0.001044422,0.647383096,0.762163308,1.0000,1.379333973,-1.637196660,0.378680676,-2.499169350,-2.654395819,2.224535942,0.529207945
0,7,travel,-0.146370,0.119331,0.939354,0.001089267,0.001063843,0.640803701,0.767703262,1.0000,1.362959027,-1.634591460,0.378385007,-2.487864256,-2.651505947,2.232105017,0.522402406
0,8,travel,-0.146364,0.119299,0.942057,0.001098616,0.001066072,0.634182413,0.773181947,1.0000,1.346583962,-1.631986260,0.378089339,-2.476559401,-2.648616076,2.239674330,0.515596867
0,9,travel,-0.146402,0.119277,0.944739,0.001090289,0.001050760,0.627519739,0.778599181,1.0000,1.330209017,-1.629381180,0.377793670,-2.465254307,-2.645726442,2.247243404,0.508791327
0,10,travel,-0.146482,0.119268,0.947399,0.001063893,0.001018405,0.620816065,0.783954874,1.0000,1.313833952,-1.626775980,0.377498001,-2.453949213,-2.642836571,2.254812479,0.501985788
0,11,travel,-0.146605,0.119274,0.950037,0.001019087,0.000969070,0.614071794,0.789248918,1.0000,1.297459006,-1.624170780,0.377202332,-2.442644358,-2.639946699,2.262381554,0.495180279
0,12,travel,-0.146770,0.119295,0.952654,0.000955588,0.000902672,0.607287202,0.794481294,1.0000,1.281083941,-1.621565580,0.376906663,-2.431339264,-2.637057066,2.269950867,0.488374740
0,13,travel,-0.146977,0.119334,0.955250,0.000873312,0.000819509,0.600462824,0.799651776,1.0000,1.264708996,-1.618960381,0.376610994,-2.420034409,-2.634167194,2.277519941,0.481569201
0,14,travel,-0.147227,0.119391,0.957823,0.000772013,0.000719457,0.593598945,0.804760324,1.0000,1.248333931,-1.616355300,0.376315325,-2.408729315,-2.631277323,2.285089016,0.474763662
0,15,travel,-0.147517,0.119468,0.960374,0.000651251,0.000602746,0.586695941,0.809806820,1.0000,1.231958985,-1.613750100,0.376019657,-2.397424221,-2.628387690,2.292658091,0.467958152
0,16,travel,-0.147848,0.119567,0.962904,0.000510853,0.000469685,0.579754139,0.814791173,1.0000,1.215583920,-1.611144900,0.375723988,-2.386119366,-2.625497818,2.300227165,0.461152613
0,17,travel,-0.148220,0.119689,0.965411,0.000350541,0.000320211,0.572774012,0.819713185,1.0000,1.199208975,-1.608539701,0.375428319,-2.374814272,-2.622607946,2.307796478,0.454347074
0,18,travel,-0.148632,0.119835,0.967896,0.000170180,0.000154285,0.565755755,0.824572843,1.0000,1.182834029,-1.605934620,0.375132650,-2.363509178,-2.619718313,2.315365553,0.447541535
0,19,draw,-0.149019,0.119614,0.970000,0.000000110,-0.000000050,0.559732414,0.828673413,1.0000,1.170942187,-1.603700161,0.374761432,-2.353956699,-2.617454290,2.321774244,0.439810008
0,20,draw,-0.149031,0.117111,0.970000,0.000000323,-0.000000005,0.559732262,0.828673515,1.0000,1.185268521,-1.603634238,0.373948336,-2.354653120,-2.618849993,2.321397066,0.426663280
0,21,draw,-0.149019,0.114614,0.970000,0.000000073,0.000000015,0.559732441,0.828673395,1.0000,1.199570298,-1.603578329,0.373146921,-2.355333090,-2.620218039,2.321038723,0.413516581
0,22,draw,-0.149031,0.112112,0.970000,0.000000248,-0.000000044,0.559732355,0.828673453,1.0000,1.213728189,-1.603581429,0.372413903,-2.355917692,-2.621424675,2.320792198,0.400369853
0,23,draw,-0.149019,0.109614,0.970000,0.000000026,0.000000048,0.559732459,0.828673383,1.0000,1.227861524,-1.603593230,0.371693432,-2.356486320,-2.622603416,2.320563078,0.387223125
0,24,draw,-0.149031,0.107112,0.970000,0.000000170,-0.000000031,0.559732434,0.828673399,1.0000,1.241851687,-1.603657126,0.371046424,-2.356961489,-2.623619556,2.320436478,0.374076426
0,25,draw,-0.149019,0.104614,0.970000,-0.000000003,-0.000000043,0.559732444,0.828673393,1.0000,1.255817533,-1.603728533,0.370412737,-2.357421160,-2.624608040,2.320325613,0.360929698
0,26,draw,-0.149031,0.102113,0.970000,0.000000061,-0.000000042,0.559732375,0.828673439,1.0000,1.269641042,-1.603845000,0.369856983,-2.357789755,-2.625432968,2.320307970,0.347782969
0,27,draw,-0.149019,0.099614,0.970000,0.000000022,-0.000000075,0.559732438,0.828673396,1.0000,1.283440471,-1.603967905,0.369315267,-2.358142853,-2.626230001,2.320304632,0.334636241
0,28,draw,-0.149031,0.097113,0.970000,0.000000004,-0.000000075,0.559732418,0.828673410,1.0000,1.297098517,-1.604128838,0.368855506,-2.358407021,-2.626863241,2.320385456,0.321489543
0,29,draw,-0.149019,0.094615,0.970000,-0.000000012,0.000000014,0.559732465,0.828673378,1.0000,1.310732603,-1.604295135,0.368410379,-2.358656406,-2.627468348,2.320478916,0.308342814
0,30,draw,-0.149031,0.092114,0.970000,0.000000018,-0.000000028,0.559732490,0.828673361,1.0000,1.324226379,-1.604492545,0.368050754,-2.358818531,-2.627909660,2.320647478,0.295196086
0,31,draw,-0.149019,0.089615,0.970000,-0.000000016,0.000000024,0.559732524,0.828673338,1.0000,1.337696433,-1.604694128,0.367706269,-2.358966351,-2.628323078,2.320827246,0.282049388
0,32,draw,-0.149031,0.087114,0.970000,0.000000071,-0.000000048,0.559732508,0.828673349,1.0000,1.351027369,-1.604920149,0.367450327,-2.359029293,-2.628572941,2.321072817,0.268902659
0,33,draw,-0.149019,0.084615,0.970000,0.000000003,0.000000018,0.559732525,0.828673338,1.0000,1.364334822,-1.605149150,0.367210001,-2.359078169,-2.628794909,2.321328402,0.255755931
0,34,draw,-0.149031,0.082115,0.970000,0.000000054,-0.000000061,0.559732477,0.828673370,1.0000,1.377504468,-1.605395794,0.367060870,-2.359044313,-2.628854036,2.321640730,0.242609218
0,35,draw,-0.149019,0.079615,0.970000,-0.000000025,0.000000016,0.559732475,0.828673371,1.0000,1.390650868,-1.605644464,0.366927713,-2.358996868,-2.628885269,2.321961641,0.229462489
0,36,draw,-0.149031,0.077115,0.970000,-0.000000035,0.000000076,0.559732505,0.828673351,1.0000,1.403661013,-1.605904222,0.366887987,-2.358868837,-2.628754377,2.322330713,0.216315776
0,37,draw,-0.149019,0.074615,0.970000,0.000000059,0.000000001,0.559732508,0.828673349,1.0000,1.416648030,-1.606164813,0.366864532,-2.358727217,-2.628596067,2.322706461,0.203169063
0,38,draw,-0.149031,0.072116,0.970000,0.000000019,0.000000036,0.559732430,0.828673402,1.0000,1.429500461,-1.606430054,0.366936386,-2.358507633,-2.628277063,2.323121786,0.190022334
0,39,draw,-0.149019,0.069615,0.970000,0.000000005,-0.000000007,0.559732466,0.828673377,1.0000,1.442330122,-1.606695056,0.367024779,-2.358274698,-2.627930641,2.323542595,0.176875621
0,40,draw,-0.149031,0.067116,0.970000,0.000000073,0.000000030,0.559732454,0.828673386,1.0000,1.455026865,-1.606958508,0.367209941,-2.357965708,-2.627424955,2.323994398,0.163728893
0,41,draw,-0.149019,0.064615,0.970000,0.000000072,-0.000000029,0.559732449,0.828673389,1.0000,1.467701077,-1.607220650,0.367411852,-2.357644081,-2.626892328,2.324450016,0.150582179
0,42,draw,-0.149031,0.062116,0.970000,0.000000114,0.000000074,0.559732435,0.828673398,1.0000,1.480244398,-1.607474923,0.367711723,-2.357248545,-2.626202345,2.324928284,0.137435466
0,43,draw,-0.149019,0.059615,0.970000,0.000000118,0.000000028,0.559732509,0.828673348,1.0000,1.492765546,-1.607726932,0.368028492,-2.356840611,-2.625485659,2.325408936,0.124288738
0,44,draw,-0.149031,0.057117,0.970000,0.000000157,0.000000128,0.559732400,0.828673422,1.0000,1.505157590,-1.607965112,0.368444085,-2.356360912,-2.624614000,2.325904131,0.111142017
0,45,draw,-0.149019,0.054616,0.970000,-0.000000027,0.000000108,0.559732438,0.828673396,1.0000,1.517527938,-1.608199835,0.368876696,-2.355869293,-2.623716116,2.326400280,0.097995304
0,46,draw,-0.149030,0.052117,0.970000,0.000000270,0.000000130,0.559732360,0.828673449,1.0000,1.529771447,-1.608415008,0.369408756,-2.355307817,-2.622665644,2.326902390,0.084848583
0,47,draw,-0.149019,0.049616,0.970000,0.000000112,0.000000022,0.559732473,0.828673373,1.0000,1.541993618,-1.608625770,0.369957894,-2.354734659,-2.621589422,2.327404499,0.071701862
0,48,draw,-0.149030,0.047117,0.970000,0.000000386,0.000000112,0.559732309,0.828673484,1.0000,1.554091096,-1.608811021,0.370606840,-2.354094028,-2.620363474,2.327904463,0.058555141
0,49,draw,-0.149018,0.044616,0.970000,0.000000109,0.000000092,0.559732455,0.828673385,1.0000,1.566167831,-1.608990908,0.371272862,-2.353442192,-2.619112253,2.328402996,0.045408424
0,50,draw,-0.149030,0.042118,0.970000,0.000000341,0.000000157,0.559732258,0.828673518,1.0000,1.578122377,-1.609139800,0.372038871,-2.352724791,-2.617714643,2.328891754,0.032261703
0,51,draw,-0.149018,0.039616,0.970000,0.000000162,0.000000020,0.559732432,0.828673400,1.0000,1.590056539,-1.609282494,0.372821987,-2.351996422,-2.616292238,2.329377413,0.019114984
0,52,draw,-0.149030,0.037118,0.970000,0.000000437,0.000000144,0.559732225,0.828673540,1.0000,1.601871133,-1.609388471,0.373705000,-2.351204634,-2.614726782,2.329845667,0.005968264
0,53,draw,-0.149018,0.034616,0.970000,0.000000170,0.000000059,0.559732406,0.828673418,1.0000,1.613665819,-1.609487295,0.374605089,-2.350402355,-2.613137245,2.330309391,-0.007178455
0,54,draw,-0.149030,0.032118,0.970000,0.000000581,0.000000228,0.559732243,0.828673528,1.0000,1.625343800,-1.609544158,0.375604898,-2.349538565,-2.611408234,2.330748081,-0.020325175
0,55,draw,-0.149018,0.029616,0.970000,0.000000147,0.000000027,0.559732340,0.828673462,1.0000,1.637002230,-1.609592915,0.376621723,-2.348664522,-2.609656334,2.331181288,-0.033471894
0,56,draw,-0.149030,0.027118,0.970000,0.000000645,0.000000140,0.559732173,0.828673575,1.0000,1.648547053,-1.609594464,0.377737880,-2.347730875,-2.607768774,2.331581831,-0.046618614
0,57,draw,-0.149018,0.024616,0.970000,0.000000223,-0.000000011,0.559732359,0.828673450,1.0000,1.660072803,-1.609587073,0.378870994,-2.346787453,-2.605858803,2.331975460,-0.059765335
0,58,draw,-0.149030,0.022119,0.970000,0.000000741,0.000000128,0.559732078,0.828673639,1.0000,1.671487927,-1.609527230,0.380102992,-2.345786572,-2.603817701,2.332329035,-0.072912052
0,59,draw,-0.149018,0.019616,0.970000,0.000000275,0.000000012,0.559732402,0.828673421,1.0000,1.682884812,-1.609457493,0.381351829,-2.344775915,-2.601754904,2.332674503,-0.086058773
0,60,draw,-0.149030,0.017119,0.970000,0.000000856,0.000000097,0.559732077,0.828673640,1.0000,1.694174170,-1.609330297,0.382698983,-2.343709707,-2.599565744,2.332972765,-0.099205494
0,61,draw,-0.149018,0.014616,0.970000,0.000000256,-0.000000000,0.559732336,0.828673465,1.0000,1.705445886,-1.609192371,0.384062856,-2.342634439,-2.597355843,2.333261490,-0.112352215
0,62,draw,-0.149030,0.012119,0.970000,0.000001029,0.000000029,0.559731993,0.828673697,1.0000,1.716613531,-1.608991981,0.385524392,-2.341505051,-2.595024347,2.333495855,-0.125498936
0,63,draw,-0.149018,0.009616,0.970000,0.000000280,0.000000032,0.559732323,0.828673474,1.0000,1.727764130,-1.608780026,0.387002528,-2.340367079,-2.592672825,2.333719730,-0.138645649
0,64,draw,-0.149030,0.007119,0.970000,0.000001133,-0.000000011,0.559731952,0.828673724,1.0000,1.738814354,-1.608500600,0.388577610,-2.339176655,-2.590205193,2.333882093,-0.151792377
0,65,draw,-0.149018,0.004616,0.970000,0.000000389,-0.000000048,0.559732316,0.828673479,1.0000,1.749848127,-1.608208895,0.390169144,-2.337977886,-2.587718487,2.334032774,-0.164939091
0,66,draw,-0.149030,0.002119,0.970000,0.000001175,-0.000000021,0.559731940,0.828673733,1.0000,1.760785341,-1.607844710,0.391856879,-2.336728811,-2.585120916,2.334115028,-0.178085804
1,0,travel,-0.148887,0.000202,0.969821,-0.000010424,0.000015212,0.557772349,0.829993980,1.0000,1.770332456,-1.607032299,0.393957436,-2.336394072,-2.582654953,2.332870007,-0.194113374
1,1,travel,-0.148031,0.001661,0.968580,-0.000081737,0.000115763,0.544261376,0.838915690,1.0000,1.771750212,-1.603598595,0.398472220,-2.341406584,-2.580958605,2.323863745,-0.226988375
1,2,travel,-0.147199,0.003019,0.967312,-0.000152908,0.000210490,0.530599869,0.847622387,1.0000,1.773167968,-1.600164771,0.402987003,-2.346419096,-2.579262018,2.314857483,-0.259863377
1,3,travel,-0.146394,0.004277,0.966018,-0.000223585,0.000299101,0.516791050,0.856111483,1.0000,1.774585724,-1.596730947,0.407501787,-2.351431608,-2.577565670,2.305851221,-0.292738378
1,4,travel,-0.145618,0.005435,0.964698,-0.000293420,0.000381666,0.502838470,0.864380264,1.0000,1.776003480,-1.593297243,0.412016571,-2.356444120,-2.575869083,2.296844959,-0.325613379
1,5,travel,-0.144874,0.006496,0.963352,-0.000362205,0.000457989,0.488745454,0.872426238,1.0000,1.777421236,-1.589863420,0.416531324,-2.361456633,-2.574172735,2.287838697,-0.358488381
1,6,travel,-0.144164,0.007459,0.961980,-0.000429589,0.000528139,0.474515652,0.880246802,1.0000,1.778838992,-1.586429596,0.421046108,-2.366469145,-2.572476149,2.278832436,-0.391363382
1,7,travel,-0.143491,0.008327,0.960583,-0.000495170,0.000591884,0.460152492,0.887839562,1.0000,1.780256748,-1.582995892,0.425560892,-2.371481657,-2.570779800,2.269826174,-0.424238384
1,8,travel,-0.142857,0.009100,0.959161,-0.000558739,0.000649311,0.445659655,0.895202066,1.0000,1.781674504,-1.579562068,0.430075675,-2.376494169,-2.569083452,2.260819912,-0.457113385
1,9,travel,-0.142264,0.009780,0.957715,-0.000619857,0.000700458,0.431040884,0.902331913,1.0000,1.783092260,-1.576128364,0.434590459,-2.381506681,-2.567386866,2.251813650,-0.489988357
1,10,travel,-0.141715,0.010368,0.956245,-0.000678270,0.000745163,0.416299711,0.909226889,1.0000,1.784510016,-1.572694540,0.439105242,-2.386519194,-2.565690517,2.242807388,-0.522863388
1,11,travel,-0.141212,0.010867,0.954750,-0.000733599,0.000783598,0.401440068,0.915884665,1.0000,1.785927773,-1.569260716,0.443620026,-2.391531706,-2.563993931,2.233801126,-0.555738389
1,12,travel,-0.140757,0.011276,0.953232,-0.000785398,0.000815588,0.386465553,0.922303146,1.0000,1.787345409,-1.565827012,0.448134810,-2.396544218,-2.562297583,2.224794865,-0.588613391
1,13,travel,-0.140352,0.011600,0.951691,-0.000833458,0.000841375,0.371380257,0.928480103,1.0000,1.788763165,-1.562393188,0.452649593,-2.401556730,-2.560600996,2.215788603,-0.621488392
1,14,travel,-0.140000,0.011838,0.950127,-0.000877259,0.000860802,0.356187883,0.934413550,1.0000,1.790180922,-1.558959484,0.457164377,-2.406569242,-2.558904648,2.206782341,-0.654363394
1,15,travel,-0.139702,0.011994,0.948540,-0.000916590,0.000874154,0.340892496,0.940101432,1.0000,1.791598678,-1.555525661,0.461679131,-2.411581755,-2.557208061,2.197776079,-0.687238395
1,16,travel,-0.139461,0.012068,0.946930,-0.000950873,0.000881273,0.325497992,0.945541843,1.0000,1.793016434,-1.552091837,0.466193914,-2.416594028,-2.555511713,2.188769817,-0.720113397
1,17,travel,-0.139277,0.012064,0.945299,-0.000979934,0.000882477,0.310008419,0.950732897,1.0000,1.794434190,-1.548658133,0.470708698,-2.421606541,-2.553815126,2.179763556,-0.752988398
1,18,travel,-0.139154,0.011983,0.943645,-0.001003240,0.000877725,0.294427754,0.955672811,1.0000,1.795851946,-1.545224309,0.475223482,-2.426619053,-2.552118778,2.170757055,-0.785863400
1,19,travel,-0.139092,0.011827,0.941970,-0.001020640,0.000867260,0.278760251,0.960359791,1.0000,1.797269702,-1.541790485,0.479738265,-2.431631565,-2.550422192,2.161750793,-0.818738341
1,20,travel,-0.139094,0.011599,0.940274,-0.001031521,0.000851071,0.263009860,0.964792219,1.0000,1.798687458,-1.538356781,0.484253049,-2.436644077,-2.548725843,2.152744532,-0.851613343
1,21,travel,-0.139161,0.011301,0.938556,-0.001035685,0.000829515,0.247180908,0.968968440,1.0000,1.800105214,-1.534922957,0.488767833,-2.441656590,-2.547029257,2.143738270,-0.884488344
1,22,travel,-0.139294,0.010936,0.936817,-0.001032568,0.000802580,0.231277478,0.972886950,1.0000,1.801522970,-1.531489253,0.493282616,-2.446669102,-2.545332909,2.134732008,-0.917363346
1,23,travel,-0.139495,0.010505,0.935058,-0.001021981,0.000770654,0.215303934,0.976546250,1.0000,1.802940726,-1.528055429,0.497797400,-2.451681614,-2.543636322,2.125725746,-0.950238347
1,24,travel,-0.139766,0.010012,0.933279,-0.001003414,0.000733763,0.199264432,0.979944968,1.0000,1.804358482,-1.524621606,0.502312183,-2.456694126,-2.541939974,2.116719484,-0.983113348
1,25,travel,-0.140106,0.009458,0.931479,-0.000976472,0.000692251,0.183163339,0.983081766,1.0000,1.805776238,-1.521187901,0.506826937,-2.461706638,-2.540243626,2.107713223,-1.015988350
1,26,travel,-0.140519,0.008848,0.929659,-0.000940942,0.000646414,0.167005026,0.985955383,1.0000,1.807193995,-1.517754078,0.511341751,-2.466719151,-2.538547039,2.098706961,-1.048863411
1,27,travel,-0.141004,0.008182,0.927819,-0.000896257,0.000596398,0.150793830,0.988564647,1.0000,1.808611751,-1.514320374,0.515856504,-2.471731663,-2.536850691,2.089700699,-1.081738353
1,28,travel,-0.141563,0.007465,0.925959,-0.000842258,0.000542608,0.134534149,0.990908451,1.0000,1.810029507,-1.510886550,0.520371318,-2.476744175,-2.535154104,2.080694437,-1.114613414
1,29,travel,-0.142197,0.006698,0.924081,-0.000778441,0.000485225,0.118230409,0.992985765,1.0000,1.811447263,-1.507452726,0.524886072,-2.481756687,-2.533457756,2.071688175,-1.147488356
1,30,travel,-0.142906,0.005884,0.922182,-0.000704487,0.000424734,0.101887057,0.994795633,1.0000,1.812865019,-1.504019022,0.529400826,-2.486769199,-2.531761169,2.062681913,-1.180363417
1,31,travel,-0.143691,0.005027,0.920265,-0.000620066,0.000361246,0.085508577,0.996337176,1.0000,1.814282775,-1.500585198,0.533915639,-2.491781712,-2.530064821,2.053675652,-1.213238358
1,32,travel,-0.144552,0.004129,0.918329,-0.000524892,0.000295367,0.069099455,0.997609594,1.0000,1.815700531,-1.497151375,0.538430393,-2.496794224,-2.528368235,2.044669390,-1.246113420
1,33,travel,-0.145491,0.003193,0.916374,-0.000418460,0.000227242,0.052664226,0.998612163,1.0000,1.817118287,-1.493717670,0.542945206,-2.501806736,-2.526671886,2.035663128,-1.278988361
1,34,travel,-0.146507,0.002222,0.914401,-0.000300686,0.000157483,0.036207414,0.999344239,1.0000,1.818536043,-1.490283847,0.547459960,-2.506819248,-2.524975300,2.026656866,-1.311863422
1,35,travel,-0.147602,0.001219,0.912408,-0.000171016,0.000086283,0.019733538,0.999805256,1.0000,1.819953680,-1.486850142,0.551974773,-2.511831760,-2.523278952,2.017650604,-1.344738364
1,36,travel,-0.148774,0.000186,0.910398,-0.000029393,0.000014281,0.003247274,0.999994727,1.0000,1.821371436,-1.483416319,0.556489527,-2.516844273,-2.521582365,2.008644342,-1.377613425
1,37,travel,-0.148559,0.001177,0.910039,0.000035019,-0.000024108,-0.010402203,0.999945895,1.0000,1.808499932,-1.483895898,0.556421101,-2.518346786,-2.522030830,2.007831812,-1.391054749
1,38,travel,-0.147992,0.002651,0.910086,0.000077283,-0.000053729,-0.023352548,0.999727288,1.0000,1.792124987,-1.485334873,0.555228949,-2.518988848,-2.523004770,2.009028435,-1.399731278
1,39,travel,-0.147424,0.004107,0.910132,0.000118373,-0.000083011,-0.036298531,0.999340981,1.0000,1.775750041,-1.486773849,0.554036736,-2.519630909,-2.523978949,2.010225058,-1.408407927
1,40,travel,-0.146855,0.005547,0.910177,0.000158251,-0.000111911,-0.049237863,0.998787062,1.0000,1.759374976,-1.488212824,0.552844584,-2.520272970,-2.524953127,2.011421680,-1.417084455
1,41,travel,-0.146286,0.006971,0.910221,0.000196911,-0.000140360,-0.062168318,0.998065650,1.0000,1.743000031,-1.489651799,0.551652372,-2.520915031,-2.525927305,2.012618303,-1.425760984
1,42,travel,-0.145717,0.008379,0.910263,0.000234530,-0.000168364,-0.075087777,0.997176886,1.0000,1.726624966,-1.491090894,0.550460219,-2.521556854,-2.526901484,2.013814926,-1.434437513
1,43,travel,-0.145149,0.009772,0.910305,0.000270898,-0.000195902,-0.087994139,0.996120936,1.0000,1.710250020,-1.492529869,0.549268067,-2.522198915,-2.527875662,2.015011311,-1.443114161
1,44,travel,-0.144582,0.011150,0.910345,0.000305915,-0.000222931,-0.100885129,0.994898009,1.0000,1.693874955,-1.493968844,0.548075855,-2.522840977,-2.528849602,2.016207933,-1.451790690
1,45,travel,-0.144016,0.012515,0.910384,0.000339818,-0.000249615,-0.113758621,0.993508328,1.0000,1.677500010,-1.495407820,0.546883702,-2.523483038,-2.529823780,2.017404556,-1.460467219
1,46,travel,-0.143451,0.013867,0.910422,0.000372608,-0.000275810,-0.126612528,0.991952142,1.0000,1.661124945,-1.496846914,0.545691550,-2.524125099,-2.530797958,2.018601179,-1.469143748
1,47,travel,-0.142887,0.015205,0.910458,0.000404171,-0.000301503,-0.139444637,0.990229741,1.0000,1.644749999,-1.498285890,0.544499338,-2.524767160,-2.531772137,2.019797802,-1.477820396
1,48,travel,-0.142326,0.016532,0.910494,0.000434586,-0.000326728,-0.152252792,0.988341435,1.0000,1.628374934,-1.499724865,0.543307185,-2.525409222,-2.532746315,2.020994425,-1.486496925
1,49,travel,-0.141766,0.017847,0.910528,0.000464051,-0.000351330,-0.165034733,0.986287584,1.0000,1.611999989,-1.501163840,0.542114973,-2.526051044,-2.533720493,2.022190809,-1.495173454
1,50,travel,-0.141209,0.019152,0.910562,0.000492188,-0.000375427,-0.177788443,0.984068537,1.0000,1.595625043,-1.502602935,0.540922821,-2.526693106,-2.534694433,2.023387432,-1.503849983
1,51,travel,-0.140653,0.020446,0.910594,0.000519193,-0.000399102,-0.190511947,0.981684659,1.0000,1.579249978,-1.504041910,0.539730668,-2.527335167,-2.535668612,2.024584055,-1.512526631
1,52,travel,-0.140100,0.021730,0.910625,0.000545073,-0.000422209,-0.203202831,0.979136423,1.0000,1.562875032,-1.505480886,0.538538456,-2.527977228,-2.536642790,2.025780678,-1.521203160
1,53,travel,-0.139550,0.023006,0.910654,0.000569848,-0.000444798,-0.215859141,0.976424246,1.0000,1.546499968,-1.506919861,0.537346303,-2.528619289,-2.537616968,2.026977301,-1.529879689
1,54,travel,-0.139001,0.024273,0.910683,0.000593579,-0.000466818,-0.228478645,0.973548632,1.0000,1.530125022,-1.508358955,0.536154151,-2.529261351,-2.538591146,2.028173923,-1.538556218
1,55,travel,-0.138456,0.025532,0.910711,0.000616257,-0.000488194,-0.241059408,0.970510043,1.0000,1.513749957,-1.509797931,0.534961939,-2.529903412,-2.539565325,2.029370308,-1.547232866
1,56,travel,-0.137912,0.026784,0.910737,0.000637800,-0.000508966,-0.253598979,0.967309099,1.0000,1.497375011,-1.511236906,0.533769786,-2.530545235,-2.540539265,2.030566931,-1.555909395
1,57,travel,-0.137371,0.028030,0.910762,0.000658215,-0.000529237,-0.266095658,0.963946257,1.0000,1.480999947,-1.512675881,0.532577574,-2.531187296,-2.541513443,2.031763554,-1.564585924
1,58,travel,-0.136833,0.029269,0.910787,0.000677569,-0.000548941,-0.278547128,0.960422166,1.0000,1.464625001,-1.514114857,0.531385422,-2.531829357,-2.542487621,2.032960176,-1.573262453
1,59,travel,-0.136297,0.030503,0.910810,0.000695925,-0.000568029,-0.290951481,0.956737387,1.0000,1.448249936,-1.515553951,0.530193269,-2.532471418,-2.543461800,2.034156799,-1.581939101
1,60,travel,-0.135763,0.031731,0.910832,0.000713169,-0.000586483,-0.303306417,0.952892630,1.0000,1.431874990,-1.516992927,0.529001057,-2.533113480,-2.544435978,2.035353422,-1.590615630
1,61,travel,-0.135232,0.032956,0.910852,0.000729485,-0.000604286,-0.315609983,0.948888529,1.0000,1.415500045,-1.518431902,0.527808905,-2.533755541,-2.545410156,2.036549807,-1.599292159
1,62,travel,-0.134702,0.034176,0.910872,0.000744762,-0.000621462,-0.327860128,0.944725778,1.0000,1.399124980,-1.519870877,0.526616693,-2.534397364,-2.546384335,2.037746429,-1.607968688
1,63,travel,-0.134174,0.035394,0.910891,0.000758933,-0.000637941,-0.340054808,0.940405096,1.0000,1.382750034,-1.521309972,0.525424540,-2.535039425,-2.547358274,2.038943052,-1.616645336
1,64,travel,-0.133648,0.036608,0.910908,0.000772084,-0.000653871,-0.352192035,0.935927212,1.0000,1.366374969,-1.522748947,0.524232388,-2.535681486,-2.548332453,2.040139675,-1.625321865
1,65,travel,-0.133124,0.037821,0.910925,0.000784229,-0.000669112,-0.364269678,0.931292939,1.0000,1.350000024,-1.524187922,0.523040175,-2.536323547,-2.549306631,2.041336298,-1.633998394
1,66,travel,-0.132601,0.039032,0.910940,0.000795493,-0.000683657,-0.376285831,0.926503035,1.0000,1.333624959,-1.525626898,0.521848023,-2.536965609,-2.550280809,2.042532682,-1.642674923
1,67,travel,-0.132079,0.040241,0.910954,0.000805729,-0.000697570,-0.388238435,0.921558344,1.0000,1.317250013,-1.527065992,0.520655870,-2.537607670,-2.551254988,2.043729305,-1.651351571
1,68,travel,-0.131557,0.041450,0.910968,0.000814928,-0.000710776,-0.400125500,0.916459718,1.0000,1.300874949,-1.528504968,0.519463658,-2.538249731,-2.552229166,2.044925928,-1.660028100
1,69,travel,-0.131037,0.042659,0.910980,0.000823224,-0.000723203,-0.411944883,0.911208106,1.0000,1.284500003,-1.529943943,0.518271506,-2.538891554,-2.553203106,2.046122551,-1.668704629
1,70,travel,-0.130516,0.043868,0.910991,0.000830508,-0.000735008,-0.423694933,0.905804269,1.0000,1.268124938,-1.531382918,0.517079294,-2.539533615,-2.554177284,2.047319174,-1.677381158
1,71,travel,-0.129996,0.045077,0.911001,0.000836853,-0.000746130,-0.435373533,0.900249204,1.0000,1.251749992,-1.532821894,0.515887141,-2.540175676,-2.555151463,2.048515797,-1.686057806
1,72,travel,-0.129475,0.046288,0.911010,0.000842431,-0.000756472,-0.446978685,0.894543891,1.0000,1.235375047,-1.534260988,0.514694989,-2.540817738,-2.556125641,2.049712181,-1.694734335
1,73,travel,-0.128953,0.047500,0.911018,0.000846915,-0.000766115,-0.458508566,0.888689254,1.0000,1.218999982,-1.535699964,0.513502777,-2.541459799,-2.557099819,2.050908804,-1.703410864
1,74,travel,-0.128431,0.048714,0.911025,0.000850490,-0.000775050,-0.469961149,0.882686351,1.0000,1.202625036,-1.537138939,0.512310624,-2.542101860,-2.558073997,2.052105427,-1.712087393
1,75,travel,-0.127907,0.049931,0.911030,0.000853116,-0.000783144,-0.481334638,0.876536152,1.0000,1.186249971,-1.538577914,0.511118472,-2.542743921,-2.559047937,2.053302050,-1.720764041
1,76,travel,-0.127381,0.051150,0.911035,0.000855052,-0.000790530,-0.492626979,0.870239796,1.0000,1.169875026,-1.540017009,0.509926260,-2.543385744,-2.560022116,2.054498672,-1.729440570
1,77,travel,-0.126853,0.052373,0.911039,0.000855946,-0.000797206,-0.503836504,0.863798246,1.0000,1.153499961,-1.541455984,0.508734107,-2.544027805,-2.560996294,2.055695295,-1.738117099
1,78,travel,-0.126322,0.053598,0.911042,0.000856072,-0.000803034,-0.514961196,0.857212686,1.0000,1.137125015,-1.542894959,0.507541895,-2.544669867,-2.561970472,2.056891680,-1.746793628
1,79,travel,-0.125788,0.054828,0.911043,0.000855230,-0.000808165,-0.525999359,0.850484150,1.0000,1.120749950,-1.544333935,0.506349742,-2.545311928,-2.562944651,2.058088303,-1.755470276
1,80,travel,-0.125250,0.056062,0.911044,0.000853593,-0.000812506,-0.536948956,0.843613910,1.0000,1.104375005,-1.545773029,0.505157590,-2.545953989,-2.563918829,2.059284925,-1.764146805
1,81,travel,-0.124709,0.057300,0.911044,0.000851010,-0.000815935,-0.547808276,0.836603073,1.0000,1.087999940,-1.547212005,0.503965378,-2.546596050,-2.564892769,2.060481548,-1.772823334
1,82,travel,-0.124163,0.058542,0.911042,0.000847744,-0.000818680,-0.558575462,0.829452871,1.0000,1.071624994,-1.548650980,0.502773225,-2.547237873,-2.565866947,2.061678171,-1.781499863
1,83,travel,-0.123612,0.059790,0.911040,0.000843551,-0.000820631,-0.569248874,0.822164420,1.0000,1.055250049,-1.550089955,0.501581073,-2.547879934,-2.566841125,2.062874794,-1.790176511
1,84,travel,-0.123055,0.061043,0.911037,0.000838654,-0.000821693,-0.579826646,0.814739027,1.0000,1.038874984,-1.551528931,0.500388861,-2.548521996,-2.567815304,2.064071178,-1.798853040
1,85,travel,-0.122493,0.062301,0.911032,0.000832908,-0.000822005,-0.590306975,0.807177989,1.0000,1.022500038,-1.552968025,0.499196708,-2.549164057,-2.568789482,2.065267801,-1.807529569
1,86,travel,-0.121924,0.063564,0.911027,0.000826310,-0.000821480,-0.600688221,0.799482522,1.0000,1.006124973,-1.554407001,0.498004526,-2.549806118,-2.569763660,2.066464424,-1.816206098
1,87,travel,-0.121348,0.064833,0.911021,0.000818893,-0.000820024,-0.610968595,0.791653986,1.0000,0.989749968,-1.555845976,0.496812344,-2.550448179,-2.570737600,2.067661047,-1.824882746
1,88,travel,-0.120764,0.066108,0.911013,0.000810746,-0.000817824,-0.621146413,0.783693695,1.0000,0.973374963,-1.557284951,0.495620161,-2.551090240,-2.571711779,2.068857670,-1.833559275
1,89,travel,-0.120173,0.067389,0.911005,0.000802005,-0.000814779,-0.631219927,0.775603054,1.0000,0.957000017,-1.558724046,0.494428009,-2.551732063,-2.572685957,2.070054293,-1.842235804
1,90,travel,-0.119572,0.068676,0.910996,0.000792461,-0.000810835,-0.641187603,0.767383328,1.0000,0.940625012,-1.560163021,0.493235826,-2.552374125,-2.573660135,2.071250677,-1.850912333
1,91,travel,-0.118963,0.069969,0.910986,0.000782068,-0.000806073,-0.651047771,0.759035927,1.0000,0.924250007,-1.561601996,0.492043644,-2.553016186,-2.574634314,2.072447300,-1.859588981
1,92,travel,-0.118343,0.071268,0.910975,0.000770948,-0.000800444,-0.660798711,0.750562342,1.0000,0.907875001,-1.563040972,0.490851462,-2.553658247,-2.575608492,2.073643923,-1.868265510
1,93,travel,-0.117714,0.072574,0.910962,0.000759172,-0.000793953,-0.670438856,0.741963971,1.0000,0.891499996,-1.564480066,0.489659309,-2.554300308,-2.576582670,2.074840546,-1.876942039
1,94,travel,-0.117073,0.073885,0.910949,0.000746594,-0.000786473,-0.679966571,0.733242311,1.0000,0.875124991,-1.565919042,0.488467127,-2.554942369,-2.577556610,2.076037169,-1.885618567
1,95,travel,-0.116421,0.075203,0.910935,0.000733358,-0.000778205,-0.689380412,0.724398719,1.0000,0.858749986,-1.567358017,0.487274945,-2.555584431,-2.578530788,2.077233791,-1.894295216
1,96,travel,-0.115757,0.076527,0.910920,0.000719654,-0.000769001,-0.698678656,0.715434851,1.0000,0.842374980,-1.568796992,0.486082762,-2.556226254,-2.579504967,2.078430176,-1.902971745
1,97,travel,-0.115081,0.077858,0.910904,0.000705121,-0.000758956,-0.707859893,0.706352107,1.0000,0.825999975,-1.570236087,0.484890610,-2.556868315,-2.580479145,2.079626799,-1.911648273
1,98,travel,-0.114391,0.079194,0.910888,0.000689864,-0.000747996,-0.716922569,0.697152060,1.0000,0.809624970,-1.571675062,0.483698428,-2.557510376,-2.581453323,2.080823421,-1.920324802
1,99,travel,-0.113687,0.080537,0.910870,0.000673957,-0.000736127,-0.725865231,0.687836224,1.0000,0.793249965,-1.573114038,0.482506245,-2.558152437,-2.582427502,2.082020044,-1.929001451
1,100,travel,-0.112969,0.081885,0.910851,0.000657375,-0.000723245,-0.734686264,0.678406322,1.0000,0.776875019,-1.574553013,0.481314063,-2.558794498,-2.583401442,2.083216667,-1.937677979
1,101,travel,-0.112236,0.083239,0.910831,0.000640198,-0.000709555,-0.743384379,0.668863777,1.0000,0.760500014,-1.575991988,0.480121911,-2.559436560,-2.584375620,2.084413290,-1.946354508
1,102,travel,-0.111487,0.084599,0.910811,0.000622681,-0.000694883,-0.751958046,0.659210306,1.0000,0.744125009,-1.577431083,0.478929728,-2.560078382,-2.585349798,2.085609674,-1.955031037
1,103,travel,-0.110723,0.085964,0.910790,0.000604278,-0.000679323,-0.760405968,0.649447409,1.0000,0.727750003,-1.578870058,0.477737546,-2.560720444,-2.586323977,2.086806297,-1.963707685
1,104,travel,-0.109941,0.087335,0.910767,0.000585279,-0.000662826,-0.768726641,0.639576867,1.0000,0.711374998,-1.580309033,0.476545364,-2.561362505,-2.587298155,2.088002920,-1.972384214
1,105,travel,-0.109142,0.088710,0.910744,0.000565694,-0.000645402,-0.776918739,0.629600299,1.0000,0.694999993,-1.581748009,0.475353211,-2.562004566,-2.588272333,2.089199543,-1.981060743
1,106,travel,-0.108326,0.090090,0.910720,0.000545564,-0.000626918,-0.784980917,0.619519386,1.0000,0.678624988,-1.583187103,0.474161029,-2.562646627,-2.589246273,2.090396166,-1.989737391
1,107,travel,-0.107491,0.091475,0.910695,0.000524842,-0.000607582,-0.792911850,0.609335830,1.0000,0.662249982,-1.584626079,0.472968847,-2.563288689,-2.590220451,2.091592789,-1.998413920
1,108,travel,-0.106637,0.092863,0.910669,0.000503683,-0.000587254,-0.800710275,0.599051297,1.0000,0.645874977,-1.586065054,0.471776664,-2.563930750,-2.591194630,2.092789173,-2.007090569
1,109,travel,-0.105764,0.094256,0.910642,0.000481975,-0.000566017,-0.808374811,0.588667659,1.0000,0.629499972,-1.587504029,0.470584512,-2.564572573,-2.592168808,2.093985796,-2.015767097
1,110,travel,-0.104871,0.095652,0.910615,0.000459690,-0.000543799,-0.815904302,0.578186530,1.0000,0.613124967,-1.588943124,0.469392329,-2.565214634,-2.593142986,2.095182419,-2.024443626
1,111,travel,-0.103957,0.097051,0.910586,0.000436828,-0.000520610,-0.823297467,0.567609742,1.0000,0.596750021,-1.590382099,0.468200147,-2.565856695,-2.594117165,2.096379042,-2.033120155
1,112,travel,-0.103022,0.098453,0.910557,0.000413431,-0.000496348,-0.830553098,0.556939076,1.0000,0.580375016,-1.591821074,0.467007965,-2.566498756,-2.595091105,2.097575665,-2.041796684
1,113,travel,-0.102066,0.099858,0.910526,0.000389566,-0.000471220,-0.837670060,0.546176251,1.0000,0.564000010,-1.593260050,0.465815812,-2.567140818,-2.596065283,2.098772287,-2.050473213
1,114,travel,-0.101087,0.101264,0.910495,0.000365331,-0.000445063,-0.844647156,0.535323128,1.0000,0.547625005,-1.594699025,0.464623630,-2.567782879,-2.597039461,2.099968672,-2.059149742
1,115,travel,-0.100086,0.102672,0.910463,0.000340568,-0.000417952,-0.851483248,0.524381529,1.0000,0.531250000,-1.596138120,0.463431448,-2.568424940,-2.598013639,2.101165295,-2.067826271
1,116,travel,-0.099062,0.104080,0.910431,0.000315391,-0.000389852,-0.858177255,0.513353238,1.0000,0.514874995,-1.597577095,0.462239265,-2.569066763,-2.598987818,2.102361917,-2.076503038
1,117,travel,-0.098014,0.105490,0.910397,0.000289655,-0.000360768,-0.864728020,0.502240220,1.0000,0.498499990,-1.599016070,0.461047113,-2.569708824,-2.599961996,2.103558540,-2.085179567
1,118,travel,-0.096942,0.106899,0.910362,0.000263455,-0.000330570,-0.871134479,0.491044337,1.0000,0.482124984,-1.600455046,0.459854931,-2.570350885,-2.600935936,2.104755163,-2.093856096
1,119,travel,-0.095846,0.108308,0.910327,0.000236913,-0.000299471,-0.877395653,0.479767364,1.0000,0.465749979,-1.601894140,0.458662748,-2.570992947,-2.601910114,2.105951786,-2.102532625
1,120,travel,-0.094725,0.109716,0.910291,0.000210010,-0.000267335,-0.883510485,0.468411258,1.0000,0.449375004,-1.603333116,0.457470566,-2.571635008,-2.602884293,2.107148170,-2.111209154
1,121,travel,-0.093578,0.111123,0.910254,0.000182586,-0.000234232,-0.889477999,0.456977899,1.0000,0.432999998,-1.604772091,0.456278414,-2.572277069,-2.603858471,2.108344793,-2.119885683
1,122,travel,-0.092406,0.112527,0.910216,0.000154769,-0.000200101,-0.895297220,0.445469218,1.0000,0.416624993,-1.606211066,0.455086231,-2.572919130,-2.604832649,2.109541416,-2.128562212
1,123,travel,-0.091208,0.113929,0.910178,0.000126736,-0.000164963,-0.900967182,0.433887191,1.0000,0.400249988,-1.607650161,0.453894049,-2.573560953,-2.605806828,2.110738039,-2.137238741
1,124,travel,-0.089983,0.115327,0.910138,0.000098143,-0.000128695,-0.906487038,0.422233612,1.0000,0.383874983,-1.609089136,0.452701867,-2.574203014,-2.606780767,2.111934662,-2.145915508
1,125,travel,-0.088732,0.116721,0.910098,0.000069212,-0.000091519,-0.911855819,0.410510599,1.0000,0.367500007,-1.610528111,0.451509714,-2.574845076,-2.607754946,2.113131285,-2.154592037
1,126,travel,-0.087453,0.118111,0.910057,0.000040051,-0.000053275,-0.917072695,0.398720038,1.0000,0.351125002,-1.611967087,0.450317532,-2.575487137,-2.608729124,2.114327669,-2.163268566
1,127,travel,-0.086147,0.119495,0.910015,0.000010497,-0.000014032,-0.922136818,0.386863914,1.0000,0.334749997,-1.613406181,0.449125350,-2.576129198,-2.609703302,2.115524292,-2.171945095
1,128,travel,-0.086231,0.120013,0.912744,0.003019729,0.001919204,-0.922010261,0.387148908,1.0000,0.322387636,-1.605817318,0.449896991,-2.565732479,-2.605089426,2.110287905,-2.165830612
1,129,travel,-0.086986,0.120069,0.916934,0.007700944,0.004852146,-0.919058565,0.394015871,1.0000,0.312198490,-1.593339086,0.451732188,-2.549357653,-2.597449303,2.101567507,-2.151705503
1,130,travel,-0.087625,0.120127,0.921077,0.012414520,0.007754567,-0.916022086,0.400860679,1.0000,0.302009374,-1.580860853,0.453567415,-2.532982588,-2.589809179,2.092847109,-2.137580156
1,131,travel,-0.088150,0.120186,0.925171,0.017160788,0.010627111,-0.912901358,0.407680860,1.0000,0.291820228,-1.568382621,0.455402613,-2.516607523,-2.582169056,2.084126949,-2.123455048
1,132,travel,-0.088559,0.120242,0.929217,0.021940533,0.013470359,-0.909696720,0.414474415,1.0000,0.281631112,-1.555904508,0.457237840,-2.500232697,-2.574528933,2.075406551,-2.109329700
1,133,travel,-0.088854,0.120293,0.933216,0.026754371,0.016284801,-0.906408693,0.421238994,1.0000,0.271441966,-1.543426275,0.459073067,-2.483857632,-2.566888809,2.066686153,-2.095204592
1,134,travel,-0.089033,0.120337,0.937166,0.031602949,0.019070891,-0.903037673,0.427972565,1.0000,0.261252820,-1.530948043,0.460908264,-2.467482567,-2.559248686,2.057965755,-2.081079245
1,135,travel,-0.089098,0.120370,0.941069,0.036486977,0.021828983,-0.899584258,0.434672703,1.0000,0.251063704,-1.518469810,0.462743491,-2.451107502,-2.551608562,2.049245358,-2.066954136
1,136,travel,-0.089048,0.120390,0.944924,0.041407124,0.024559421,-0.896048916,0.441337314,1.0000,0.240874559,-1.505991578,0.464578688,-2.434732676,-2.543968439,2.040524960,-2.052828789
1,137,travel,-0.088885,0.120395,0.948731,0.046364375,0.027262392,-0.892432239,0.447964068,1.0000,0.230685428,-1.493513346,0.466413915,-2.418357611,-2.536328316,2.031804562,-2.038703680
1,138,travel,-0.088607,0.120381,0.952490,0.051359460,0.029938100,-0.888734729,0.454550875,1.0000,0.220496297,-1.481035113,0.468249112,-2.401982546,-2.528688192,2.023084164,-2.024578333
1,139,travel,-0.088217,0.120347,0.956202,0.056393258,0.032586713,-0.884957063,0.461095331,1.0000,0.210307166,-1.468557000,0.470084339,-2.385607481,-2.521047831,2.014363766,-2.010453224
1,140,travel,-0.087714,0.120290,0.959865,0.061466457,0.035208105,-0.881099883,0.467595188,1.0000,0.200118035,-1.456078768,0.471919566,-2.369232655,-2.513407707,2.005643368,-1.996327996
1,141,travel,-0.087099,0.120207,0.963480,0.066580199,0.037802290,-0.877163774,0.474048287,1.0000,0.189928904,-1.443600535,0.473754764,-2.352857590,-2.505767584,1.996922970,-1.982202768
1,142,travel,-0.086374,0.120096,0.967046,0.071735280,0.040369137,-0.873149442,0.480452322,1.0000,0.179739758,-1.431122303,0.475589991,-2.336482525,-2.498127460,1.988202572,-1.968077540
1,143,draw,-0.085560,0.119592,0.970000,0.076089097,0.042497573,-0.869726104,0.485778663,1.0000,0.169212773,-1.422026277,0.476263881,-2.323053598,-2.491641521,1.982396126,-1.954106927
1,144,draw,-0.084851,0.117186,0.970000,0.076085061,0.042490899,-0.869732696,0.485768077,1.0000,0.156930119,-1.430505753,0.470903039,-2.324932575,-2.491153240,1.991731644,-1.940939307
1,145,draw,-0.084187,0.114784,0.970000,0.076089162,0.042497439,-0.869725970,0.485778906,1.0000,0.144662246,-1.438915849,0.465521693,-2.326802969,-2.490732431,2.001027822,-1.927771688
1,146,draw,-0.083478,0.112379,0.970000,0.076085427,0.042490787,-0.869732102,0.485769093,1.0000,0.132469520,-1.446973681,0.460036278,-2.328628778,-2.490653992,2.010123968,-1.914604068
1,147,draw,-0.082813,0.109977,0.970000,0.076089315,0.042497415,-0.869725824,0.485779144,1.0000,0.120293297,-1.454960346,0.454532981,-2.330446243,-2.490642548,2.019177198,-1.901436567
1,148,draw,-0.082105,0.107572,0.970000,0.076085708,0.042490715,-0.869731537,0.485770067,1.0000,0.108199075,-1.462594271,0.448940963,-2.332221270,-2.490964174,2.028017044,-1.888268948
1,149,draw,-0.081439,0.105169,0.970000,0.076089294,0.042497318,-0.869725677,0.485779420,1.0000,0.096123047,-1.470155716,0.443333775,-2.333988190,-2.491352081,2.036810637,-1.875101328
1,150,draw,-0.080732,0.102765,0.970000,0.076085837,0.042490607,-0.869731009,0.485771001,1.0000,0.084135324,-1.477365375,0.437652856,-2.335714817,-2.492062569,2.045378685,-1.861933827
1,151,draw,-0.080066,0.100362,0.970000,0.076089413,0.042497197,-0.869725555,0.485779630,1.0000,0.072167397,-1.484501600,0.431959450,-2.337433338,-2.492838383,2.053897142,-1.848766208
1,152,draw,-0.079359,0.097958,0.970000,0.076086104,0.042490478,-0.869730435,0.485771999,1.0000,0.060293399,-1.491288662,0.426206797,-2.339113712,-2.493925333,2.062180281,-1.835598588
1,153,draw,-0.078692,0.095554,0.970000,0.076089463,0.042497157,-0.869725396,0.485779910,1.0000,0.048440687,-1.498001337,0.420444340,-2.340786219,-2.495076418,2.070410728,-1.822430968
1,154,draw,-0.077986,0.093150,0.970000,0.076086284,0.042490482,-0.869729866,0.485772989,1.0000,0.036686763,-1.504368901,0.414636463,-2.342422247,-2.496526480,2.078397751,-1.809263468
1,155,draw,-0.077319,0.090747,0.970000,0.076089474,0.042497043,-0.869725291,0.485780106,1.0000,0.024955472,-1.510661721,0.408821464,-2.344050884,-2.498039722,2.086329222,-1.796095848
1,156,draw,-0.076613,0.088343,0.970000,0.076086624,0.042490328,-0.869729333,0.485773903,1.0000,0.013326979,-1.516614676,0.402974218,-2.345644712,-2.499838829,2.094010353,-1.782928228
1,157,draw,-0.075945,0.085939,0.970000,0.076089525,0.042497024,-0.869725112,0.485780420,1.0000,0.001722302,-1.522492528,0.397122473,-2.347231388,-2.501699209,2.101634026,-1.769760609
1,158,draw,-0.075240,0.083536,0.970000,0.076086712,0.042490272,-0.869728872,0.485774719,1.0000,-0.009776465,-1.528036952,0.391250879,-2.348785162,-2.503832579,2.109002113,-1.756593108
1,159,draw,-0.074572,0.081132,0.970000,0.076089539,0.042496847,-0.869725010,0.485780615,1.0000,-0.021250410,-1.533506274,0.385377347,-2.350331545,-2.506025314,2.116310596,-1.743425488
1,160,draw,-0.073867,0.078729,0.970000,0.076086856,0.042490312,-0.869728346,0.485775635,1.0000,-0.032616261,-1.538649201,0.379495561,-2.351846933,-2.508476734,2.123359680,-1.730257869
1,161,draw,-0.073198,0.076324,0.970000,0.076089685,0.042496818,-0.869724834,0.485780910,1.0000,-0.043956481,-1.543717623,0.373614311,-2.353355169,-2.510985851,2.130347252,-1.717090249
1,162,draw,-0.072494,0.073922,0.970000,0.076087068,0.042490210,-0.869727926,0.485776362,1.0000,-0.055187359,-1.548467517,0.367735535,-2.354833841,-2.513739824,2.137073517,-1.703922749
1,163,draw,-0.071825,0.071517,0.970000,0.076089714,0.042496719,-0.869724736,0.485781091,1.0000,-0.066391997,-1.553143263,0.361859709,-2.356305599,-2.516548872,2.143736601,-1.690755129
1,164,draw,-0.071121,0.069114,0.970000,0.076087289,0.042490285,-0.869727463,0.485777152,1.0000,-0.077486970,-1.557509065,0.355996221,-2.357749224,-2.519588232,2.150137186,-1.677587509
1,165,draw,-0.070451,0.066709,0.970000,0.076089697,0.042496750,-0.869724591,0.485781349,1.0000,-0.088555306,-1.561801434,0.350137979,-2.359186172,-2.522680521,2.156473637,-1.664419889
1,166,draw,-0.069748,0.064307,0.970000,0.076087392,0.042490292,-0.869727103,0.485777779,1.0000,-0.099514551,-1.565792918,0.344301105,-2.360596180,-2.525988817,2.162547588,-1.651252389
1,167,draw,-0.069078,0.061902,0.970000,0.076089668,0.042496694,-0.869724500,0.485781522,1.0000,-0.110446975,-1.569711804,0.338471621,-2.361999750,-2.529347181,2.168556452,-1.638084769
1,168,draw,-0.068375,0.059500,0.970000,0.076087423,0.042490420,-0.869726745,0.485778403,1.0000,-0.121271722,-1.573338985,0.332671702,-2.363377810,-2.532907009,2.174303770,-1.624917150
1,169,draw,-0.067704,0.057094,0.970000,0.076089717,0.042496665,-0.869724435,0.485781634,1.0000,-0.132069692,-1.576894641,0.326881230,-2.364749432,-2.536514282,2.179985046,-1.611749649
1,170,draw,-0.067002,0.054692,0.970000,0.076087605,0.042490551,-0.869726403,0.485778976,1.0000,-0.142762214,-1.580168009,0.321127713,-2.366096497,-2.540308237,2.185407162,-1.598582029
1,171,draw,-0.066330,0.052287,0.970000,0.076089812,0.042496670,-0.869724293,0.485781872,1.0000,-0.153428182,-1.583370805,0.315385520,-2.367437363,-2.544147015,2.190762520,-1.585414410
1,172,draw,-0.065629,0.049885,0.970000,0.076087748,0.042490638,-0.869726088,0.485779510,1.0000,-0.163991660,-1.586300969,0.309686959,-2.368754864,-2.548158169,2.195861578,-1.572246790
1,173,draw,-0.064957,0.047479,0.970000,0.076089748,0.042496789,-0.869724199,0.485782040,1.0000,-0.174529046,-1.589161634,0.304001451,-2.370066404,-2.552210808,2.200893641,-1.559079289
1,174,draw,-0.064256,0.045078,0.970000,0.076087870,0.042490895,-0.869725800,0.485779983,1.0000,-0.184967577,-1.591759086,0.298365504,-2.371355295,-2.556421757,2.205672503,-1.545911670
1,175,draw,-0.063583,0.042672,0.970000,0.076089763,0.042496816,-0.869724105,0.485782204,1.0000,-0.195380643,-1.594288349,0.292744279,-2.372638464,-2.560671329,2.210384369,-1.532744050
1,176,draw,-0.062883,0.040270,0.970000,0.076088117,0.042491051,-0.869725523,0.485780427,1.0000,-0.205699116,-1.596563697,0.287177831,-2.373899698,-2.565064907,2.214846849,-1.519576430
1,177,draw,-0.062210,0.037864,0.970000,0.076089829,0.042496884,-0.869724033,0.485782316,1.0000,-0.215992942,-1.598771930,0.281627655,-2.375155449,-2.569494009,2.219242573,-1.506408930
1,178,draw,-0.061510,0.035463,0.970000,0.076088191,0.042491358,-0.869725315,0.485780761,1.0000,-0.226196930,-1.600735664,0.276136875,-2.376390219,-2.574053288,2.223393440,-1.493241310
1,179,draw,-0.060836,0.033057,0.970000,0.076089884,0.042496807,-0.869723968,0.485782431,1.0000,-0.236377269,-1.602633357,0.270663798,-2.377619028,-2.578645229,2.227477551,-1.480073690
1,180,draw,-0.060136,0.030655,0.970000,0.076088285,0.042491600,-0.869725077,0.485781151,1.0000,-0.246473014,-1.604295373,0.265254170,-2.378827810,-2.583353281,2.231321812,-1.466906071
1,181,draw,-0.059463,0.028249,0.970000,0.076089934,0.042496948,-0.869723914,0.485782507,1.0000,-0.256546289,-1.605892658,0.259863585,-2.380031109,-2.588090897,2.235099077,-1.453738570
1,182,draw,-0.058763,0.025848,0.970000,0.076088362,0.042491985,-0.869724913,0.485781400,1.0000,-0.266540557,-1.607262731,0.254540026,-2.381214619,-2.592931509,2.238641977,-1.440570951
1,183,draw,-0.058089,0.023442,0.970000,0.076089953,0.042497074,-0.869723809,0.485782683,1.0000,-0.276513666,-1.608569384,0.249236763,-2.382392406,-2.597798347,2.242118359,-1.427403331
1,184,draw,-0.057390,0.021040,0.970000,0.076088436,0.042492263,-0.869724783,0.485781596,1.0000,-0.286413789,-1.609657049,0.244003609,-2.383551121,-2.602755547,2.245365620,-1.414235830
1,185,draw,-0.056717,0.018634,0.970000,0.076090666,0.042497597,-0.869723682,0.485782751,1.0000,-0.295989364,-1.610619068,0.238827929,-2.384737492,-2.607771158,2.248402834,-1.401322126
1,186,draw,-0.056020,0.016232,0.970000,0.076090135,0.042493684,-0.869724419,0.485781857,1.0000,-0.304465771,-1.611155272,0.233846903,-2.386018276,-2.612985849,2.250729561,-1.389268637
1,187,draw,-0.055348,0.013825,0.970000,0.076092612,0.042499382,-0.869723522,0.485782577,1.0000,-0.311871469,-1.611427307,0.229004711,-2.387406111,-2.618334532,2.252510071,-1.378101945
1,188,draw,-0.054657,0.011422,0.970000,0.076094895,0.042497808,-0.869724008,0.485781487,1.0000,-0.315715104,-1.610820532,0.224624380,-2.389151335,-2.624129057,2.252472639,-1.369885802
1,189,draw,-0.053979,0.009015,0.970000,0.076094332,0.042501210,-0.869723585,0.485782035,1.0000,-0.318458736,-1.609972119,0.220366150,-2.391001701,-2.630048990,2.251907349,-1.362597704
1,190,draw,-0.053295,0.006609,0.970000,0.076098790,0.042502095,-0.869724135,0.485780275,1.0000,-0.317607284,-1.608334064,0.216506973,-2.393196106,-2.636378765,2.249615431,-1.358342767
1,191,draw,-0.052610,0.004204,0.970000,0.076095636,0.042502975,-0.869723870,0.485781167,1.0000,-0.315653890,-1.606478930,0.212741405,-2.395488501,-2.642835855,2.246829987,-1.355028391
1,192,draw,-0.051932,0.001794,0.970000,0.076101659,0.042505977,-0.869724703,0.485778469,1.0000,-0.310161799,-1.603926897,0.209276468,-2.398096085,-2.649700880,2.242458344,-1.354734540
1,193,draw,-0.051232,0.000559,0.970000,0.076092615,0.042498155,-0.869723519,0.485782690,1.0000,-0.306172460,-1.601740003,0.207900971,-2.399746656,-2.653354883,2.238821030,-1.355393887
1,194,draw,-0.050547,0.002964,0.970000,0.076094787,0.042495234,-0.869723923,0.485781881,1.0000,-0.306925476,-1.600705624,0.213119432,-2.398376942,-2.646875143,2.237499714,-1.359061241
1,195,draw,-0.049853,0.005366,0.970000,0.076091238,0.042496873,-0.869723668,0.485782751,1.0000,-0.306551427,-1.599424601,0.218443528,-2.397108078,-2.640554905,2.235650539,-1.363664031
1,196,draw,-0.049163,0.007770,0.970000,0.076091706,0.042492424,-0.869724239,0.485782044,1.0000,-0.302681446,-1.597378731,0.224095285,-2.396152020,-2.634728670,2.232163906,-1.371168852
1,197,draw,-0.048478,0.010173,0.970000,0.076090776,0.042496431,-0.869723803,0.485782619,1.0000,-0.298457444,-1.595215917,0.229781106,-2.395218134,-2.628981590,2.228478193,-1.378948689
1,198,draw,-0.047785,0.012576,0.970000,0.076090526,0.042491623,-0.869724539,0.485781762,1.0000,-0.293153942,-1.592696905,0.235570773,-2.394351244,-2.623476267,2.224186182,-1.387567401
1,199,draw,-0.047104,0.014981,0.970000,0.076090682,0.042496310,-0.869723896,0.485782479,1.0000,-0.287824452,-1.590123296,0.241362572,-2.393471241,-2.618011713,2.219842434,-1.396186233
1,200,draw,-0.046412,0.017384,0.970000,0.076090401,0.042491596,-0.869724664,0.485781560,1.0000,-0.282417119,-1.587385654,0.247160733,-2.392552614,-2.612669945,2.215343475,-1.404804945
1,201,draw,-0.045730,0.019788,0.970000,0.076090540,0.042496292,-0.869723980,0.485782351,1.0000,-0.276983023,-1.584591269,0.252960235,-2.391620636,-2.607372046,2.210791588,-1.413423777
1,202,draw,-0.045038,0.022191,0.970000,0.076090320,0.042491493,-0.869724867,0.485781219,1.0000,-0.271470100,-1.581629276,0.258763671,-2.390649557,-2.602203131,2.206083298,-1.422042608
1,203,draw,-0.044357,0.024596,0.970000,0.076090605,0.042496167,-0.869724043,0.485782240,1.0000,-0.265929699,-1.578608274,0.264567554,-2.389664650,-2.597080708,2.201321125,-1.430661321
1,204,draw,-0.043664,0.026999,0.970000,0.076090241,0.042491471,-0.869724998,0.485780999,1.0000,-0.260309786,-1.575415969,0.270372778,-2.388640404,-2.592093468,2.196402073,-1.439280152
1,205,draw,-0.042983,0.029403,0.970000,0.076090459,0.042496171,-0.869724139,0.485782091,1.0000,-0.254661798,-1.572162390,0.276177436,-2.387602091,-2.587155819,2.191427946,-1.447898865
1,206,draw,-0.042290,0.031806,0.970000,0.076090144,0.042491427,-0.869725185,0.485780682,1.0000,-0.248933837,-1.568733811,0.281980515,-2.386523724,-2.582359552,2.186296225,-1.456517696
1,207,draw,-0.041609,0.034211,0.970000,0.076090426,0.042496067,-0.869724268,0.485781874,1.0000,-0.243177310,-1.565241694,0.287781954,-2.385430813,-2.577615738,2.181108713,-1.465136528
1,208,draw,-0.040916,0.036614,0.970000,0.076090040,0.042491340,-0.869725389,0.485780341,1.0000,-0.237340644,-1.561571002,0.293578714,-2.384297609,-2.573019505,2.175763369,-1.473755240
1,209,draw,-0.040235,0.039018,0.970000,0.076090460,0.042495956,-0.869724369,0.485781698,1.0000,-0.231474996,-1.557834506,0.299372554,-2.383149385,-2.568478584,2.170361280,-1.482374072
1,210,draw,-0.039542,0.041421,0.970000,0.076089991,0.042491352,-0.869725570,0.485780023,1.0000,-0.225529373,-1.553915977,0.305158406,-2.381960392,-2.564091206,2.164801836,-1.490992904
1,211,draw,-0.038861,0.043826,0.970000,0.076090388,0.042495951,-0.869724469,0.485781531,1.0000,-0.219554484,-1.549929261,0.310939968,-2.380756140,-2.559762478,2.159184694,-1.499611616
1,212,draw,-0.038168,0.046229,0.970000,0.076089769,0.042491425,-0.869725791,0.485779656,1.0000,-0.213500112,-1.545757294,0.316709936,-2.379510641,-2.555593252,2.153410912,-1.508230448
1,213,draw,-0.037488,0.048633,0.970000,0.076090383,0.042495857,-0.869724596,0.485781312,1.0000,-0.207416296,-1.541514874,0.322474122,-2.378249168,-2.551485777,2.147578478,-1.516849160
1,214,draw,-0.036795,0.051036,0.970000,0.076089800,0.042491341,-0.869725986,0.485779310,1.0000,-0.201253816,-1.537084103,0.328222901,-2.376945972,-2.547543526,2.141590595,-1.525467992
1,215,draw,-0.036114,0.053441,0.970000,0.076090291,0.042495865,-0.869724755,0.485781040,1.0000,-0.195061877,-1.532580614,0.333964258,-2.375626802,-2.543666124,2.135543823,-1.534086823
1,216,draw,-0.035421,0.055843,0.970000,0.076089680,0.042491427,-0.869726214,0.485778913,1.0000,-0.188792437,-1.527885914,0.339686155,-2.374265194,-2.539959669,2.129342794,-1.542705536
1,217,draw,-0.034740,0.058248,0.970000,0.076090150,0.042495826,-0.869724903,0.485780801,1.0000,-0.182493642,-1.523116231,0.345398873,-2.372886896,-2.536321402,2.123082876,-1.551324368
1,218,draw,-0.034047,0.060651,0.970000,0.076089509,0.042491510,-0.869726451,0.485778508,1.0000,-0.176118866,-1.518152833,0.351087838,-2.371465921,-2.532859325,2.116670370,-1.559943080
1,219,draw,-0.033366,0.063056,0.970000,0.076090072,0.042495754,-0.869725071,0.485780519,1.0000,-0.169715017,-1.513112545,0.356765747,-2.370027781,-2.529468775,2.110198975,-1.568561912
1,220,draw,-0.032673,0.065458,0.970000,0.076089406,0.042491446,-0.869726746,0.485778001,1.0000,-0.163237050,-1.507876039,0.362415463,-2.368546247,-2.526259661,2.103577375,-1.577180743
1,221,draw,-0.031992,0.067863,0.970000,0.076090099,0.042495773,-0.869725189,0.485780302,1.0000,-0.156730443,-1.502560854,0.368052036,-2.367047310,-2.523124695,2.096897125,-1.585799456
1,222,draw,-0.031299,0.070265,0.970000,0.076089298,0.042491554,-0.869726989,0.485777575,1.0000,-0.150151938,-1.497047544,0.373655766,-2.365504503,-2.520176649,2.090069771,-1.594418287
1,223,draw,-0.030619,0.072671,0.970000,0.076090141,0.042495732,-0.869725304,0.485780093,1.0000,-0.143614605,-1.491479993,0.379240930,-2.363935709,-2.517284870,2.083223820,-1.602986693
1,224,draw,-0.029926,0.075073,0.970000,0.076089315,0.042491632,-0.869727120,0.485777330,1.0000,-0.137178957,-1.485778093,0.384780347,-2.362303495,-2.514532566,2.076332331,-1.611430526
1,225,draw,-0.029247,0.077480,0.970000,0.076090609,0.042495746,-0.869725074,0.485780430,1.0000,-0.131210640,-1.480189681,0.390282840,-2.360596895,-2.511702299,2.069669962,-1.619517803
1,226,draw,-0.028556,0.079883,0.970000,0.076090391,0.042491637,-0.869726640,0.485778020,1.0000,-0.126379073,-1.474877357,0.395695597,-2.358709812,-2.508682489,2.063565493,-1.626737356
1,227,draw,-0.027876,0.082288,0.970000,0.076091303,0.042495765,-0.869724797,0.485780815,1.0000,-0.122103684,-1.469730496,0.401074469,-2.356738091,-2.505540133,2.057751179,-1.633544922
1,228,draw,-0.027187,0.084693,0.970000,0.076091571,0.042491938,-0.869726104,0.485778768,1.0000,-0.119160637,-1.464980245,0.406372100,-2.354563236,-2.502104521,2.052632809,-1.639365435
1,229,draw,-0.026505,0.087097,0.970000,0.076092012,0.042495986,-0.869724527,0.485781169,1.0000,-0.116792902,-1.460422516,0.411640704,-2.352300406,-2.498523235,2.047827482,-1.644769430
1,230,draw,-0.025818,0.089502,0.970000,0.076092999,0.042492345,-0.869725600,0.485779413,1.0000,-0.115782529,-1.456319094,0.416840851,-2.349830866,-2.494598150,2.043760777,-1.649190784
1,231,draw,-0.025134,0.091905,0.970000,0.076092793,0.042496290,-0.869724334,0.485781366,1.0000,-0.115366518,-1.452435970,0.422014266,-2.347270489,-2.490505219,2.040031910,-1.653191090
1,232,draw,-0.024448,0.094310,0.970000,0.076094199,0.042493102,-0.869725227,0.485779826,1.0000,-0.116331786,-1.449064970,0.427125454,-2.344499111,-2.486021519,2.037087440,-1.656213284
1,233,draw,-0.023763,0.096712,0.970000,0.076093619,0.042496956,-0.869724212,0.485781397,1.0000,-0.117910616,-1.445942998,0.432208598,-2.341633320,-2.481348753,2.034507036,-1.658810139
1,234,draw,-0.023079,0.099117,0.970000,0.076095620,0.042494297,-0.869725002,0.485779901,1.0000,-0.120894060,-1.443391204,0.437227607,-2.338551998,-2.476242781,2.032760143,-1.660433173
1,235,draw,-0.022392,0.101519,0.970000,0.076094545,0.042497925,-0.869724172,0.485781238,1.0000,-0.124510661,-1.441118360,0.442212820,-2.335372448,-2.470927715,2.031406879,-1.661626339
1,236,draw,-0.021711,0.103923,0.970000,0.076097150,0.042495967,-0.869724921,0.485779661,1.0000,-0.129555240,-1.439474344,0.447121918,-2.331971884,-2.465141058,2.030941010,-1.661850214
1,237,draw,-0.021021,0.106325,0.970000,0.076095490,0.042499280,-0.869724250,0.485780831,1.0000,-0.135253266,-1.438140392,0.451986045,-2.328469038,-2.459126472,2.030901670,-1.661639810
1,238,draw,-0.020342,0.108728,0.970000,0.076098828,0.042498369,-0.869725006,0.485779035,1.0000,-0.142403305,-1.437495112,0.456750244,-2.324739218,-2.452605724,2.031809330,-1.660464525
1,239,draw,-0.019651,0.111130,0.970000,0.076096758,0.042501121,-0.869724454,0.485780107,1.0000,-0.150228173,-1.437191844,0.461451650,-2.320902348,-2.445840120,2.033179998,-1.658850551
1,240,draw,-0.018973,0.113532,0.970000,0.076100868,0.042501419,-0.869725364,0.485777808,1.0000,-0.159530565,-1.437637925,0.466015577,-2.316831827,-2.438538074,2.035564661,-1.656276107
1,241,draw,-0.018280,0.115934,0.970000,0.076098179,0.042503527,-0.869724846,0.485778972,1.0000,-0.169530645,-1.438459516,0.470490962,-2.312649250,-2.430975199,2.038454056,-1.653258562
1,242,draw,-0.017605,0.118333,0.970000,0.076103190,0.042505568,-0.869725980,0.485775978,1.0000,-0.181036010,-1.440091252,0.474775285,-2.308225632,-2.422849894,2.042431831,-1.649284959
1,243,draw,-0.016890,0.119211,0.970000,0.076093678,0.042498426,-0.869724000,0.485781638,1.0000,-0.189118966,-1.441493750,0.476335555,-2.306231499,-2.418775082,2.045319080,-1.644863844
1,244,draw,-0.016203,0.116808,0.970000,0.076095397,0.042497107,-0.869724551,0.485780498,1.0000,-0.189924866,-1.442408562,0.472103536,-2.309403896,-2.423312187,2.045887232,-1.639491081
1,245,draw,-0.015514,0.114405,0.970000,0.076092609,0.042497532,-0.869724149,0.485781617,1.0000,-0.191312119,-1.443561316,0.467831701,-2.312487602,-2.427661180,2.046802521,-1.633722901
1,246,draw,-0.014825,0.112002,0.970000,0.076093582,0.042495625,-0.869724796,0.485780472,1.0000,-0.193917692,-1.445212603,0.463476360,-2.315385580,-2.431615591,2.048445940,-1.627125859
1,247,draw,-0.014140,0.109597,0.970000,0.076092515,0.042497521,-0.869724137,0.485781654,1.0000,-0.196607158,-1.446858525,0.459120005,-2.318253994,-2.435566187,2.050105810,-1.620471835
1,248,draw,-0.013451,0.107194,0.970000,0.076093422,0.042495571,-0.869724793,0.485780507,1.0000,-0.199469954,-1.448493481,0.454761595,-2.321062326,-2.439509153,2.051800013,-1.613699913
1,249,draw,-0.012766,0.104789,0.970000,0.076092566,0.042497555,-0.869724119,0.485781675,1.0000,-0.202333689,-1.450083852,0.450408101,-2.323850870,-2.443477154,2.053456545,-1.606927991
1,250,draw,-0.012077,0.102386,0.970000,0.076093469,0.042495833,-0.869724686,0.485780669,1.0000,-0.205199331,-1.451583266,0.446064651,-2.326599836,-2.447496414,2.055036306,-1.600156069
1,251,draw,-0.011393,0.099982,0.970000,0.076092557,0.042497683,-0.869724124,0.485781657,1.0000,-0.208066180,-1.453038096,0.441726118,-2.329329014,-2.451539993,2.056578159,-1.593384266
1,252,draw,-0.010704,0.097579,0.970000,0.076093523,0.042496063,-0.869724645,0.485780715,1.0000,-0.210935414,-1.454403400,0.437397540,-2.332018614,-2.455631495,2.058044195,-1.586612344
1,253,draw,-0.010019,0.095174,0.970000,0.076092587,0.042497793,-0.869724070,0.485781738,1.0000,-0.213806123,-1.455724239,0.433073908,-2.334688187,-2.459746122,2.059472561,-1.579840422
1,254,draw,-0.009330,0.092771,0.970000,0.076093493,0.042496212,-0.869724583,0.485780816,1.0000,-0.216679737,-1.456956863,0.428760141,-2.337318420,-2.463905811,2.060826063,-1.573068500
1,255,draw,-0.008645,0.090366,0.970000,0.076092664,0.042497925,-0.869723998,0.485781844,1.0000,-0.219555154,-1.458145022,0.424451381,-2.339928389,-2.468086958,2.062141657,-1.566296577
1,256,draw,-0.007957,0.087963,0.970000,0.076093565,0.042496375,-0.869724505,0.485780932,1.0000,-0.222434029,-1.459246397,0.420152426,-2.342499256,-2.472310543,2.063383579,-1.559524655
1,257,draw,-0.007272,0.085559,0.970000,0.076092653,0.042497976,-0.869724033,0.485781778,1.0000,-0.225315019,-1.460303307,0.415858537,-2.345049858,-2.476554394,2.064587593,-1.552752852
1,258,draw,-0.006583,0.083155,0.970000,0.076093561,0.042496593,-0.869724470,0.485780975,1.0000,-0.228200078,-1.461274624,0.411574423,-2.347561121,-2.480837345,2.065719128,-1.545980930
1,259,draw,-0.005898,0.080751,0.970000,0.076092672,0.042498137,-0.869723962,0.485781888,1.0000,-0.231087595,-1.462201476,0.407295465,-2.350051880,-2.485139370,2.066812754,-1.539209008
1,260,draw,-0.005210,0.078348,0.970000,0.076093627,0.042496773,-0.869724420,0.485781038,1.0000,-0.233979806,-1.463044047,0.403026313,-2.352503777,-2.489477873,2.067834616,-1.532437086
1,261,draw,-0.004524,0.075943,0.970000,0.076092717,0.042498230,-0.869723936,0.485781920,1.0000,-0.236874849,-1.463842154,0.398762375,-2.354934692,-2.493834019,2.068819046,-1.525665164
1,262,draw,-0.003836,0.073540,0.970000,0.076093636,0.042496935,-0.869724352,0.485781144,1.0000,-0.239775226,-1.464557171,0.394508272,-2.357326746,-2.498223782,2.069732904,-1.518893242
1,263,draw,-0.003151,0.071136,0.970000,0.076092693,0.042498291,-0.869723953,0.485781888,1.0000,-0.242678836,-1.465227604,0.390259564,-2.359697819,-2.502629995,2.070609093,-1.512121439
1,264,draw,-0.002462,0.068732,0.970000,0.076093636,0.042497150,-0.869724317,0.485781188,1.0000,-0.245588437,-1.465816140,0.386020720,-2.362030029,-2.507066727,2.071415901,-1.505349517
1,265,draw,-0.001777,0.066328,0.970000,0.076092817,0.042498396,-0.869723895,0.485781963,1.0000,-0.248501673,-1.466360211,0.381787390,-2.364341021,-2.511518717,2.072185040,-1.498577595
1,266,draw,-0.001089,0.063925,0.970000,0.076093630,0.042497350,-0.869724262,0.485781271,1.0000,-0.251421571,-1.466823459,0.377564043,-2.366613388,-2.515998602,2.072886229,-1.491805673
1,267,draw,-0.000404,0.061520,0.970000,0.076092806,0.042498520,-0.869723846,0.485782042,1.0000,-0.254345536,-1.467242122,0.373346388,-2.368864059,-2.520492315,2.073549747,-1.485033751
1,268,draw,0.000285,0.059117,0.970000,0.076093765,0.042497459,-0.869724175,0.485781395,1.0000,-0.257276833,-1.467580914,0.369138837,-2.371076107,-2.525011301,2.074146032,-1.478261828
1,269,draw,0.000970,0.056713,0.970000,0.076092855,0.042498552,-0.869723846,0.485782032,1.0000,-0.260212630,-1.467875123,0.364937127,-2.373266459,-2.529542923,2.074705124,-1.471490026
1,270,draw,0.001658,0.054309,0.970000,0.076093759,0.042497602,-0.869724176,0.485781383,1.0000,-0.263156444,-1.468090534,0.360745758,-2.375418425,-2.534096956,2.075197935,-1.464718103
1,271,draw,0.002344,0.051905,0.970000,0.076092858,0.042498692,-0.869723828,0.485782051,1.0000,-0.266105235,-1.468261242,0.356560379,-2.377548218,-2.538662195,2.075653791,-1.457946181
1,272,draw,0.003032,0.049502,0.970000,0.076093809,0.042497808,-0.869724093,0.485781505,1.0000,-0.269062728,-1.468354106,0.352385551,-2.379639387,-2.543247223,2.076044559,-1.451174259
1,273,draw,0.003717,0.047097,0.970000,0.076092938,0.042498784,-0.869723769,0.485782137,1.0000,-0.272025645,-1.468402267,0.348216981,-2.381708384,-2.547842264,2.076398373,-1.444402337
1,274,draw,0.004406,0.044694,0.970000,0.076093739,0.042497959,-0.869724063,0.485781556,1.0000,-0.274997920,-1.468373418,0.344059169,-2.383738995,-2.552454710,2.076688290,-1.437630415
1,275,draw,0.005091,0.042290,0.970000,0.076092977,0.042498865,-0.869723740,0.485782175,1.0000,-0.277976125,-1.468299866,0.339907855,-2.385746956,-2.557075500,2.076941252,-1.430858493
1,276,draw,0.005779,0.039886,0.970000,0.076093783,0.042498056,-0.869724046,0.485781571,1.0000,-0.280964375,-1.468150139,0.335767597,-2.387716532,-2.561711311,2.077131510,-1.424086690
1,277,draw,0.006464,0.037482,0.970000,0.076093060,0.042498984,-0.869723715,0.485782196,1.0000,-0.283914864,-1.467941761,0.331633806,-2.389667749,-2.566366196,2.077262402,-1.417347789
1,278,draw,0.007153,0.035078,0.970000,0.076093829,0.042498389,-0.869723974,0.485781665,1.0000,-0.286802083,-1.467635274,0.327510923,-2.391588688,-2.571053743,2.077293634,-1.410664439
1,279,draw,0.007837,0.032674,0.970000,0.076093555,0.042499462,-0.869723716,0.485782075,1.0000,-0.289386213,-1.467191219,0.323390692,-2.393518448,-2.575831413,2.077132225,-1.404214501
1,280,draw,0.008525,0.030270,0.970000,0.076094681,0.042498994,-0.869723890,0.485781628,1.0000,-0.291469216,-1.466519952,0.319274902,-2.395463228,-2.580757856,2.076652527,-1.398150444
1,281,draw,0.009209,0.027866,0.970000,0.076094273,0.042499949,-0.869723685,0.485781975,1.0000,-0.293206185,-1.465706587,0.315155178,-2.397420168,-2.585783005,2.075967312,-1.392355561
1,282,draw,0.009896,0.025462,0.970000,0.076095393,0.042499772,-0.869723908,0.485781416,1.0000,-0.294378728,-1.464661241,0.311029077,-2.399396658,-2.590969086,2.074947119,-1.386999488
1,283,draw,0.010581,0.023057,0.970000,0.076094853,0.042500339,-0.869723706,0.485781812,1.0000,-0.295206517,-1.463483214,0.306891680,-2.401382923,-2.596251249,2.073731661,-1.381914735
1,284,draw,0.011268,0.020653,0.970000,0.076096299,0.042500255,-0.869723917,0.485781217,1.0000,-0.295479536,-1.462091327,0.302736044,-2.403385639,-2.601687908,2.072202444,-1.377266526
1,285,draw,0.011954,0.018249,0.970000,0.076095430,0.042500833,-0.869723726,0.485781644,1.0000,-0.295408666,-1.460575700,0.298560947,-2.405396223,-2.607218981,2.070489168,-1.372891903
1,286,draw,0.012640,0.015844,0.970000,0.076097021,0.042500969,-0.869723928,0.485781021,1.0000,-0.294791728,-1.458863854,0.294354916,-2.407419443,-2.612900257,2.068483591,-1.368951678
1,287,draw,0.013326,0.013440,0.970000,0.076096053,0.042501217,-0.869723768,0.485781438,1.0000,-0.293831259,-1.457037449,0.290120542,-2.409448385,-2.618675947,2.066304684,-1.365287185
1,288,draw,0.014011,0.011036,0.970000,0.076097704,0.042501555,-0.869723996,0.485780741,1.0000,-0.292332530,-1.455031514,0.285841823,-2.411486387,-2.624599218,2.063854933,-1.362054825
1,289,draw,0.014698,0.008632,0.970000,0.076096492,0.042501738,-0.869723827,0.485781218,1.0000,-0.290490121,-1.452920198,0.281525373,-2.413527489,-2.630617380,2.061243534,-1.359100580
1,290,draw,0.015383,0.006227,0.970000,0.076098442,0.042502112,-0.869724039,0.485780499,1.0000,-0.288116395,-1.450646043,0.277150571,-2.415573835,-2.636782408,2.058382034,-1.356576085
1,291,draw,0.016070,0.003823,0.970000,0.076097059,0.042502132,-0.869723852,0.485781050,1.0000,-0.285398424,-1.448275685,0.272728175,-2.417620659,-2.643043995,2.055371046,-1.354331970
1,292,draw,0.016754,0.001418,0.970000,0.076099027,0.042502551,-0.869724132,0.485780202,1.0000,-0.282155335,-1.445758939,0.268233180,-2.419668913,-2.649453163,2.052131176,-1.352515459
1,293,draw,0.017437,0.000939,0.970000,0.076096219,0.042498315,-0.869724280,0.485780748,1.0000,-0.282842666,-1.444244266,0.267841458,-2.419947624,-2.650360107,2.050679684,-1.350981474
1,294,draw,0.018120,0.003343,0.970000,0.076097852,0.042497544,-0.869724611,0.485779968,1.0000,-0.289447576,-1.444238544,0.273627579,-2.417562246,-2.642983675,2.051920414,-1.349872828
1,295,draw,0.018812,0.005747,0.970000,0.076096059,0.042497949,-0.869724244,0.485780870,1.0000,-0.295711368,-1.444170475,0.279367179,-2.415170193,-2.635709286,2.053043127,-1.349048972
1,296,draw,0.019496,0.008151,0.970000,0.076097484,0.042497264,-0.869724569,0.485780124,1.0000,-0.301468223,-1.444009542,0.285037607,-2.412768602,-2.628586531,2.053991079,-1.348648310
1,297,draw,0.020187,0.010555,0.970000,0.076095675,0.042497788,-0.869724198,0.485781026,1.0000,-0.306876004,-1.443772078,0.290665865,-2.410363197,-2.621570110,2.054804087,-1.348534584
1,298,draw,0.020871,0.012959,0.970000,0.076097048,0.042496994,-0.869724504,0.485780334,1.0000,-0.311771870,-1.443422198,0.296232283,-2.407952785,-2.614709854,2.055418968,-1.348841786
1,299,draw,0.021563,0.015363,0.970000,0.076095253,0.042497534,-0.869724218,0.485781078,1.0000,-0.316310257,-1.442981124,0.301761091,-2.405541658,-2.607961178,2.055881739,-1.349438310
1,300,draw,0.022247,0.017767,0.970000,0.076096424,0.042496648,-0.869724502,0.485780465,1.0000,-0.320331216,-1.442407966,0.307235420,-2.403129578,-2.601374149,2.056123972,-1.350453377
1,301,draw,0.022938,0.020170,0.970000,0.076094782,0.042497244,-0.869724212,0.485781189,1.0000,-0.323985815,-1.441728473,0.312676638,-2.400719643,-2.594904661,2.056196451,-1.351760030
1,302,draw,0.023623,0.022574,0.970000,0.076095810,0.042496264,-0.869724508,0.485780584,1.0000,-0.327117056,-1.440897107,0.318070590,-2.398312807,-2.588603735,2.056026220,-1.353483081
1,303,draw,0.024313,0.024978,0.970000,0.076094353,0.042496869,-0.869724246,0.485781229,1.0000,-0.329922140,-1.439959526,0.323437482,-2.395905733,-2.582413197,2.055694103,-1.355463147
1,304,draw,0.024998,0.027382,0.970000,0.076095346,0.042495937,-0.869724483,0.485780730,1.0000,-0.332267404,-1.438871980,0.328766197,-2.393498182,-2.576378584,2.055133343,-1.357805610
1,305,draw,0.025687,0.029786,0.970000,0.076094272,0.042496897,-0.869724277,0.485781183,1.0000,-0.334579915,-1.437762976,0.334080338,-2.391061068,-2.570372581,2.054553747,-1.360185027
1,306,draw,0.026372,0.032190,0.970000,0.076095140,0.042495900,-0.869724523,0.485780693,1.0000,-0.336846888,-1.436624050,0.339374214,-2.388581991,-2.564406157,2.053947210,-1.362615943
1,307,draw,0.027060,0.034593,0.970000,0.076094437,0.042496692,-0.869724294,0.485781145,1.0000,-0.339131504,-1.435479283,0.344654977,-2.386067867,-2.558454037,2.053346634,-1.365046859
1,308,draw,0.027746,0.036997,0.970000,0.076095233,0.042495882,-0.869724536,0.485780658,1.0000,-0.341440350,-1.434326410,0.349917710,-2.383505583,-2.552521467,2.052754641,-1.367477775
1,309,draw,0.028434,0.039401,0.970000,0.076094439,0.042496676,-0.869724364,0.485781020,1.0000,-0.343767494,-1.433168292,0.355166912,-2.380908012,-2.546603680,2.052169085,-1.369908810
1,310,draw,0.029119,0.041805,0.970000,0.076095309,0.042495763,-0.869724595,0.485780550,1.0000,-0.346119434,-1.432002902,0.360397786,-2.378262520,-2.540705442,2.051592112,-1.372339725
1,311,draw,0.029807,0.044209,0.970000,0.076094597,0.042496631,-0.869724352,0.485781021,1.0000,-0.348490357,-1.430832744,0.365614742,-2.375581741,-2.534821749,2.051022053,-1.374770641
1,312,draw,0.030493,0.046613,0.970000,0.076095252,0.042495892,-0.869724598,0.485780542,1.0000,-0.350886643,-1.429656267,0.370813012,-2.372853756,-2.528957844,2.050461292,-1.377201557
1,313,draw,0.031181,0.049016,0.970000,0.076094630,0.042496621,-0.869724365,0.485780994,1.0000,-0.353302628,-1.428475618,0.375996977,-2.370090008,-2.523108721,2.049907446,-1.379632473
1,314,draw,0.031867,0.051420,0.970000,0.076095328,0.042495745,-0.869724654,0.485780443,1.0000,-0.355744541,-1.427289486,0.381162018,-2.367279530,-2.517279387,2.049363136,-1.382063508
1,315,draw,0.032554,0.053824,0.970000,0.076094669,0.042496562,-0.869724423,0.485780888,1.0000,-0.358206779,-1.426099896,0.386312306,-2.364433527,-2.511464596,2.048826456,-1.384494424
1,316,draw,0.033240,0.056228,0.970000,0.076095384,0.042495827,-0.869724641,0.485780451,1.0000,-0.360695511,-1.424905539,0.391443402,-2.361541033,-2.505669355,2.048299551,-1.386925340
1,317,draw,0.033928,0.058632,0.970000,0.076094729,0.042496500,-0.869724434,0.485780865,1.0000,-0.363205284,-1.423708439,0.396559387,-2.358612776,-2.499889135,2.047780752,-1.389356256
1,318,draw,0.034614,0.061036,0.970000,0.076095390,0.042495707,-0.869724659,0.485780427,1.0000,-0.365742117,-1.422507524,0.401655912,-2.355638504,-2.494128227,2.047272205,-1.391787171
1,319,draw,0.035301,0.063439,0.970000,0.076094789,0.042496437,-0.869724476,0.485780786,1.0000,-0.368300647,-1.421304345,0.406736910,-2.352628469,-2.488382101,2.046772003,-1.394218206
1,320,draw,0.035987,0.065843,0.970000,0.076095473,0.042495721,-0.869724671,0.485780391,1.0000,-0.370886743,-1.420098424,0.411798209,-2.349572897,-2.482655048,2.046282530,-1.396649122
1,321,draw,0.036675,0.068247,0.970000,0.076094827,0.042496434,-0.869724505,0.485780728,1.0000,-0.373495251,-1.418890834,0.416843593,-2.346481562,-2.476943016,2.045801878,-1.399080038
1,322,draw,0.037361,0.070651,0.970000,0.076095470,0.042495825,-0.869724688,0.485780353,1.0000,-0.376131892,-1.417681336,0.421869040,-2.343344927,-2.471249580,2.045332432,-1.401510954
1,323,draw,0.038049,0.073054,0.970000,0.076094944,0.042496427,-0.869724501,0.485780717,1.0000,-0.378791600,-1.416471124,0.426878184,-2.340172291,-2.465571165,2.044872284,-1.403941870
1,324,draw,0.038734,0.075458,0.970000,0.076095526,0.042495703,-0.869724734,0.485780272,1.0000,-0.381479979,-1.415259838,0.431867182,-2.336954832,-2.459911346,2.044423819,-1.406372905
1,325,draw,0.039422,0.077862,0.970000,0.076094897,0.042496399,-0.869724552,0.485780635,1.0000,-0.384192139,-1.414048433,0.436839491,-2.333701372,-2.454266071,2.043985367,-1.408803821
1,326,draw,0.040108,0.080266,0.970000,0.076095496,0.042495803,-0.869724727,0.485780282,1.0000,-0.386933476,-1.412837029,0.441791385,-2.330403566,-2.448638916,2.043558836,-1.411234736
1,327,draw,0.040796,0.082670,0.970000,0.076095087,0.042496263,-0.869724551,0.485780620,1.0000,-0.389699340,-1.411626220,0.446726203,-2.327069283,-2.443026543,2.043142557,-1.413665652
1,328,draw,0.041482,0.085074,0.970000,0.076095548,0.042495702,-0.869724729,0.485780279,1.0000,-0.392494828,-1.410416365,0.451640427,-2.323691368,-2.437431812,2.042739153,-1.416096568
1,329,draw,0.042169,0.087477,0.970000,0.076095138,0.042496255,-0.869724588,0.485780547,1.0000,-0.395315617,-1.409207940,0.456537157,-2.320276976,-2.431851387,2.042346478,-1.418527603
1,330,draw,0.042855,0.089881,0.970000,0.076095572,0.042495714,-0.869724770,0.485780199,1.0000,-0.398166567,-1.408001423,0.461413056,-2.316819191,-2.426288366,2.041967154,-1.420958519
1,331,draw,0.043543,0.092285,0.970000,0.076095182,0.042496208,-0.869724605,0.485780513,1.0000,-0.401043534,-1.406797171,0.466271043,-2.313324690,-2.420739412,2.041599274,-1.423389435
1,332,draw,0.044229,0.094689,0.970000,0.076095559,0.042495817,-0.869724748,0.485780232,1.0000,-0.403951138,-1.405595660,0.471108019,-2.309787273,-2.415207148,2.041245222,-1.425820351
1,333,draw,0.044916,0.097093,0.970000,0.076095260,0.042496190,-0.869724594,0.485780522,1.0000,-0.406885535,-1.404397368,0.475926638,-2.306212902,-2.409688950,2.040903091,-1.428251266
1,334,draw,0.045602,0.099497,0.970000,0.076095726,0.042495790,-0.869724742,0.485780218,1.0000,-0.409851074,-1.403202891,0.480724037,-2.302596092,-2.404186726,2.040575266,-1.430682302
1,335,draw,0.046290,0.101900,0.970000,0.076095260,0.042496209,-0.869724627,0.485780462,1.0000,-0.412844181,-1.402012467,0.485502660,-2.298942327,-2.398698330,2.040260553,-1.433113217
1,336,draw,0.046976,0.104304,0.970000,0.076095674,0.042495789,-0.869724763,0.485780190,1.0000,-0.415868938,-1.400826812,0.490259796,-2.295246363,-2.393225431,2.039960384,-1.435544133
1,337,draw,0.047663,0.106708,0.970000,0.076095441,0.042496110,-0.869724625,0.485780446,1.0000,-0.418922067,-1.399646282,0.494997740,-2.291513205,-2.387765646,2.039673805,-1.437975049
1,338,draw,0.048350,0.109112,0.970000,0.076095758,0.042495778,-0.869724758,0.485780187,1.0000,-0.422007322,-1.398471355,0.499713928,-2.287738323,-2.382320881,2.039402723,-1.440405965
1,339,draw,0.049037,0.111516,0.970000,0.076095401,0.042496137,-0.869724654,0.485780398,1.0000,-0.425121754,-1.397302508,0.504410505,-2.283926010,-2.376888752,2.039146185,-1.442837000
1,340,draw,0.049723,0.113920,0.970000,0.076095804,0.042495741,-0.869724752,0.485780194,1.0000,-0.428268850,-1.396140456,0.509085059,-2.280072212,-2.371470928,2.038905382,-1.445267916
1,341,draw,0.050410,0.116323,0.970000,0.076095485,0.042496139,-0.869724675,0.485780347,1.0000,-0.431445956,-1.394985318,0.513739467,-2.276181221,-2.366065264,2.038679838,-1.447698832
1,342,draw,0.051097,0.118727,0.970000,0.076095840,0.042495861,-0.869724726,0.485780223,1.0000,-0.434656233,-1.393838048,0.518371642,-2.272248745,-2.360672951,2.038470984,-1.450129747
2,0,travel,0.050909,0.119921,0.968926,0.074368677,0.041136018,-0.875166229,0.476299485,1.0000,-0.444163829,-1.399332404,0.519201159,-2.276443005,-2.362756968,2.041623831,-1.460002303
2,1,travel,0.049825,0.119840,0.966649,0.070781884,0.038348785,-0.886194473,0.456265988,1.0000,-0.460538805,-1.412069440,0.515883803,-2.289499044,-2.372993946,2.048442841,-1.477990150
2,2,travel,0.048840,0.119810,0.964327,0.067213299,0.035650128,-0.896742869,0.435962921,1.0000,-0.476913810,-1.424806595,0.512566447,-2.302555323,-2.383230686,2.055261850,-1.495977998
2,3,travel,0.047957,0.119824,0.961963,0.063662518,0.033039827,-0.906804998,0.415403598,1.0000,-0.493288815,-1.437543631,0.509249032,-2.315611601,-2.393467665,2.062081099,-1.513965845
2,4,travel,0.047178,0.119877,0.959556,0.060129585,0.030517589,-0.916374772,0.394601555,1.0000,-0.509663820,-1.450280786,0.505931675,-2.328667879,-2.403704643,2.068900108,-1.531953692
2,5,travel,0.046505,0.119962,0.957106,0.056614120,0.028083322,-0.925446575,0.373570348,1.0000,-0.526038826,-1.463017941,0.502614319,-2.341724157,-2.413941622,2.075719118,-1.549941659
2,6,travel,0.045940,0.120072,0.954613,0.053115877,0.025736919,-0.934015104,0.352323856,1.0000,-0.542413831,-1.475754976,0.499296933,-2.354780436,-2.424178362,2.082538128,-1.567929506
2,7,travel,0.045485,0.120202,0.952078,0.049634540,0.023477810,-0.942075607,0.330875740,1.0000,-0.558788836,-1.488492131,0.495979548,-2.367836714,-2.434415340,2.089357138,-1.585917354
2,8,travel,0.045140,0.120345,0.949502,0.046169838,0.021305761,-0.949623625,0.309240007,1.0000,-0.575163841,-1.501229167,0.492662191,-2.380892754,-2.444652319,2.096176147,-1.603905201
2,9,travel,0.044907,0.120493,0.946884,0.042721466,0.019220572,-0.956655159,0.287430604,1.0000,-0.591538787,-1.513966322,0.489344805,-2.393949032,-2.454889059,2.102995157,-1.621893048
2,10,travel,0.044785,0.120640,0.944225,0.039288992,0.017221654,-0.963166659,0.265461440,1.0000,-0.607913792,-1.526703358,0.486027420,-2.407005310,-2.465126038,2.109814167,-1.639880896
2,11,travel,0.044775,0.120779,0.941525,0.035872187,0.015308545,-0.969154904,0.243346679,1.0000,-0.624288797,-1.539440513,0.482710063,-2.420061588,-2.475363016,2.116633177,-1.657868743
2,12,travel,0.044877,0.120904,0.938784,0.032470627,0.013480960,-0.974617102,0.221100491,1.0000,-0.640663803,-1.552177668,0.479392678,-2.433117867,-2.485599756,2.123452425,-1.675856590
2,13,travel,0.045089,0.121008,0.936004,0.029084025,0.011738119,-0.979550915,0.198736866,1.0000,-0.657038808,-1.564914703,0.476075292,-2.446174145,-2.495836735,2.130271435,-1.693844438
2,14,travel,0.045412,0.121083,0.933184,0.025712013,0.010079495,-0.983954359,0.176270006,1.0000,-0.673413813,-1.577651858,0.472757936,-2.459230423,-2.506073713,2.137090445,-1.711832285
2,15,travel,0.045844,0.121124,0.930324,0.022354225,0.008504508,-0.987825866,0.153714088,1.0000,-0.689788818,-1.590388894,0.469440550,-2.472286463,-2.516310692,2.143909454,-1.729820132
2,16,travel,0.046383,0.121123,0.927426,0.019010245,0.007012658,-0.991164282,0.131083177,1.0000,-0.706163824,-1.603126049,0.466123164,-2.485342741,-2.526547432,2.150728464,-1.747807980
2,17,travel,0.047028,0.121074,0.924490,0.015679558,0.005603085,-0.993968857,0.108391271,1.0000,-0.722538829,-1.615863085,0.462805808,-2.498399019,-2.536784410,2.157547474,-1.765795827
2,18,travel,0.047776,0.120970,0.921515,0.012361902,0.004275089,-0.996239209,0.085652474,1.0000,-0.738913834,-1.628600240,0.459488422,-2.511455297,-2.547021389,2.164366484,-1.783783674
2,19,travel,0.048624,0.120804,0.918502,0.009056805,0.003028064,-0.997975354,0.062880830,1.0000,-0.755288839,-1.641337276,0.456171066,-2.524511576,-2.557258129,2.171185493,-1.801771522
2,20,travel,0.049570,0.120572,0.915453,0.005763744,0.001861037,-0.999177710,0.040090153,1.0000,-0.771663785,-1.654074430,0.452853680,-2.537567854,-2.567495108,2.178004742,-1.819759369
2,21,travel,0.050611,0.120265,0.912367,0.002482492,0.000773184,-0.999847062,0.017294286,1.0000,-0.788038790,-1.666811585,0.449536294,-2.550624132,-2.577732086,2.184823751,-1.837747216
2,22,travel,0.053532,0.120506,0.910251,0.000016860,-0.000315637,-0.999999927,-0.000213255,1.0000,-0.804413795,-1.672615409,0.450840712,-2.558072805,-2.582159996,2.186943531,-1.850477815
2,23,travel,0.062191,0.122495,0.911195,0.000060078,-0.001519462,-0.999998340,-0.001003832,1.0000,-0.820788801,-1.656598449,0.466691196,-2.547872782,-2.568305254,2.174273252,-1.846662283
2,24,travel,0.070963,0.124167,0.911984,0.000065259,-0.002548317,-0.999995396,-0.001646308,1.0000,-0.837163806,-1.640581489,0.482541651,-2.537672758,-2.554450512,2.161602974,-1.842846632
2,25,travel,0.079830,0.125518,0.912618,0.000040054,-0.003395600,-0.999991933,-0.002145178,1.0000,-0.853538811,-1.624564528,0.498392135,-2.527472734,-2.540595770,2.148932695,-1.839030981
2,26,travel,0.088777,0.126545,0.913098,-0.000007655,-0.004055042,-0.999988640,-0.002505148,1.0000,-0.869913816,-1.608547568,0.514242589,-2.517272711,-2.526741028,2.136262417,-1.835215449
2,27,travel,0.097789,0.127245,0.913422,-0.000069814,-0.004520709,-0.999986050,-0.002730895,1.0000,-0.886288822,-1.592530608,0.530093074,-2.507072687,-2.512886047,2.123592138,-1.831399798
2,28,travel,0.106850,0.127617,0.913592,-0.000138333,-0.004787296,-0.999984533,-0.002827661,1.0000,-0.902663827,-1.576513648,0.545943558,-2.496872663,-2.499031305,2.110921860,-1.827584147
2,29,travel,0.115944,0.127660,0.913607,-0.000204915,-0.004849566,-0.999984298,-0.002800749,1.0000,-0.919038832,-1.560496688,0.561794043,-2.486672878,-2.485176563,2.098251581,-1.823768616
2,30,travel,0.125056,0.127374,0.913468,-0.000260973,-0.004703066,-0.999985381,-0.002655340,1.0000,-0.935413837,-1.544479847,0.577644527,-2.476472855,-2.471321821,2.085581303,-1.819952965
2,31,travel,0.134171,0.126759,0.913177,-0.000298125,-0.004343377,-0.999987650,-0.002397210,1.0000,-0.951788843,-1.528462887,0.593495011,-2.466272831,-2.457467079,2.072911024,-1.816137433
2,32,travel,0.143273,0.125816,0.912733,-0.000307739,-0.003766723,-0.999990794,-0.002031962,1.0000,-0.968163788,-1.512445927,0.609345496,-2.456072807,-2.443612337,2.060240746,-1.812321782
2,33,travel,0.152349,0.124548,0.912138,-0.000281165,-0.002969710,-0.999994325,-0.001565618,1.0000,-0.984538794,-1.496428967,0.625195980,-2.445872784,-2.429757595,2.047570467,-1.808506131
2,34,travel,0.161384,0.122957,0.911393,-0.000209716,-0.001949374,-0.999997574,-0.001004275,1.0000,-1.000913858,-1.480412006,0.641046464,-2.435672760,-2.415902853,2.034900188,-1.804690599
2,35,travel,0.170363,0.121046,0.910499,-0.000084659,-0.000703170,-0.999999687,-0.000353893,1.0000,-1.017288804,-1.464395046,0.656896889,-2.425472736,-2.402048111,2.022229910,-1.800874949
2,36,travel,0.174126,0.119939,0.910944,-0.000034901,0.000019006,-0.999964930,0.008374796,1.0000,-1.017171144,-1.452315450,0.663451016,-2.418415546,-2.397885561,2.014389753,-1.790378332
2,37,travel,0.172855,0.119833,0.912814,-0.000099628,0.000055477,-0.999687533,0.024996452,1.0000,-1.000796199,-1.444117069,0.660841286,-2.414456367,-2.403277159,2.011310816,-1.773295999
2,38,travel,0.171660,0.119697,0.914677,-0.000158298,0.000090305,-0.999134193,0.041603248,1.0000,-0.984421194,-1.435918689,0.658231556,-2.410496950,-2.408668518,2.008231878,-1.756213784
2,39,travel,0.170543,0.119533,0.916533,-0.000211261,0.000123338,-0.998305471,0.058190437,1.0000,-0.968046188,-1.427720308,0.655621827,-2.406537533,-2.414060116,2.005152941,-1.739131451
2,40,travel,0.169504,0.119345,0.918382,-0.000258697,0.000154696,-0.997202013,0.074753294,1.0000,-0.951671183,-1.419521928,0.653012097,-2.402578354,-2.419451714,2.002074003,-1.722049117
2,41,travel,0.168544,0.119137,0.920222,-0.000300664,0.000184303,-0.995824527,0.091287391,1.0000,-0.935296178,-1.411323547,0.650402367,-2.398618937,-2.424843073,1.998995185,-1.704966784
2,42,travel,0.167664,0.118912,0.922054,-0.000337446,0.000211966,-0.994173837,0.107787858,1.0000,-0.918921232,-1.403125286,0.647792637,-2.394659758,-2.430234671,1.995916247,-1.687884450
2,43,travel,0.166864,0.118673,0.923879,-0.000369213,0.000237743,-0.992250801,0.124250370,1.0000,-0.902546227,-1.394926906,0.645182908,-2.390700340,-2.435626268,1.992837429,-1.670802116
2,44,travel,0.166145,0.118424,0.925694,-0.000396080,0.000261712,-0.990056398,0.140670194,1.0000,-0.886171222,-1.386728525,0.642573178,-2.386741161,-2.441017628,1.989758492,-1.653719902
2,45,travel,0.165507,0.118169,0.927501,-0.000418277,0.000283522,-0.987591642,0.157042967,1.0000,-0.869796216,-1.378530145,0.639963448,-2.382781744,-2.446409225,1.986679554,-1.636637568
2,46,travel,0.164949,0.117911,0.929298,-0.000436022,0.000303442,-0.984857658,0.173364098,1.0000,-0.853421211,-1.370331764,0.637353778,-2.378822565,-2.451800585,1.983600616,-1.619555235
2,47,travel,0.164473,0.117653,0.931087,-0.000449498,0.000321149,-0.981855631,0.189629151,1.0000,-0.837046206,-1.362133384,0.634744048,-2.374863148,-2.457192183,1.980521798,-1.602472901
2,48,travel,0.164077,0.117399,0.932865,-0.000458883,0.000336755,-0.978586840,0.205833606,1.0000,-0.820671201,-1.353935003,0.632134318,-2.370903969,-2.462583780,1.977442861,-1.585390568
2,49,travel,0.163762,0.117152,0.934634,-0.000464233,0.000350184,-0.975052598,0.221973181,1.0000,-0.804296196,-1.345736623,0.629524589,-2.366944551,-2.467975140,1.974363923,-1.568308353
2,50,travel,0.163527,0.116916,0.936393,-0.000466033,0.000361381,-0.971254341,0.238043396,1.0000,-0.787921190,-1.337538242,0.626914859,-2.362985373,-2.473366737,1.971285105,-1.551226020
2,51,travel,0.163372,0.116695,0.938141,-0.000464158,0.000370121,-0.967193522,0.254040033,1.0000,-0.771546185,-1.329339981,0.624305129,-2.359025955,-2.478758335,1.968206167,-1.534143686
2,52,travel,0.163295,0.116491,0.939879,-0.000458981,0.000376727,-0.962871718,0.269958703,1.0000,-0.755171180,-1.321141601,0.621695399,-2.355066776,-2.484149694,1.965127230,-1.517061353
2,53,travel,0.163298,0.116308,0.941606,-0.000450654,0.000380761,-0.958290543,0.285795183,1.0000,-0.738796175,-1.312943220,0.619085670,-2.351107359,-2.489541292,1.962048292,-1.499979019
2,54,travel,0.163378,0.116149,0.943322,-0.000439492,0.000382444,-0.953451726,0.301545132,1.0000,-0.722421229,-1.304744840,0.616475940,-2.347148180,-2.494932890,1.958969474,-1.482896686
2,55,travel,0.163534,0.116019,0.945026,-0.000425399,0.000381601,-0.948356978,0.317204533,1.0000,-0.706046224,-1.296546459,0.613866210,-2.343188763,-2.500324249,1.955890536,-1.465814471
2,56,travel,0.163766,0.115920,0.946719,-0.000408806,0.000378099,-0.943008148,0.332769172,1.0000,-0.689671218,-1.288348079,0.611256480,-2.339229345,-2.505715847,1.952811599,-1.448732138
2,57,travel,0.164072,0.115855,0.948400,-0.000389908,0.000372176,-0.937407147,0.348234908,1.0000,-0.673296213,-1.280149698,0.608646750,-2.335270166,-2.511107206,1.949732780,-1.431649804
2,58,travel,0.164451,0.115827,0.950069,-0.000368810,0.000363363,-0.931555918,0.363597723,1.0000,-0.656921208,-1.271951318,0.606037080,-2.331310749,-2.516498804,1.946653843,-1.414567471
2,59,travel,0.164902,0.115841,0.951726,-0.000345788,0.000351909,-0.925456526,0.378853500,1.0000,-0.640546203,-1.263752937,0.603427351,-2.327351570,-2.521890402,1.943574905,-1.397485137
2,60,travel,0.165423,0.115898,0.953370,-0.000320919,0.000337720,-0.919111019,0.393998372,1.0000,-0.624171197,-1.255554557,0.600817621,-2.323392153,-2.527281761,1.940496087,-1.380402923
2,61,travel,0.166012,0.116003,0.955002,-0.000294528,0.000320587,-0.912521586,0.409028319,1.0000,-0.607796192,-1.247356296,0.598207891,-2.319432974,-2.532673359,1.937417150,-1.363320589
2,62,travel,0.166668,0.116157,0.956621,-0.000266729,0.000300535,-0.905690395,0.423939555,1.0000,-0.591421187,-1.239157915,0.595598161,-2.315473557,-2.538064957,1.934338212,-1.346238256
2,63,travel,0.167389,0.116365,0.958226,-0.000237768,0.000277696,-0.898619756,0.438728162,1.0000,-0.575046182,-1.230959535,0.592988431,-2.311514378,-2.543456316,1.931259274,-1.329155922
2,64,travel,0.168173,0.116628,0.959818,-0.000207879,0.000251714,-0.891311984,0.453390385,1.0000,-0.558671176,-1.222761154,0.590378702,-2.307554960,-2.548847914,1.928180456,-1.312073588
2,65,travel,0.169018,0.116950,0.961396,-0.000177181,0.000222801,-0.883769502,0.467922415,1.0000,-0.542296231,-1.214562774,0.587768972,-2.303595781,-2.554239273,1.925101519,-1.294991255
2,66,travel,0.169922,0.117334,0.962960,-0.000145907,0.000190599,-0.875994740,0.482320596,1.0000,-0.525921226,-1.206364393,0.585159242,-2.299636364,-2.559630871,1.922022581,-1.277909040
2,67,travel,0.170882,0.117782,0.964510,-0.000114391,0.000155323,-0.867990199,0.496581290,1.0000,-0.509546220,-1.198166013,0.582549512,-2.295677185,-2.565022469,1.918943763,-1.260826707
2,68,travel,0.171897,0.118296,0.966046,-0.000082529,0.000116801,-0.859758384,0.510700990,1.0000,-0.493171215,-1.189967632,0.579939783,-2.291717768,-2.570413828,1.915864825,-1.243744373
2,69,travel,0.172963,0.118880,0.967567,-0.000050843,0.000074966,-0.851302007,0.524675980,1.0000,-0.476796210,-1.181769252,0.577330053,-2.287758589,-2.575805426,1.912785888,-1.226662040
2,70,travel,0.174079,0.119536,0.969073,-0.000019370,0.000029677,-0.842623644,0.538502918,1.0000,-0.460421205,-1.173570991,0.574720383,-2.283799171,-2.581197023,1.909707069,-1.209579706
2,71,draw,0.175168,0.119797,0.970000,-0.000000332,-0.000000377,-0.837128867,0.547005722,1.0000,-0.451304197,-1.167936563,0.573299706,-2.281145573,-2.584585190,1.907391548,-1.198100328
2,72,draw,0.176150,0.119313,0.970000,-0.000000907,-0.000000892,-0.837129210,0.547005198,1.0000,-0.454052389,-1.166494012,0.573822975,-2.280626774,-2.584698200,1.906324267,-1.195780516
2,73,draw,0.177131,0.118824,0.970000,-0.000001081,-0.000001047,-0.837129312,0.547005041,1.0000,-0.456800580,-1.165051341,0.574346185,-2.280107975,-2.584811449,1.905256867,-1.193460584
2,74,draw,0.178111,0.118331,0.970000,-0.000000831,-0.000000838,-0.837129142,0.547005302,1.0000,-0.459548771,-1.163608670,0.574869454,-2.279588938,-2.584924698,1.904189587,-1.191140652
2,75,draw,0.179090,0.117834,0.970000,-0.000000152,-0.000000158,-0.837128776,0.547005861,1.0000,-0.462296963,-1.162165999,0.575392663,-2.279070139,-2.585037947,1.903122187,-1.188820720
2,76,draw,0.180072,0.117349,0.970000,-0.000000732,-0.000000783,-0.837129096,0.547005372,1.0000,-0.465091258,-1.160726905,0.575952590,-2.278517485,-2.585116386,1.902072906,-1.186500907
2,77,draw,0.181053,0.116863,0.970000,-0.000001151,-0.000001186,-0.837129300,0.547005060,1.0000,-0.467893988,-1.159288406,0.576519191,-2.277958632,-2.585188389,1.901026964,-1.184180975
2,78,draw,0.182034,0.116372,0.970000,-0.000001106,-0.000001113,-0.837129261,0.547005119,1.0000,-0.470696718,-1.157849908,0.577085793,-2.277399778,-2.585260391,1.899981022,-1.181861043
2,79,draw,0.183013,0.115878,0.970000,-0.000000630,-0.000000650,-0.837129032,0.547005469,1.0000,-0.473499417,-1.156411409,0.577652335,-2.276840925,-2.585332632,1.898935080,-1.179541230
2,80,draw,0.183993,0.115385,0.970000,-0.000000388,-0.000000345,-0.837128882,0.547005698,1.0000,-0.476319402,-1.154974699,0.578232706,-2.276269674,-2.585391760,1.897896171,-1.177221298
2,81,draw,0.184975,0.114901,0.970000,-0.000001089,-0.000001067,-0.837129219,0.547005183,1.0000,-0.479177326,-1.153541803,0.578843355,-2.275670767,-2.585422277,1.896872640,-1.174901366
2,82,draw,0.185956,0.114412,0.970000,-0.000001302,-0.000001385,-0.837129358,0.547004971,1.0000,-0.482035249,-1.152108908,0.579454005,-2.275071859,-2.585453033,1.895848989,-1.172581553
2,83,draw,0.186936,0.113920,0.970000,-0.000000991,-0.000001049,-0.837129200,0.547005213,1.0000,-0.484893203,-1.150676012,0.580064654,-2.274472952,-2.585483551,1.894825459,-1.170261621
2,84,draw,0.187915,0.113423,0.970000,-0.000000231,-0.000000282,-0.837128805,0.547005818,1.0000,-0.487751126,-1.149243116,0.580675304,-2.273874044,-2.585514307,1.893801928,-1.167941689
2,85,draw,0.188874,0.112905,0.970000,-0.000000703,-0.000000649,-0.837129028,0.547005476,1.0000,-0.490548581,-1.147837996,0.581224859,-2.273319006,-2.585597515,1.892791629,-1.165621758
2,86,draw,0.189826,0.112378,0.970000,-0.000001154,-0.000001029,-0.837129267,0.547005110,1.0000,-0.493328899,-1.146440744,0.581757009,-2.272776127,-2.585695505,1.891785264,-1.163301945
2,87,draw,0.190777,0.111846,0.970000,-0.000001104,-0.000001085,-0.837129235,0.547005159,1.0000,-0.496109188,-1.145043612,0.582289219,-2.272233248,-2.585793495,1.890778780,-1.160982013
2,88,draw,0.191727,0.111311,0.970000,-0.000000702,-0.000000594,-0.837129011,0.547005501,1.0000,-0.498889476,-1.143646359,0.582821429,-2.271690607,-2.585891485,1.889772296,-1.158662081
2,89,draw,0.192634,0.110716,0.970000,0.000000123,0.000000032,-0.837128784,0.547005849,1.0000,-0.501486421,-1.142290115,0.583182693,-2.271279335,-2.586140394,1.888759613,-1.156342268
2,90,draw,0.193412,0.109944,0.970000,0.000000566,0.000000375,-0.837128972,0.547005561,1.0000,-0.503519297,-1.141059518,0.583018184,-2.271272898,-2.586853266,1.887727857,-1.154022336
2,91,draw,0.194188,0.109170,0.970000,0.000000675,0.000000450,-0.837129057,0.547005432,1.0000,-0.505552232,-1.139828920,0.582853675,-2.271266460,-2.587566376,1.886696100,-1.151702404
2,92,draw,0.194963,0.108393,0.970000,0.000000468,0.000000384,-0.837129018,0.547005492,1.0000,-0.507585108,-1.138598323,0.582689166,-2.271260023,-2.588279486,1.885664463,-1.149382591
2,93,draw,0.195735,0.107615,0.970000,0.000000202,0.000000140,-0.837128775,0.547005862,1.0000,-0.509618044,-1.137367725,0.582524598,-2.271253347,-2.588992357,1.884632707,-1.147062659
2,94,draw,0.196511,0.106842,0.970000,0.000000347,0.000000231,-0.837128873,0.547005713,1.0000,-0.511682570,-1.136127353,0.582384169,-2.271220922,-2.589683056,1.883603930,-1.144742727
2,95,draw,0.197289,0.106069,0.970000,0.000000547,0.000000300,-0.837128996,0.547005524,1.0000,-0.513759851,-1.134882927,0.582253456,-2.271177769,-2.590364933,1.882576466,-1.142422795
2,96,draw,0.198064,0.105294,0.970000,0.000000548,0.000000397,-0.837129051,0.547005441,1.0000,-0.515837193,-1.133638501,0.582122684,-2.271134853,-2.591046572,1.881549001,-1.140102983
2,97,draw,0.198837,0.104516,0.970000,0.000000376,0.000000254,-0.837128895,0.547005679,1.0000,-0.517914534,-1.132394075,0.581991971,-2.271091700,-2.591728210,1.880521536,-1.137783051
2,98,draw,0.199610,0.103739,0.970000,0.000000066,0.000000039,-0.837128734,0.547005926,1.0000,-0.519999862,-1.131147265,0.581867456,-2.271042109,-2.592404366,1.879494905,-1.135463119
2,99,draw,0.200389,0.102967,0.970000,0.000000312,0.000000232,-0.837128987,0.547005538,1.0000,-0.522122145,-1.129889727,0.581771493,-2.270962477,-2.593054295,1.878472328,-1.133143306
2,100,draw,0.201165,0.102194,0.970000,0.000000383,0.000000310,-0.837129056,0.547005432,1.0000,-0.524244487,-1.128632069,0.581675529,-2.270882607,-2.593704224,1.877449870,-1.130823374
2,101,draw,0.201939,0.101417,0.970000,0.000000450,0.000000275,-0.837128961,0.547005578,1.0000,-0.526366770,-1.127374530,0.581579506,-2.270802736,-2.594353914,1.876427293,-1.128503442
2,102,draw,0.202712,0.100639,0.970000,0.000000156,0.000000141,-0.837128776,0.547005862,1.0000,-0.528489053,-1.126116872,0.581483543,-2.270723104,-2.595003843,1.875404716,-1.126183510
2,103,draw,0.203488,0.099865,0.970000,0.000000178,0.000000068,-0.837128860,0.547005733,1.0000,-0.530640781,-1.124851227,0.581410646,-2.270619392,-2.595633030,1.874385834,-1.123863697
2,104,draw,0.204265,0.099093,0.970000,0.000000328,0.000000228,-0.837128988,0.547005537,1.0000,-0.532808602,-1.123581171,0.581350386,-2.270502806,-2.596250534,1.873368979,-1.121543765
2,105,draw,0.205041,0.098318,0.970000,0.000000308,0.000000214,-0.837129018,0.547005491,1.0000,-0.534976482,-1.122310996,0.581290126,-2.270386219,-2.596868277,1.872352004,-1.119223833
2,106,draw,0.205814,0.097540,0.970000,0.000000190,0.000000160,-0.837128920,0.547005641,1.0000,-0.537144363,-1.121040940,0.581229925,-2.270269632,-2.597485781,1.871335149,-1.116904020
2,107,draw,0.206574,0.096754,0.970000,0.000000118,0.000000039,-0.837128723,0.547005942,1.0000,-0.539283156,-1.119792342,0.581140637,-2.270175934,-2.598121405,1.870329261,-1.114584088
2,108,draw,0.207239,0.095911,0.970000,0.000000775,0.000000364,-0.837128879,0.547005704,1.0000,-0.541189075,-1.118716121,0.580819488,-2.270266533,-2.598901033,1.869411349,-1.112264156
2,109,draw,0.207902,0.095067,0.970000,0.000000974,0.000000414,-0.837129021,0.547005487,1.0000,-0.543095052,-1.117640018,0.580498338,-2.270357370,-2.599680901,1.868493319,-1.109944344
2,110,draw,0.208562,0.094221,0.970000,0.000000848,0.000000397,-0.837128948,0.547005598,1.0000,-0.545000970,-1.116563797,0.580177188,-2.270447969,-2.600460529,1.867575407,-1.107624412
2,111,draw,0.209221,0.093373,0.970000,0.000000400,0.000000186,-0.837128767,0.547005875,1.0000,-0.546906888,-1.115487576,0.579855978,-2.270538568,-2.601240158,1.866657376,-1.105304480
2,112,draw,0.209701,0.092414,0.970000,0.000000825,-0.000000296,-0.837128937,0.547005615,1.0000,-0.548577905,-1.114858627,0.579130888,-2.270977497,-2.602208853,1.865999222,-1.102817059
2,113,draw,0.210051,0.091375,0.970000,0.000001747,-0.000000679,-0.837129184,0.547005237,1.0000,-0.550077021,-1.114556670,0.578110337,-2.271670818,-2.603315592,1.865530968,-1.100207210
2,114,draw,0.210398,0.090335,0.970000,0.000001884,-0.000000753,-0.837129244,0.547005146,1.0000,-0.551576138,-1.114254832,0.577089787,-2.272364378,-2.604422331,1.865062714,-1.097597361
2,115,draw,0.210743,0.089294,0.970000,0.000001234,-0.000000434,-0.837129091,0.547005379,1.0000,-0.553075254,-1.113952875,0.576069176,-2.273057938,-2.605529070,1.864594579,-1.094987512
2,116,draw,0.211085,0.088254,0.970000,-0.000000031,0.000000007,-0.837128706,0.547005968,1.0000,-0.554701746,-1.113719225,0.575080454,-2.273737907,-2.606575966,1.864186883,-1.092288256
2,117,draw,0.211440,0.087214,0.970000,-0.000000518,-0.000000302,-0.837128961,0.547005578,1.0000,-0.559095263,-1.114968181,0.574782789,-2.274125576,-2.606323004,1.865095139,-1.087648511
2,118,draw,0.211789,0.086174,0.970000,-0.000000603,-0.000000384,-0.837129045,0.547005450,1.0000,-0.563488841,-1.116217136,0.574485064,-2.274513245,-2.606069803,1.866003275,-1.083008647
2,119,draw,0.212135,0.085134,0.970000,-0.000000570,-0.000000364,-0.837129013,0.547005499,1.0000,-0.567882359,-1.117466092,0.574187398,-2.274900913,-2.605816841,1.866911530,-1.078368902
2,120,draw,0.212476,0.084094,0.970000,-0.000000296,-0.000000145,-0.837128836,0.547005770,1.0000,-0.572275877,-1.118715048,0.573889732,-2.275288820,-2.605563879,1.867819667,-1.073729038
2,121,draw,0.212819,0.083048,0.970000,0.000001776,0.000001005,-0.837129505,0.547004746,1.0000,-0.578344285,-1.120865941,0.573988199,-2.275499344,-2.604535103,1.869537830,-1.067905068
2,122,draw,0.213166,0.082002,0.970000,0.000003961,0.000002035,-0.837130502,0.547003219,1.0000,-0.586018980,-1.123881936,0.574466646,-2.275539875,-2.602762699,1.872032762,-1.060945392
2,123,draw,0.213513,0.080961,0.970000,0.000004356,0.000002252,-0.837130710,0.547002901,1.0000,-0.593693674,-1.126897812,0.574945092,-2.275580406,-2.600990295,1.874527812,-1.053985715
2,124,draw,0.213859,0.079925,0.970000,0.000003150,0.000001588,-0.837130113,0.547003815,1.0000,-0.601368368,-1.129913807,0.575423539,-2.275620937,-2.599217653,1.877022743,-1.047026038
2,125,draw,0.214205,0.078893,0.970000,0.000000051,0.000000045,-0.837128748,0.547005903,1.0000,-0.609043062,-1.132929683,0.575902045,-2.275661469,-2.597445250,1.879517674,-1.040066361
2,126,draw,0.214545,0.077845,0.970000,0.000004362,0.000001770,-0.837130153,0.547003753,1.0000,-0.619883001,-1.137704015,0.577033758,-2.275361776,-2.594229698,1.883618712,-1.030840397
2,127,draw,0.214895,0.076809,0.970000,0.000002018,0.000000788,-0.837129356,0.547004973,1.0000,-0.630797863,-1.142519951,0.578180969,-2.275053978,-2.590980053,1.887757659,-1.021560788
2,128,draw,0.215239,0.075766,0.970000,0.000003783,0.000001444,-0.837130007,0.547003977,1.0000,-0.641699076,-1.147330165,0.579265714,-2.274729729,-2.587761402,1.891920209,-1.012281179
2,129,draw,0.215586,0.074727,0.970000,0.000003299,0.000001255,-0.837129824,0.547004258,1.0000,-0.652594805,-1.152137995,0.580324948,-2.274398804,-2.584555149,1.896092296,-1.003001571
2,130,draw,0.215927,0.073682,0.970000,0.000006182,0.000002098,-0.837130691,0.547002931,1.0000,-0.664905012,-1.157767415,0.581609368,-2.273910284,-2.580719471,1.901033521,-0.992693543
2,131,draw,0.216269,0.072637,0.970000,0.000009048,0.000002956,-0.837131621,0.547001508,1.0000,-0.678991377,-1.164428592,0.583176672,-2.273224354,-2.576093435,1.906940579,-0.981094062
2,132,draw,0.216626,0.071609,0.970000,0.000002819,0.000000921,-0.837129632,0.547004551,1.0000,-0.693070173,-1.171092272,0.584710658,-2.272532701,-2.571481705,1.912862778,-0.969494581
2,133,draw,0.216961,0.070556,0.970000,0.000009707,0.000003173,-0.837131987,0.547000947,1.0000,-0.707113624,-1.177767277,0.586089551,-2.271814585,-2.566938162,1.918855667,-0.957895100
2,134,draw,0.217322,0.069531,0.970000,0.000001544,0.000000455,-0.837129183,0.547005238,1.0000,-0.721157074,-1.184442401,0.587468445,-2.271096468,-2.562394619,1.924848437,-0.946295619
2,135,draw,0.217390,0.068423,0.970000,0.000013024,0.000004770,-0.837134278,0.546997441,1.0000,-0.737221718,-1.193141103,0.588572383,-2.270476341,-2.557060480,1.932648778,-0.932849348
2,136,draw,0.217466,0.067350,0.970000,0.000007215,0.000002480,-0.837131788,0.547001252,1.0000,-0.753486753,-1.202040553,0.589649081,-2.269865990,-2.551648140,1.940628290,-0.919219971
2,137,draw,0.217525,0.066256,0.970000,0.000010709,0.000003816,-0.837133610,0.546998463,1.0000,-0.769698858,-1.210924268,0.590525150,-2.269232035,-2.546352386,1.948676109,-0.905590534
2,138,draw,0.217590,0.065171,0.970000,0.000010595,0.000003704,-0.837133509,0.546998618,1.0000,-0.785881519,-1.219799399,0.591289878,-2.268585443,-2.541121483,1.956761837,-0.891961157
2,139,draw,0.217637,0.064088,0.970000,0.000007188,0.000002652,-0.837132427,0.547000274,1.0000,-0.802136540,-1.228794575,0.591908693,-2.267947435,-2.535926580,1.964998007,-0.878222644
2,140,draw,0.217626,0.062979,0.970000,0.000012615,0.000004415,-0.837135065,0.546996236,1.0000,-0.818511546,-1.237988949,0.592285514,-2.267323971,-2.530790567,1.973483801,-0.864303291
2,141,draw,0.217647,0.061907,0.970000,0.000002316,0.000000840,-0.837129968,0.547004038,1.0000,-0.834878087,-1.247176766,0.592627943,-2.266696930,-2.525677443,1.981978893,-0.850383878
2,142,draw,0.217626,0.060785,0.970000,0.000012835,0.000004438,-0.837135560,0.546995479,1.0000,-0.851175845,-1.256311059,0.592690825,-2.266039133,-2.520749092,1.990549326,-0.836464524
2,143,draw,0.217645,0.059712,0.970000,0.000003295,0.000001134,-0.837130492,0.547003235,1.0000,-0.867473602,-1.265445471,0.592753708,-2.265381575,-2.515820742,1.999119878,-0.822545171
2,144,draw,0.217628,0.058595,0.970000,0.000011724,0.000003974,-0.837135218,0.546996003,1.0000,-0.883711338,-1.274518251,0.592560768,-2.264695883,-2.511069059,2.007751465,-0.808625758
2,145,draw,0.217636,0.057509,0.970000,0.000007671,0.000002486,-0.837132972,0.546999440,1.0000,-0.899937868,-1.283579469,0.592320025,-2.264005423,-2.506350756,2.016394377,-0.794706404
2,146,draw,0.217633,0.056408,0.970000,0.000009266,0.000003110,-0.837134085,0.546997736,1.0000,-0.916126370,-1.292591095,0.591910481,-2.263296366,-2.501754284,2.025072098,-0.780786991
2,147,draw,0.217630,0.055310,0.970000,0.000010417,0.000003375,-0.837134728,0.546996753,1.0000,-0.932286799,-1.301566362,0.591376603,-2.262574196,-2.497247934,2.033775330,-0.766867638
2,148,draw,0.217602,0.054230,0.970000,0.000005199,0.000001905,-0.837132254,0.547000538,1.0000,-0.948376119,-1.310594082,0.590694487,-2.261887789,-2.492835283,2.042558670,-0.752948225
2,149,draw,0.217464,0.053138,0.970000,0.000011030,0.000003808,-0.837136006,0.546994796,1.0000,-0.964306414,-1.319739461,0.589680970,-2.261281729,-2.488631964,2.051521301,-0.739028871
2,150,draw,0.217360,0.052091,0.970000,0.000000803,0.000000301,-0.837129274,0.547005099,1.0000,-0.980233848,-1.328879118,0.588655651,-2.260674477,-2.484439135,2.060484648,-0.725109518
2,151,draw,0.217213,0.050986,0.970000,0.000010846,0.000003670,-0.837136135,0.546994598,1.0000,-0.996095002,-1.337891221,0.587363064,-2.260041475,-2.480477095,2.069467545,-0.711190104
2,152,draw,0.217102,0.049931,0.970000,0.000003960,0.000001289,-0.837131351,0.547001921,1.0000,-1.011956215,-1.346903324,0.586070538,-2.259408474,-2.476515055,2.078450203,-0.697270751
2,153,draw,0.216794,0.048863,0.970000,0.000008029,0.000003029,-0.837135963,0.546994862,1.0000,-1.027521968,-1.356137991,0.584294021,-2.258958101,-2.472898006,2.087705374,-0.683351338
2,154,draw,0.216452,0.047831,0.970000,0.000006235,0.000002190,-0.837134130,0.546997668,1.0000,-1.043002129,-1.365436912,0.582377493,-2.258560419,-2.469380379,2.097039223,-0.669431984
2,155,draw,0.216106,0.046790,0.970000,0.000005832,0.000002171,-0.837134209,0.546997547,1.0000,-1.058439493,-1.374634385,0.580328226,-2.258152246,-2.466009855,2.106353521,-0.655512571
2,156,draw,0.215755,0.045744,0.970000,0.000007649,0.000002712,-0.837135692,0.546995278,1.0000,-1.073835373,-1.383733749,0.578150749,-2.257733822,-2.462780714,2.115648508,-0.641593218
2,157,draw,0.215420,0.044722,0.970000,0.000002761,0.000001074,-0.837131471,0.547001737,1.0000,-1.089119673,-1.392726898,0.575921893,-2.257322550,-2.459650993,2.124869347,-0.627744019
2,158,draw,0.215062,0.043663,0.970000,0.000007275,0.000002568,-0.837135910,0.546994944,1.0000,-1.104053974,-1.401387691,0.573531985,-2.256934166,-2.456832409,2.133857965,-0.614114642
2,159,draw,0.214733,0.042652,0.970000,0.000000291,0.000000081,-0.837129006,0.547005509,1.0000,-1.118988276,-1.410048485,0.571142077,-2.256545544,-2.454013824,2.142846584,-0.600485265
2,160,draw,0.214369,0.041584,0.970000,0.000006751,0.000002201,-0.837135565,0.546995472,1.0000,-1.133842349,-1.418498278,0.568544149,-2.256140947,-2.451463938,2.151763201,-0.586855829
2,161,draw,0.214032,0.040560,0.970000,0.000003146,0.000001053,-0.837131835,0.547001179,1.0000,-1.148694396,-1.426942825,0.565940917,-2.255736113,-2.448920965,2.160678148,-0.573226452
2,162,draw,0.213687,0.039516,0.970000,0.000002132,0.000000826,-0.837132468,0.547000212,1.0000,-1.161635876,-1.434141278,0.563420594,-2.255566597,-2.447114944,2.168290615,-0.561035156
2,163,draw,0.213341,0.038479,0.970000,0.000001889,0.000000699,-0.837131956,0.547000995,1.0000,-1.173791170,-1.440827131,0.560934484,-2.255494356,-2.445611954,2.175367355,-0.549435675
2,164,draw,0.212996,0.037441,0.970000,0.000001401,0.000000605,-0.837131337,0.547001941,1.0000,-1.185919762,-1.447434306,0.558402956,-2.255417585,-2.444192886,2.182402611,-0.537836194
2,165,draw,0.212647,0.036395,0.970000,0.000002026,0.000000834,-0.837132624,0.546999972,1.0000,-1.198014855,-1.453942060,0.555814207,-2.255334854,-2.442879915,2.189385176,-0.526236713
2,166,draw,0.212307,0.035370,0.970000,-0.000000200,0.000000027,-0.837129306,0.547005050,1.0000,-1.209581494,-1.460121751,0.553283274,-2.255320311,-2.441738844,2.196003199,-0.515043020
2,167,draw,0.211960,0.034322,0.970000,-0.000000648,0.000000066,-0.837130820,0.547002733,1.0000,-1.218655348,-1.464753151,0.551024914,-2.255627394,-2.441410065,2.200901270,-0.505763412
2,168,draw,0.211614,0.033292,0.970000,-0.000000089,0.000000049,-0.837129035,0.547005465,1.0000,-1.227729321,-1.469384551,0.548766553,-2.255934477,-2.441081285,2.205799341,-0.496483833
2,169,draw,0.211267,0.032243,0.970000,-0.000000758,0.000000019,-0.837130645,0.547003002,1.0000,-1.236770988,-1.473903656,0.546484470,-2.256234646,-2.440850019,2.210618734,-0.487204254
2,170,draw,0.210920,0.031208,0.970000,-0.000000414,0.000000020,-0.837129815,0.547004272,1.0000,-1.245809555,-1.478411436,0.544199944,-2.256534338,-2.440628529,2.215430021,-0.477924675
2,171,draw,0.210580,0.030163,0.970000,-0.000003067,-0.000000955,-0.837130265,0.547003583,1.0000,-1.252937555,-1.481759787,0.542196810,-2.257082462,-2.440963507,2.218907833,-0.470132947
2,172,draw,0.210238,0.029114,0.970000,-0.000005794,-0.000001827,-0.837131647,0.547001467,1.0000,-1.258997202,-1.484459877,0.540351033,-2.257769585,-2.441609621,2.221639872,-0.463173270
2,173,draw,0.209892,0.028073,0.970000,-0.000006049,-0.000002001,-0.837131817,0.547001208,1.0000,-1.265056968,-1.487159967,0.538505256,-2.258456707,-2.442255735,2.224371672,-0.456213593
2,174,draw,0.209542,0.027040,0.970000,-0.000003965,-0.000001262,-0.837130734,0.547002865,1.0000,-1.271116614,-1.489859939,0.536659479,-2.259143829,-2.442902088,2.227103710,-0.449253887
2,175,draw,0.209146,0.026039,0.970000,-0.000000728,-0.000000481,-0.837128943,0.547005606,1.0000,-1.276823401,-1.492474079,0.534793854,-2.259898186,-2.443661213,2.229718924,-0.442544281
2,176,draw,0.208416,0.025232,0.970000,-0.000005771,-0.000004014,-0.837130690,0.547002932,1.0000,-1.279609680,-1.494377017,0.532763779,-2.261208534,-2.445355177,2.231366634,-0.437904507
2,177,draw,0.207683,0.024430,0.970000,-0.000007766,-0.000005474,-0.837131353,0.547001917,1.0000,-1.282395959,-1.496279955,0.530733645,-2.262518644,-2.447049141,2.233014345,-0.433264703
2,178,draw,0.206946,0.023632,0.970000,-0.000006795,-0.000004701,-0.837131038,0.547002400,1.0000,-1.285182238,-1.498182893,0.528703570,-2.263828993,-2.448743343,2.234662056,-0.428624898
2,179,draw,0.206205,0.022838,0.970000,-0.000002686,-0.000001898,-0.837129632,0.547004551,1.0000,-1.287968636,-1.500085831,0.526673496,-2.265139103,-2.450437307,2.236309767,-0.423985124
2,180,draw,0.205443,0.022056,0.970000,-0.000000038,-0.000003161,-0.837129693,0.547004458,1.0000,-1.289274812,-1.501209259,0.524838746,-2.266649246,-2.452515125,2.237017870,-0.420510978
2,181,draw,0.204668,0.021281,0.970000,-0.000000206,-0.000006402,-0.837130800,0.547002763,1.0000,-1.289483666,-1.501754761,0.523148894,-2.268307686,-2.454877853,2.237029314,-0.417901099
2,182,draw,0.203893,0.020505,0.970000,-0.000000182,-0.000006809,-0.837130970,0.547002504,1.0000,-1.289692521,-1.502300143,0.521459043,-2.269966125,-2.457240343,2.237040758,-0.415291220
2,183,draw,0.203118,0.019731,0.970000,-0.000000180,-0.000004757,-0.837130246,0.547003612,1.0000,-1.289901376,-1.502845645,0.519769192,-2.271624327,-2.459603071,2.237051964,-0.412681341
2,184,draw,0.202343,0.018956,0.970000,-0.000000005,-0.000000216,-0.837128800,0.547005824,1.0000,-1.290096283,-1.503382206,0.518081307,-2.273283720,-2.461969614,2.237052917,-0.410083264
2,185,draw,0.201566,0.018181,0.970000,0.000000978,-0.000005046,-0.837130369,0.547003424,1.0000,-1.289962649,-1.503708243,0.516439557,-2.274965286,-2.464428186,2.236805677,-0.407763362
2,186,draw,0.200790,0.017406,0.970000,0.000001287,-0.000007131,-0.837131053,0.547002377,1.0000,-1.289829016,-1.504034400,0.514797866,-2.276646852,-2.466886997,2.236558437,-0.405443460
2,187,draw,0.200015,0.016631,0.970000,0.000001205,-0.000006339,-0.837130803,0.547002759,1.0000,-1.289695501,-1.504360437,0.513156116,-2.278328419,-2.469345570,2.236311197,-0.403123558
2,188,draw,0.199241,0.015855,0.970000,0.000000481,-0.000002748,-0.837129630,0.547004555,1.0000,-1.289561868,-1.504686475,0.511514425,-2.280009985,-2.471804380,2.236063957,-0.400803655
2,189,draw,0.198466,0.015080,0.970000,0.000000594,-0.000002871,-0.837129655,0.547004517,1.0000,-1.289438844,-1.505001545,0.509868026,-2.281678438,-2.474268436,2.235806227,-0.398483783
2,190,draw,0.197689,0.014305,0.970000,0.000001248,-0.000006354,-0.837130841,0.547002701,1.0000,-1.289326072,-1.505305648,0.508217216,-2.283334017,-2.476737976,2.235538483,-0.396163881
2,191,draw,0.196914,0.013530,0.970000,0.000001439,-0.000007090,-0.837131031,0.547002411,1.0000,-1.289213181,-1.505609870,0.506566346,-2.284989595,-2.479207277,2.235270739,-0.393843979
2,192,draw,0.196139,0.012755,0.970000,0.000000979,-0.000005048,-0.837130365,0.547003429,1.0000,-1.289100409,-1.505914092,0.504915476,-2.286645174,-2.481676817,2.235002995,-0.391524076
2,193,draw,0.195366,0.011979,0.970000,0.000000060,-0.000000195,-0.837128728,0.547005935,1.0000,-1.288987637,-1.506218314,0.503264606,-2.288300753,-2.484146118,2.234735250,-0.389204174
2,194,draw,0.194583,0.011213,0.970000,0.000000909,-0.000004786,-0.837130286,0.547003551,1.0000,-1.288897872,-1.506526470,0.501594186,-2.289928913,-2.486621857,2.234476805,-0.386884302
2,195,draw,0.193801,0.010446,0.970000,0.000001293,-0.000007045,-0.837131066,0.547002358,1.0000,-1.288808823,-1.506834745,0.499923229,-2.291556358,-2.489097834,2.234218359,-0.384564400
2,196,draw,0.193020,0.009680,0.970000,0.000001240,-0.000006390,-0.837130848,0.547002690,1.0000,-1.288719654,-1.507143021,0.498252243,-2.293183804,-2.491573572,2.233960152,-0.382244498
2,197,draw,0.192240,0.008913,0.970000,0.000000557,-0.000003183,-0.837129711,0.547004430,1.0000,-1.288630486,-1.507451296,0.496581286,-2.294811010,-2.494049549,2.233701706,-0.379924595
2,198,draw,0.191372,0.008268,0.970000,-0.000001499,-0.000002520,-0.837129589,0.547004617,1.0000,-1.288585782,-1.508116484,0.494754910,-2.296395779,-2.496481657,2.233855486,-0.377604693
2,199,draw,0.190391,0.007779,0.970000,-0.000003624,-0.000006470,-0.837130916,0.547002587,1.0000,-1.288597703,-1.509235978,0.492730707,-2.297925949,-2.498857975,2.234533072,-0.375284821
2,200,draw,0.189411,0.007289,0.970000,-0.000004206,-0.000007328,-0.837131272,0.547002042,1.0000,-1.288609505,-1.510355473,0.490706533,-2.299456358,-2.501234531,2.235210896,-0.372964919
2,201,draw,0.188430,0.006798,0.970000,-0.000003075,-0.000005394,-0.837130584,0.547003094,1.0000,-1.288621426,-1.511474967,0.488682359,-2.300986528,-2.503610849,2.235888720,-0.370645016
2,202,draw,0.187450,0.006307,0.970000,-0.000000386,-0.000000610,-0.837128895,0.547005679,1.0000,-1.288633227,-1.512594461,0.486658186,-2.302516699,-2.505987406,2.236566544,-0.368325114
2,203,draw,0.186469,0.005818,0.970000,-0.000002540,-0.000004732,-0.837130308,0.547003516,1.0000,-1.288651705,-1.513683438,0.484629959,-2.304022551,-2.508395433,2.237217188,-0.366005212
2,204,draw,0.185488,0.005328,0.970000,-0.000003942,-0.000007083,-0.837131212,0.547002133,1.0000,-1.288670778,-1.514769316,0.482601345,-2.305526018,-2.510807037,2.237865210,-0.363685340
2,205,draw,0.184508,0.004837,0.970000,-0.000003691,-0.000006828,-0.837131047,0.547002386,1.0000,-1.288689852,-1.515855312,0.480572701,-2.307029247,-2.513218403,2.238512993,-0.361365438
2,206,draw,0.183527,0.004347,0.970000,-0.000001973,-0.000003546,-0.837129894,0.547004150,1.0000,-1.288708806,-1.516941190,0.478544086,-2.308532476,-2.515630007,2.239161015,-0.359045535
2,207,draw,0.182547,0.003856,0.970000,-0.000001201,-0.000002220,-0.837129469,0.547004800,1.0000,-1.288730621,-1.518014669,0.476513624,-2.310025930,-2.518054247,2.239797831,-0.356725633
2,208,draw,0.181566,0.003367,0.970000,-0.000003258,-0.000006231,-0.837130794,0.547002773,1.0000,-1.288756967,-1.519067168,0.474480122,-2.311502218,-2.520499706,2.240416050,-0.354405731
2,209,draw,0.180586,0.002877,0.970000,-0.000003806,-0.000007328,-0.837131171,0.547002196,1.0000,-1.288783312,-1.520119786,0.472446620,-2.312978745,-2.522945166,2.241034269,-0.352085829
2,210,draw,0.179605,0.002386,0.970000,-0.000002944,-0.000005580,-0.837130648,0.547002996,1.0000,-1.288809776,-1.521172404,0.470413119,-2.314455271,-2.525390863,2.241652489,-0.349765956
2,211,draw,0.178625,0.001895,0.970000,-0.000000496,-0.000001014,-0.837129029,0.547005475,1.0000,-1.288836122,-1.522224903,0.468379617,-2.315931559,-2.527836323,2.242270708,-0.347446054
2,212,draw,0.177627,0.001477,0.970000,-0.000002890,-0.000004236,-0.837130139,0.547003775,1.0000,-1.288895488,-1.523402810,0.466320664,-2.317328930,-2.530227423,2.243058681,-0.345174819
2,213,draw,0.176627,0.001072,0.970000,-0.000004626,-0.000006737,-0.837131023,0.547002423,1.0000,-1.288961172,-1.524604678,0.464256883,-2.318711281,-2.532608032,2.243879080,-0.342912942
2,214,draw,0.175626,0.000667,0.970000,-0.000004460,-0.000006485,-0.837130952,0.547002531,1.0000,-1.289026856,-1.525806427,0.462193072,-2.320093632,-2.534988642,2.244699478,-0.340651035
2,215,draw,0.174625,0.000262,0.970000,-0.000002455,-0.000003482,-0.837129964,0.547004044,1.0000,-1.289092660,-1.527008295,0.460129261,-2.321475983,-2.537369251,2.245520115,-0.338389128
2,216,draw,0.173596,-0.000020,0.970000,-0.000002132,-0.000001305,-0.837129327,0.547005018,1.0000,-1.289157748,-1.528441072,0.458032966,-2.322757006,-2.539629459,2.246641874,-0.336251408
2,217,draw,0.172501,-0.000018,0.970000,-0.000006807,-0.000004324,-0.837130676,0.547002953,1.0000,-1.289221406,-1.530397892,0.455862880,-2.323808432,-2.541615725,2.248447657,-0.334395468
2,218,draw,0.171405,-0.000018,0.970000,-0.000008332,-0.000005149,-0.837131129,0.547002260,1.0000,-1.289284945,-1.532354832,0.453692794,-2.324860096,-2.543602228,2.250253677,-0.332539558
2,219,draw,0.170308,-0.000019,0.970000,-0.000006518,-0.000004098,-0.837130597,0.547003075,1.0000,-1.289348602,-1.534311652,0.451522708,-2.325911522,-2.545588493,2.252059460,-0.330683649
2,220,draw,0.169211,-0.000020,0.970000,-0.000001590,-0.000000980,-0.837129150,0.547005289,1.0000,-1.289412260,-1.536268592,0.449352622,-2.326962948,-2.547574997,2.253865480,-0.328827739
2,221,draw,0.168115,-0.000017,0.970000,-0.000004060,-0.000003015,-0.837129949,0.547004066,1.0000,-1.289054394,-1.538008213,0.447227150,-2.328040838,-2.549664259,2.255421162,-0.327330112
2,222,draw,0.167019,-0.000015,0.970000,-0.000006774,-0.000005276,-0.837130772,0.547002807,1.0000,-1.288572311,-1.539683819,0.445114821,-2.329126120,-2.551783562,2.256902933,-0.325938195
2,223,draw,0.165923,-0.000015,0.970000,-0.000006776,-0.000005183,-0.837130796,0.547002769,1.0000,-1.288090229,-1.541359425,0.443002492,-2.330211639,-2.553903103,2.258384943,-0.324546248
2,224,draw,0.164826,-0.000017,0.970000,-0.000003983,-0.000003073,-0.837129922,0.547004107,1.0000,-1.287608027,-1.543035030,0.440890163,-2.331297159,-2.556022644,2.259866714,-0.323154300
2,225,draw,0.163729,-0.000019,0.970000,-0.000001156,-0.000001163,-0.837129099,0.547005368,1.0000,-1.286998630,-1.544649363,0.438791394,-2.332390070,-2.558168888,2.261276722,-0.321873128
2,226,draw,0.162633,-0.000014,0.970000,-0.000004728,-0.000004564,-0.837130351,0.547003451,1.0000,-1.285983324,-1.546067953,0.436735898,-2.333506346,-2.560400724,2.262457609,-0.320945174
2,227,draw,0.161537,-0.000012,0.970000,-0.000005885,-0.000005725,-0.837130760,0.547002825,1.0000,-1.284968019,-1.547486544,0.434680372,-2.334622622,-2.562632322,2.263638496,-0.320017219
2,228,draw,0.160441,-0.000014,0.970000,-0.000004845,-0.000004659,-0.837130403,0.547003371,1.0000,-1.283952713,-1.548905134,0.432624876,-2.335738897,-2.564864159,2.264819384,-0.319089264
2,229,draw,0.159344,-0.000018,0.970000,-0.000001406,-0.000001357,-0.837129184,0.547005237,1.0000,-1.282937407,-1.550323725,0.430569351,-2.336855173,-2.567095757,2.266000271,-0.318161279
2,230,draw,0.158247,-0.000015,0.970000,-0.000002401,-0.000003050,-0.837129752,0.547004367,1.0000,-1.281554341,-1.551576972,0.428552032,-2.337990999,-2.569393873,2.266984701,-0.317560524
2,231,draw,0.157151,-0.000011,0.970000,-0.000004406,-0.000005593,-0.837130593,0.547003080,1.0000,-1.280017495,-1.552761197,0.426550686,-2.339134693,-2.571719885,2.267887115,-0.317096531
2,232,draw,0.156054,-0.000010,0.970000,-0.000004474,-0.000005765,-0.837130587,0.547003090,1.0000,-1.278480530,-1.553945303,0.424549311,-2.340278387,-2.574045658,2.268789530,-0.316632539
2,233,draw,0.154958,-0.000014,0.970000,-0.000002736,-0.000003576,-0.837129870,0.547004187,1.0000,-1.276943684,-1.555129528,0.422547966,-2.341422319,-2.576371431,2.269691944,-0.316168576
2,234,draw,0.153862,-0.000018,0.970000,-0.000000486,-0.000000852,-0.837128960,0.547005580,1.0000,-1.275330544,-1.556281686,0.420553982,-2.342568874,-2.578709364,2.270556450,-0.315774262
2,235,draw,0.152765,-0.000011,0.970000,-0.000002774,-0.000004673,-0.837130198,0.547003685,1.0000,-1.273349285,-1.557279348,0.418595701,-2.343728542,-2.581105709,2.271237135,-0.315716267
2,236,draw,0.151668,-0.000008,0.970000,-0.000003571,-0.000006012,-0.837130638,0.547003011,1.0000,-1.271368027,-1.558277011,0.416637391,-2.344888210,-2.583501816,2.271918058,-0.315658271
2,237,draw,0.150572,-0.000010,0.970000,-0.000002983,-0.000005106,-0.837130319,0.547003499,1.0000,-1.269386768,-1.559274673,0.414679110,-2.346047878,-2.585897923,2.272598743,-0.315600276
2,238,draw,0.149477,-0.000016,0.970000,-0.000000993,-0.000001798,-0.837129263,0.547005115,1.0000,-1.267405510,-1.560272455,0.412720799,-2.347207785,-2.588294029,2.273279428,-0.315542281
2,239,draw,0.148457,0.000296,0.970000,-0.000002551,-0.000000985,-0.837129302,0.547005057,1.0000,-1.266030192,-1.561861038,0.410927355,-2.347891808,-2.590003014,2.274843454,-0.315521270
2,240,draw,0.147479,0.000789,0.970000,-0.000004903,-0.000001880,-0.837129870,0.547004187,1.0000,-1.264998555,-1.563784957,0.409227431,-2.348306179,-2.591322184,2.276908398,-0.315521270
2,241,draw,0.146498,0.001279,0.970000,-0.000005155,-0.000002081,-0.837129937,0.547004085,1.0000,-1.263966918,-1.565708876,0.407527506,-2.348720551,-2.592641354,2.278973103,-0.315521270
2,242,draw,0.145516,0.001767,0.970000,-0.000003428,-0.000001358,-0.837129539,0.547004693,1.0000,-1.262935281,-1.567632794,0.405827582,-2.349134922,-2.593960762,2.281038046,-0.315521270
2,243,draw,0.144534,0.002254,0.970000,-0.000000414,-0.000000209,-0.837128785,0.547005848,1.0000,-1.261905670,-1.569554925,0.404128104,-2.349544764,-2.595280647,2.283104420,-0.315521270
2,244,draw,0.143556,0.002748,0.970000,-0.000003838,-0.000001453,-0.837129577,0.547004636,1.0000,-1.260893703,-1.571461439,0.402432442,-2.349914789,-2.596608877,2.285184383,-0.315521270
2,245,draw,0.142576,0.003240,0.970000,-0.000005262,-0.000002060,-0.837129876,0.547004179,1.0000,-1.259881735,-1.573368073,0.400736809,-2.350284576,-2.597937107,2.287264347,-0.315521270
2,246,draw,0.141595,0.003730,0.970000,-0.000004561,-0.000001827,-0.837129760,0.547004355,1.0000,-1.258869886,-1.575274587,0.399041146,-2.350654602,-2.599265337,2.289344072,-0.315521270
2,247,draw,0.140613,0.004217,0.970000,-0.000001824,-0.000000674,-0.837129136,0.547005310,1.0000,-1.257857919,-1.577181101,0.397345483,-2.351024628,-2.600593567,2.291424036,-0.315521270
2,248,draw,0.139632,0.004708,0.970000,-0.000002248,-0.000000893,-0.837129178,0.547005246,1.0000,-1.256856799,-1.579077244,0.395652354,-2.351369143,-2.601926565,2.293512106,-0.315521270
2,249,draw,0.138654,0.005201,0.970000,-0.000004723,-0.000001846,-0.837129719,0.547004418,1.0000,-1.255863786,-1.580965519,0.393961161,-2.351694584,-2.603263617,2.295606375,-0.315521270
2,250,draw,0.137674,0.005691,0.970000,-0.000005141,-0.000001911,-0.837129848,0.547004221,1.0000,-1.254870772,-1.582853794,0.392269969,-2.352020264,-2.604600668,2.297700644,-0.315521270
2,251,draw,0.136692,0.006180,0.970000,-0.000003463,-0.000001291,-0.837129467,0.547004805,1.0000,-1.253877759,-1.584742069,0.390578747,-2.352345705,-2.605937481,2.299794912,-0.315521270
2,252,draw,0.135710,0.006668,0.970000,-0.000000157,-0.000000102,-0.837128721,0.547005945,1.0000,-1.252889752,-1.586631775,0.388889819,-2.352666616,-2.607269764,2.301893234,-0.315521270
2,253,draw,0.134761,0.007202,0.970000,-0.000003374,-0.000001219,-0.837129392,0.547004918,1.0000,-1.252033353,-1.588557243,0.387258887,-2.352868557,-2.608481169,2.304102182,-0.315521270
2,254,draw,0.133812,0.007735,0.970000,-0.000004712,-0.000001599,-0.837129725,0.547004409,1.0000,-1.251177073,-1.590482712,0.385627955,-2.353070736,-2.609692574,2.306311131,-0.315521270
2,255,draw,0.132860,0.008265,0.970000,-0.000004193,-0.000001467,-0.837129625,0.547004563,1.0000,-1.250320673,-1.592408180,0.383997023,-2.353272915,-2.610903978,2.308519840,-0.315521270
2,256,draw,0.131907,0.008794,0.970000,-0.000001874,-0.000000687,-0.837129096,0.547005371,1.0000,-1.249464273,-1.594333649,0.382366091,-2.353474855,-2.612115383,2.310728788,-0.315521270
2,257,draw,0.131044,0.009446,0.970000,-0.000000451,0.000000014,-0.837129187,0.547005233,1.0000,-1.248972654,-1.596413374,0.380901545,-2.353417635,-2.612928867,2.313245296,-0.315521270
2,258,draw,0.130269,0.010221,0.970000,-0.000000900,-0.000000135,-0.837129710,0.547004432,1.0000,-1.248840213,-1.598645091,0.379600823,-2.353104591,-2.613350153,2.316064596,-0.315521270
2,259,draw,0.129494,0.010996,0.970000,-0.000001041,-0.000000122,-0.837129829,0.547004249,1.0000,-1.248707771,-1.600876808,0.378300101,-2.352791548,-2.613771677,2.318884134,-0.315521270
2,260,draw,0.128719,0.011771,0.970000,-0.000000751,-0.000000124,-0.837129522,0.547004719,1.0000,-1.248575330,-1.603108644,0.376999378,-2.352478743,-2.614193201,2.321703434,-0.315521270
2,261,draw,0.127942,0.012547,0.970000,-0.000000001,0.000000007,-0.837128696,0.547005984,1.0000,-1.248442888,-1.605340362,0.375698656,-2.352165699,-2.614614487,2.324522972,-0.315521270
2,262,draw,0.127170,0.013323,0.970000,-0.000000770,-0.000000061,-0.837129283,0.547005086,1.0000,-1.247712255,-1.607314825,0.374480456,-2.351883888,-2.615076303,2.327045679,-0.316084027
2,263,draw,0.126396,0.014099,0.970000,-0.000001159,-0.000000163,-0.837129506,0.547004744,1.0000,-1.246963143,-1.609281421,0.373264790,-2.351602793,-2.615539312,2.329559326,-0.316663980
2,264,draw,0.125620,0.014874,0.970000,-0.000001051,-0.000000205,-0.837129461,0.547004813,1.0000,-1.246214151,-1.611248016,0.372049123,-2.351321936,-2.616002321,2.332072735,-0.317243963
2,265,draw,0.124843,0.015648,0.970000,-0.000000489,-0.000000061,-0.837129081,0.547005395,1.0000,-1.245465159,-1.613214612,0.370833427,-2.351041079,-2.616465330,2.334586382,-0.317823946
2,266,draw,0.124070,0.016428,0.970000,-0.000000151,-0.000000119,-0.837128720,0.547005947,1.0000,-1.242800593,-1.614487886,0.369902670,-2.350973368,-2.617006779,2.336165905,-0.320176929
2,267,draw,0.123300,0.017210,0.970000,-0.000000374,-0.000000251,-0.837128793,0.547005835,1.0000,-1.237665415,-1.614866853,0.369339347,-2.351181030,-2.617649555,2.336540461,-0.324816734
2,268,draw,0.122526,0.017987,0.970000,-0.000000436,-0.000000457,-0.837128794,0.547005834,1.0000,-1.232530236,-1.615245819,0.368776023,-2.351388454,-2.618292332,2.336914778,-0.329456508
2,269,draw,0.121748,0.018758,0.970000,-0.000000312,-0.000000282,-0.837128785,0.547005847,1.0000,-1.227395058,-1.615624785,0.368212700,-2.351596117,-2.618935108,2.337289333,-0.334096313
2,270,draw,0.120967,0.019525,0.970000,-0.000000046,-0.000000058,-0.837128712,0.547005960,1.0000,-1.222259879,-1.616003752,0.367649376,-2.351803541,-2.619577885,2.337663889,-0.338736117
2,271,draw,0.120190,0.020301,0.970000,0.000001012,0.000000019,-0.837128942,0.547005607,1.0000,-1.212603927,-1.614779472,0.367752701,-2.352526426,-2.620388985,2.335855484,-0.347566426
2,272,draw,0.119415,0.021075,0.970000,0.000000589,0.000000027,-0.837128840,0.547005763,1.0000,-1.202463388,-1.613383293,0.367927492,-2.353304386,-2.621217966,2.333812952,-0.356846005
2,273,draw,0.118640,0.021851,0.970000,0.000000815,-0.000000043,-0.837128869,0.547005719,1.0000,-1.192342758,-1.611997008,0.368100315,-2.354064703,-2.622030020,2.331794739,-0.366125584
2,274,draw,0.117865,0.022626,0.970000,0.000000801,0.000000008,-0.837128870,0.547005717,1.0000,-1.182233691,-1.610616326,0.368272007,-2.354815006,-2.622832298,2.329790592,-0.375405163
2,275,draw,0.117129,0.023424,0.970000,0.000001187,0.000000161,-0.837129049,0.547005443,1.0000,-1.170602918,-1.608654737,0.368735284,-2.355684280,-2.623589516,2.327036381,-0.386185348
2,276,draw,0.116466,0.024268,0.970000,0.000002037,0.000000198,-0.837129340,0.547004999,1.0000,-1.156376958,-1.605702400,0.369695842,-2.356756210,-2.624270201,2.323003054,-0.399524748
2,277,draw,0.115808,0.025116,0.970000,0.000000392,0.000000067,-0.837128785,0.547005847,1.0000,-1.142150640,-1.602747202,0.370652318,-2.357825756,-2.624953985,2.318970680,-0.412864149
2,278,draw,0.115143,0.025959,0.970000,0.000002154,0.000000242,-0.837129389,0.547004923,1.0000,-1.127922058,-1.599767923,0.371573061,-2.358873367,-2.625666380,2.314945936,-0.426203549
2,279,draw,0.114485,0.026806,0.970000,0.000000611,0.000000150,-0.837128877,0.547005707,1.0000,-1.113693476,-1.596788526,0.372493833,-2.359920979,-2.626378536,2.310921431,-0.439542949
2,280,draw,0.114088,0.027808,0.970000,0.000000238,0.000000061,-0.837129284,0.547005085,1.0000,-1.099617362,-1.593568802,0.373971015,-2.360611200,-2.626327515,2.306788683,-0.453367263
2,281,draw,0.113742,0.028850,0.970000,0.000000205,0.000000088,-0.837129082,0.547005394,1.0000,-1.085571289,-1.590301871,0.375557333,-2.361231565,-2.626126528,2.302634716,-0.467286646
2,282,draw,0.113395,0.029889,0.970000,0.000000248,0.000000096,-0.837129196,0.547005218,1.0000,-1.071509004,-1.586984873,0.377131194,-2.361846209,-2.625960588,2.298443079,-0.481206030
2,283,draw,0.113048,0.030928,0.970000,0.000000342,0.000000086,-0.837129270,0.547005106,1.0000,-1.057434559,-1.583629847,0.378695637,-2.362457037,-2.625820875,2.294222355,-0.495125383
2,284,draw,0.112702,0.031971,0.970000,0.000000205,0.000000099,-0.837129027,0.547005478,1.0000,-1.043350935,-1.580247521,0.380252540,-2.363065004,-2.625700951,2.289981365,-0.509044766
2,285,draw,0.112355,0.033007,0.970000,0.000000369,0.000000228,-0.837129462,0.547004811,1.0000,-1.029246569,-1.576801896,0.381792128,-2.363666534,-2.625626326,2.285692692,-0.522964180
2,286,draw,0.112008,0.034055,0.970000,0.000000064,0.000000090,-0.837128740,0.547005917,1.0000,-1.015141010,-1.573352814,0.383330673,-2.364267588,-2.625553846,2.281401396,-0.536883533
2,287,draw,0.111662,0.035086,0.970000,0.000000511,0.000000212,-0.837129459,0.547004817,1.0000,-1.001005054,-1.569814086,0.384842098,-2.364859819,-2.625547886,2.277043104,-0.550802886
2,288,draw,0.111315,0.036132,0.970000,0.000000241,0.000000104,-0.837128978,0.547005552,1.0000,-0.986869216,-1.566275239,0.386353552,-2.365452290,-2.625541687,2.272684574,-0.564722300
2,289,draw,0.110969,0.037167,0.970000,0.000000474,0.000000194,-0.837129386,0.547004928,1.0000,-0.973011434,-1.562779188,0.387815982,-2.366003036,-2.625555277,2.268419504,-0.578374088
2,290,draw,0.110622,0.038209,0.970000,0.000000301,0.000000095,-0.837129226,0.547005172,1.0000,-0.959237218,-1.559296012,0.389263719,-2.366541147,-2.625574827,2.264182568,-0.591945469
2,291,draw,0.110276,0.039249,0.970000,0.000000440,0.000000157,-0.837129233,0.547005162,1.0000,-0.945447743,-1.555765986,0.390696734,-2.367074966,-2.625628471,2.259910583,-0.605516851
2,292,draw,0.109929,0.040287,0.970000,0.000000531,0.000000228,-0.837129422,0.547004873,1.0000,-0.931643069,-1.552189708,0.392115176,-2.367604494,-2.625716448,2.255604029,-0.619088292
2,293,draw,0.109583,0.041334,0.970000,-0.000000030,-0.000000102,-0.837128828,0.547005781,1.0000,-0.918487489,-1.548847079,0.393482059,-2.368057489,-2.625731945,2.251600981,-0.632086277
2,294,draw,0.109239,0.042371,0.970000,-0.000000166,-0.000000094,-0.837129087,0.547005385,1.0000,-0.907440245,-1.546263576,0.394681424,-2.368262529,-2.625512123,2.248584270,-0.643221736
2,295,draw,0.108889,0.043415,0.970000,-0.000000020,0.000000013,-0.837128726,0.547005938,1.0000,-0.896392941,-1.543680072,0.395880789,-2.368467808,-2.625292301,2.245567322,-0.654357255
2,296,draw,0.108545,0.044450,0.970000,-0.000000125,-0.000000120,-0.837129129,0.547005322,1.0000,-0.885337353,-1.541030049,0.397080600,-2.368664503,-2.625099421,2.242495060,-0.665492773
2,297,draw,0.108197,0.045493,0.970000,-0.000000082,-0.000000061,-0.837128918,0.547005644,1.0000,-0.874281526,-1.538377762,0.398280412,-2.368860960,-2.624907494,2.239421129,-0.676628292
2,298,draw,0.107859,0.046532,0.970000,-0.000000882,-0.000000654,-0.837129025,0.547005480,1.0000,-0.865473509,-1.536551237,0.399354398,-2.368794441,-2.624404192,2.237393856,-0.685809910
2,299,draw,0.107521,0.047570,0.970000,-0.000001540,-0.000001145,-0.837129268,0.547005108,1.0000,-0.857620478,-1.535075426,0.400374949,-2.368616104,-2.623768568,2.235811234,-0.694161534
2,300,draw,0.107175,0.048610,0.970000,-0.000001622,-0.000001198,-0.837129295,0.547005067,1.0000,-0.849767387,-1.533599615,0.401395470,-2.368437767,-2.623133183,2.234228611,-0.702513158
2,301,draw,0.106821,0.049652,0.970000,-0.000001003,-0.000000713,-0.837129059,0.547005428,1.0000,-0.841914356,-1.532123804,0.402416021,-2.368259430,-2.622497559,2.232645988,-0.710864782
2,302,draw,0.106512,0.050702,0.970000,-0.000000155,-0.000000517,-0.837128851,0.547005746,1.0000,-0.834604681,-1.530750394,0.403499633,-2.367989540,-2.621708632,2.231215954,-0.718806505
2,303,draw,0.106458,0.051785,0.970000,-0.000000808,-0.000002503,-0.837129399,0.547004908,1.0000,-0.829980373,-1.529882550,0.404895097,-2.367266893,-2.620161057,2.230541229,-0.724722207
2,304,draw,0.106396,0.052870,0.970000,-0.000000991,-0.000003314,-0.837129622,0.547004566,1.0000,-0.825356126,-1.529014707,0.406290561,-2.366544247,-2.618613482,2.229866266,-0.730637968
2,305,draw,0.106328,0.053956,0.970000,-0.000000840,-0.000002736,-0.837129457,0.547004819,1.0000,-0.820731819,-1.528146863,0.407686025,-2.365821600,-2.617065907,2.229191542,-0.736553669
2,306,draw,0.106253,0.055044,0.970000,-0.000000294,-0.000000971,-0.837128945,0.547005603,1.0000,-0.816107571,-1.527279019,0.409081489,-2.365098715,-2.615518332,2.228516817,-0.742469430
2,307,draw,0.106232,0.056136,0.970000,-0.000000425,-0.000001931,-0.837129252,0.547005132,1.0000,-0.811804533,-1.526394963,0.410557121,-2.364307165,-2.613864183,2.227852106,-0.748164296
2,308,draw,0.106239,0.057230,0.970000,-0.000000815,-0.000003574,-0.837129721,0.547004415,1.0000,-0.807686269,-1.525501490,0.412078887,-2.363475800,-2.612148523,2.227193594,-0.753732026
2,309,draw,0.106240,0.058326,0.970000,-0.000000873,-0.000003877,-0.837129821,0.547004262,1.0000,-0.803568065,-1.524608135,0.413600683,-2.362644434,-2.610433102,2.226534843,-0.759299815
2,310,draw,0.106235,0.059424,0.970000,-0.000000490,-0.000002614,-0.837129401,0.547004905,1.0000,-0.799449861,-1.523714662,0.415122449,-2.361812830,-2.608717442,2.225876093,-0.764867544
2,311,draw,0.106225,0.060523,0.970000,-0.000000097,-0.000000378,-0.837128795,0.547005833,1.0000,-0.795332491,-1.522812128,0.416647524,-2.360980034,-2.607002974,2.225208044,-0.770435274
2,312,draw,0.106236,0.061616,0.970000,-0.000000811,-0.000003106,-0.837129562,0.547004658,1.0000,-0.791222930,-1.521828771,0.418201894,-2.360134125,-2.605297565,2.224455833,-0.776003063
2,313,draw,0.106241,0.062711,0.970000,-0.000001073,-0.000004194,-0.837129849,0.547004219,1.0000,-0.787113369,-1.520845413,0.419756263,-2.359288216,-2.603592157,2.223703623,-0.781570792
2,314,draw,0.106239,0.063808,0.970000,-0.000000917,-0.000003585,-0.837129700,0.547004447,1.0000,-0.783003807,-1.519862175,0.421310633,-2.358442545,-2.601886749,2.222951412,-0.787138522
2,315,draw,0.106230,0.064906,0.970000,-0.000000434,-0.000001422,-0.837129120,0.547005335,1.0000,-0.778894246,-1.518878818,0.422865033,-2.357596636,-2.600181580,2.222199202,-0.792706311
2,316,draw,0.106303,0.065990,0.970000,-0.000001069,-0.000002365,-0.837129373,0.547004947,1.0000,-0.774828196,-1.517687201,0.424532652,-2.356725216,-2.598439693,2.221227407,-0.798274040
2,317,draw,0.106436,0.067062,0.970000,-0.000002056,-0.000004927,-0.837130085,0.547003859,1.0000,-0.770795226,-1.516336918,0.426286519,-2.355834484,-2.596669912,2.220088243,-0.803841829
2,318,draw,0.106563,0.068138,0.970000,-0.000002194,-0.000005385,-0.837130162,0.547003741,1.0000,-0.766762257,-1.514986634,0.428040415,-2.354943514,-2.594900131,2.218949318,-0.809409559
2,319,draw,0.106683,0.069216,0.970000,-0.000001485,-0.000003607,-0.837129695,0.547004455,1.0000,-0.762729347,-1.513636351,0.429794312,-2.354052782,-2.593130350,2.217810392,-0.814977288
2,320,draw,0.106806,0.070295,0.970000,-0.000000151,-0.000000210,-0.837128765,0.547005879,1.0000,-0.758700013,-1.512265682,0.431558877,-2.353159666,-2.591357946,2.216650009,-0.820545077
2,321,draw,0.107163,0.071328,0.970000,-0.000003108,-0.000005294,-0.837130261,0.547003589,1.0000,-0.754774868,-1.510317564,0.433625817,-2.352202654,-2.589505434,2.214884281,-0.826112807
2,322,draw,0.107515,0.072365,0.970000,-0.000004371,-0.000007562,-0.837130887,0.547002631,1.0000,-0.750849664,-1.508369327,0.435692757,-2.351245403,-2.587653160,2.213118553,-0.831680536
2,323,draw,0.107860,0.073406,0.970000,-0.000003921,-0.000006683,-0.837130657,0.547002983,1.0000,-0.746924460,-1.506421208,0.437759697,-2.350288391,-2.585800648,2.211353064,-0.837248325
2,324,draw,0.108198,0.074451,0.970000,-0.000001715,-0.000002922,-0.837129557,0.547004666,1.0000,-0.742999256,-1.504473090,0.439826638,-2.349331379,-2.583948135,2.209587336,-0.842816055
2,325,draw,0.108545,0.075491,0.970000,-0.000001871,-0.000003023,-0.837129632,0.547004551,1.0000,-0.739059985,-1.502461314,0.441898048,-2.348368406,-2.582136393,2.207759857,-0.848383844
2,326,draw,0.108900,0.076526,0.970000,-0.000004188,-0.000006849,-0.837130796,0.547002770,1.0000,-0.735106707,-1.500385880,0.443973958,-2.347399712,-2.580365181,2.205870628,-0.853951573
2,327,draw,0.109248,0.077565,0.970000,-0.000004642,-0.000007730,-0.837131023,0.547002423,1.0000,-0.731153369,-1.498310566,0.446049869,-2.346431017,-2.578593969,2.203981400,-0.859519303
2,328,draw,0.109590,0.078608,0.970000,-0.000003269,-0.000005570,-0.837130368,0.547003425,1.0000,-0.727200091,-1.496235251,0.448125750,-2.345462322,-2.576822758,2.202092171,-0.865087092
2,329,draw,0.109926,0.079655,0.970000,-0.000000074,-0.000000230,-0.837128735,0.547005925,1.0000,-0.723246753,-1.494159818,0.450201660,-2.344493628,-2.575051308,2.200202942,-0.870654821
2,330,draw,0.110282,0.080689,0.970000,-0.000003198,-0.000005333,-0.837130356,0.547003444,1.0000,-0.719426572,-1.492033482,0.452275425,-2.343493938,-2.573330879,2.198282480,-0.876087964
2,331,draw,0.110634,0.081726,0.970000,-0.000004631,-0.000007759,-0.837131095,0.547002312,1.0000,-0.715610862,-1.489905357,0.454349160,-2.342493296,-2.571611881,2.196360826,-0.881516516
2,332,draw,0.110980,0.082766,0.970000,-0.000004271,-0.000007220,-0.837130914,0.547002589,1.0000,-0.711795151,-1.487777352,0.456422865,-2.341492653,-2.569893122,2.194439173,-0.886945069
2,333,draw,0.111319,0.083811,0.970000,-0.000002049,-0.000003452,-0.837129742,0.547004383,1.0000,-0.707979441,-1.485649228,0.458496571,-2.340492010,-2.568174124,2.192517519,-0.892373621
2,334,draw,0.111662,0.084853,0.970000,-0.000001014,-0.000002738,-0.837129488,0.547004772,1.0000,-0.704663754,-1.483708501,0.460546762,-2.339424372,-2.566380501,2.190827847,-0.897379935
2,335,draw,0.112015,0.085891,0.970000,-0.000002542,-0.000006692,-0.837130676,0.547002954,1.0000,-0.702001691,-1.482012868,0.462566227,-2.338269472,-2.564488888,2.189441919,-0.901834130
2,336,draw,0.112364,0.086930,0.970000,-0.000002970,-0.000007730,-0.837130990,0.547002474,1.0000,-0.699339688,-1.480317116,0.464585721,-2.337114334,-2.562597513,2.188055992,-0.906288326
2,337,draw,0.112707,0.087971,0.970000,-0.000002164,-0.000005809,-0.837130394,0.547003386,1.0000,-0.696677625,-1.478621364,0.466605186,-2.335959196,-2.560706139,2.186669827,-0.910742521
2,338,draw,0.113046,0.089015,0.970000,-0.000000262,-0.000000627,-0.837128901,0.547005670,1.0000,-0.694015563,-1.476925731,0.468624651,-2.334804296,-2.558814526,2.185283899,-0.915196717
2,339,draw,0.113395,0.090054,0.970000,-0.000000124,-0.000004655,-0.837130147,0.547003764,1.0000,-0.692564964,-1.475735784,0.470586807,-2.333486319,-2.556700468,2.184505224,-0.918648899
2,340,draw,0.113744,0.091094,0.970000,-0.000000184,-0.000007041,-0.837130871,0.547002655,1.0000,-0.691249251,-1.474602222,0.472542584,-2.332150221,-2.554561377,2.183794498,-0.921989501
2,341,draw,0.114090,0.092134,0.970000,-0.000000164,-0.000006751,-0.837130753,0.547002836,1.0000,-0.689933479,-1.473468661,0.474498361,-2.330814123,-2.552422523,2.183083534,-0.925330162
2,342,draw,0.114434,0.093174,0.970000,-0.000000049,-0.000003462,-0.837129768,0.547004344,1.0000,-0.688617766,-1.472335100,0.476454139,-2.329478264,-2.550283432,2.182372570,-0.928670824
2,343,draw,0.114921,0.094128,0.970000,-0.000000803,-0.000002726,-0.837129502,0.547004750,1.0000,-0.687702477,-1.470987439,0.478479594,-2.328138590,-2.548182726,2.181434155,-0.931603551
2,344,draw,0.115658,0.094928,0.970000,-0.000002357,-0.000007632,-0.837131018,0.547002431,1.0000,-0.687479973,-1.469269753,0.480625600,-2.326792955,-2.546147823,2.180102587,-0.933830678
2,345,draw,0.116394,0.095728,0.970000,-0.000002732,-0.000009192,-0.837131420,0.547001815,1.0000,-0.687257469,-1.467552066,0.482771635,-2.325447083,-2.544112921,2.178770781,-0.936057746
2,346,draw,0.117130,0.096527,0.970000,-0.000002156,-0.000006953,-0.837130793,0.547002774,1.0000,-0.687034905,-1.465834260,0.484917641,-2.324101448,-2.542078018,2.177439213,-0.938284874
2,347,draw,0.117865,0.097325,0.970000,-0.000000323,-0.000001336,-0.837129061,0.547005425,1.0000,-0.686812401,-1.464116573,0.487063676,-2.322755575,-2.540042877,2.176107407,-0.940512002
2,348,draw,0.118630,0.098107,0.970000,0.000000062,-0.000005167,-0.837130316,0.547003505,1.0000,-0.687715709,-1.462844133,0.489163458,-2.321259260,-2.537799358,2.175307274,-0.941811740
2,349,draw,0.119403,0.098884,0.970000,0.000000131,-0.000008182,-0.837131311,0.547001981,1.0000,-0.688845098,-1.461661100,0.491253942,-2.319732904,-2.535513639,2.174613714,-0.942925334
2,350,draw,0.120178,0.099660,0.970000,0.000000186,-0.000008039,-0.837131219,0.547002123,1.0000,-0.689974546,-1.460478187,0.493344456,-2.318206310,-2.533227921,2.173920155,-0.944038868
2,351,draw,0.120956,0.100432,0.970000,-0.000000004,-0.000004390,-0.837130127,0.547003794,1.0000,-0.691103935,-1.459295154,0.495434940,-2.316679955,-2.530942440,2.173226833,-0.945152402
2,352,draw,0.121730,0.101206,0.970000,0.000001082,-0.000001873,-0.837129374,0.547004946,1.0000,-0.692601919,-1.458299398,0.497499496,-2.315097809,-2.528571367,2.172751188,-0.945974410
2,353,draw,0.122498,0.101985,0.970000,0.000003491,-0.000005965,-0.837131071,0.547002349,1.0000,-0.694963336,-1.457741857,0.499503195,-2.313386202,-2.526000500,2.172786236,-0.946113646
2,354,draw,0.123271,0.102762,0.970000,0.000004225,-0.000007241,-0.837131573,0.547001581,1.0000,-0.697324693,-1.457184315,0.501506865,-2.311674356,-2.523429632,2.172821522,-0.946252823
2,355,draw,0.124049,0.103535,0.970000,0.000003341,-0.000005682,-0.837130978,0.547002492,1.0000,-0.699686050,-1.456626773,0.503510594,-2.309962749,-2.520858765,2.172856569,-0.946392000
2,356,draw,0.124832,0.104307,0.970000,0.000000814,-0.000001499,-0.837129282,0.547005086,1.0000,-0.702047408,-1.456069350,0.505514324,-2.308250904,-2.518288136,2.172891617,-0.946531236
2,357,draw,0.125601,0.105084,0.970000,0.000002941,-0.000003973,-0.837130340,0.547003468,1.0000,-0.704568267,-1.455606818,0.507489622,-2.306492090,-2.515683413,2.173039913,-0.946563840
2,358,draw,0.126371,0.105862,0.970000,0.000004834,-0.000006632,-0.837131526,0.547001653,1.0000,-0.707138002,-1.455173254,0.509456217,-2.304718971,-2.513068676,2.173223019,-0.946563840
2,359,draw,0.127146,0.106637,0.970000,0.000004880,-0.000006658,-0.837131500,0.547001693,1.0000,-0.709707677,-1.454739809,0.511422873,-2.302945852,-2.510453701,2.173405886,-0.946563840
2,360,draw,0.127927,0.107410,0.970000,0.000002887,-0.000003950,-0.837130361,0.547003435,1.0000,-0.712277353,-1.454306245,0.513389468,-2.301172733,-2.507838964,2.173588753,-0.946563840
2,361,draw,0.128709,0.108181,0.970000,0.000001051,-0.000001385,-0.837129255,0.547005128,1.0000,-0.714851797,-1.453875184,0.515349507,-2.299392700,-2.505228043,2.173775196,-0.946563840
2,362,draw,0.129482,0.108951,0.970000,0.000004059,-0.000005500,-0.837131038,0.547002400,1.0000,-0.717441857,-1.453451991,0.517287612,-2.297590256,-2.502630472,2.173973322,-0.946563840
2,363,draw,0.130260,0.109719,0.970000,0.000005119,-0.000006907,-0.837131642,0.547001475,1.0000,-0.720031977,-1.453028917,0.519225776,-2.295787811,-2.500032663,2.174171448,-0.946563840
2,364,draw,0.131044,0.110484,0.970000,0.000004200,-0.000005683,-0.837131135,0.547002251,1.0000,-0.722622097,-1.452605724,0.521163881,-2.293985367,-2.497435093,2.174369335,-0.946563840
2,365,draw,0.131834,0.111247,0.970000,0.000001233,-0.000001800,-0.837129433,0.547004857,1.0000,-0.725212157,-1.452182651,0.523102045,-2.292182684,-2.494837523,2.174567461,-0.946563840
2,366,draw,0.132754,0.111824,0.970000,-0.000000444,-0.000004141,-0.837129953,0.547004060,1.0000,-0.727459252,-1.451165795,0.525028884,-2.290590525,-2.492678881,2.174057484,-0.946563840
2,367,draw,0.133732,0.112319,0.970000,-0.000000982,-0.000007298,-0.837130998,0.547002461,1.0000,-0.729558349,-1.449892640,0.526950896,-2.289089203,-2.490710020,2.173242331,-0.946563840
2,368,draw,0.134712,0.112809,0.970000,-0.000000991,-0.000007434,-0.837131057,0.547002371,1.0000,-0.731657445,-1.448619485,0.528872907,-2.287587881,-2.488740921,2.172426939,-0.946563840
2,369,draw,0.135695,0.113296,0.970000,-0.000000635,-0.000004745,-0.837130158,0.547003746,1.0000,-0.733756483,-1.447346449,0.530794919,-2.286086321,-2.486772060,2.171611547,-0.946563840
2,370,draw,0.136679,0.113781,0.970000,-0.000000103,-0.000001144,-0.837129034,0.547005466,1.0000,-0.735861242,-1.446076870,0.532715917,-2.284578085,-2.484803438,2.170802116,-0.946563840
2,371,draw,0.137655,0.114278,0.970000,-0.000000652,-0.000005981,-0.837130549,0.547003148,1.0000,-0.737994432,-1.444825530,0.534631610,-2.283035517,-2.482837200,2.170023441,-0.946563840
2,372,draw,0.138634,0.114771,0.970000,-0.000000920,-0.000007885,-0.837131152,0.547002225,1.0000,-0.740127683,-1.443574309,0.536547303,-2.281492949,-2.480871201,2.169244766,-0.946563840
2,373,draw,0.139616,0.115259,0.970000,-0.000000760,-0.000006601,-0.837130775,0.547002803,1.0000,-0.742260873,-1.442322969,0.538463056,-2.279950619,-2.478904963,2.168465853,-0.946563840
2,374,draw,0.140600,0.115744,0.970000,-0.000000325,-0.000002320,-0.837129464,0.547004809,1.0000,-0.744394124,-1.441071630,0.540378749,-2.278408051,-2.476938963,2.167687178,-0.946563840
2,375,draw,0.141579,0.116236,0.970000,-0.000000354,-0.000003850,-0.837129901,0.547004140,1.0000,-0.746549308,-1.439834952,0.542290151,-2.276839495,-2.474974155,2.166931868,-0.946563840
2,376,draw,0.142557,0.116731,0.970000,-0.000000785,-0.000007294,-0.837131008,0.547002446,1.0000,-0.748717308,-1.438606739,0.544198990,-2.275255919,-2.473010302,2.166190624,-0.946563840
2,377,draw,0.143537,0.117222,0.970000,-0.000000780,-0.000007691,-0.837131103,0.547002299,1.0000,-0.750885308,-1.437378526,0.546107888,-2.273672342,-2.471046209,2.165449142,-0.946563840
2,378,draw,0.144520,0.117708,0.970000,-0.000000573,-0.000004980,-0.837130286,0.547003551,1.0000,-0.753053367,-1.436150312,0.548016727,-2.272088766,-2.469082355,2.164707899,-0.946563840
2,379,draw,0.145506,0.118184,0.970000,-0.000000126,-0.000000619,-0.837128897,0.547005676,1.0000,-0.755205035,-1.434905410,0.549920022,-2.270514488,-2.467140436,2.163945436,-0.946563840
2,380,draw,0.146504,0.118596,0.970000,-0.000001360,-0.000005557,-0.837130416,0.547003352,1.0000,-0.757206261,-1.433505774,0.551771641,-2.269024611,-2.465402126,2.162991047,-0.946563840
2,381,draw,0.147503,0.119004,0.970000,-0.000001885,-0.000007516,-0.837131024,0.547002421,1.0000,-0.759207547,-1.432106018,0.553623319,-2.267534733,-2.463663816,2.162036657,-0.946563840
2,382,draw,0.148504,0.119408,0.970000,-0.000001708,-0.000006564,-0.837130769,0.547002812,1.0000,-0.761208773,-1.430706382,0.555474937,-2.266045094,-2.461925745,2.161082268,-0.946563840
2,383,draw,0.149508,0.119807,0.970000,-0.000000676,-0.000002714,-0.837129525,0.547004715,1.0000,-0.763209999,-1.429306746,0.557326615,-2.264555216,-2.460187435,2.160127878,-0.946563840
2,384,draw,0.150565,0.119983,0.970000,-0.000001971,-0.000002064,-0.837129823,0.547004258,1.0000,-0.764688373,-1.427385092,0.559043944,-2.263402939,-2.459053755,2.158517122,-0.946563840
2,385,draw,0.151661,0.119987,0.970000,-0.000003985,-0.000004275,-0.837130960,0.547002519,1.0000,-0.765763164,-1.425060391,0.560657561,-2.262510777,-2.458386660,2.156399488,-0.946563840
2,386,draw,0.152758,0.119987,0.970000,-0.000004370,-0.000004687,-0.837131169,0.547002199,1.0000,-0.766837895,-1.422735810,0.562271178,-2.261618853,-2.457719803,2.154281855,-0.946563840
2,387,draw,0.153854,0.119985,0.970000,-0.000002963,-0.000003146,-0.837130382,0.547003403,1.0000,-0.767912686,-1.420411110,0.563884795,-2.260726929,-2.457052708,2.152164221,-0.946563840
2,388,draw,0.154949,0.119980,0.970000,-0.000000053,-0.000000169,-0.837128763,0.547005881,1.0000,-0.768988490,-1.418086290,0.565498471,-2.259833574,-2.456386089,2.150047302,-0.946563840
2,389,draw,0.156046,0.119985,0.970000,-0.000003214,-0.000003372,-0.837130501,0.547003222,1.0000,-0.770096898,-1.415754914,0.567115366,-2.258898973,-2.455729723,2.147953749,-0.946563840
2,390,draw,0.157143,0.119987,0.970000,-0.000004569,-0.000004699,-0.837131238,0.547002093,1.0000,-0.771205306,-1.413423538,0.568732202,-2.257964373,-2.455073357,2.145860195,-0.946563840
2,391,draw,0.158239,0.119987,0.970000,-0.000004025,-0.000004340,-0.837130944,0.547002543,1.0000,-0.772313714,-1.411092162,0.570349038,-2.257029533,-2.454416990,2.143766403,-0.946563840
2,392,draw,0.159335,0.119983,0.970000,-0.000001835,-0.000001874,-0.837129706,0.547004438,1.0000,-0.773422182,-1.408760667,0.571965933,-2.256094933,-2.453760624,2.141672850,-0.946563840
2,393,draw,0.160431,0.119983,0.970000,-0.000001855,-0.000002001,-0.837129746,0.547004377,1.0000,-0.774547756,-1.406426668,0.573584616,-2.255139112,-2.453109503,2.139591455,-0.946563840
2,394,draw,0.161528,0.119987,0.970000,-0.000004216,-0.000004383,-0.837131011,0.547002441,1.0000,-0.775690615,-1.404089808,0.575205207,-2.254161835,-2.452463388,2.137522697,-0.946563840
2,395,draw,0.162624,0.119988,0.970000,-0.000004732,-0.000004853,-0.837131275,0.547002036,1.0000,-0.776833534,-1.401752949,0.576825798,-2.253184557,-2.451817274,2.135453939,-0.946563840
2,396,draw,0.163720,0.119985,0.970000,-0.000003312,-0.000003497,-0.837130512,0.547003205,1.0000,-0.777976394,-1.399416089,0.578446388,-2.252207279,-2.451171160,2.133384943,-0.946563840
2,397,draw,0.164815,0.119980,0.970000,-0.000000179,-0.000000206,-0.837128792,0.547005837,1.0000,-0.779119313,-1.397079229,0.580066979,-2.251230001,-2.450525284,2.131316185,-0.946563840
2,398,draw,0.165913,0.119985,0.970000,-0.000003226,-0.000003325,-0.837130468,0.547003272,1.0000,-0.780296147,-1.394738436,0.581691623,-2.250211954,-2.449888706,2.129271984,-0.946563840
2,399,draw,0.167009,0.119988,0.970000,-0.000004898,-0.000004887,-0.837131312,0.547001980,1.0000,-0.781474292,-1.392397523,0.583316505,-2.249192238,-2.449252844,2.127228975,-0.946563840
2,400,draw,0.168105,0.119987,0.970000,-0.000004474,-0.000004507,-0.837131109,0.547002290,1.0000,-0.782652497,-1.390056610,0.584941328,-2.248172522,-2.448616743,2.125185728,-0.946563840
2,401,draw,0.169201,0.119984,0.970000,-0.000002133,-0.000002212,-0.837129826,0.547004254,1.0000,-0.783830643,-1.387715578,0.586566210,-2.247152567,-2.447980642,2.123142481,-0.946563840
2,402,draw,0.170297,0.119983,0.970000,-0.000001725,-0.000001738,-0.837129606,0.547004592,1.0000,-0.785024285,-1.385373473,0.588193119,-2.246114731,-2.447348833,2.121110678,-0.946563840
2,403,draw,0.171394,0.119987,0.970000,-0.000004419,-0.000004481,-0.837131034,0.547002405,1.0000,-0.786238551,-1.383029699,0.589822769,-2.245052576,-2.446722746,2.119093895,-0.946563840
2,404,draw,0.172491,0.119988,0.970000,-0.000005066,-0.000005157,-0.837131363,0.547001902,1.0000,-0.787452757,-1.380685925,0.591452420,-2.243990421,-2.446096420,2.117077112,-0.946563840
2,405,draw,0.173586,0.119986,0.970000,-0.000003717,-0.000003894,-0.837130664,0.547002973,1.0000,-0.788667023,-1.378342271,0.593082070,-2.242928267,-2.445470095,2.115060329,-0.946563840
2,406,draw,0.174682,0.119981,0.970000,-0.000000496,-0.000000390,-0.837128945,0.547005603,1.0000,-0.789881229,-1.375998497,0.594711721,-2.241866350,-2.444843769,2.113043785,-0.946563840
3,0,travel,0.174870,0.120208,0.965518,-0.000290730,0.000070674,-0.828571141,0.559883715,1.0000,-0.779142201,-1.387150049,0.597417355,-2.256437540,-2.441566706,2.110617161,-0.920540333
3,1,travel,0.174940,0.120421,0.960525,-0.000561881,0.000141026,-0.818820498,0.574049351,1.0000,-0.767023981,-1.399858594,0.600247085,-2.272812366,-2.437983990,2.108143568,-0.891514242
3,2,travel,0.174996,0.120590,0.955540,-0.000776413,0.000201215,-0.808857432,0.588004261,1.0000,-0.754905760,-1.412567139,0.603076875,-2.289187431,-2.434401035,2.105669975,-0.862488091
3,3,travel,0.175037,0.120714,0.950565,-0.000933855,0.000249469,-0.798686665,0.601746356,1.0000,-0.742787540,-1.425275683,0.605906606,-2.305562496,-2.430818319,2.103196144,-0.833462000
3,4,travel,0.175064,0.120794,0.945602,-0.001033831,0.000284559,-0.788312722,0.615273844,1.0000,-0.730669379,-1.437984347,0.608736396,-2.321937561,-2.427235365,2.100722551,-0.804435909
3,5,travel,0.175076,0.120828,0.940653,-0.001075978,0.000304808,-0.777740156,0.628584918,1.0000,-0.718551159,-1.450692892,0.611566126,-2.338312387,-2.423652649,2.098248959,-0.775409818
3,6,travel,0.175072,0.120816,0.935720,-0.001059788,0.000308875,-0.766973499,0.641677827,1.0000,-0.706432939,-1.463401437,0.614395857,-2.354687452,-2.420069695,2.095775127,-0.746383727
3,7,travel,0.175053,0.120759,0.930803,-0.000985271,0.000295212,-0.756017220,0.654550918,1.0000,-0.694314718,-1.476109982,0.617225647,-2.371062517,-2.416486979,2.093301535,-0.717357576
3,8,travel,0.175019,0.120655,0.925905,-0.000851788,0.000262186,-0.744875694,0.667202673,1.0000,-0.682196498,-1.488818645,0.620055377,-2.387437582,-2.412904024,2.090827703,-0.688331485
3,9,travel,0.174968,0.120503,0.921027,-0.000659484,0.000208348,-0.733553284,0.679631592,1.0000,-0.670078278,-1.501527190,0.622885168,-2.403812408,-2.409321308,2.088354111,-0.659305394
3,10,travel,0.174902,0.120304,0.916171,-0.000407911,0.000132330,-0.722054313,0.691836241,1.0000,-0.657960057,-1.514235735,0.625714898,-2.420187473,-2.405738354,2.085880518,-0.630279303
3,11,travel,0.174821,0.120057,0.911339,-0.000096984,0.000032326,-0.710383027,0.703815278,1.0000,-0.645841837,-1.526944280,0.628544688,-2.436562538,-2.402155399,2.083406687,-0.601253211
3,12,travel,0.178821,0.120086,0.910841,-0.000214537,-0.000286888,-0.700915071,0.713244653,1.0000,-0.652523696,-1.527264595,0.631334424,-2.436173439,-2.399601936,2.082352400,-0.569448709
3,13,travel,0.184426,0.120224,0.911998,-0.000521228,-0.000661852,-0.692241219,0.721665702,1.0000,-0.666449189,-1.522811770,0.634108782,-2.429325342,-2.397444725,2.081845045,-0.536573708
3,14,travel,0.190060,0.120348,0.913145,-0.000837786,-0.001010694,-0.683456269,0.729990278,1.0000,-0.680374622,-1.518358827,0.636883140,-2.422477245,-2.395287752,2.081337690,-0.503698707
3,15,travel,0.195722,0.120460,0.914280,-0.001162654,-0.001333346,-0.674561253,0.738216761,1.0000,-0.694300115,-1.513905883,0.639657438,-2.415629148,-2.393130779,2.080830336,-0.470823705
3,16,travel,0.201409,0.120557,0.915406,-0.001494374,-0.001629814,-0.665557160,0.746343605,1.0000,-0.708225608,-1.509453058,0.642431796,-2.408781052,-2.390973568,2.080322981,-0.437948704
3,17,travel,0.207118,0.120639,0.916520,-0.001831686,-0.001900136,-0.656445159,0.754369132,1.0000,-0.722151101,-1.505000114,0.645206153,-2.401932955,-2.388816595,2.079815626,-0.405073702
3,18,travel,0.212847,0.120706,0.917622,-0.002173093,-0.002144442,-0.647226312,0.762291794,1.0000,-0.736076593,-1.500547171,0.647980511,-2.395084858,-2.386659622,2.079308271,-0.372198701
3,19,travel,0.218592,0.120756,0.918714,-0.002517084,-0.002362874,-0.637901707,0.770110053,1.0000,-0.750002086,-1.496094227,0.650754809,-2.388236761,-2.384502411,2.078800917,-0.339323699
3,20,travel,0.224352,0.120789,0.919794,-0.002862538,-0.002555826,-0.628472584,0.777822271,1.0000,-0.763927579,-1.491641402,0.653529167,-2.381388664,-2.382345438,2.078293562,-0.306448698
3,21,travel,0.230123,0.120804,0.920863,-0.003207977,-0.002723536,-0.618940001,0.785426996,1.0000,-0.777853012,-1.487188458,0.656303525,-2.374540329,-2.380188465,2.077786207,-0.273573697
3,22,travel,0.235903,0.120800,0.921920,-0.003551971,-0.002866204,-0.609305276,0.792922600,1.0000,-0.791778505,-1.482735515,0.659077883,-2.367692232,-2.378031254,2.077278852,-0.240698695
3,23,travel,0.241689,0.120777,0.922965,-0.003893392,-0.002984495,-0.599569652,0.800307545,1.0000,-0.805703998,-1.478282690,0.661852181,-2.360844135,-2.375874281,2.076771498,-0.207823694
3,24,travel,0.247479,0.120733,0.923998,-0.004230908,-0.003078728,-0.589734339,0.807580355,1.0000,-0.819629490,-1.473829746,0.664626539,-2.353996038,-2.373717308,2.076264143,-0.174948707
3,25,travel,0.253269,0.120668,0.925020,-0.004563149,-0.003149474,-0.579800558,0.814739573,1.0000,-0.833554983,-1.469376802,0.667400897,-2.347147942,-2.371560097,2.075756788,-0.142073706
3,26,travel,0.259057,0.120581,0.926031,-0.004889111,-0.003197457,-0.569769709,0.821783641,1.0000,-0.847480476,-1.464923978,0.670175254,-2.340299845,-2.369403124,2.075249434,-0.109198704
3,27,travel,0.264841,0.120471,0.927029,-0.005207327,-0.003223271,-0.559643026,0.828711155,1.0000,-0.861405969,-1.460471034,0.672949553,-2.333451748,-2.367245913,2.074741840,-0.076323703
3,28,travel,0.270616,0.120338,0.928017,-0.005516986,-0.003227494,-0.549421923,0.835520614,1.0000,-0.875331402,-1.456018090,0.675723910,-2.326603651,-2.365088940,2.074234486,-0.043448702
3,29,travel,0.276382,0.120180,0.928993,-0.005816817,-0.003210969,-0.539107778,0.842210578,1.0000,-0.889256895,-1.451565146,0.678498268,-2.319755554,-2.362931967,2.073727131,-0.010573701
3,30,travel,0.282134,0.119997,0.929957,-0.006105694,-0.003174625,-0.528701851,0.848779709,1.0000,-0.903182387,-1.447112322,0.681272626,-2.312907219,-2.360774755,2.073219776,0.022301299
3,31,travel,0.287870,0.119788,0.930911,-0.006382686,-0.003119076,-0.518205787,0.855226459,1.0000,-0.917107880,-1.442659378,0.684046924,-2.306059122,-2.358617783,2.072712421,0.055176299
3,32,travel,0.293587,0.119552,0.931853,-0.006646804,-0.003045319,-0.507620910,0.861549510,1.0000,-0.931033373,-1.438206434,0.686821282,-2.299211025,-2.356460810,2.072205067,0.088051297
3,33,travel,0.299283,0.119289,0.932785,-0.006897007,-0.002954344,-0.496948638,0.867747518,1.0000,-0.944958866,-1.433753610,0.689595640,-2.292362928,-2.354303598,2.071697712,0.120926298
3,34,travel,0.304954,0.118998,0.933707,-0.007132566,-0.002847055,-0.486190561,0.873819066,1.0000,-0.958884358,-1.429300666,0.692369998,-2.285514832,-2.352146626,2.071190357,0.153801292
3,35,travel,0.310598,0.118678,0.934618,-0.007352564,-0.002724510,-0.475348134,0.879762848,1.0000,-0.972809851,-1.424847722,0.695144355,-2.278666735,-2.349989653,2.070683002,0.186676294
3,36,travel,0.316213,0.118327,0.935520,-0.007556111,-0.002587824,-0.464422819,0.885577582,1.0000,-0.986735284,-1.420394897,0.697918653,-2.271818638,-2.347832441,2.070175648,0.219551295
3,37,travel,0.321795,0.117946,0.936412,-0.007742678,-0.002437977,-0.453416317,0.891261887,1.0000,-1.000660777,-1.415941954,0.700693011,-2.264970541,-2.345675468,2.069668293,0.252426296
3,38,travel,0.327341,0.117534,0.937295,-0.007911482,-0.002276149,-0.442330157,0.896814507,1.0000,-1.014586329,-1.411489010,0.703467369,-2.258122444,-2.343518496,2.069160938,0.285301298
3,39,travel,0.332849,0.117089,0.938169,-0.008061831,-0.002103579,-0.431165737,0.902234276,1.0000,-1.028511763,-1.407036066,0.706241727,-2.251274109,-2.341361284,2.068653584,0.318176299
3,40,travel,0.338317,0.116612,0.939035,-0.008193301,-0.001921356,-0.419924973,0.907519804,1.0000,-1.042437196,-1.402583241,0.709016025,-2.244426012,-2.339204311,2.068146229,0.351051301
3,41,travel,0.343741,0.116101,0.939893,-0.008305294,-0.001730637,-0.408609429,0.912669908,1.0000,-1.056362748,-1.398130298,0.711790383,-2.237577915,-2.337047338,2.067638874,0.383926302
3,42,travel,0.349119,0.115555,0.940743,-0.008397262,-0.001532727,-0.397220612,0.917683454,1.0000,-1.070288181,-1.393677354,0.714564741,-2.230729818,-2.334890127,2.067131519,0.416801304
3,43,travel,0.354448,0.114974,0.941586,-0.008469061,-0.001328920,-0.385760416,0.922559164,1.0000,-1.084213734,-1.389224529,0.717339098,-2.223881721,-2.332733154,2.066624165,0.449676305
3,44,travel,0.359725,0.114357,0.942423,-0.008520051,-0.001120426,-0.374230332,0.927295968,1.0000,-1.098139167,-1.384771585,0.720113397,-2.217033625,-2.330575943,2.066116810,0.482551306
3,45,travel,0.364948,0.113704,0.943253,-0.008550254,-0.000908528,-0.362632301,0.931892634,1.0000,-1.112064719,-1.380318642,0.722887754,-2.210185528,-2.328418970,2.065609455,0.515426278
3,46,travel,0.370114,0.113013,0.944077,-0.008559376,-0.000694598,-0.350967878,0.936348121,1.0000,-1.125990152,-1.375865817,0.725662112,-2.203337431,-2.326261997,2.065102100,0.548301280
3,47,travel,0.375221,0.112283,0.944897,-0.008547102,-0.000479992,-0.339238840,0.940661324,1.0000,-1.139915586,-1.371412873,0.728436470,-2.196489334,-2.324104786,2.064594507,0.581176281
3,48,travel,0.380266,0.111515,0.945711,-0.008513600,-0.000265906,-0.327447062,0.944831133,1.0000,-1.153841138,-1.366959929,0.731210768,-2.189640999,-2.321947813,2.064087152,0.614051282
3,49,travel,0.385247,0.110707,0.946522,-0.008458741,-0.000053649,-0.315594312,0.948856510,1.0000,-1.167766571,-1.362507105,0.733985126,-2.182792902,-2.319790840,2.063579798,0.646926284
3,50,travel,0.390160,0.109858,0.947329,-0.008382410,0.000155416,-0.303682399,0.952736433,1.0000,-1.181692123,-1.358054161,0.736759484,-2.175944805,-2.317633629,2.063072443,0.679801285
3,51,travel,0.395004,0.108969,0.948133,-0.008284965,0.000359957,-0.291713152,0.956469898,1.0000,-1.195617557,-1.353601217,0.739533842,-2.169096708,-2.315476656,2.062565088,0.712676287
3,52,travel,0.399776,0.108037,0.948934,-0.008166459,0.000558608,-0.279688492,0.960055907,1.0000,-1.209543109,-1.349148273,0.742308140,-2.162248611,-2.313319683,2.062057734,0.745551288
3,53,travel,0.404474,0.107063,0.949734,-0.008027110,0.000750030,-0.267610108,0.963493556,1.0000,-1.223468542,-1.344695449,0.745082498,-2.155400515,-2.311162472,2.061550379,0.778426290
3,54,travel,0.409095,0.106046,0.950532,-0.007867309,0.000933010,-0.255480059,0.966781865,1.0000,-1.237393975,-1.340242505,0.747856855,-2.148552418,-2.309005499,2.061043024,0.811301291
3,55,travel,0.413637,0.104984,0.951330,-0.007687364,0.001106186,-0.243300255,0.969919928,1.0000,-1.251319528,-1.335789561,0.750631213,-2.141704321,-2.306848526,2.060535669,0.844176292
3,56,travel,0.418098,0.103878,0.952127,-0.007487656,0.001268203,-0.231072448,0.972906907,1.0000,-1.265244961,-1.331336737,0.753405571,-2.134856224,-2.304691315,2.060028315,0.877051294
3,57,travel,0.422475,0.102727,0.952924,-0.007268823,0.001417831,-0.218798731,0.975741907,1.0000,-1.279170513,-1.326883793,0.756179869,-2.128007889,-2.302534342,2.059520960,0.909926295
3,58,travel,0.426766,0.101530,0.953723,-0.007031169,0.001553887,-0.206480972,0.978424119,1.0000,-1.293095946,-1.322430849,0.758954227,-2.121159792,-2.300377131,2.059013605,0.942801297
3,59,travel,0.430970,0.100286,0.954523,-0.006775607,0.001675098,-0.194121297,0.980952704,1.0000,-1.307021499,-1.317978024,0.761728585,-2.114311695,-2.298220158,2.058506250,0.975676298
3,60,travel,0.435083,0.098995,0.955325,-0.006502608,0.001780272,-0.181721548,0.983326917,1.0000,-1.320946932,-1.313525081,0.764502943,-2.107463598,-2.296063185,2.057998896,1.008551240
3,61,travel,0.439103,0.097656,0.956129,-0.006212850,0.001868130,-0.169283648,0.985546020,1.0000,-1.334872365,-1.309072137,0.767277241,-2.100615501,-2.293905973,2.057491541,1.041426301
3,62,travel,0.443030,0.096268,0.956936,-0.005907345,0.001937657,-0.156809883,0.987609239,1.0000,-1.348797917,-1.304619193,0.770051599,-2.093767405,-2.291749001,2.056984186,1.074301243
3,63,travel,0.446860,0.094831,0.957747,-0.005586889,0.001987641,-0.144301998,0.989515927,1.0000,-1.362723351,-1.300166368,0.772825956,-2.086919308,-2.289592028,2.056476831,1.107176304
3,64,travel,0.450591,0.093345,0.958562,-0.005252187,0.002016989,-0.131762215,0.991265386,1.0000,-1.376648903,-1.295713425,0.775600314,-2.080071211,-2.287434816,2.055969477,1.140051246
3,65,travel,0.454223,0.091808,0.959382,-0.004904436,0.002024696,-0.119192473,0.992856989,1.0000,-1.390574336,-1.291260481,0.778374612,-2.073223114,-2.285277843,2.055462122,1.172926307
3,66,travel,0.457752,0.090220,0.960206,-0.004544771,0.002009592,-0.106594924,0.994290113,1.0000,-1.404499888,-1.286807656,0.781148970,-2.066374779,-2.283120871,2.054954529,1.205801249
3,67,travel,0.461177,0.088580,0.961036,-0.004173780,0.001970959,-0.093971525,0.995564185,1.0000,-1.418425322,-1.282354712,0.783923328,-2.059526682,-2.280963659,2.054447174,1.238676310
3,68,travel,0.464497,0.086889,0.961872,-0.003792954,0.001907806,-0.081324637,0.996678623,1.0000,-1.432350874,-1.277901769,0.786697686,-2.052678585,-2.278806686,2.053939819,1.271551251
3,69,travel,0.467709,0.085145,0.962714,-0.003403428,0.001819161,-0.068656081,0.997632923,1.0000,-1.446276307,-1.273448944,0.789471984,-2.045830488,-2.276649714,2.053432465,1.304426312
3,70,travel,0.470811,0.083347,0.963563,-0.003006226,0.001704210,-0.055968078,0.998426578,1.0000,-1.460201740,-1.268996000,0.792246342,-2.038982391,-2.274492502,2.052925110,1.337301254
3,71,travel,0.473804,0.081496,0.964419,-0.002602842,0.001562246,-0.043262815,0.999059114,1.0000,-1.474127293,-1.264543056,0.795020700,-2.032134295,-2.272335529,2.052417755,1.370176315
3,72,travel,0.476683,0.079591,0.965282,-0.002194469,0.001392410,-0.030542319,0.999530096,1.0000,-1.488052726,-1.260090232,0.797795057,-2.025286198,-2.270178318,2.051910400,1.403051257
3,73,travel,0.479449,0.077632,0.966153,-0.001782508,0.001194136,-0.017808858,0.999839108,1.0000,-1.501978278,-1.255637288,0.800569355,-2.018438101,-2.268021345,2.051403046,1.435926318
3,74,travel,0.482100,0.075617,0.967032,-0.001368329,0.000966790,-0.005064514,0.999985772,1.0000,-1.515903711,-1.251184344,0.803343713,-2.011590004,-2.265864372,2.050895691,1.468801260
3,75,travel,0.484634,0.073547,0.967919,-0.000953357,0.000709682,0.007688673,0.999969735,1.0000,-1.529829264,-1.246731400,0.806118071,-2.004741669,-2.263707161,2.050388336,1.501676321
3,76,travel,0.487050,0.071421,0.968814,-0.000539075,0.000422519,0.020448214,0.999790679,1.0000,-1.543754697,-1.242278576,0.808892429,-1.997893691,-2.261550188,2.049880981,1.534551263
3,77,travel,0.489346,0.069238,0.969718,-0.000126942,0.000104733,0.033212204,0.999448309,1.0000,-1.557680130,-1.237825632,0.811666787,-1.991045594,-2.259393215,2.049373627,1.567426324
3,78,travel,0.490033,0.068551,0.970000,0.000000023,0.000000003,0.037165283,0.999309132,1.0000,-1.561992288,-1.236446738,0.812525868,-1.988924980,-2.258725166,2.049216509,1.577606440
3,79,draw,0.489883,0.068381,0.970000,-0.000000520,-0.000002115,0.037164382,0.999309166,1.0000,-1.561687231,-1.236284494,0.812312126,-1.989405632,-2.259202957,2.048950434,1.577919245
3,80,draw,0.488228,0.066500,0.970000,-0.000002958,-0.000011905,0.037160061,0.999309326,1.0000,-1.558309913,-1.234488249,0.809946120,-1.994726300,-2.264492750,2.046006680,1.581382155
3,81,draw,0.486591,0.064618,0.970000,-0.000000358,-0.000001422,0.037164586,0.999309158,1.0000,-1.554938793,-1.232694983,0.807574570,-2.000041723,-2.269778252,2.043066502,1.584844947
3,82,draw,0.484936,0.062737,0.970000,-0.000003092,-0.000011547,0.037160117,0.999309324,1.0000,-1.551658273,-1.230944991,0.805124283,-2.005281210,-2.275005102,2.040180445,1.588307858
3,83,draw,0.483298,0.060855,0.970000,-0.000000235,-0.000000903,0.037164924,0.999309146,1.0000,-1.548381567,-1.229196787,0.802670777,-2.010517359,-2.280229330,2.037296534,1.591770768
3,84,draw,0.481644,0.058974,0.970000,-0.000003243,-0.000011328,0.037160228,0.999309320,1.0000,-1.545195103,-1.227489233,0.800140560,-2.015676498,-2.285398245,2.034464121,1.595233679
3,85,draw,0.480006,0.057093,0.970000,-0.000000204,-0.000000383,0.037165050,0.999309141,1.0000,-1.542010069,-1.225782394,0.797609150,-2.020834208,-2.290566444,2.031632662,1.598696470
3,86,draw,0.478352,0.055212,0.970000,-0.000003425,-0.000010914,0.037160226,0.999309320,1.0000,-1.538914919,-1.224113584,0.795002997,-2.025913477,-2.295682192,2.028850555,1.602159381
3,87,draw,0.476714,0.053330,0.970000,0.000000015,-0.000000210,0.037165174,0.999309136,1.0000,-1.535819769,-1.222444773,0.792396843,-2.030992746,-2.300797701,2.026068449,1.605622292
3,88,draw,0.475059,0.051449,0.970000,-0.000003510,-0.000010591,0.037160285,0.999309318,1.0000,-1.532812834,-1.220811129,0.789718986,-2.035993576,-2.305865049,2.023332357,1.609085202
3,89,draw,0.473421,0.049567,0.970000,-0.000000237,-0.000000743,0.037164944,0.999309145,1.0000,-1.529806614,-1.219177604,0.787040532,-2.040993452,-2.310931683,2.020596743,1.612547994
3,90,draw,0.471767,0.047686,0.970000,-0.000003580,-0.000010300,0.037160358,0.999309315,1.0000,-1.526884437,-1.217575192,0.784295440,-2.045917511,-2.315954924,2.017903090,1.616010904
3,91,draw,0.470128,0.045804,0.970000,-0.000000370,-0.000001135,0.037164658,0.999309155,1.0000,-1.523965001,-1.215973735,0.781548023,-2.050838947,-2.320976734,2.015210867,1.619473815
3,92,draw,0.468475,0.043923,0.970000,-0.000003681,-0.000009896,0.037160460,0.999309312,1.0000,-1.521125555,-1.214399695,0.778738678,-2.055686474,-2.325959444,2.012556791,1.622936726
3,93,draw,0.466835,0.042041,0.970000,-0.000000574,-0.000001580,0.037164487,0.999309162,1.0000,-1.518290877,-1.212827325,0.775925457,-2.060529709,-2.330939531,2.009904861,1.626399517
3,94,draw,0.465183,0.040160,0.970000,-0.000003668,-0.000009649,0.037160494,0.999309310,1.0000,-1.515532374,-1.211278796,0.773054540,-2.065301657,-2.335884809,2.007287502,1.629862428
3,95,draw,0.463542,0.038278,0.970000,-0.000000769,-0.000001986,0.037164219,0.999309172,1.0000,-1.512780666,-1.209732413,0.770178437,-2.070067167,-2.340826988,2.004673004,1.633325338
3,96,draw,0.461890,0.036397,0.970000,-0.000003747,-0.000009303,0.037160596,0.999309306,1.0000,-1.510101318,-1.208206654,0.767248631,-2.074763536,-2.345737934,2.002089977,1.636788249
3,97,draw,0.460250,0.034515,0.970000,-0.000000940,-0.000002347,0.037164135,0.999309175,1.0000,-1.507430792,-1.206683517,0.764312327,-2.079451561,-2.350644827,1.999510527,1.640251160
3,98,draw,0.458598,0.032634,0.970000,-0.000003789,-0.000009106,0.037160719,0.999309302,1.0000,-1.504829288,-1.205178142,0.761326015,-2.084072828,-2.355523825,1.996959329,1.643713951
3,99,draw,0.456957,0.030752,0.970000,-0.000001166,-0.000002632,0.037163882,0.999309184,1.0000,-1.502238274,-1.203675628,0.758332014,-2.088684082,-2.360398769,1.994412422,1.647176862
3,100,draw,0.455306,0.028871,0.970000,-0.000003851,-0.000008770,0.037160780,0.999309300,1.0000,-1.499713182,-1.202188134,0.755291462,-2.093230486,-2.365248442,1.991891026,1.650639772
3,101,draw,0.453664,0.026990,0.970000,-0.000001344,-0.000002925,0.037163751,0.999309189,1.0000,-1.497200251,-1.200703502,0.752242208,-2.097764969,-2.370093584,1.989374280,1.654102683
3,102,draw,0.452014,0.025108,0.970000,-0.000003862,-0.000008499,0.037160855,0.999309297,1.0000,-1.494750023,-1.199231505,0.749149501,-2.102236986,-2.374916315,1.986880422,1.657565475
3,103,draw,0.450371,0.023227,0.970000,-0.000001441,-0.000003261,0.037163526,0.999309198,1.0000,-1.492313862,-1.197762370,0.746047139,-2.106695175,-2.379734039,1.984391689,1.661028385
3,104,draw,0.448721,0.021345,0.970000,-0.000003834,-0.000008193,0.037160947,0.999309293,1.0000,-1.489937425,-1.196303725,0.742904365,-2.111092806,-2.384531975,1.981923699,1.664491296
3,105,draw,0.447079,0.019464,0.970000,-0.000001556,-0.000003471,0.037163412,0.999309202,1.0000,-1.487576485,-1.194847703,0.739750981,-2.115474939,-2.389324665,1.979460955,1.667954206
3,106,draw,0.445429,0.017583,0.970000,-0.000003863,-0.000007920,0.037161030,0.999309290,1.0000,-1.485272646,-1.193400145,0.736559987,-2.119798422,-2.394099712,1.977016687,1.671416998
3,107,draw,0.443786,0.015701,0.970000,-0.000001737,-0.000003719,0.037163253,0.999309208,1.0000,-1.482985973,-1.191954970,0.733357549,-2.124104500,-2.398869276,1.974578142,1.674879909
3,108,draw,0.442137,0.013820,0.970000,-0.000003800,-0.000007686,0.037161173,0.999309285,1.0000,-1.480753660,-1.190516353,0.730120122,-2.128354073,-2.403623104,1.972156048,1.678342819
3,109,draw,0.440493,0.011938,0.970000,-0.000002010,-0.000003929,0.037163117,0.999309213,1.0000,-1.478540063,-1.189079881,0.726870537,-2.132584333,-2.408371687,1.969739676,1.681805730
3,110,draw,0.438844,0.010057,0.970000,-0.000003765,-0.000007406,0.037161259,0.999309282,1.0000,-1.476378083,-1.187648177,0.723588347,-2.136760235,-2.413105965,1.967338204,1.685268521
3,111,draw,0.437201,0.008175,0.970000,-0.000002130,-0.000004122,0.037162948,0.999309219,1.0000,-1.474236488,-1.186218262,0.720293343,-2.140914917,-2.417834997,1.964942455,1.688731432
3,112,draw,0.435552,0.006294,0.970000,-0.000003727,-0.000007147,0.037161372,0.999309278,1.0000,-1.472144008,-1.184791446,0.716968060,-2.145017147,-2.422551394,1.962559819,1.692194343
3,113,draw,0.433908,0.004412,0.970000,-0.000002310,-0.000004293,0.037162866,0.999309222,1.0000,-1.470073342,-1.183365941,0.713629365,-2.149096251,-2.427262545,1.960183024,1.695657253
3,114,draw,0.432260,0.002531,0.970000,-0.000003688,-0.000006822,0.037161416,0.999309276,1.0000,-1.468049526,-1.181942105,0.710262477,-2.153124809,-2.431962490,1.957818031,1.699120045
3,115,draw,0.430615,0.000649,0.970000,-0.000002375,-0.000004468,0.037162695,0.999309228,1.0000,-1.466048837,-1.180519104,0.706881583,-2.157128572,-2.436656952,1.955458760,1.702582955
4,0,travel,0.429700,0.000106,0.968898,0.000054334,-0.000057313,0.035315472,0.999376211,1.0000,-1.473757744,-1.190562606,0.706325471,-2.161117554,-2.431673050,1.960906267,1.707320809
4,1,travel,0.429250,0.000287,0.967130,0.000127999,-0.000138004,0.032469303,0.999472715,1.0000,-1.486828089,-1.206937551,0.707329094,-2.165098667,-2.421344995,1.970664620,1.712762594
4,2,travel,0.428882,0.000447,0.965292,0.000188536,-0.000207984,0.029653499,0.999560199,1.0000,-1.499898553,-1.223312497,0.708332717,-2.169079781,-2.411016941,1.980422974,1.718204379
4,3,travel,0.428595,0.000584,0.963385,0.000235924,-0.000266544,0.026868251,0.999638920,1.0000,-1.512968898,-1.239687562,0.709336340,-2.173060656,-2.400688648,1.990181327,1.723646164
4,4,travel,0.428387,0.000694,0.961409,0.000270410,-0.000312619,0.024113202,0.999709149,1.0000,-1.526039243,-1.256062508,0.710339963,-2.177041769,-2.390360594,1.999939680,1.729087949
4,5,travel,0.428258,0.000776,0.959367,0.000291824,-0.000345580,0.021388415,0.999771139,1.0000,-1.539109707,-1.272437572,0.711343527,-2.181022644,-2.380032539,2.009697914,1.734529734
4,6,travel,0.428207,0.000825,0.957257,0.000300740,-0.000364369,0.018693807,0.999825144,1.0000,-1.552180052,-1.288812518,0.712347150,-2.185003757,-2.369704485,2.019456387,1.739971519
4,7,travel,0.428231,0.000840,0.955082,0.000296918,-0.000368339,0.016029245,0.999871411,1.0000,-1.565250516,-1.305187583,0.713350773,-2.188984871,-2.359376431,2.029214621,1.745413303
4,8,travel,0.428331,0.000818,0.952842,0.000280761,-0.000356515,0.013394835,0.999910182,1.0000,-1.578320861,-1.321562529,0.714354396,-2.192965746,-2.349048376,2.038973093,1.750855088
4,9,travel,0.428504,0.000755,0.950538,0.000252406,-0.000328232,0.010790328,0.999941697,1.0000,-1.591391206,-1.337937593,0.715358019,-2.196946859,-2.338720083,2.048731327,1.756296873
4,10,travel,0.428748,0.000650,0.948171,0.000212090,-0.000282413,0.008215527,0.999966190,1.0000,-1.604461670,-1.354312539,0.716361642,-2.200927973,-2.328392029,2.058489561,1.761738658
4,11,travel,0.429064,0.000501,0.945743,0.000160025,-0.000218226,0.005670571,0.999983886,1.0000,-1.617532015,-1.370687604,0.717365265,-2.204908848,-2.318063974,2.068248034,1.767180443
4,12,travel,0.429448,0.000303,0.943252,0.000096598,-0.000134928,0.003155067,0.999995009,1.0000,-1.630602479,-1.387062550,0.718368888,-2.208889961,-2.307735920,2.078006268,1.772622228
4,13,travel,0.429899,0.000056,0.940702,0.000022081,-0.000031542,0.000669221,0.999999775,1.0000,-1.643672824,-1.403437495,0.719372511,-2.212870836,-2.297407866,2.087764740,1.778064132
4,14,travel,0.427584,-0.000620,0.940470,0.007860793,-0.004169286,0.007139905,0.999934921,1.0000,-1.635283947,-1.403170943,0.718438745,-2.215400219,-2.281609058,2.094970703,1.776559591
4,15,travel,0.424375,-0.001535,0.940979,0.018719724,-0.009714139,0.016952524,0.999633843,1.0000,-1.618909001,-1.396710992,0.716784060,-2.217389584,-2.263774633,2.101226807,1.772470117
4,16,travel,0.421344,-0.002544,0.941332,0.029657646,-0.015054572,0.026779771,0.999087898,1.0000,-1.602534056,-1.390251040,0.715129316,-2.219378710,-2.245940208,2.107483149,1.768380642
4,17,travel,0.418494,-0.003640,0.941530,0.040668953,-0.020189871,0.036617560,0.998297330,1.0000,-1.586158991,-1.383791089,0.713474631,-2.221367836,-2.228105783,2.113739252,1.764291048
4,18,travel,0.415828,-0.004811,0.941575,0.051748234,-0.025119478,0.046461938,0.997262463,1.0000,-1.569784045,-1.377331257,0.711819887,-2.223356962,-2.210271120,2.119995356,1.760201573
4,19,travel,0.413348,-0.006048,0.941469,0.062890099,-0.029842586,0.056308851,0.995983719,1.0000,-1.553408980,-1.370871305,0.710165203,-2.225346088,-2.192436695,2.126251698,1.756112099
4,20,travel,0.411056,-0.007342,0.941214,0.074088872,-0.034359118,0.066154156,0.994461622,1.0000,-1.537034035,-1.364411354,0.708510458,-2.227335215,-2.174602270,2.132507801,1.752022505
4,21,travel,0.408954,-0.008681,0.940812,0.085339244,-0.038668797,0.075994166,0.992696743,1.0000,-1.520658970,-1.357951403,0.706855774,-2.229324341,-2.156767607,2.138763905,1.747933030
4,22,travel,0.407043,-0.010057,0.940264,0.096635735,-0.042771322,0.085824603,0.990689803,1.0000,-1.504284024,-1.351491451,0.705201089,-2.231313467,-2.138933182,2.145020247,1.743843555
4,23,travel,0.405323,-0.011459,0.939573,0.107972744,-0.046666982,0.095641585,0.988441585,1.0000,-1.487908959,-1.345031619,0.703546345,-2.233302593,-2.121098757,2.151276350,1.739753962
4,24,travel,0.403795,-0.012878,0.938742,0.119345136,-0.050355926,0.105441212,0.985952925,1.0000,-1.471534014,-1.338571668,0.701891661,-2.235291719,-2.103264093,2.157532454,1.735664487
4,25,travel,0.402458,-0.014304,0.937771,0.130747453,-0.053838250,0.115219422,0.983224812,1.0000,-1.455158949,-1.332111716,0.700236917,-2.237280846,-2.085429668,2.163788795,1.731574893
4,26,travel,0.401312,-0.015727,0.936665,0.142174233,-0.057114603,0.124972312,0.980258298,1.0000,-1.438784003,-1.325651765,0.698582232,-2.239269972,-2.067595243,2.170044899,1.727485418
4,27,travel,0.400355,-0.017139,0.935426,0.153620275,-0.060185593,0.134696088,0.977054486,1.0000,-1.422408938,-1.319191933,0.696927488,-2.241259098,-2.049760580,2.176301003,1.723395944
4,28,travel,0.399587,-0.018529,0.934055,0.165080386,-0.063051622,0.144386568,0.973614646,1.0000,-1.406033993,-1.312731981,0.695272803,-2.243248224,-2.031926155,2.182557344,1.719306350
4,29,travel,0.399005,-0.019888,0.932556,0.176549178,-0.065713830,0.154040065,0.969940070,1.0000,-1.389659047,-1.306272030,0.693618059,-2.245237350,-2.014091730,2.188813448,1.715216875
4,30,travel,0.398608,-0.021208,0.930932,0.188021683,-0.068173036,0.163652683,0.966032134,1.0000,-1.373283982,-1.299812078,0.691963375,-2.247226715,-1.996257186,2.195069551,1.711127400
4,31,travel,0.398392,-0.022479,0.929184,0.199492616,-0.070430237,0.173220538,0.961892366,1.0000,-1.356909037,-1.293352127,0.690308630,-2.249215841,-1.978422761,2.201325893,1.707037807
4,32,travel,0.398356,-0.023693,0.927317,0.210956831,-0.072486813,0.182739991,0.957522309,1.0000,-1.340533972,-1.286892295,0.688653946,-2.251204967,-1.960588217,2.207581997,1.702948332
4,33,travel,0.398495,-0.024842,0.925333,0.222409472,-0.074344009,0.192207002,0.952923640,1.0000,-1.324159026,-1.280432343,0.686999202,-2.253194094,-1.942753673,2.213838100,1.698858738
4,34,travel,0.398805,-0.025917,0.923235,0.233845558,-0.076003078,0.201618051,0.948098069,1.0000,-1.307783961,-1.273972392,0.685344517,-2.255183220,-1.924919248,2.220094442,1.694769263
4,35,travel,0.399284,-0.026910,0.921026,0.245260094,-0.077465898,0.210969247,0.943047453,1.0000,-1.291409016,-1.267512441,0.683689773,-2.257172346,-1.907084703,2.226350546,1.690679789
4,36,travel,0.399927,-0.027814,0.918709,0.256648297,-0.078733904,0.220256954,0.937773692,1.0000,-1.275033951,-1.261052489,0.682035089,-2.259161472,-1.889250159,2.232606649,1.686590195
4,37,travel,0.400729,-0.028621,0.916287,0.268005353,-0.079808871,0.229477521,0.932278790,1.0000,-1.258659005,-1.254592657,0.680380344,-2.261150599,-1.871415734,2.238862991,1.682500720
4,38,travel,0.401685,-0.029324,0.913764,0.279326608,-0.080692828,0.238627368,0.926564781,1.0000,-1.242283940,-1.248132706,0.678725660,-2.263139725,-1.853581190,2.245119095,1.678411245
4,39,travel,0.402791,-0.029915,0.911142,0.290607372,-0.081387686,0.247702723,0.920633891,1.0000,-1.225908995,-1.241672754,0.677070916,-2.265128851,-1.835746765,2.251375198,1.674321651
4,40,travel,0.404041,-0.030390,0.908426,0.301843207,-0.081895487,0.256700295,0.914488254,1.0000,-1.209534049,-1.235212803,0.675416231,-2.267117977,-1.817912221,2.257631540,1.670232177
4,41,travel,0.405429,-0.030740,0.905617,0.313029475,-0.082218606,0.265616489,0.908130238,1.0000,-1.193158984,-1.228752851,0.673761487,-2.269107103,-1.800077677,2.263887644,1.666142702
4,42,travel,0.406950,-0.030960,0.902720,0.324161741,-0.082359186,0.274447702,0.901562305,1.0000,-1.176784039,-1.222293019,0.672106802,-2.271096230,-1.782243252,2.270143747,1.662053108
4,43,travel,0.408598,-0.031045,0.899737,0.335235920,-0.082319655,0.283190791,0.894786750,1.0000,-1.160408974,-1.215833068,0.670452058,-2.273085356,-1.764408708,2.276400089,1.657963634
4,44,travel,0.410366,-0.030989,0.896673,0.346247522,-0.082102578,0.291842069,0.887806300,1.0000,-1.144034028,-1.209373116,0.668797374,-2.275074482,-1.746574283,2.282656193,1.653874040
4,45,travel,0.412248,-0.030787,0.893530,0.357192601,-0.081710574,0.300398415,0.880623427,1.0000,-1.127658963,-1.202913165,0.667142630,-2.277063847,-1.728739738,2.288912296,1.649784565
4,46,travel,0.414238,-0.030434,0.890312,0.368066890,-0.081146185,0.308856602,0.873240895,1.0000,-1.111284018,-1.196453333,0.665487945,-2.279052973,-1.710905194,2.295168638,1.645695090
4,47,travel,0.416328,-0.029926,0.887022,0.378866472,-0.080412308,0.317213244,0.865661490,1.0000,-1.094908953,-1.189993382,0.663833201,-2.281042099,-1.693070769,2.301424742,1.641605496
4,48,travel,0.418513,-0.029259,0.883664,0.389587504,-0.079511812,0.325465268,0.857887993,1.0000,-1.078534007,-1.183533430,0.662178516,-2.283031225,-1.675236225,2.307680845,1.637516022
4,49,travel,0.420784,-0.028429,0.880241,0.400226227,-0.078447495,0.333609616,0.849923280,1.0000,-1.062158942,-1.177073479,0.660523772,-2.285020351,-1.657401681,2.313937187,1.633426547
4,50,travel,0.423136,-0.027433,0.876755,0.410778801,-0.077222500,0.341642975,0.841770479,1.0000,-1.045783997,-1.170613527,0.658869088,-2.287009478,-1.639567256,2.320193291,1.629336953
4,51,travel,0.425560,-0.026268,0.873212,0.421241687,-0.075839986,0.349562587,0.833432502,1.0000,-1.029409051,-1.164153695,0.657214344,-2.288998604,-1.621732712,2.326449394,1.625247478
4,52,travel,0.428051,-0.024932,0.869614,0.431611475,-0.074302832,0.357365462,0.824912450,1.0000,-1.013033986,-1.157693744,0.655559659,-2.290987730,-1.603898287,2.332705736,1.621158004
4,53,travel,0.430600,-0.023421,0.865963,0.441884684,-0.072614622,0.365048563,0.816213568,1.0000,-0.996658981,-1.151233792,0.653904915,-2.292976856,-1.586063743,2.338961840,1.617068410
4,54,travel,0.433200,-0.021735,0.862265,0.452058019,-0.070778511,0.372609199,0.807339046,1.0000,-0.980283976,-1.144773841,0.652250230,-2.294965982,-1.568229198,2.345217943,1.612978935
4,55,travel,0.435844,-0.019871,0.858521,0.462128302,-0.068797749,0.380044522,0.798292217,1.0000,-0.963908970,-1.138313890,0.650595486,-2.296955109,-1.550394773,2.351474285,1.608889341
4,56,travel,0.438524,-0.017828,0.854736,0.472092358,-0.066676052,0.387351873,0.789076445,1.0000,-0.947534025,-1.131854057,0.648940802,-2.298944235,-1.532560229,2.357730389,1.604799867
4,57,travel,0.441234,-0.015605,0.850911,0.481947296,-0.064416737,0.394528566,0.779695131,1.0000,-0.931159019,-1.125394106,0.647286057,-2.300933361,-1.514725804,2.363986492,1.600710392
4,58,travel,0.443967,-0.013202,0.847052,0.491690277,-0.062023257,0.401572060,0.770151717,1.0000,-0.914784014,-1.118934155,0.645631373,-2.302922487,-1.496891260,2.370242834,1.596620798
4,59,travel,0.446714,-0.010619,0.843160,0.501318428,-0.059499495,0.408479819,0.760449789,1.0000,-0.898409009,-1.112474203,0.643976629,-2.304911613,-1.479056716,2.376498938,1.592531323
4,60,travel,0.449469,-0.007855,0.839239,0.510829161,-0.056848877,0.415249283,0.750592970,1.0000,-0.882034004,-1.106014252,0.642321944,-2.306900978,-1.461222291,2.382755041,1.588441849
4,61,travel,0.452224,-0.004912,0.835292,0.520219828,-0.054075124,0.421878324,0.740584830,1.0000,-0.865658998,-1.099554420,0.640667200,-2.308890104,-1.443387747,2.389011383,1.584352255
4,62,travel,0.449905,-0.003850,0.834854,0.528837325,-0.057684653,0.427284965,0.731047962,1.0000,-0.849283993,-1.100264311,0.633973598,-2.310929298,-1.415729165,2.388705015,1.573210597
4,63,travel,0.445790,-0.003576,0.835570,0.537271099,-0.063465237,0.432190732,0.721472869,1.0000,-0.832908988,-1.103642702,0.625404775,-2.312987089,-1.384414554,2.385956526,1.559444427
4,64,travel,0.441786,-0.003345,0.836108,0.545784547,-0.068971607,0.437002276,0.711611661,1.0000,-0.816533983,-1.107020974,0.616835892,-2.315044880,-1.353099823,2.383208275,1.545678377
4,65,travel,0.437897,-0.003146,0.836469,0.554369039,-0.074198735,0.441717096,0.701466695,1.0000,-0.800158978,-1.110399246,0.608267069,-2.317102671,-1.321785212,2.380459785,1.531912208
4,66,travel,0.434127,-0.002972,0.836658,0.563015966,-0.079141895,0.446333039,0.691040086,1.0000,-0.783783972,-1.113777518,0.599698186,-2.319160461,-1.290470481,2.377711296,1.518146038
4,67,travel,0.430478,-0.002813,0.836678,0.571716307,-0.083796492,0.450847821,0.680334370,1.0000,-0.767409027,-1.117155910,0.591129363,-2.321218252,-1.259155869,2.374962807,1.504379869
4,68,travel,0.426954,-0.002658,0.836533,0.580461121,-0.088158368,0.455259221,0.669351948,1.0000,-0.751034021,-1.120534182,0.582560480,-2.323276043,-1.227841139,2.372214317,1.490613699
4,69,travel,0.423556,-0.002499,0.836227,0.589240992,-0.092223507,0.459565002,0.658095652,1.0000,-0.734659016,-1.123912454,0.573991656,-2.325333834,-1.196526527,2.369465828,1.476847529
4,70,travel,0.420286,-0.002327,0.835766,0.598046577,-0.095988297,0.463762970,0.646568207,1.0000,-0.718284011,-1.127290726,0.565422773,-2.327391863,-1.165211797,2.366717577,1.463081360
4,71,travel,0.417144,-0.002130,0.835153,0.606867957,-0.099449589,0.467851075,0.634772742,1.0000,-0.701909006,-1.130669117,0.556853890,-2.329449654,-1.133897185,2.363969088,1.449315310
4,72,travel,0.414131,-0.001900,0.834395,0.615695547,-0.102604216,0.471827037,0.622712305,1.0000,-0.685534000,-1.134047389,0.548285067,-2.331507444,-1.102582455,2.361220598,1.435549140
4,73,travel,0.411247,-0.001628,0.833496,0.624519272,-0.105449558,0.475688794,0.610390236,1.0000,-0.669158995,-1.137425661,0.539716184,-2.333565235,-1.071267843,2.358472109,1.421782970
4,74,travel,0.408491,-0.001303,0.832463,0.633329022,-0.107983284,0.479434334,0.597809902,1.0000,-0.652783990,-1.140804052,0.531147361,-2.335623026,-1.039953113,2.355723619,1.408016801
4,75,travel,0.405862,-0.000918,0.831302,0.642114586,-0.110203290,0.483061592,0.584974864,1.0000,-0.636408985,-1.144182324,0.522578478,-2.337680817,-1.008638501,2.352975368,1.394250631
4,76,travel,0.403357,-0.000462,0.830019,0.650865598,-0.112108100,0.486568476,0.571888857,1.0000,-0.620033979,-1.147560596,0.514009655,-2.339738607,-0.977323830,2.350226879,1.380484462
4,77,travel,0.400974,0.000072,0.828620,0.659571567,-0.113696409,0.489953110,0.558555659,1.0000,-0.603658974,-1.150938869,0.505440772,-2.341796398,-0.946009159,2.347478390,1.366718411
4,78,travel,0.398711,0.000694,0.827113,0.668221952,-0.114967168,0.493213428,0.544979346,1.0000,-0.587283969,-1.154317260,0.496871918,-2.343854427,-0.914694488,2.344729900,1.352952242
4,79,travel,0.396564,0.001411,0.825504,0.676806046,-0.115919858,0.496347679,0.531163952,1.0000,-0.570909023,-1.157695532,0.488303065,-2.345912218,-0.883379817,2.341981411,1.339186072
4,80,travel,0.394528,0.002232,0.823802,0.685313154,-0.116554244,0.499353971,0.517113721,1.0000,-0.554534018,-1.161073804,0.479734212,-2.347970009,-0.852065146,2.339232922,1.325419903
4,81,travel,0.392599,0.003163,0.822012,0.693732464,-0.116870435,0.502230552,0.502833017,1.0000,-0.538159013,-1.164452076,0.471165359,-2.350027800,-0.820750475,2.336484671,1.311653733
4,82,travel,0.390772,0.004213,0.820144,0.702053147,-0.116869155,0.504975529,0.488326421,1.0000,-0.521784008,-1.167830467,0.462596506,-2.352085590,-0.789435804,2.333736181,1.297887564
4,83,travel,0.389042,0.005387,0.818204,0.710264404,-0.116551231,0.507587170,0.473598515,1.0000,-0.505409002,-1.171208739,0.454027653,-2.354143381,-0.758121133,2.330987692,1.284121394
4,84,travel,0.387402,0.006692,0.816202,0.718355291,-0.115918022,0.510063848,0.458654074,1.0000,-0.489033997,-1.174587011,0.445458800,-2.356201172,-0.726806521,2.328239202,1.270355344
4,85,travel,0.385846,0.008134,0.814144,0.726314961,-0.114971180,0.512403876,0.443497997,1.0000,-0.472658992,-1.177965283,0.436889917,-2.358258963,-0.695491850,2.325490713,1.256589174
4,86,travel,0.384368,0.009717,0.812039,0.734132536,-0.113712819,0.514605624,0.428135336,1.0000,-0.456283987,-1.181343675,0.428321064,-2.360316992,-0.664177179,2.322742224,1.242823005
4,87,travel,0.382959,0.011447,0.809896,0.741797078,-0.112145352,0.516667742,0.412571157,1.0000,-0.439909011,-1.184721947,0.419752210,-2.362374783,-0.632862508,2.319993973,1.229056835
4,88,travel,0.381612,0.013328,0.807722,0.749297859,-0.110271794,0.518588519,0.396810783,1.0000,-0.423534006,-1.188100219,0.411183357,-2.364432573,-0.601547837,2.317245483,1.215290666
4,89,travel,0.380319,0.015362,0.805527,0.756624038,-0.108095367,0.520366630,0.380859591,1.0000,-0.407159001,-1.191478610,0.402614504,-2.366490364,-0.570233166,2.314496994,1.201524496
4,90,travel,0.379072,0.017554,0.803319,0.763764984,-0.105619722,0.522000593,0.364723052,1.0000,-0.390783995,-1.194856882,0.394045651,-2.368548155,-0.538918495,2.311748505,1.187758327
4,91,travel,0.377863,0.019904,0.801107,0.770710026,-0.102848977,0.523489133,0.348406762,1.0000,-0.374408990,-1.198235154,0.385476798,-2.370605946,-0.507603824,2.309000015,1.173992276
4,92,travel,0.376682,0.022415,0.798899,0.777448600,-0.099787437,0.524831011,0.331916483,1.0000,-0.358033985,-1.201613426,0.376907945,-2.372663736,-0.476289153,2.306251764,1.160226107
4,93,travel,0.375521,0.025087,0.796703,0.783970323,-0.096440138,0.526024877,0.315258085,1.0000,-0.341659009,-1.204991817,0.368339092,-2.374721527,-0.444974482,2.303503275,1.146459937
4,94,travel,0.374370,0.027921,0.794529,0.790264987,-0.092812228,0.527069465,0.298437464,1.0000,-0.325284004,-1.208370090,0.359770238,-2.376779556,-0.413659811,2.300754786,1.132693768
4,95,travel,0.373221,0.030916,0.792384,0.796322266,-0.088909349,0.527963900,0.281460649,1.0000,-0.308908999,-1.211748362,0.351201355,-2.378837347,-0.382345140,2.298006296,1.118927598
4,96,travel,0.372063,0.034070,0.790278,0.802132205,-0.084737498,0.528707021,0.264333821,1.0000,-0.292533994,-1.215126634,0.342632502,-2.380895138,-0.351030469,2.295257807,1.105161428
4,97,travel,0.370888,0.037382,0.788218,0.807684918,-0.080303083,0.529297875,0.247063245,1.0000,-0.276158988,-1.218505025,0.334063649,-2.382952929,-0.319715828,2.292509317,1.091395259
4,98,travel,0.369685,0.040849,0.786214,0.812970757,-0.075612876,0.529735540,0.229655173,1.0000,-0.259783983,-1.221883297,0.325494796,-2.385010719,-0.288401157,2.289761066,1.077629209
4,99,travel,0.368447,0.044468,0.784272,0.817980322,-0.070674027,0.530018965,0.212116175,1.0000,-0.243408993,-1.225261569,0.316925943,-2.387068510,-0.257086486,2.287012577,1.063863039
4,100,travel,0.367163,0.048233,0.782401,0.822704292,-0.065494043,0.530147445,0.194452733,1.0000,-0.227034003,-1.228639841,0.308357090,-2.389126301,-0.225771815,2.284264088,1.050096869
4,101,travel,0.365824,0.052141,0.780608,0.827133592,-0.060080800,0.530120278,0.176671472,1.0000,-0.210658997,-1.232018232,0.299788237,-2.391184092,-0.194457144,2.281515598,1.036330700
4,102,travel,0.364421,0.056186,0.778902,0.831259543,-0.054442542,0.529936578,0.158779106,1.0000,-0.194283992,-1.235396504,0.291219383,-2.393242121,-0.163142473,2.278767109,1.022564530
4,103,travel,0.362946,0.060361,0.777290,0.835073436,-0.048587833,0.529595969,0.140782413,1.0000,-0.177909002,-1.238774776,0.282650530,-2.395299911,-0.131827801,2.276018620,1.008798361
4,104,travel,0.361390,0.064659,0.775779,0.838566949,-0.042525600,0.529097949,0.122688250,1.0000,-0.161533996,-1.242153168,0.274081677,-2.397357702,-0.100513138,2.273270369,0.995032251
4,105,travel,0.359745,0.069073,0.774376,0.841732252,-0.036265124,0.528441721,0.104503611,1.0000,-0.145158991,-1.245531440,0.265512794,-2.399415493,-0.069198474,2.270521879,0.981266081
4,106,travel,0.358003,0.073594,0.773088,0.844561531,-0.029815971,0.527627011,0.086235517,1.0000,-0.128784001,-1.248909712,0.256943941,-2.401473284,-0.037883807,2.267773390,0.967499912
4,107,travel,0.356157,0.078212,0.771920,0.847047369,-0.023188063,0.526653468,0.067891039,1.0000,-0.112408996,-1.252287984,0.248375103,-2.403531075,-0.006569138,2.265024900,0.953733802
4,108,travel,0.354198,0.082919,0.770880,0.849182632,-0.016391590,0.525520850,0.049477368,1.0000,-0.096033998,-1.255666375,0.239806235,-2.405588865,0.024745530,2.262276411,0.939967632
4,109,travel,0.352122,0.087704,0.769973,0.850960548,-0.009437053,0.524228940,0.031001709,1.0000,-0.079659000,-1.259044647,0.231237382,-2.407646656,0.056060199,2.259528160,0.926201463
4,110,travel,0.349922,0.092555,0.769204,0.852374837,-0.002335329,0.522777341,0.012471377,1.0000,-0.063283995,-1.262422919,0.222668529,-2.409704685,0.087374866,2.256779671,0.912435353
4,111,travel,0.347592,0.097462,0.768578,0.853419238,0.004902605,0.521166272,-0.006106284,1.0000,-0.046908997,-1.265801191,0.214099675,-2.411762476,0.118689530,2.254031181,0.898669183
4,112,travel,0.345127,0.102413,0.768101,0.854088064,0.012265362,0.519395677,-0.024723878,1.0000,-0.030533997,-1.269179583,0.205530807,-2.413820267,0.150004193,2.251282692,0.884903014
4,113,travel,0.342523,0.107395,0.767777,0.854376040,0.019741325,0.517465517,-0.043373965,1.0000,-0.014158998,-1.272557855,0.196961954,-2.415878057,0.181318864,2.248534203,0.871136904
4,114,travel,0.339776,0.112395,0.767610,0.854278179,0.027318702,0.515375981,-0.062049009,1.0000,0.002216002,-1.275936127,0.188393101,-2.417935848,0.212633535,2.245785713,0.857370734
4,115,travel,0.336883,0.117400,0.767603,0.853789864,0.034985391,0.513127375,-0.080741487,1.0000,0.018591002,-1.279314399,0.179824248,-2.419993639,0.243948206,2.243037462,0.843604565
4,116,travel,0.333842,0.122396,0.767760,0.852907036,0.042729122,0.510719830,-0.099443783,1.0000,0.034966003,-1.282692790,0.171255395,-2.422051430,0.275262862,2.240288973,0.829838395
4,117,travel,0.330651,0.127371,0.768083,0.851625960,0.050537359,0.508153692,-0.118148316,1.0000,0.051341001,-1.286071062,0.162686527,-2.424109221,0.306577533,2.237540483,0.816072285
4,118,travel,0.327310,0.132308,0.768574,0.849943357,0.058397469,0.505429346,-0.136847366,1.0000,0.067716002,-1.289449334,0.154117674,-2.426167250,0.337892205,2.234791994,0.802306116
4,119,travel,0.323817,0.137195,0.769236,0.847856226,0.066296611,0.502547485,-0.155533290,1.0000,0.084091000,-1.292827606,0.145548820,-2.428225040,0.369206876,2.232043505,0.788539946
4,120,travel,0.320175,0.142016,0.770070,0.845362166,0.074221736,0.499508628,-0.174198374,1.0000,0.100466006,-1.296205997,0.136979967,-2.430282831,0.400521547,2.229295015,0.774773836
4,121,travel,0.316384,0.146757,0.771077,0.842459188,0.082159690,0.496313430,-0.192834853,1.0000,0.116841003,-1.299584270,0.128411114,-2.432340622,0.431836218,2.226546764,0.761007667
4,122,travel,0.312446,0.151403,0.772258,0.839145852,0.090097213,0.492962456,-0.211434975,1.0000,0.133216009,-1.302962542,0.119842254,-2.434398413,0.463150889,2.223798275,0.747241497
4,123,travel,0.308365,0.155940,0.773612,0.835421004,0.098020889,0.489456653,-0.229990949,1.0000,0.149590999,-1.306340933,0.111273400,-2.436456203,0.494465530,2.221049786,0.733475327
4,124,travel,0.304144,0.160352,0.775139,0.831284103,0.105917175,0.485796774,-0.248495045,1.0000,0.165966004,-1.309719205,0.102704540,-2.438513994,0.525780201,2.218301296,0.719709218
4,125,travel,0.299789,0.164626,0.776838,0.826734992,0.113772546,0.481983827,-0.266939416,1.0000,0.182341009,-1.313097477,0.094135687,-2.440571785,0.557094872,2.215552807,0.705943048
4,126,travel,0.295305,0.168748,0.778707,0.821774038,0.121573249,0.478018827,-0.285316276,1.0000,0.198716000,-1.316475749,0.085566826,-2.442629814,0.588409543,2.212804556,0.692176878
4,127,travel,0.290698,0.172702,0.780746,0.816402032,0.129305721,0.473902891,-0.303617857,1.0000,0.215091005,-1.319854140,0.076997973,-2.444687605,0.619724214,2.210056067,0.678410769
4,128,travel,0.285976,0.176475,0.782950,0.810620363,0.136956176,0.469637109,-0.321836323,1.0000,0.231465995,-1.323232412,0.068429112,-2.446745396,0.651038885,2.207307577,0.664644599
4,129,travel,0.281145,0.180055,0.785318,0.804430819,0.144510872,0.465222752,-0.339963905,1.0000,0.247841001,-1.326610684,0.059860259,-2.448803186,0.682353556,2.204559088,0.650878429
4,130,travel,0.276216,0.183427,0.787846,0.797835706,0.151956056,0.460661131,-0.357992828,1.0000,0.264216006,-1.329988956,0.051291402,-2.450860977,0.713668227,2.201810598,0.637112260
4,131,travel,0.271198,0.186578,0.790530,0.790837801,0.159277999,0.455953666,-0.375915344,1.0000,0.280591011,-1.333367348,0.042722549,-2.452918768,0.744982898,2.199062109,0.623346150
4,132,travel,0.266101,0.189498,0.793366,0.783440411,0.166462976,0.451101831,-0.393723682,1.0000,0.296966016,-1.336745620,0.034153692,-2.454976559,0.776297569,2.196313858,0.609579980
4,133,travel,0.260936,0.192175,0.796349,0.775647398,0.173497447,0.446107005,-0.411410124,1.0000,0.313340992,-1.340123892,0.025584836,-2.457034349,0.807612240,2.193565369,0.595813811
4,134,travel,0.255715,0.194596,0.799474,0.767463072,0.180367771,0.440970766,-0.428966995,1.0000,0.329715997,-1.343502164,0.017015979,-2.459092379,0.838926911,2.190816879,0.582047701
4,135,travel,0.250450,0.196753,0.802735,0.758892047,0.187060598,0.435695048,-0.446386626,1.0000,0.346091002,-1.346880555,0.008447123,-2.461150169,0.870241582,2.188068390,0.568281531
4,136,travel,0.245154,0.198636,0.806125,0.749939740,0.193562487,0.430281392,-0.463661378,1.0000,0.362466007,-1.350258827,-0.000121733,-2.463207960,0.901556253,2.185319901,0.554515362
4,137,travel,0.239840,0.200235,0.809639,0.740611910,0.199860209,0.424731651,-0.480783652,1.0000,0.378841013,-1.353637099,-0.008690589,-2.465265751,0.932870865,2.182571411,0.540749252
4,138,travel,0.234523,0.201544,0.813269,0.730914723,0.205940652,0.419047862,-0.497745924,1.0000,0.395215988,-1.357015491,-0.017259445,-2.467323542,0.964185536,2.179823160,0.526983082
4,139,travel,0.229218,0.202554,0.817007,0.720855075,0.211791005,0.413231682,-0.514540677,1.0000,0.411590993,-1.360393763,-0.025828302,-2.469381332,0.995500207,2.177074671,0.513216913
4,140,travel,0.223939,0.203259,0.820846,0.710440124,0.217398453,0.407285260,-0.531160485,1.0000,0.427965999,-1.363772035,-0.034397159,-2.471439123,1.026814938,2.174326181,0.499450773
4,141,travel,0.218702,0.203655,0.824778,0.699677608,0.222750499,0.401210724,-0.547597858,1.0000,0.444341004,-1.367150307,-0.042966016,-2.473496914,1.058129549,2.171577692,0.485684603
4,142,travel,0.213522,0.203737,0.828793,0.688575705,0.227834760,0.395010133,-0.563845560,1.0000,0.460716009,-1.370528698,-0.051534869,-2.475554943,1.089444280,2.168829203,0.471918464
4,143,travel,0.208417,0.203502,0.832883,0.677143019,0.232639137,0.388685930,-0.579896208,1.0000,0.477091014,-1.373906970,-0.060103726,-2.477612734,1.120758891,2.166080952,0.458152324
4,144,travel,0.203401,0.202947,0.837039,0.665388689,0.237151914,0.382240164,-0.595742662,1.0000,0.493465990,-1.377285242,-0.068672583,-2.479670525,1.152073622,2.163332462,0.444386154
4,145,travel,0.198492,0.202070,0.841251,0.653322301,0.241361485,0.375675270,-0.611377703,1.0000,0.509841025,-1.380663514,-0.077241436,-2.481728315,1.183388233,2.160583973,0.430620015
4,146,travel,0.193706,0.200873,0.845508,0.640953802,0.245256568,0.368993731,-0.626794278,1.0000,0.526216030,-1.384041905,-0.085810296,-2.483786106,1.214702845,2.157835484,0.416853845
4,147,travel,0.189060,0.199355,0.849801,0.628293694,0.248826107,0.362197914,-0.641985415,1.0000,0.542590976,-1.387420177,-0.094379149,-2.485843897,1.246017575,2.155086994,0.403087705
4,148,travel,0.184571,0.197520,0.854119,0.615352842,0.252059552,0.355290426,-0.656944119,1.0000,0.558965981,-1.390798450,-0.102948010,-2.487901688,1.277332187,2.152338505,0.389321536
4,149,travel,0.180256,0.195369,0.858451,0.602142486,0.254946433,0.348273905,-0.671663629,1.0000,0.575340986,-1.394176722,-0.111516863,-2.489959478,1.308646917,2.149590254,0.375555396
4,150,travel,0.176130,0.192907,0.862787,0.588674423,0.257476987,0.341150863,-0.686137096,1.0000,0.591715991,-1.397555113,-0.120085716,-2.492017508,1.339961529,2.146841764,0.361789256
4,151,travel,0.172210,0.190140,0.867115,0.574960600,0.259641535,0.333924162,-0.700357934,1.0000,0.608090997,-1.400933385,-0.128654569,-2.494075298,1.371276259,2.144093275,0.348023087
4,152,travel,0.168512,0.187074,0.871423,0.561013592,0.261430862,0.326596560,-0.714319495,1.0000,0.624466002,-1.404311657,-0.137223437,-2.496133089,1.402590871,2.141344786,0.334256947
4,153,travel,0.165053,0.183716,0.875701,0.546846135,0.262836171,0.319170905,-0.728015375,1.0000,0.640841007,-1.407690048,-0.145792291,-2.498190880,1.433905602,2.138596296,0.320490777
4,154,travel,0.161846,0.180076,0.879937,0.532471583,0.263849030,0.311650042,-0.741439110,1.0000,0.657216012,-1.411068320,-0.154361144,-2.500248671,1.465220213,2.135847807,0.306724638
4,155,travel,0.158908,0.176163,0.884118,0.517903384,0.264461363,0.304036990,-0.754584508,1.0000,0.673591018,-1.414446592,-0.162929997,-2.502306461,1.496534944,2.133099556,0.292958498
4,156,travel,0.156251,0.171989,0.888233,0.503155461,0.264665882,0.296334667,-0.767445319,1.0000,0.689966023,-1.417824864,-0.171498850,-2.504364252,1.527849555,2.130351067,0.279192328
4,157,travel,0.153891,0.167564,0.892271,0.488241910,0.264455376,0.288546159,-0.780015580,1.0000,0.706341028,-1.421203256,-0.180067718,-2.506422043,1.559164286,2.127602577,0.265426189
4,158,travel,0.151840,0.162902,0.896219,0.473177465,0.263823207,0.280674518,-0.792289226,1.0000,0.722715974,-1.424581528,-0.188636571,-2.508480072,1.590478897,2.124854088,0.251660019
4,159,travel,0.150111,0.158017,0.900066,0.457976629,0.262763313,0.272722971,-0.804260548,1.0000,0.739090979,-1.427959800,-0.197205424,-2.510537863,1.621793628,2.122105598,0.237893879
4,160,travel,0.148715,0.152924,0.903799,0.442654625,0.261269964,0.264694789,-0.815923745,1.0000,0.755465984,-1.431338072,-0.205774277,-2.512595654,1.653108239,2.119357347,0.224127725
4,161,travel,0.147662,0.147639,0.907407,0.427226597,0.259338199,0.256593069,-0.827273311,1.0000,0.771840990,-1.434716463,-0.214343131,-2.514653444,1.684422970,2.116608858,0.210361570
4,162,travel,0.146963,0.142177,0.910879,0.411708261,0.256963296,0.248421155,-0.838303705,1.0000,0.788215995,-1.438094735,-0.222911999,-2.516711235,1.715737581,2.113860369,0.196595415
4,163,travel,0.146627,0.136558,0.914202,0.396115301,0.254141175,0.240182388,-0.849009630,1.0000,0.804591000,-1.441473007,-0.231480852,-2.518769026,1.747052193,2.111111879,0.182829261
4,164,travel,0.146662,0.130799,0.917365,0.380463635,0.250868239,0.231880113,-0.859385922,1.0000,0.820966005,-1.444851279,-0.240049705,-2.520826817,1.778366923,2.108363390,0.169063121
4,165,travel,0.147073,0.124919,0.920357,0.364769421,0.247141555,0.223517837,-0.869427454,1.0000,0.837341011,-1.448229671,-0.248618558,-2.522884607,1.809681535,2.105614901,0.155296966
4,166,travel,0.147869,0.118937,0.923166,0.349049109,0.242958406,0.215098882,-0.879129344,1.0000,0.853716016,-1.451607943,-0.257187426,-2.524942636,1.840996265,2.102866650,0.141530812
4,167,travel,0.149052,0.112875,0.925783,0.333318921,0.238317256,0.206626867,-0.888486759,1.0000,0.870091021,-1.454986215,-0.265756279,-2.527000427,1.872310877,2.100118160,0.127764657
4,168,travel,0.150626,0.106753,0.928196,0.317595475,0.233216559,0.198105247,-0.897495104,1.0000,0.886466026,-1.458364487,-0.274325132,-2.529058218,1.903625607,2.097369671,0.113998502
4,169,travel,0.152594,0.100592,0.930394,0.301895466,0.227655630,0.189537654,-0.906149833,1.0000,0.902841032,-1.461742878,-0.282893986,-2.531116009,1.934940219,2.094621181,0.100232355
4,170,travel,0.154957,0.094413,0.932369,0.286235682,0.221634160,0.180927623,-0.914446624,1.0000,0.919215977,-1.465121150,-0.291462839,-2.533173800,1.966254950,2.091872692,0.086466201
4,171,travel,0.157715,0.088240,0.934109,0.270633008,0.215152545,0.172278837,-0.922381244,1.0000,0.935590982,-1.468499422,-0.300031692,-2.535231590,1.997569561,2.089124441,0.072700046
4,172,travel,0.160866,0.082094,0.935606,0.255104120,0.208211940,0.163594884,-0.929949671,1.0000,0.951965988,-1.471877813,-0.308600545,-2.537289381,2.028884172,2.086375952,0.058933899
4,173,travel,0.164407,0.075997,0.936850,0.239665984,0.200813700,0.154879404,-0.937148038,1.0000,0.968340993,-1.475256085,-0.317169398,-2.539347172,2.060199022,2.083627462,0.045167744
4,174,travel,0.168335,0.069973,0.937833,0.224335663,0.192960089,0.146136157,-0.943972530,1.0000,0.984715998,-1.478634357,-0.325738281,-2.541405201,2.091513634,2.080878973,0.031401593
4,175,travel,0.172644,0.064044,0.938547,0.209129787,0.184653900,0.137368961,-0.950419612,1.0000,1.001091003,-1.482012630,-0.334307134,-2.543462992,2.122828245,2.078130484,0.017635440
4,176,travel,0.177327,0.058232,0.938983,0.194065217,0.175898448,0.128581542,-0.956485868,1.0000,1.017465949,-1.485391021,-0.342875987,-2.545520782,2.154142857,2.075381994,0.003869288
4,177,travel,0.182377,0.052560,0.939134,0.179158805,0.166697486,0.119777532,-0.962168080,1.0000,1.033841014,-1.488769293,-0.351444840,-2.547578573,2.185457706,2.072633743,-0.009896864
4,178,travel,0.187783,0.047050,0.938994,0.164427198,0.157055886,0.110960900,-0.967463087,1.0000,1.050215960,-1.492147565,-0.360013694,-2.549636364,2.216772318,2.069885254,-0.023663016
4,179,travel,0.193537,0.041725,0.938556,0.149886947,0.146978640,0.102135315,-0.972368017,1.0000,1.066591024,-1.495525837,-0.368582547,-2.551694155,2.248086929,2.067136765,-0.037429169
4,180,travel,0.199625,0.036605,0.937814,0.135554463,0.136471481,0.093304725,-0.976880111,1.0000,1.082965970,-1.498904228,-0.377151400,-2.553751945,2.279401541,2.064388275,-0.051195320
4,181,travel,0.206034,0.031712,0.936762,0.121446132,0.125540703,0.084472825,-0.980996795,1.0000,1.099341035,-1.502282500,-0.385720253,-2.555809736,2.310716152,2.061639786,-0.064961471
4,182,travel,0.212750,0.027067,0.935396,0.107578069,0.114193100,0.075643474,-0.984715675,1.0000,1.115715981,-1.505660772,-0.394289106,-2.557867765,2.342031002,2.058891296,-0.078727625
4,183,travel,0.219758,0.022689,0.933711,0.093966225,0.102436329,0.066820655,-0.988034487,1.0000,1.132091045,-1.509039044,-0.402857959,-2.559925556,2.373345613,2.056143045,-0.092493780
4,184,travel,0.227041,0.018598,0.931703,0.080626130,0.090278498,0.058008199,-0.990951194,1.0000,1.148465991,-1.512417436,-0.411426842,-2.561983347,2.404660225,2.053394556,-0.106259927
4,185,travel,0.234580,0.014813,0.929370,0.067573460,0.077728158,0.049209862,-0.993463915,1.0000,1.164841056,-1.515795708,-0.419995695,-2.564041138,2.435974836,2.050646067,-0.120026082
4,186,travel,0.242357,0.011351,0.926708,0.054823330,0.064794424,0.040429580,-0.995570959,1.0000,1.181216002,-1.519173980,-0.428564548,-2.566098928,2.467289686,2.047897577,-0.133792236
4,187,travel,0.250352,0.008230,0.923716,0.042390760,0.051487250,0.031671275,-0.997270784,1.0000,1.197590947,-1.522552371,-0.437133402,-2.568156719,2.498604298,2.045149088,-0.147558391
4,188,travel,0.258544,0.005465,0.920393,0.030290543,0.037816749,0.022938689,-0.998562063,1.0000,1.213966012,-1.525930643,-0.445702255,-2.570214510,2.529918909,2.042400837,-0.161324531
4,189,travel,0.266910,0.003072,0.916736,0.018536775,0.023793933,0.014235814,-0.999443634,1.0000,1.230340958,-1.529308915,-0.454271108,-2.572272301,2.561233521,2.039652348,-0.175090685
4,190,travel,0.275428,0.001064,0.912747,0.007143583,0.009429986,0.005566280,-0.999914527,1.0000,1.246716022,-1.532687187,-0.462839961,-2.574330330,2.592548370,2.036903858,-0.188856840
4,191,travel,0.280924,0.000156,0.911567,0.000100751,0.000114960,-0.003252563,-0.999994699,1.0000,1.263090968,-1.535002828,-0.467135906,-2.570418596,2.612330437,2.040161610,-0.194551364
4,192,travel,0.280757,0.000601,0.915936,0.000356608,0.000409295,-0.012403389,-0.999922928,1.0000,1.279466033,-1.535393119,-0.463691413,-2.555693388,2.611221313,2.054299593,-0.185623914
4,193,travel,0.280601,0.000976,0.920253,0.000572194,0.000660922,-0.021563050,-0.999767108,1.0000,1.295840979,-1.535783410,-0.460246891,-2.540967941,2.610112190,2.068437576,-0.176696464
4,194,travel,0.280459,0.001282,0.924514,0.000748118,0.000869420,-0.030731890,-0.999527006,1.0000,1.312216043,-1.536173701,-0.456802368,-2.526242733,2.609003067,2.082575560,-0.167769030
4,195,travel,0.280335,0.001517,0.928720,0.000884584,0.001034388,-0.039909883,-0.999202356,1.0000,1.328590989,-1.536564112,-0.453357846,-2.511517286,2.607894182,2.096713781,-0.158841580
4,196,travel,0.280232,0.001684,0.932869,0.000982160,0.001155751,-0.049097197,-0.998792854,1.0000,1.344966054,-1.536954403,-0.449913323,-2.496791840,2.606785059,2.110851765,-0.149914131
4,197,travel,0.280154,0.001784,0.936960,0.001041383,0.001233041,-0.058293939,-0.998298158,1.0000,1.361341000,-1.537344694,-0.446468800,-2.482066631,2.605675936,2.124989748,-0.140986681
4,198,travel,0.280104,0.001817,0.940991,0.001062450,0.001266047,-0.067500168,-0.997717894,1.0000,1.377715945,-1.537735105,-0.443024278,-2.467341185,2.604566813,2.139127731,-0.132059246
4,199,travel,0.280084,0.001784,0.944962,0.001046159,0.001254406,-0.076716163,-0.997051635,1.0000,1.394091010,-1.538125396,-0.439579755,-2.452615976,2.603457689,2.153265715,-0.123131797
4,200,travel,0.280098,0.001688,0.948871,0.000992830,0.001197867,-0.085941788,-0.996298945,1.0000,1.410465956,-1.538515687,-0.436135232,-2.437890530,2.602348566,2.167403936,-0.114204347
4,201,travel,0.280150,0.001528,0.952717,0.000902968,0.001096248,-0.095177342,-0.995459319,1.0000,1.426841021,-1.538905978,-0.432690740,-2.423165321,2.601239443,2.181541920,-0.105276905
4,202,travel,0.280241,0.001308,0.956499,0.000776922,0.000949352,-0.104422683,-0.994532251,1.0000,1.443215966,-1.539296389,-0.429246217,-2.408439875,2.600130320,2.195679903,-0.096349455
4,203,travel,0.280376,0.001028,0.960215,0.000615538,0.000756868,-0.113678077,-0.993517158,1.0000,1.459591031,-1.539686680,-0.425801694,-2.393714666,2.599021196,2.209817886,-0.087422013
4,204,travel,0.280557,0.000691,0.963866,0.000419081,0.000518666,-0.122943354,-0.992413466,1.0000,1.475965977,-1.540076971,-0.422357172,-2.378989220,2.597912073,2.223955870,-0.078494564
4,205,travel,0.280787,0.000298,0.967449,0.000188349,0.000234458,-0.132218749,-0.991220516,1.0000,1.492341042,-1.540467381,-0.418912649,-2.364264011,2.596802950,2.238094091,-0.069567114
4,206,draw,0.280993,0.000671,0.970000,-0.000000012,0.000000283,-0.138939835,-0.990300824,1.0000,1.506795764,-1.540478706,-0.416344404,-2.353786230,2.596292734,2.247947931,-0.065963760
4,207,draw,0.280999,0.003171,0.970000,0.000000102,0.000000575,-0.138939930,-0.990300811,1.0000,1.516215205,-1.539496064,-0.416073948,-2.354447126,2.597352266,2.246567965,-0.076321721
4,208,draw,0.280993,0.005671,0.970000,0.000000027,0.000000261,-0.138939813,-0.990300827,1.0000,1.525673270,-1.538504720,-0.415834188,-2.355084181,2.598367929,2.245188475,-0.086679675
4,209,draw,0.280999,0.008171,0.970000,0.000000165,0.000000443,-0.138939881,-0.990300818,1.0000,1.535224319,-1.537492156,-0.415668577,-2.355664253,2.599277496,2.243809938,-0.097037636
4,210,draw,0.280994,0.010671,0.970000,0.000000110,0.000000215,-0.138939783,-0.990300831,1.0000,1.544816732,-1.536471844,-0.415535629,-2.356218815,2.600139856,2.242433548,-0.107395597
4,211,draw,0.280999,0.013171,0.970000,0.000000063,0.000000434,-0.138939823,-0.990300826,1.0000,1.554501414,-1.535433888,-0.415475667,-2.356716156,2.600896835,2.241062164,-0.117753558
4,212,draw,0.280994,0.015670,0.970000,0.000000039,0.000000207,-0.138939759,-0.990300835,1.0000,1.564230084,-1.534389257,-0.415450305,-2.357186317,2.601603508,2.239695311,-0.128111511
4,213,draw,0.280999,0.018171,0.970000,0.000000019,0.000000295,-0.138939862,-0.990300820,1.0000,1.574050069,-1.533330798,-0.415496677,-2.357599735,2.602205753,2.238337517,-0.138469473
4,214,draw,0.280994,0.020670,0.970000,0.000000022,0.000000127,-0.138939783,-0.990300831,1.0000,1.583916903,-1.532266974,-0.415579587,-2.357983828,2.602754116,2.236986637,-0.148827434
4,215,draw,0.280999,0.023170,0.970000,0.000000084,0.000000237,-0.138939789,-0.990300831,1.0000,1.593873978,-1.531192899,-0.415732771,-2.358311415,2.603199005,2.235648870,-0.159185395
4,216,draw,0.280995,0.025670,0.970000,-0.000000012,0.000000085,-0.138939796,-0.990300830,1.0000,1.603880763,-1.530115128,-0.415924340,-2.358607769,2.603587151,2.234320402,-0.169543356
4,217,draw,0.280999,0.028170,0.970000,-0.000000003,0.000000132,-0.138939789,-0.990300831,1.0000,1.613976479,-1.529030681,-0.416184694,-2.358848095,2.603873014,2.233008862,-0.179901317
4,218,draw,0.280995,0.030670,0.970000,0.000000087,0.000000040,-0.138939795,-0.990300830,1.0000,1.624124885,-1.527944326,-0.416485190,-2.359055281,2.604098558,2.231709719,-0.190259278
4,219,draw,0.280999,0.033170,0.970000,0.000000071,0.000000055,-0.138939773,-0.990300833,1.0000,1.634360909,-1.526854873,-0.416852772,-2.359206676,2.604223490,2.230431080,-0.200617239
4,220,draw,0.280996,0.035670,0.970000,-0.000000041,0.000000017,-0.138939741,-0.990300837,1.0000,1.644652605,-1.525765657,-0.417262226,-2.359322548,2.604284763,2.229167938,-0.210975200
4,221,draw,0.280999,0.038170,0.970000,-0.000000049,-0.000000025,-0.138939748,-0.990300836,1.0000,1.655030608,-1.524676800,-0.417736888,-2.359383345,2.604247093,2.227929115,-0.221333161
4,222,draw,0.280996,0.040670,0.970000,-0.000000035,-0.000000065,-0.138939752,-0.990300836,1.0000,1.665467143,-1.523590446,-0.418255061,-2.359406710,2.604142427,2.226709127,-0.231691107
4,223,draw,0.280998,0.043169,0.970000,0.000000060,-0.000000076,-0.138939790,-0.990300830,1.0000,1.675988674,-1.522507787,-0.418836445,-2.359375477,2.603940487,2.225516796,-0.242049068
4,224,draw,0.280996,0.045669,0.970000,0.000000048,-0.000000115,-0.138939774,-0.990300833,1.0000,1.686571598,-1.521430373,-0.419462800,-2.359304428,2.603668451,2.224347115,-0.252407044
4,225,draw,0.280998,0.048169,0.970000,-0.000000026,-0.000000110,-0.138939755,-0.990300835,1.0000,1.697237968,-1.520359993,-0.420150250,-2.359179258,2.603301048,2.223208189,-0.262764990
4,226,draw,0.280997,0.050669,0.970000,-0.000000061,-0.000000138,-0.138939778,-0.990300832,1.0000,1.707968950,-1.519297838,-0.420884013,-2.359012127,2.602860212,2.222096205,-0.273122966
4,227,draw,0.280998,0.053169,0.970000,-0.000000116,-0.000000222,-0.138939795,-0.990300830,1.0000,1.718781590,-1.518245816,-0.421676546,-2.358791590,2.602326393,2.221018076,-0.283480912
4,228,draw,0.280997,0.055669,0.970000,-0.000000144,-0.000000142,-0.138939778,-0.990300832,1.0000,1.729661942,-1.517205000,-0.422516555,-2.358526707,2.601715565,2.219970942,-0.293838859
4,229,draw,0.280998,0.058169,0.970000,-0.000000194,-0.000000231,-0.138939873,-0.990300819,1.0000,1.740622401,-1.516177773,-0.423412949,-2.358209372,2.601014137,2.218960762,-0.304196835
4,230,draw,0.280997,0.060668,0.970000,-0.000000283,-0.000000182,-0.138939758,-0.990300835,1.0000,1.751653314,-1.515165210,-0.424357742,-2.357845068,2.600232601,2.217986345,-0.314554781
4,231,draw,0.280998,0.063168,0.970000,-0.000000205,-0.000000230,-0.138939828,-0.990300825,1.0000,1.762762904,-1.514168978,-0.425356358,-2.357429028,2.599362612,2.217051744,-0.324912757
4,232,draw,0.280997,0.065668,0.970000,-0.000000231,-0.000000219,-0.138939875,-0.990300819,1.0000,1.773935676,-1.513186932,-0.426404685,-2.356965303,2.598411560,2.216152191,-0.335261941
4,233,draw,0.280998,0.068168,0.970000,-0.000000249,-0.000000220,-0.138939842,-0.990300823,1.0000,1.785174370,-1.512219667,-0.427504778,-2.356451511,2.597376108,2.215289593,-0.345601976
4,234,draw,0.280998,0.070668,0.970000,-0.000000302,-0.000000399,-0.138939870,-0.990300819,1.0000,1.796045184,-1.511083961,-0.428679287,-2.355937719,2.596334219,2.214242220,-0.355564862
4,235,draw,0.280997,0.073168,0.970000,-0.000000255,-0.000000372,-0.138939939,-0.990300810,1.0000,1.806557417,-1.509784102,-0.429926366,-2.355424404,2.595285892,2.213014364,-0.365160018
4,236,draw,0.280997,0.075668,0.970000,-0.000000357,-0.000000552,-0.138939990,-0.990300802,1.0000,1.816452980,-1.508207083,-0.431260645,-2.354938030,2.594278336,2.211472750,-0.374167562
4,237,draw,0.280997,0.078169,0.970000,-0.000000276,-0.000000517,-0.138940016,-0.990300799,1.0000,1.825785875,-1.506377101,-0.432674587,-2.354476690,2.593307972,2.209644794,-0.382638603
4,238,draw,0.280997,0.080669,0.970000,-0.000000356,-0.000000718,-0.138940228,-0.990300769,1.0000,1.834477663,-1.504254937,-0.434173852,-2.354043484,2.592389584,2.207489014,-0.390503496
4,239,draw,0.280996,0.083169,0.970000,-0.000000288,-0.000000625,-0.138940164,-0.990300778,1.0000,1.842621565,-1.501883030,-0.435746104,-2.353634596,2.591515541,2.205053091,-0.397850424
4,240,draw,0.281311,0.085614,0.970000,-0.000001368,-0.000001649,-0.138940637,-0.990300712,1.0000,1.850866914,-1.499490857,-0.437888771,-2.352754831,2.589824200,2.202785254,-0.404572725
4,241,draw,0.281875,0.088023,0.970000,-0.000000999,-0.000001377,-0.138940537,-0.990300726,1.0000,1.859193563,-1.497082472,-0.440487623,-2.351499081,2.587479353,2.200651646,-0.410795540
4,242,draw,0.282570,0.090409,0.970000,-0.000001874,-0.000002362,-0.138941152,-0.990300639,1.0000,1.867143512,-1.494494677,-0.443355769,-2.350063562,2.584857702,2.198396921,-0.416375250
4,243,draw,0.283359,0.092782,0.970000,-0.000001466,-0.000001880,-0.138940885,-0.990300677,1.0000,1.874811888,-1.491772532,-0.446425289,-2.348493814,2.582028627,2.196051598,-0.421473920
4,244,draw,0.284151,0.095153,0.970000,-0.000001995,-0.000002862,-0.138941334,-0.990300614,1.0000,1.881758332,-1.488730788,-0.449560463,-2.346951723,2.579306364,2.193354607,-0.425911009
4,245,draw,0.284939,0.097526,0.970000,-0.000001461,-0.000002261,-0.138940938,-0.990300669,1.0000,1.888200164,-1.485465527,-0.452741534,-2.345429182,2.576658964,2.190412283,-0.429885596
4,246,draw,0.285731,0.099898,0.970000,-0.000001865,-0.000003452,-0.138941714,-0.990300561,1.0000,1.893888235,-1.481850863,-0.455984831,-2.343937874,2.574142933,2.187090397,-0.433180064
4,247,draw,0.286519,0.102271,0.970000,-0.000001326,-0.000002533,-0.138941152,-0.990300639,1.0000,1.899083972,-1.478008032,-0.459268779,-2.342466831,2.571712732,2.183521032,-0.436030507
4,248,draw,0.287311,0.104643,0.970000,-0.000001741,-0.000003918,-0.138942098,-0.990300507,1.0000,1.903492212,-1.473783016,-0.462608755,-2.341030121,2.569442749,2.179543257,-0.438182384
4,249,draw,0.288099,0.107016,0.970000,-0.000001188,-0.000002693,-0.138941354,-0.990300611,1.0000,1.907420754,-1.469325185,-0.465982884,-2.339614391,2.567270279,2.175316811,-0.439908713
4,250,draw,0.289120,0.109186,0.970000,-0.000002753,-0.000004533,-0.138942354,-0.990300471,1.0000,1.911100864,-1.465113401,-0.469604909,-2.337859392,2.564611197,2.171496630,-0.440917999
4,251,draw,0.290268,0.111247,0.970000,-0.000001760,-0.000003030,-0.138941462,-0.990300596,1.0000,1.914640069,-1.461041212,-0.473367691,-2.335911989,2.561675787,2.167907238,-0.441520214
4,252,draw,0.292126,0.112681,0.970000,-0.000007423,0.000000029,-0.138944364,-0.990300189,1.0000,1.919524550,-1.458817840,-0.477752268,-2.332792997,2.556752682,2.166719675,-0.441728830
4,253,draw,0.294361,0.113803,0.970000,-0.000004618,0.000000018,-0.138942606,-0.990300435,1.0000,1.925119877,-1.457571149,-0.482465357,-2.329054832,2.550779343,2.166801453,-0.441729546
4,254,draw,0.296598,0.114916,0.970000,-0.000007584,0.000000250,-0.138944429,-0.990300180,1.0000,1.930767059,-1.456375599,-0.487141788,-2.325254679,2.544807673,2.166951418,-0.441729784
4,255,draw,0.298833,0.116039,0.970000,-0.000004492,0.000000137,-0.138942496,-0.990300451,1.0000,1.936439753,-1.455205202,-0.491800278,-2.321424246,2.538836718,2.167135000,-0.441729784
4,256,draw,0.301070,0.117152,0.970000,-0.000007736,0.000000448,-0.138944516,-0.990300167,1.0000,1.942167163,-1.454089403,-0.496419191,-2.317530632,2.532866001,2.167390108,-0.441729784
4,257,draw,0.303306,0.118275,0.970000,-0.000004400,0.000000210,-0.138942374,-0.990300468,1.0000,1.947919607,-1.452998519,-0.501020133,-2.313608170,2.526895285,2.167677879,-0.441729784
4,258,draw,0.305609,0.119084,0.970000,-0.000008083,0.000004304,-0.138945036,-0.990300094,1.0000,1.953909516,-1.452793717,-0.505381167,-2.309516430,2.520652771,2.168955326,-0.441729784
4,259,draw,0.307948,0.119780,0.970000,-0.000004399,0.000002204,-0.138942458,-0.990300456,1.0000,1.959999204,-1.452962160,-0.509641290,-2.305352926,2.514295816,2.170649529,-0.441729784
4,260,draw,0.310392,0.119963,0.970000,-0.000008517,0.000011340,-0.138946330,-0.990299913,1.0000,1.966449499,-1.454556704,-0.513486266,-2.300952435,2.507485390,2.173936367,-0.441729784
4,261,draw,0.312898,0.119972,0.970000,-0.000004312,0.000005651,-0.138942953,-0.990300387,1.0000,1.973039985,-1.456705689,-0.517169952,-2.296459436,2.500498772,2.177842140,-0.441729784
4,262,draw,0.315392,0.119963,0.970000,-0.000008641,0.000012012,-0.138946448,-0.990299896,1.0000,1.979701281,-1.458926678,-0.520735681,-2.291900873,2.493497133,2.181848764,-0.441729784
4,263,draw,0.317898,0.119972,0.970000,-0.000004047,0.000005566,-0.138942904,-0.990300394,1.0000,1.986387968,-1.461173296,-0.524259269,-2.287318945,2.486490250,2.185891151,-0.441729784
4,264,draw,0.320391,0.119963,0.970000,-0.000008763,0.000012650,-0.138946624,-0.990299871,1.0000,1.993149757,-1.463494897,-0.527657688,-2.282669783,2.479464769,2.190039396,-0.441729784
4,265,draw,0.322898,0.119973,0.970000,-0.000003817,0.000005539,-0.138942731,-0.990300418,1.0000,1.999936342,-1.465841055,-0.531015038,-2.277998924,2.472433090,2.194222212,-0.441729784
4,266,draw,0.325390,0.119962,0.970000,-0.000008707,0.000013478,-0.138946727,-0.990299857,1.0000,2.006802797,-1.468265533,-0.534239531,-2.273259640,2.465379000,2.198516607,-0.441729784
4,267,draw,0.327899,0.119973,0.970000,-0.000003563,0.000005413,-0.138942556,-0.990300442,1.0000,2.013693333,-1.470713496,-0.537424147,-2.268499851,2.458318472,2.202844143,-0.441729784
4,268,draw,0.330347,0.119789,0.970000,-0.000008209,0.000015626,-0.138947003,-0.990299818,1.0000,2.020553112,-1.473632574,-0.540213883,-2.263762474,2.451305628,2.207682133,-0.441729784
4,269,draw,0.332804,0.119577,0.970000,-0.000003052,0.000005896,-0.138942444,-0.990300458,1.0000,2.027404308,-1.476680040,-0.542895973,-2.259031534,2.444306135,2.212659121,-0.441729784
4,270,draw,0.335064,0.118630,0.970000,-0.000005684,0.000021223,-0.138948470,-0.990299612,1.0000,2.033869743,-1.481389284,-0.544362605,-2.254607677,2.437588215,2.219373703,-0.441729784
4,271,draw,0.337316,0.117520,0.970000,-0.000002034,0.000007332,-0.138942700,-0.990300422,1.0000,2.040240049,-1.486508012,-0.545529842,-2.250259876,2.430939436,2.226516008,-0.441729784
4,272,draw,0.339535,0.116394,0.970000,-0.000005727,0.000022212,-0.138948658,-0.990299586,1.0000,2.046710491,-1.491662860,-0.546505630,-2.245837688,2.424263477,2.233774900,-0.441729784
4,273,draw,0.341789,0.115285,0.970000,-0.000001735,0.000007001,-0.138942432,-0.990300460,1.0000,2.053203106,-1.496825814,-0.547439098,-2.241399288,2.417581320,2.241059780,-0.441729784
4,274,draw,0.344007,0.114158,0.970000,-0.000005553,0.000023215,-0.138948919,-0.990299549,1.0000,2.059803724,-1.502025008,-0.548170865,-2.236885071,2.410867691,2.248466730,-0.441729784
4,275,draw,0.346262,0.113049,0.970000,-0.000001553,0.000006629,-0.138942296,-0.990300479,1.0000,2.066425562,-1.507231355,-0.548862875,-2.232356071,2.404147625,2.255897760,-0.441729784
4,276,draw,0.348345,0.111739,0.970000,-0.000004419,0.000023516,-0.138948990,-0.990299539,1.0000,2.072777748,-1.512757659,-0.548987746,-2.228025436,2.397737503,2.263686419,-0.441729784
4,277,draw,0.350445,0.110413,0.970000,-0.000001208,0.000005972,-0.138941961,-0.990300526,1.0000,2.079083204,-1.518339753,-0.549013913,-2.223729372,2.391381025,2.271537542,-0.441729784
4,278,draw,0.352234,0.108699,0.970000,-0.000002340,0.000022518,-0.138949271,-0.990299500,1.0000,2.084719658,-1.524499536,-0.548114300,-2.219914436,2.385703802,2.279967546,-0.441729784
4,279,draw,0.354023,0.106936,0.970000,-0.000000546,0.000005021,-0.138941787,-0.990300550,1.0000,2.090254307,-1.530746937,-0.547074139,-2.216172457,2.380129576,2.288485289,-0.441729784
4,280,draw,0.355768,0.105163,0.970000,-0.000002222,0.000023521,-0.138949355,-0.990299488,1.0000,2.095908403,-1.536973000,-0.545831323,-2.212348223,2.374533415,2.297106743,-0.441729784
4,281,draw,0.357559,0.103400,0.970000,-0.000000404,0.000004500,-0.138941558,-0.990300582,1.0000,2.101578236,-1.543196201,-0.544562101,-2.208513021,2.368934631,2.305742025,-0.441729784
4,282,draw,0.359303,0.101628,0.970000,-0.000002026,0.000024373,-0.138949623,-0.990299451,1.0000,2.107374907,-1.549394727,-0.543080747,-2.204594374,2.363310575,2.314484596,-0.441729784
4,283,draw,0.361095,0.099865,0.970000,-0.000000289,0.000003931,-0.138941281,-0.990300621,1.0000,2.113185406,-1.555590510,-0.541576028,-2.200666428,2.357683659,2.323239088,-0.441729784
4,284,draw,0.362837,0.098092,0.970000,-0.000001955,0.000025382,-0.138949632,-0.990299449,1.0000,2.119131088,-1.561757922,-0.539849162,-2.196653128,2.352027655,2.332105160,-0.441729784
4,285,draw,0.364631,0.096330,0.970000,-0.000000289,0.000003318,-0.138940898,-0.990300675,1.0000,2.125088692,-1.567922711,-0.538102269,-2.192632437,2.346369267,2.340981245,-0.441729784
4,286,draw,0.366372,0.094557,0.970000,-0.000001833,0.000026365,-0.138949737,-0.990299434,1.0000,2.131190062,-1.574055195,-0.536122680,-2.188524961,2.340677738,2.349973440,-0.441729784
4,287,draw,0.368167,0.092794,0.970000,-0.000000255,0.000002548,-0.138940680,-0.990300706,1.0000,2.137301445,-1.580185294,-0.534126580,-2.184411526,2.334984064,2.358973742,-0.441729784
4,288,draw,0.369906,0.091021,0.970000,-0.000001573,0.000027442,-0.138949885,-0.990299414,1.0000,2.143565416,-1.586278796,-0.531886637,-2.180210114,2.329252481,2.368094921,-0.441729784
4,289,draw,0.371704,0.089259,0.970000,-0.000000138,0.000001778,-0.138940362,-0.990300750,1.0000,2.149837255,-1.592370391,-0.529633939,-2.176003933,2.323519230,2.377222300,-0.441729784
4,290,draw,0.373441,0.087486,0.970000,-0.000001392,0.000028553,-0.138949987,-0.990299399,1.0000,2.156271458,-1.598420501,-0.527125776,-2.171708345,2.317743063,2.386475325,-0.441729784
4,291,draw,0.375240,0.085723,0.970000,0.000000041,0.000000976,-0.138940020,-0.990300798,1.0000,2.162710905,-1.604469299,-0.524608791,-2.167409658,2.311965704,2.395732880,-0.441729784
5,0,travel,0.374706,0.086277,0.966789,0.000292401,0.000618090,-0.129472304,-0.991582803,1.0000,2.146718025,-1.601478934,-0.534549832,-2.180832863,2.311697006,2.378575802,-0.451758415
5,1,travel,0.374229,0.086807,0.963401,0.000552649,0.001160817,-0.119887209,-0.992786686,1.0000,2.130343199,-1.598334551,-0.544703066,-2.194557905,2.311522245,2.360968828,-0.461957902
5,2,travel,0.373847,0.087266,0.959893,0.000774291,0.001615885,-0.110344964,-0.993891734,1.0000,2.113968134,-1.595190048,-0.554856300,-2.208282948,2.311347485,2.343361855,-0.472157359
5,3,travel,0.373557,0.087650,0.956267,0.000956002,0.001982250,-0.100844770,-0.994899738,1.0000,2.097593069,-1.592045665,-0.565009475,-2.222008228,2.311172724,2.325754881,-0.482356846
5,4,travel,0.373355,0.087953,0.952525,0.001096387,0.002258785,-0.091385506,-0.995812425,1.0000,2.081218004,-1.588901281,-0.575162709,-2.235733271,2.310997963,2.308147907,-0.492556304
5,5,travel,0.373239,0.088171,0.948671,0.001194235,0.002444605,-0.081966236,-0.996631393,1.0000,2.064843178,-1.585756898,-0.585315943,-2.249458313,2.310823202,2.290540934,-0.502755761
5,6,travel,0.373203,0.088299,0.944707,0.001248314,0.002538833,-0.072585544,-0.997358178,1.0000,2.048468113,-1.582612395,-0.595469177,-2.263183355,2.310648441,2.272933960,-0.512955248
5,7,travel,0.373245,0.088332,0.940635,0.001257323,0.002540615,-0.063242400,-0.997994170,1.0000,2.032093048,-1.579468012,-0.605622411,-2.276908636,2.310473680,2.255326986,-0.523154736
5,8,travel,0.373360,0.088267,0.936458,0.001219861,0.002449109,-0.053935501,-0.998540673,1.0000,2.015718222,-1.576323628,-0.615775645,-2.290633678,2.310298920,2.237720013,-0.533354223
5,9,travel,0.373544,0.088099,0.932180,0.001134749,0.002263625,-0.044663337,-0.998998886,1.0000,1.999343157,-1.573179245,-0.625928879,-2.304358721,2.310124159,2.220113039,-0.543553710
5,10,travel,0.373793,0.087824,0.927802,0.001000871,0.001983545,-0.035424738,-0.999369877,1.0000,1.982968092,-1.570034742,-0.636082113,-2.318084002,2.309949398,2.202506065,-0.553753138
5,11,travel,0.374101,0.087439,0.923328,0.000816683,0.001608138,-0.026218134,-0.999654619,1.0000,1.966593146,-1.566890359,-0.646235347,-2.331809044,2.309774637,2.184899092,-0.563952625
5,12,travel,0.374464,0.086940,0.918761,0.000581077,0.001136934,-0.017042036,-0.999853959,1.0000,1.950218081,-1.563745975,-0.656388521,-2.345534086,2.309599876,2.167292118,-0.574152112
5,13,travel,0.374877,0.086324,0.914103,0.000292840,0.000569376,-0.007895063,-0.999968629,1.0000,1.933843136,-1.560601592,-0.666541755,-2.359259129,2.309425116,2.149685144,-0.584351599
5,14,travel,0.375418,0.084801,0.910004,-0.000002669,0.000002392,0.001592906,-0.999998731,1.0000,1.917468071,-1.557858825,-0.675284147,-2.371203184,2.309358835,2.134401560,-0.594250441
5,15,travel,0.376446,0.078152,0.910030,-0.000021885,0.000020458,0.013442275,-0.999909648,1.0000,1.901093125,-1.557702780,-0.674941897,-2.371678591,2.309989929,2.134078979,-0.602213681
5,16,travel,0.377353,0.071493,0.910055,-0.000040635,0.000038476,0.025289922,-0.999680157,1.0000,1.884718060,-1.557546735,-0.674599648,-2.372153997,2.310621023,2.133756638,-0.610176921
5,17,travel,0.378138,0.064825,0.910081,-0.000059164,0.000056517,0.037134035,-0.999310291,1.0000,1.868343115,-1.557390690,-0.674257338,-2.372629404,2.311252117,2.133434057,-0.618140101
5,18,travel,0.378801,0.058151,0.910106,-0.000077337,0.000074498,0.048973131,-0.998800091,1.0000,1.851968050,-1.557234645,-0.673915088,-2.373104811,2.311883211,2.133111477,-0.626103342
5,19,travel,0.379343,0.051474,0.910131,-0.000095164,0.000092444,0.060805397,-0.998149631,1.0000,1.835593104,-1.557078600,-0.673572838,-2.373580217,2.312514305,2.132788897,-0.634066582
5,20,travel,0.379763,0.044795,0.910155,-0.000112532,0.000110326,0.072629232,-0.997358997,1.0000,1.819218159,-1.556922555,-0.673230588,-2.374055624,2.313145399,2.132466555,-0.642029822
5,21,travel,0.380062,0.038117,0.910180,-0.000129673,0.000128191,0.084443005,-0.996428294,1.0000,1.802843094,-1.556766510,-0.672888339,-2.374531031,2.313776493,2.132143974,-0.649993002
5,22,travel,0.380240,0.031443,0.910203,-0.000146506,0.000145941,0.096244933,-0.995357659,1.0000,1.786468148,-1.556610465,-0.672546029,-2.375006437,2.314407825,2.131821394,-0.657956243
5,23,travel,0.380296,0.024773,0.910227,-0.000162967,0.000163713,0.108033576,-0.994147219,1.0000,1.770093083,-1.556454420,-0.672203779,-2.375481844,2.315038919,2.131498814,-0.665919483
5,24,travel,0.380232,0.018112,0.910250,-0.000179092,0.000181433,0.119807095,-0.992797157,1.0000,1.753718138,-1.556298375,-0.671861529,-2.375957251,2.315670013,2.131176233,-0.673882723
5,25,travel,0.380048,0.011460,0.910273,-0.000194764,0.000199070,0.131563926,-0.991307649,1.0000,1.737343073,-1.556142330,-0.671519279,-2.376432657,2.316301107,2.130853891,-0.681845903
5,26,travel,0.379743,0.004821,0.910296,-0.000210218,0.000216676,0.143302357,-0.989678909,1.0000,1.720968127,-1.555986285,-0.671177030,-2.376908064,2.316932201,2.130531311,-0.689809144
5,27,travel,0.379319,-0.001804,0.910318,-0.000225348,0.000234250,0.155020829,-0.987911148,1.0000,1.704593062,-1.555830240,-0.670834720,-2.377383471,2.317563295,2.130208731,-0.697772384
5,28,travel,0.378776,-0.008412,0.910340,-0.000240138,0.000251730,0.166717577,-0.986004629,1.0000,1.688218117,-1.555674195,-0.670492470,-2.377858877,2.318194389,2.129886150,-0.705735624
5,29,travel,0.378113,-0.015001,0.910362,-0.000254426,0.000269129,0.178391047,-0.983959601,1.0000,1.671843052,-1.555518031,-0.670150220,-2.378334284,2.318825483,2.129563808,-0.713698804
5,30,travel,0.377333,-0.021569,0.910383,-0.000268559,0.000286469,0.190039540,-0.981776359,1.0000,1.655468106,-1.555361986,-0.669807971,-2.378809690,2.319456577,2.129241228,-0.721662045
5,31,travel,0.376434,-0.028114,0.910404,-0.000282392,0.000303636,0.201661386,-0.979455213,1.0000,1.639093161,-1.555205941,-0.669465721,-2.379285097,2.320087910,2.128918648,-0.729625285
5,32,travel,0.375419,-0.034633,0.910425,-0.000295883,0.000320853,0.213255135,-0.976996447,1.0000,1.622718096,-1.555049896,-0.669123411,-2.379760504,2.320719004,2.128596067,-0.737588525
5,33,travel,0.374287,-0.041124,0.910445,-0.000309043,0.000337961,0.224818950,-0.974400446,1.0000,1.606343150,-1.554893851,-0.668781161,-2.380235910,2.321350098,2.128273487,-0.745551705
5,34,travel,0.373039,-0.047585,0.910465,-0.000321768,0.000354952,0.236351381,-0.971667533,1.0000,1.589968085,-1.554737806,-0.668438911,-2.380711317,2.321981192,2.127951145,-0.753514946
5,35,travel,0.371676,-0.054015,0.910485,-0.000334290,0.000371888,0.247850662,-0.968798121,1.0000,1.573593140,-1.554581761,-0.668096662,-2.381186724,2.322612286,2.127628565,-0.761478186
5,36,travel,0.370199,-0.060410,0.910505,-0.000346494,0.000388734,0.259315292,-0.965792580,1.0000,1.557218075,-1.554425716,-0.667754412,-2.381662130,2.323243380,2.127305984,-0.769441426
5,37,travel,0.368608,-0.066768,0.910524,-0.000358390,0.000405516,0.270743516,-0.962651368,1.0000,1.540843129,-1.554269671,-0.667412102,-2.382137537,2.323874474,2.126983404,-0.777404606
5,38,travel,0.366905,-0.073089,0.910543,-0.000369966,0.000422173,0.282133901,-0.959374873,1.0000,1.524468064,-1.554113626,-0.667069852,-2.382612944,2.324505568,2.126660824,-0.785367846
5,39,travel,0.365090,-0.079369,0.910561,-0.000381117,0.000438696,0.293484702,-0.955963593,1.0000,1.508093119,-1.553957582,-0.666727602,-2.383088350,2.325136662,2.126338482,-0.793331087
5,40,travel,0.363164,-0.085606,0.910579,-0.000392193,0.000455033,0.304794448,-0.952417967,1.0000,1.491718054,-1.553801537,-0.666385353,-2.383563519,2.325767994,2.126015902,-0.801294327
5,41,travel,0.361129,-0.091799,0.910597,-0.000402841,0.000471383,0.316061387,-0.948738539,1.0000,1.475343108,-1.553645492,-0.666043103,-2.384038925,2.326399088,2.125693321,-0.809257507
5,42,travel,0.358984,-0.097945,0.910615,-0.000413191,0.000487653,0.327284058,-0.944925784,1.0000,1.458968163,-1.553489447,-0.665700793,-2.384514332,2.327030182,2.125370741,-0.817220747
5,43,travel,0.356732,-0.104043,0.910632,-0.000423117,0.000503748,0.338460913,-0.940980222,1.0000,1.442593098,-1.553333402,-0.665358543,-2.384989738,2.327661276,2.125048399,-0.825183988
5,44,travel,0.354373,-0.110090,0.910649,-0.000432856,0.000519763,0.349590266,-0.936902443,1.0000,1.426218152,-1.553177357,-0.665016294,-2.385465145,2.328292370,2.124725819,-0.833147228
5,45,travel,0.351908,-0.116085,0.910666,-0.000442295,0.000535661,0.360670638,-0.932692987,1.0000,1.409843087,-1.553021312,-0.664674044,-2.385940552,2.328923464,2.124403238,-0.841110408
5,46,travel,0.349339,-0.122025,0.910682,-0.000451437,0.000551440,0.371700414,-0.928352462,1.0000,1.393468142,-1.552865267,-0.664331794,-2.386415958,2.329554558,2.124080658,-0.849073648
5,47,travel,0.346667,-0.127909,0.910699,-0.000460290,0.000567124,0.382678127,-0.923881441,1.0000,1.377093077,-1.552709222,-0.663989484,-2.386891365,2.330185652,2.123758078,-0.857036889
5,48,travel,0.343893,-0.133735,0.910714,-0.000468731,0.000582615,0.393602123,-0.919280594,1.0000,1.360718131,-1.552553177,-0.663647234,-2.387366772,2.330816746,2.123435736,-0.865000129
5,49,travel,0.341018,-0.139502,0.910730,-0.000476969,0.000597931,0.404470890,-0.914550553,1.0000,1.344343066,-1.552397013,-0.663304985,-2.387842178,2.331448078,2.123113155,-0.872963309
5,50,travel,0.338044,-0.145206,0.910745,-0.000484944,0.000613200,0.415282961,-0.909691954,1.0000,1.327968121,-1.552240968,-0.662962735,-2.388317585,2.332079172,2.122790575,-0.880926549
5,51,travel,0.334971,-0.150847,0.910760,-0.000492633,0.000628334,0.426036839,-0.904705463,1.0000,1.311593056,-1.552084923,-0.662620485,-2.388792992,2.332710266,2.122467995,-0.888889790
5,52,travel,0.331802,-0.156423,0.910775,-0.000500042,0.000643360,0.436730902,-0.899591827,1.0000,1.295218110,-1.551928878,-0.662278175,-2.389268398,2.333341360,2.122145414,-0.896853030
5,53,travel,0.328537,-0.161931,0.910789,-0.000507052,0.000658177,0.447363674,-0.894351750,1.0000,1.278843164,-1.551772833,-0.661935925,-2.389743805,2.333972454,2.121823072,-0.904816210
5,54,travel,0.325179,-0.167371,0.910803,-0.000513895,0.000672892,0.457933767,-0.888985910,1.0000,1.262468100,-1.551616788,-0.661593676,-2.390219212,2.334603548,2.121500492,-0.912779450
5,55,travel,0.321728,-0.172741,0.910817,-0.000520460,0.000687460,0.468439559,-0.883495125,1.0000,1.246093154,-1.551460743,-0.661251426,-2.390694618,2.335234642,2.121177912,-0.920742691
5,56,travel,0.318186,-0.178039,0.910830,-0.000526750,0.000701881,0.478879680,-0.877880107,1.0000,1.229718089,-1.551304698,-0.660909176,-2.391170025,2.335865736,2.120855331,-0.928705931
5,57,travel,0.314555,-0.183263,0.910843,-0.000532660,0.000716138,0.489252527,-0.872141713,1.0000,1.213343143,-1.551148653,-0.660566866,-2.391645432,2.336496830,2.120532990,-0.936669111
5,58,travel,0.310836,-0.188412,0.910856,-0.000538443,0.000730160,0.499556746,-0.866280690,1.0000,1.196968079,-1.550992608,-0.660224617,-2.392120838,2.337128162,2.120210409,-0.944632351
5,59,travel,0.307031,-0.193485,0.910869,-0.000543922,0.000744120,0.509790864,-0.860297870,1.0000,1.180593133,-1.550836563,-0.659882367,-2.392596245,2.337759256,2.119887829,-0.952595592
5,60,travel,0.303141,-0.198479,0.910881,-0.000549135,0.000757921,0.519953490,-0.854194060,1.0000,1.164218068,-1.550680518,-0.659540117,-2.393071651,2.338390350,2.119565248,-0.960558832
5,61,travel,0.299168,-0.203394,0.910893,-0.000554088,0.000771591,0.530043066,-0.847970192,1.0000,1.147843122,-1.550524473,-0.659197807,-2.393547058,2.339021444,2.119242668,-0.968522012
5,62,travel,0.295113,-0.208227,0.910904,-0.000558666,0.000785023,0.540058325,-0.841627042,1.0000,1.131468058,-1.550368428,-0.658855557,-2.394022465,2.339652538,2.118920326,-0.976485252
5,63,travel,0.290979,-0.212979,0.910916,-0.000563096,0.000798332,0.549997731,-0.835165577,1.0000,1.115093112,-1.550212383,-0.658513308,-2.394497871,2.340283632,2.118597746,-0.984448493
5,64,travel,0.286767,-0.217647,0.910927,-0.000567270,0.000811473,0.559859935,-0.828586672,1.0000,1.098718166,-1.550056338,-0.658171058,-2.394973278,2.340914726,2.118275166,-0.992411733
5,65,travel,0.282479,-0.222229,0.910938,-0.000571190,0.000824442,0.569643574,-0.821891229,1.0000,1.082343102,-1.549900293,-0.657828808,-2.395448685,2.341545820,2.117952585,-1.000374913
5,66,travel,0.278116,-0.226726,0.910948,-0.000574902,0.000837172,0.579347194,-0.815080240,1.0000,1.065968156,-1.549744248,-0.657486498,-2.395924091,2.342177153,2.117630005,-1.008338213
5,67,travel,0.273680,-0.231134,0.910958,-0.000578213,0.000849745,0.588969532,-0.808154585,1.0000,1.049593091,-1.549588203,-0.657144248,-2.396399498,2.342808247,2.117307663,-1.016301394
5,68,travel,0.269174,-0.235454,0.910968,-0.000581482,0.000862176,0.598509193,-0.801115263,1.0000,1.033218145,-1.549432158,-0.656801999,-2.396874666,2.343439341,2.116985083,-1.024264574
5,69,travel,0.264598,-0.239684,0.910978,-0.000584354,0.000874440,0.607964858,-0.793963239,1.0000,1.016843081,-1.549275994,-0.656459749,-2.397350073,2.344070435,2.116662502,-1.032227874
5,70,travel,0.259956,-0.243823,0.910987,-0.000587044,0.000886515,0.617335066,-0.786699616,1.0000,1.000468135,-1.549119949,-0.656117499,-2.397825480,2.344701529,2.116339922,-1.040191054
5,71,travel,0.255248,-0.247870,0.910997,-0.000589389,0.000898385,0.626618616,-0.779325321,1.0000,0.984093130,-1.548963904,-0.655775189,-2.398300886,2.345332623,2.116017580,-1.048154235
5,72,travel,0.250476,-0.251824,0.911005,-0.000591605,0.000910085,0.635814222,-0.771841367,1.0000,0.967718124,-1.548807859,-0.655432940,-2.398776293,2.345963717,2.115695000,-1.056117535
5,73,travel,0.245643,-0.255683,0.911014,-0.000593588,0.000921593,0.644920498,-0.764248879,1.0000,0.951343119,-1.548651814,-0.655090690,-2.399251699,2.346594810,2.115372419,-1.064080715
5,74,travel,0.240749,-0.259447,0.911022,-0.000595340,0.000932909,0.653936252,-0.756548844,1.0000,0.934968114,-1.548495770,-0.654748440,-2.399727106,2.347225904,2.115049839,-1.072044015
5,75,travel,0.235799,-0.263115,0.911030,-0.000596907,0.000943937,0.662860077,-0.748742460,1.0000,0.918593109,-1.548339725,-0.654406190,-2.400202513,2.347857237,2.114727259,-1.080007195
5,76,travel,0.230792,-0.266686,0.911038,-0.000598100,0.000954839,0.671690854,-0.740830701,1.0000,0.902218103,-1.548183680,-0.654063880,-2.400677919,2.348488331,2.114404917,-1.087970376
5,77,travel,0.225732,-0.270160,0.911045,-0.000599177,0.000965562,0.680427337,-0.732814675,1.0000,0.885843098,-1.548027635,-0.653721631,-2.401153326,2.349119425,2.114082336,-1.095933676
5,78,travel,0.220619,-0.273534,0.911053,-0.000600034,0.000976082,0.689068207,-0.724695587,1.0000,0.869468093,-1.547871590,-0.653379381,-2.401628733,2.349750519,2.113759756,-1.103896856
5,79,travel,0.215457,-0.276809,0.911059,-0.000600674,0.000986398,0.697612290,-0.716474535,1.0000,0.853093088,-1.547715545,-0.653037131,-2.402104139,2.350381613,2.113437176,-1.111860037
5,80,travel,0.210247,-0.279984,0.911066,-0.000601099,0.000996508,0.706058425,-0.708152629,1.0000,0.836718082,-1.547559500,-0.652694881,-2.402579546,2.351012707,2.113114595,-1.119823337
5,81,travel,0.204991,-0.283058,0.911072,-0.000601207,0.001006387,0.714405337,-0.699731120,1.0000,0.820343077,-1.547403455,-0.652352571,-2.403054953,2.351643801,2.112792253,-1.127786517
5,82,travel,0.199690,-0.286031,0.911079,-0.000601212,0.001016077,0.722651911,-0.691211126,1.0000,0.803968132,-1.547247410,-0.652010322,-2.403530359,2.352274895,2.112469673,-1.135749817
5,83,travel,0.194348,-0.288901,0.911084,-0.000601011,0.001025554,0.730796946,-0.682593884,1.0000,0.787593126,-1.547091365,-0.651668072,-2.404005766,2.352905989,2.112147093,-1.143712997
5,84,travel,0.188967,-0.291669,0.911090,-0.000600653,0.001034726,0.738839271,-0.673880627,1.0000,0.771218121,-1.546935320,-0.651325822,-2.404481173,2.353537321,2.111824512,-1.151676178
5,85,travel,0.183547,-0.294334,0.911095,-0.000599942,0.001043717,0.746777877,-0.665072442,1.0000,0.754843116,-1.546779275,-0.650983572,-2.404956579,2.354168415,2.111502171,-1.159639478
5,86,travel,0.178092,-0.296894,0.911100,-0.000599141,0.001052573,0.754611521,-0.656170699,1.0000,0.738468111,-1.546623230,-0.650641263,-2.405431986,2.354799509,2.111179590,-1.167602658
5,87,travel,0.172602,-0.299351,0.911105,-0.000598144,0.001061179,0.762339140,-0.647176600,1.0000,0.722093105,-1.546467185,-0.650299013,-2.405907393,2.355430603,2.110857010,-1.175565839
5,88,travel,0.167081,-0.301704,0.911109,-0.000596895,0.001069562,0.769959682,-0.638091363,1.0000,0.705718100,-1.546311021,-0.649956763,-2.406382799,2.356061697,2.110534430,-1.183529139
5,89,travel,0.161531,-0.303951,0.911114,-0.000595518,0.001077720,0.777471996,-0.628916353,1.0000,0.689343095,-1.546154976,-0.649614513,-2.406858206,2.356692791,2.110211849,-1.191492319
5,90,travel,0.155953,-0.306093,0.911118,-0.000593849,0.001085595,0.784875098,-0.619652765,1.0000,0.672968090,-1.545998931,-0.649272263,-2.407333612,2.357323885,2.109889507,-1.199455619
5,91,travel,0.150349,-0.308130,0.911121,-0.000592102,0.001093326,0.792167868,-0.610301993,1.0000,0.656593084,-1.545842886,-0.648929954,-2.407809019,2.357954979,2.109566927,-1.207418799
5,92,travel,0.144722,-0.310061,0.911125,-0.000590174,0.001100797,0.799349317,-0.600865301,1.0000,0.640218079,-1.545686841,-0.648587704,-2.408284426,2.358586073,2.109244347,-1.215381980
5,93,travel,0.139074,-0.311887,0.911128,-0.000588118,0.001107946,0.806418411,-0.591344040,1.0000,0.623843133,-1.545530796,-0.648245454,-2.408759832,2.359217405,2.108921766,-1.223345280
5,94,travel,0.133406,-0.313606,0.911131,-0.000585735,0.001114893,0.813374191,-0.581739495,1.0000,0.607468128,-1.545374751,-0.647903204,-2.409235239,2.359848499,2.108599424,-1.231308460
5,95,travel,0.127721,-0.315219,0.911134,-0.000583285,0.001121662,0.820215656,-0.572053039,1.0000,0.591093123,-1.545218706,-0.647560954,-2.409710646,2.360479593,2.108276844,-1.239271641
5,96,travel,0.122021,-0.316726,0.911136,-0.000580666,0.001128222,0.826941874,-0.562285983,1.0000,0.574718118,-1.545062661,-0.647218645,-2.410186052,2.361110687,2.107954264,-1.247234941
5,97,travel,0.116307,-0.318127,0.911138,-0.000577976,0.001134518,0.833551869,-0.552439735,1.0000,0.558343112,-1.544906616,-0.646876395,-2.410661221,2.361741781,2.107631683,-1.255198121
5,98,travel,0.110582,-0.319422,0.911140,-0.000575030,0.001140568,0.840044692,-0.542515699,1.0000,0.541968107,-1.544750571,-0.646534145,-2.411136627,2.362372875,2.107309103,-1.263161421
5,99,travel,0.104849,-0.320610,0.911142,-0.000571820,0.001146316,0.846419404,-0.532515307,1.0000,0.525593102,-1.544594526,-0.646191895,-2.411612034,2.363003969,2.106986761,-1.271124601
5,100,travel,0.099108,-0.321693,0.911144,-0.000568558,0.001151878,0.852675135,-0.522439914,1.0000,0.509218097,-1.544438481,-0.645849645,-2.412087440,2.363635063,2.106664181,-1.279087782
5,101,travel,0.093362,-0.322669,0.911145,-0.000565141,0.001157224,0.858811026,-0.512290897,1.0000,0.492843121,-1.544282436,-0.645507336,-2.412562847,2.364266157,2.106341600,-1.287051082
5,102,travel,0.087613,-0.323540,0.911146,-0.000561627,0.001162205,0.864826133,-0.502069809,1.0000,0.476468116,-1.544126391,-0.645165086,-2.413038254,2.364897490,2.106019020,-1.295014262
5,103,travel,0.081863,-0.324306,0.911146,-0.000557914,0.001167024,0.870719692,-0.491777943,1.0000,0.460093111,-1.543970346,-0.644822836,-2.413513660,2.365528584,2.105696440,-1.302977443
5,104,travel,0.076115,-0.324966,0.911147,-0.000553954,0.001171531,0.876490867,-0.481416743,1.0000,0.443718106,-1.543814301,-0.644480586,-2.413989067,2.366159678,2.105374098,-1.310940742
5,105,travel,0.070369,-0.325522,0.911147,-0.000549956,0.001175846,0.882138785,-0.470987769,1.0000,0.427343100,-1.543658257,-0.644138336,-2.414464474,2.366790771,2.105051517,-1.318903923
5,106,travel,0.064628,-0.325972,0.911147,-0.000545818,0.001179937,0.887662704,-0.460492381,1.0000,0.410968095,-1.543502212,-0.643796027,-2.414939880,2.367421865,2.104728937,-1.326867223
5,107,travel,0.058894,-0.326319,0.911147,-0.000541547,0.001183743,0.893061782,-0.449932172,1.0000,0.394593120,-1.543346167,-0.643453777,-2.415415287,2.368052959,2.104406357,-1.334830403
5,108,travel,0.053169,-0.326562,0.911146,-0.000536983,0.001187224,0.898335296,-0.439308545,1.0000,0.378218114,-1.543190002,-0.643111527,-2.415890694,2.368684053,2.104084015,-1.342793584
5,109,travel,0.047455,-0.326702,0.911146,-0.000532452,0.001190514,0.903482520,-0.428622953,1.0000,0.361843109,-1.543033957,-0.642769277,-2.416366100,2.369315147,2.103761435,-1.350756884
5,110,travel,0.041753,-0.326738,0.911145,-0.000527848,0.001193487,0.908502647,-0.417877059,1.0000,0.345468104,-1.542877913,-0.642426968,-2.416841507,2.369946480,2.103438854,-1.358720064
5,111,travel,0.036067,-0.326673,0.911143,-0.000523069,0.001196256,0.913395047,-0.407072209,1.0000,0.329093099,-1.542721868,-0.642084718,-2.417316914,2.370577574,2.103116274,-1.366683245
5,112,travel,0.030397,-0.326505,0.911142,-0.000518171,0.001198763,0.918159024,-0.396209922,1.0000,0.312718093,-1.542565823,-0.641742468,-2.417792320,2.371208668,2.102793694,-1.374646544
5,113,travel,0.024745,-0.326237,0.911140,-0.000513058,0.001200941,0.922793849,-0.385291845,1.0000,0.296343118,-1.542409778,-0.641400218,-2.418267727,2.371839762,2.102471352,-1.382609725
5,114,travel,0.019114,-0.325868,0.911138,-0.000507931,0.001202918,0.927298927,-0.374319377,1.0000,0.279968113,-1.542253733,-0.641057968,-2.418743134,2.372470856,2.102148771,-1.390573025
5,115,travel,0.013504,-0.325399,0.911136,-0.000502692,0.001204659,0.931673565,-0.363294183,1.0000,0.263593107,-1.542097688,-0.640715659,-2.419218540,2.373101950,2.101826191,-1.398536205
5,116,travel,0.007919,-0.324831,0.911134,-0.000497350,0.001206102,0.935917170,-0.352217757,1.0000,0.247218102,-1.541941643,-0.640373409,-2.419693947,2.373733044,2.101503611,-1.406499386
5,117,travel,0.002360,-0.324165,0.911131,-0.000491905,0.001207276,0.940029157,-0.341091607,1.0000,0.230843112,-1.541785598,-0.640031159,-2.420169353,2.374364138,2.101181030,-1.414462686
5,118,travel,-0.003172,-0.323401,0.911129,-0.000486261,0.001208114,0.944008907,-0.329917394,1.0000,0.214468107,-1.541629553,-0.639688909,-2.420644760,2.374995232,2.100858688,-1.422425866
5,119,travel,-0.008674,-0.322541,0.911126,-0.000480677,0.001208662,0.947855856,-0.318696698,1.0000,0.198093101,-1.541473508,-0.639346659,-2.421120167,2.375626564,2.100536108,-1.430389047
5,120,travel,-0.014145,-0.321584,0.911122,-0.000474939,0.001209052,0.951569511,-0.307430932,1.0000,0.181718111,-1.541317463,-0.639004350,-2.421595573,2.376257658,2.100213528,-1.438352346
5,121,travel,-0.019584,-0.320533,0.911119,-0.000469114,0.001209139,0.955149296,-0.296121834,1.0000,0.165343106,-1.541161418,-0.638662100,-2.422070980,2.376888752,2.099890947,-1.446315527
5,122,travel,-0.024988,-0.319387,0.911115,-0.000463105,0.001208884,0.958594735,-0.284770888,1.0000,0.148968101,-1.541005373,-0.638319850,-2.422546387,2.377519846,2.099568605,-1.454278827
5,123,travel,-0.030355,-0.318148,0.911111,-0.000457110,0.001208420,0.961905302,-0.273379811,1.0000,0.132593110,-1.540849328,-0.637977600,-2.423021793,2.378150940,2.099246025,-1.462242007
5,124,travel,-0.035685,-0.316817,0.911107,-0.000451035,0.001207681,0.965080549,-0.261950134,1.0000,0.116218105,-1.540693283,-0.637635350,-2.423497200,2.378782034,2.098923445,-1.470205188
5,125,travel,-0.040976,-0.315395,0.911103,-0.000444972,0.001206710,0.968120053,-0.250483349,1.0000,0.099843107,-1.540537238,-0.637293041,-2.423972368,2.379413128,2.098600864,-1.478168488
5,126,travel,-0.046225,-0.313883,0.911098,-0.000438746,0.001205414,0.971023319,-0.238981314,1.0000,0.083468109,-1.540381193,-0.636950791,-2.424447775,2.380044222,2.098278284,-1.486131668
5,127,travel,-0.051431,-0.312281,0.911093,-0.000432354,0.001203769,0.973789967,-0.227445519,1.0000,0.067093104,-1.540225148,-0.636608541,-2.424923182,2.380675316,2.097955942,-1.494094849
5,128,travel,-0.056594,-0.310591,0.911088,-0.000425993,0.001201821,0.976419602,-0.215877593,1.0000,0.050718106,-1.540068984,-0.636266291,-2.425398588,2.381306648,2.097633362,-1.502058148
5,129,travel,-0.061710,-0.308815,0.911083,-0.000419566,0.001199684,0.978911850,-0.204279159,1.0000,0.034343109,-1.539912939,-0.635924041,-2.425873995,2.381937742,2.097310781,-1.510021329
5,130,travel,-0.066780,-0.306953,0.911078,-0.000413074,0.001197294,0.981266368,-0.192651788,1.0000,0.017968107,-1.539756894,-0.635581732,-2.426349401,2.382568836,2.096988201,-1.517984629
5,131,travel,-0.071800,-0.305006,0.911072,-0.000406530,0.001194592,0.983482795,-0.180997234,1.0000,0.001593107,-1.539600849,-0.635239482,-2.426824808,2.383199930,2.096665621,-1.525947809
5,132,travel,-0.076770,-0.302976,0.911066,-0.000399837,0.001191534,0.985560829,-0.169317077,1.0000,-0.014781893,-1.539444804,-0.634897232,-2.427300215,2.383831024,2.096343279,-1.533910990
5,133,travel,-0.081689,-0.300863,0.911060,-0.000393189,0.001188264,0.987500181,-0.157612902,1.0000,-0.031156894,-1.539288759,-0.634554982,-2.427775621,2.384462118,2.096020699,-1.541874290
5,134,travel,-0.086555,-0.298670,0.911054,-0.000386494,0.001184708,0.989300553,-0.145886473,1.0000,-0.047531892,-1.539132714,-0.634212732,-2.428251028,2.385093212,2.095698118,-1.549837470
5,135,travel,-0.091366,-0.296397,0.911048,-0.000379750,0.001180895,0.990961698,-0.134139381,1.0000,-0.063906893,-1.538976669,-0.633870423,-2.428726435,2.385724306,2.095375538,-1.557800651
5,136,travel,-0.096122,-0.294046,0.911041,-0.000372877,0.001176693,0.992483386,-0.122373218,1.0000,-0.080281891,-1.538820624,-0.633528173,-2.429201841,2.386355400,2.095053196,-1.565763950
5,137,travel,-0.100821,-0.291618,0.911034,-0.000366126,0.001172196,0.993865376,-0.110589815,1.0000,-0.096656896,-1.538664579,-0.633185923,-2.429677248,2.386986732,2.094730616,-1.573727131
5,138,travel,-0.105461,-0.289114,0.911027,-0.000359277,0.001167492,0.995107494,-0.098790599,1.0000,-0.113031894,-1.538508534,-0.632843673,-2.430152655,2.387617826,2.094408035,-1.581690431
5,139,travel,-0.110043,-0.286535,0.911020,-0.000352398,0.001162500,0.996209544,-0.086977402,1.0000,-0.129406899,-1.538352489,-0.632501423,-2.430628061,2.388248920,2.094085455,-1.589653611
5,140,travel,-0.114563,-0.283884,0.911012,-0.000345486,0.001157248,0.997171371,-0.075151837,1.0000,-0.145781890,-1.538196445,-0.632159114,-2.431103468,2.388880014,2.093762875,-1.597616792
5,141,travel,-0.119022,-0.281162,0.911004,-0.000338464,0.001151601,0.997992839,-0.063315493,1.0000,-0.162156895,-1.538040400,-0.631816864,-2.431578875,2.389511108,2.093440533,-1.605580091
5,142,travel,-0.123417,-0.278369,0.910997,-0.000331516,0.001145739,0.998673821,-0.051470162,1.0000,-0.178531900,-1.537884355,-0.631474614,-2.432054281,2.390142202,2.093117952,-1.613543272
5,143,travel,-0.127749,-0.275507,0.910989,-0.000324550,0.001139587,0.999214218,-0.039617461,1.0000,-0.194906890,-1.537728310,-0.631132364,-2.432529688,2.390773296,2.092795372,-1.621506453
5,144,travel,-0.132015,-0.272579,0.910980,-0.000317572,0.001133143,0.999613952,-0.027758983,1.0000,-0.211281896,-1.537572265,-0.630790114,-2.433005095,2.391404390,2.092472792,-1.629469752
5,145,travel,-0.136216,-0.269584,0.910972,-0.000310577,0.001126437,0.999872959,-0.015896531,1.0000,-0.227656886,-1.537416220,-0.630447805,-2.433480501,2.392035484,2.092150211,-1.637432933
5,146,travel,-0.140349,-0.266526,0.910963,-0.000303559,0.001119254,0.999991200,-0.004031699,1.0000,-0.244031891,-1.537260175,-0.630105555,-2.433955908,2.392666817,2.091827869,-1.645396233
5,147,travel,-0.144414,-0.263404,0.910954,-0.000296562,0.001111935,0.999968653,0.007833827,1.0000,-0.260406882,-1.537104130,-0.629763305,-2.434431314,2.393297911,2.091505289,-1.653359413
5,148,travel,-0.148409,-0.260222,0.910945,-0.000289508,0.001104307,0.999805316,0.019698391,1.0000,-0.276781887,-1.536947966,-0.629421055,-2.434906721,2.393929005,2.091182709,-1.661322594
5,149,travel,-0.152335,-0.256979,0.910936,-0.000282516,0.001096402,0.999501206,0.031560375,1.0000,-0.293156892,-1.536791921,-0.629078805,-2.435382128,2.394560099,2.090860128,-1.669285893
5,150,travel,-0.156190,-0.253679,0.910927,-0.000275434,0.001088153,0.999056364,0.043417990,1.0000,-0.309531897,-1.536635876,-0.628736496,-2.435857534,2.395191193,2.090537786,-1.677249074
5,151,travel,-0.159973,-0.250322,0.910917,-0.000268460,0.001079661,0.998470846,0.055269626,1.0000,-0.325906903,-1.536479831,-0.628394246,-2.436332941,2.395822287,2.090215206,-1.685212255
5,152,travel,-0.163684,-0.246910,0.910907,-0.000261501,0.001070874,0.997744728,0.067113660,1.0000,-0.342281878,-1.536323786,-0.628051996,-2.436808348,2.396453381,2.089892626,-1.693175554
5,153,travel,-0.167321,-0.243444,0.910897,-0.000254559,0.001061794,0.996878111,0.078948333,1.0000,-0.358656883,-1.536167741,-0.627709746,-2.437283754,2.397084475,2.089570045,-1.701138735
5,154,travel,-0.170885,-0.239927,0.910887,-0.000247731,0.001052449,0.995871100,0.090772153,1.0000,-0.375031888,-1.536011696,-0.627367496,-2.437758923,2.397715569,2.089247465,-1.709102035
5,155,travel,-0.174373,-0.236360,0.910877,-0.000240809,0.001042652,0.994723859,0.102583137,1.0000,-0.391406894,-1.535855651,-0.627025187,-2.438234329,2.398346901,2.088925123,-1.717065215
5,156,travel,-0.177787,-0.232744,0.910866,-0.000233941,0.001032689,0.993436522,0.114379870,1.0000,-0.407781899,-1.535699606,-0.626682937,-2.438709736,2.398977995,2.088602543,-1.725028396
5,157,travel,-0.181124,-0.229081,0.910855,-0.000227106,0.001022432,0.992009266,0.126160690,1.0000,-0.424156904,-1.535543561,-0.626340687,-2.439185143,2.399609089,2.088279963,-1.732991695
5,158,travel,-0.184385,-0.225372,0.910845,-0.000220305,0.001011880,0.990442301,0.137923804,1.0000,-0.440531880,-1.535387516,-0.625998437,-2.439660549,2.400240183,2.087957382,-1.740954876
5,159,travel,-0.187568,-0.221620,0.910834,-0.000213447,0.001000980,0.988735834,0.149667643,1.0000,-0.456906885,-1.535231471,-0.625656128,-2.440135956,2.400871277,2.087635040,-1.748918056
5,160,travel,-0.190674,-0.217825,0.910822,-0.000206727,0.000989839,0.986890091,0.161390599,1.0000,-0.473281890,-1.535075426,-0.625313878,-2.440611362,2.401502371,2.087312460,-1.756881356
5,161,travel,-0.193702,-0.213991,0.910811,-0.000200052,0.000978402,0.984905347,0.173090902,1.0000,-0.489656895,-1.534919381,-0.624971628,-2.441086769,2.402133465,2.086989880,-1.764844537
5,162,travel,-0.196651,-0.210117,0.910799,-0.000193426,0.000966672,0.982781859,0.184767005,1.0000,-0.506031871,-1.534763336,-0.624629378,-2.441562176,2.402764559,2.086667299,-1.772807837
5,163,travel,-0.199521,-0.206206,0.910787,-0.000186924,0.000954573,0.980519948,0.196417119,1.0000,-0.522406876,-1.534607291,-0.624287128,-2.442037582,2.403395891,2.086344719,-1.780771017
5,164,travel,-0.202312,-0.202260,0.910775,-0.000180312,0.000942198,0.978119900,0.208039760,1.0000,-0.538781881,-1.534451246,-0.623944819,-2.442512989,2.404026985,2.086022377,-1.788734198
5,165,travel,-0.205023,-0.198279,0.910763,-0.000173853,0.000929585,0.975582043,0.219633292,1.0000,-0.555156887,-1.534295201,-0.623602569,-2.442988396,2.404658079,2.085699797,-1.796697497
5,166,travel,-0.207654,-0.194267,0.910751,-0.000167457,0.000916677,0.972906757,0.231195965,1.0000,-0.571531892,-1.534139156,-0.623260319,-2.443463802,2.405289173,2.085377216,-1.804660678
5,167,travel,-0.210205,-0.190224,0.910738,-0.000161071,0.000903456,0.970094401,0.242726207,1.0000,-0.587906897,-1.533982992,-0.622918069,-2.443939209,2.405920267,2.085054636,-1.812623858
5,168,travel,-0.212675,-0.186151,0.910726,-0.000154811,0.000889961,0.967145351,0.254222451,1.0000,-0.604281902,-1.533826947,-0.622575819,-2.444414616,2.406551361,2.084732056,-1.820587158
5,169,travel,-0.215064,-0.182052,0.910713,-0.000148530,0.000876115,0.964060048,0.265682960,1.0000,-0.620656908,-1.533670902,-0.622233510,-2.444890022,2.407182455,2.084409714,-1.828550339
5,170,travel,-0.217372,-0.177927,0.910700,-0.000142419,0.000862033,0.960838889,0.277106235,1.0000,-0.637031913,-1.533514857,-0.621891260,-2.445365429,2.407813549,2.084087133,-1.836513638
5,171,travel,-0.219600,-0.173778,0.910687,-0.000136389,0.000847659,0.957482358,0.288490551,1.0000,-0.653406918,-1.533358812,-0.621549010,-2.445840836,2.408444643,2.083764553,-1.844476819
5,172,travel,-0.221746,-0.169606,0.910673,-0.000130516,0.000832920,0.953990931,0.299834275,1.0000,-0.669781864,-1.533202767,-0.621206760,-2.446316242,2.409075975,2.083441973,-1.852440000
5,173,travel,-0.223811,-0.165414,0.910660,-0.000124574,0.000817875,0.950365026,0.311136035,1.0000,-0.686156869,-1.533046722,-0.620864511,-2.446791649,2.409707069,2.083119631,-1.860403299
5,174,travel,-0.225794,-0.161203,0.910646,-0.000118793,0.000802652,0.946605211,0.322394037,1.0000,-0.702531874,-1.532890677,-0.620522201,-2.447267056,2.410338163,2.082797050,-1.868366480
5,175,travel,-0.227697,-0.156974,0.910632,-0.000113117,0.000787110,0.942711993,0.333606753,1.0000,-0.718906879,-1.532734632,-0.620179951,-2.447742462,2.410969257,2.082474470,-1.876329660
5,176,travel,-0.229518,-0.152729,0.910618,-0.000107538,0.000771278,0.938685894,0.344772657,1.0000,-0.735281885,-1.532578588,-0.619837701,-2.448217869,2.411600351,2.082151890,-1.884292960
5,177,travel,-0.231258,-0.148470,0.910604,-0.000102059,0.000755155,0.934527519,0.355890062,1.0000,-0.751656890,-1.532422543,-0.619495451,-2.448693275,2.412231445,2.081829309,-1.892256141
5,178,travel,-0.232916,-0.144198,0.910590,-0.000096604,0.000738655,0.930237405,0.366957512,1.0000,-0.768031895,-1.532266498,-0.619153202,-2.449168682,2.412862539,2.081506968,-1.900219440
5,179,travel,-0.234494,-0.139915,0.910575,-0.000091326,0.000721981,0.925816197,0.377973333,1.0000,-0.784406900,-1.532110453,-0.618810892,-2.449644089,2.413493633,2.081184387,-1.908182621
5,180,travel,-0.235991,-0.135623,0.910561,-0.000086170,0.000704990,0.921264490,0.388936030,1.0000,-0.800781906,-1.531954408,-0.618468642,-2.450119495,2.414124727,2.080861807,-1.916145802
5,181,travel,-0.237408,-0.131322,0.910546,-0.000081206,0.000687643,0.916582921,0.399844057,1.0000,-0.817156911,-1.531798363,-0.618126392,-2.450594902,2.414756060,2.080539227,-1.924109101
5,182,travel,-0.238744,-0.127015,0.910531,-0.000076370,0.000670119,0.911772118,0.410695935,1.0000,-0.833531916,-1.531642318,-0.617784142,-2.451070070,2.415387154,2.080216646,-1.932072282
5,183,travel,-0.240000,-0.122704,0.910516,-0.000071489,0.000652177,0.906832809,0.421490008,1.0000,-0.849906921,-1.531486273,-0.617441893,-2.451545477,2.416018248,2.079894304,-1.940035462
5,184,travel,-0.241176,-0.118389,0.910501,-0.000066799,0.000634067,0.901765645,0.432224842,1.0000,-0.866281867,-1.531330228,-0.617099583,-2.452020884,2.416649342,2.079571724,-1.947998762
5,185,travel,-0.242273,-0.114072,0.910485,-0.000062249,0.000615643,0.896571362,0.442898872,1.0000,-0.882656872,-1.531174183,-0.616757333,-2.452496290,2.417280436,2.079249144,-1.955961943
5,186,travel,-0.243290,-0.109755,0.910470,-0.000057830,0.000596936,0.891250645,0.453510669,1.0000,-0.899031878,-1.531018138,-0.616415083,-2.452971697,2.417911530,2.078926563,-1.963925242
5,187,travel,-0.244229,-0.105439,0.910454,-0.000053415,0.000577828,0.885804296,0.464058631,1.0000,-0.915406883,-1.530861974,-0.616072834,-2.453447104,2.418542624,2.078604221,-1.971888423
5,188,travel,-0.245089,-0.101126,0.910438,-0.000049269,0.000558553,0.880233049,0.474541321,1.0000,-0.931781888,-1.530705929,-0.615730584,-2.453922510,2.419173717,2.078281641,-1.979851604
5,189,travel,-0.245872,-0.096817,0.910422,-0.000045253,0.000539023,0.874537657,0.484957312,1.0000,-0.948156893,-1.530549884,-0.615388274,-2.454397917,2.419804811,2.077959061,-1.987814903
5,190,travel,-0.246577,-0.092514,0.910406,-0.000041474,0.000519118,0.868719003,0.495304980,1.0000,-0.964531898,-1.530393839,-0.615046024,-2.454873323,2.420436144,2.077636480,-1.995778084
5,191,travel,-0.247204,-0.088218,0.910389,-0.000037764,0.000498999,0.862777818,0.505583017,1.0000,-0.980906904,-1.530237794,-0.614703774,-2.455348730,2.421067238,2.077313900,-2.003741264
5,192,travel,-0.247756,-0.083930,0.910373,-0.000034130,0.000478509,0.856714963,0.515789921,1.0000,-0.997281909,-1.530081749,-0.614361525,-2.455824137,2.421698332,2.076991558,-2.011704445
5,193,travel,-0.248231,-0.079652,0.910356,-0.000030727,0.000457832,0.850531240,0.525924328,1.0000,-1.013656855,-1.529925704,-0.614019275,-2.456299543,2.422329426,2.076668978,-2.019667864
5,194,travel,-0.248631,-0.075385,0.910339,-0.000027469,0.000436904,0.844227595,0.535984679,1.0000,-1.030031919,-1.529769659,-0.613676965,-2.456774950,2.422960520,2.076346397,-2.027631044
5,195,travel,-0.248957,-0.071130,0.910322,-0.000024386,0.000415673,0.837804913,0.545969555,1.0000,-1.046406865,-1.529613614,-0.613334715,-2.457250357,2.423591614,2.076023817,-2.035594225
5,196,travel,-0.249208,-0.066890,0.910305,-0.000021469,0.000394167,0.831264030,0.555877646,1.0000,-1.062781930,-1.529457569,-0.612992465,-2.457725763,2.424222708,2.075701237,-2.043557405
5,197,travel,-0.249386,-0.062665,0.910288,-0.000018646,0.000372292,0.824605929,0.565707454,1.0000,-1.079156876,-1.529301524,-0.612650216,-2.458201170,2.424853802,2.075378895,-2.051520586
5,198,travel,-0.249491,-0.058457,0.910270,-0.000016069,0.000350237,0.817831409,0.575457785,1.0000,-1.095531940,-1.529145479,-0.612307966,-2.458676577,2.425484896,2.075056314,-2.059484005
5,199,travel,-0.249524,-0.054266,0.910252,-0.000013736,0.000327873,0.810941660,0.585126923,1.0000,-1.111906886,-1.528989434,-0.611965656,-2.459151983,2.426116228,2.074733734,-2.067447186
5,200,travel,-0.249485,-0.050094,0.910235,-0.000011513,0.000305275,0.803937443,0.594713792,1.0000,-1.128281951,-1.528833389,-0.611623406,-2.459627390,2.426747322,2.074411154,-2.075410366
5,201,travel,-0.249376,-0.045943,0.910217,-0.000009400,0.000282312,0.796819846,0.604216893,1.0000,-1.144656897,-1.528677344,-0.611281157,-2.460102797,2.427378416,2.074088812,-2.083373547
5,202,travel,-0.249197,-0.041813,0.910199,-0.000007544,0.000259176,0.789589832,0.613634932,1.0000,-1.161031842,-1.528521299,-0.610938907,-2.460578203,2.428009510,2.073766232,-2.091336727
5,203,travel,-0.248948,-0.037706,0.910180,-0.000005863,0.000235798,0.782248381,0.622966624,1.0000,-1.177406907,-1.528365254,-0.610596597,-2.461053610,2.428640604,2.073443651,-2.099299908
5,204,travel,-0.248632,-0.033623,0.910162,-0.000004388,0.000212127,0.774796520,0.632210651,1.0000,-1.193781853,-1.528209209,-0.610254347,-2.461529016,2.429271698,2.073121071,-2.107263327
5,205,travel,-0.248248,-0.029565,0.910144,-0.000003107,0.000188191,0.767235371,0.641365613,1.0000,-1.210156918,-1.528053164,-0.609912097,-2.462004423,2.429902792,2.072798491,-2.115226507
5,206,travel,-0.247797,-0.025534,0.910125,-0.000001955,0.000163896,0.759565998,0.650430218,1.0000,-1.226531863,-1.527897120,-0.609569848,-2.462479830,2.430533886,2.072476149,-2.123189688
5,207,travel,-0.247281,-0.021529,0.910106,-0.000001109,0.000139343,0.751789438,0.659403232,1.0000,-1.242906928,-1.527740955,-0.609227598,-2.462955236,2.431165218,2.072153568,-2.131152868
5,208,travel,-0.246699,-0.017553,0.910087,-0.000000419,0.000114646,0.743906787,0.668283382,1.0000,-1.259281874,-1.527584910,-0.608885288,-2.463430643,2.431796312,2.071830988,-2.139116049
5,209,travel,-0.246054,-0.013607,0.910068,0.000000047,0.000089663,0.735919030,0.677069548,1.0000,-1.275656939,-1.527428865,-0.608543038,-2.463906050,2.432427406,2.071508408,-2.147079468
5,210,travel,-0.245346,-0.009691,0.910049,0.000000289,0.000064378,0.727827482,0.685760273,1.0000,-1.292031884,-1.527272820,-0.608200788,-2.464381218,2.433058500,2.071186066,-2.155042648
5,211,travel,-0.244575,-0.005806,0.910029,0.000000329,0.000038881,0.719633214,0.694354403,1.0000,-1.308406949,-1.527116776,-0.607858539,-2.464856625,2.433689594,2.070863485,-2.163005829
5,212,travel,-0.243743,-0.001954,0.910010,0.000000151,0.000013128,0.711337411,0.702850686,1.0000,-1.324781895,-1.526960731,-0.607516289,-2.465332031,2.434320688,2.070540905,-2.170969009
5,213,travel,-0.243549,0.000235,0.912180,-0.000055313,-0.000170965,0.701688443,0.712483892,1.0000,-1.333564878,-1.520579219,-0.606949389,-2.457472563,2.435437918,2.071164370,-2.185538054
5,214,travel,-0.243988,0.000694,0.916597,-0.000148568,-0.000477874,0.690617953,0.723219602,1.0000,-1.334591269,-1.507837176,-0.606152952,-2.441097736,2.437052011,2.072754145,-2.206855774
5,215,travel,-0.244344,0.001074,0.921027,-0.000218646,-0.000732476,0.679394427,0.733772872,1.0000,-1.335617661,-1.495095253,-0.605356574,-2.424722672,2.438666105,2.074344158,-2.228173494
5,216,travel,-0.244618,0.001376,0.925469,-0.000267344,-0.000934224,0.668021630,0.744141221,1.0000,-1.336644053,-1.482353330,-0.604560196,-2.408347607,2.440280199,2.075934172,-2.249491215
5,217,travel,-0.244812,0.001598,0.929922,-0.000296468,-0.001082509,0.656503276,0.754322337,1.0000,-1.337670445,-1.469611287,-0.603763759,-2.391972542,2.441894054,2.077523947,-2.270808935
5,218,travel,-0.244928,0.001740,0.934386,-0.000307990,-0.001177297,0.644843294,0.764313840,1.0000,-1.338696837,-1.456869364,-0.602967381,-2.375597715,2.443508148,2.079113960,-2.292126656
5,219,travel,-0.244967,0.001801,0.938858,-0.000303913,-0.001217922,0.633045371,0.774113676,1.0000,-1.339723229,-1.444127321,-0.602171004,-2.359222651,2.445122242,2.080703735,-2.313444376
5,220,travel,-0.244932,0.001781,0.943339,-0.000285925,-0.001204199,0.621113289,0.783719816,1.0000,-1.340749621,-1.431385398,-0.601374567,-2.342847586,2.446736097,2.082293749,-2.334762335
5,221,travel,-0.244825,0.001679,0.947827,-0.000256215,-0.001135913,0.609051264,0.793130003,1.0000,-1.341775894,-1.418643475,-0.600578189,-2.326472521,2.448350191,2.083883524,-2.356080055
5,222,travel,-0.244647,0.001495,0.952321,-0.000216309,-0.001013067,0.596863052,0.802342460,1.0000,-1.342802286,-1.405901432,-0.599781811,-2.310097694,2.449964285,2.085473537,-2.377397776
5,223,travel,-0.244400,0.001230,0.956821,-0.000168529,-0.000835179,0.584552555,0.811355399,1.0000,-1.343828678,-1.393159509,-0.598985374,-2.293722630,2.451578379,2.087063313,-2.398715496
5,224,travel,-0.244086,0.000882,0.961324,-0.000114434,-0.000602438,0.572123755,0.820167076,1.0000,-1.344855070,-1.380417585,-0.598188996,-2.277347565,2.453192234,2.088653326,-2.420033216
5,225,travel,-0.243707,0.000451,0.965830,-0.000056007,-0.000314917,0.559580813,0.828775730,1.0000,-1.345881462,-1.367675543,-0.597392619,-2.260972738,2.454806328,2.090243340,-2.441350937
5,226,draw,-0.243301,0.000085,0.970000,-0.000000104,-0.000000020,0.547882676,0.836555182,1.0000,-1.347077370,-1.356011748,-0.596597075,-2.245859385,2.456297636,2.091822624,-2.460847855
5,227,draw,-0.243309,0.001487,0.970000,-0.000000498,-0.000000610,0.547883479,0.836554656,1.0000,-1.350357890,-1.357610226,-0.595812798,-2.246267557,2.456278324,2.093273640,-2.457946301
5,228,draw,-0.243310,0.002887,0.970000,-0.000000641,-0.000000731,0.547883535,0.836554620,1.0000,-1.353638530,-1.359208703,-0.595028460,-2.246675491,2.456259251,2.094724655,-2.455044985
5,229,draw,-0.243305,0.004287,0.970000,-0.000000291,-0.000000315,0.547883041,0.836554943,1.0000,-1.356919050,-1.360807180,-0.594244182,-2.247083664,2.456239939,2.096175432,-2.452143669
5,230,draw,-0.243305,0.005688,0.970000,-0.000000311,-0.000000304,0.547883143,0.836554876,1.0000,-1.360163569,-1.362412333,-0.593477309,-2.247463703,2.456192017,2.097645521,-2.449242115
5,231,draw,-0.243310,0.007089,0.970000,-0.000000462,-0.000000611,0.547883565,0.836554601,1.0000,-1.363376617,-1.364023328,-0.592725694,-2.247819662,2.456118822,2.099132299,-2.446340799
5,232,draw,-0.243308,0.008489,0.970000,-0.000000436,-0.000000516,0.547883339,0.836554748,1.0000,-1.366589785,-1.365634322,-0.591974020,-2.248175383,2.456045866,2.100619078,-2.443439484
5,233,draw,-0.243300,0.009889,0.970000,-0.000000022,0.000000074,0.547882608,0.836555227,1.0000,-1.369802833,-1.367245197,-0.591222405,-2.248531103,2.455972672,2.102105618,-2.440537930
5,234,draw,-0.243308,0.011290,0.970000,-0.000000350,-0.000000405,0.547883380,0.836554721,1.0000,-1.372949243,-1.368867040,-0.590502679,-2.248835325,2.455846548,2.103626728,-2.437636614
5,235,draw,-0.243310,0.012691,0.970000,-0.000000459,-0.000000516,0.547883523,0.836554628,1.0000,-1.376095176,-1.370489001,-0.589783192,-2.249139071,2.455719948,2.105148077,-2.434735298
5,236,draw,-0.243305,0.014091,0.970000,-0.000000244,-0.000000302,0.547883171,0.836554858,1.0000,-1.379241109,-1.372110844,-0.589063644,-2.249442816,2.455593348,2.106669426,-2.431833744
5,237,draw,-0.243304,0.015492,0.970000,-0.000000070,-0.000000181,0.547883037,0.836554946,1.0000,-1.382356882,-1.373736978,-0.588358402,-2.249723196,2.455442429,2.108205795,-2.428932428
5,238,draw,-0.243309,0.016893,0.970000,-0.000000346,-0.000000318,0.547883459,0.836554670,1.0000,-1.385436177,-1.375368237,-0.587670386,-2.249974966,2.455262661,2.109760284,-2.426031113
5,239,draw,-0.243308,0.018293,0.970000,-0.000000269,-0.000000292,0.547883427,0.836554690,1.0000,-1.388515353,-1.376999617,-0.586982429,-2.250226974,2.455082655,2.111315012,-2.423129559
5,240,draw,-0.243301,0.019693,0.970000,-0.000000027,-0.000000078,0.547882700,0.836555167,1.0000,-1.391594648,-1.378630877,-0.586294413,-2.250478983,2.454902887,2.112869740,-2.420228243
5,241,draw,-0.243307,0.021094,0.970000,-0.000000056,-0.000000229,0.547883378,0.836554723,1.0000,-1.394613266,-1.380269408,-0.585634589,-2.250683784,2.454674482,2.114453793,-2.417326689
5,242,draw,-0.243309,0.022495,0.970000,-0.000000268,-0.000000242,0.547883574,0.836554594,1.0000,-1.397626162,-1.381908774,-0.584977448,-2.250884056,2.454441786,2.116040468,-2.414425373
5,243,draw,-0.243306,0.023895,0.970000,-0.000000086,-0.000000189,0.547883168,0.836554860,1.0000,-1.400639057,-1.383548021,-0.584320307,-2.251084566,2.454208851,2.117627382,-2.411524057
5,244,draw,-0.243303,0.025296,0.970000,0.000000019,-0.000000087,0.547883073,0.836554922,1.0000,-1.403627276,-1.385189652,-0.583674371,-2.251265764,2.453956366,2.119225740,-2.408622503
5,245,draw,-0.243309,0.026697,0.970000,-0.000000079,-0.000000128,0.547883536,0.836554619,1.0000,-1.406574130,-1.386835575,-0.583047390,-2.251414537,2.453670740,2.120843649,-2.405721188
5,246,draw,-0.243308,0.028097,0.970000,-0.000000016,-0.000000145,0.547883442,0.836554681,1.0000,-1.409520984,-1.388481379,-0.582420409,-2.251563549,2.453385115,2.122461557,-2.402819872
5,247,draw,-0.243302,0.029497,0.970000,0.000000066,-0.000000066,0.547882837,0.836555077,1.0000,-1.412467837,-1.390127182,-0.581793427,-2.251712561,2.453099489,2.124079466,-2.399918318
5,248,draw,-0.243307,0.030898,0.970000,0.000000094,-0.000000026,0.547883324,0.836554758,1.0000,-1.415359974,-1.391777396,-0.581190944,-2.251818895,2.452770233,2.125722170,-2.397017002
5,249,draw,-0.243309,0.032299,0.970000,0.000000177,-0.000000072,0.547883534,0.836554620,1.0000,-1.418241143,-1.393428445,-0.580593348,-2.251916647,2.452432156,2.127370119,-2.394115686
5,250,draw,-0.243306,0.033699,0.970000,0.000000075,0.000000022,0.547883276,0.836554789,1.0000,-1.421122193,-1.395079613,-0.579995751,-2.252014399,2.452094078,2.129017830,-2.391214132
5,251,draw,-0.243303,0.035100,0.970000,0.000000054,0.000000003,0.547882953,0.836555001,1.0000,-1.423984289,-1.396731853,-0.579406500,-2.252097368,2.451740980,2.130674124,-2.388312817
5,252,draw,-0.243308,0.036500,0.970000,0.000000233,0.000000051,0.547883600,0.836554577,1.0000,-1.426800013,-1.398386836,-0.578837514,-2.252144098,2.451350689,2.132350922,-2.385411263
5,253,draw,-0.243308,0.037901,0.970000,0.000000202,0.000000035,0.547883516,0.836554632,1.0000,-1.429615736,-1.400041938,-0.578268588,-2.252190828,2.450960398,2.134027719,-2.382509947
5,254,draw,-0.243302,0.039301,0.970000,0.000000024,0.000000056,0.547882811,0.836555094,1.0000,-1.432431459,-1.401696920,-0.577699602,-2.252237558,2.450570107,2.135704279,-2.379608631
5,255,draw,-0.243306,0.040702,0.970000,0.000000244,0.000000106,0.547883368,0.836554729,1.0000,-1.435198188,-1.403354049,-0.577151418,-2.252246380,2.450140953,2.137402058,-2.376707077
5,256,draw,-0.243309,0.042102,0.970000,0.000000364,0.000000237,0.547883648,0.836554546,1.0000,-1.437948823,-1.405011892,-0.576610208,-2.252242565,2.449698687,2.139106512,-2.373805761
5,257,draw,-0.243306,0.043503,0.970000,0.000000239,0.000000177,0.547883289,0.836554781,1.0000,-1.440699339,-1.406669736,-0.576068997,-2.252238512,2.449256420,2.140811205,-2.370904446
5,258,draw,-0.243302,0.044904,0.970000,0.000000072,0.000000092,0.547882862,0.836555061,1.0000,-1.443436384,-1.408327818,-0.575533450,-2.252223969,2.448803425,2.142521381,-2.368002892
5,259,draw,-0.243308,0.046304,0.970000,0.000000437,0.000000370,0.547883521,0.836554629,1.0000,-1.446122050,-1.409987211,-0.575019121,-2.252169609,2.448309422,2.144252777,-2.365101576
5,260,draw,-0.243308,0.047705,0.970000,0.000000473,0.000000264,0.547883537,0.836554618,1.0000,-1.448807836,-1.411646605,-0.574504793,-2.252115250,2.447815657,2.145984411,-2.362200260
5,261,draw,-0.243303,0.049105,0.970000,0.000000213,0.000000085,0.547883003,0.836554968,1.0000,-1.451493502,-1.413305998,-0.573990464,-2.252060890,2.447321653,2.147715807,-2.359298706
5,262,draw,-0.243306,0.050506,0.970000,0.000000135,0.000000008,0.547882846,0.836555071,1.0000,-1.454761863,-1.414588571,-0.573555052,-2.252055168,2.446992636,2.149044991,-2.355916023
5,263,draw,-0.243310,0.051907,0.970000,0.000000072,-0.000000008,0.547883020,0.836554957,1.0000,-1.458318710,-1.415684462,-0.573158741,-2.252073526,2.446745634,2.150174856,-2.352294922
5,264,draw,-0.243308,0.053307,0.970000,0.000000035,0.000000023,0.547883013,0.836554962,1.0000,-1.461875439,-1.416780353,-0.572762370,-2.252091885,2.446498394,2.151304722,-2.348673582
5,265,draw,-0.243301,0.054708,0.970000,0.000000061,0.000000154,0.547882676,0.836555183,1.0000,-1.465825319,-1.417634964,-0.572409391,-2.252156734,2.446371317,2.152168751,-2.344743490
5,266,draw,-0.243308,0.056109,0.970000,0.000000448,0.000000573,0.547882944,0.836555007,1.0000,-1.472446918,-1.416849852,-0.572350800,-2.252537012,2.447062254,2.151226997,-2.338712931
5,267,draw,-0.243309,0.057510,0.970000,0.000000545,0.000000705,0.547882985,0.836554980,1.0000,-1.479068398,-1.416064739,-0.572292149,-2.252917290,2.447752953,2.150285006,-2.332682371
5,268,draw,-0.243304,0.058910,0.970000,0.000000211,0.000000300,0.547882850,0.836555069,1.0000,-1.485689878,-1.415279627,-0.572233558,-2.253297567,2.448443890,2.149343014,-2.326651812
5,269,draw,-0.243299,0.060310,0.970000,0.000002345,0.000002492,0.547884443,0.836554025,1.0000,-1.494166970,-1.413357258,-0.572354972,-2.253895521,2.449712276,2.147157907,-2.319164276
5,270,draw,-0.243299,0.061711,0.970000,0.000004171,0.000004456,0.547885933,0.836553050,1.0000,-1.503946185,-1.410636902,-0.572602749,-2.254646301,2.451385975,2.144100189,-2.310653925
5,271,draw,-0.243299,0.063111,0.970000,0.000003370,0.000003528,0.547885243,0.836553501,1.0000,-1.513725400,-1.407916427,-0.572850466,-2.255397081,2.453059673,2.141042471,-2.302143812
5,272,draw,-0.243299,0.064512,0.970000,0.000000321,0.000000334,0.547882806,0.836555097,1.0000,-1.523654342,-1.405104518,-0.573108554,-2.256165504,2.454782248,2.137886286,-2.293517113
5,273,draw,-0.243294,0.065912,0.970000,0.000002796,0.000002771,0.547884803,0.836553789,1.0000,-1.536617517,-1.400436640,-0.573576152,-2.257293463,2.457498074,2.132731199,-2.282527208
5,274,draw,-0.243297,0.067312,0.970000,0.000001508,0.000001485,0.547883798,0.836554447,1.0000,-1.549573898,-1.395767093,-0.574027002,-2.258413076,2.460216999,2.127586603,-2.271537304
5,275,draw,-0.243295,0.068713,0.970000,0.000002353,0.000002166,0.547884427,0.836554036,1.0000,-1.562512517,-1.391093493,-0.574433923,-2.259510517,2.462944031,2.122470140,-2.260547400
5,276,draw,-0.243290,0.070113,0.970000,0.000004083,0.000003769,0.547885822,0.836553122,1.0000,-1.576715708,-1.385646224,-0.574871004,-2.260754585,2.466115236,2.116544247,-2.248580694
5,277,draw,-0.243294,0.071514,0.970000,0.000002583,0.000002305,0.547884616,0.836553912,1.0000,-1.592151403,-1.379444838,-0.575337589,-2.262141705,2.469719410,2.109829426,-2.235662222
5,278,draw,-0.243288,0.072913,0.970000,0.000004820,0.000004412,0.547886339,0.836552783,1.0000,-1.607576251,-1.373235822,-0.575715899,-2.263503075,2.473356485,2.103157759,-2.222743750
5,279,draw,-0.243299,0.074315,0.970000,0.000000431,0.000000354,0.547882965,0.836554993,1.0000,-1.622997165,-1.367023945,-0.576062679,-2.264855385,2.477005243,2.096501589,-2.209825039
5,280,draw,-0.243288,0.075714,0.970000,0.000005056,0.000004408,0.547886530,0.836552659,1.0000,-1.638579845,-1.360698223,-0.576297283,-2.266195774,2.480759621,2.089791298,-2.196773529
5,281,draw,-0.243295,0.077116,0.970000,0.000002029,0.000001740,0.547884169,0.836554205,1.0000,-1.654165983,-1.354367018,-0.576503575,-2.267529249,2.484526634,2.083090782,-2.183717251
5,282,draw,-0.243289,0.078515,0.970000,0.000004530,0.000003763,0.547886006,0.836553002,1.0000,-1.669743419,-1.348029375,-0.576610088,-2.268834591,2.488331795,2.076439142,-2.170660973
5,283,draw,-0.243291,0.079916,0.970000,0.000003725,0.000003148,0.547885385,0.836553408,1.0000,-1.685316682,-1.341688991,-0.576663852,-2.270125151,2.492156982,2.069813251,-2.157604694
5,284,draw,-0.243292,0.081317,0.970000,0.000003292,0.000002627,0.547884994,0.836553664,1.0000,-1.700884700,-1.335344791,-0.576646328,-2.271395922,2.496009350,2.063222408,-2.144548416
5,285,draw,-0.243289,0.082717,0.970000,0.000004818,0.000003883,0.547886047,0.836552975,1.0000,-1.716447592,-1.328997254,-0.576547742,-2.272643805,2.499892712,2.056671619,-2.131492138
5,286,draw,-0.243297,0.084119,0.970000,0.000001268,0.000000956,0.547883610,0.836554571,1.0000,-1.732007861,-1.322647929,-0.576406419,-2.273880005,2.503792524,2.050141811,-2.118435621
5,287,draw,-0.243004,0.085475,0.970000,0.000006683,0.000005923,0.547886757,0.836552510,1.0000,-1.748288751,-1.316371560,-0.575581551,-2.275613785,2.508401632,2.043564320,-2.105379343
5,288,draw,-0.242699,0.086824,0.970000,0.000001576,0.000001418,0.547883601,0.836554577,1.0000,-1.764661670,-1.310110688,-0.574650645,-2.277407646,2.513105869,2.036993504,-2.092323065
5,289,draw,-0.242372,0.088174,0.970000,0.000006152,0.000005303,0.547886344,0.836552780,1.0000,-1.781018376,-1.303895712,-0.573588908,-2.279164314,2.517828226,2.030524015,-2.079266787
5,290,draw,-0.242017,0.089517,0.970000,0.000003821,0.000003704,0.547884801,0.836553791,1.0000,-1.797241926,-1.297858119,-0.572401762,-2.280959606,2.522563934,2.024224281,-2.066389561
5,291,draw,-0.241573,0.090845,0.970000,0.000004586,0.000004188,0.547885197,0.836553532,1.0000,-1.813211441,-1.292158723,-0.570975244,-2.282829046,2.527325153,2.018249273,-2.053853750
5,292,draw,-0.241128,0.092174,0.970000,0.000005288,0.000004927,0.547885573,0.836553285,1.0000,-1.829167485,-1.286500096,-0.569474399,-2.284673452,2.532087088,2.012343645,-2.041317940
5,293,draw,-0.240692,0.093502,0.970000,0.000002445,0.000002098,0.547883951,0.836554348,1.0000,-1.845113516,-1.280871630,-0.567918301,-2.286499500,2.536849260,2.006489754,-2.028782129
5,294,draw,-0.240250,0.094832,0.970000,0.000002511,0.000002513,0.547883967,0.836554337,1.0000,-1.857942700,-1.277087569,-0.566554189,-2.287944317,2.540378809,2.002496481,-2.018572092
5,295,draw,-0.239812,0.096159,0.970000,0.000000210,0.000000171,0.547882724,0.836555151,1.0000,-1.870007277,-1.273756623,-0.565236032,-2.289294481,2.543605328,1.998961449,-2.008931637
5,296,draw,-0.239365,0.097490,0.970000,0.000002494,0.000002306,0.547883876,0.836554396,1.0000,-1.882040143,-1.270465851,-0.563885272,-2.290612459,2.546805620,1.995486975,-1.999291182
5,297,draw,-0.238928,0.098818,0.970000,0.000000379,0.000000549,0.547882830,0.836555081,1.0000,-1.892942309,-1.267824531,-0.562648296,-2.291795015,2.549547195,1.992657185,-1.990488052
5,298,draw,-0.238489,0.100152,0.970000,0.000001058,0.000001898,0.547883429,0.836554690,1.0000,-1.900669813,-1.267006755,-0.561730862,-2.292597055,2.551000834,1.991638064,-1.984035730
5,299,draw,-0.238046,0.101481,0.970000,0.000001128,0.000001815,0.547883422,0.836554694,1.0000,-1.908397317,-1.266188860,-0.560813487,-2.293399334,2.552454233,1.990618944,-1.977583528
5,300,draw,-0.237599,0.102805,0.970000,0.000000373,0.000000573,0.547882863,0.836555060,1.0000,-1.916124821,-1.265371084,-0.559896052,-2.294201612,2.553907633,1.989599705,-1.971131325
5,301,draw,-0.237161,0.104134,0.970000,-0.000000176,-0.000000146,0.547883072,0.836554923,1.0000,-1.920731664,-1.266308904,-0.559340477,-2.294628143,2.554089546,1.990320921,-1.966980815
5,302,draw,-0.236721,0.105464,0.970000,-0.000000280,-0.000000252,0.547883337,0.836554750,1.0000,-1.924136877,-1.267922759,-0.558924198,-2.294910192,2.553781986,1.991712213,-1.963716745
5,303,draw,-0.236276,0.106791,0.970000,-0.000000219,-0.000000131,0.547883110,0.836554898,1.0000,-1.927542090,-1.269536614,-0.558507919,-2.295192003,2.553474426,1.993103504,-1.960452676
5,304,draw,-0.235790,0.108085,0.970000,0.000000150,0.000000045,0.547883229,0.836554820,1.0000,-1.930381417,-1.271496415,-0.558066964,-2.295473337,2.553024769,1.994817138,-1.957701206
5,305,draw,-0.235146,0.109239,0.970000,0.000000636,-0.000000060,0.547885526,0.836553316,1.0000,-1.930666089,-1.275017977,-0.557514489,-2.295752287,2.551934004,1.997986197,-1.957263827
5,306,draw,-0.234502,0.110393,0.970000,0.000000678,-0.000000041,0.547885745,0.836553172,1.0000,-1.930950761,-1.278539538,-0.556961954,-2.296031237,2.550843239,2.001155138,-1.956826448
5,307,draw,-0.233856,0.111547,0.970000,0.000000193,0.000000037,0.547883825,0.836554430,1.0000,-1.931235433,-1.282061100,-0.556409478,-2.296309948,2.549752474,2.004324198,-1.956389070
5,308,draw,-0.232826,0.112367,0.970000,-0.000004951,-0.000000507,0.547885099,0.836553596,1.0000,-1.932462692,-1.285365582,-0.554862678,-2.297411442,2.549937487,2.007030010,-1.956231952
5,309,draw,-0.231576,0.112996,0.970000,-0.000008266,-0.000000881,0.547886787,0.836552490,1.0000,-1.934218526,-1.288548350,-0.552758396,-2.298974276,2.550837994,2.009475946,-1.956231952
5,310,draw,-0.230321,0.113621,0.970000,-0.000006277,-0.000000727,0.547885806,0.836553132,1.0000,-1.935974360,-1.291731238,-0.550654054,-2.300537109,2.551738501,2.011922121,-1.956231952
5,311,draw,-0.229064,0.114242,0.970000,-0.000000889,-0.000000116,0.547883067,0.836554927,1.0000,-1.937725306,-1.294914246,-0.548551202,-2.302094460,2.552640200,2.014371872,-1.956231952
5,312,draw,-0.227816,0.114874,0.970000,-0.000006977,-0.000000742,0.547886181,0.836552887,1.0000,-1.939432859,-1.298099518,-0.546461105,-2.303603411,2.553552866,2.016856194,-1.956231952
5,313,draw,-0.226564,0.115501,0.970000,-0.000007759,-0.000000781,0.547886587,0.836552621,1.0000,-1.941140532,-1.301284790,-0.544370949,-2.305112362,2.554465294,2.019340515,-1.956231952
5,314,draw,-0.225308,0.116124,0.970000,-0.000003512,-0.000000325,0.547884435,0.836554030,1.0000,-1.942848086,-1.304470062,-0.542280853,-2.306621313,2.555377960,2.021824837,-1.956231952
5,315,draw,-0.224056,0.116751,0.970000,-0.000004218,-0.000000346,0.547884762,0.836553816,1.0000,-1.944529414,-1.307655811,-0.540198147,-2.308099985,2.556297541,2.024330139,-1.956231952
5,316,draw,-0.222806,0.117380,0.970000,-0.000007768,-0.000000775,0.547886587,0.836552621,1.0000,-1.946190000,-1.310841799,-0.538121283,-2.309554815,2.557222605,2.026852131,-1.956231952
5,317,draw,-0.221552,0.118005,0.970000,-0.000006309,-0.000000644,0.547885865,0.836553094,1.0000,-1.947850585,-1.314027905,-0.536044478,-2.311009884,2.558147669,2.029373884,-1.956231952
5,318,draw,-0.220294,0.118622,0.970000,-0.000000155,0.000000037,0.547882640,0.836555206,1.0000,-1.949519396,-1.317203641,-0.533962548,-2.312469006,2.559084415,2.031884670,-1.956231952
5,319,draw,-0.218988,0.119015,0.970000,-0.000006859,0.000000607,0.547885861,0.836553097,1.0000,-1.951617002,-1.319843292,-0.531616211,-2.314154863,2.560633183,2.033820391,-1.956231952
5,320,draw,-0.217679,0.119402,0.970000,-0.000008217,0.000000710,0.547886499,0.836552679,1.0000,-1.953714728,-1.322482944,-0.529269934,-2.315840721,2.562181950,2.035756111,-1.956231952
5,321,draw,-0.216367,0.119783,0.970000,-0.000004225,0.000000342,0.547884640,0.836553896,1.0000,-1.955812335,-1.325122595,-0.526923656,-2.317526579,2.563730717,2.037691832,-1.956231952
5,322,draw,-0.215012,0.119986,0.970000,-0.000003736,0.000001990,0.547884779,0.836553805,1.0000,-1.958258390,-1.327354550,-0.524362564,-2.319406033,2.565752268,2.039171219,-1.956231952
5,323,draw,-0.213611,0.119992,0.970000,-0.000007687,0.000004307,0.547887133,0.836552264,1.0000,-1.961084366,-1.329141736,-0.521567047,-2.321496725,2.568289518,2.040152550,-1.956231952
5,324,draw,-0.212211,0.119991,0.970000,-0.000006677,0.000003727,0.547886514,0.836552669,1.0000,-1.963910341,-1.330928802,-0.518771529,-2.323587179,2.570827007,2.041134119,-1.956231952
5,325,draw,-0.210810,0.119981,0.970000,-0.000000488,0.000000251,0.547882912,0.836555028,1.0000,-1.966736317,-1.332715869,-0.515976012,-2.325677872,2.573364258,2.042115688,-1.956231952
5,326,draw,-0.209411,0.119987,0.970000,-0.000007015,0.000002457,0.547886191,0.836552881,1.0000,-1.968787074,-1.334907174,-0.513235688,-2.327639818,2.575664759,2.043531656,-1.956801414
5,327,draw,-0.208011,0.119989,0.970000,-0.000008843,0.000003081,0.547887171,0.836552238,1.0000,-1.970786333,-1.337125301,-0.510499001,-2.329593420,2.577949286,2.044976711,-1.957408786
5,328,draw,-0.206610,0.119985,0.970000,-0.000005023,0.000001671,0.547885259,0.836553491,1.0000,-1.972785473,-1.339343548,-0.507762372,-2.331547022,2.580233812,2.046422005,-1.958016157
5,329,draw,-0.205210,0.119980,0.970000,-0.000004209,0.000000096,0.547884650,0.836553889,1.0000,-1.973918080,-1.341992021,-0.505088449,-2.333388329,2.582252026,2.048327208,-1.959290385
5,330,draw,-0.203812,0.119981,0.970000,-0.000010106,0.000000316,0.547887439,0.836552063,1.0000,-1.973734260,-1.345294356,-0.502509773,-2.335059404,2.583865643,2.050931454,-1.961577773
5,331,draw,-0.202411,0.119980,0.970000,-0.000009143,0.000000188,0.547887029,0.836552332,1.0000,-1.973550320,-1.348596573,-0.499931157,-2.336730480,2.585479021,2.053535938,-1.963865161
5,332,draw,-0.201007,0.119980,0.970000,-0.000001631,0.000000049,0.547883441,0.836554682,1.0000,-1.973366380,-1.351898909,-0.497352511,-2.338401556,2.587092638,2.056140184,-1.966152549
5,333,draw,-0.199608,0.119973,0.970000,-0.000007816,-0.000001156,0.547887168,0.836552240,1.0000,-1.971328020,-1.356066227,-0.494882584,-2.339834452,2.588196039,2.059697866,-1.969895959
5,334,draw,-0.198208,0.119971,0.970000,-0.000010588,-0.000001450,0.547888686,0.836551246,1.0000,-1.968978524,-1.360378623,-0.492430925,-2.341227055,2.589213610,2.063415289,-1.973883748
5,335,draw,-0.196807,0.119974,0.970000,-0.000006653,-0.000000846,0.547886435,0.836552720,1.0000,-1.966628909,-1.364691138,-0.489979237,-2.342619896,2.590231419,2.067132711,-1.977871537
5,336,draw,-0.195413,0.119935,0.970000,-0.000003208,-0.000000666,0.547884903,0.836553724,1.0000,-1.963652372,-1.369186997,-0.487542003,-2.343947649,2.591152668,2.071069479,-1.982396007
5,337,draw,-0.194042,0.119799,0.970000,-0.000009340,-0.000002078,0.547889256,0.836550873,1.0000,-1.959316611,-1.374080539,-0.485136002,-2.345133781,2.591865301,2.075481653,-1.988084078
5,338,draw,-0.192671,0.119675,0.970000,-0.000009041,-0.000001959,0.547889030,0.836551021,1.0000,-1.954980969,-1.378974199,-0.482730001,-2.346319914,2.592577696,2.079893589,-1.993772149
5,339,draw,-0.191300,0.119563,0.970000,-0.000002342,-0.000000564,0.547884325,0.836554102,1.0000,-1.950645208,-1.383867741,-0.480324000,-2.347506285,2.593290091,2.084305525,-1.999460340
5,340,draw,-0.190023,0.119038,0.970000,-0.000006763,-0.000001170,0.547886767,0.836552503,1.0000,-1.945099592,-1.388347626,-0.477884471,-2.348698139,2.594259501,2.088340998,-2.006466150
5,341,draw,-0.188772,0.118404,0.970000,-0.000009808,-0.000001718,0.547888587,0.836551311,1.0000,-1.939202785,-1.392707586,-0.475435197,-2.349891663,2.595303297,2.092267275,-2.013854742
5,342,draw,-0.187518,0.117785,0.970000,-0.000006713,-0.000001099,0.547886709,0.836552541,1.0000,-1.933305979,-1.397067547,-0.472985923,-2.351084948,2.596347332,2.096193552,-2.021243095
5,343,draw,-0.186262,0.117168,0.970000,-0.000002366,-0.000000570,0.547884272,0.836554137,1.0000,-1.927061319,-1.401549459,-0.470535159,-2.352233648,2.597338676,2.100271702,-2.028925180
5,344,draw,-0.185010,0.116520,0.970000,-0.000008414,-0.000002141,0.547888796,0.836551174,1.0000,-1.919680238,-1.406430125,-0.468079567,-2.353236437,2.598157644,2.104844809,-2.037565708
5,345,draw,-0.183758,0.115893,0.970000,-0.000008640,-0.000002232,0.547889085,0.836550985,1.0000,-1.912299156,-1.411310792,-0.465623975,-2.354238987,2.598976851,2.109417915,-2.046205997
5,346,draw,-0.182504,0.115286,0.970000,-0.000002875,-0.000000760,0.547884796,0.836553794,1.0000,-1.904918194,-1.416191459,-0.463168383,-2.355241537,2.599795818,2.113991022,-2.054846525
5,347,draw,-0.181252,0.114650,0.970000,-0.000005984,-0.000001513,0.547886680,0.836552560,1.0000,-1.897543788,-1.420930982,-0.460661113,-2.356225967,2.600761175,2.118466377,-2.063531160
5,348,draw,-0.180000,0.114012,0.970000,-0.000009508,-0.000002233,0.547889002,0.836551039,1.0000,-1.890172362,-1.425608277,-0.458131015,-2.357202291,2.601790905,2.122898102,-2.072235346
5,349,draw,-0.178747,0.113394,0.970000,-0.000006850,-0.000001740,0.547887301,0.836552154,1.0000,-1.882800937,-1.430285454,-0.455600947,-2.358178854,2.602820635,2.127330065,-2.080939531
5,350,draw,-0.177507,0.112768,0.970000,-0.000001427,-0.000000289,0.547883469,0.836554663,1.0000,-1.875440955,-1.434867859,-0.453080922,-2.359151363,2.603886604,2.131672859,-2.089643717
5,351,draw,-0.176345,0.111999,0.970000,-0.000007775,-0.000001676,0.547887004,0.836552348,1.0000,-1.868144393,-1.438926220,-0.450616539,-2.360102415,2.605153084,2.135523081,-2.098348141
5,352,draw,-0.175180,0.111249,0.970000,-0.000008341,-0.000001923,0.547887391,0.836552094,1.0000,-1.860847831,-1.442984462,-0.448152155,-2.361053467,2.606419325,2.139373302,-2.107052326
5,353,draw,-0.174012,0.110518,0.970000,-0.000003359,-0.000000852,0.547884553,0.836553953,1.0000,-1.853551269,-1.447042823,-0.445687771,-2.362004519,2.607685566,2.143223524,-2.115756512
5,354,draw,-0.172958,0.109619,0.970000,-0.000004010,-0.000000680,0.547884507,0.836553983,1.0000,-1.846274257,-1.450509071,-0.443370789,-2.362935066,2.609062672,2.146482944,-2.124460697
5,355,draw,-0.171971,0.108618,0.970000,-0.000006936,-0.000001124,0.547885915,0.836553061,1.0000,-1.839009643,-1.453600764,-0.441147059,-2.363852739,2.610509634,2.149368525,-2.133164883
5,356,draw,-0.170979,0.107633,0.970000,-0.000005349,-0.000000855,0.547885128,0.836553577,1.0000,-1.831745028,-1.456692457,-0.438923329,-2.364770174,2.611956358,2.152254343,-2.141869068
5,357,draw,-0.169982,0.106660,0.970000,-0.000000507,-0.000000072,0.547882824,0.836555085,1.0000,-1.824483275,-1.459770560,-0.436699629,-2.365686893,2.613411427,2.155127764,-2.150573254
5,358,draw,-0.168999,0.105651,0.970000,-0.000005722,-0.000000836,0.547885184,0.836553540,1.0000,-1.817258000,-1.462672353,-0.434476614,-2.366591454,2.614970922,2.157840252,-2.159277439
5,359,draw,-0.168010,0.104658,0.970000,-0.000006555,-0.000001096,0.547885582,0.836553279,1.0000,-1.810032845,-1.465574145,-0.432253599,-2.367496014,2.616530418,2.160552979,-2.167981625
5,360,draw,-0.167015,0.103680,0.970000,-0.000003126,-0.000000536,0.547884054,0.836554280,1.0000,-1.802807689,-1.468475938,-0.430030584,-2.368400574,2.618089914,2.163265467,-2.176685810
5,361,draw,-0.166025,0.102688,0.970000,-0.000003292,-0.000000508,0.547884083,0.836554261,1.0000,-1.795601249,-1.471279263,-0.427811265,-2.369298458,2.619703293,2.165886402,-2.185389996
5,362,draw,-0.165039,0.101687,0.970000,-0.000006387,-0.000001031,0.547885363,0.836553422,1.0000,-1.788411617,-1.473995805,-0.425595194,-2.370190382,2.621364594,2.168426514,-2.194094181
5,363,draw,-0.164047,0.100700,0.970000,-0.000005308,-0.000000872,0.547884940,0.836553700,1.0000,-1.781221867,-1.476712227,-0.423379123,-2.371082306,2.623025894,2.170966387,-2.202798367
5,364,draw,-0.163049,0.099729,0.970000,-0.000000070,-0.000000069,0.547882648,0.836555201,1.0000,-1.774032116,-1.479428768,-0.421163052,-2.371974230,2.624687195,2.173506498,-2.211502790
5,365,draw,-0.162066,0.098720,0.970000,-0.000005117,-0.000000637,0.547884573,0.836553940,1.0000,-1.766873479,-1.481966615,-0.418959618,-2.372853994,2.626438618,2.175876617,-2.220206976
5,366,draw,-0.161078,0.097726,0.970000,-0.000006195,-0.000000874,0.547885024,0.836553645,1.0000,-1.759715080,-1.484502673,-0.416756302,-2.373733759,2.628190994,2.178245306,-2.228911161
5,367,draw,-0.160083,0.096746,0.970000,-0.000003294,-0.000000449,0.547883864,0.836554405,1.0000,-1.752556682,-1.487038851,-0.414552957,-2.374613523,2.629943371,2.180613995,-2.237615347
5,368,draw,-0.159092,0.095758,0.970000,-0.000002752,-0.000000310,0.547883654,0.836554542,1.0000,-1.745410323,-1.489495993,-0.412357837,-2.375488043,2.631732225,2.182906151,-2.246319532
5,369,draw,-0.158106,0.094756,0.970000,-0.000005774,-0.000000773,0.547884835,0.836553768,1.0000,-1.738278866,-1.491856694,-0.410172701,-2.376356125,2.633564949,2.185105085,-2.255023718
5,370,draw,-0.157115,0.093768,0.970000,-0.000005153,-0.000000655,0.547884565,0.836553945,1.0000,-1.731147408,-1.494217515,-0.407987565,-2.377223969,2.635397911,2.187304020,-2.263727903
5,371,draw,-0.156118,0.092794,0.970000,-0.000000580,-0.000000058,0.547882853,0.836555066,1.0000,-1.724015951,-1.496578217,-0.405802429,-2.378092051,2.637230873,2.189502954,-2.272432089
5,372,draw,-0.155134,0.091789,0.970000,-0.000004390,-0.000000526,0.547884265,0.836554142,1.0000,-1.716904759,-1.498784065,-0.403638452,-2.378949404,2.639127493,2.191549540,-2.281136274
5,373,draw,-0.154145,0.090794,0.970000,-0.000005712,-0.000000780,0.547884777,0.836553806,1.0000,-1.709795713,-1.500974417,-0.401476562,-2.379805803,2.641030550,2.193580866,-2.289840460
5,374,draw,-0.153151,0.089813,0.970000,-0.000003346,-0.000000470,0.547883927,0.836554363,1.0000,-1.702686548,-1.503164887,-0.399314702,-2.380662203,2.642933369,2.195612192,-2.298544645
5,375,draw,-0.152159,0.088827,0.970000,-0.000002022,-0.000000271,0.547883386,0.836554718,1.0000,-1.695584059,-1.505294323,-0.397163123,-2.381514311,2.644858360,2.197582722,-2.307248831
5,376,draw,-0.151174,0.087824,0.970000,-0.000005160,-0.000000574,0.547884526,0.836553971,1.0000,-1.688492537,-1.507319570,-0.395029247,-2.382359266,2.646820784,2.199448824,-2.315953016
5,377,draw,-0.150183,0.086835,0.970000,-0.000004844,-0.000000647,0.547884336,0.836554095,1.0000,-1.681401134,-1.509344816,-0.392895371,-2.383204222,2.648783445,2.201315165,-2.324657440
5,378,draw,-0.149186,0.085860,0.970000,-0.000000995,-0.000000133,0.547882989,0.836554978,1.0000,-1.674309611,-1.511369944,-0.390761465,-2.384049177,2.650745869,2.203181267,-2.333361626
5,379,travel,-0.149422,0.086019,0.964923,-0.000062392,-0.000221159,0.533712367,0.845666043,1.0000,-1.684679985,-1.519536614,-0.400852561,-2.397080898,2.640609980,2.196474075,-2.355180502
5,380,travel,-0.149809,0.086331,0.958759,-0.000113296,-0.000440768,0.516552596,0.856255341,1.0000,-1.698674083,-1.528977752,-0.413480639,-2.412641764,2.627963305,2.187987804,-2.379720926
5,381,travel,-0.150082,0.086557,0.952563,-0.000141013,-0.000604876,0.499351380,0.866399339,1.0000,-1.712668180,-1.538418889,-0.426108748,-2.428202391,2.615316629,2.179501295,-2.404261589
5,382,travel,-0.150243,0.086692,0.946338,-0.000148948,-0.000710328,0.482121508,0.876104060,1.0000,-1.726662278,-1.547860146,-0.438736856,-2.443763256,2.602670193,2.171015024,-2.428802013
5,383,travel,-0.150291,0.086738,0.940086,-0.000140663,-0.000753481,0.464874564,0.885376221,1.0000,-1.740656376,-1.557301283,-0.451364934,-2.459324121,2.590023518,2.162528753,-2.453342676
5,384,travel,-0.150229,0.086694,0.933811,-0.000120145,-0.000730925,0.447622268,0.894222431,1.0000,-1.754650474,-1.566742420,-0.463993043,-2.474884987,2.577376842,2.154042244,-2.477883101
5,385,travel,-0.150057,0.086557,0.927517,-0.000091113,-0.000639569,0.430375362,0.902649783,1.0000,-1.768644571,-1.576183558,-0.476621121,-2.490445852,2.564730167,2.145555973,-2.502423763
5,386,travel,-0.149776,0.086328,0.921208,-0.000057799,-0.000476079,0.413144576,0.910665322,1.0000,-1.782638669,-1.585624814,-0.489249229,-2.506006718,2.552083731,2.137069464,-2.526964188
5,387,travel,-0.149387,0.086006,0.914886,-0.000023907,-0.000237443,0.395939484,0.918276575,1.0000,-1.796632767,-1.595065951,-0.501877308,-2.521567345,2.539437056,2.128583193,-2.551504850
