stroke_idx,wp_idx,kind,x_m,y_m,z_m,qx,qy,qz,qw,intensity,q1,q2,q3,q4,q5,q6,q7
0,0,travel,0.148764,-0.000453,0.918644,0.000209595,-0.000215245,0.996769486,0.080315009,1.0000,-1.444163203,-1.501760244,0.547292531,-2.487944126,-2.515872955,2.053065062,-1.437892437
0,1,travel,0.148167,-0.000461,0.920356,0.000245397,-0.000246713,0.995348139,0.096342934,1.0000,-1.460538268,-1.502048373,0.543378651,-2.483938217,-2.518675089,2.058070898,-1.454198003
0,2,travel,0.147616,-0.000447,0.922063,0.000279033,-0.000274834,0.993667709,0.112358050,1.0000,-1.476913214,-1.502336621,0.539464772,-2.479932547,-2.521476984,2.063076973,-1.470503569
0,3,travel,0.147111,-0.000414,0.923765,0.000310557,-0.000299518,0.991728029,0.128356262,1.0000,-1.493288159,-1.502624750,0.535550892,-2.475926876,-2.524279118,2.068083048,-1.486809134
0,4,travel,0.146653,-0.000363,0.925462,0.000339616,-0.000320667,0.989529028,0.144333240,1.0000,-1.509663224,-1.502912998,0.531637013,-2.471920967,-2.527081013,2.073088884,-1.503114700
0,5,travel,0.146242,-0.000297,0.927153,0.000366471,-0.000338842,0.987070681,0.160284811,1.0000,-1.526038170,-1.503201127,0.527723193,-2.467915297,-2.529882908,2.078094959,-1.519420266
0,6,travel,0.145879,-0.000217,0.928839,0.000390952,-0.000353687,0.984353029,0.176206798,1.0000,-1.542413235,-1.503489375,0.523809314,-2.463909388,-2.532685041,2.083101034,-1.535725832
0,7,travel,0.145564,-0.000126,0.930520,0.000412851,-0.000365573,0.981376212,0.192094837,1.0000,-1.558788180,-1.503777623,0.519895434,-2.459903717,-2.535486937,2.088106871,-1.552031398
0,8,travel,0.145296,-0.000026,0.932194,0.000432372,-0.000374553,0.978140398,0.207944787,1.0000,-1.575163245,-1.504065752,0.515981555,-2.455897808,-2.538289070,2.093112946,-1.568336964
0,9,travel,0.145077,0.000081,0.933862,0.000449177,-0.000380728,0.974645859,0.223752326,1.0000,-1.591538191,-1.504354000,0.512067676,-2.451892138,-2.541090965,2.098118782,-1.584642649
0,10,travel,0.144907,0.000194,0.935525,0.000463512,-0.000384203,0.970892924,0.239513187,1.0000,-1.607913256,-1.504642129,0.508153856,-2.447886229,-2.543893099,2.103124857,-1.600948215
0,11,travel,0.144785,0.000310,0.937181,0.000475047,-0.000385192,0.966882013,0.255223039,1.0000,-1.624288201,-1.504930377,0.504239976,-2.443880558,-2.546694994,2.108130932,-1.617253780
0,12,travel,0.144711,0.000426,0.938831,0.000483759,-0.000383598,0.962613567,0.270877719,1.0000,-1.640663266,-1.505218625,0.500326097,-2.439874887,-2.549496889,2.113136768,-1.633559346
0,13,travel,0.144685,0.000542,0.940474,0.000489790,-0.000379627,0.958088163,0.286472839,1.0000,-1.657038212,-1.505506754,0.496412218,-2.435868979,-2.552299023,2.118142843,-1.649864912
0,14,travel,0.144707,0.000654,0.942111,0.000492882,-0.000373481,0.953306404,0.302004167,1.0000,-1.673413157,-1.505795002,0.492498368,-2.431863308,-2.555100918,2.123148918,-1.666170478
0,15,travel,0.144776,0.000761,0.943741,0.000493028,-0.000364975,0.948268957,0.317467492,1.0000,-1.689788222,-1.506083131,0.488584489,-2.427857399,-2.557903051,2.128154755,-1.682476044
0,16,travel,0.144893,0.000860,0.945364,0.000490165,-0.000354608,0.942976624,0.332858408,1.0000,-1.706163168,-1.506371379,0.484670609,-2.423851728,-2.560704947,2.133160830,-1.698781610
0,17,travel,0.145056,0.000951,0.946980,0.000484316,-0.000342129,0.937430196,0.348172767,1.0000,-1.722538233,-1.506659627,0.480756760,-2.419845819,-2.563507080,2.138166904,-1.715087175
0,18,travel,0.145266,0.001030,0.948589,0.000475218,-0.000327922,0.931630626,0.363406170,1.0000,-1.738913178,-1.506947756,0.476842880,-2.415840149,-2.566308975,2.143172741,-1.731392741
0,19,travel,0.145521,0.001096,0.950191,0.000462980,-0.000311910,0.925578846,0.378554472,1.0000,-1.755288243,-1.507236004,0.472929031,-2.411834240,-2.569110870,2.148178816,-1.747698426
0,20,travel,0.145820,0.001147,0.951785,0.000447542,-0.000294274,0.919275933,0.393613355,1.0000,-1.771663189,-1.507524133,0.469015151,-2.407828569,-2.571913004,2.153184652,-1.764003992
0,21,travel,0.146164,0.001181,0.953373,0.000428769,-0.000275207,0.912723015,0.408578559,1.0000,-1.788038254,-1.507812381,0.465101272,-2.403822899,-2.574714899,2.158190727,-1.780309558
0,22,travel,0.146552,0.001196,0.954952,0.000406706,-0.000254556,0.905921311,0.423445804,1.0000,-1.804413199,-1.508100629,0.461187422,-2.399816990,-2.577517033,2.163196802,-1.796615124
0,23,travel,0.146981,0.001190,0.956524,0.000381094,-0.000232708,0.898872055,0.438210941,1.0000,-1.820788264,-1.508388758,0.457273543,-2.395811319,-2.580318928,2.168202639,-1.812920690
0,24,travel,0.147452,0.001162,0.958089,0.000352123,-0.000209530,0.891576636,0.452869666,1.0000,-1.837163210,-1.508677006,0.453359693,-2.391805410,-2.583121061,2.173208714,-1.829226255
0,25,travel,0.147964,0.001109,0.959645,0.000319548,-0.000185467,0.884036462,0.467417798,1.0000,-1.853538156,-1.508965135,0.449445814,-2.387799740,-2.585922956,2.178214788,-1.845531821
0,26,travel,0.148515,0.001031,0.961194,0.000283268,-0.000160140,0.876253018,0.481851163,1.0000,-1.869913220,-1.509253383,0.445531934,-2.383793831,-2.588724852,2.183220625,-1.861837387
0,27,travel,0.149104,0.000924,0.962735,0.000243508,-0.000134069,0.868227847,0.496165626,1.0000,-1.886288166,-1.509541631,0.441618085,-2.379788160,-2.591526985,2.188226700,-1.878142953
0,28,travel,0.149730,0.000788,0.964267,0.000199916,-0.000107218,0.859962652,0.510356921,1.0000,-1.902663231,-1.509829760,0.437704206,-2.375782251,-2.594328880,2.193232775,-1.894448519
0,29,travel,0.150391,0.000622,0.965792,0.000152583,-0.000079575,0.851459088,0.524421007,1.0000,-1.919038177,-1.510118008,0.433790356,-2.371776581,-2.597131014,2.198238611,-1.910754085
0,30,travel,0.151087,0.000422,0.967308,0.000101388,-0.000051568,0.842718949,0.538353750,1.0000,-1.935413241,-1.510406137,0.429876477,-2.367770910,-2.599932909,2.203244686,-1.927059770
0,31,travel,0.151816,0.000189,0.968816,0.000046267,-0.000022771,0.833744179,0.552150922,1.0000,-1.951788187,-1.510694385,0.425962597,-2.363765001,-2.602735043,2.208250523,-1.943365335
0,32,draw,0.152420,0.000511,0.970000,-0.000000710,0.000000252,0.826497632,0.562940196,1.0000,-1.961423397,-1.510808825,0.422507554,-2.360929966,-2.605545998,2.211946011,-1.959004641
0,33,draw,0.152429,0.003017,0.970000,-0.000001793,0.000000578,0.826497272,0.562940724,1.0000,-1.945842028,-1.510273337,0.420769036,-2.362474680,-2.608390808,2.210738182,-1.972151399
0,34,draw,0.152420,0.005511,0.970000,-0.000000596,0.000000293,0.826497693,0.562940107,1.0000,-1.930297136,-1.509763122,0.419044852,-2.363993883,-2.611196041,2.209567785,-1.985298038
0,35,draw,0.152429,0.008016,0.970000,-0.000001533,0.000000605,0.826497365,0.562940588,1.0000,-1.914888740,-1.509347320,0.417374253,-2.365418673,-2.613852978,2.208538532,-1.998444796
0,36,draw,0.152420,0.010510,0.970000,-0.000000484,0.000000129,0.826497737,0.562940042,1.0000,-1.899516582,-1.508954525,0.415719956,-2.366818428,-2.616469860,2.207544565,-2.011591434
0,37,draw,0.152429,0.013015,0.970000,-0.000001312,0.000000575,0.826497456,0.562940454,1.0000,-1.884280086,-1.508648038,0.414126575,-2.368124962,-2.618937254,2.206681728,-2.024738312
0,38,draw,0.152420,0.015510,0.970000,-0.000000382,0.000000111,0.826497750,0.562940022,1.0000,-1.869079590,-1.508362532,0.412551284,-2.369407415,-2.621364355,2.205851793,-2.037884951
0,39,draw,0.152430,0.018014,0.970000,-0.000000985,0.000000444,0.826497525,0.562940353,1.0000,-1.854013920,-1.508155346,0.411043644,-2.370598555,-2.623640776,2.205143452,-2.051031590
0,40,draw,0.152420,0.020510,0.970000,-0.000000295,0.000000224,0.826497706,0.562940087,1.0000,-1.838984013,-1.507966876,0.409555703,-2.371765614,-2.625876665,2.204465151,-2.064178467
0,41,draw,0.152430,0.023014,0.970000,-0.000000834,0.000000385,0.826497593,0.562940253,1.0000,-1.824087739,-1.507848620,0.408141464,-2.372843504,-2.627960682,2.203899145,-2.077325106
0,42,draw,0.152420,0.025509,0.970000,-0.000000270,0.000000114,0.826497805,0.562939942,1.0000,-1.809227109,-1.507747054,0.406748384,-2.373897791,-2.630004168,2.203360796,-2.090471745
0,43,draw,0.152430,0.028013,0.970000,-0.000000620,0.000000319,0.826497624,0.562940207,1.0000,-1.794499040,-1.507707596,0.405434459,-2.374864578,-2.631895542,2.202925205,-2.103618622
0,44,draw,0.152420,0.030509,0.970000,-0.000000196,0.000000164,0.826497809,0.562939936,1.0000,-1.779806256,-1.507682681,0.404142976,-2.375808239,-2.633746147,2.202514648,-2.116765261
0,45,draw,0.152430,0.033012,0.970000,-0.000000530,0.000000314,0.826497706,0.562940087,1.0000,-1.765244961,-1.507711887,0.402935505,-2.376666546,-2.635444164,2.202197313,-2.129911900
0,46,draw,0.152420,0.035509,0.970000,-0.000000082,0.000000049,0.826497775,0.562939985,1.0000,-1.750718474,-1.507753372,0.401751608,-2.377502203,-2.637101650,2.201902866,-2.143058777
0,47,draw,0.152430,0.038012,0.970000,-0.000000324,0.000000243,0.826497742,0.562940034,1.0000,-1.736322165,-1.507841110,0.400655985,-2.378253937,-2.638606548,2.201692343,-2.156205416
0,48,draw,0.152420,0.040509,0.970000,-0.000000016,0.000000063,0.826497824,0.562939914,1.0000,-1.721960425,-1.507939100,0.399584979,-2.378983974,-2.640070915,2.201501846,-2.169352055
0,49,draw,0.152430,0.043011,0.970000,-0.000000223,0.000000195,0.826497744,0.562940031,1.0000,-1.707727432,-1.508075476,0.398605973,-2.379631996,-2.641382933,2.201386213,-2.182498932
0,50,draw,0.152420,0.045509,0.970000,-0.000000109,0.000000078,0.826497845,0.562939883,1.0000,-1.693528652,-1.508220077,0.397652447,-2.380258560,-2.642654419,2.201288223,-2.195645571
0,51,draw,0.152430,0.048010,0.970000,-0.000000169,0.000000169,0.826497854,0.562939871,1.0000,-1.679457068,-1.508395195,0.396794140,-2.380805016,-2.643774509,2.201256275,-2.208792210
0,52,draw,0.152420,0.050508,0.970000,-0.000000047,0.000000002,0.826497861,0.562939859,1.0000,-1.665419221,-1.508576393,0.395962000,-2.381330729,-2.644854307,2.201239347,-2.221939087
0,53,draw,0.152430,0.053010,0.970000,-0.000000125,0.000000180,0.826497827,0.562939910,1.0000,-1.651507139,-1.508780599,0.395227849,-2.381778240,-2.645783663,2.201279163,-2.235085726
0,54,draw,0.152420,0.055508,0.970000,0.000000021,0.000000031,0.826497883,0.562939827,1.0000,-1.637628198,-1.508988976,0.394520491,-2.382205486,-2.646672964,2.201332092,-2.248232365
0,55,draw,0.152430,0.058009,0.970000,-0.000000003,0.000000031,0.826497823,0.562939915,1.0000,-1.623873353,-1.509212732,0.393913358,-2.382556438,-2.647412777,2.201432943,-2.261379242
0,56,draw,0.152420,0.060508,0.970000,0.000000017,0.000000066,0.826497870,0.562939847,1.0000,-1.610151172,-1.509438753,0.393333495,-2.382887363,-2.648113251,2.201544285,-2.274525881
0,57,draw,0.152430,0.063009,0.970000,-0.000000060,0.000000116,0.826497803,0.562939945,1.0000,-1.596551299,-1.509672761,0.392855734,-2.383144140,-2.648665667,2.201694727,-2.287672758
0,58,draw,0.152420,0.065508,0.970000,-0.000000003,0.000000073,0.826497823,0.562939916,1.0000,-1.582983494,-1.509907007,0.392405629,-2.383381605,-2.649179220,2.201853514,-2.300819397
0,59,draw,0.152430,0.068008,0.970000,-0.000000013,0.000000120,0.826497848,0.562939879,1.0000,-1.569535971,-1.510142207,0.392059028,-2.383546591,-2.649546623,2.202043056,-2.313966036
0,60,draw,0.152420,0.070508,0.970000,-0.000000053,0.000000041,0.826497848,0.562939879,1.0000,-1.556120038,-1.510375738,0.391740352,-2.383692741,-2.649875402,2.202238560,-2.327112913
0,61,draw,0.152430,0.073008,0.970000,-0.000000033,0.000000019,0.826497886,0.562939823,1.0000,-1.542822242,-1.510603070,0.391526252,-2.383768559,-2.650060415,2.202456236,-2.340259552
0,62,draw,0.152420,0.075507,0.970000,0.000000067,-0.000000026,0.826497880,0.562939832,1.0000,-1.529555559,-1.510826826,0.391340286,-2.383826017,-2.650207758,2.202677727,-2.353406191
0,63,draw,0.152430,0.078007,0.970000,0.000000036,-0.000000007,0.826497810,0.562939935,1.0000,-1.516404986,-1.511037588,0.391259551,-2.383814812,-2.650213480,2.202913046,-2.366553068
0,64,draw,0.152420,0.080507,0.970000,-0.000000061,0.000000002,0.826497865,0.562939854,1.0000,-1.503284693,-1.511242986,0.391207069,-2.383785725,-2.650182009,2.203149796,-2.379699707
0,65,draw,0.152430,0.083007,0.970000,0.000000015,-0.000000004,0.826497857,0.562939866,1.0000,-1.490278125,-1.511428595,0.391260237,-2.383690119,-2.650012016,2.203392506,-2.392846346
0,66,draw,0.152420,0.085507,0.970000,-0.000000038,-0.000000007,0.826497842,0.562939887,1.0000,-1.477301240,-1.511607170,0.391341627,-2.383577108,-2.649805546,2.203634501,-2.405993223
0,67,draw,0.152430,0.088007,0.970000,0.000000054,-0.000000096,0.826497831,0.562939904,1.0000,-1.464435816,-1.511759281,0.391528726,-2.383399248,-2.649463415,2.203874588,-2.419139862
0,68,draw,0.152420,0.090507,0.970000,-0.000000023,0.000000041,0.826497846,0.562939882,1.0000,-1.451599360,-1.511902690,0.391744047,-2.383204460,-2.649085999,2.204111576,-2.432286501
0,69,draw,0.152430,0.093006,0.970000,-0.000000025,-0.000000020,0.826497805,0.562939941,1.0000,-1.438871622,-1.512013197,0.392064840,-2.382946730,-2.648576021,2.204338789,-2.445433378
0,70,draw,0.152420,0.095507,0.970000,-0.000000035,0.000000023,0.826497813,0.562939931,1.0000,-1.426172256,-1.512113333,0.392413735,-2.382672787,-2.648031712,2.204560995,-2.458580017
0,71,draw,0.152430,0.098006,0.970000,-0.000000026,-0.000000053,0.826497861,0.562939859,1.0000,-1.413578868,-1.512174368,0.392867714,-2.382337570,-2.647358418,2.204765797,-2.471726656
0,72,draw,0.152420,0.100507,0.970000,-0.000000066,0.000000050,0.826497794,0.562939958,1.0000,-1.401013255,-1.512223244,0.393349558,-2.381986380,-2.646651983,2.204963446,-2.484873533
0,73,draw,0.152430,0.103006,0.970000,-0.000000163,0.000000014,0.826497841,0.562939889,1.0000,-1.388550758,-1.512226939,0.393935800,-2.381575823,-2.645820379,2.205136061,-2.498020172
0,74,draw,0.152420,0.105506,0.970000,-0.000000043,0.000000042,0.826497833,0.562939901,1.0000,-1.376115203,-1.512216926,0.394549698,-2.381150007,-2.644956827,2.205299854,-2.511166811
0,75,draw,0.152430,0.108005,0.970000,-0.000000114,0.000000043,0.826497761,0.562940006,1.0000,-1.363779902,-1.512155652,0.395267099,-2.380666494,-2.643972397,2.205430984,-2.524313688
0,76,draw,0.152420,0.110506,0.970000,-0.000000117,0.000000007,0.826497833,0.562939901,1.0000,-1.351470709,-1.512079239,0.396011859,-2.380167961,-2.642956734,2.205551386,-2.537460327
0,77,draw,0.152430,0.113005,0.970000,-0.000000290,0.000000103,0.826497826,0.562939912,1.0000,-1.339258790,-1.511945724,0.396859080,-2.379613400,-2.641824961,2.205631971,-2.550606966
0,78,draw,0.152420,0.115506,0.970000,-0.000000178,0.000000052,0.826497826,0.562939911,1.0000,-1.327072024,-1.511795402,0.397733331,-2.379044533,-2.640663385,2.205699921,-2.563753843
0,79,draw,0.152430,0.118005,0.970000,-0.000000187,0.000000134,0.826497745,0.562940030,1.0000,-1.314979434,-1.511582375,0.398708791,-2.378421545,-2.639390469,2.205721140,-2.576900482
1,0,travel,0.152402,0.120243,0.969021,0.000016189,0.000012613,0.828509834,0.559974512,1.0000,-1.306164980,-1.514192343,0.401510030,-2.379967690,-2.635627031,2.205914259,-2.580340862
1,1,travel,0.152353,0.121360,0.964361,0.000092661,0.000066638,0.837869875,0.545870002,1.0000,-1.309615016,-1.527364492,0.411142379,-2.389630556,-2.622546673,2.206751108,-2.547466040
1,2,travel,0.152318,0.122266,0.959671,0.000166677,0.000110495,0.846934877,0.531696600,1.0000,-1.313065171,-1.540536761,0.420774728,-2.399293661,-2.609466553,2.207587957,-2.514590979
1,3,travel,0.152294,0.122963,0.954953,0.000234801,0.000143684,0.855707038,0.517460520,1.0000,-1.316515207,-1.553709030,0.430407047,-2.408956528,-2.596386194,2.208424807,-2.481715918
1,4,travel,0.152281,0.123453,0.950209,0.000294067,0.000166035,0.864188381,0.503168290,1.0000,-1.319965363,-1.566881180,0.440039396,-2.418619633,-2.583306074,2.209261656,-2.448840857
1,5,travel,0.152277,0.123741,0.945441,0.000340854,0.000177651,0.872381371,0.488825731,1.0000,-1.323415399,-1.580053449,0.449671715,-2.428282499,-2.570225716,2.210098505,-2.415966034
1,6,travel,0.152283,0.123829,0.940653,0.000372056,0.000178832,0.880288463,0.474438671,1.0000,-1.326865554,-1.593225718,0.459304065,-2.437945366,-2.557145357,2.210935354,-2.383090973
1,7,travel,0.152295,0.123720,0.935846,0.000384536,0.000170077,0.887912160,0.460012848,1.0000,-1.330315590,-1.606397867,0.468936414,-2.447608471,-2.544065237,2.211772203,-2.350215912
1,8,travel,0.152313,0.123419,0.931022,0.000374723,0.000152252,0.895255213,0.445553522,1.0000,-1.333765626,-1.619570136,0.478568733,-2.457271338,-2.530984879,2.212609053,-2.317340851
1,9,travel,0.152335,0.122928,0.926184,0.000339675,0.000126243,0.902320212,0.431066240,1.0000,-1.337215781,-1.632742286,0.488201082,-2.466934443,-2.517904520,2.213445902,-2.284466028
1,10,travel,0.152359,0.122252,0.921334,0.000276044,0.000093649,0.909110164,0.416555669,1.0000,-1.340665817,-1.645914555,0.497833401,-2.476597309,-2.504824400,2.214282751,-2.251590967
1,11,travel,0.152384,0.121395,0.916474,0.000180847,0.000055639,0.915627897,0.402026764,1.0000,-1.344115973,-1.659086823,0.507465720,-2.486260176,-2.491744041,2.215119839,-2.218715906
1,12,travel,0.152407,0.120360,0.911607,0.000051004,0.000014042,0.921876361,0.387484157,1.0000,-1.347566009,-1.672258973,0.517098069,-2.495923281,-2.478663683,2.215956688,-2.185840845
1,13,travel,0.150572,0.118722,0.910103,-0.000034244,-0.000040218,0.929342800,0.369218034,1.0000,-1.341015100,-1.673438430,0.520947218,-2.499423742,-2.475062609,2.212786913,-2.152966022
1,14,travel,0.147931,0.116757,0.910250,-0.000083767,-0.000096053,0.937132316,0.348974220,1.0000,-1.329539061,-1.668711901,0.521948338,-2.499889374,-2.476129770,2.207643986,-2.120090961
1,15,travel,0.145424,0.114693,0.910387,-0.000131184,-0.000147173,0.944482207,0.328562508,1.0000,-1.318063021,-1.663985372,0.522949517,-2.500355005,-2.477196932,2.202501059,-2.087215900
1,16,travel,0.143055,0.112535,0.910514,-0.000176364,-0.000193923,0.951388810,0.307992310,1.0000,-1.306586981,-1.659258723,0.523950636,-2.500820637,-2.478263855,2.197358370,-2.054340839
1,17,travel,0.140828,0.110290,0.910632,-0.000219309,-0.000235993,0.957848577,0.287273390,1.0000,-1.295110822,-1.654532194,0.524951816,-2.501286268,-2.479331017,2.192215443,-2.021466017
1,18,travel,0.138747,0.107963,0.910741,-0.000259797,-0.000273800,0.963858285,0.266415209,1.0000,-1.283634782,-1.649805665,0.525952935,-2.501751900,-2.480398178,2.187072754,-1.988590956
1,19,travel,0.136816,0.105561,0.910840,-0.000297876,-0.000307291,0.969414842,0.245427548,1.0000,-1.272158742,-1.645079136,0.526954114,-2.502217531,-2.481465340,2.181929827,-1.955715895
1,20,travel,0.135037,0.103091,0.910931,-0.000333470,-0.000336767,0.974515382,0.224320185,1.0000,-1.260682702,-1.640352607,0.527955234,-2.502683163,-2.482532263,2.176786900,-1.922840953
1,21,travel,0.133414,0.100559,0.911012,-0.000366198,-0.000362290,0.979157244,0.203102996,1.0000,-1.249206662,-1.635625958,0.528956413,-2.503148794,-2.483599424,2.171644211,-1.889965892
1,22,travel,0.131949,0.097972,0.911084,-0.000396333,-0.000383841,0.983337972,0.181785942,1.0000,-1.237730622,-1.630899429,0.529957533,-2.503614426,-2.484666586,2.166501284,-1.857090950
1,23,travel,0.130645,0.095336,0.911148,-0.000423591,-0.000401792,0.987055365,0.160378817,1.0000,-1.226254582,-1.626172900,0.530958712,-2.504080057,-2.485733509,2.161358595,-1.824215889
1,24,travel,0.129505,0.092659,0.911203,-0.000448005,-0.000415995,0.990307361,0.138891890,1.0000,-1.214778543,-1.621446371,0.531959832,-2.504545689,-2.486800671,2.156215668,-1.791340947
1,25,travel,0.128529,0.089948,0.911250,-0.000469446,-0.000426713,0.993092190,0.117334993,1.0000,-1.203302383,-1.616719842,0.532960951,-2.505011320,-2.487867832,2.151072741,-1.758465886
1,26,travel,0.127720,0.087209,0.911287,-0.000487795,-0.000434215,0.995408237,0.095718413,1.0000,-1.191826344,-1.611993313,0.533962131,-2.505476952,-2.488934755,2.145930052,-1.725590944
1,27,travel,0.127078,0.084451,0.911317,-0.000503059,-0.000438403,0.997254139,0.074052252,1.0000,-1.180350304,-1.607266665,0.534963250,-2.505942583,-2.490001917,2.140787125,-1.692715883
1,28,travel,0.126606,0.081681,0.911337,-0.000515150,-0.000439426,0.998628739,0.052346753,1.0000,-1.168874264,-1.602540135,0.535964429,-2.506408215,-2.491069078,2.135644197,-1.659840941
1,29,travel,0.126302,0.078905,0.911350,-0.000524021,-0.000437651,0.999531111,0.030611948,1.0000,-1.157398224,-1.597813606,0.536965549,-2.506873846,-2.492136002,2.130501509,-1.626965880
1,30,travel,0.126169,0.076132,0.911354,-0.000529596,-0.000432871,0.999960530,0.008858323,1.0000,-1.145922184,-1.593087077,0.537966728,-2.507339478,-2.493203163,2.125358582,-1.594090939
1,31,travel,0.126205,0.073368,0.911350,-0.000531774,-0.000425482,0.999916508,-0.012903985,1.0000,-1.134446144,-1.588360548,0.538967848,-2.507805109,-2.494270325,2.120215893,-1.561215997
1,32,travel,0.126410,0.070621,0.911338,-0.000530671,-0.000415551,0.999398767,-0.034664822,1.0000,-1.122970104,-1.583633900,0.539969027,-2.508270741,-2.495337248,2.115072966,-1.528340936
1,33,travel,0.126784,0.067899,0.911318,-0.000526115,-0.000403065,0.998407258,-0.056413721,1.0000,-1.111493945,-1.578907371,0.540970147,-2.508736372,-2.496404409,2.109930038,-1.495465994
1,34,travel,0.127326,0.065208,0.911289,-0.000517976,-0.000388345,0.996942150,-0.078140451,1.0000,-1.100017905,-1.574180841,0.541971326,-2.509202003,-2.497471571,2.104787350,-1.462590933
1,35,travel,0.128035,0.062557,0.911253,-0.000506434,-0.000371374,0.995003842,-0.099834663,1.0000,-1.088541865,-1.569454312,0.542972445,-2.509667635,-2.498538733,2.099644423,-1.429715991
1,36,travel,0.128909,0.059952,0.911208,-0.000491343,-0.000352518,0.992592931,-0.121486246,1.0000,-1.077065825,-1.564727783,0.543973565,-2.510133266,-2.499605656,2.094501734,-1.396840930
1,37,travel,0.129946,0.057401,0.911156,-0.000472652,-0.000331584,0.989710281,-0.143084685,1.0000,-1.065589786,-1.560001254,0.544974744,-2.510598898,-2.500672817,2.089358807,-1.363965988
1,38,travel,0.131144,0.054911,0.911096,-0.000450363,-0.000308939,0.986356930,-0.164619890,1.0000,-1.054113746,-1.555274606,0.545975864,-2.511064529,-2.501739979,2.084215879,-1.331090927
1,39,travel,0.132500,0.052489,0.911028,-0.000424441,-0.000284741,0.982534169,-0.186081555,1.0000,-1.042637706,-1.550548077,0.546977043,-2.511530161,-2.502806902,2.079073191,-1.298215985
1,40,travel,0.134012,0.050142,0.910952,-0.000394896,-0.000258884,0.978243503,-0.207459456,1.0000,-1.031161666,-1.545821548,0.547978163,-2.511995792,-2.503874063,2.073930264,-1.265340924
1,41,travel,0.135677,0.047877,0.910868,-0.000361658,-0.000231637,0.973486658,-0.228743399,1.0000,-1.019685507,-1.541095018,0.548979342,-2.512461424,-2.504941225,2.068787336,-1.232465982
1,42,travel,0.137491,0.045700,0.910776,-0.000324776,-0.000203310,0.968265569,-0.249923270,1.0000,-1.008209467,-1.536368489,0.549980462,-2.512927055,-2.506008148,2.063644648,-1.199590921
1,43,travel,0.139451,0.043618,0.910676,-0.000284138,-0.000173796,0.962582466,-0.270988720,1.0000,-0.996733427,-1.531641960,0.550981641,-2.513392925,-2.507075310,2.058501720,-1.166715980
1,44,travel,0.141552,0.041638,0.910569,-0.000239775,-0.000143361,0.956439661,-0.291929951,1.0000,-0.985257387,-1.526915312,0.551982760,-2.513858557,-2.508142471,2.053359032,-1.133840919
1,45,travel,0.143791,0.039766,0.910453,-0.000191889,-0.000111983,0.949839798,-0.312736804,1.0000,-0.973781347,-1.522188783,0.552983880,-2.514324188,-2.509209394,2.048216105,-1.100965977
1,46,travel,0.146162,0.038009,0.910330,-0.000140189,-0.000079807,0.942785701,-0.333399305,1.0000,-0.962305307,-1.517462254,0.553985059,-2.514789820,-2.510276556,2.043073177,-1.068090916
1,47,travel,0.148662,0.036371,0.910199,-0.000084753,-0.000047141,0.935280428,-0.353907489,1.0000,-0.950829208,-1.512735724,0.554986179,-2.515255451,-2.511343718,2.037930489,-1.035215974
1,48,travel,0.151285,0.034858,0.910060,-0.000025756,-0.000013963,0.927327203,-0.374251597,1.0000,-0.939353168,-1.508009195,0.555987358,-2.515721083,-2.512410641,2.032787561,-1.002340913
1,49,travel,0.152376,0.033451,0.911317,0.000026954,-0.000046638,0.920567266,-0.390584056,1.0000,-0.937091947,-1.507982016,0.553003430,-2.512932777,-2.514784336,2.036160946,-0.969465911
1,50,travel,0.152326,0.032117,0.913559,0.000070678,-0.000121605,0.914734313,-0.404055833,1.0000,-0.941420794,-1.511315823,0.547169566,-2.507817507,-2.518092394,2.045624971,-0.936590910
1,51,travel,0.152295,0.030863,0.915780,0.000111211,-0.000190431,0.908711112,-0.417425522,1.0000,-0.945749640,-1.514649510,0.541335702,-2.502702475,-2.521400452,2.055088758,-0.903715968
1,52,travel,0.152282,0.029691,0.917980,0.000148747,-0.000253242,0.902499551,-0.430690693,1.0000,-0.950078428,-1.517983198,0.535501838,-2.497587204,-2.524708509,2.064552784,-0.870840967
1,53,travel,0.152285,0.028602,0.920159,0.000183301,-0.000310109,0.896101703,-0.443848631,1.0000,-0.954407275,-1.521316886,0.529667974,-2.492471933,-2.528016567,2.074016571,-0.837965965
1,54,travel,0.152303,0.027597,0.922315,0.000215059,-0.000361300,0.889519581,-0.456896857,1.0000,-0.958736062,-1.524650574,0.523834169,-2.487356663,-2.531324625,2.083480358,-0.805090964
1,55,travel,0.152333,0.026678,0.924448,0.000244100,-0.000407140,0.882755311,-0.469832774,1.0000,-0.963064909,-1.527984381,0.518000305,-2.482241631,-2.534632683,2.092944384,-0.772215962
1,56,travel,0.152375,0.025846,0.926559,0.000270386,-0.000447486,0.875810908,-0.482654099,1.0000,-0.967393696,-1.531318069,0.512166440,-2.477126360,-2.537940741,2.102408171,-0.739340961
1,57,travel,0.152426,0.025101,0.928647,0.000294076,-0.000482743,0.868688555,-0.495358330,1.0000,-0.971722543,-1.534651756,0.506332576,-2.472011089,-2.541248798,2.111872196,-0.706465960
1,58,travel,0.152486,0.024445,0.930711,0.000315094,-0.000512840,0.861390375,-0.507943166,1.0000,-0.976051331,-1.537985444,0.500498712,-2.466895819,-2.544556856,2.121335983,-0.673590958
1,59,travel,0.152552,0.023879,0.932751,0.000333431,-0.000538100,0.853918571,-0.520406257,1.0000,-0.980380177,-1.541319251,0.494664878,-2.461780787,-2.547864676,2.130799770,-0.640715957
1,60,travel,0.152622,0.023404,0.934767,0.000349277,-0.000558587,0.846275339,-0.532745357,1.0000,-0.984709024,-1.544652939,0.488831013,-2.456665516,-2.551172733,2.140263796,-0.607840955
1,61,travel,0.152696,0.023020,0.936758,0.000362451,-0.000574278,0.838462885,-0.544958282,1.0000,-0.989037812,-1.547986627,0.482997149,-2.451550245,-2.554480791,2.149727583,-0.574965954
1,62,travel,0.152772,0.022727,0.938724,0.000373014,-0.000585494,0.830483488,-0.557042812,1.0000,-0.993366659,-1.551320314,0.477163285,-2.446434975,-2.557788849,2.159191608,-0.542090952
1,63,travel,0.152848,0.022528,0.940664,0.000380854,-0.000592146,0.822339413,-0.568996831,1.0000,-0.997695446,-1.554654121,0.471329451,-2.441319942,-2.561096907,2.168655396,-0.509215951
1,64,travel,0.152921,0.022422,0.942579,0.000385971,-0.000594441,0.814032923,-0.580818301,1.0000,-1.002024293,-1.557987809,0.465495586,-2.436204672,-2.564404964,2.178119421,-0.476340950
1,65,travel,0.152991,0.022410,0.944468,0.000388243,-0.000592258,0.805566336,-0.592505170,1.0000,-1.006353140,-1.561321497,0.459661722,-2.431089401,-2.567713022,2.187583208,-0.443465948
1,66,travel,0.153056,0.022493,0.946330,0.000387636,-0.000585757,0.796941943,-0.604055499,1.0000,-1.010681868,-1.564655185,0.453827858,-2.425974131,-2.571021080,2.197046995,-0.410590947
1,67,travel,0.153115,0.022669,0.948165,0.000384111,-0.000575134,0.788162187,-0.615467212,1.0000,-1.015010715,-1.567988992,0.447994024,-2.420859098,-2.574329138,2.206511021,-0.377715945
1,68,travel,0.153164,0.022942,0.949972,0.000377496,-0.000560078,0.779229326,-0.626738543,1.0000,-1.019339561,-1.571322680,0.442160159,-2.415743828,-2.577637196,2.215974808,-0.344840944
1,69,travel,0.153204,0.023309,0.951753,0.000367766,-0.000540868,0.770145764,-0.637867600,1.0000,-1.023668408,-1.574656367,0.436326295,-2.410628557,-2.580945253,2.225438833,-0.311965942
1,70,travel,0.153231,0.023772,0.953505,0.000354750,-0.000517364,0.760913918,-0.648852538,1.0000,-1.027997255,-1.577990055,0.430492431,-2.405513525,-2.584253311,2.234902620,-0.279090941
1,71,travel,0.153246,0.024331,0.955229,0.000338338,-0.000489396,0.751536034,-0.659691774,1.0000,-1.032325983,-1.581323862,0.424658597,-2.400398254,-2.587561131,2.244366407,-0.246215940
1,72,travel,0.153245,0.024985,0.956924,0.000318559,-0.000457218,0.742014727,-0.670383348,1.0000,-1.036654830,-1.584657550,0.418824732,-2.395282984,-2.590869188,2.253830433,-0.213340938
1,73,travel,0.153227,0.025736,0.958590,0.000295193,-0.000420491,0.732352334,-0.680925690,1.0000,-1.040983677,-1.587991238,0.412990868,-2.390167713,-2.594177246,2.263294220,-0.180465937
1,74,travel,0.153191,0.026582,0.960227,0.000268151,-0.000379477,0.722551315,-0.691317135,1.0000,-1.045312524,-1.591324925,0.407157034,-2.385052681,-2.597485304,2.272758245,-0.147590935
1,75,travel,0.153134,0.027524,0.961834,0.000237325,-0.000333563,0.712614008,-0.701556205,1.0000,-1.049641252,-1.594658732,0.401323169,-2.379937410,-2.600793362,2.282222033,-0.114715941
1,76,travel,0.153056,0.028561,0.963411,0.000202580,-0.000282973,0.702542969,-0.711641241,1.0000,-1.053970098,-1.597992420,0.395489305,-2.374822140,-2.604101419,2.291685820,-0.081840940
1,77,travel,0.152955,0.029694,0.964958,0.000163825,-0.000227633,0.692340616,-0.721570781,1.0000,-1.058298945,-1.601326108,0.389655441,-2.369706869,-2.607409477,2.301149845,-0.048965942
1,78,travel,0.152829,0.030921,0.966474,0.000120912,-0.000167261,0.682009442,-0.731343338,1.0000,-1.062627792,-1.604659796,0.383821607,-2.364591837,-2.610717535,2.310613632,-0.016090941
1,79,travel,0.152676,0.032243,0.967960,0.000073808,-0.000101650,0.671551850,-0.740957554,1.0000,-1.066956639,-1.607993603,0.377987742,-2.359476566,-2.614025593,2.320077658,0.016784059
1,80,travel,0.152496,0.033660,0.969414,0.000022346,-0.000030596,0.660970298,-0.750412062,1.0000,-1.071285367,-1.611327291,0.372153878,-2.354361296,-2.617333651,2.329541445,0.049659058
1,81,draw,0.152922,0.033769,0.970000,0.000000065,0.000000066,0.656607595,-0.754232369,1.0000,-1.076076865,-1.612358093,0.370005995,-2.352292299,-2.618553400,2.332996607,0.066051498
1,82,draw,0.153778,0.032923,0.970000,0.000000138,-0.000000001,0.656607623,-0.754232344,1.0000,-1.081188321,-1.611795187,0.370408744,-2.352331161,-2.618328333,2.332293987,0.071038194
1,83,draw,0.154629,0.032072,0.970000,0.000000185,0.000000081,0.656607582,-0.754232380,1.0000,-1.086299777,-1.611232400,0.370811492,-2.352369785,-2.618103266,2.331591368,0.076024890
1,84,draw,0.155475,0.031215,0.970000,0.000000078,-0.000000006,0.656607579,-0.754232383,1.0000,-1.091411352,-1.610669494,0.371214241,-2.352408648,-2.617878199,2.330888748,0.081011593
1,85,draw,0.156326,0.030364,0.970000,0.000000101,-0.000000018,0.656607552,-0.754232406,1.0000,-1.096557975,-1.610114336,0.371636897,-2.352424383,-2.617613316,2.330206156,0.085998289
1,86,draw,0.157182,0.029519,0.970000,0.000000310,0.000000074,0.656607625,-0.754232342,1.0000,-1.101744294,-1.609567642,0.372081935,-2.352413893,-2.617303848,2.329545975,0.090984985
1,87,draw,0.158034,0.028668,0.970000,0.000000242,0.000000049,0.656607629,-0.754232339,1.0000,-1.106930614,-1.609020948,0.372526944,-2.352403641,-2.616994143,2.328885794,0.095971689
1,88,draw,0.158880,0.027812,0.970000,0.000000205,0.000000033,0.656607582,-0.754232380,1.0000,-1.112116814,-1.608474374,0.372971982,-2.352393150,-2.616684675,2.328225851,0.100958385
1,89,draw,0.159729,0.026958,0.970000,0.000000140,0.000000018,0.656607572,-0.754232388,1.0000,-1.117329478,-1.607934356,0.373431534,-2.352365255,-2.616345406,2.327581882,0.105945081
1,90,draw,0.160586,0.026115,0.970000,0.000000299,0.000000101,0.656607582,-0.754232380,1.0000,-1.122590780,-1.607406735,0.373917907,-2.352304935,-2.615951300,2.326967716,0.110931784
1,91,draw,0.161438,0.025265,0.970000,0.000000368,0.000000023,0.656607659,-0.754232313,1.0000,-1.127852201,-1.606879115,0.374404281,-2.352244616,-2.615557432,2.326353788,0.115918480
1,92,draw,0.162285,0.024409,0.970000,0.000000160,-0.000000022,0.656607590,-0.754232373,1.0000,-1.133113503,-1.606351376,0.374890655,-2.352184296,-2.615163326,2.325739622,0.120905176
1,93,draw,0.163132,0.023553,0.970000,0.000000083,0.000000104,0.656607574,-0.754232387,1.0000,-1.138392329,-1.605828881,0.375386328,-2.352112055,-2.614749908,2.325136900,0.125891879
1,94,draw,0.163989,0.022710,0.970000,0.000000302,0.000000024,0.656607614,-0.754232352,1.0000,-1.143728971,-1.605323076,0.375912964,-2.352000952,-2.614271641,2.324572563,0.130878568
1,95,draw,0.164842,0.021861,0.970000,0.000000471,0.000000159,0.656607674,-0.754232300,1.0000,-1.149065733,-1.604817390,0.376439571,-2.351889610,-2.613793612,2.324007988,0.135865271
1,96,draw,0.165690,0.021006,0.970000,0.000000290,0.000000084,0.656607615,-0.754232352,1.0000,-1.154402375,-1.604311585,0.376966208,-2.351778507,-2.613315344,2.323443413,0.140851974
1,97,draw,0.166535,0.020147,0.970000,0.000000062,0.000000104,0.656607536,-0.754232420,1.0000,-1.159747481,-1.603808641,0.377497137,-2.351661444,-2.612827778,2.322884798,0.145838663
1,98,draw,0.167393,0.019305,0.970000,0.000000360,0.000000132,0.656607600,-0.754232365,1.0000,-1.165159822,-1.603327751,0.378062665,-2.351498604,-2.612265587,2.322373629,0.150825366
1,99,draw,0.168246,0.018457,0.970000,0.000000480,0.000000242,0.656607608,-0.754232357,1.0000,-1.170572162,-1.602846980,0.378628224,-2.351335764,-2.611703396,2.321862221,0.155812070
1,100,draw,0.169095,0.017602,0.970000,0.000000367,0.000000118,0.656607661,-0.754232312,1.0000,-1.175984502,-1.602366090,0.379193753,-2.351173162,-2.611141443,2.321350813,0.160798758
1,101,draw,0.169939,0.016742,0.970000,0.000000016,-0.000000048,0.656607602,-0.754232363,1.0000,-1.181396961,-1.601885319,0.379759312,-2.351010323,-2.610579252,2.320839643,0.165785462
1,102,draw,0.170796,0.015901,0.970000,0.000000096,0.000000233,0.656607691,-0.754232286,1.0000,-1.187612057,-1.601702809,0.380263954,-2.350707531,-2.609883308,2.320748091,0.171429321
1,103,draw,0.171650,0.015054,0.970000,0.000000178,0.000000429,0.656607683,-0.754232292,1.0000,-1.193834662,-1.601523280,0.380768001,-2.350403309,-2.609186172,2.320660591,0.177079394
1,104,draw,0.172499,0.014200,0.970000,0.000000087,0.000000194,0.656607683,-0.754232292,1.0000,-1.200057387,-1.601343632,0.381272048,-2.350099325,-2.608489037,2.320573330,0.182729468
1,105,draw,0.173344,0.013339,0.970000,-0.000000022,0.000000014,0.656607533,-0.754232423,1.0000,-1.206279993,-1.601163983,0.381776094,-2.349795103,-2.607791901,2.320485830,0.188379541
1,106,draw,0.174188,0.012487,0.970000,-0.000002601,0.000000797,0.656608438,-0.754231635,1.0000,-1.219502807,-1.603590250,0.381334454,-2.348609924,-2.606578827,2.323925972,0.200316772
1,107,draw,0.175043,0.011635,0.970000,-0.000000862,0.000000275,0.656607865,-0.754232133,1.0000,-1.233766317,-1.606403828,0.380752236,-2.347293854,-2.605288982,2.327890635,0.213188708
1,108,draw,0.175890,0.010785,0.970000,-0.000002572,0.000000827,0.656608462,-0.754231614,1.0000,-1.248044372,-1.609223127,0.380132318,-2.345949411,-2.604006529,2.331896067,0.226060659
1,109,draw,0.176744,0.009933,0.970000,-0.000001159,0.000000381,0.656607927,-0.754232080,1.0000,-1.262325644,-1.612043858,0.379503608,-2.344598532,-2.602725744,2.335911036,0.238932610
1,110,draw,0.177697,0.009239,0.970000,-0.000005049,0.000001904,0.656609185,-0.754230984,1.0000,-1.278175592,-1.615494490,0.378841281,-2.342771530,-2.600897074,2.340928555,0.252805203
1,111,draw,0.178705,0.008596,0.970000,-0.000002771,0.000001031,0.656608466,-0.754231611,1.0000,-1.294547081,-1.619154692,0.378167808,-2.340786457,-2.598886013,2.346279621,0.267010450
1,112,draw,0.179700,0.007954,0.970000,-0.000004950,0.000001914,0.656609096,-0.754231062,1.0000,-1.310920954,-1.622826099,0.377415210,-2.338769197,-2.596911669,2.351692677,0.281215698
1,113,draw,0.180706,0.007311,0.970000,-0.000003186,0.000001377,0.656608590,-0.754231503,1.0000,-1.327296019,-1.626502752,0.376627177,-2.336737633,-2.594954014,2.357133627,0.295420974
1,114,draw,0.181764,0.006744,0.970000,0.000000516,0.000001237,0.656608108,-0.754231922,1.0000,-1.336609364,-1.627649665,0.377110273,-2.335456371,-2.593050241,2.359107494,0.302943230
1,115,draw,0.182841,0.006214,0.970000,0.000000951,0.000002305,0.656608545,-0.754231542,1.0000,-1.341782689,-1.627313733,0.378338546,-2.334614992,-2.591178179,2.359048605,0.306547612
1,116,draw,0.183918,0.005675,0.970000,0.000000907,0.000002189,0.656608536,-0.754231549,1.0000,-1.346956134,-1.626977682,0.379566818,-2.333773613,-2.589306116,2.358989716,0.310151994
1,117,draw,0.184994,0.005127,0.970000,0.000000367,0.000001003,0.656607976,-0.754232037,1.0000,-1.352129579,-1.626641750,0.380795121,-2.332932234,-2.587433815,2.358930826,0.313756377
1,118,draw,0.186072,0.004584,0.970000,0.000002543,0.000000279,0.656608058,-0.754231966,1.0000,-1.355314136,-1.625573039,0.382373393,-2.332318544,-2.585629702,2.357863188,0.315521270
1,119,draw,0.187150,0.004049,0.970000,0.000005459,0.000000455,0.656608776,-0.754231341,1.0000,-1.356590629,-1.623801589,0.384287477,-2.331923962,-2.583890915,2.355827808,0.315521270
1,120,draw,0.188227,0.003511,0.970000,0.000005594,0.000000496,0.656608747,-0.754231366,1.0000,-1.357867002,-1.622030139,0.386201560,-2.331529140,-2.582151890,2.353792429,0.315521270
1,121,draw,0.189302,0.002969,0.970000,0.000003006,0.000000232,0.656608229,-0.754231817,1.0000,-1.359143496,-1.620258570,0.388115644,-2.331134319,-2.580413103,2.351757050,0.315521270
1,122,draw,0.190377,0.002430,0.970000,0.000002038,0.000000208,0.656608027,-0.754231992,1.0000,-1.360427618,-1.618481040,0.390031546,-2.330720663,-2.578676939,2.349728346,0.315521270
1,123,draw,0.191456,0.001896,0.970000,0.000005343,0.000000539,0.656608807,-0.754231314,1.0000,-1.361723781,-1.616693974,0.391950279,-2.330277443,-2.576945543,2.347710133,0.315521270
1,124,draw,0.192533,0.001358,0.970000,0.000005802,0.000000515,0.656608920,-0.754231215,1.0000,-1.363019824,-1.614906907,0.393869042,-2.329834461,-2.575214148,2.345691919,0.315521270
1,125,draw,0.193608,0.000817,0.970000,0.000003449,0.000000346,0.656608331,-0.754231728,1.0000,-1.364315987,-1.613119841,0.395787805,-2.329391241,-2.573482513,2.343673706,0.315521270
1,126,draw,0.194709,0.000394,0.970000,0.000001087,0.000000949,0.656608065,-0.754231960,1.0000,-1.365853310,-1.611556172,0.397722811,-2.328756094,-2.571514130,2.342012882,0.315521270
1,127,draw,0.195887,0.000294,0.970000,0.000004015,0.000003459,0.656609444,-0.754230759,1.0000,-1.368042111,-1.610595942,0.399701804,-2.327602148,-2.568906069,2.341316700,0.315521270
1,128,draw,0.197065,0.000189,0.970000,0.000004633,0.000004008,0.656609687,-0.754230547,1.0000,-1.370230794,-1.609635830,0.401680768,-2.326448202,-2.566297770,2.340620756,0.315521270
1,129,draw,0.198244,0.000078,0.970000,0.000003063,0.000002573,0.656609016,-0.754231132,1.0000,-1.372419596,-1.608675599,0.403659731,-2.325294256,-2.563689709,2.339924812,0.315521270
1,130,draw,0.199426,-0.000018,0.970000,0.000000480,0.000000768,0.656607919,-0.754232087,1.0000,-1.374645352,-1.607749462,0.405638218,-2.324108601,-2.561048746,2.339283228,0.315521270
1,131,draw,0.200627,-0.000010,0.970000,0.000002946,0.000004354,0.656609650,-0.754230580,1.0000,-1.377080679,-1.607015848,0.407613903,-2.322744131,-2.558223009,2.338950396,0.315521270
1,132,draw,0.201830,-0.000007,0.970000,0.000003699,0.000005495,0.656610147,-0.754230147,1.0000,-1.379516006,-1.606282234,0.409589559,-2.321379662,-2.555397272,2.338617325,0.315521270
1,133,draw,0.203035,-0.000011,0.970000,0.000002686,0.000003947,0.656609417,-0.754230782,1.0000,-1.381951332,-1.605548620,0.411565244,-2.320015192,-2.552571535,2.338284492,0.315521270
1,134,draw,0.204241,-0.000020,0.970000,0.000000105,0.000000206,0.656607600,-0.754232365,1.0000,-1.384387612,-1.604815602,0.413540274,-2.318649292,-2.549745798,2.337952852,0.315521270
1,135,draw,0.205442,-0.000011,0.970000,0.000002712,0.000004214,0.656609595,-0.754230628,1.0000,-1.386855721,-1.604104996,0.415495276,-2.317238808,-2.546920300,2.337663412,0.315521270
1,136,draw,0.206644,-0.000007,0.970000,0.000003591,0.000005588,0.656610183,-0.754230115,1.0000,-1.389323711,-1.603394389,0.417450249,-2.315828085,-2.544094563,2.337374210,0.315521270
1,137,draw,0.207849,-0.000010,0.970000,0.000002796,0.000004286,0.656609659,-0.754230572,1.0000,-1.391791821,-1.602683663,0.419405252,-2.314417601,-2.541269064,2.337084770,0.315521270
1,138,draw,0.209055,-0.000019,0.970000,0.000000316,0.000000511,0.656607740,-0.754232242,1.0000,-1.394259810,-1.601973057,0.421360254,-2.313006878,-2.538443327,2.336795330,0.315521270
1,139,draw,0.210256,-0.000011,0.970000,0.000002372,0.000003923,0.656609421,-0.754230779,1.0000,-1.396758556,-1.601284385,0.423295230,-2.311554432,-2.535617352,2.336546421,0.315521270
1,140,draw,0.211458,-0.000007,0.970000,0.000003463,0.000005718,0.656610243,-0.754230063,1.0000,-1.399260163,-1.600597978,0.425228208,-2.310097933,-2.532791376,2.336301327,0.315521270
1,141,draw,0.212663,-0.000010,0.970000,0.000002905,0.000004692,0.656609827,-0.754230426,1.0000,-1.401761889,-1.599911571,0.427161217,-2.308641434,-2.529965401,2.336056471,0.315521270
1,142,draw,0.213869,-0.000018,0.970000,0.000000633,0.000001120,0.656608069,-0.754231956,1.0000,-1.404263616,-1.599225163,0.429094195,-2.307184935,-2.527139187,2.335811377,0.315521270
1,143,draw,0.215071,-0.000012,0.970000,0.000002019,0.000003653,0.656609247,-0.754230931,1.0000,-1.406792641,-1.598558903,0.431008756,-2.305692196,-2.524312258,2.335602283,0.315521270
1,144,draw,0.216273,-0.000008,0.970000,0.000003222,0.000005753,0.656610286,-0.754230026,1.0000,-1.409329057,-1.597898006,0.432918429,-2.304189920,-2.521485090,2.335402727,0.315521270
1,145,draw,0.217477,-0.000009,0.970000,0.000002917,0.000005179,0.656609933,-0.754230333,1.0000,-1.411865354,-1.597237110,0.434828073,-2.302687407,-2.518657923,2.335203171,0.315521270
1,146,draw,0.218683,-0.000016,0.970000,0.000001052,0.000001733,0.656608376,-0.754231689,1.0000,-1.414401650,-1.596576214,0.436737746,-2.301185131,-2.515830994,2.335003614,0.315521270
1,147,draw,0.219828,0.000208,0.970000,-0.000001372,0.000005023,0.656609568,-0.754230651,1.0000,-1.417208791,-1.596451283,0.438446909,-2.299437761,-2.512785912,2.335552931,0.315521270
1,148,draw,0.220948,0.000545,0.970000,-0.000002288,0.000008975,0.656611079,-0.754229336,1.0000,-1.420149207,-1.596590757,0.440057218,-2.297569275,-2.509633780,2.336471558,0.315521270
1,149,draw,0.222074,0.000876,0.970000,-0.000002135,0.000008480,0.656610897,-0.754229494,1.0000,-1.423089623,-1.596730232,0.441667557,-2.295701027,-2.506481647,2.337390184,0.315521270
1,150,draw,0.223206,0.001201,0.970000,-0.000000915,0.000003575,0.656609039,-0.754231111,1.0000,-1.426030159,-1.596869588,0.443277895,-2.293832779,-2.503329515,2.338308811,0.315521270
1,151,draw,0.224301,0.001646,0.970000,-0.000003340,0.000005433,0.656609633,-0.754230594,1.0000,-1.429123163,-1.597294450,0.444758803,-2.291830540,-2.500061750,2.339628696,0.315521270
1,152,draw,0.225368,0.002189,0.970000,-0.000006661,0.000011035,0.656611839,-0.754228674,1.0000,-1.432341337,-1.597952962,0.446133733,-2.289718628,-2.496699810,2.341277122,0.315521270
1,153,draw,0.226445,0.002728,0.970000,-0.000006682,0.000011149,0.656611790,-0.754228717,1.0000,-1.435559392,-1.598611593,0.447508663,-2.287606716,-2.493337631,2.342925549,0.315521270
1,154,draw,0.227530,0.003261,0.970000,-0.000003330,0.000005611,0.656609720,-0.754230519,1.0000,-1.438777566,-1.599270105,0.448883623,-2.285494804,-2.489975691,2.344573975,0.315521270
1,155,draw,0.228610,0.003798,0.970000,-0.000002312,0.000004236,0.656609180,-0.754230989,1.0000,-1.441868424,-1.599877596,0.450259864,-2.283385515,-2.486624718,2.346158266,0.315393150
1,156,draw,0.229677,0.004341,0.970000,-0.000005633,0.000010290,0.656611472,-0.754228994,1.0000,-1.444790363,-1.600417376,0.451637834,-2.281279564,-2.483288527,2.347657681,0.315094948
1,157,draw,0.230752,0.004880,0.970000,-0.000005972,0.000011050,0.656611729,-0.754228770,1.0000,-1.447712421,-1.600957155,0.453015804,-2.279173374,-2.479952335,2.349157095,0.314796716
1,158,draw,0.231836,0.005415,0.970000,-0.000003443,0.000006267,0.656609997,-0.754230278,1.0000,-1.450634360,-1.601496816,0.454393804,-2.277067423,-2.476616383,2.350656509,0.314498514
1,159,draw,0.232921,0.005949,0.970000,0.000000369,0.000002328,0.656608529,-0.754231556,1.0000,-1.452967763,-1.601767778,0.455893427,-2.275034428,-2.473344564,2.351793051,0.313686758
1,160,draw,0.233994,0.006490,0.970000,0.000000990,0.000007225,0.656610539,-0.754229806,1.0000,-1.453988552,-1.601439238,0.457664341,-2.273164988,-2.470216036,2.352120876,0.311729789
1,161,draw,0.235069,0.007029,0.970000,0.000001064,0.000008170,0.656610939,-0.754229457,1.0000,-1.455009341,-1.601110578,0.459435284,-2.271295547,-2.467087507,2.352448702,0.309772789
1,162,draw,0.236148,0.007565,0.970000,0.000000703,0.000005219,0.656609686,-0.754230548,1.0000,-1.456030130,-1.600782037,0.461206228,-2.269425869,-2.463958979,2.352776766,0.307815790
1,163,draw,0.237130,0.008186,0.970000,-0.000000016,0.000000872,0.656607908,-0.754232096,1.0000,-1.456573725,-1.600496531,0.462874502,-2.267634153,-2.460975409,2.353126526,0.305512667
1,164,draw,0.237686,0.009175,0.970000,-0.000000266,0.000004101,0.656609175,-0.754230993,1.0000,-1.455076456,-1.600395322,0.464103848,-2.266175032,-2.458610773,2.353570223,0.301729143
1,165,draw,0.238240,0.010165,0.970000,-0.000000313,0.000004989,0.656609467,-0.754230739,1.0000,-1.453579187,-1.600294232,0.465333164,-2.264715672,-2.456246138,2.354014158,0.297945619
1,166,draw,0.238793,0.011158,0.970000,-0.000000208,0.000003485,0.656608964,-0.754231177,1.0000,-1.452082038,-1.600193024,0.466562510,-2.263256550,-2.453881741,2.354457855,0.294162124
1,167,draw,0.239334,0.012163,0.970000,0.000000183,0.000000157,0.656607683,-0.754232292,1.0000,-1.450427651,-1.600046635,0.467806071,-2.261820316,-2.451545715,2.354836464,0.290251762
1,168,draw,0.239722,0.013299,0.970000,0.000002336,0.000002089,0.656608703,-0.754231405,1.0000,-1.446667075,-1.599294186,0.469240367,-2.260691643,-2.449592829,2.354341507,0.284641743
1,169,draw,0.240106,0.014439,0.970000,0.000003051,0.000002660,0.656609035,-0.754231116,1.0000,-1.442906499,-1.598541737,0.470674694,-2.259562969,-2.447639942,2.353846788,0.279031694
1,170,draw,0.240483,0.015582,0.970000,0.000002217,0.000002041,0.656608636,-0.754231463,1.0000,-1.439145923,-1.597789288,0.472108990,-2.258434534,-2.445686817,2.353351831,0.273421675
1,171,draw,0.240856,0.016730,0.970000,0.000000152,0.000000198,0.656607623,-0.754232345,1.0000,-1.435385466,-1.597036839,0.473543316,-2.257305861,-2.443733931,2.352856874,0.267811626
1,172,draw,0.241246,0.017862,0.970000,0.000004716,0.000000767,0.656609108,-0.754231052,1.0000,-1.429794431,-1.595321774,0.475472569,-2.256424665,-2.442031145,2.351081133,0.260664165
1,173,draw,0.241630,0.018999,0.970000,0.000006539,0.000001133,0.656609743,-0.754230499,1.0000,-1.424105883,-1.593555331,0.477428257,-2.255556822,-2.440341473,2.349236727,0.253434688
1,174,draw,0.242008,0.020144,0.970000,0.000005400,0.000000951,0.656609359,-0.754230833,1.0000,-1.418417335,-1.591789007,0.479383916,-2.254688740,-2.438652039,2.347392559,0.246205211
1,175,draw,0.242380,0.021295,0.970000,0.000001042,0.000000247,0.656607873,-0.754232127,1.0000,-1.412728786,-1.590022564,0.481339574,-2.253820658,-2.436962366,2.345548153,0.238975748
1,176,draw,0.242767,0.022429,0.970000,0.000004718,0.000000638,0.656609264,-0.754230916,1.0000,-1.406774998,-1.588029623,0.483400553,-2.252977371,-2.435350657,2.343429089,0.231538475
1,177,draw,0.243152,0.023565,0.970000,0.000007255,0.000001055,0.656610184,-0.754230115,1.0000,-1.400766611,-1.585989952,0.485483199,-2.252139091,-2.433754921,2.341253281,0.224058419
1,178,draw,0.243531,0.024709,0.970000,0.000006288,0.000000934,0.656609830,-0.754230423,1.0000,-1.394758344,-1.583950400,0.487565845,-2.251300812,-2.432158947,2.339077711,0.216578379
1,179,draw,0.243904,0.025861,0.970000,0.000001947,0.000000325,0.656608259,-0.754231791,1.0000,-1.388749957,-1.581910729,0.489648491,-2.250462532,-2.430563211,2.336901903,0.209098324
1,180,draw,0.244288,0.026997,0.970000,0.000004305,0.000000634,0.656609226,-0.754230949,1.0000,-1.382723808,-1.579773664,0.491768092,-2.249614954,-2.429013491,2.334624767,0.201618284
1,181,draw,0.244674,0.028132,0.970000,0.000007339,0.000001058,0.656610428,-0.754229902,1.0000,-1.376690388,-1.577596664,0.493902862,-2.248763561,-2.427482843,2.332306147,0.194138229
1,182,draw,0.245054,0.029275,0.970000,0.000006853,0.000001074,0.656610190,-0.754230110,1.0000,-1.370656967,-1.575419664,0.496037602,-2.247911930,-2.425952196,2.329987526,0.186658189
1,183,draw,0.245427,0.030426,0.970000,0.000002741,0.000000427,0.656608612,-0.754231483,1.0000,-1.364623547,-1.573242664,0.498172373,-2.247060537,-2.424421549,2.327668905,0.179178149
1,184,draw,0.245746,0.031577,0.970000,0.000003192,0.000000417,0.656608931,-0.754231206,1.0000,-1.358461261,-1.571051717,0.500236452,-2.246274233,-2.423046112,2.325321436,0.171698093
1,185,draw,0.246024,0.032729,0.970000,0.000006113,0.000000734,0.656610232,-0.754230073,1.0000,-1.352209210,-1.568851113,0.502251208,-2.245533466,-2.421778917,2.322954178,0.164218053
1,186,draw,0.246296,0.033888,0.970000,0.000006042,0.000000748,0.656610214,-0.754230089,1.0000,-1.345957041,-1.566650391,0.504265964,-2.244792700,-2.420511961,2.320586681,0.156737998
1,187,draw,0.246562,0.035056,0.970000,0.000002863,0.000000395,0.656608841,-0.754231284,1.0000,-1.339704990,-1.564449787,0.506280720,-2.244051933,-2.419244766,2.318219185,0.149257958
1,188,draw,0.246705,0.036239,0.970000,0.000001519,0.000000131,0.656608370,-0.754231694,1.0000,-1.333280802,-1.562365890,0.508103013,-2.243439674,-2.418210983,2.315953016,0.141822308
1,189,draw,0.246712,0.037436,0.970000,0.000003361,0.000000263,0.656609467,-0.754230739,1.0000,-1.326662064,-1.560413957,0.509707332,-2.242973328,-2.417441130,2.313801289,0.134436935
1,190,draw,0.246713,0.038639,0.970000,0.000003417,0.000000278,0.656609492,-0.754230717,1.0000,-1.320043206,-1.558462024,0.511311650,-2.242506981,-2.416671038,2.311649561,0.127051562
1,191,draw,0.246707,0.039848,0.970000,0.000001918,0.000000160,0.656608620,-0.754231476,1.0000,-1.313424349,-1.556510210,0.512916028,-2.242040634,-2.415901184,2.309497833,0.119666174
1,192,draw,0.246704,0.041055,0.970000,0.000000969,0.000000170,0.656607943,-0.754232066,1.0000,-1.307266831,-1.554770350,0.514429510,-2.241500616,-2.415048838,2.307628632,0.112648867
1,193,draw,0.246712,0.042255,0.970000,0.000002782,0.000000793,0.656608681,-0.754231424,1.0000,-1.301970005,-1.553426385,0.515773416,-2.240823030,-2.414042473,2.306286335,0.106318168
1,194,draw,0.246714,0.043458,0.970000,0.000003088,0.000000850,0.656608776,-0.754231341,1.0000,-1.296673059,-1.552082300,0.517117381,-2.240145445,-2.413036108,2.304944277,0.099987462
1,195,draw,0.246709,0.044664,0.970000,0.000001939,0.000000549,0.656608318,-0.754231739,1.0000,-1.291376233,-1.550738335,0.518461347,-2.239467859,-2.412029743,2.303602219,0.093656756
1,196,draw,0.246703,0.045871,0.970000,0.000000314,0.000000400,0.656607694,-0.754232283,1.0000,-1.286457896,-1.549580574,0.519728780,-2.238731146,-2.410947084,2.302501678,0.087624706
1,197,draw,0.246710,0.047073,0.970000,0.000001062,0.000001385,0.656608280,-0.754231773,1.0000,-1.282815099,-1.549050093,0.520738244,-2.237795353,-2.409607410,2.302215099,0.082598664
1,198,draw,0.246712,0.048276,0.970000,0.000001187,0.000001707,0.656608359,-0.754231704,1.0000,-1.279172301,-1.548519492,0.521747768,-2.236859322,-2.408267498,2.301928282,0.077572621
1,199,draw,0.246708,0.049480,0.970000,0.000000832,0.000001161,0.656608101,-0.754231928,1.0000,-1.275529504,-1.547989011,0.522757232,-2.235923290,-2.406927824,2.301641703,0.072546571
1,200,draw,0.246701,0.050686,0.970000,-0.000000235,0.000000244,0.656607715,-0.754232264,1.0000,-1.272068977,-1.547551036,0.523728251,-2.234958887,-2.405548811,2.301474094,0.067662530
1,201,draw,0.246705,0.051888,0.970000,-0.000001887,0.000002243,0.656608504,-0.754231577,1.0000,-1.270099998,-1.547870040,0.524383843,-2.233760118,-2.403848171,2.302281380,0.063941143
1,202,draw,0.246707,0.053091,0.970000,-0.000002511,0.000002796,0.656608728,-0.754231382,1.0000,-1.268130898,-1.548188925,0.525039375,-2.232561588,-2.402147532,2.303088665,0.060219757
1,203,draw,0.246705,0.054295,0.970000,-0.000001784,0.000002043,0.656608447,-0.754231627,1.0000,-1.266161919,-1.548507929,0.525694966,-2.231362820,-2.400447130,2.303896189,0.056498371
1,204,draw,0.246700,0.055501,0.970000,-0.000000017,0.000000053,0.656607544,-0.754232413,1.0000,-1.264192939,-1.548826814,0.526350558,-2.230164051,-2.398746490,2.304703474,0.052776985
1,205,draw,0.246699,0.056702,0.970000,-0.000005698,0.000002916,0.656609243,-0.754230934,1.0000,-1.263828874,-1.549974918,0.526633859,-2.228709698,-2.396690130,2.306585550,0.050292950
1,206,draw,0.246698,0.057904,0.970000,-0.000007788,0.000003889,0.656609888,-0.754230373,1.0000,-1.263482928,-1.551132441,0.526912868,-2.227252483,-2.394629955,2.308480024,0.047822971
1,207,draw,0.246699,0.059109,0.970000,-0.000006188,0.000003110,0.656609470,-0.754230737,1.0000,-1.263137102,-1.552289963,0.527191937,-2.225795269,-2.392569780,2.310374260,0.045352995
1,208,draw,0.246700,0.060315,0.970000,-0.000000945,0.000000575,0.656607805,-0.754232186,1.0000,-1.262791157,-1.553447485,0.527471006,-2.224337816,-2.390509367,2.312268496,0.042883016
1,209,draw,0.246697,0.061516,0.970000,-0.000006473,0.000002882,0.656609440,-0.754230763,1.0000,-1.262857676,-1.554794073,0.527640998,-2.222797632,-2.388342857,2.314426899,0.040702157
1,210,draw,0.246695,0.062718,0.970000,-0.000009636,0.000004219,0.656610381,-0.754229943,1.0000,-1.262986660,-1.556169391,0.527794540,-2.221244812,-2.386160135,2.316625357,0.038565002
1,211,draw,0.246696,0.063922,0.970000,-0.000008318,0.000003548,0.656609928,-0.754230338,1.0000,-1.263115525,-1.557544708,0.527948141,-2.219692230,-2.383977175,2.318823576,0.036427844
1,212,draw,0.246699,0.065128,0.970000,-0.000002274,0.000000974,0.656608170,-0.754231869,1.0000,-1.263244390,-1.558920026,0.528101683,-2.218139410,-2.381794453,2.321021795,0.034290686
1,213,draw,0.246697,0.066330,0.970000,-0.000005967,0.000002558,0.656609285,-0.754230897,1.0000,-1.263415933,-1.560287952,0.528235197,-2.216560364,-2.379584551,2.323230505,0.032153532
1,214,draw,0.246695,0.067532,0.970000,-0.000009941,0.000004201,0.656610373,-0.754229950,1.0000,-1.263601899,-1.561653256,0.528361976,-2.214972496,-2.377365112,2.325442553,0.030016376
1,215,draw,0.246696,0.068736,0.970000,-0.000009007,0.000003726,0.656610121,-0.754230170,1.0000,-1.263787746,-1.563018680,0.528488815,-2.213384628,-2.375145912,2.327654839,0.027879220
1,216,draw,0.246698,0.069942,0.970000,-0.000003331,0.000001360,0.656608527,-0.754231557,1.0000,-1.263973594,-1.564384103,0.528615594,-2.211796761,-2.372926712,2.329866886,0.025742063
1,217,draw,0.246697,0.071145,0.970000,-0.000005406,0.000002195,0.656609038,-0.754231113,1.0000,-1.264195919,-1.565743685,0.528724432,-2.210186720,-2.370683908,2.332088470,0.023604905
1,218,draw,0.246695,0.072346,0.970000,-0.000010065,0.000004148,0.656610372,-0.754229952,1.0000,-1.264439940,-1.567099929,0.528822601,-2.208564043,-2.368427277,2.334315300,0.021467749
1,219,draw,0.246695,0.073550,0.970000,-0.000009712,0.000004002,0.656610238,-0.754230068,1.0000,-1.264683843,-1.568456173,0.528920829,-2.206941128,-2.366170645,2.336542368,0.019330593
1,220,draw,0.246698,0.074756,0.970000,-0.000004445,0.000001830,0.656608742,-0.754231371,1.0000,-1.264927745,-1.569812417,0.529018998,-2.205318213,-2.363914013,2.338769436,0.017193437
1,221,draw,0.246697,0.075960,0.970000,-0.000004652,0.000001969,0.656608839,-0.754231285,1.0000,-1.265201807,-1.571164489,0.529101670,-2.203677654,-2.361638069,2.341004610,0.015056280
1,222,draw,0.246695,0.077161,0.970000,-0.000010016,0.000004056,0.656610298,-0.754230016,1.0000,-1.265504956,-1.572512269,0.529169261,-2.202019930,-2.359343290,2.343247890,0.012919124
1,223,draw,0.246695,0.078364,0.970000,-0.000010338,0.000004242,0.656610340,-0.754229979,1.0000,-1.265808225,-1.573860168,0.529236853,-2.200362206,-2.357048273,2.345490932,0.010781968
1,224,draw,0.246697,0.079570,0.970000,-0.000005482,0.000002159,0.656609063,-0.754231091,1.0000,-1.266111374,-1.575208068,0.529304504,-2.198704720,-2.354753494,2.347734213,0.008644812
1,225,draw,0.246698,0.080774,0.970000,-0.000003768,0.000001609,0.656608570,-0.754231520,1.0000,-1.266438007,-1.576552987,0.529359460,-2.197033405,-2.352443457,2.349983931,0.006507655
1,226,draw,0.246695,0.081975,0.970000,-0.000009995,0.000003922,0.656610228,-0.754230077,1.0000,-1.266801715,-1.577893257,0.529394448,-2.195341110,-2.350109339,2.352244616,0.004370498
1,227,draw,0.246694,0.083178,0.970000,-0.000010944,0.000004278,0.656610512,-0.754229829,1.0000,-1.267165542,-1.579233527,0.529429436,-2.193648815,-2.347775221,2.354505062,0.002233342
1,228,draw,0.246696,0.084384,0.970000,-0.000006540,0.000002658,0.656609302,-0.754230882,1.0000,-1.267529249,-1.580573797,0.529464424,-2.191956282,-2.345441103,2.356765509,0.000096186
1,229,draw,0.246698,0.085589,0.970000,-0.000002884,0.000001039,0.656608256,-0.754231793,1.0000,-1.267909527,-1.581912160,0.529490113,-2.190254688,-2.343096018,2.359031200,-0.002040971
1,230,draw,0.246695,0.086789,0.970000,-0.000009956,0.000003721,0.656610150,-0.754230144,1.0000,-1.268335223,-1.583245754,0.529490352,-2.188527822,-2.340721607,2.361310482,-0.004178127
1,231,draw,0.246694,0.087992,0.970000,-0.000011525,0.000004357,0.656610514,-0.754229827,1.0000,-1.268760800,-1.584579229,0.529490590,-2.186800718,-2.338347197,2.363589764,-0.006315283
1,232,draw,0.246696,0.089198,0.970000,-0.000007627,0.000002887,0.656609544,-0.754230672,1.0000,-1.269186497,-1.585912824,0.529490829,-2.185073853,-2.335972786,2.365869045,-0.008452440
1,233,draw,0.246699,0.090404,0.970000,-0.000001635,0.000000591,0.656608013,-0.754232005,1.0000,-1.269621611,-1.587245464,0.529485583,-2.183341742,-2.333592176,2.368151426,-0.010589596
1,234,draw,0.246695,0.091604,0.970000,-0.000009723,0.000003548,0.656610038,-0.754230242,1.0000,-1.270110726,-1.588573098,0.529448748,-2.181580305,-2.331176043,2.370450974,-0.012726752
1,235,draw,0.246693,0.092806,0.970000,-0.000012104,0.000004401,0.656610603,-0.754229750,1.0000,-1.270599842,-1.589900732,0.529411972,-2.179818869,-2.328759909,2.372750521,-0.014863909
1,236,draw,0.246695,0.094012,0.970000,-0.000008707,0.000003187,0.656609788,-0.754230460,1.0000,-1.271088958,-1.591228366,0.529375196,-2.178057432,-2.326344013,2.375050068,-0.017001064
1,237,draw,0.246700,0.095219,0.970000,-0.000000357,0.000000106,0.656607639,-0.754232331,1.0000,-1.271579862,-1.592555881,0.529337287,-2.176295042,-2.323926687,2.377350330,-0.019138221
1,238,draw,0.246695,0.096418,0.970000,-0.000009441,0.000003260,0.656609878,-0.754230382,1.0000,-1.272134066,-1.593878508,0.529261112,-2.174499273,-2.321467638,2.379671812,-0.021275379
1,239,draw,0.246693,0.097620,0.970000,-0.000012573,0.000004412,0.656610633,-0.754229724,1.0000,-1.272688389,-1.595201135,0.529184937,-2.172703266,-2.319008589,2.381993294,-0.023412535
1,240,draw,0.246694,0.098825,0.970000,-0.000009738,0.000003459,0.656609988,-0.754230285,1.0000,-1.273242593,-1.596523881,0.529108763,-2.170907497,-2.316549778,2.384314775,-0.025549691
1,241,draw,0.246699,0.100033,0.970000,-0.000001096,0.000000384,0.656607830,-0.754232164,1.0000,-1.273796797,-1.597846508,0.529032588,-2.169111729,-2.314090729,2.386636257,-0.027686847
1,242,draw,0.246695,0.101233,0.970000,-0.000008931,0.000003106,0.656609730,-0.754230510,1.0000,-1.274411798,-1.599165559,0.528918326,-2.167284727,-2.311591387,2.388979197,-0.029824004
1,243,draw,0.246692,0.102435,0.970000,-0.000012896,0.000004400,0.656610722,-0.754229646,1.0000,-1.275032997,-1.600484252,0.528800249,-2.165454626,-2.309087992,2.391324520,-0.031961162
1,244,draw,0.246694,0.103639,0.970000,-0.000010850,0.000003679,0.656610115,-0.754230175,1.0000,-1.275654078,-1.601802826,0.528682172,-2.163624525,-2.306584358,2.393669605,-0.034098316
1,245,draw,0.246699,0.104847,0.970000,-0.000002557,0.000000853,0.656608152,-0.754231884,1.0000,-1.276275277,-1.603121519,0.528564036,-2.161794424,-2.304080963,2.396014929,-0.036235474
1,246,draw,0.246695,0.106048,0.970000,-0.000008365,0.000002708,0.656609565,-0.754230654,1.0000,-1.276950717,-1.604437709,0.528410792,-2.159937382,-2.301541328,2.398380280,-0.038372628
1,247,draw,0.246692,0.107249,0.970000,-0.000013299,0.000004314,0.656610687,-0.754229677,1.0000,-1.277640820,-1.605753303,0.528248131,-2.158072948,-2.298991680,2.400751114,-0.040509786
1,248,draw,0.246693,0.108453,0.970000,-0.000011827,0.000003841,0.656610366,-0.754229956,1.0000,-1.278330803,-1.607069016,0.528085411,-2.156208754,-2.296442270,2.403121948,-0.042646941
1,249,draw,0.246698,0.109661,0.970000,-0.000003997,0.000001321,0.656608491,-0.754231588,1.0000,-1.279020905,-1.608384609,0.527922750,-2.154344320,-2.293892622,2.405492783,-0.044784099
1,250,draw,0.246695,0.110862,0.970000,-0.000007647,0.000002346,0.656609327,-0.754230861,1.0000,-1.279758453,-1.609698892,0.527728379,-2.152457237,-2.291311026,2.407882214,-0.046921253
1,251,draw,0.246692,0.112063,0.970000,-0.000013549,0.000004226,0.656610675,-0.754229687,1.0000,-1.280519485,-1.611012459,0.527518213,-2.150558710,-2.288713694,2.410280704,-0.049058411
1,252,draw,0.246692,0.113267,0.970000,-0.000012828,0.000003953,0.656610471,-0.754229865,1.0000,-1.281280637,-1.612326145,0.527308106,-2.148660183,-2.286116123,2.412679434,-0.051195566
1,253,draw,0.246697,0.114474,0.970000,-0.000005456,0.000001726,0.656608825,-0.754231298,1.0000,-1.282041788,-1.613639712,0.527097940,-2.146761656,-2.283518791,2.415077925,-0.053332724
1,254,draw,0.246696,0.115677,0.970000,-0.000006770,0.000002033,0.656609044,-0.754231108,1.0000,-1.282843113,-1.614952803,0.526860178,-2.144844532,-2.280893803,2.417492867,-0.055469882
1,255,draw,0.246692,0.116877,0.970000,-0.000013753,0.000004051,0.656610605,-0.754229748,1.0000,-1.283677697,-1.616265535,0.526599526,-2.142911911,-2.278246403,2.419921637,-0.057607036
1,256,draw,0.246692,0.118081,0.970000,-0.000013848,0.000004138,0.656610615,-0.754229740,1.0000,-1.284512281,-1.617578268,0.526338875,-2.140979290,-2.275599003,2.422350168,-0.059744194
1,257,draw,0.246696,0.119288,0.970000,-0.000007035,0.000002126,0.656609047,-0.754231105,1.0000,-1.285346746,-1.618890882,0.526078284,-2.139046669,-2.272951603,2.424778700,-0.061881348
2,0,travel,0.246786,0.119532,0.969190,0.000057053,-0.000015491,0.661795332,-0.749684557,1.0000,-1.286077738,-1.619627833,0.528849185,-2.139451265,-2.269552469,2.423348188,-0.077167787
2,1,travel,0.246959,0.118539,0.967285,0.000182932,-0.000048020,0.673809020,-0.738905521,1.0000,-1.286669970,-1.619594812,0.535675168,-2.142981768,-2.265147448,2.416755915,-0.110042788
2,2,travel,0.247094,0.117621,0.965361,0.000298170,-0.000075456,0.685661189,-0.727920764,1.0000,-1.287262201,-1.619561672,0.542501092,-2.146512270,-2.260742426,2.410163403,-0.142917797
2,3,travel,0.247196,0.116777,0.963419,0.000402900,-0.000098352,0.697348216,-0.716732372,1.0000,-1.287854433,-1.619528532,0.549327075,-2.150043011,-2.256337404,2.403570890,-0.175792783
2,4,travel,0.247266,0.116010,0.961459,0.000497270,-0.000116861,0.708866425,-0.705342563,1.0000,-1.288446784,-1.619495392,0.556152999,-2.153573513,-2.251932383,2.396978378,-0.208667785
2,5,travel,0.247307,0.115319,0.959481,0.000581379,-0.000131545,0.720212148,-0.693753636,1.0000,-1.289039016,-1.619462252,0.562978923,-2.157104015,-2.247527361,2.390386105,-0.241542786
2,6,travel,0.247322,0.114704,0.957485,0.000655341,-0.000142587,0.731381929,-0.681967759,1.0000,-1.289631248,-1.619429111,0.569804907,-2.160634756,-2.243122578,2.383793592,-0.274417788
2,7,travel,0.247313,0.114167,0.955471,0.000719180,-0.000150259,0.742371976,-0.669987544,1.0000,-1.290223479,-1.619395971,0.576630831,-2.164165258,-2.238717556,2.377201080,-0.307292789
2,8,travel,0.247284,0.113708,0.953440,0.000773096,-0.000154964,0.753178878,-0.657815290,1.0000,-1.290815830,-1.619362831,0.583456814,-2.167695761,-2.234312534,2.370608568,-0.340167791
2,9,travel,0.247238,0.113325,0.951391,0.000817192,-0.000157091,0.763799017,-0.645453615,1.0000,-1.291408062,-1.619329691,0.590282738,-2.171226263,-2.229907513,2.364016294,-0.373042792
2,10,travel,0.247176,0.113020,0.949325,0.000851514,-0.000156796,0.774228966,-0.632905015,1.0000,-1.292000294,-1.619296551,0.597108662,-2.174757004,-2.225502491,2.357423782,-0.405917794
2,11,travel,0.247103,0.112793,0.947241,0.000876338,-0.000154301,0.784465159,-0.620172253,1.0000,-1.292592525,-1.619263411,0.603934646,-2.178287506,-2.221097469,2.350831270,-0.438792795
2,12,travel,0.247020,0.112643,0.945141,0.000891801,-0.000149850,0.794504266,-0.607257897,1.0000,-1.293184876,-1.619230390,0.610760570,-2.181818008,-2.216692686,2.344238758,-0.471667796
2,13,travel,0.246931,0.112570,0.943023,0.000897851,-0.000143972,0.804342720,-0.594164928,1.0000,-1.293777108,-1.619197249,0.617586553,-2.185348749,-2.212287664,2.337646246,-0.504542768
2,14,travel,0.246839,0.112574,0.940889,0.000894793,-0.000136733,0.813977149,-0.580896188,1.0000,-1.294369340,-1.619164109,0.624412477,-2.188879251,-2.207882643,2.331053972,-0.537417769
2,15,travel,0.246746,0.112654,0.938738,0.000882671,-0.000128238,0.823404223,-0.567454570,1.0000,-1.294961572,-1.619130969,0.631238401,-2.192409754,-2.203477621,2.324461460,-0.570292771
2,16,travel,0.246655,0.112810,0.936571,0.000861694,-0.000118824,0.832620615,-0.553843078,1.0000,-1.295553803,-1.619097829,0.638064384,-2.195940256,-2.199072599,2.317868948,-0.603167772
2,17,travel,0.246569,0.113041,0.934387,0.000831914,-0.000108768,0.841623099,-0.540064677,1.0000,-1.296146154,-1.619064689,0.644890308,-2.199470997,-2.194667578,2.311276436,-0.636042774
2,18,travel,0.246491,0.113346,0.932188,0.000793644,-0.000098209,0.850408277,-0.526122725,1.0000,-1.296738386,-1.619031549,0.651716292,-2.203001499,-2.190262556,2.304684162,-0.668917775
2,19,travel,0.246424,0.113725,0.929972,0.000746914,-0.000087148,0.858973043,-0.512020259,1.0000,-1.297330618,-1.618998408,0.658542216,-2.206532001,-2.185857773,2.298091650,-0.701792777
2,20,travel,0.246370,0.114177,0.927741,0.000691778,-0.000075953,0.867314137,-0.497760690,1.0000,-1.297922850,-1.618965268,0.665368140,-2.210062504,-2.181452751,2.291499138,-0.734667778
2,21,travel,0.246333,0.114699,0.925494,0.000628458,-0.000064845,0.875428527,-0.483347178,1.0000,-1.298515201,-1.618932128,0.672194123,-2.213593245,-2.177047729,2.284906626,-0.767542779
2,22,travel,0.246314,0.115293,0.923233,0.000557096,-0.000053724,0.883312989,-0.468783372,1.0000,-1.299107432,-1.618899107,0.679020047,-2.217123747,-2.172642708,2.278314114,-0.800417781
2,23,travel,0.246317,0.115956,0.920956,0.000477886,-0.000043058,0.890964540,-0.454072635,1.0000,-1.299699664,-1.618865967,0.685846031,-2.220654249,-2.168237686,2.271721840,-0.833292782
2,24,travel,0.246343,0.116686,0.918664,0.000390777,-0.000032791,0.898380209,-0.439218449,1.0000,-1.300291896,-1.618832827,0.692671955,-2.224184990,-2.163832664,2.265129328,-0.866167784
2,25,travel,0.246397,0.117483,0.916357,0.000296024,-0.000022980,0.905557000,-0.424224507,1.0000,-1.300884247,-1.618799686,0.699497879,-2.227715492,-2.159427643,2.258536816,-0.899042785
2,26,travel,0.246480,0.118345,0.914037,0.000193834,-0.000013786,0.912492019,-0.409094461,1.0000,-1.301476479,-1.618766546,0.706323862,-2.231245995,-2.155022860,2.251944304,-0.931917787
2,27,travel,0.246595,0.119270,0.911702,0.000084174,-0.000005504,0.919182374,-0.393832143,1.0000,-1.302068710,-1.618733406,0.713149786,-2.234776497,-2.150617838,2.245352030,-0.964792788
2,28,travel,0.246217,0.117752,0.910487,-0.002127460,-0.003505879,0.921713647,-0.387849373,1.0000,-1.297998190,-1.614292860,0.716179132,-2.236307859,-2.142779827,2.242493629,-0.985580683
2,29,travel,0.244743,0.109650,0.912076,-0.009850019,-0.016245185,0.913460853,-0.406482892,1.0000,-1.281623125,-1.598221540,0.709189713,-2.232563496,-2.125882387,2.249489069,-0.974472642
2,30,travel,0.243710,0.101580,0.913383,-0.017542130,-0.028951180,0.904632560,-0.424845894,1.0000,-1.265248179,-1.582150340,0.702200353,-2.228818893,-2.108984947,2.256484509,-0.963364542
2,31,travel,0.243112,0.093564,0.914414,-0.025203452,-0.041618300,0.895238778,-0.442922378,1.0000,-1.248873115,-1.566079021,0.695210934,-2.225074530,-2.092087746,2.263479948,-0.952256441
2,32,travel,0.242944,0.085625,0.915174,-0.032833818,-0.054240519,0.885289904,-0.460696965,1.0000,-1.232498169,-1.550007820,0.688221514,-2.221329927,-2.075190306,2.270475149,-0.941148400
2,33,travel,0.243200,0.077786,0.915670,-0.040432746,-0.066812595,0.874796879,-0.478154463,1.0000,-1.216123104,-1.533936501,0.681232154,-2.217585564,-2.058292866,2.277470589,-0.930040300
2,34,travel,0.243870,0.070068,0.915910,-0.048000087,-0.079328509,0.863771132,-0.495280133,1.0000,-1.199748158,-1.517865300,0.674242735,-2.213840961,-2.041395426,2.284466028,-0.918932199
2,35,travel,0.244945,0.062490,0.915900,-0.055535552,-0.091782969,0.852224628,-0.512059443,1.0000,-1.183373213,-1.501793981,0.667253375,-2.210096598,-2.024498224,2.291461468,-0.907824159
2,36,travel,0.246417,0.055074,0.915648,-0.063039175,-0.104170440,0.840169497,-0.528478758,1.0000,-1.166998148,-1.485722661,0.660263956,-2.206352234,-2.007600784,2.298456907,-0.896716058
2,37,travel,0.248275,0.047838,0.915161,-0.070510676,-0.116485294,0.827618603,-0.544524443,1.0000,-1.150623202,-1.469651461,0.653274536,-2.202607632,-1.990703464,2.305452347,-0.885607958
2,38,travel,0.250506,0.040800,0.914448,-0.077950058,-0.128722559,0.814585061,-0.560183425,1.0000,-1.134248137,-1.453580141,0.646285176,-2.198863268,-1.973806024,2.312447786,-0.874499917
2,39,travel,0.253100,0.033977,0.913516,-0.085357231,-0.140876619,0.801082446,-0.575443165,1.0000,-1.117873192,-1.437508941,0.639295757,-2.195118666,-1.956908703,2.319443226,-0.863391817
2,40,travel,0.256043,0.027385,0.912374,-0.092732200,-0.152942644,0.787124671,-0.590291486,1.0000,-1.101498127,-1.421437621,0.632306397,-2.191374302,-1.940011382,2.326438665,-0.852283716
2,41,travel,0.259323,0.021038,0.911030,-0.100075051,-0.164915260,0.772726025,-0.604716820,1.0000,-1.085123181,-1.405366421,0.625316978,-2.187629700,-1.923113942,2.333434105,-0.841175675
2,42,travel,0.262926,0.014951,0.909493,-0.107385781,-0.176789723,0.757901151,-0.618707955,1.0000,-1.068748116,-1.389295101,0.618327558,-2.183885336,-1.906216621,2.340429544,-0.830067575
2,43,travel,0.266837,0.009137,0.907772,-0.114664532,-0.188560766,0.742665041,-0.632254316,1.0000,-1.052373171,-1.373223901,0.611338198,-2.180140734,-1.889319301,2.347424746,-0.818959475
2,44,travel,0.271042,0.003607,0.905874,-0.121911397,-0.200224059,0.727032885,-0.645345738,1.0000,-1.035998106,-1.357152581,0.604348779,-2.176396370,-1.872421861,2.354420185,-0.807851434
2,45,travel,0.275527,-0.001627,0.903810,-0.129126450,-0.211774445,0.711020312,-0.657972690,1.0000,-1.019623160,-1.341081381,0.597359419,-2.172651768,-1.855524540,2.361415625,-0.796743333
2,46,travel,0.280276,-0.006556,0.901587,-0.136310047,-0.223207625,0.694643119,-0.670126007,1.0000,-1.003248215,-1.325010061,0.590369999,-2.168907404,-1.838627100,2.368411064,-0.785635233
2,47,travel,0.285274,-0.011171,0.899215,-0.143462213,-0.234518750,0.677917378,-0.681797314,1.0000,-0.986873150,-1.308938861,0.583380580,-2.165162802,-1.821729779,2.375406504,-0.774527192
2,48,travel,0.290506,-0.015464,0.896703,-0.150583285,-0.245703686,0.660859447,-0.692978473,1.0000,-0.970498145,-1.292867541,0.576391220,-2.161418438,-1.804832458,2.382401943,-0.763419092
2,49,travel,0.295956,-0.019429,0.894059,-0.157673562,-0.256757916,0.643485790,-0.703662177,1.0000,-0.954123139,-1.276796341,0.569401801,-2.157674074,-1.787935019,2.389397383,-0.752310991
2,50,travel,0.301608,-0.023060,0.891292,-0.164733190,-0.267677212,0.625813169,-0.713841553,1.0000,-0.937748134,-1.260725021,0.562412441,-2.153929472,-1.771037698,2.396392822,-0.741202950
2,51,travel,0.307447,-0.026353,0.888411,-0.171762598,-0.278457513,0.607858482,-0.723510255,1.0000,-0.921373129,-1.244653821,0.555423021,-2.150185108,-1.754140377,2.403388262,-0.730094850
2,52,travel,0.313458,-0.029304,0.885424,-0.178762108,-0.289094766,0.589638690,-0.732662637,1.0000,-0.904998183,-1.228582501,0.548433602,-2.146440506,-1.737242937,2.410383701,-0.718986750
2,53,travel,0.319626,-0.031910,0.882340,-0.185731946,-0.299585114,0.571171114,-0.741293439,1.0000,-0.888623178,-1.212511301,0.541444242,-2.142696142,-1.720345616,2.417379141,-0.707878709
2,54,travel,0.325934,-0.034169,0.879166,-0.192672665,-0.309924610,0.552472930,-0.749398187,1.0000,-0.872248173,-1.196439981,0.534454823,-2.138951540,-1.703448296,2.424374342,-0.696770608
2,55,travel,0.332369,-0.036081,0.875912,-0.199584464,-0.320109823,0.533561516,-0.756972821,1.0000,-0.855873168,-1.180368781,0.527465463,-2.135207176,-1.686550856,2.431369781,-0.685662508
2,56,travel,0.338916,-0.037645,0.872585,-0.206467775,-0.330136996,0.514454374,-0.764013952,1.0000,-0.839498162,-1.164297462,0.520476043,-2.131462574,-1.669653535,2.438365221,-0.674554467
2,57,travel,0.345560,-0.038864,0.869192,-0.213323086,-0.340002772,0.495168973,-0.770518698,1.0000,-0.823123157,-1.148226261,0.513486624,-2.127718210,-1.652756095,2.445360661,-0.663446367
2,58,travel,0.352287,-0.039737,0.865742,-0.220150680,-0.349703730,0.475722888,-0.776484844,1.0000,-0.806748152,-1.132154942,0.506497264,-2.123973608,-1.635858774,2.452356100,-0.652338326
2,59,travel,0.359085,-0.040269,0.862242,-0.226951116,-0.359236703,0.456133671,-0.781910645,1.0000,-0.790373147,-1.116083741,0.499507844,-2.120229244,-1.618961453,2.459351540,-0.641230226
2,60,travel,0.365938,-0.040462,0.858698,-0.233724826,-0.368598640,0.436418790,-0.786795010,1.0000,-0.773998141,-1.100012422,0.492518455,-2.116484880,-1.602064013,2.466346979,-0.630122125
2,61,travel,0.372836,-0.040319,0.855118,-0.240472136,-0.377786338,0.416595835,-0.791137501,1.0000,-0.757623136,-1.083941221,0.485529065,-2.112740278,-1.585166693,2.473342419,-0.619014084
2,62,travel,0.379765,-0.039847,0.851508,-0.247193633,-0.386797209,0.396682250,-0.794937997,1.0000,-0.741248131,-1.067869902,0.478539675,-2.108995914,-1.568269372,2.480337858,-0.607905984
2,63,travel,0.386714,-0.039050,0.847874,-0.253889744,-0.395628251,0.376695358,-0.798197276,1.0000,-0.724873185,-1.051798701,0.471550286,-2.105251312,-1.551371932,2.487333298,-0.596797884
2,64,travel,0.393671,-0.037934,0.844222,-0.260560911,-0.404277102,0.356652605,-0.800916322,1.0000,-0.708498180,-1.035727382,0.464560866,-2.101506948,-1.534474611,2.494328737,-0.585689843
2,65,travel,0.400626,-0.036505,0.840558,-0.267207694,-0.412740950,0.336571056,-0.803097056,1.0000,-0.692123175,-1.019656181,0.457571477,-2.097762346,-1.517577171,2.501323938,-0.574581742
2,66,travel,0.407568,-0.034770,0.836886,-0.273830394,-0.421017783,0.316467865,-0.804741593,1.0000,-0.675748169,-1.003584862,0.450582087,-2.094017982,-1.500679851,2.508319378,-0.563473642
2,67,travel,0.414488,-0.032737,0.833213,-0.280429522,-0.429105069,0.296359912,-0.805852918,1.0000,-0.659373164,-0.987513602,0.443592697,-2.090273380,-1.483782530,2.515314817,-0.552365601
2,68,travel,0.421377,-0.030413,0.829543,-0.287005663,-0.437000867,0.276263954,-0.806434262,1.0000,-0.642998159,-0.971442342,0.436603308,-2.086529016,-1.466885090,2.522310257,-0.541257501
2,69,travel,0.428226,-0.027806,0.825879,-0.293559162,-0.444702985,0.256196598,-0.806489663,1.0000,-0.626623154,-0.955371082,0.429613888,-2.082784414,-1.449987769,2.529305696,-0.530149400
2,70,travel,0.435028,-0.024925,0.822226,-0.300090523,-0.452209744,0.236174295,-0.806023404,1.0000,-0.610248148,-0.939299822,0.422624499,-2.079040051,-1.433090448,2.536301136,-0.519041359
2,71,travel,0.441774,-0.021778,0.818588,-0.306600257,-0.459519293,0.216213071,-0.805040502,1.0000,-0.593873143,-0.923228562,0.415635109,-2.075295687,-1.416193008,2.543296576,-0.507933259
2,72,travel,0.448459,-0.018374,0.814967,-0.313088695,-0.466629915,0.196328936,-0.803546477,1.0000,-0.577498138,-0.907157302,0.408645719,-2.071551085,-1.399295688,2.550292015,-0.496825188
2,73,travel,0.455076,-0.014723,0.811367,-0.319556415,-0.473540279,0.176537548,-0.801547126,1.0000,-0.561123133,-0.891086042,0.401656330,-2.067806721,-1.382398248,2.557287455,-0.485717088
2,74,travel,0.461619,-0.010833,0.807790,-0.326003742,-0.480248821,0.156854362,-0.799049022,1.0000,-0.544748187,-0.875014782,0.394666910,-2.064062119,-1.365500927,2.564282894,-0.474609017
2,75,travel,0.468084,-0.006714,0.804238,-0.332431136,-0.486754485,0.137294493,-0.796058938,1.0000,-0.528373182,-0.858943522,0.387677521,-2.060317755,-1.348603606,2.571278334,-0.463500947
2,76,travel,0.474465,-0.002375,0.800713,-0.338839115,-0.493055920,0.117872707,-0.792584342,1.0000,-0.511998177,-0.842872262,0.380688131,-2.056573153,-1.331706166,2.578273535,-0.452392846
2,77,travel,0.480760,0.002174,0.797216,-0.345227873,-0.499152370,0.098603594,-0.788632968,1.0000,-0.495623171,-0.826801002,0.373698741,-2.052828789,-1.314808846,2.585268974,-0.441284776
2,78,travel,0.486963,0.006924,0.793749,-0.351597870,-0.505042750,0.079501246,-0.784213179,1.0000,-0.479248166,-0.810729742,0.366709352,-2.049084187,-1.297911525,2.592264414,-0.430176705
2,79,travel,0.493073,0.011865,0.790312,-0.357949587,-0.510726452,0.060579551,-0.779333499,1.0000,-0.462873161,-0.794658482,0.359719932,-2.045339823,-1.281014085,2.599259853,-0.419068605
2,80,travel,0.499088,0.016989,0.786905,-0.364283212,-0.516202700,0.041851998,-0.774003181,1.0000,-0.446498156,-0.778587222,0.352730542,-2.041595221,-1.264116764,2.606255293,-0.407960534
2,81,travel,0.505004,0.022286,0.783529,-0.370599193,-0.521471130,0.023331749,-0.768231559,1.0000,-0.430123150,-0.762515962,0.345741153,-2.037850857,-1.247219443,2.613250732,-0.396852463
2,82,travel,0.510820,0.027746,0.780183,-0.376897838,-0.526531192,0.005031373,-0.762028614,1.0000,-0.413748145,-0.746444702,0.338751763,-2.034106255,-1.230322003,2.620246172,-0.385744363
2,83,travel,0.516535,0.033362,0.776866,-0.383179424,-0.531382773,-0.013036563,-0.755404478,1.0000,-0.397373170,-0.730373442,0.331762373,-2.030361891,-1.213424683,2.627241611,-0.374636292
2,84,travel,0.522149,0.039125,0.773578,-0.389444280,-0.536025643,-0.030860304,-0.748369764,1.0000,-0.380998164,-0.714302182,0.324772954,-2.026617527,-1.196527243,2.634237051,-0.363528222
2,85,travel,0.527661,0.045025,0.770317,-0.395692546,-0.540459706,-0.048428297,-0.740935500,1.0000,-0.364623159,-0.698230922,0.317783564,-2.022872925,-1.179629922,2.641232491,-0.352420151
2,86,travel,0.533071,0.051054,0.767082,-0.401924657,-0.544685157,-0.065729318,-0.733112751,1.0000,-0.348248154,-0.682159662,0.310794175,-2.019128561,-1.162732601,2.648227692,-0.341312051
2,87,travel,0.538379,0.057206,0.763871,-0.408140623,-0.548702121,-0.082753007,-0.724913205,1.0000,-0.331873149,-0.666088402,0.303804785,-2.015383959,-1.145835161,2.655223131,-0.330203980
2,88,travel,0.543585,0.063471,0.760681,-0.414340713,-0.552511033,-0.099488893,-0.716348583,1.0000,-0.315498143,-0.650017142,0.296815395,-2.011639595,-1.128937840,2.662218571,-0.319095910
2,89,travel,0.548691,0.069842,0.757511,-0.420525097,-0.556112157,-0.115927382,-0.707431095,1.0000,-0.299123168,-0.633945882,0.289825976,-2.007894993,-1.112040520,2.669214010,-0.307987809
2,90,travel,0.553696,0.076313,0.754358,-0.426693953,-0.559506225,-0.132059112,-0.698172934,1.0000,-0.282748163,-0.617874622,0.282836586,-2.004150629,-1.095143080,2.676209450,-0.296879739
2,91,travel,0.558604,0.082875,0.751218,-0.432847293,-0.562693738,-0.147875297,-0.688586868,1.0000,-0.266373158,-0.601803362,0.275847197,-2.000406027,-1.078245759,2.683204889,-0.285771668
2,92,travel,0.563414,0.089524,0.748089,-0.438985345,-0.565675596,-0.163367561,-0.678685515,1.0000,-0.249998152,-0.585732102,0.268857807,-1.996661663,-1.061348319,2.690200329,-0.274663568
2,93,travel,0.568128,0.096251,0.744967,-0.445108038,-0.568452591,-0.178528025,-0.668482035,1.0000,-0.233623162,-0.569660842,0.261868417,-1.992917180,-1.044450998,2.697195768,-0.263555497
2,94,travel,0.572749,0.103052,0.741849,-0.451215466,-0.571025733,-0.193349336,-0.657989551,1.0000,-0.217248157,-0.553589582,0.254878998,-1.989172697,-1.027553678,2.704191208,-0.252447426
2,95,travel,0.577276,0.109920,0.738731,-0.457307646,-0.573396122,-0.207824651,-0.647221383,1.0000,-0.200873151,-0.537518322,0.247889623,-1.985428214,-1.010656238,2.711186647,-0.241339341
2,96,travel,0.581714,0.116851,0.735609,-0.463384509,-0.575564952,-0.221947480,-0.636191086,1.0000,-0.184498161,-0.521447062,0.240900218,-1.981683731,-0.993758917,2.718182087,-0.230231255
2,97,travel,0.586062,0.123839,0.732479,-0.469446099,-0.577533517,-0.235711904,-0.624912230,1.0000,-0.168123156,-0.505375803,0.233910829,-1.977939248,-0.976861537,2.725177288,-0.219123185
2,98,travel,0.590323,0.130879,0.729337,-0.475492163,-0.579303241,-0.249112660,-0.613398598,1.0000,-0.151748165,-0.489304543,0.226921424,-1.974194765,-0.959964216,2.732172728,-0.208015099
2,99,travel,0.593409,0.138255,0.726691,-0.480300320,-0.580772232,-0.261044463,-0.603217213,1.0000,-0.135373160,-0.476304710,0.220977977,-1.971563697,-0.946867824,2.737641573,-0.196363688
2,100,travel,0.587787,0.147805,0.728088,-0.475460060,-0.581256845,-0.264189935,-0.605212269,1.0000,-0.118998155,-0.487510592,0.223277435,-1.977706909,-0.963726580,2.731080055,-0.180430353
2,101,travel,0.582016,0.157162,0.729513,-0.470605936,-0.581593178,-0.267427313,-0.607257820,1.0000,-0.102623157,-0.498716444,0.225576907,-1.983850241,-0.980585337,2.724518299,-0.164497033
2,102,travel,0.576102,0.166326,0.730967,-0.465738479,-0.581780758,-0.270760192,-0.609350258,1.0000,-0.086248159,-0.509922326,0.227876365,-1.989993453,-0.997444093,2.717956543,-0.148563698
2,103,travel,0.570048,0.175297,0.732452,-0.460858249,-0.581819313,-0.274191892,-0.611485705,1.0000,-0.069873162,-0.521128178,0.230175838,-1.996136665,-1.014302850,2.711395025,-0.132630363
2,104,travel,0.563859,0.184074,0.733969,-0.455966017,-0.581708526,-0.277725326,-0.613660187,1.0000,-0.053498160,-0.532334030,0.232475311,-2.002279997,-1.031161666,2.704833269,-0.116697036
2,105,travel,0.557539,0.192656,0.735521,-0.451062329,-0.581448001,-0.281363746,-0.615869662,1.0000,-0.037123159,-0.543539941,0.234774768,-2.008423090,-1.048020363,2.698271513,-0.100763708
2,106,travel,0.551091,0.201045,0.737107,-0.446147711,-0.581037726,-0.285109848,-0.618109824,1.0000,-0.020748159,-0.554745793,0.237074241,-2.014566422,-1.064879179,2.691709995,-0.084830381
2,107,travel,0.544520,0.209239,0.738729,-0.441222970,-0.580477358,-0.288966292,-0.620376345,1.0000,-0.004373158,-0.565951645,0.239373699,-2.020709753,-1.081737876,2.685148239,-0.068897046
2,108,travel,0.537829,0.217239,0.740389,-0.436288510,-0.579766717,-0.292935702,-0.622664890,1.0000,0.012001841,-0.577157497,0.241673172,-2.026852846,-1.098596692,2.678586483,-0.052963719
2,109,travel,0.531022,0.225044,0.742087,-0.431345054,-0.578905797,-0.297020366,-0.624970740,1.0000,0.028376842,-0.588363409,0.243972629,-2.032996178,-1.115455389,2.672024727,-0.037030391
2,110,travel,0.524102,0.232656,0.743824,-0.426393012,-0.577894538,-0.301222553,-0.627289308,1.0000,0.044751842,-0.599569261,0.246272102,-2.039139509,-1.132314205,2.665463209,-0.021097060
2,111,travel,0.517072,0.240074,0.745601,-0.421433127,-0.576732761,-0.305544231,-0.629615887,1.0000,0.061126843,-0.610775113,0.248571575,-2.045282602,-1.149173021,2.658901453,-0.005163730
2,112,travel,0.509935,0.247299,0.747419,-0.416465983,-0.575420645,-0.309987208,-0.631945486,1.0000,0.077501841,-0.621980965,0.250871032,-2.051425934,-1.166031718,2.652339697,0.010769600
2,113,travel,0.502695,0.254330,0.749278,-0.411491959,-0.573958211,-0.314553250,-0.634273279,1.0000,0.093876839,-0.633186817,0.253170490,-2.057569265,-1.182890534,2.645778179,0.026702929
2,114,travel,0.495354,0.261169,0.751180,-0.406511797,-0.572345407,-0.319243834,-0.636594273,1.0000,0.110251844,-0.644392729,0.255469978,-2.063712358,-1.199749231,2.639216423,0.042636260
2,115,travel,0.487916,0.267814,0.753124,-0.401525982,-0.570582577,-0.324060086,-0.638903333,1.0000,0.126626834,-0.655598581,0.257769436,-2.069855690,-1.216608047,2.632654667,0.058569591
2,116,travel,0.480382,0.274268,0.755111,-0.396535076,-0.568669817,-0.329003281,-0.641195301,1.0000,0.143001840,-0.666804433,0.260068893,-2.075999022,-1.233466744,2.626092911,0.074502923
2,117,travel,0.472755,0.280529,0.757141,-0.391539424,-0.566607316,-0.334074436,-0.643465073,1.0000,0.159376845,-0.678010285,0.262368381,-2.082142115,-1.250325561,2.619531393,0.090436250
2,118,travel,0.465037,0.286599,0.759215,-0.386539851,-0.564395388,-0.339274026,-0.645707307,1.0000,0.175751835,-0.689216197,0.264667839,-2.088285446,-1.267184258,2.612969637,0.106369577
2,119,travel,0.457232,0.292477,0.761332,-0.381536686,-0.562034350,-0.344602673,-0.647916772,1.0000,0.192126840,-0.700422049,0.266967297,-2.094428778,-1.284043074,2.606407881,0.122302912
2,120,travel,0.449340,0.298164,0.763494,-0.376530368,-0.559524493,-0.350060907,-0.650088137,1.0000,0.208501846,-0.711627901,0.269266754,-2.100571871,-1.300901890,2.599846363,0.138236240
2,121,travel,0.441365,0.303660,0.765698,-0.371521624,-0.556866297,-0.355648581,-0.652215989,1.0000,0.224876836,-0.722833753,0.271566242,-2.106715202,-1.317760587,2.593284607,0.154169574
2,122,travel,0.433307,0.308966,0.767946,-0.366510771,-0.554060131,-0.361365756,-0.654295053,1.0000,0.241251841,-0.734039664,0.273865700,-2.112858534,-1.334619403,2.586722851,0.170102894
2,123,travel,0.425170,0.314080,0.770237,-0.361498362,-0.551106438,-0.367212279,-0.656319869,1.0000,0.257626832,-0.745245516,0.276165158,-2.119001627,-1.351478100,2.580161095,0.186036229
2,124,travel,0.416954,0.319005,0.772571,-0.356484711,-0.548005928,-0.373187573,-0.658285036,1.0000,0.274001837,-0.756451368,0.278464645,-2.125144958,-1.368336916,2.573599577,0.201969564
2,125,travel,0.408662,0.323739,0.774946,-0.351470524,-0.544759002,-0.379290953,-0.660185181,1.0000,0.290376842,-0.767657220,0.280764103,-2.131288290,-1.385195613,2.567037821,0.217902884
2,126,travel,0.400295,0.328282,0.777363,-0.346456068,-0.541366200,-0.385521690,-0.662014997,1.0000,0.306751847,-0.778863132,0.283063561,-2.137431383,-1.402054429,2.560476065,0.233836219
2,127,travel,0.391855,0.332635,0.779821,-0.341441814,-0.537828436,-0.391878644,-0.663768928,1.0000,0.323126853,-0.790068984,0.285363019,-2.143574715,-1.418913126,2.553914547,0.249769554
2,128,travel,0.383344,0.336797,0.782318,-0.336428246,-0.534146207,-0.398360455,-0.665441818,1.0000,0.339501828,-0.801274836,0.287662506,-2.149718046,-1.435771942,2.547352791,0.265702873
2,129,travel,0.374763,0.340768,0.784855,-0.331415748,-0.530320211,-0.404965861,-0.667028281,1.0000,0.355876833,-0.812480688,0.289961964,-2.155861139,-1.452630758,2.540791035,0.281636208
2,130,travel,0.366113,0.344548,0.787429,-0.326404780,-0.526351381,-0.411693065,-0.668522971,1.0000,0.372251838,-0.823686600,0.292261422,-2.162004471,-1.469489455,2.534229279,0.297569543
2,131,travel,0.357396,0.348136,0.790039,-0.321395564,-0.522240544,-0.418540285,-0.669920694,1.0000,0.388626844,-0.834892452,0.294560909,-2.168147802,-1.486348271,2.527667761,0.313502878
2,132,travel,0.348614,0.351533,0.792685,-0.316388740,-0.517988368,-0.425505477,-0.671216287,1.0000,0.405001849,-0.846098304,0.296860367,-2.174290895,-1.503206968,2.521106005,0.329436213
2,133,travel,0.339769,0.354737,0.795365,-0.311384527,-0.513595971,-0.432586244,-0.672404637,1.0000,0.421376854,-0.857304156,0.299159825,-2.180434227,-1.520065784,2.514544249,0.345369518
2,134,travel,0.330860,0.357748,0.798076,-0.306383285,-0.509064256,-0.439780358,-0.673480588,1.0000,0.437751830,-0.868510067,0.301459312,-2.186577559,-1.536924481,2.507982731,0.361302853
2,135,travel,0.321891,0.360566,0.800819,-0.301385456,-0.504394063,-0.447085088,-0.674439293,1.0000,0.454126835,-0.879715919,0.303758770,-2.192720652,-1.553783298,2.501420975,0.377236187
2,136,travel,0.312863,0.363189,0.803590,-0.296391352,-0.499586632,-0.454497541,-0.675275758,1.0000,0.470501840,-0.890921772,0.306058228,-2.198863983,-1.570642114,2.494859219,0.393169522
2,137,travel,0.303777,0.365617,0.806388,-0.291401258,-0.494643023,-0.462014871,-0.675985093,1.0000,0.486876845,-0.902127624,0.308357686,-2.205007315,-1.587500811,2.488297701,0.409102857
2,138,travel,0.294635,0.367850,0.809212,-0.286415556,-0.489564116,-0.469633845,-0.676562752,1.0000,0.503251851,-0.913333535,0.310657173,-2.211150408,-1.604359627,2.481735945,0.425036192
2,139,travel,0.285439,0.369885,0.812058,-0.281434598,-0.484351367,-0.477350988,-0.677003955,1.0000,0.519626856,-0.924539387,0.312956631,-2.217293739,-1.621218324,2.475174189,0.440969497
2,140,travel,0.276190,0.371723,0.814925,-0.276458594,-0.479005838,-0.485162844,-0.677304265,1.0000,0.536001861,-0.935745239,0.315256089,-2.223437071,-1.638077140,2.468612432,0.456902832
2,141,travel,0.266889,0.373362,0.817811,-0.271487811,-0.473528775,-0.493065863,-0.677459167,1.0000,0.552376866,-0.946951091,0.317555577,-2.229580164,-1.654935837,2.462050915,0.472836167
2,142,travel,0.257540,0.374802,0.820712,-0.266522658,-0.467921480,-0.501055847,-0.677464537,1.0000,0.568751812,-0.958156943,0.319855034,-2.235723495,-1.671794653,2.455489159,0.488769501
2,143,travel,0.248144,0.376040,0.823628,-0.261563348,-0.462185271,-0.509128971,-0.677316086,1.0000,0.585126817,-0.969362855,0.322154492,-2.241866827,-1.688653350,2.448927402,0.504702806
2,144,travel,0.238703,0.377076,0.826554,-0.256610005,-0.456321493,-0.517281096,-0.677009799,1.0000,0.601501822,-0.980568707,0.324453950,-2.248009920,-1.705512166,2.442365885,0.520636141
2,145,travel,0.229219,0.377909,0.829489,-0.251663056,-0.450331598,-0.525507646,-0.676541848,1.0000,0.617876828,-0.991774559,0.326753438,-2.254153252,-1.722370982,2.435804129,0.536569476
2,146,travel,0.219694,0.378538,0.832430,-0.246722722,-0.444216987,-0.533804268,-0.675908404,1.0000,0.634251833,-1.002980471,0.329052895,-2.260296583,-1.739229679,2.429242373,0.552502811
2,147,travel,0.210131,0.378961,0.835374,-0.241789131,-0.437979101,-0.542166322,-0.675105920,1.0000,0.650626838,-1.014186263,0.331352353,-2.266439676,-1.756088495,2.422680616,0.568436146
2,148,travel,0.200531,0.379176,0.838317,-0.236862476,-0.431619637,-0.550588993,-0.674130860,1.0000,0.667001843,-1.025392175,0.333651841,-2.272583008,-1.772947192,2.416119099,0.584369481
2,149,travel,0.190899,0.379184,0.841257,-0.231943070,-0.425139859,-0.559067377,-0.672980075,1.0000,0.683376849,-1.036598086,0.335951298,-2.278726101,-1.789806008,2.409557343,0.600302815
2,150,travel,0.181236,0.378982,0.844191,-0.227031082,-0.418541697,-0.567596317,-0.671650323,1.0000,0.699751854,-1.047803879,0.338250756,-2.284869432,-1.806664705,2.402995586,0.616236150
2,151,travel,0.171545,0.378569,0.847116,-0.222126528,-0.411826628,-0.576170778,-0.670138694,1.0000,0.716126859,-1.059009790,0.340550214,-2.291012764,-1.823523521,2.396434069,0.632169485
2,152,travel,0.161830,0.377944,0.850028,-0.217229805,-0.404996235,-0.584785459,-0.668442390,1.0000,0.732501864,-1.070215583,0.342849702,-2.297155857,-1.840382218,2.389872313,0.648102820
2,153,travel,0.152093,0.377106,0.852925,-0.212340926,-0.398052336,-0.593434867,-0.666558871,1.0000,0.748876870,-1.081421494,0.345149159,-2.303299189,-1.857241035,2.383310556,0.664036155
2,154,travel,0.142338,0.376053,0.855802,-0.207460061,-0.390996656,-0.602113527,-0.664485694,1.0000,0.765251815,-1.092627406,0.347448617,-2.309442520,-1.874099851,2.376748800,0.679969430
2,155,travel,0.132567,0.374785,0.858656,-0.202587294,-0.383831029,-0.610816016,-0.662220450,1.0000,0.781626821,-1.103833199,0.349748105,-2.315585613,-1.890958548,2.370187283,0.695902765
2,156,travel,0.122786,0.373300,0.861485,-0.197722840,-0.376557167,-0.619536417,-0.659761325,1.0000,0.798001826,-1.115039110,0.352047563,-2.321728945,-1.907817364,2.363625526,0.711836100
2,157,travel,0.112996,0.371597,0.864284,-0.192866800,-0.369176993,-0.628269066,-0.657106328,1.0000,0.814376831,-1.126245022,0.354347020,-2.327872276,-1.924676061,2.357063770,0.727769434
2,158,travel,0.103203,0.369676,0.867050,-0.188019099,-0.361692389,-0.637008161,-0.654253802,1.0000,0.830751836,-1.137450814,0.356646508,-2.334015369,-1.941534877,2.350502253,0.743702769
2,159,travel,0.093409,0.367536,0.869779,-0.183180082,-0.354105244,-0.645747658,-0.651202346,1.0000,0.847126842,-1.148656726,0.358945966,-2.340158701,-1.958393574,2.343940496,0.759636104
2,160,travel,0.083620,0.365175,0.872468,-0.178349648,-0.346417560,-0.654481604,-0.647950698,1.0000,0.863501847,-1.159862518,0.361245424,-2.346302032,-1.975252390,2.337378740,0.775569439
2,161,travel,0.073840,0.362593,0.875113,-0.173527918,-0.338631138,-0.663204084,-0.644497755,1.0000,0.879876852,-1.171068430,0.363544881,-2.352445126,-1.992111206,2.330816984,0.791502774
2,162,travel,0.064072,0.359790,0.877710,-0.168714829,-0.330748318,-0.671908875,-0.640842665,1.0000,0.896251857,-1.182274342,0.365844369,-2.358588457,-2.008970022,2.324255466,0.807436109
2,163,travel,0.054322,0.356765,0.880256,-0.163910695,-0.322770999,-0.680589872,-0.636984767,1.0000,0.912626863,-1.193480134,0.368143827,-2.364731789,-2.025828600,2.317693710,0.823369443
2,164,travel,0.044594,0.353518,0.882746,-0.159115307,-0.314701044,-0.689240998,-0.632923707,1.0000,0.929001868,-1.204686046,0.370443285,-2.370874882,-2.042687416,2.311131954,0.839302778
2,165,travel,0.034894,0.350049,0.885178,-0.154328657,-0.306540928,-0.697855935,-0.628659223,1.0000,0.945376813,-1.215891957,0.372742772,-2.377018213,-2.059546232,2.304570436,0.855236113
2,166,travel,0.025225,0.346357,0.887548,-0.149550916,-0.298292607,-0.706428502,-0.624191329,1.0000,0.961751819,-1.227097750,0.375042230,-2.383161545,-2.076405048,2.298008680,0.871169388
2,167,travel,0.015593,0.342444,0.889852,-0.144782128,-0.289958154,-0.714952642,-0.619520076,1.0000,0.978126824,-1.238303661,0.377341688,-2.389304638,-2.093263626,2.291446924,0.887102723
2,168,travel,0.006004,0.338308,0.892085,-0.140021983,-0.281540066,-0.723421918,-0.614646048,1.0000,0.994501829,-1.249509454,0.379641145,-2.395447969,-2.110122442,2.284885406,0.903036058
2,169,travel,-0.003537,0.333952,0.894245,-0.135270703,-0.273040243,-0.731830229,-0.609569831,1.0000,1.010876894,-1.260715365,0.381940633,-2.401591301,-2.126981258,2.278323650,0.918969393
2,170,travel,-0.013026,0.329375,0.896328,-0.130528240,-0.264460969,-0.740171361,-0.604292256,1.0000,1.027251840,-1.271921277,0.384240091,-2.407734394,-2.143840075,2.271761894,0.934902728
2,171,travel,-0.022455,0.324579,0.898330,-0.125794479,-0.255804781,-0.748439030,-0.598814397,1.0000,1.043626785,-1.283127069,0.386539549,-2.413877726,-2.160698891,2.265200138,0.950836062
2,172,travel,-0.031821,0.319564,0.900247,-0.121069378,-0.247073913,-0.756627236,-0.593137348,1.0000,1.060001850,-1.294332981,0.388839036,-2.420021057,-2.177557468,2.258638620,0.966769397
2,173,travel,-0.041116,0.314332,0.902077,-0.116352916,-0.238270430,-0.764729738,-0.587262827,1.0000,1.076376796,-1.305538774,0.391138494,-2.426164150,-2.194416285,2.252076864,0.982702732
2,174,travel,-0.050336,0.308885,0.903815,-0.111644968,-0.229396914,-0.772740477,-0.581192406,1.0000,1.092751861,-1.316744685,0.393437952,-2.432307482,-2.211275101,2.245515108,0.998636067
2,175,travel,-0.059474,0.303224,0.905458,-0.106945411,-0.220455775,-0.780653393,-0.574928005,1.0000,1.109126806,-1.327950597,0.395737410,-2.438450813,-2.228133917,2.238953590,1.014569402
2,176,travel,-0.068525,0.297352,0.907003,-0.102254352,-0.211449261,-0.788462605,-0.568471615,1.0000,1.125501871,-1.339156389,0.398036897,-2.444593906,-2.244992495,2.232391834,1.030502677
2,177,travel,-0.077482,0.291270,0.908446,-0.097571498,-0.202379845,-0.796162071,-0.561825736,1.0000,1.141876817,-1.350362301,0.400336355,-2.450737238,-2.261851311,2.225830078,1.046436071
2,178,travel,-0.086340,0.284981,0.909784,-0.092896769,-0.193250001,-0.803746008,-0.554992776,1.0000,1.158251882,-1.361568213,0.402635813,-2.456880569,-2.278710127,2.219268322,1.062369347
2,179,travel,-0.095093,0.278488,0.911014,-0.088230015,-0.184062216,-0.811208695,-0.547975381,1.0000,1.174626827,-1.372774005,0.404935300,-2.463023663,-2.295568943,2.212706804,1.078302741
2,180,travel,-0.103734,0.271793,0.912133,-0.083571219,-0.174818902,-0.818544371,-0.540776586,1.0000,1.191001892,-1.383979917,0.407234758,-2.469166994,-2.312427759,2.206145048,1.094236016
2,181,travel,-0.112258,0.264901,0.913137,-0.078920281,-0.165522698,-0.825747504,-0.533399368,1.0000,1.207376838,-1.395185709,0.409534216,-2.475310326,-2.329286337,2.199583292,1.110169411
2,182,travel,-0.120658,0.257815,0.914024,-0.074276828,-0.156175910,-0.832812607,-0.525847125,1.0000,1.223751783,-1.406391621,0.411833674,-2.481453419,-2.346145153,2.193021774,1.126102686
2,183,travel,-0.128930,0.250537,0.914790,-0.069640877,-0.146781193,-0.839734316,-0.518123256,1.0000,1.240126848,-1.417597532,0.414133161,-2.487596750,-2.363003969,2.186460018,1.142036080
2,184,travel,-0.137066,0.243073,0.915434,-0.065012229,-0.137341155,-0.846507279,-0.510231559,1.0000,1.256501794,-1.428803325,0.416432619,-2.493740082,-2.379862785,2.179898262,1.157969356
2,185,travel,-0.145061,0.235427,0.915952,-0.060390832,-0.127858207,-0.853126526,-0.502175624,1.0000,1.272876859,-1.440009236,0.418732077,-2.499883175,-2.396721363,2.173336506,1.173902631
2,186,travel,-0.152909,0.227602,0.916342,-0.055776210,-0.118335161,-0.859586882,-0.493959711,1.0000,1.289251804,-1.451215148,0.421031564,-2.506026506,-2.413580179,2.166774988,1.189836025
2,187,travel,-0.160604,0.219605,0.916602,-0.051168417,-0.108774460,-0.865883516,-0.485587939,1.0000,1.305626869,-1.462420940,0.423331022,-2.512169838,-2.430438995,2.160213232,1.205769300
2,188,travel,-0.168142,0.211439,0.916728,-0.046567258,-0.099178576,-0.872011736,-0.477064600,1.0000,1.322001815,-1.473626852,0.425630480,-2.518312931,-2.447297812,2.153651476,1.221702695
2,189,travel,-0.175516,0.203111,0.916719,-0.041972341,-0.089550552,-0.877966860,-0.468394292,1.0000,1.338376880,-1.484832644,0.427929968,-2.524456263,-2.464156628,2.147089958,1.237635970
2,190,travel,-0.182720,0.194625,0.916574,-0.037383796,-0.079892670,-0.883744509,-0.459581609,1.0000,1.354751825,-1.496038556,0.430229425,-2.530599594,-2.481015205,2.140528202,1.253569365
2,191,travel,-0.189750,0.185988,0.916289,-0.032801145,-0.070207519,-0.889340376,-0.450631429,1.0000,1.371126890,-1.507244468,0.432528883,-2.536742687,-2.497874022,2.133966446,1.269502640
2,192,travel,-0.196601,0.177205,0.915863,-0.028224202,-0.060498061,-0.894750286,-0.441548757,1.0000,1.387501836,-1.518450260,0.434828341,-2.542886019,-2.514732838,2.127404690,1.285436034
2,193,travel,-0.203267,0.168283,0.915295,-0.023652707,-0.050766843,-0.899970292,-0.432338700,1.0000,1.403876781,-1.529656172,0.437127829,-2.549029350,-2.531591654,2.120843172,1.301369309
2,194,travel,-0.209744,0.159227,0.914582,-0.019086698,-0.041016360,-0.904996723,-0.423006250,1.0000,1.420251846,-1.540862083,0.439427286,-2.555172443,-2.548450232,2.114281416,1.317302704
2,195,travel,-0.216026,0.150046,0.913724,-0.014525607,-0.031249530,-0.909825767,-0.413557188,1.0000,1.436626792,-1.552067876,0.441726744,-2.561315775,-2.565309048,2.107719660,1.333235979
2,196,travel,-0.222110,0.140745,0.912720,-0.009969292,-0.021468870,-0.914454166,-0.403996633,1.0000,1.453001857,-1.563273787,0.444026232,-2.567458868,-2.582167864,2.101158142,1.349169374
2,197,travel,-0.227992,0.131332,0.911567,-0.005417572,-0.011677199,-0.918878526,-0.394330506,1.0000,1.469376802,-1.574479580,0.446325690,-2.573602200,-2.599026680,2.094596386,1.365102649
2,198,travel,-0.233666,0.121814,0.910266,-0.000870178,-0.001877088,-0.923095887,-0.384564301,1.0000,1.485751867,-1.585685492,0.448625147,-2.579745531,-2.615885496,2.088034630,1.381035924
2,199,travel,-0.234371,0.120157,0.912890,-0.000232484,-0.000186654,-0.921807895,-0.387646896,1.0000,1.475647330,-1.587635875,0.446914196,-2.570707083,-2.617952824,2.096076250,1.381529212
2,200,travel,-0.233965,0.120343,0.916432,-0.000493289,-0.000391343,-0.919207129,-0.393773867,1.0000,1.459272385,-1.587394476,0.444253594,-2.558073759,-2.616517544,2.107575893,1.378365993
2,201,travel,-0.233602,0.120497,0.919938,-0.000723923,-0.000567546,-0.916563603,-0.399887878,1.0000,1.442897320,-1.587153077,0.441592962,-2.545440435,-2.615082502,2.119075775,1.375202894
2,202,travel,-0.233284,0.120619,0.923407,-0.000924175,-0.000715578,-0.913877258,-0.405988905,1.0000,1.426522374,-1.586911678,0.438932329,-2.532806873,-2.613647223,2.130575418,1.372039795
2,203,travel,-0.233013,0.120710,0.926837,-0.001093305,-0.000836277,-0.911147808,-0.412077392,1.0000,1.410147309,-1.586670160,0.436271697,-2.520173550,-2.612211943,2.142075062,1.368876696
2,204,travel,-0.232789,0.120774,0.930230,-0.001230897,-0.000929857,-0.908375132,-0.418153370,1.0000,1.393772364,-1.586428761,0.433611065,-2.507539988,-2.610776663,2.153574705,1.365713477
2,205,travel,-0.232615,0.120811,0.933584,-0.001336242,-0.000997186,-0.905558953,-0.424217164,1.0000,1.377397299,-1.586187363,0.430950433,-2.494906664,-2.609341621,2.165074587,1.362550378
2,206,travel,-0.232491,0.120824,0.936897,-0.001409181,-0.001038624,-0.902699155,-0.430268719,1.0000,1.361022353,-1.585945964,0.428289801,-2.482273340,-2.607906342,2.176574230,1.359387279
2,207,travel,-0.232420,0.120814,0.940171,-0.001449123,-0.001054687,-0.899795469,-0.436308265,1.0000,1.344647408,-1.585704565,0.425629169,-2.469639778,-2.606471062,2.188073874,1.356224179
2,208,travel,-0.232402,0.120784,0.943403,-0.001455482,-0.001046123,-0.896847515,-0.442336210,1.0000,1.328272343,-1.585463166,0.422968537,-2.457006454,-2.605036020,2.199573517,1.353060961
2,209,travel,-0.232439,0.120735,0.946593,-0.001427965,-0.001013518,-0.893855232,-0.448352269,1.0000,1.311897397,-1.585221767,0.420307904,-2.444372892,-2.603600740,2.211073399,1.349897861
2,210,travel,-0.232532,0.120671,0.949741,-0.001366137,-0.000957438,-0.890818184,-0.454356887,1.0000,1.295522332,-1.584980369,0.417647272,-2.431739569,-2.602165461,2.222573042,1.346734762
2,211,travel,-0.232682,0.120593,0.952846,-0.001269544,-0.000878494,-0.887736144,-0.460350035,1.0000,1.279147387,-1.584738970,0.414986640,-2.419106245,-2.600730181,2.234072685,1.343571663
2,212,travel,-0.232890,0.120502,0.955907,-0.001137721,-0.000777161,-0.884608703,-0.466332010,1.0000,1.262772322,-1.584497571,0.412326008,-2.406472683,-2.599295139,2.245572329,1.340408444
2,213,travel,-0.233157,0.120403,0.958923,-0.000970340,-0.000654488,-0.881435663,-0.472302658,1.0000,1.246397376,-1.584256172,0.409665376,-2.393839359,-2.597859859,2.257072210,1.337245345
2,214,travel,-0.233483,0.120296,0.961894,-0.000767102,-0.000510655,-0.878216606,-0.478262212,1.0000,1.230022311,-1.584014773,0.407004744,-2.381205797,-2.596424580,2.268571854,1.334082246
2,215,travel,-0.233871,0.120185,0.964820,-0.000527552,-0.000346637,-0.874951182,-0.484210729,1.0000,1.213647366,-1.583773375,0.404344112,-2.368572474,-2.594989300,2.280071497,1.330919147
2,216,travel,-0.234319,0.120072,0.967699,-0.000251282,-0.000162948,-0.871638914,-0.490148462,1.0000,1.197272301,-1.583531976,0.401683480,-2.355939150,-2.593554258,2.291571140,1.327755928
2,217,draw,-0.234734,0.119507,0.970000,-0.000000281,0.000000043,-0.868916736,-0.494958288,1.0000,1.186727762,-1.583264589,0.399375498,-2.345856428,-2.592689037,2.300747633,1.322710156
2,218,draw,-0.234744,0.117004,0.970000,-0.000000628,0.000000158,-0.868916598,-0.494958529,1.0000,1.201269746,-1.582885742,0.398584843,-2.346748829,-2.594277620,2.299927950,1.309563398
2,219,draw,-0.234734,0.114507,0.970000,-0.000000224,0.000000146,-0.868916725,-0.494958306,1.0000,1.215780497,-1.582520723,0.397807717,-2.347620249,-2.595831633,2.299133062,1.296416640
2,220,draw,-0.234744,0.112005,0.970000,-0.000000555,0.000000132,-0.868916635,-0.494958465,1.0000,1.230157018,-1.582214832,0.397088766,-2.348401785,-2.597238302,2.298445940,1.283269882
2,221,draw,-0.234734,0.109507,0.970000,-0.000000189,0.000000092,-0.868916773,-0.494958222,1.0000,1.244502664,-1.581921101,0.396384567,-2.349162579,-2.598610640,2.297781706,1.270123243
2,222,draw,-0.234744,0.107005,0.970000,-0.000000381,0.000000133,-0.868916667,-0.494958409,1.0000,1.258714914,-1.581679821,0.395743847,-2.349835396,-2.599834919,2.297216177,1.256976485
2,223,draw,-0.234735,0.104508,0.970000,-0.000000079,0.000000095,-0.868916734,-0.494958291,1.0000,1.272896528,-1.581449151,0.395118952,-2.350487947,-2.601024628,2.296671629,1.243829727
2,224,draw,-0.234745,0.102006,0.970000,-0.000000236,0.000000031,-0.868916698,-0.494958354,1.0000,1.286945820,-1.581264138,0.394562304,-2.351054430,-2.602065563,2.296216965,1.230683088
2,225,draw,-0.234735,0.099508,0.970000,-0.000000056,-0.000000029,-0.868916753,-0.494958257,1.0000,1.300964713,-1.581088185,0.394022495,-2.351601124,-2.603071928,2.295781136,1.217536330
2,226,draw,-0.234745,0.097006,0.970000,-0.000000188,-0.000000005,-0.868916743,-0.494958275,1.0000,1.314852595,-1.580951095,0.393555194,-2.352063417,-2.603929520,2.295426369,1.204389572
2,227,draw,-0.234735,0.094508,0.970000,0.000000006,-0.000000005,-0.868916752,-0.494958259,1.0000,1.328710198,-1.580821633,0.393105626,-2.352506638,-2.604752779,2.295088530,1.191242933
2,228,draw,-0.234745,0.092007,0.970000,-0.000000084,0.000000099,-0.868916729,-0.494958299,1.0000,1.342438102,-1.580724359,0.392732382,-2.352867365,-2.605427265,2.294822931,1.178096175
2,229,draw,-0.234735,0.089508,0.970000,0.000000005,0.000000016,-0.868916736,-0.494958287,1.0000,1.356136084,-1.580633044,0.392377645,-2.353209496,-2.606067181,2.294572353,1.164949417
2,230,draw,-0.234745,0.087007,0.970000,-0.000000026,0.000000060,-0.868916764,-0.494958237,1.0000,1.369705796,-1.580567241,0.392102569,-2.353471041,-2.606559038,2.294385433,1.151802778
2,231,draw,-0.234735,0.084508,0.970000,-0.000000054,-0.000000005,-0.868916776,-0.494958217,1.0000,1.383245826,-1.580505967,0.391846687,-2.353714466,-2.607016325,2.294211388,1.138656020
2,232,draw,-0.234745,0.082008,0.970000,0.000000024,-0.000000050,-0.868916729,-0.494958300,1.0000,1.396659017,-1.580463648,0.391673446,-2.353879452,-2.607326508,2.294092655,1.125509262
2,233,draw,-0.234735,0.079509,0.970000,-0.000000037,-0.000000055,-0.868916788,-0.494958195,1.0000,1.410043120,-1.580424309,0.391519964,-2.354026556,-2.607602358,2.293984652,1.112362623
2,234,draw,-0.234745,0.077008,0.970000,-0.000000005,-0.000000011,-0.868916748,-0.494958265,1.0000,1.423301816,-1.580397606,0.391451627,-2.354097128,-2.607732058,2.293923616,1.099215865
2,235,draw,-0.234735,0.074509,0.970000,0.000000048,-0.000000070,-0.868916769,-0.494958229,1.0000,1.436531901,-1.580372214,0.391403586,-2.354150295,-2.607827902,2.293871641,1.086069107
2,236,draw,-0.234745,0.072009,0.970000,-0.000000006,0.000000051,-0.868916773,-0.494958222,1.0000,1.449638247,-1.580353022,0.391442835,-2.354128838,-2.607778788,2.293857813,1.072922468
2,237,draw,-0.234735,0.069509,0.970000,-0.000000018,0.000000041,-0.868916749,-0.494958265,1.0000,1.462716341,-1.580333829,0.391502768,-2.354090691,-2.607696295,2.293851137,1.059775710
2,238,draw,-0.234745,0.067009,0.970000,-0.000000058,0.000000034,-0.868916765,-0.494958236,1.0000,1.475672722,-1.580314517,0.391651839,-2.353979826,-2.607470274,2.293874741,1.046628952
2,239,draw,-0.234735,0.064509,0.970000,0.000000005,0.000000013,-0.868916767,-0.494958232,1.0000,1.488601208,-1.580293655,0.391821951,-2.353852510,-2.607211590,2.293903589,1.033482313
2,240,draw,-0.234745,0.062009,0.970000,-0.000000061,0.000000023,-0.868916781,-0.494958209,1.0000,1.501410007,-1.580266595,0.392082661,-2.353654623,-2.606811285,2.293954372,1.020335555
2,241,draw,-0.234735,0.059509,0.970000,-0.000000029,-0.000000011,-0.868916759,-0.494958247,1.0000,1.514191389,-1.580236554,0.392364681,-2.353440762,-2.606378794,2.294008493,1.007188797
2,242,draw,-0.234745,0.057010,0.970000,-0.000000070,-0.000000004,-0.868916779,-0.494958212,1.0000,1.526855230,-1.580194235,0.392738491,-2.353158236,-2.605807066,2.294076681,0.994042099
2,243,draw,-0.234735,0.054509,0.970000,-0.000000050,-0.000000045,-0.868916779,-0.494958211,1.0000,1.539492130,-1.580147624,0.393133819,-2.352860212,-2.605203629,2.294146299,0.980895400
2,244,draw,-0.234745,0.052010,0.970000,-0.000000092,0.000000099,-0.868916733,-0.494958293,1.0000,1.552013636,-1.580082655,0.393621832,-2.352495193,-2.604463816,2.294222116,0.967748642
2,245,draw,-0.234735,0.049509,0.970000,-0.000000033,0.000000080,-0.868916735,-0.494958289,1.0000,1.564508796,-1.580012083,0.394131511,-2.352115154,-2.603692770,2.294297695,0.954601943
2,246,draw,-0.234745,0.047010,0.970000,-0.000000124,0.000000145,-0.868916738,-0.494958283,1.0000,1.576891065,-1.579917312,0.394734532,-2.351670265,-2.602787971,2.294371605,0.941455245
2,247,draw,-0.234735,0.044509,0.970000,-0.000000103,0.000000045,-0.868916751,-0.494958262,1.0000,1.589247465,-1.579815626,0.395359337,-2.351210833,-2.601852655,2.294443369,0.928308487
2,248,draw,-0.234745,0.042011,0.970000,-0.000000126,0.000000146,-0.868916710,-0.494958332,1.0000,1.601493478,-1.579683900,0.396077871,-2.350688219,-2.600787163,2.294506073,0.915161788
2,249,draw,-0.234735,0.039509,0.970000,-0.000000091,0.000000087,-0.868916749,-0.494958265,1.0000,1.613714337,-1.579544067,0.396818221,-2.350151539,-2.599691868,2.294564724,0.902015090
2,250,draw,-0.234745,0.037011,0.970000,-0.000000175,0.000000060,-0.868916678,-0.494958390,1.0000,1.625827312,-1.579368472,0.397652537,-2.349553823,-2.598469496,2.294606686,0.888868332
2,251,draw,-0.234734,0.034510,0.970000,-0.000000135,0.000000062,-0.868916757,-0.494958251,1.0000,1.637915969,-1.579183459,0.398508698,-2.348942041,-2.597218513,2.294642925,0.875721633
2,252,draw,-0.234745,0.032011,0.970000,-0.000000293,0.000000206,-0.868916685,-0.494958376,1.0000,1.649899483,-1.578957319,0.399458826,-2.348271132,-2.595844269,2.294655085,0.862574935
2,253,draw,-0.234734,0.029510,0.970000,-0.000000104,0.000000145,-0.868916702,-0.494958347,1.0000,1.661859155,-1.578720331,0.400430739,-2.347586632,-2.594442368,2.294660091,0.849428177
2,254,draw,-0.234745,0.027012,0.970000,-0.000000278,0.000000300,-0.868916645,-0.494958447,1.0000,1.673716784,-1.578436732,0.401496500,-2.346844673,-2.592921019,2.294633627,0.836281478
2,255,draw,-0.234734,0.024510,0.970000,-0.000000077,0.000000133,-0.868916697,-0.494958355,1.0000,1.685551286,-1.578141093,0.402583987,-2.346089840,-2.591372967,2.294598103,0.823134780
2,256,draw,-0.234744,0.022012,0.970000,-0.000000366,0.000000326,-0.868916637,-0.494958460,1.0000,1.697286844,-1.577793598,0.403765023,-2.345279217,-2.589709759,2.294523954,0.809988022
2,257,draw,-0.234734,0.019510,0.970000,-0.000000123,0.000000114,-0.868916719,-0.494958317,1.0000,1.708999991,-1.577432752,0.404967666,-2.344455957,-2.588021040,2.294439316,0.796841323
2,258,draw,-0.234744,0.017012,0.970000,-0.000000439,0.000000421,-0.868916622,-0.494958488,1.0000,1.720617294,-1.577014685,0.406263441,-2.343578577,-2.586221933,2.294308901,0.783694625
2,259,draw,-0.234734,0.014510,0.970000,-0.000000250,0.000000295,-0.868916694,-0.494958361,1.0000,1.732213140,-1.576582074,0.407580703,-2.342689037,-2.584398508,2.294166088,0.770547867
2,260,draw,-0.234744,0.012012,0.970000,-0.000000463,0.000000462,-0.868916599,-0.494958527,1.0000,1.743716478,-1.576086998,0.408990562,-2.341747284,-2.582469225,2.293971062,0.757401168
2,261,draw,-0.234734,0.009510,0.970000,-0.000000174,0.000000154,-0.868916699,-0.494958352,1.0000,1.755199075,-1.575576186,0.410421759,-2.340793610,-2.580516815,2.293761969,0.744254410
2,262,draw,-0.234744,0.007013,0.970000,-0.000000581,0.000000617,-0.868916580,-0.494958562,1.0000,1.766592622,-1.574997783,0.411944926,-2.339788914,-2.578464031,2.293493509,0.731107712
2,263,draw,-0.234734,0.004510,0.970000,-0.000000270,0.000000294,-0.868916680,-0.494958385,1.0000,1.777966261,-1.574402452,0.413489252,-2.338773012,-2.576389313,2.293209553,0.717961013
2,264,draw,-0.234744,0.002013,0.970000,-0.000000571,0.000000718,-0.868916502,-0.494958698,1.0000,1.789254665,-1.573734283,0.415124804,-2.337707996,-2.574219704,2.292859554,0.704814255
3,0,travel,-0.234557,0.000054,0.969723,-0.000057782,-0.000080154,-0.869285111,-0.494311022,1.0000,1.801502228,-1.572865367,0.416568458,-2.338426113,-2.572976112,2.290856600,0.693530023
3,1,travel,-0.233689,0.000441,0.968234,-0.000347489,-0.000491473,-0.871231022,-0.490872839,1.0000,1.817877173,-1.571133018,0.417186499,-2.346817732,-2.575716734,2.281741858,0.690259397
3,2,travel,-0.232892,0.000821,0.966710,-0.000609377,-0.000878977,-0.873164630,-0.487424235,1.0000,1.834252238,-1.569400668,0.417804509,-2.355209351,-2.578457594,2.272627115,0.686988711
3,3,travel,-0.232165,0.001193,0.965152,-0.000844366,-0.001242097,-0.875086122,-0.483964898,1.0000,1.850627184,-1.567668319,0.418422550,-2.363600969,-2.581198454,2.263512135,0.683718085
3,4,travel,-0.231507,0.001553,0.963560,-0.001053096,-0.001580335,-0.876995695,-0.480494478,1.0000,1.867002249,-1.565936089,0.419040591,-2.371992588,-2.583939314,2.254397392,0.680447400
3,5,travel,-0.230917,0.001900,0.961934,-0.001236407,-0.001893188,-0.878893479,-0.477012725,1.0000,1.883377194,-1.564203739,0.419658631,-2.380384207,-2.586680174,2.245282650,0.677176774
3,6,travel,-0.230395,0.002231,0.960275,-0.001395212,-0.002180193,-0.880779685,-0.473519215,1.0000,1.899752259,-1.562471390,0.420276642,-2.388775826,-2.589420795,2.236167908,0.673906088
3,7,travel,-0.229939,0.002543,0.958584,-0.001530256,-0.002440657,-0.882654355,-0.470013820,1.0000,1.916127205,-1.560739040,0.420894682,-2.397167444,-2.592161655,2.227053165,0.670635462
3,8,travel,-0.229547,0.002836,0.956861,-0.001642540,-0.002674157,-0.884517696,-0.466496084,1.0000,1.932502270,-1.559006691,0.421512723,-2.405559063,-2.594902515,2.217938185,0.667364836
3,9,travel,-0.229219,0.003106,0.955105,-0.001732705,-0.002880336,-0.886369759,-0.462965821,1.0000,1.948877215,-1.557274342,0.422130734,-2.413950682,-2.597643375,2.208823442,0.664094150
3,10,travel,-0.228954,0.003352,0.953319,-0.001801703,-0.003058694,-0.888210711,-0.459422607,1.0000,1.965252161,-1.555541992,0.422748774,-2.422342300,-2.600384235,2.199708700,0.660823524
3,11,travel,-0.228749,0.003571,0.951501,-0.001850411,-0.003208833,-0.890040651,-0.455866119,1.0000,1.981627226,-1.553809643,0.423366815,-2.430733919,-2.603125095,2.190593958,0.657552838
3,12,travel,-0.228604,0.003762,0.949653,-0.001879739,-0.003330452,-0.891859676,-0.452296024,1.0000,1.998002172,-1.552077293,0.423984855,-2.439125538,-2.605865717,2.181479216,0.654282212
3,13,travel,-0.228517,0.003923,0.947774,-0.001890625,-0.003422976,-0.893667817,-0.448712093,1.0000,2.014377117,-1.550344944,0.424602866,-2.447517157,-2.608606577,2.172364235,0.651011586
3,14,travel,-0.228487,0.004051,0.945866,-0.001883745,-0.003486204,-0.895465191,-0.445113907,1.0000,2.030752182,-1.548612595,0.425220907,-2.455908775,-2.611347437,2.163249493,0.647740901
3,15,travel,-0.228512,0.004145,0.943929,-0.001860115,-0.003519785,-0.897251859,-0.441501136,1.0000,2.047127247,-1.546880245,0.425838947,-2.464300394,-2.614088297,2.154134750,0.644470274
3,16,travel,-0.228589,0.004203,0.941962,-0.001820633,-0.003523418,-0.899027846,-0.437873500,1.0000,2.063502312,-1.545147896,0.426456988,-2.472692013,-2.616829157,2.145020008,0.641199589
3,17,travel,-0.228719,0.004224,0.939967,-0.001766241,-0.003496932,-0.900793197,-0.434230663,1.0000,2.079877138,-1.543415546,0.427074999,-2.481083632,-2.619569778,2.135905266,0.637928963
3,18,travel,-0.228899,0.004206,0.937943,-0.001697880,-0.003439821,-0.902547964,-0.430572244,1.0000,2.096252203,-1.541683197,0.427693039,-2.489475250,-2.622310638,2.126790285,0.634658277
3,19,travel,-0.229127,0.004147,0.935892,-0.001616183,-0.003352087,-0.904292151,-0.426897946,1.0000,2.112627268,-1.539950848,0.428311080,-2.497867107,-2.625051498,2.117675543,0.631387651
3,20,travel,-0.229401,0.004046,0.933814,-0.001522364,-0.003233377,-0.906025799,-0.423207372,1.0000,2.129002333,-1.538218498,0.428929090,-2.506258726,-2.627792358,2.108560801,0.628117025
3,21,travel,-0.229720,0.003901,0.931708,-0.001417232,-0.003083535,-0.907748825,-0.419500362,1.0000,2.145377159,-1.536486149,0.429547131,-2.514650345,-2.630533218,2.099446058,0.624846339
3,22,travel,-0.230082,0.003711,0.929576,-0.001301740,-0.002902509,-0.909461371,-0.415776256,1.0000,2.161752224,-1.534753799,0.430165172,-2.523041964,-2.633273840,2.090331316,0.621575713
3,23,travel,-0.230485,0.003474,0.927417,-0.001176866,-0.002689923,-0.911163294,-0.412034987,1.0000,2.178127289,-1.533021450,0.430783212,-2.531433582,-2.636014700,2.081216335,0.618305027
3,24,travel,-0.230927,0.003190,0.925233,-0.001043335,-0.002445830,-0.912854567,-0.408276217,1.0000,2.194502115,-1.531289101,0.431401223,-2.539825201,-2.638755560,2.072101593,0.615034401
3,25,travel,-0.231405,0.002856,0.923023,-0.000902165,-0.002170074,-0.914535236,-0.404499419,1.0000,2.210877180,-1.529556751,0.432019264,-2.548216820,-2.641496420,2.062986851,0.611763775
3,26,travel,-0.231919,0.002473,0.920788,-0.000754283,-0.001862589,-0.916205192,-0.400704391,1.0000,2.227252245,-1.527824402,0.432637304,-2.556608438,-2.644237280,2.053872108,0.608493090
3,27,travel,-0.232466,0.002038,0.918528,-0.000600632,-0.001523423,-0.917864421,-0.396890694,1.0000,2.243627310,-1.526092052,0.433255345,-2.565000057,-2.646977901,2.044757366,0.605222464
3,28,travel,-0.233043,0.001551,0.916244,-0.000442204,-0.001152326,-0.919512742,-0.393058258,1.0000,2.260002136,-1.524359703,0.433873355,-2.573391676,-2.649718761,2.035642385,0.601951778
3,29,travel,-0.233650,0.001011,0.913936,-0.000279691,-0.000749416,-0.921150215,-0.389206425,1.0000,2.276377201,-1.522627354,0.434491396,-2.581783295,-2.652459621,2.026527643,0.598681152
3,30,travel,-0.234283,0.000417,0.911604,-0.000114131,-0.000314689,-0.922776682,-0.385335027,1.0000,2.292752266,-1.520895004,0.435109437,-2.590174913,-2.655200481,2.017412901,0.595410466
3,31,travel,-0.234012,0.001066,0.910002,-0.000000096,0.000001208,-0.921477481,-0.388431787,1.0000,2.301980734,-1.519919872,0.435408056,-2.595948696,-2.657159805,2.011380911,0.582724869
3,32,travel,-0.231694,0.004419,0.910006,-0.000000270,0.000005029,-0.913691785,-0.406407827,1.0000,2.295884132,-1.520568609,0.435021758,-2.596109390,-2.657443762,2.011959791,0.549849868
3,33,travel,-0.229281,0.007673,0.910011,-0.000000661,0.000008636,-0.905555530,-0.424227748,1.0000,2.289787531,-1.521217346,0.434635431,-2.596269846,-2.657727480,2.012538671,0.516974866
3,34,travel,-0.226778,0.010825,0.910016,-0.000001249,0.000012134,-0.897071804,-0.441884803,1.0000,2.283690929,-1.521866083,0.434249133,-2.596430302,-2.658011198,2.013117313,0.484099865
3,35,travel,-0.224187,0.013872,0.910020,-0.000001642,0.000015409,-0.888243842,-0.459372264,1.0000,2.277594328,-1.522514701,0.433862835,-2.596590996,-2.658294916,2.013696194,0.451224864
3,36,travel,-0.221514,0.016810,0.910024,-0.000002257,0.000018697,-0.879075058,-0.476683378,1.0000,2.271497726,-1.523163438,0.433476508,-2.596751451,-2.658578873,2.014275074,0.418349862
3,37,travel,-0.218763,0.019637,0.910028,-0.000002951,0.000021748,-0.869568999,-0.493811458,1.0000,2.265401125,-1.523812175,0.433090210,-2.596911907,-2.658862591,2.014853954,0.385474861
3,38,travel,-0.215938,0.022350,0.910032,-0.000003605,0.000024619,-0.859729268,-0.510750022,1.0000,2.259304523,-1.524460912,0.432703912,-2.597072601,-2.659146309,2.015432835,0.352599859
3,39,travel,-0.213043,0.024946,0.910036,-0.000004363,0.000027361,-0.849559695,-0.527492486,1.0000,2.253207922,-1.525109529,0.432317615,-2.597233057,-2.659430027,2.016011715,0.319724858
3,40,travel,-0.210084,0.027424,0.910040,-0.000005345,0.000030079,-0.839064134,-0.544032515,1.0000,2.247111320,-1.525758266,0.431931287,-2.597393513,-2.659713984,2.016590357,0.286849856
3,41,travel,-0.207065,0.029779,0.910043,-0.000006156,0.000032516,-0.828246644,-0.560363717,1.0000,2.241014719,-1.526407003,0.431544989,-2.597554207,-2.659997702,2.017169237,0.253974855
3,42,travel,-0.203990,0.032012,0.910047,-0.000007112,0.000034837,-0.817111479,-0.576479687,1.0000,2.234918356,-1.527055740,0.431158692,-2.597714663,-2.660281420,2.017748117,0.221099868
3,43,travel,-0.200865,0.034119,0.910050,-0.000007946,0.000036953,-0.805662716,-0.592374532,1.0000,2.228821754,-1.527704358,0.430772364,-2.597875357,-2.660565138,2.018326998,0.188224867
3,44,travel,-0.197694,0.036099,0.910053,-0.000008965,0.000039089,-0.793904850,-0.608042011,1.0000,2.222725153,-1.528353095,0.430386066,-2.598035812,-2.660849094,2.018905878,0.155349866
3,45,travel,-0.194483,0.037950,0.910056,-0.000010132,0.000040972,-0.781842430,-0.623476073,1.0000,2.216628551,-1.529001832,0.429999769,-2.598196268,-2.661132812,2.019484520,0.122474864
3,46,travel,-0.191236,0.039672,0.910058,-0.000011097,0.000042667,-0.769480024,-0.638670879,1.0000,2.210531950,-1.529650569,0.429613441,-2.598356962,-2.661416531,2.020063400,0.089599863
3,47,travel,-0.187958,0.041263,0.910061,-0.000012120,0.000044241,-0.756822444,-0.653620522,1.0000,2.204435349,-1.530299187,0.429227144,-2.598517418,-2.661700249,2.020642281,0.056724865
3,48,travel,-0.184656,0.042723,0.910063,-0.000013213,0.000045791,-0.743874483,-0.668319348,1.0000,2.198338747,-1.530947924,0.428840846,-2.598677874,-2.661984205,2.021221161,0.023849865
3,49,travel,-0.181333,0.044050,0.910066,-0.000014201,0.000047068,-0.730641148,-0.682761679,1.0000,2.192242146,-1.531596661,0.428454548,-2.598838568,-2.662267923,2.021800041,-0.009025135
3,50,travel,-0.177995,0.045244,0.910068,-0.000015415,0.000048201,-0.717127553,-0.696941941,1.0000,2.186145544,-1.532245398,0.428068221,-2.598999023,-2.662551641,2.022378683,-0.041900136
3,51,travel,-0.174647,0.046305,0.910070,-0.000016441,0.000049199,-0.703338854,-0.710854735,1.0000,2.180048943,-1.532894015,0.427681923,-2.599159479,-2.662835360,2.022957563,-0.074775137
3,52,travel,-0.171295,0.047233,0.910071,-0.000017415,0.000050157,-0.689280273,-0.724494791,1.0000,2.173952341,-1.533542752,0.427295625,-2.599320173,-2.663119316,2.023536444,-0.107650131
3,53,travel,-0.167943,0.048027,0.910073,-0.000018473,0.000050869,-0.674957348,-0.737856744,1.0000,2.167855740,-1.534191489,0.426909298,-2.599480629,-2.663403034,2.024115324,-0.140525132
3,54,travel,-0.164597,0.048689,0.910074,-0.000019505,0.000051456,-0.660375510,-0.750935539,1.0000,2.161759138,-1.534840226,0.426523000,-2.599641085,-2.663686752,2.024694204,-0.173400134
3,55,travel,-0.161262,0.049219,0.910075,-0.000020342,0.000051887,-0.645540408,-0.763726115,1.0000,2.155662775,-1.535488844,0.426136702,-2.599801779,-2.663970470,2.025273085,-0.206275135
3,56,travel,-0.157943,0.049616,0.910077,-0.000021446,0.000052290,-0.630457593,-0.776223693,1.0000,2.149566174,-1.536137581,0.425750405,-2.599962234,-2.664254427,2.025851727,-0.239150137
3,57,travel,-0.154645,0.049884,0.910077,-0.000022381,0.000052453,-0.615132985,-0.788423368,1.0000,2.143469572,-1.536786318,0.425364077,-2.600122690,-2.664538145,2.026430607,-0.272025138
3,58,travel,-0.151373,0.050022,0.910078,-0.000023164,0.000052490,-0.599572390,-0.800320527,1.0000,2.137372971,-1.537435055,0.424977779,-2.600283384,-2.664821863,2.027009487,-0.304900140
3,59,travel,-0.148132,0.050032,0.910078,-0.000023947,0.000052400,-0.583781858,-0.811910548,1.0000,2.131276369,-1.538083673,0.424591482,-2.600443840,-2.665105581,2.027588367,-0.337775141
3,60,travel,-0.144928,0.049915,0.910079,-0.000024757,0.000052277,-0.567767368,-0.823189050,1.0000,2.125179768,-1.538732409,0.424205154,-2.600604296,-2.665389538,2.028167248,-0.370650142
3,61,travel,-0.141764,0.049673,0.910079,-0.000025498,0.000051909,-0.551535114,-0.834151674,1.0000,2.119083166,-1.539381146,0.423818856,-2.600764990,-2.665673256,2.028745890,-0.403525144
3,62,travel,-0.138646,0.049308,0.910079,-0.000026168,0.000051444,-0.535091362,-0.844794194,1.0000,2.112986565,-1.540029883,0.423432559,-2.600925446,-2.665956974,2.029324770,-0.436400145
3,63,travel,-0.135579,0.048822,0.910078,-0.000026711,0.000050857,-0.518442385,-0.855112560,1.0000,2.106889963,-1.540678501,0.423046261,-2.601085901,-2.666240692,2.029903650,-0.469275147
3,64,travel,-0.132567,0.048218,0.910078,-0.000027158,0.000050243,-0.501594498,-0.865102859,1.0000,2.100793362,-1.541327238,0.422659934,-2.601246595,-2.666524649,2.030482531,-0.502150118
3,65,travel,-0.129614,0.047497,0.910077,-0.000027614,0.000049422,-0.484554315,-0.874761174,1.0000,2.094696760,-1.541975975,0.422273636,-2.601407051,-2.666808367,2.031061411,-0.535025120
3,66,travel,-0.126726,0.046663,0.910077,-0.000028104,0.000048457,-0.467328304,-0.884083850,1.0000,2.088600159,-1.542624712,0.421887338,-2.601567507,-2.667092085,2.031640053,-0.567900121
3,67,travel,-0.123907,0.045718,0.910075,-0.000028224,0.000047405,-0.449923137,-0.893067281,1.0000,2.082503796,-1.543273330,0.421501011,-2.601728201,-2.667375803,2.032218933,-0.600775123
3,68,travel,-0.121160,0.044665,0.910074,-0.000028455,0.000046357,-0.432345321,-0.901708113,1.0000,2.076407194,-1.543922067,0.421114713,-2.601888657,-2.667659760,2.032797813,-0.633650124
3,69,travel,-0.118490,0.043507,0.910073,-0.000028563,0.000045102,-0.414601760,-0.910002955,1.0000,2.070310593,-1.544570804,0.420728415,-2.602049112,-2.667943478,2.033376694,-0.666525126
3,70,travel,-0.115901,0.042248,0.910071,-0.000028463,0.000043742,-0.396699171,-0.917948672,1.0000,2.064213991,-1.545219541,0.420342088,-2.602209806,-2.668227196,2.033955574,-0.699400127
3,71,travel,-0.113397,0.040891,0.910070,-0.000028370,0.000042291,-0.378644513,-0.925542182,1.0000,2.058117390,-1.545868278,0.419955790,-2.602370262,-2.668510914,2.034534454,-0.732275128
3,72,travel,-0.110981,0.039439,0.910068,-0.000028154,0.000040826,-0.360444574,-0.932780631,1.0000,2.052020788,-1.546516895,0.419569492,-2.602530956,-2.668794870,2.035113096,-0.765150130
3,73,travel,-0.108657,0.037897,0.910066,-0.000027847,0.000039191,-0.342106529,-0.939661173,1.0000,2.045924187,-1.547165632,0.419183195,-2.602691412,-2.669078588,2.035691977,-0.798025131
3,74,travel,-0.106429,0.036268,0.910063,-0.000027425,0.000037455,-0.323637319,-0.946181211,1.0000,2.039827585,-1.547814369,0.418796867,-2.602851868,-2.669362307,2.036270857,-0.830900133
3,75,travel,-0.104300,0.034556,0.910061,-0.000026781,0.000035670,-0.305043985,-0.952338262,1.0000,2.033730984,-1.548463106,0.418410569,-2.603012562,-2.669646025,2.036849737,-0.863775134
3,76,travel,-0.102272,0.032765,0.910058,-0.000026106,0.000033898,-0.286333702,-0.958129954,1.0000,2.027634382,-1.549111724,0.418024272,-2.603173018,-2.669929981,2.037428617,-0.896650136
3,77,travel,-0.100349,0.030900,0.910055,-0.000025433,0.000031881,-0.267513706,-0.963554054,1.0000,2.021537781,-1.549760461,0.417637944,-2.603333473,-2.670213699,2.038007259,-0.929525137
3,78,travel,-0.098533,0.028965,0.910052,-0.000024418,0.000029878,-0.248591120,-0.968608514,1.0000,2.015441179,-1.550409198,0.417251647,-2.603494167,-2.670497417,2.038586140,-0.962400138
3,79,travel,-0.096828,0.026964,0.910049,-0.000023379,0.000027788,-0.229573298,-0.973291374,1.0000,2.009344578,-1.551057935,0.416865349,-2.603654623,-2.670781136,2.039165020,-0.995275140
3,80,travel,-0.095235,0.024902,0.910046,-0.000022196,0.000025746,-0.210467583,-0.977600836,1.0000,2.003248215,-1.551706553,0.416479051,-2.603815079,-2.671065092,2.039743900,-1.028150082
3,81,travel,-0.093757,0.022784,0.910042,-0.000020779,0.000023549,-0.191280983,-0.981535320,1.0000,1.997151494,-1.552355289,0.416092724,-2.603975773,-2.671348810,2.040322781,-1.061025143
3,82,travel,-0.092396,0.020613,0.910039,-0.000019332,0.000021290,-0.172021253,-0.985093238,1.0000,1.991054893,-1.553004026,0.415706426,-2.604136229,-2.671632528,2.040901661,-1.093900084
3,83,travel,-0.091153,0.018396,0.910035,-0.000017848,0.000018927,-0.152695616,-0.988273266,1.0000,1.984958410,-1.553652763,0.415320128,-2.604296684,-2.671916246,2.041480303,-1.126775146
3,84,travel,-0.090031,0.016137,0.910031,-0.000015998,0.000016700,-0.133311387,-0.991074202,1.0000,1.978861809,-1.554301381,0.414933801,-2.604457378,-2.672200203,2.042059183,-1.159650087
3,85,travel,-0.089031,0.013840,0.910027,-0.000014117,0.000014312,-0.113876144,-0.993494954,1.0000,1.972765207,-1.554950118,0.414547503,-2.604617834,-2.672483921,2.042638063,-1.192525148
3,86,travel,-0.088154,0.011511,0.910023,-0.000012086,0.000011890,-0.094397360,-0.995534599,1.0000,1.966668606,-1.555598855,0.414161205,-2.604778290,-2.672767639,2.043216944,-1.225400090
3,87,travel,-0.087401,0.009156,0.910018,-0.000009795,0.000009459,-0.074882342,-0.997192376,1.0000,1.960572004,-1.556247592,0.413774878,-2.604938984,-2.673051357,2.043795824,-1.258275151
3,88,travel,-0.086773,0.006778,0.910014,-0.000007558,0.000007032,-0.055338735,-0.998467638,1.0000,1.954475403,-1.556896210,0.413388580,-2.605099440,-2.673335314,2.044374466,-1.291150093
3,89,travel,-0.086271,0.004382,0.910009,-0.000005064,0.000004538,-0.035774039,-0.999359904,1.0000,1.948378921,-1.557544947,0.413002282,-2.605259895,-2.673619032,2.044953346,-1.324025154
3,90,travel,-0.085896,0.001976,0.910004,-0.000002310,0.000002070,-0.016195655,-0.999868842,1.0000,1.942282319,-1.558193684,0.412615985,-2.605420589,-2.673902750,2.045532227,-1.356900096
3,91,travel,-0.085589,0.000059,0.910349,0.000030018,-0.000036932,0.000056515,-0.999999997,1.0000,1.934407234,-1.559001088,0.411976308,-2.604362249,-2.674034357,2.047419786,-1.381886840
3,92,travel,-0.085069,0.000497,0.912358,0.000193858,-0.000245880,0.000383404,-0.999999877,1.0000,1.918032169,-1.560566783,0.410125881,-2.597479105,-2.673438787,2.055561304,-1.369173646
3,93,travel,-0.084567,0.000898,0.914352,0.000341780,-0.000446713,0.000710272,-0.999999590,1.0000,1.901657224,-1.562132478,0.408275425,-2.590595722,-2.672843218,2.063702822,-1.356460333
3,94,travel,-0.084085,0.001262,0.916332,0.000474540,-0.000638733,0.001037600,-0.999999145,1.0000,1.885282159,-1.563698173,0.406424969,-2.583712578,-2.672247648,2.071844578,-1.343747139
3,95,travel,-0.083624,0.001591,0.918297,0.000592250,-0.000821691,0.001365203,-0.999998555,1.0000,1.868907213,-1.565263867,0.404574513,-2.576829195,-2.671651840,2.079986095,-1.331033945
3,96,travel,-0.083185,0.001886,0.920247,0.000695637,-0.000994716,0.001693498,-0.999997829,1.0000,1.852532148,-1.566829681,0.402724057,-2.569946051,-2.671056271,2.088127851,-1.318320632
3,97,travel,-0.082770,0.002146,0.922182,0.000785060,-0.001157515,0.002022527,-0.999996977,1.0000,1.836157203,-1.568395376,0.400873601,-2.563062906,-2.670460701,2.096269369,-1.305607438
3,98,travel,-0.082381,0.002373,0.924101,0.000861072,-0.001309527,0.002352452,-0.999996005,1.0000,1.819782138,-1.569961071,0.399023145,-2.556179523,-2.669865131,2.104411125,-1.292894244
3,99,travel,-0.082018,0.002569,0.926005,0.000924202,-0.001450342,0.002683333,-0.999994921,1.0000,1.803407192,-1.571526766,0.397172689,-2.549296379,-2.669269562,2.112552643,-1.280180931
3,100,travel,-0.081683,0.002732,0.927894,0.000974985,-0.001579445,0.003015405,-0.999993731,1.0000,1.787032247,-1.573092461,0.395322233,-2.542412996,-2.668673992,2.120694399,-1.267467737
3,101,travel,-0.081377,0.002865,0.929768,0.001013914,-0.001696475,0.003348909,-0.999992439,1.0000,1.770657182,-1.574658275,0.393471777,-2.535529852,-2.668078423,2.128835917,-1.254754543
3,102,travel,-0.081101,0.002969,0.931625,0.001041666,-0.001800923,0.003683722,-0.999991051,1.0000,1.754282236,-1.576223969,0.391621321,-2.528646469,-2.667482853,2.136977673,-1.242041230
3,103,travel,-0.080857,0.003044,0.933467,0.001058800,-0.001892543,0.004020257,-0.999989567,1.0000,1.737907171,-1.577789664,0.389770895,-2.521763325,-2.666887045,2.145119190,-1.229328036
3,104,travel,-0.080645,0.003092,0.935292,0.001065926,-0.001970718,0.004358507,-0.999987992,1.0000,1.721532226,-1.579355359,0.387920439,-2.514880180,-2.666291475,2.153260946,-1.216614723
3,105,travel,-0.080467,0.003114,0.937102,0.001063355,-0.002035276,0.004698749,-0.999986324,1.0000,1.705157161,-1.580921054,0.386069983,-2.507996798,-2.665695906,2.161402464,-1.203901529
3,106,travel,-0.080325,0.003110,0.938895,0.001052070,-0.002085748,0.005041044,-0.999984565,1.0000,1.688782215,-1.582486868,0.384219527,-2.501113653,-2.665100336,2.169544220,-1.191188335
3,107,travel,-0.080218,0.003083,0.940671,0.001032367,-0.002121915,0.005385510,-0.999982714,1.0000,1.672407150,-1.584052563,0.382369071,-2.494230270,-2.664504766,2.177685738,-1.178475022
3,108,travel,-0.080149,0.003033,0.942431,0.001005140,-0.002143407,0.005732385,-0.999980767,1.0000,1.656032205,-1.585618258,0.380518615,-2.487347126,-2.663909197,2.185827255,-1.165761828
3,109,travel,-0.080117,0.002961,0.944175,0.000971024,-0.002149905,0.006081831,-0.999978723,1.0000,1.639657140,-1.587183952,0.378668159,-2.480463982,-2.663313627,2.193969011,-1.153048635
3,110,travel,-0.080125,0.002869,0.945901,0.000930360,-0.002141323,0.006433705,-0.999976578,1.0000,1.623282194,-1.588749647,0.376817703,-2.473580599,-2.662717819,2.202110529,-1.140335321
3,111,travel,-0.080173,0.002758,0.947610,0.000884175,-0.002117136,0.006788561,-0.999974325,1.0000,1.606907248,-1.590315342,0.374967247,-2.466697454,-2.662122250,2.210252285,-1.127622128
3,112,travel,-0.080263,0.002630,0.949302,0.000832651,-0.002077296,0.007146391,-0.999971960,1.0000,1.590532184,-1.591881156,0.373116791,-2.459814072,-2.661526680,2.218393803,-1.114908934
3,113,travel,-0.080394,0.002485,0.950977,0.000777019,-0.002021509,0.007507251,-0.999969475,1.0000,1.574157238,-1.593446851,0.371266335,-2.452930927,-2.660931110,2.226535559,-1.102195621
3,114,travel,-0.080568,0.002326,0.952634,0.000717438,-0.001949651,0.007871442,-0.999966862,1.0000,1.557782173,-1.595012546,0.369415909,-2.446047544,-2.660335541,2.234677076,-1.089482427
3,115,travel,-0.080785,0.002153,0.954273,0.000655030,-0.001861514,0.008238959,-0.999964112,1.0000,1.541407228,-1.596578240,0.367565453,-2.439164400,-2.659739971,2.242818832,-1.076769114
3,116,travel,-0.081047,0.001969,0.955895,0.000590135,-0.001757006,0.008610146,-0.999961214,1.0000,1.525032163,-1.598143935,0.365714997,-2.432281256,-2.659144402,2.250960350,-1.064055920
3,117,travel,-0.081354,0.001774,0.957498,0.000523516,-0.001636013,0.008984852,-0.999958160,1.0000,1.508657217,-1.599709749,0.363864541,-2.425397873,-2.658548594,2.259102106,-1.051342726
3,118,travel,-0.081707,0.001570,0.959083,0.000455923,-0.001498333,0.009363523,-0.999954935,1.0000,1.492282152,-1.601275444,0.362014085,-2.418514729,-2.657953024,2.267243624,-1.038629413
3,119,travel,-0.082106,0.001359,0.960650,0.000388017,-0.001343893,0.009746144,-0.999951527,1.0000,1.475907207,-1.602841139,0.360163629,-2.411631346,-2.657357454,2.275385380,-1.025916219
3,120,travel,-0.082552,0.001143,0.962198,0.000320482,-0.001172706,0.010133008,-0.999947921,1.0000,1.459532142,-1.604406834,0.358313173,-2.404748201,-2.656761885,2.283526897,-1.013203025
3,121,travel,-0.083046,0.000922,0.963727,0.000253904,-0.000984678,0.010523998,-0.999944104,1.0000,1.443157196,-1.605972528,0.356462717,-2.397864819,-2.656166315,2.291668415,-1.000489712
3,122,travel,-0.083588,0.000699,0.965237,0.000189256,-0.000779786,0.010919525,-0.999940058,1.0000,1.426782250,-1.607538342,0.354612261,-2.390981674,-2.655570745,2.299810171,-0.987776518
3,123,travel,-0.084179,0.000476,0.966728,0.000127010,-0.000558077,0.011319663,-0.999935767,1.0000,1.410407186,-1.609104037,0.352761805,-2.384098530,-2.654975176,2.307951689,-0.975063264
3,124,travel,-0.084818,0.000253,0.968200,0.000067940,-0.000319576,0.011724347,-0.999931214,1.0000,1.394032240,-1.610669732,0.350911379,-2.377215147,-2.654379368,2.316093445,-0.962350011
3,125,travel,-0.085507,0.000033,0.969652,0.000012695,-0.000064259,0.012134116,-0.999926377,1.0000,1.377657175,-1.612235427,0.349060923,-2.370332003,-2.653783798,2.324234962,-0.949636817
3,126,draw,-0.085692,0.000968,0.970000,0.000000099,-0.000000121,0.012233961,-0.999925162,1.0000,1.369615197,-1.612038851,0.348861247,-2.368829966,-2.653648615,2.325435877,-0.942408562
3,127,draw,-0.085697,0.002270,0.970000,0.000000080,-0.000000165,0.012234058,-0.999925161,1.0000,1.364229441,-1.611280560,0.349187762,-2.369043350,-2.653660297,2.324424028,-0.936928749
3,128,draw,-0.085694,0.003573,0.970000,0.000000052,-0.000000110,0.012234062,-0.999925161,1.0000,1.358843684,-1.610522270,0.349514306,-2.369256735,-2.653671980,2.323412180,-0.931448936
3,129,draw,-0.085682,0.004875,0.970000,0.000000020,-0.000000072,0.012233889,-0.999925163,1.0000,1.353457928,-1.609763980,0.349840820,-2.369470119,-2.653683424,2.322400331,-0.925969124
3,130,draw,-0.085693,0.006178,0.970000,0.000000022,-0.000000047,0.012233990,-0.999925162,1.0000,1.347996831,-1.609012127,0.350217402,-2.369636297,-2.653606415,2.321419954,-0.920489311
3,131,draw,-0.085698,0.007480,0.970000,-0.000000019,0.000000030,0.012234032,-0.999925161,1.0000,1.342529178,-1.608260870,0.350598335,-2.369798183,-2.653521776,2.320442438,-0.915009499
3,132,draw,-0.085693,0.008783,0.970000,0.000000056,-0.000000001,0.012234010,-0.999925162,1.0000,1.337061405,-1.607509613,0.350979269,-2.369960308,-2.653436899,2.319464922,-0.909529686
3,133,draw,-0.085682,0.010086,0.970000,-0.000000014,-0.000000039,0.012233849,-0.999925164,1.0000,1.331587076,-1.606759191,0.351364583,-2.370118141,-2.653344154,2.318490267,-0.904049873
3,134,draw,-0.085695,0.011388,0.970000,-0.000000050,0.000000131,0.012233998,-0.999925162,1.0000,1.326037049,-1.606017947,0.351799637,-2.370227814,-2.653162956,2.317550659,-0.898570061
3,135,draw,-0.085698,0.012690,0.970000,-0.000000071,0.000000130,0.012233990,-0.999925162,1.0000,1.320487022,-1.605276704,0.352234662,-2.370337486,-2.652981520,2.316611052,-0.893090248
3,136,draw,-0.085692,0.013993,0.970000,-0.000000027,0.000000061,0.012233947,-0.999925162,1.0000,1.314936996,-1.604535580,0.352669716,-2.370447397,-2.652800083,2.315671444,-0.887610435
3,137,draw,-0.085685,0.015296,0.970000,0.000000013,0.000000052,0.012233880,-0.999925163,1.0000,1.309366941,-1.603797555,0.353117764,-2.370544195,-2.652595282,2.314742088,-0.882130623
3,138,draw,-0.085696,0.016597,0.970000,-0.000000082,0.000000219,0.012234014,-0.999925162,1.0000,1.303734183,-1.603069544,0.353606433,-2.370600700,-2.652317286,2.313844204,-0.876650810
3,139,draw,-0.085698,0.017900,0.970000,-0.000000027,0.000000272,0.012234016,-0.999925162,1.0000,1.298101544,-1.602341533,0.354095131,-2.370657206,-2.652039289,2.312946558,-0.871170998
3,140,draw,-0.085690,0.019203,0.970000,0.000000049,0.000000172,0.012234005,-0.999925162,1.0000,1.292468786,-1.601613522,0.354583800,-2.370713711,-2.651761293,2.312048912,-0.865691185
3,141,draw,-0.085688,0.020506,0.970000,-0.000000008,0.000000170,0.012233993,-0.999925162,1.0000,1.286802530,-1.600892186,0.355093867,-2.370748281,-2.651444197,2.311169624,-0.860211372
3,142,draw,-0.085697,0.021807,0.970000,-0.000000082,0.000000340,0.012233965,-0.999925162,1.0000,1.281086922,-1.600180626,0.355635494,-2.370750427,-2.651069403,2.310317755,-0.854731560
3,143,draw,-0.085697,0.023110,0.970000,-0.000000003,0.000000380,0.012234044,-0.999925161,1.0000,1.275371194,-1.599469066,0.356177151,-2.370752811,-2.650694847,2.309465885,-0.849251747
3,144,draw,-0.085688,0.024413,0.970000,0.000000013,0.000000149,0.012233927,-0.999925163,1.0000,1.269655466,-1.598757505,0.356718779,-2.370754957,-2.650320053,2.308614016,-0.843771935
3,145,draw,-0.085690,0.025715,0.970000,-0.000000062,-0.000000022,0.012233908,-0.999925163,1.0000,1.263043761,-1.598352075,0.357198954,-2.370629787,-2.649833679,2.308183432,-0.837517679
3,146,draw,-0.085699,0.027016,0.970000,-0.000000161,0.000000056,0.012234002,-0.999925162,1.0000,1.255743027,-1.598182082,0.357631862,-2.370406389,-2.649261713,2.308077097,-0.830667913
3,147,draw,-0.085697,0.028319,0.970000,-0.000000144,0.000000098,0.012234038,-0.999925161,1.0000,1.248442292,-1.598012090,0.358064801,-2.370182991,-2.648689747,2.307970762,-0.823818147
3,148,draw,-0.085686,0.029623,0.970000,-0.000000017,-0.000000015,0.012233874,-0.999925163,1.0000,1.241141677,-1.597842097,0.358497709,-2.369959593,-2.648117542,2.307864428,-0.816968381
3,149,draw,-0.085678,0.030923,0.970000,-0.000000223,-0.000002186,0.012234901,-0.999925151,1.0000,1.227258682,-1.599955320,0.358226985,-2.368958712,-2.647079229,2.310828924,-0.804144979
3,150,draw,-0.085680,0.032228,0.970000,-0.000000026,-0.000000858,0.012234306,-0.999925158,1.0000,1.210900784,-1.602927089,0.357691675,-2.367665529,-2.645865440,2.314948082,-0.789075494
3,151,draw,-0.085678,0.033528,0.970000,-0.000000292,-0.000002369,0.012234893,-0.999925151,1.0000,1.194529176,-1.605902076,0.357122928,-2.366342783,-2.644658566,2.319105148,-0.774006009
3,152,draw,-0.085680,0.034833,0.970000,-0.000000120,-0.000000507,0.012234159,-0.999925160,1.0000,1.178154111,-1.608877897,0.356546223,-2.365012884,-2.643453598,2.323271275,-0.758936524
3,153,draw,-0.085679,0.036133,0.970000,-0.000000357,-0.000002084,0.012234850,-0.999925151,1.0000,1.162423611,-1.611631989,0.356015861,-2.363726616,-2.642287254,2.327172756,-0.744475424
3,154,draw,-0.085681,0.037439,0.970000,-0.000000049,-0.000000149,0.012233932,-0.999925163,1.0000,1.146774292,-1.614358187,0.355491340,-2.362445831,-2.641125679,2.331040621,-0.730090916
3,155,draw,-0.085679,0.038738,0.970000,-0.000000504,-0.000002099,0.012234907,-0.999925151,1.0000,1.131104231,-1.617093682,0.354931235,-2.361129045,-2.639965773,2.334958553,-0.715706408
3,156,draw,-0.085682,0.040045,0.970000,-0.000000057,0.000000057,0.012233872,-0.999925163,1.0000,1.116091847,-1.619604230,0.354459196,-2.359886169,-2.638829947,2.338570118,-0.701932967
3,157,draw,-0.085689,0.041347,0.970000,0.000000006,0.000001179,0.012234523,-0.999925155,1.0000,1.113699913,-1.617798090,0.355698436,-2.360084057,-2.638161421,2.336277246,-0.699878037
3,158,draw,-0.085691,0.042650,0.970000,0.000000015,0.000001499,0.012234725,-0.999925153,1.0000,1.111307979,-1.615991831,0.356937706,-2.360281944,-2.637492895,2.333984137,-0.697823107
3,159,draw,-0.085688,0.043952,0.970000,0.000000060,0.000000976,0.012234462,-0.999925156,1.0000,1.108916163,-1.614185691,0.358176947,-2.360480070,-2.636824369,2.331691027,-0.695768178
3,160,draw,-0.085681,0.045255,0.970000,-0.000000020,0.000000278,0.012234252,-0.999925159,1.0000,1.106988072,-1.612210631,0.359479308,-2.360721588,-2.636175156,2.329179287,-0.694146812
3,161,draw,-0.085682,0.046559,0.970000,-0.000000000,0.000001132,0.012235477,-0.999925144,1.0000,1.106794357,-1.609603643,0.361017674,-2.361126661,-2.635598898,2.325849771,-0.694146812
3,162,draw,-0.085683,0.047861,0.970000,0.000000077,0.000001247,0.012235678,-0.999925141,1.0000,1.106600761,-1.606996655,0.362556070,-2.361531973,-2.635022640,2.322520256,-0.694146812
3,163,draw,-0.085682,0.049163,0.970000,-0.000000004,0.000000694,0.012234891,-0.999925151,1.0000,1.106407046,-1.604389668,0.364094436,-2.361937046,-2.634446383,2.319190741,-0.694146812
3,164,draw,-0.085682,0.050466,0.970000,0.000000054,0.000000478,0.012234587,-0.999925155,1.0000,1.106206298,-1.601765871,0.365630686,-2.362322330,-2.633874655,2.315863609,-0.694146812
3,165,draw,-0.085683,0.051769,0.970000,0.000000116,0.000001240,0.012235686,-0.999925141,1.0000,1.105993509,-1.599113584,0.367163360,-2.362673998,-2.633310318,2.312540054,-0.694146812
3,166,draw,-0.085683,0.053072,0.970000,0.000000062,0.000001259,0.012235743,-0.999925140,1.0000,1.105780721,-1.596461415,0.368696064,-2.363025904,-2.632745981,2.309216261,-0.694146812
3,167,draw,-0.085682,0.054373,0.970000,-0.000000022,0.000000637,0.012234755,-0.999925153,1.0000,1.105567932,-1.593809247,0.370228738,-2.363377571,-2.632181883,2.305892706,-0.694146812
3,168,draw,-0.085682,0.055676,0.970000,0.000000012,0.000000678,0.012234881,-0.999925151,1.0000,1.105344534,-1.591133356,0.371758342,-2.363700867,-2.631623983,2.302572727,-0.694146812
3,169,draw,-0.085683,0.056979,0.970000,0.000000111,0.000001410,0.012235930,-0.999925138,1.0000,1.105111837,-1.588436842,0.373285204,-2.363999128,-2.631072044,2.299256086,-0.694146812
3,170,draw,-0.085683,0.058282,0.970000,0.000000048,0.000001372,0.012235818,-0.999925140,1.0000,1.104879141,-1.585740328,0.374812096,-2.364297390,-2.630520105,2.295939207,-0.694146812
3,171,draw,-0.085682,0.059583,0.970000,-0.000000020,0.000000444,0.012234469,-0.999925156,1.0000,1.104646444,-1.583043933,0.376338959,-2.364595652,-2.629967928,2.292622566,-0.694146812
3,172,draw,-0.085682,0.060886,0.970000,0.000000113,0.000000857,0.012235246,-0.999925147,1.0000,1.104399323,-1.580317259,0.377861738,-2.364856958,-2.629424572,2.289311171,-0.694146812
3,173,draw,-0.085683,0.062189,0.970000,0.000000079,0.000001574,0.012236142,-0.999925136,1.0000,1.104146004,-1.577577472,0.379382730,-2.365101576,-2.628885269,2.286002159,-0.694146812
3,174,draw,-0.085683,0.063492,0.970000,0.000000075,0.000001290,0.012235768,-0.999925140,1.0000,1.103892684,-1.574837685,0.380903691,-2.365346432,-2.628345728,2.282693148,-0.694146812
3,175,draw,-0.085681,0.064793,0.970000,0.000000030,0.000000253,0.012234239,-0.999925159,1.0000,1.103639364,-1.572097898,0.382424682,-2.365591288,-2.627806425,2.279384136,-0.694146812
3,176,draw,-0.085682,0.066097,0.970000,0.000000066,0.000001121,0.012235525,-0.999925143,1.0000,1.103367686,-1.569321752,0.383940578,-2.365790129,-2.627277851,2.276082516,-0.694146812
3,177,draw,-0.085683,0.067400,0.970000,0.000000098,0.000001710,0.012236318,-0.999925133,1.0000,1.103092909,-1.566539764,0.385455608,-2.365981340,-2.626751423,2.272782326,-0.694146812
3,178,draw,-0.085682,0.068702,0.970000,-0.000000003,0.000001286,0.012235725,-0.999925141,1.0000,1.102818131,-1.563757658,0.386970639,-2.366172552,-2.626224756,2.269481897,-0.694146812
3,179,draw,-0.085681,0.070004,0.970000,0.000000042,0.000000060,0.012233977,-0.999925162,1.0000,1.102542996,-1.560974717,0.388485551,-2.366362810,-2.625698566,2.266181946,-0.694146812
3,180,draw,-0.085683,0.071307,0.970000,0.000000025,0.000001408,0.012235827,-0.999925139,1.0000,1.102246165,-1.558151484,0.389994651,-2.366500378,-2.625185013,2.262891293,-0.694146812
3,181,draw,-0.085683,0.072610,0.970000,0.000000103,0.000001796,0.012236471,-0.999925132,1.0000,1.101949215,-1.555328131,0.391503721,-2.366638184,-2.624671698,2.259600639,-0.694146812
3,182,draw,-0.085682,0.073912,0.970000,0.000000133,0.000001171,0.012235611,-0.999925142,1.0000,1.101652265,-1.552504778,0.393012822,-2.366775751,-2.624158144,2.256310225,-0.694146812
3,183,draw,-0.085681,0.075214,0.970000,0.000000037,0.000000343,0.012234406,-0.999925157,1.0000,1.101351261,-1.549674273,0.394520849,-2.366903782,-2.623647213,2.253021479,-0.694146812
3,184,draw,-0.085683,0.076517,0.970000,0.000000041,0.000001671,0.012236225,-0.999925135,1.0000,1.101031423,-1.546810865,0.396024019,-2.366987705,-2.623147249,2.249741554,-0.694146812
3,185,draw,-0.085683,0.077820,0.970000,0.000000087,0.000001866,0.012236510,-0.999925131,1.0000,1.100711584,-1.543947458,0.397527188,-2.367071629,-2.622647047,2.246461868,-0.694146812
3,186,draw,-0.085682,0.079122,0.970000,0.000000110,0.000001067,0.012235463,-0.999925144,1.0000,1.100391746,-1.541083932,0.399030387,-2.367155790,-2.622147083,2.243181944,-0.694146812
3,187,draw,-0.085682,0.080424,0.970000,-0.000000033,0.000000669,0.012234774,-0.999925152,1.0000,1.100063920,-1.538207293,0.400531590,-2.367221355,-2.621651649,2.239906073,-0.694146812
3,188,draw,-0.085683,0.081728,0.970000,0.000000108,0.000001861,0.012236446,-0.999925132,1.0000,1.099720359,-1.535304785,0.402028948,-2.367251635,-2.621165276,2.236638069,-0.694146812
3,189,draw,-0.085683,0.083030,0.970000,0.000000224,0.000001947,0.012236635,-0.999925130,1.0000,1.099376798,-1.532402396,0.403526336,-2.367282152,-2.620678902,2.233370066,-0.694146812
3,190,draw,-0.085682,0.084332,0.970000,0.000000026,0.000000877,0.012235123,-0.999925148,1.0000,1.099033356,-1.529500008,0.405023694,-2.367312431,-2.620192289,2.230101824,-0.694146812
3,191,draw,-0.085682,0.085635,0.970000,0.000000031,0.000000971,0.012235215,-0.999925147,1.0000,1.098677516,-1.526578665,0.406518221,-2.367315769,-2.619712830,2.226840258,-0.694146812
3,192,draw,-0.085683,0.086938,0.970000,0.000000207,0.000002062,0.012236704,-0.999925129,1.0000,1.098309517,-1.523638368,0.408009917,-2.367292404,-2.619240284,2.223585129,-0.694146812
3,193,draw,-0.085683,0.088240,0.970000,0.000000124,0.000002019,0.012236596,-0.999925130,1.0000,1.097941518,-1.520698190,0.409501612,-2.367269039,-2.618767738,2.220329762,-0.694146812
3,194,draw,-0.085682,0.089542,0.970000,0.000000066,0.000000698,0.012234766,-0.999925152,1.0000,1.097573638,-1.517758012,0.410993338,-2.367245674,-2.618294954,2.217074633,-0.694146812
3,195,draw,-0.085682,0.090845,0.970000,0.000000139,0.000001349,0.012235667,-0.999925141,1.0000,1.097188830,-1.514793515,0.412481397,-2.367186785,-2.617831707,2.213828564,-0.694146812
3,196,draw,-0.085683,0.092148,0.970000,0.000000067,0.000002313,0.012236870,-0.999925127,1.0000,1.096795678,-1.511816859,0.413967609,-2.367109776,-2.617372990,2.210587025,-0.694146812
3,197,draw,-0.085683,0.093450,0.970000,0.000000168,0.000001940,0.012236519,-0.999925131,1.0000,1.096402407,-1.508840084,0.415453821,-2.367033005,-2.616914272,2.207345724,-0.694146812
3,198,draw,-0.085681,0.094752,0.970000,0.000000067,0.000000351,0.012234404,-0.999925157,1.0000,1.096009254,-1.505863309,0.416940033,-2.366955996,-2.616455555,2.204104424,-0.694146812
3,199,draw,-0.085683,0.096055,0.970000,0.000000097,0.000001607,0.012236027,-0.999925137,1.0000,1.095594525,-1.502857327,0.418421924,-2.366834641,-2.616008520,2.200875282,-0.694146812
3,200,draw,-0.085684,0.097358,0.970000,0.000000207,0.000002461,0.012237049,-0.999925125,1.0000,1.095175385,-1.499845266,0.419902891,-2.366703987,-2.615564108,2.197649002,-0.694146812
3,201,draw,-0.085683,0.098661,0.970000,0.000000083,0.000001910,0.012236332,-0.999925133,1.0000,1.094756126,-1.496833205,0.421383888,-2.366573334,-2.615119457,2.194422483,-0.694146812
3,202,draw,-0.085681,0.099962,0.970000,0.000000064,0.000000040,0.012233956,-0.999925162,1.0000,1.094336987,-1.493821144,0.422864854,-2.366442919,-2.614675045,2.191196203,-0.694146812
3,203,draw,-0.085683,0.101266,0.970000,0.000000219,0.000001975,0.012236443,-0.999925132,1.0000,1.093891263,-1.490775466,0.424340934,-2.366259336,-2.614244461,2.187985659,-0.694146812
3,204,draw,-0.085684,0.102568,0.970000,0.000000230,0.000002614,0.012237179,-0.999925123,1.0000,1.093445301,-1.487729430,0.425816953,-2.366075039,-2.613814116,2.184775352,-0.694146812
3,205,draw,-0.085683,0.103871,0.970000,0.000000266,0.000001760,0.012236176,-0.999925135,1.0000,1.092999339,-1.484683275,0.427292973,-2.365890980,-2.613383770,2.181565046,-0.694146812
3,206,draw,-0.085681,0.105173,0.970000,0.000000063,0.000000374,0.012234441,-0.999925156,1.0000,1.092549205,-1.481632352,0.428768307,-2.365698814,-2.612955570,2.178357124,-0.694146812
3,207,draw,-0.085683,0.106476,0.970000,0.000000195,0.000002300,0.012236729,-0.999925128,1.0000,1.092075706,-1.478553534,0.430239707,-2.365460873,-2.612539530,2.175163984,-0.694146812
3,208,draw,-0.085684,0.107779,0.970000,0.000000240,0.000002722,0.012237269,-0.999925122,1.0000,1.091602087,-1.475474834,0.431711137,-2.365223169,-2.612123489,2.171970844,-0.694146812
3,209,draw,-0.085683,0.109081,0.970000,0.000000090,0.000001638,0.012235852,-0.999925139,1.0000,1.091128588,-1.472396016,0.433182538,-2.364985228,-2.611707449,2.168777704,-0.694146812
3,210,draw,-0.085682,0.110383,0.970000,0.000000082,0.000000867,0.012234892,-0.999925151,1.0000,1.090646267,-1.469307423,0.434652627,-2.364730835,-2.611295938,2.165590286,-0.694146812
3,211,draw,-0.085684,0.111686,0.970000,0.000000264,0.000002567,0.012237071,-0.999925124,1.0000,1.090144277,-1.466197252,0.436119795,-2.364439726,-2.610894203,2.162415266,-0.694146812
3,212,draw,-0.085684,0.112989,0.970000,0.000000273,0.000002846,0.012237289,-0.999925122,1.0000,1.089642406,-1.463087201,0.437586993,-2.364148378,-2.610492706,2.159240484,-0.694146812
3,213,draw,-0.085682,0.114291,0.970000,0.000000157,0.000001381,0.012235534,-0.999925143,1.0000,1.089140534,-1.459977031,0.439054161,-2.363857031,-2.610090971,2.156065702,-0.694146812
3,214,draw,-0.085682,0.115593,0.970000,0.000000139,0.000001344,0.012235442,-0.999925144,1.0000,1.088624835,-1.456852674,0.440519571,-2.363540411,-2.609696150,2.152899981,-0.694146812
3,215,draw,-0.085684,0.116896,0.970000,0.000000289,0.000002989,0.012237332,-0.999925121,1.0000,1.088093758,-1.453712583,0.441982985,-2.363195658,-2.609308958,2.149744511,-0.694146812
3,216,draw,-0.085684,0.118199,0.970000,0.000000299,0.000002806,0.012237187,-0.999925123,1.0000,1.087562680,-1.450572371,0.443446368,-2.362850904,-2.608921528,2.146589041,-0.694146812
3,217,draw,-0.085682,0.119501,0.970000,0.000000091,0.000001061,0.012235141,-0.999925148,1.0000,1.087031603,-1.447432280,0.444909781,-2.362506151,-2.608534336,2.143433571,-0.694146812
3,218,draw,-0.085683,0.120804,0.970000,0.000000193,0.000001802,0.012235941,-0.999925138,1.0000,1.086481571,-1.444274068,0.446371108,-2.362127542,-2.608156204,2.140291214,-0.694146812
3,219,draw,-0.085684,0.122107,0.970000,0.000000313,0.000003214,0.012237509,-0.999925119,1.0000,1.085920572,-1.441105366,0.447831243,-2.361729383,-2.607783318,2.137156248,-0.694146812
3,220,draw,-0.085684,0.123409,0.970000,0.000000292,0.000002897,0.012237115,-0.999925124,1.0000,1.085359573,-1.437936544,0.449291348,-2.361331224,-2.607410669,2.134021282,-0.694146812
3,221,draw,-0.085682,0.124711,0.970000,0.000000131,0.000000706,0.012234698,-0.999925153,1.0000,1.084798455,-1.434767842,0.450751483,-2.360933065,-2.607037783,2.130886555,-0.694146812
3,222,draw,-0.085683,0.126014,0.970000,0.000000312,0.000002290,0.012236477,-0.999925132,1.0000,1.084213018,-1.431577563,0.452209413,-2.360492706,-2.606676340,2.127768755,-0.694146812
3,223,draw,-0.085685,0.127317,0.970000,0.000000388,0.000003457,0.012237706,-0.999925116,1.0000,1.083621264,-1.428381681,0.453666806,-2.360041142,-2.606317759,2.124655485,-0.694146812
3,224,draw,-0.085684,0.128619,0.970000,0.000000254,0.000002833,0.012236917,-0.999925126,1.0000,1.083029509,-1.425185800,0.455124199,-2.359589577,-2.605959415,2.121542215,-0.694146812
3,225,draw,-0.085681,0.129921,0.970000,0.000000101,0.000000148,0.012234108,-0.999925160,1.0000,1.082437634,-1.421989918,0.456581593,-2.359138250,-2.605600834,2.118429184,-0.694146812
3,226,draw,-0.085684,0.131224,0.970000,0.000000381,0.000002737,0.012236846,-0.999925127,1.0000,1.081815720,-1.418769360,0.458036929,-2.358635902,-2.605256081,2.115337610,-0.694146812
3,227,draw,-0.085685,0.132527,0.970000,0.000000504,0.000003616,0.012237831,-0.999925115,1.0000,1.081192255,-1.415547729,0.459492177,-2.358131170,-2.604911804,2.112247229,-0.694146812
3,228,draw,-0.085684,0.133829,0.970000,0.000000347,0.000002639,0.012236686,-0.999925129,1.0000,1.080568910,-1.412326217,0.460947454,-2.357626438,-2.604567766,2.109156847,-0.694146812
3,229,draw,-0.085681,0.135132,0.970000,0.000000018,0.000000428,0.012234345,-0.999925158,1.0000,1.079941750,-1.409101725,0.462402523,-2.357115507,-2.604225159,2.106069088,-0.694146812
3,230,draw,-0.085684,0.136435,0.970000,0.000000353,0.000003253,0.012237197,-0.999925123,1.0000,1.079285979,-1.405855775,0.463856310,-2.356557608,-2.603895426,2.103002548,-0.694146812
3,231,draw,-0.085685,0.137737,0.970000,0.000000570,0.000003842,0.012237916,-0.999925114,1.0000,1.078630090,-1.402609944,0.465310067,-2.355999947,-2.603565454,2.099936247,-0.694146812
3,232,draw,-0.085683,0.139040,0.970000,0.000000358,0.000002361,0.012236342,-0.999925133,1.0000,1.077974319,-1.399363995,0.466763854,-2.355442047,-2.603235483,2.096869707,-0.694146812
3,233,draw,-0.085682,0.140342,0.970000,0.000000165,0.000001106,0.012235052,-0.999925149,1.0000,1.077309251,-1.396111846,0.468217403,-2.354869604,-2.602909565,2.093810081,-0.694146812
3,234,draw,-0.085685,0.141645,0.970000,0.000000489,0.000003582,0.012237547,-0.999925118,1.0000,1.076620221,-1.392843127,0.469670415,-2.354258776,-2.602593660,2.090768576,-0.694146812
3,235,draw,-0.085685,0.142948,0.970000,0.000000531,0.000003954,0.012237867,-0.999925114,1.0000,1.075931191,-1.389574409,0.471123427,-2.353647947,-2.602277994,2.087727070,-0.694146812
3,236,draw,-0.085683,0.144250,0.970000,0.000000381,0.000001990,0.012235965,-0.999925138,1.0000,1.075242043,-1.386305690,0.472576439,-2.353037119,-2.601962090,2.084685802,-0.694146812
3,237,draw,-0.085683,0.145552,0.970000,0.000000222,0.000001680,0.012235580,-0.999925142,1.0000,1.074537992,-1.383027673,0.474029422,-2.352402925,-2.601652384,2.081655741,-0.694146812
3,238,draw,-0.085685,0.146855,0.970000,0.000000520,0.000004077,0.012237817,-0.999925115,1.0000,1.073814869,-1.379737735,0.475482434,-2.351739168,-2.601350784,2.078640461,-0.694146812
3,239,draw,-0.085685,0.148158,0.970000,0.000000530,0.000004008,0.012237779,-0.999925116,1.0000,1.073091626,-1.376447678,0.476935416,-2.351075411,-2.601048946,2.075625181,-0.694146812
3,240,draw,-0.085683,0.149460,0.970000,0.000000258,0.000001590,0.012235469,-0.999925144,1.0000,1.072368503,-1.373157740,0.478388399,-2.350411892,-2.600747108,2.072609901,-0.694146812
3,241,draw,-0.085683,0.150763,0.970000,0.000000434,0.000002349,0.012236174,-0.999925135,1.0000,1.071624279,-1.369855762,0.479841888,-2.349716425,-2.600453615,2.069611073,-0.694146812
3,242,draw,-0.085685,0.152065,0.970000,0.000000665,0.000004351,0.012238074,-0.999925112,1.0000,1.070866108,-1.366546035,0.481295675,-2.348999977,-2.600165606,2.066622972,-0.694146812
3,243,draw,-0.085685,0.153368,0.970000,0.000000496,0.000003926,0.012237600,-0.999925118,1.0000,1.070107937,-1.363236189,0.482749462,-2.348283291,-2.599877596,2.063634872,-0.694146812
3,244,draw,-0.085682,0.154670,0.970000,0.000000185,0.000000994,0.012234812,-0.999925152,1.0000,1.069349885,-1.359926343,0.484203249,-2.347566843,-2.599589586,2.060647011,-0.694146812
3,245,draw,-0.085684,0.155973,0.970000,0.000000488,0.000002976,0.012236680,-0.999925129,1.0000,1.068564296,-1.356602669,0.485658318,-2.346810341,-2.599312067,2.057680607,-0.694146812
3,246,draw,-0.085686,0.157276,0.970000,0.000000749,0.000004720,0.012238216,-0.999925110,1.0000,1.067770362,-1.353274465,0.487113774,-2.346041203,-2.599037886,2.054720879,-0.694146812
3,247,draw,-0.085685,0.158578,0.970000,0.000000560,0.000003828,0.012237395,-0.999925120,1.0000,1.066976309,-1.349946380,0.488569230,-2.345272064,-2.598763466,2.051761150,-0.694146812
3,248,draw,-0.085681,0.159880,0.970000,-0.000000022,0.000000360,0.012234227,-0.999925159,1.0000,1.066182256,-1.346618295,0.490024686,-2.344502926,-2.598489046,2.048801422,-0.694146812
3,249,draw,-0.085685,0.161183,0.970000,0.000000573,0.000003661,0.012237147,-0.999925123,1.0000,1.065354347,-1.343274713,0.491482526,-2.343685389,-2.598227262,2.045869112,-0.694146812
3,250,draw,-0.085686,0.162486,0.970000,0.000000740,0.000004921,0.012238297,-0.999925109,1.0000,1.064523578,-1.339929700,0.492940575,-2.342863798,-2.597966194,2.042938709,-0.694146812
3,251,draw,-0.085685,0.163788,0.970000,0.000000558,0.000003607,0.012237107,-0.999925124,1.0000,1.063692808,-1.336584806,0.494398594,-2.342042208,-2.597705364,2.040008545,-0.694146812
3,252,draw,-0.085681,0.165091,0.970000,0.000000075,0.000000437,0.012234271,-0.999925159,1.0000,1.062858820,-1.333238602,0.495856941,-2.341216087,-2.597445488,2.037081003,-0.694146812
3,253,draw,-0.085685,0.166394,0.970000,0.000000750,0.000004164,0.012237569,-0.999925118,1.0000,1.061990380,-1.329878449,0.497318506,-2.340342283,-2.597197771,2.034181356,-0.694146812
3,254,draw,-0.085686,0.167696,0.970000,0.000000767,0.000005162,0.012238360,-0.999925108,1.0000,1.061121941,-1.326518297,0.498780102,-2.339468241,-2.596950054,2.031281471,-0.694146812
3,255,draw,-0.085684,0.168999,0.970000,0.000000500,0.000003311,0.012236717,-0.999925129,1.0000,1.060253501,-1.323158026,0.500241697,-2.338594198,-2.596702337,2.028381824,-0.694146812
3,256,draw,-0.085682,0.170301,0.970000,0.000000149,0.000001314,0.012234963,-0.999925150,1.0000,1.059375644,-1.319794536,0.501704395,-2.337707520,-2.596457720,2.025489807,-0.694146812
3,257,draw,-0.085686,0.171604,0.970000,0.000000894,0.000004714,0.012237904,-0.999925114,1.0000,1.058468580,-1.316420555,0.503170550,-2.336781502,-2.596222878,2.022621870,-0.694146812
3,258,draw,-0.085686,0.172906,0.970000,0.000000872,0.000005248,0.012238315,-0.999925109,1.0000,1.057561517,-1.313046694,0.504636645,-2.335855246,-2.595988035,2.019753695,-0.694146812
3,259,draw,-0.085684,0.174209,0.970000,0.000000520,0.000002805,0.012236306,-0.999925134,1.0000,1.056654453,-1.309672713,0.506102800,-2.334929228,-2.595753193,2.016885519,-0.694146812
3,260,draw,-0.085683,0.175511,0.970000,0.000000412,0.000002178,0.012235679,-0.999925141,1.0000,1.055731297,-1.306293726,0.507571280,-2.333981752,-2.595523596,2.014030695,-0.694146812
3,261,draw,-0.085686,0.176814,0.970000,0.000001017,0.000005252,0.012238229,-0.999925110,1.0000,1.054784775,-1.302907586,0.509043038,-2.333003759,-2.595301390,2.011195183,-0.694146812
3,262,draw,-0.085686,0.178117,0.970000,0.000000870,0.000005218,0.012238217,-0.999925110,1.0000,1.053838134,-1.299521446,0.510514796,-2.332025528,-2.595078945,2.008359432,-0.694146812
3,263,draw,-0.085683,0.179419,0.970000,0.000000321,0.000002213,0.012235697,-0.999925141,1.0000,1.052891612,-1.296135306,0.511986554,-2.331047297,-2.594856739,2.005523920,-0.694146812
4,0,travel,-0.086138,0.179998,0.966661,0.000158068,0.000059549,0.011207328,-0.999937182,1.0000,1.049969435,-1.303622007,0.516674459,-2.339943886,-2.589362860,2.003361940,-0.688513100
4,1,travel,-0.086814,0.180035,0.960781,0.000397655,0.000148016,0.009504018,-0.999954746,1.0000,1.045551181,-1.319343090,0.523798108,-2.356318712,-2.579876184,2.001709700,-0.678612709
4,2,travel,-0.087326,0.180073,0.954891,0.000586198,0.000215340,0.007928659,-0.999968373,1.0000,1.041132808,-1.335064292,0.530921698,-2.372693777,-2.570389509,2.000057697,-0.668712318
4,3,travel,-0.087673,0.180110,0.948994,0.000720324,0.000261204,0.006480218,-0.999978710,1.0000,1.036714435,-1.350785494,0.538045347,-2.389068842,-2.560903072,1.998405576,-0.658811986
4,4,travel,-0.087852,0.180140,0.943093,0.000796826,0.000284934,0.005157429,-0.999986342,1.0000,1.032296181,-1.366506696,0.545168936,-2.405443907,-2.551416397,1.996753454,-0.648911595
4,5,travel,-0.087862,0.180159,0.937193,0.000812437,0.000286434,0.003959276,-0.999991791,1.0000,1.027877808,-1.382227898,0.552292585,-2.421818733,-2.541929722,1.995101333,-0.639011204
4,6,travel,-0.087702,0.180164,0.931298,0.000764107,0.000265484,0.002884634,-0.999995512,1.0000,1.023459554,-1.397949100,0.559416175,-2.438193798,-2.532443285,1.993449211,-0.629110873
4,7,travel,-0.087371,0.180148,0.925411,0.000648516,0.000221873,0.001932098,-0.999997899,1.0000,1.019041181,-1.413670301,0.566539824,-2.454568863,-2.522956610,1.991797090,-0.619210482
4,8,travel,-0.086869,0.180109,0.919536,0.000462487,0.000155665,0.001100329,-0.999999276,1.0000,1.014622808,-1.429391503,0.573663414,-2.470943928,-2.513469934,1.990145087,-0.609310091
4,9,travel,-0.086194,0.180040,0.913677,0.000202637,0.000067181,0.000387803,-0.999999902,1.0000,1.010204554,-1.445112705,0.580787003,-2.487318754,-2.503983498,1.988492966,-0.599409699
4,10,travel,-0.087414,0.179226,0.910034,-0.000019910,0.000032462,0.000024946,-0.999999999,1.0000,1.013495564,-1.454033852,0.586617112,-2.496476889,-2.496793747,1.986927271,-0.600580394
4,11,travel,-0.092072,0.177121,0.910118,-0.000071736,0.000112713,0.000087395,-0.999999987,1.0000,1.029870510,-1.451414466,0.590251982,-2.493386984,-2.493502140,1.985508442,-0.620540500
4,12,travel,-0.096707,0.174911,0.910193,-0.000120831,0.000182558,0.000142520,-0.999999966,1.0000,1.046245575,-1.448795080,0.593886793,-2.490296841,-2.490210533,1.984089494,-0.640500665
4,13,travel,-0.101316,0.172597,0.910258,-0.000166450,0.000242147,0.000190499,-0.999999939,1.0000,1.062620521,-1.446175694,0.597521603,-2.487206697,-2.486918926,1.982670665,-0.660460770
4,14,travel,-0.105897,0.170180,0.910313,-0.000208140,0.000291677,0.000231357,-0.999999909,1.0000,1.078995466,-1.443556190,0.601156414,-2.484116554,-2.483627319,1.981251717,-0.680420876
4,15,travel,-0.110448,0.167658,0.910359,-0.000245437,0.000331426,0.000265090,-0.999999880,1.0000,1.095370531,-1.440936804,0.604791224,-2.481026411,-2.480335712,1.979832768,-0.700380981
4,16,travel,-0.114966,0.165034,0.910395,-0.000277719,0.000361718,0.000291951,-0.999999853,1.0000,1.111745477,-1.438317418,0.608426034,-2.477936268,-2.477044344,1.978413939,-0.720341146
4,17,travel,-0.119449,0.162306,0.910422,-0.000304535,0.000382576,0.000311788,-0.999999832,1.0000,1.128120542,-1.435698032,0.612060845,-2.474846363,-2.473752737,1.976994991,-0.740301251
4,18,travel,-0.123895,0.159476,0.910439,-0.000325400,0.000394430,0.000324721,-0.999999817,1.0000,1.144495487,-1.433078527,0.615695655,-2.471756220,-2.470461130,1.975576162,-0.760261357
4,19,travel,-0.128301,0.156544,0.910447,-0.000339973,0.000397602,0.000330783,-0.999999808,1.0000,1.160870552,-1.430459142,0.619330466,-2.468666077,-2.467169523,1.974157214,-0.780221522
4,20,travel,-0.132666,0.153510,0.910446,-0.000347674,0.000392385,0.000330092,-0.999999808,1.0000,1.177245498,-1.427839756,0.622965276,-2.465575933,-2.463877916,1.972738266,-0.800181627
4,21,travel,-0.136986,0.150375,0.910436,-0.000347931,0.000379097,0.000322613,-0.999999816,1.0000,1.193620563,-1.425220251,0.626600087,-2.462485790,-2.460586309,1.971319437,-0.820141733
4,22,travel,-0.141261,0.147140,0.910416,-0.000340435,0.000358110,0.000308624,-0.999999830,1.0000,1.209995508,-1.422600865,0.630234897,-2.459395885,-2.457294703,1.969900489,-0.840101898
4,23,travel,-0.145487,0.143804,0.910388,-0.000324766,0.000329830,0.000287864,-0.999999851,1.0000,1.226370573,-1.419981480,0.633869708,-2.456305742,-2.454003096,1.968481660,-0.860062003
4,24,travel,-0.149662,0.140370,0.910351,-0.000300538,0.000294722,0.000260656,-0.999999877,1.0000,1.242745519,-1.417362094,0.637504518,-2.453215599,-2.450711727,1.967062712,-0.880022109
4,25,travel,-0.153784,0.136837,0.910306,-0.000267208,0.000252958,0.000226934,-0.999999907,1.0000,1.259120464,-1.414742589,0.641139328,-2.450125456,-2.447420120,1.965643764,-0.899982274
4,26,travel,-0.157851,0.133207,0.910251,-0.000224442,0.000205113,0.000186684,-0.999999936,1.0000,1.275495529,-1.412123203,0.644774139,-2.447035313,-2.444128513,1.964224935,-0.919942379
4,27,travel,-0.161861,0.129480,0.910188,-0.000171819,0.000151605,0.000140180,-0.999999964,1.0000,1.291870475,-1.409503818,0.648409009,-2.443945408,-2.440836906,1.962805986,-0.939902484
4,28,travel,-0.165811,0.125657,0.910117,-0.000109060,0.000092879,0.000087229,-0.999999986,1.0000,1.308245540,-1.406884432,0.652043819,-2.440855265,-2.437545300,1.961387157,-0.959862590
4,29,travel,-0.169699,0.121739,0.910038,-0.000035767,0.000029380,0.000028104,-0.999999999,1.0000,1.324620485,-1.404264927,0.655678630,-2.437765121,-2.434253693,1.959968209,-0.979822755
4,30,travel,-0.171218,0.119996,0.911798,0.000077815,-0.000067648,0.007973233,-0.999968208,1.0000,1.322701693,-1.401476979,0.655833602,-2.430374622,-2.433162451,1.963182569,-0.998679101
4,31,travel,-0.170925,0.120016,0.915017,0.000205235,-0.000178129,0.022258953,-0.999752202,1.0000,1.306326747,-1.398555875,0.653238773,-2.419586182,-2.433809519,1.970058084,-1.016663194
4,32,travel,-0.170665,0.120027,0.918237,0.000317259,-0.000274734,0.036557570,-0.999331461,1.0000,1.289951682,-1.395634651,0.650643945,-2.408797503,-2.434456825,1.976933599,-1.034647226
4,33,travel,-0.170438,0.120029,0.921458,0.000413942,-0.000357595,0.050866273,-0.998705323,1.0000,1.273576736,-1.392713547,0.648049176,-2.398008823,-2.435104132,1.983809233,-1.052631378
4,34,travel,-0.170244,0.120024,0.924679,0.000495296,-0.000426905,0.065182323,-0.997873157,1.0000,1.257201672,-1.389792442,0.645454347,-2.387220383,-2.435751438,1.990684748,-1.070615411
4,35,travel,-0.170084,0.120014,0.927899,0.000561271,-0.000482805,0.079502683,-0.996834377,1.0000,1.240826726,-1.386871219,0.642859519,-2.376431704,-2.436398506,1.997560263,-1.088599563
4,36,travel,-0.169959,0.119998,0.931119,0.000611795,-0.000525152,0.093824661,-0.995588410,1.0000,1.224451661,-1.383950114,0.640264690,-2.365643024,-2.437045813,2.004435778,-1.106583595
4,37,travel,-0.169870,0.119979,0.934337,0.000647158,-0.000554138,0.108145398,-0.994134723,1.0000,1.208076715,-1.381029010,0.637669861,-2.354854584,-2.437693119,2.011311531,-1.124567747
4,38,travel,-0.169816,0.119959,0.937554,0.000666995,-0.000569897,0.122461913,-0.992472826,1.0000,1.191701651,-1.378107786,0.635075033,-2.344065905,-2.438340425,2.018187046,-1.142551899
4,39,travel,-0.169799,0.119938,0.940768,0.000671432,-0.000572577,0.136771128,-0.990602281,1.0000,1.175326705,-1.375186682,0.632480204,-2.333277225,-2.438987494,2.025062561,-1.160535932
4,40,travel,-0.169819,0.119918,0.943979,0.000660577,-0.000562086,0.151070510,-0.988522609,1.0000,1.158951640,-1.372265577,0.629885375,-2.322488785,-2.439634800,2.031938076,-1.178520083
4,41,travel,-0.169876,0.119900,0.947187,0.000634336,-0.000538583,0.165356673,-0.986233481,1.0000,1.142576694,-1.369344354,0.627290606,-2.311700106,-2.440282106,2.038813591,-1.196504116
4,42,travel,-0.169970,0.119886,0.950391,0.000592802,-0.000502167,0.179626956,-0.983734493,1.0000,1.126201630,-1.366423249,0.624695778,-2.300911427,-2.440929413,2.045689344,-1.214488268
4,43,travel,-0.170103,0.119878,0.953591,0.000536003,-0.000453106,0.193878134,-0.981025370,1.0000,1.109826684,-1.363502026,0.622100949,-2.290122986,-2.441576481,2.052564859,-1.232472301
4,44,travel,-0.170273,0.119877,0.956786,0.000463708,-0.000391203,0.208107344,-0.978105805,1.0000,1.093451738,-1.360580921,0.619506121,-2.279334307,-2.442223787,2.059440374,-1.250456452
4,45,travel,-0.170482,0.119884,0.959976,0.000376116,-0.000316684,0.222311510,-0.974975564,1.0000,1.077076674,-1.357659817,0.616911292,-2.268545628,-2.442871094,2.066315889,-1.268440485
4,46,travel,-0.170730,0.119901,0.963160,0.000273430,-0.000229770,0.236487590,-0.971634444,1.0000,1.060701728,-1.354738593,0.614316463,-2.257757187,-2.443518162,2.073191404,-1.286424637
4,47,travel,-0.171016,0.119930,0.966337,0.000155308,-0.000130300,0.250632497,-0.968082285,1.0000,1.044326663,-1.351817489,0.611721635,-2.246968508,-2.444165468,2.080066919,-1.304408669
4,48,travel,-0.171341,0.119972,0.969508,0.000022074,-0.000018468,0.264743158,-0.964318961,1.0000,1.027951717,-1.348896384,0.609126806,-2.236179829,-2.444812775,2.086942673,-1.322392821
4,49,draw,-0.169910,0.118485,0.970000,-0.000006278,0.000008754,0.266939925,-0.963713171,1.0000,1.027406573,-1.352097154,0.604744792,-2.237905264,-2.447834730,2.090525866,-1.322991252
4,50,draw,-0.168137,0.116719,0.970000,-0.000002056,0.000002800,0.266936019,-0.963714253,1.0000,1.029776335,-1.356425285,0.600033581,-2.241935015,-2.451293707,2.093502760,-1.320388317
4,51,draw,-0.166374,0.114949,0.970000,-0.000006272,0.000008490,0.266939838,-0.963713195,1.0000,1.032100201,-1.360736966,0.595321536,-2.245896816,-2.454815626,2.096492767,-1.317785382
4,52,draw,-0.164601,0.113183,0.970000,-0.000002207,0.000003043,0.266936237,-0.963714193,1.0000,1.034414411,-1.365045190,0.590609312,-2.249844313,-2.458350658,2.099485636,-1.315182447
4,53,draw,-0.162838,0.111414,0.970000,-0.000006184,0.000008250,0.266939732,-0.963713225,1.0000,1.036685586,-1.369336009,0.585895300,-2.253725529,-2.461947441,2.102489948,-1.312579513
4,54,draw,-0.161066,0.109647,0.970000,-0.000002420,0.000003301,0.266936354,-0.963714160,1.0000,1.038946271,-1.373622656,0.581180930,-2.257590532,-2.465559006,2.105497360,-1.309976578
4,55,draw,-0.159302,0.107878,0.970000,-0.000006206,0.000008013,0.266939532,-0.963713280,1.0000,1.041166425,-1.377891064,0.576463938,-2.261390924,-2.469230890,2.108514786,-1.307373643
4,56,draw,-0.157531,0.106112,0.970000,-0.000002634,0.000003502,0.266936489,-0.963714123,1.0000,1.043375492,-1.382154346,0.571746290,-2.265173674,-2.472919464,2.111535311,-1.304770708
4,57,draw,-0.155767,0.104342,0.970000,-0.000006026,0.000007825,0.266939428,-0.963713309,1.0000,1.045546412,-1.386398673,0.567025363,-2.268893242,-2.476666927,2.114564896,-1.302167773
4,58,draw,-0.153995,0.102576,0.970000,-0.000002845,0.000003616,0.266936647,-0.963714079,1.0000,1.047705650,-1.390637159,0.562303424,-2.272593498,-2.480432510,2.117597103,-1.299564838
4,59,draw,-0.152231,0.100807,0.970000,-0.000005949,0.000007574,0.266939310,-0.963713342,1.0000,1.049829245,-1.394855976,0.557577729,-2.276232243,-2.484255791,2.120637417,-1.296961904
4,60,draw,-0.150460,0.099040,0.970000,-0.000003039,0.000003844,0.266936725,-0.963714058,1.0000,1.051940560,-1.399067998,0.552850604,-2.279849529,-2.488098860,2.123680592,-1.294358969
4,61,draw,-0.148695,0.097271,0.970000,-0.000005942,0.000007339,0.266939092,-0.963713402,1.0000,1.054018497,-1.403259873,0.548119187,-2.283407211,-2.491997957,2.126730442,-1.291756034
4,62,draw,-0.146925,0.095505,0.970000,-0.000003179,0.000003999,0.266936814,-0.963714033,1.0000,1.056083679,-1.407444000,0.543386102,-2.286942005,-2.495918512,2.129783154,-1.289153099
4,63,draw,-0.145159,0.093736,0.970000,-0.000005759,0.000007118,0.266939041,-0.963713416,1.0000,1.058117628,-1.411607504,0.538648188,-2.290418625,-2.499893665,2.132841587,-1.286550283
4,64,draw,-0.143389,0.091969,0.970000,-0.000003399,0.000004196,0.266937028,-0.963713974,1.0000,1.060138345,-1.415762186,0.533908248,-2.293870211,-2.503891945,2.135902643,-1.283947349
4,65,draw,-0.141624,0.090200,0.970000,-0.000005638,0.000006900,0.266938862,-0.963713466,1.0000,1.062130094,-1.419896007,0.529163182,-2.297265530,-2.507942915,2.138968706,-1.281344414
4,66,draw,-0.139854,0.088433,0.970000,-0.000003584,0.000004271,0.266937066,-0.963713963,1.0000,1.064108253,-1.424019933,0.524415672,-2.300634146,-2.512018681,2.142036915,-1.278741479
4,67,draw,-0.138088,0.086665,0.970000,-0.000005627,0.000006640,0.266938686,-0.963713514,1.0000,1.066059232,-1.428122520,0.519662738,-2.303947687,-2.516145706,2.145109415,-1.276138544
4,68,draw,-0.136318,0.084898,0.970000,-0.000003771,0.000004401,0.266937124,-0.963713947,1.0000,1.067996502,-1.432214379,0.514907062,-2.307233095,-2.520298958,2.148184061,-1.273535609
4,69,draw,-0.134552,0.083129,0.970000,-0.000005404,0.000006420,0.266938530,-0.963713558,1.0000,1.069908500,-1.436284661,0.510145664,-2.310465097,-2.524501801,2.151262283,-1.270932674
4,70,draw,-0.132783,0.081362,0.970000,-0.000003831,0.000004532,0.266937243,-0.963713914,1.0000,1.071806550,-1.440343022,0.505381107,-2.313667059,-2.528732538,2.154342175,-1.268329740
4,71,draw,-0.131017,0.079594,0.970000,-0.000005311,0.000006240,0.266938382,-0.963713599,1.0000,1.073681116,-1.444379807,0.500610828,-2.316817045,-2.533010960,2.157424927,-1.265726805
4,72,draw,-0.129247,0.077826,0.970000,-0.000003983,0.000004622,0.266937281,-0.963713904,1.0000,1.075541615,-1.448403358,0.495836943,-2.319935322,-2.537318707,2.160509109,-1.263123870
4,73,draw,-0.127481,0.076058,0.970000,-0.000005204,0.000005980,0.266938126,-0.963713670,1.0000,1.077380419,-1.452405334,0.491057187,-2.323003054,-2.541672468,2.163595676,-1.260520935
4,74,draw,-0.125712,0.074291,0.970000,-0.000004117,0.000004683,0.266937314,-0.963713895,1.0000,1.079204798,-1.456393003,0.486273527,-2.326037407,-2.546056986,2.166683435,-1.257918000
4,75,draw,-0.123945,0.072522,0.970000,-0.000005097,0.000005846,0.266938010,-0.963713702,1.0000,1.081009388,-1.460359097,0.481483966,-2.329022884,-2.550486088,2.169772863,-1.255315065
4,76,draw,-0.122177,0.070755,0.970000,-0.000004285,0.000004801,0.266937308,-0.963713896,1.0000,1.082799554,-1.464309692,0.476690143,-2.331973076,-2.554946899,2.172863245,-1.252712131
4,77,draw,-0.120409,0.068987,0.970000,-0.000005022,0.000005524,0.266937877,-0.963713739,1.0000,1.084571242,-1.468238711,0.471890450,-2.334876060,-2.559450388,2.175954580,-1.250109315
4,78,draw,-0.118641,0.067219,0.970000,-0.000004442,0.000004902,0.266937416,-0.963713866,1.0000,1.086328745,-1.472151041,0.467086166,-2.337741852,-2.563987494,2.179046869,-1.247506380
4,79,draw,-0.116874,0.065451,0.970000,-0.000004861,0.000005368,0.266937629,-0.963713807,1.0000,1.088069320,-1.476042032,0.462276101,-2.340561867,-2.568565130,2.182139874,-1.244903445
4,80,draw,-0.115106,0.063684,0.970000,-0.000004576,0.000004943,0.266937411,-0.963713867,1.0000,1.089795470,-1.479915023,0.457461089,-2.343343019,-2.573177576,2.185233116,-1.242300510
4,81,draw,-0.113338,0.061916,0.970000,-0.000004700,0.000005190,0.266937550,-0.963713829,1.0000,1.091506362,-1.483766913,0.452640474,-2.346080303,-2.577829123,2.188326597,-1.239697576
4,82,draw,-0.111570,0.060148,0.970000,-0.000004568,0.000005042,0.266937483,-0.963713848,1.0000,1.093202949,-1.487599492,0.447814643,-2.348776579,-2.582516432,2.191420317,-1.237094641
4,83,draw,-0.109802,0.058380,0.970000,-0.000004609,0.000004983,0.266937336,-0.963713888,1.0000,1.094885588,-1.491411328,0.442983329,-2.351430178,-2.587240934,2.194513798,-1.234491706
4,84,draw,-0.108035,0.056613,0.970000,-0.000004658,0.000005052,0.266937391,-0.963713873,1.0000,1.096554160,-1.495202541,0.438146561,-2.354041338,-2.592002392,2.197607279,-1.231888771
4,85,draw,-0.106267,0.054845,0.970000,-0.000004505,0.000004747,0.266937081,-0.963713959,1.0000,1.098210096,-1.498973489,0.433304548,-2.356611490,-2.596799374,2.200700045,-1.229285836
4,86,draw,-0.104499,0.053077,0.970000,-0.000004720,0.000005111,0.266937366,-0.963713880,1.0000,1.099852085,-1.502722263,0.428456873,-2.359137297,-2.601634502,2.203792572,-1.226682901
4,87,draw,-0.102731,0.051309,0.970000,-0.000004227,0.000004551,0.266936919,-0.963714004,1.0000,1.101482749,-1.506451249,0.423604190,-2.361623764,-2.606503248,2.206884146,-1.224079967
4,88,draw,-0.100964,0.049541,0.970000,-0.000004867,0.000005225,0.266937384,-0.963713875,1.0000,1.103099704,-1.510156870,0.418745637,-2.364063740,-2.611411333,2.209975004,-1.221477032
4,89,draw,-0.099195,0.047774,0.970000,-0.000004056,0.000004351,0.266936773,-0.963714044,1.0000,1.104706526,-1.513843179,0.413882375,-2.366466284,-2.616350889,2.213064909,-1.218874097
4,90,draw,-0.097428,0.046006,0.970000,-0.000005004,0.000005193,0.266937232,-0.963713917,1.0000,1.106300116,-1.517504692,0.409013122,-2.368820190,-2.621330738,2.216153622,-1.216271162
4,91,draw,-0.095660,0.044239,0.970000,-0.000003914,0.000004168,0.266936645,-0.963714080,1.0000,1.107884407,-1.521147370,0.404139489,-2.371138334,-2.626340628,2.219241381,-1.213668346
4,92,draw,-0.093893,0.042470,0.970000,-0.000004951,0.000005286,0.266937339,-0.963713888,1.0000,1.109456062,-1.524763942,0.399259746,-2.373406410,-2.631391764,2.222327471,-1.211065412
4,93,draw,-0.092124,0.040703,0.970000,-0.000003772,0.000003979,0.266936475,-0.963714127,1.0000,1.111019492,-1.528362393,0.394375980,-2.375639915,-2.636470795,2.225412369,-1.208462477
4,94,draw,-0.090357,0.038934,0.970000,-0.000005053,0.000005348,0.266937223,-0.963713920,1.0000,1.112570643,-1.531933188,0.389486074,-2.377821207,-2.641592026,2.228495598,-1.205859542
4,95,draw,-0.088588,0.037168,0.970000,-0.000003534,0.000003727,0.266936253,-0.963714188,1.0000,1.114114523,-1.535486579,0.384592474,-2.379970074,-2.646739244,2.231577396,-1.203256607
4,96,draw,-0.086822,0.035399,0.970000,-0.000005048,0.000005314,0.266937180,-0.963713931,1.0000,1.115646601,-1.539011002,0.379692793,-2.382064819,-2.651929617,2.234657049,-1.200653672
5,0,travel,-0.085804,0.034291,0.968188,0.000054700,0.000047866,0.270382661,-0.962752934,1.0000,1.116437912,-1.544867754,0.378215998,-2.389262438,-2.654035807,2.234452486,-1.204597235
5,1,travel,-0.086107,0.034354,0.963113,0.000189463,0.000168519,0.280059040,-0.959982745,1.0000,1.115896583,-1.554919243,0.382895172,-2.405637264,-2.650595188,2.228341579,-1.220314622
5,2,travel,-0.086351,0.034406,0.958032,0.000297580,0.000268529,0.289771805,-0.957095680,1.0000,1.115355372,-1.564970732,0.387574315,-2.422012329,-2.647154570,2.222230673,-1.236032009
5,3,travel,-0.086534,0.034445,0.952944,0.000378868,0.000346887,0.299519056,-0.954090180,1.0000,1.114814162,-1.575022221,0.392253488,-2.438387394,-2.643713951,2.216119766,-1.251749277
5,4,travel,-0.086658,0.034472,0.947851,0.000433102,0.000402525,0.309299008,-0.950964654,1.0000,1.114272833,-1.585073829,0.396932632,-2.454762220,-2.640273333,2.210008860,-1.267466664
5,5,travel,-0.086721,0.034487,0.942754,0.000460720,0.000434373,0.319109618,-0.947717601,1.0000,1.113731623,-1.595125318,0.401611805,-2.471137285,-2.636832714,2.203898191,-1.283184052
5,6,travel,-0.086723,0.034489,0.937655,0.000461326,0.000441318,0.328948943,-0.944347492,1.0000,1.113190293,-1.605176806,0.406290948,-2.487512350,-2.633392096,2.197787285,-1.298901439
5,7,travel,-0.086665,0.034478,0.932553,0.000435086,0.000422333,0.338814809,-0.940852888,1.0000,1.112649083,-1.615228295,0.410970122,-2.503887415,-2.629951477,2.191676378,-1.314618826
5,8,travel,-0.086546,0.034453,0.927449,0.000381963,0.000376327,0.348705061,-0.937232358,1.0000,1.112107873,-1.625279784,0.415649265,-2.520262241,-2.626510859,2.185565472,-1.330336094
5,9,travel,-0.086367,0.034415,0.922346,0.000302302,0.000302127,0.358617732,-0.933484408,1.0000,1.111566544,-1.635331273,0.420328438,-2.536637306,-2.623070002,2.179454565,-1.346053481
5,10,travel,-0.086127,0.034364,0.917243,0.000196037,0.000198850,0.368550527,-0.929607676,1.0000,1.111025333,-1.645382881,0.425007612,-2.553012371,-2.619629383,2.173343658,-1.361770868
5,11,travel,-0.085825,0.034298,0.912141,0.000063479,0.000065298,0.378501233,-0.925600782,1.0000,1.110484004,-1.655434370,0.429686755,-2.569387436,-2.616188765,2.167232752,-1.377488256
5,12,travel,-0.082208,0.032479,0.910277,-0.001306236,-0.002948947,0.382615594,-0.923902000,1.0000,1.111691833,-1.659030080,0.425396413,-2.578262806,-2.616542816,2.160248041,-1.384086609
5,13,travel,-0.076219,0.029430,0.910688,-0.003534666,-0.008025960,0.382505488,-0.923911599,1.0000,1.114165187,-1.657954454,0.414615721,-2.581711769,-2.619642735,2.152631044,-1.384086609
5,14,travel,-0.070225,0.026419,0.911014,-0.005733953,-0.013095514,0.382403803,-0.923884712,1.0000,1.116638541,-1.656878829,0.403835058,-2.585160732,-2.622742414,2.145014286,-1.384086609
5,15,travel,-0.064227,0.023446,0.911255,-0.007904304,-0.018157173,0.382310677,-0.923821620,1.0000,1.119111896,-1.655803084,0.393054396,-2.588609695,-2.625842333,2.137397289,-1.384086609
5,16,travel,-0.058228,0.020512,0.911412,-0.010045804,-0.023210690,0.382226011,-0.923722698,1.0000,1.121585250,-1.654727459,0.382273734,-2.592058420,-2.628942251,2.129780293,-1.384086609
5,17,travel,-0.052229,0.017618,0.911486,-0.012158158,-0.028255903,0.382149843,-0.923588264,1.0000,1.124058604,-1.653651834,0.371493042,-2.595507383,-2.632041931,2.122163296,-1.384086609
5,18,travel,-0.046229,0.014763,0.911476,-0.014241514,-0.033292280,0.382082202,-0.923418645,1.0000,1.126532078,-1.652576208,0.360712379,-2.598956347,-2.635141850,2.114546299,-1.384086609
5,19,travel,-0.040232,0.011947,0.911384,-0.016295864,-0.038319641,0.382023140,-0.923214152,1.0000,1.129005432,-1.651500583,0.349931717,-2.602405310,-2.638241768,2.106929302,-1.384086609
5,20,travel,-0.034237,0.009171,0.911210,-0.018321201,-0.043337800,0.381972546,-0.922975158,1.0000,1.131478786,-1.650424957,0.339151055,-2.605854273,-2.641341448,2.099312305,-1.384086609
5,21,travel,-0.028247,0.006435,0.910954,-0.020317688,-0.048346267,0.381930497,-0.922701970,1.0000,1.133952141,-1.649349332,0.328370392,-2.609302998,-2.644441366,2.091695309,-1.384086609
5,22,travel,-0.022262,0.003739,0.910617,-0.022285045,-0.053344895,0.381897018,-0.922394908,1.0000,1.136425495,-1.648273587,0.317589700,-2.612751961,-2.647541285,2.084078312,-1.384086609
5,23,travel,-0.016284,0.001083,0.910199,-0.024223507,-0.058333467,0.381871999,-0.922054339,1.0000,1.138898849,-1.647197962,0.306809038,-2.616200924,-2.650640965,2.076461315,-1.384086609
5,24,travel,-0.008180,0.000491,0.908648,-0.023963753,-0.069223369,0.368551050,-0.926716778,1.0000,1.143343091,-1.646339417,0.300380141,-2.616886616,-2.632869005,2.073708057,-1.369319320
5,25,travel,0.001296,0.001657,0.906106,-0.022376114,-0.084392079,0.345366981,-0.934397632,1.0000,1.149213314,-1.645637989,0.297100157,-2.615572453,-2.599993944,2.074474096,-1.343866467
5,26,travel,0.010540,0.003177,0.903308,-0.021102125,-0.099556185,0.321904456,-0.941286772,1.0000,1.155083537,-1.644936562,0.293820173,-2.614258528,-2.567118883,2.075240135,-1.318413496
5,27,travel,0.019533,0.005042,0.900269,-0.020141958,-0.114705739,0.298189845,-0.947375169,1.0000,1.160953879,-1.644235134,0.290540189,-2.612944603,-2.534243822,2.076006174,-1.292960525
5,28,travel,0.028255,0.007242,0.897002,-0.019495538,-0.129830725,0.274250097,-0.952654602,1.0000,1.166824102,-1.643533707,0.287260205,-2.611630678,-2.501368999,2.076771975,-1.267507672
5,29,travel,0.036689,0.009766,0.893522,-0.019162124,-0.144921375,0.250111804,-0.957117910,1.0000,1.172694445,-1.642832279,0.283980221,-2.610316753,-2.468493938,2.077538013,-1.242054701
5,30,travel,0.044817,0.012604,0.889845,-0.019141142,-0.159967703,0.225802460,-0.960758658,1.0000,1.178564668,-1.642130971,0.280700237,-2.609002829,-2.435618877,2.078304052,-1.216601849
5,31,travel,0.052625,0.015742,0.885987,-0.019431450,-0.174959861,0.201349316,-0.963571439,1.0000,1.184434891,-1.641429543,0.277420253,-2.607688904,-2.402743816,2.079070091,-1.191148877
5,32,travel,0.060098,0.019167,0.881961,-0.020031776,-0.189887914,0.176780061,-0.965551717,1.0000,1.190305233,-1.640728116,0.274140269,-2.606374979,-2.369868994,2.079836130,-1.165696025
5,33,travel,0.067222,0.022866,0.877786,-0.020940557,-0.204742277,0.152122286,-0.966695869,1.0000,1.196175456,-1.640026689,0.270860285,-2.605061054,-2.336993933,2.080602169,-1.140243053
5,34,travel,0.073987,0.026824,0.873476,-0.022155915,-0.219513125,0.127403827,-0.967001224,1.0000,1.202045798,-1.639325261,0.267580301,-2.603747129,-2.304118872,2.081368208,-1.114790082
5,35,travel,0.080381,0.031027,0.869049,-0.023675734,-0.234190796,0.102652769,-0.966466005,1.0000,1.207916021,-1.638623834,0.264300317,-2.602433205,-2.271243811,2.082134247,-1.089337230
5,36,travel,0.086394,0.035458,0.864519,-0.025497751,-0.248765619,0.077896990,-0.965089421,1.0000,1.213786244,-1.637922406,0.261020333,-2.601119280,-2.238368988,2.082900047,-1.063884258
5,37,travel,0.092020,0.040102,0.859905,-0.027619022,-0.263228233,0.053164342,-0.962871559,1.0000,1.219656587,-1.637220979,0.257740349,-2.599805355,-2.205493927,2.083666086,-1.038431406
5,38,travel,0.097252,0.044943,0.855221,-0.030036797,-0.277569115,0.028482882,-0.959813473,1.0000,1.225526810,-1.636519551,0.254460394,-2.598491430,-2.172618866,2.084432125,-1.012978435
5,39,travel,0.102083,0.049963,0.850484,-0.032747840,-0.291778961,0.003880497,-0.955917130,1.0000,1.231397152,-1.635818124,0.251180410,-2.597177505,-2.139743805,2.085198164,-0.987525523
5,40,travel,0.106511,0.055147,0.845709,-0.035748744,-0.305848430,-0.020614816,-0.951185468,1.0000,1.237267375,-1.635116696,0.247900411,-2.595863581,-2.106868982,2.085964203,-0.962072611
5,41,travel,0.110532,0.060477,0.840914,-0.039035782,-0.319768575,-0.044975504,-0.945622266,1.0000,1.243137598,-1.634415269,0.244620427,-2.594549656,-2.073993921,2.086730242,-0.936619699
5,42,travel,0.114145,0.065936,0.836112,-0.042604981,-0.333530298,-0.069173959,-0.939232303,1.0000,1.249007940,-1.633713841,0.241340443,-2.593235731,-2.041118860,2.087496281,-0.911166787
5,43,travel,0.117351,0.071507,0.831319,-0.046452280,-0.347124723,-0.093182593,-0.932021253,1.0000,1.254878163,-1.633012414,0.238060474,-2.591921806,-2.008243799,2.088262081,-0.885713875
5,44,travel,0.120149,0.077172,0.826551,-0.050572970,-0.360543019,-0.116974334,-0.923995731,1.0000,1.260748506,-1.632310987,0.234780490,-2.590607882,-1.975368857,2.089028120,-0.860260963
5,45,travel,0.122544,0.082915,0.821820,-0.054962518,-0.373776621,-0.140522086,-0.915163211,1.0000,1.266618729,-1.631609559,0.231500506,-2.589293957,-1.942493916,2.089794159,-0.834807992
5,46,travel,0.124539,0.088719,0.817142,-0.059615948,-0.386817104,-0.163799134,-0.905532060,1.0000,1.272488952,-1.630908132,0.228220522,-2.587980032,-1.909618855,2.090560198,-0.809355080
5,47,travel,0.126137,0.094567,0.812530,-0.064528076,-0.399656053,-0.186779040,-0.895111589,1.0000,1.278359294,-1.630206704,0.224940538,-2.586666107,-1.876743913,2.091326237,-0.783902168
5,48,travel,0.127347,0.100441,0.807996,-0.069693552,-0.412285340,-0.209435589,-0.883911953,1.0000,1.284229517,-1.629505277,0.221660554,-2.585352182,-1.843868971,2.092092276,-0.758449256
5,49,travel,0.128174,0.106328,0.803553,-0.075106708,-0.424697012,-0.231743126,-0.871944123,1.0000,1.290099859,-1.628803849,0.218380570,-2.584038258,-1.810993910,2.092858315,-0.732996345
5,50,travel,0.128628,0.112209,0.799214,-0.080761742,-0.436883139,-0.253676073,-0.859220061,1.0000,1.295970082,-1.628102422,0.215100586,-2.582724333,-1.778118968,2.093624353,-0.707543433
5,51,travel,0.128716,0.118071,0.794988,-0.086652681,-0.448836180,-0.275209475,-0.845752411,1.0000,1.301840305,-1.627400994,0.211820602,-2.581410408,-1.745243907,2.094390154,-0.682090521
5,52,travel,0.128451,0.123898,0.790886,-0.092773020,-0.460548529,-0.296318880,-0.831554773,1.0000,1.307710648,-1.626699567,0.208540633,-2.580096483,-1.712368965,2.095156193,-0.656637549
5,53,travel,0.127841,0.129675,0.786919,-0.099116429,-0.472013015,-0.316980023,-0.816641483,1.0000,1.313580871,-1.625998139,0.205260649,-2.578782558,-1.679493904,2.095922232,-0.631184638
5,54,travel,0.126901,0.135389,0.783095,-0.105676178,-0.483222469,-0.337169345,-0.801027730,1.0000,1.319451213,-1.625296712,0.201980665,-2.577468634,-1.646618962,2.096688271,-0.605731726
5,55,travel,0.125642,0.141027,0.779423,-0.112445461,-0.494170073,-0.356863684,-0.784729424,1.0000,1.325321436,-1.624595284,0.198700681,-2.576154709,-1.613743901,2.097454309,-0.580278814
5,56,travel,0.124077,0.146577,0.775910,-0.119417181,-0.504849072,-0.376040460,-0.767763325,1.0000,1.331191659,-1.623893857,0.195420697,-2.574840784,-1.580868959,2.098220348,-0.554825902
5,57,travel,0.122222,0.152025,0.772564,-0.126584074,-0.515253083,-0.394677753,-0.750146788,1.0000,1.337062001,-1.623192430,0.192140713,-2.573526859,-1.547993898,2.098986387,-0.529372990
5,58,travel,0.120090,0.157361,0.769390,-0.133938869,-0.525375784,-0.412753939,-0.731898115,1.0000,1.342932224,-1.622491002,0.188860729,-2.572212934,-1.515118957,2.099752188,-0.503920078
5,59,travel,0.117697,0.162575,0.766395,-0.141473772,-0.535211154,-0.430248508,-0.713036053,1.0000,1.348802567,-1.621789694,0.185580745,-2.570899010,-1.482243896,2.100518227,-0.478467137
5,60,travel,0.115059,0.167656,0.763581,-0.149181099,-0.544753392,-0.447141019,-0.693580314,1.0000,1.354672790,-1.621088266,0.182300761,-2.569585085,-1.449368954,2.101284266,-0.453014195
5,61,travel,0.112191,0.172597,0.760954,-0.157052947,-0.553996974,-0.463412060,-0.673551028,1.0000,1.360543013,-1.620386839,0.179020777,-2.568271160,-1.416493893,2.102050304,-0.427561283
5,62,travel,0.109109,0.177387,0.758516,-0.165081212,-0.562936497,-0.479042808,-0.652969128,1.0000,1.366413355,-1.619685411,0.175740808,-2.566957235,-1.383618951,2.102816343,-0.402108371
5,63,travel,0.105832,0.182022,0.756269,-0.173257773,-0.571566924,-0.494015085,-0.631856068,1.0000,1.372283578,-1.618983984,0.172460824,-2.565643311,-1.350743890,2.103582382,-0.376655459
5,64,travel,0.102374,0.186492,0.754216,-0.181574210,-0.579883349,-0.508311531,-0.610233968,1.0000,1.378153920,-1.618282557,0.169180840,-2.564329386,-1.317868948,2.104348421,-0.351202518
5,65,travel,0.098752,0.190794,0.752356,-0.190022158,-0.587881151,-0.521915497,-0.588125451,1.0000,1.384024143,-1.617581129,0.165900856,-2.563015223,-1.284993887,2.105114460,-0.325749606
5,66,travel,0.094985,0.194922,0.750690,-0.198592975,-0.595556083,-0.534810850,-0.565553831,1.0000,1.389894366,-1.616879702,0.162620872,-2.561701298,-1.252118945,2.105880260,-0.300296694
5,67,travel,0.091087,0.198872,0.749217,-0.207277803,-0.602904008,-0.546982755,-0.542542658,1.0000,1.395764709,-1.616178274,0.159340888,-2.560387373,-1.219243884,2.106646299,-0.274843752
5,68,travel,0.087076,0.202640,0.747936,-0.216067946,-0.609921030,-0.558416693,-0.519116342,1.0000,1.401634932,-1.615476847,0.156060904,-2.559073448,-1.186368942,2.107412338,-0.249390841
5,69,travel,0.082969,0.206224,0.746844,-0.224954432,-0.616603660,-0.569099231,-0.495299399,1.0000,1.407505274,-1.614775419,0.152780920,-2.557759523,-1.153493881,2.108178377,-0.223937929
5,70,travel,0.078780,0.209623,0.745938,-0.233928305,-0.622948500,-0.579017593,-0.471117121,1.0000,1.413375497,-1.614073992,0.149500936,-2.556445599,-1.120618939,2.108944416,-0.198485002
5,71,travel,0.074527,0.212835,0.745216,-0.242980425,-0.628952580,-0.588159957,-0.446594928,1.0000,1.419245720,-1.613372564,0.146220967,-2.555131674,-1.087743878,2.109710455,-0.173032090
5,72,travel,0.070224,0.215861,0.744672,-0.252101572,-0.634613088,-0.596515336,-0.421758794,1.0000,1.425116062,-1.612671137,0.142940983,-2.553817749,-1.054868937,2.110476494,-0.147579163
5,73,travel,0.065886,0.218699,0.744303,-0.261282572,-0.639927549,-0.604073542,-0.396634979,1.0000,1.430986285,-1.611969709,0.139660999,-2.552503824,-1.021993876,2.111242533,-0.122126244
5,74,travel,0.061529,0.221353,0.744103,-0.270514097,-0.644893740,-0.610825275,-0.371250146,1.0000,1.436856627,-1.611268282,0.136381015,-2.551189899,-0.989118934,2.112008333,-0.096673325
5,75,travel,0.057164,0.223823,0.744067,-0.279786700,-0.649509666,-0.616762278,-0.345631147,1.0000,1.442726851,-1.610566854,0.133101031,-2.549875975,-0.956243932,2.112774372,-0.071220405
5,76,travel,0.052807,0.226112,0.744187,-0.289090999,-0.653773682,-0.621877015,-0.319805168,1.0000,1.448597074,-1.609865427,0.129821047,-2.548562050,-0.923368931,2.113540411,-0.045767486
5,77,travel,0.048470,0.228223,0.744458,-0.298417496,-0.657684411,-0.626162934,-0.293799579,1.0000,1.454467416,-1.609164000,0.126541063,-2.547248125,-0.890493929,2.114306450,-0.020314563
5,78,travel,0.044164,0.230160,0.744873,-0.307756771,-0.661240706,-0.629614339,-0.267642079,1.0000,1.460337639,-1.608462572,0.123261087,-2.545934200,-0.857618928,2.115072489,0.005138356
5,79,travel,0.039901,0.231927,0.745424,-0.317099237,-0.664441770,-0.632226523,-0.241360379,1.0000,1.466207981,-1.607761145,0.119981103,-2.544620275,-0.824743927,2.115838528,0.030591277
5,80,travel,0.035691,0.233528,0.746103,-0.326435437,-0.667287012,-0.633995642,-0.214982499,1.0000,1.472078204,-1.607059717,0.116701119,-2.543306351,-0.791868925,2.116604567,0.056044199
5,81,travel,0.031544,0.234968,0.746903,-0.335755863,-0.669776213,-0.634918748,-0.188536491,1.0000,1.477948427,-1.606358290,0.113421135,-2.541992426,-0.758993924,2.117370367,0.081497118
5,82,travel,0.027469,0.236253,0.747814,-0.345050793,-0.671909342,-0.634994061,-0.162050389,1.0000,1.483818769,-1.605656862,0.110141151,-2.540678501,-0.726118922,2.118136406,0.106950037
5,83,travel,0.023473,0.237389,0.748830,-0.354310844,-0.673686683,-0.634220466,-0.135552498,1.0000,1.489688993,-1.604955435,0.106861174,-2.539364576,-0.693243921,2.118902445,0.132402956
5,84,travel,0.019565,0.238381,0.749940,-0.363526431,-0.675108851,-0.632597899,-0.109070948,1.0000,1.495559335,-1.604254007,0.103581190,-2.538050652,-0.660368919,2.119668484,0.157855883
5,85,travel,0.015750,0.239236,0.751137,-0.372688134,-0.676176664,-0.630127202,-0.082634031,1.0000,1.501429558,-1.603552580,0.100301206,-2.536736727,-0.627493918,2.120434523,0.183308795
5,86,travel,0.012034,0.239960,0.752411,-0.381786464,-0.676891274,-0.626810180,-0.056269866,1.0000,1.507299781,-1.602851152,0.097021222,-2.535422802,-0.594618917,2.121200562,0.208761722
5,87,travel,0.008422,0.240560,0.753754,-0.390811952,-0.677254125,-0.622649562,-0.030006520,1.0000,1.513170123,-1.602149725,0.093741246,-2.534108877,-0.561743915,2.121966600,0.234214634
5,88,travel,0.004916,0.241043,0.755156,-0.399755319,-0.677266864,-0.617649000,-0.003872049,1.0000,1.519040346,-1.601448298,0.090461262,-2.532794952,-0.528868914,2.122732639,0.259667546
5,89,travel,0.001521,0.241416,0.756610,-0.408607240,-0.676931501,-0.611813045,0.022105744,1.0000,1.524910688,-1.600746989,0.087181278,-2.531481028,-0.495993912,2.123498440,0.285120487
5,90,travel,-0.001762,0.241684,0.758107,-0.417358405,-0.676250247,-0.605147287,0.047899123,1.0000,1.530780911,-1.600045562,0.083901294,-2.530167103,-0.463118911,2.124264479,0.310573399
5,91,travel,-0.004932,0.241856,0.759637,-0.425999669,-0.675225638,-0.597658113,0.073480611,1.0000,1.536651134,-1.599344134,0.080621310,-2.528853178,-0.430243909,2.125030518,0.336026311
5,92,travel,-0.007989,0.241938,0.761194,-0.434521904,-0.673860482,-0.589352853,0.098822976,1.0000,1.542521477,-1.598642707,0.077341333,-2.527539253,-0.397368908,2.125796556,0.361479253
5,93,travel,-0.010932,0.241936,0.762768,-0.442916164,-0.672157801,-0.580239753,0.123899116,1.0000,1.548391700,-1.597941279,0.074061349,-2.526225328,-0.364493906,2.126562595,0.386932164
5,94,travel,-0.013764,0.241857,0.764353,-0.451173463,-0.670120964,-0.570327933,0.148682374,1.0000,1.554262042,-1.597239852,0.070781365,-2.524911404,-0.331618905,2.127328634,0.412385076
5,95,travel,-0.016485,0.241706,0.765940,-0.459285071,-0.667753506,-0.559627421,0.173146263,1.0000,1.560132265,-1.596538424,0.067501381,-2.523597479,-0.298743904,2.128094673,0.437837988
5,96,travel,-0.019099,0.241491,0.767522,-0.467242255,-0.665059296,-0.548149092,0.197264751,1.0000,1.566002488,-1.595836997,0.064221397,-2.522283554,-0.265868902,2.128860712,0.463290930
5,97,travel,-0.021610,0.241217,0.769093,-0.475036424,-0.662042523,-0.535904610,0.221012086,1.0000,1.571872830,-1.595135570,0.060941417,-2.520969629,-0.232993916,2.129626513,0.488743842
5,98,travel,-0.024020,0.240888,0.770646,-0.482659103,-0.658707400,-0.522906738,0.244363040,1.0000,1.577743053,-1.594434142,0.057661436,-2.519655704,-0.200118914,2.130392551,0.514196754
5,99,travel,-0.026334,0.240511,0.772175,-0.490101940,-0.655058634,-0.509168798,0.267292742,1.0000,1.583613396,-1.593732715,0.054381453,-2.518341780,-0.167243913,2.131158590,0.539649665
5,100,travel,-0.028559,0.240089,0.773675,-0.497356825,-0.651101023,-0.494705066,0.289776714,1.0000,1.589483619,-1.593031287,0.051101472,-2.517027855,-0.134368911,2.131924629,0.565102577
5,101,travel,-0.030698,0.239628,0.775140,-0.504415698,-0.646839679,-0.479530565,0.311791070,1.0000,1.595353842,-1.592329860,0.047821488,-2.515713930,-0.101493910,2.132690668,0.590555549
5,102,travel,-0.032758,0.239130,0.776567,-0.511270592,-0.642279997,-0.463661130,0.333312383,1.0000,1.601224184,-1.591628432,0.044541504,-2.514400005,-0.068618916,2.133456707,0.616008461
5,103,travel,-0.034746,0.238599,0.777950,-0.517913874,-0.637427472,-0.447113389,0.354317730,1.0000,1.607094407,-1.590927005,0.041261524,-2.513086081,-0.035743915,2.134222746,0.641461372
5,104,travel,-0.036668,0.238038,0.779287,-0.524337907,-0.632287964,-0.429904657,0.374784840,1.0000,1.612964749,-1.590225577,0.037981540,-2.511771917,-0.002868913,2.134988546,0.666914284
5,105,travel,-0.038531,0.237450,0.780575,-0.530535372,-0.626867435,-0.412053066,0.394691917,1.0000,1.618834972,-1.589524150,0.034701560,-2.510457993,0.030006086,2.135754585,0.692367196
5,106,travel,-0.040342,0.236837,0.781811,-0.536499025,-0.621172155,-0.393577388,0.414017862,1.0000,1.624705195,-1.588822722,0.031421576,-2.509144068,0.062881090,2.136520624,0.717820108
5,107,travel,-0.042109,0.236199,0.782993,-0.542221804,-0.615208611,-0.374497095,0.432742194,1.0000,1.630575538,-1.588121295,0.028141594,-2.507830143,0.095756084,2.137286663,0.743273020
5,108,travel,-0.043839,0.235539,0.784119,-0.547696967,-0.608983387,-0.354832375,0.450845042,1.0000,1.636445761,-1.587419868,0.024861611,-2.506516218,0.128631085,2.138052702,0.768725991
5,109,travel,-0.045540,0.234855,0.785190,-0.552917768,-0.602503447,-0.334604014,0.468307262,1.0000,1.642316103,-1.586718440,0.021581629,-2.505202293,0.161506087,2.138818741,0.794178903
5,110,travel,-0.047218,0.234149,0.786205,-0.557877865,-0.595775773,-0.313833486,0.485110358,1.0000,1.648186326,-1.586017013,0.018301647,-2.503888369,0.194381088,2.139584780,0.819631815
5,111,travel,-0.048882,0.233420,0.787165,-0.562570996,-0.588807653,-0.292542797,0.501236604,1.0000,1.654056549,-1.585315585,0.015021664,-2.502574444,0.227256089,2.140350819,0.845084727
5,112,travel,-0.050538,0.232667,0.788070,-0.566991155,-0.581606621,-0.270754468,0.516668933,1.0000,1.659926891,-1.584614158,0.011741682,-2.501260519,0.260131091,2.141116619,0.870537639
5,113,travel,-0.052194,0.231887,0.788922,-0.571132543,-0.574180112,-0.248491848,0.531391211,1.0000,1.665797114,-1.583912730,0.008461700,-2.499946594,0.293006092,2.141882658,0.895990551
5,114,travel,-0.053857,0.231080,0.789722,-0.574989563,-0.566536046,-0.225778502,0.545387917,1.0000,1.671667457,-1.583211303,0.005181717,-2.498632669,0.325881094,2.142648697,0.921443462
5,115,travel,-0.055533,0.230243,0.790475,-0.578556962,-0.558682294,-0.202638670,0.558644346,1.0000,1.677537680,-1.582509875,0.001901735,-2.497318745,0.358756095,2.143414736,0.946896434
5,116,travel,-0.057227,0.229372,0.791182,-0.581829569,-0.550627045,-0.179097019,0.571146626,1.0000,1.683407903,-1.581808448,-0.001378248,-2.496004820,0.391631097,2.144180775,0.972349346
5,117,travel,-0.058946,0.228466,0.791848,-0.584802502,-0.542378588,-0.155178613,0.582881720,1.0000,1.689278245,-1.581107020,-0.004658230,-2.494690895,0.424506098,2.144946814,0.997802258
5,118,travel,-0.060696,0.227519,0.792476,-0.587471153,-0.533945277,-0.130909098,0.593837430,1.0000,1.695148468,-1.580405712,-0.007938213,-2.493376970,0.457381099,2.145712852,1.023255110
5,119,travel,-0.062480,0.226528,0.793071,-0.589831229,-0.525335777,-0.106314171,0.604002268,1.0000,1.701018810,-1.579704285,-0.011218195,-2.492063046,0.490256101,2.146478653,1.048708081
5,120,travel,-0.064303,0.225490,0.793637,-0.591878542,-0.516558599,-0.081420371,0.613365901,1.0000,1.706889033,-1.579002857,-0.014498177,-2.490749121,0.523131073,2.147244692,1.074161053
5,121,travel,-0.066169,0.224398,0.794182,-0.593609184,-0.507622688,-0.056254243,0.621918647,1.0000,1.712759256,-1.578301430,-0.017778160,-2.489435196,0.556006074,2.148010731,1.099613905
5,122,travel,-0.068080,0.223249,0.794709,-0.595019576,-0.498536943,-0.030842617,0.629651772,1.0000,1.718629599,-1.577600002,-0.021058142,-2.488121271,0.588881075,2.148776770,1.125066876
5,123,travel,-0.070040,0.222038,0.795225,-0.596106365,-0.489310403,-0.005212846,0.636557426,1.0000,1.724499822,-1.576898575,-0.024338124,-2.486807346,0.621756077,2.149542809,1.150519729
5,124,travel,-0.072049,0.220759,0.795736,-0.596866493,-0.479952176,0.020607734,0.642628679,1.0000,1.730370045,-1.576197147,-0.027618106,-2.485493422,0.654631078,2.150308847,1.175972700
5,125,travel,-0.074109,0.219407,0.796249,-0.597297052,-0.470471606,0.046591421,0.647859506,1.0000,1.736240387,-1.575495720,-0.030898089,-2.484179497,0.687506080,2.151074886,1.201425552
5,126,travel,-0.076219,0.217976,0.796772,-0.597395603,-0.460877877,0.072710365,0.652244800,1.0000,1.742110610,-1.574794292,-0.034178071,-2.482865572,0.720381081,2.151840925,1.226878524
5,127,travel,-0.078380,0.216462,0.797310,-0.597159807,-0.451180572,0.098936642,0.655780296,1.0000,1.747980952,-1.574092865,-0.037458055,-2.481551647,0.753256083,2.152606726,1.252331495
5,128,travel,-0.080590,0.214859,0.797871,-0.596587638,-0.441388985,0.125241924,0.658462918,1.0000,1.753851175,-1.573391438,-0.040738035,-2.480237722,0.786131084,2.153372765,1.277784348
5,129,travel,-0.082846,0.213161,0.798463,-0.595677416,-0.431512691,0.151598151,0.660290250,1.0000,1.759721398,-1.572690010,-0.044018019,-2.478923798,0.819006085,2.154138803,1.303237319
5,130,travel,-0.085147,0.211363,0.799093,-0.594427613,-0.421561392,0.177977000,0.661260912,1.0000,1.765591741,-1.571988583,-0.047298003,-2.477609873,0.851881087,2.154904842,1.328690171
5,131,travel,-0.087487,0.209461,0.799768,-0.592837158,-0.411544588,0.204350156,0.661374455,1.0000,1.771461964,-1.571287155,-0.050577983,-2.476295948,0.884756088,2.155670881,1.354143143
5,132,travel,-0.089864,0.207448,0.800495,-0.590905059,-0.401472101,0.230689308,0.660631369,1.0000,1.777332306,-1.570585728,-0.053857967,-2.474982023,0.917631090,2.156436920,1.379595995
5,133,travel,-0.092271,0.205321,0.801283,-0.588630805,-0.391353504,0.256966170,0.659033077,1.0000,1.783202529,-1.569884300,-0.057137948,-2.473668098,0.950506091,2.157202959,1.405048966
5,134,travel,-0.094703,0.203075,0.802138,-0.586014018,-0.381198602,0.283152526,0.656581940,1.0000,1.789072752,-1.569182873,-0.060417932,-2.472354174,0.983381093,2.157968998,1.430501938
5,135,travel,-0.097152,0.200706,0.803068,-0.583054628,-0.371017301,0.309220272,0.653281169,1.0000,1.794943094,-1.568481445,-0.063697912,-2.471040249,1.016256094,2.158734798,1.455954790
5,136,travel,-0.099612,0.198210,0.804079,-0.579752935,-0.360819057,0.335141326,0.649135143,1.0000,1.800813317,-1.567780018,-0.066977896,-2.469726324,1.049131036,2.159500837,1.481407762
5,137,travel,-0.102073,0.195583,0.805179,-0.576109360,-0.350613831,0.360887948,0.644148924,1.0000,1.806683660,-1.567078590,-0.070257880,-2.468412399,1.082006097,2.160266876,1.506860614
5,138,travel,-0.104528,0.192824,0.806374,-0.572124839,-0.340411255,0.386432366,0.638328577,1.0000,1.812553883,-1.566377163,-0.073537864,-2.467098475,1.114881039,2.161032915,1.532313585
5,139,travel,-0.106966,0.189929,0.807669,-0.567800351,-0.330221142,0.411747199,0.631681093,1.0000,1.818424106,-1.565675735,-0.076817840,-2.465784550,1.147756100,2.161798954,1.557766438
5,140,travel,-0.109378,0.186896,0.809072,-0.563137333,-0.320053178,0.436805258,0.624214285,1.0000,1.824294448,-1.564974308,-0.080097824,-2.464470625,1.180631042,2.162564993,1.583219409
5,141,travel,-0.111753,0.183724,0.810588,-0.558137406,-0.309916981,0.461579605,0.615936985,1.0000,1.830164671,-1.564272881,-0.083377808,-2.463156700,1.213506103,2.163331032,1.608672380
5,142,travel,-0.114079,0.180413,0.812221,-0.552802516,-0.299822390,0.486043568,0.606858766,1.0000,1.836035013,-1.563571453,-0.086657792,-2.461842775,1.246381044,2.164096832,1.634125233
5,143,travel,-0.116344,0.176962,0.813976,-0.547134778,-0.289778684,0.510170902,0.596990368,1.0000,1.841905236,-1.562870026,-0.089937769,-2.460528612,1.279256105,2.164862871,1.659578204
5,144,travel,-0.118537,0.173371,0.815858,-0.541136861,-0.279795523,0.533935615,0.586343006,1.0000,1.847775459,-1.562168598,-0.093217753,-2.459214687,1.312131047,2.165628910,1.685031056
5,145,travel,-0.120645,0.169642,0.817871,-0.534811409,-0.269882339,0.557312351,0.574928886,1.0000,1.853645802,-1.561467171,-0.096497737,-2.457900763,1.345006108,2.166394949,1.710484028
5,146,travel,-0.122655,0.165776,0.820017,-0.528161518,-0.260048533,0.580275757,0.562761244,1.0000,1.859516025,-1.560765743,-0.099777721,-2.456586838,1.377881050,2.167160988,1.735936880
5,147,travel,-0.124553,0.161776,0.822299,-0.521190437,-0.250303379,0.602801396,0.549853821,1.0000,1.865386367,-1.560064316,-0.103057705,-2.455272913,1.410756111,2.167927027,1.761389852
5,148,travel,-0.126327,0.157646,0.824719,-0.513901781,-0.240656105,0.624864871,0.536221495,1.0000,1.871256590,-1.559363008,-0.106337681,-2.453958988,1.443631053,2.168693066,1.786842823
5,149,travel,-0.127962,0.153388,0.827279,-0.506299381,-0.231115803,0.646442595,0.521879673,1.0000,1.877126813,-1.558661580,-0.109617665,-2.452645063,1.476506114,2.169459105,1.812295675
5,150,travel,-0.129446,0.149008,0.829980,-0.498387399,-0.221691596,0.667511399,0.506844521,1.0000,1.882997155,-1.557960153,-0.112897649,-2.451331139,1.509381056,2.170224905,1.837748647
5,151,travel,-0.130763,0.144511,0.832821,-0.490170110,-0.212392154,0.688048617,0.491133319,1.0000,1.888867378,-1.557258725,-0.116177633,-2.450017214,1.542256117,2.170990944,1.863201499
5,152,travel,-0.131901,0.139903,0.835802,-0.481652219,-0.203226368,0.708032244,0.474763652,1.0000,1.894737720,-1.556557298,-0.119457617,-2.448703289,1.575131059,2.171756983,1.888654470
5,153,travel,-0.132847,0.135191,0.838922,-0.472838538,-0.194202862,0.727440803,0.457754130,1.0000,1.900607944,-1.555855870,-0.122737594,-2.447389364,1.608006120,2.172523022,1.914107323
5,154,travel,-0.133586,0.130382,0.842180,-0.463734271,-0.185330130,0.746253481,0.440123858,1.0000,1.906478167,-1.555154443,-0.126017585,-2.446075439,1.640881062,2.173289061,1.939560294
5,155,travel,-0.134105,0.125485,0.845572,-0.454344708,-0.176616582,0.764450172,0.421892645,1.0000,1.912348509,-1.554453015,-0.129297554,-2.444761515,1.673756123,2.174055099,1.965013266
5,156,travel,-0.134392,0.120509,0.849096,-0.444675536,-0.168070417,0.782011222,0.403081196,1.0000,1.918218732,-1.553751588,-0.132577538,-2.443447590,1.706631064,2.174821138,1.990466118
5,157,travel,-0.134435,0.115463,0.852747,-0.434732529,-0.159699702,0.798917961,0.383710470,1.0000,1.924089074,-1.553050160,-0.135857522,-2.442133665,1.739506125,2.175587177,2.015918970
5,158,travel,-0.134220,0.110357,0.856521,-0.424521895,-0.151512357,0.815152200,0.363802223,1.0000,1.929959297,-1.552348733,-0.139137506,-2.440819740,1.772381067,2.176352978,2.041372061
5,159,travel,-0.133737,0.105203,0.860413,-0.414049800,-0.143516005,0.830696566,0.343378995,1.0000,1.935829520,-1.551647305,-0.142417490,-2.439505816,1.805256128,2.177119017,2.066824913
5,160,travel,-0.132975,0.100012,0.864416,-0.403322879,-0.135718293,0.845534424,0.322463546,1.0000,1.941699862,-1.550945878,-0.145697474,-2.438191891,1.838131070,2.177885056,2.092277765
5,161,travel,-0.131922,0.094796,0.868524,-0.392347836,-0.128126472,0.859649967,0.301079253,1.0000,1.947570086,-1.550244451,-0.148977458,-2.436877966,1.871006131,2.178651094,2.117730856
5,162,travel,-0.130571,0.089567,0.872730,-0.381131669,-0.120747879,0.873028013,0.279250228,1.0000,1.953440428,-1.549543023,-0.152257442,-2.435564041,1.903881073,2.179417133,2.143183708
5,163,travel,-0.128910,0.084340,0.877026,-0.369681498,-0.113589384,0.885654340,0.257000841,1.0000,1.959310651,-1.548841596,-0.155537426,-2.434250116,1.936756134,2.180183172,2.168636560
5,164,travel,-0.126934,0.079126,0.881403,-0.358004774,-0.106657812,0.897515437,0.234355995,1.0000,1.965180874,-1.548140168,-0.158817396,-2.432936192,1.969631076,2.180949211,2.194089413
5,165,travel,-0.124633,0.073941,0.885853,-0.346109029,-0.099959808,0.908598732,0.211340771,1.0000,1.971051216,-1.547438741,-0.162097380,-2.431622267,2.002506018,2.181715012,2.219542503
5,166,travel,-0.122003,0.068799,0.890364,-0.334001948,-0.093501551,0.918892379,0.187981264,1.0000,1.976921439,-1.546737313,-0.165377364,-2.430308342,2.035381079,2.182481050,2.244995356
5,167,travel,-0.119037,0.063713,0.894928,-0.321691521,-0.087289296,0.928385457,0.164303340,1.0000,1.982791781,-1.546035886,-0.168657348,-2.428994417,2.068256140,2.183247089,2.270448208
5,168,travel,-0.115730,0.058700,0.899533,-0.309185884,-0.081328887,0.937067889,0.140333437,1.0000,1.988662004,-1.545334458,-0.171937332,-2.427680492,2.101131201,2.184013128,2.295901299
5,169,travel,-0.112081,0.053775,0.904169,-0.296493381,-0.075626121,0.944930416,0.116098549,1.0000,1.994532228,-1.544633031,-0.175217316,-2.426366568,2.134006023,2.184779167,2.321354151
5,170,travel,-0.108085,0.048952,0.908822,-0.283622298,-0.070186388,0.951964830,0.091625464,1.0000,2.000402451,-1.543931603,-0.178497300,-2.425052643,2.166881084,2.185545206,2.346807003
5,171,travel,-0.103743,0.044246,0.913482,-0.270581320,-0.065014936,0.958163683,0.066941496,1.0000,2.006272793,-1.543230176,-0.181777284,-2.423738718,2.199756145,2.186311245,2.372259855
5,172,travel,-0.099054,0.039675,0.918136,-0.257379300,-0.060116700,0.963520442,0.042074186,1.0000,2.012143135,-1.542528749,-0.185057268,-2.422424793,2.232630968,2.187077284,2.397712946
5,173,travel,-0.094018,0.035252,0.922770,-0.244024950,-0.055496564,0.968029549,0.017051313,1.0000,2.018013477,-1.541827321,-0.188337252,-2.421110868,2.265506029,2.187843084,2.423165798
5,174,travel,-0.088639,0.030993,0.927373,-0.230527391,-0.051158729,0.971686323,-0.008099099,1.0000,2.023883581,-1.541125894,-0.191617221,-2.419796944,2.298381090,2.188609123,2.448618650
5,175,travel,-0.082919,0.026914,0.931930,-0.216895768,-0.047107555,0.974487004,-0.033349400,1.0000,2.029753923,-1.540424466,-0.194897205,-2.418483019,2.331256151,2.189375162,2.474071741
5,176,travel,-0.076863,0.023029,0.936427,-0.203139454,-0.043347035,0.976428752,-0.058671031,1.0000,2.035624266,-1.539723039,-0.198177189,-2.417169094,2.364130974,2.190141201,2.499524593
5,177,travel,-0.070477,0.019354,0.940852,-0.189267667,-0.039880807,0.977509710,-0.084035933,1.0000,2.041494370,-1.539021611,-0.201457173,-2.415855169,2.397006035,2.190907240,2.524977446
5,178,travel,-0.063768,0.015901,0.945190,-0.175289963,-0.036712412,0.977728882,-0.109415999,1.0000,2.047364712,-1.538320303,-0.204737157,-2.414541245,2.429881096,2.191673279,2.550430298
5,179,travel,-0.056745,0.012687,0.949427,-0.161215988,-0.033844861,0.977086219,-0.134782981,1.0000,2.053235054,-1.537618876,-0.208017141,-2.413227320,2.462756157,2.192439318,2.575883389
5,180,travel,-0.049415,0.009724,0.953550,-0.147055491,-0.031281128,0.975582667,-0.160108193,1.0000,2.059105158,-1.536917448,-0.211297125,-2.411913395,2.495630980,2.193205357,2.601336241
5,181,travel,-0.041791,0.007025,0.957544,-0.132818056,-0.029023957,0.973220007,-0.185363943,1.0000,2.064975500,-1.536216021,-0.214577109,-2.410599470,2.528506041,2.193971157,2.626789093
5,182,travel,-0.033883,0.004603,0.961396,-0.118513604,-0.027075427,0.970000997,-0.210522000,1.0000,2.070845842,-1.535514593,-0.217857093,-2.409285545,2.561381102,2.194737196,2.652242184
5,183,travel,-0.025705,0.002469,0.965092,-0.104152020,-0.025437846,0.965929395,-0.235553979,1.0000,2.076715946,-1.534813166,-0.221137062,-2.407971382,2.594256163,2.195503235,2.677695036
5,184,travel,-0.017271,0.000636,0.968619,-0.089743405,-0.024112784,0.961009722,-0.260432351,1.0000,2.082586288,-1.534111738,-0.224417046,-2.406657457,2.627130985,2.196269274,2.703147888
5,185,draw,-0.013780,0.001466,0.970000,-0.083880806,-0.023664614,0.958770685,-0.270486172,1.0000,2.083893776,-1.530456781,-0.227660492,-2.406435013,2.639733076,2.192365646,2.714361906
5,186,draw,-0.013779,0.003965,0.970000,-0.083881062,-0.023664495,0.958770852,-0.270485511,1.0000,2.082081795,-1.524782658,-0.230878949,-2.406958580,2.638475418,2.185269833,2.715841532
5,187,draw,-0.013780,0.006465,0.970000,-0.083880848,-0.023664626,0.958770674,-0.270486200,1.0000,2.080267668,-1.519038081,-0.234068707,-2.407419920,2.637263060,2.178169012,2.717321157
5,188,draw,-0.013779,0.008965,0.970000,-0.083881095,-0.023664555,0.958770819,-0.270485616,1.0000,2.078452110,-1.513248563,-0.237240136,-2.407841682,2.636079311,2.171065092,2.718801022
5,189,draw,-0.013780,0.011465,0.970000,-0.083880858,-0.023664664,0.958770599,-0.270486458,1.0000,2.076635599,-1.507387877,-0.240380883,-2.408199549,2.634942532,2.163957834,2.720280647
5,190,draw,-0.013779,0.013965,0.970000,-0.083881101,-0.023664520,0.958770807,-0.270485658,1.0000,2.074818373,-1.501484632,-0.243503377,-2.408519506,2.633833647,2.156848431,2.721760273
5,191,draw,-0.013780,0.016465,0.970000,-0.083880841,-0.023664683,0.958770535,-0.270486688,1.0000,2.073001385,-1.495509505,-0.246593252,-2.408773661,2.632773399,2.149737120,2.723240137
5,192,draw,-0.013779,0.018965,0.970000,-0.083881122,-0.023664537,0.958770775,-0.270485763,1.0000,2.071184635,-1.489494443,-0.249665037,-2.408991575,2.631740093,2.142624855,2.724719763
5,193,draw,-0.013780,0.021465,0.970000,-0.083880851,-0.023664624,0.958770517,-0.270486754,1.0000,2.069369316,-1.483407021,-0.252702296,-2.409142017,2.630757093,2.135512590,2.726199389
5,194,draw,-0.013778,0.023965,0.970000,-0.083881074,-0.023664420,0.958770768,-0.270485813,1.0000,2.067554951,-1.477282286,-0.255721748,-2.409257889,2.629800320,2.128400326,2.727679253
5,195,draw,-0.013780,0.026465,0.970000,-0.083880777,-0.023664616,0.958770449,-0.270487020,1.0000,2.065743685,-1.471084714,-0.258704811,-2.409304380,2.628895283,2.121289730,2.729158878
5,196,draw,-0.013778,0.028965,0.970000,-0.083881130,-0.023664416,0.958770808,-0.270485653,1.0000,2.063933611,-1.464852214,-0.261670440,-2.409317970,2.628015280,2.114180088,2.730638504
5,197,draw,-0.013780,0.031465,0.970000,-0.083880790,-0.023664542,0.958770398,-0.270487201,1.0000,2.062128305,-1.458546877,-0.264597833,-2.409260750,2.627188921,2.107074261,2.732118368
5,198,draw,-0.013778,0.033965,0.970000,-0.083881116,-0.023664409,0.958770761,-0.270485827,1.0000,2.060324907,-1.452208996,-0.267508268,-2.409172058,2.626386642,2.099970102,2.733597994
5,199,draw,-0.013780,0.036465,0.970000,-0.083880702,-0.023664502,0.958770384,-0.270487283,1.0000,2.058527231,-1.445798278,-0.270378739,-2.409010887,2.625639439,2.092872143,2.735077620
5,200,draw,-0.013778,0.038965,0.970000,-0.083881154,-0.023664544,0.958770788,-0.270485708,1.0000,2.056732178,-1.439357638,-0.273232788,-2.408819675,2.624914885,2.085776567,2.736557484
5,201,draw,-0.013780,0.041465,0.970000,-0.083880644,-0.023664598,0.958770318,-0.270487528,1.0000,2.054944754,-1.432844043,-0.276045173,-2.408554554,2.624247313,2.078689575,2.738037109
5,202,draw,-0.013778,0.043965,0.970000,-0.083881106,-0.023664407,0.958770801,-0.270485689,1.0000,2.053159952,-1.426303029,-0.278841794,-2.408261299,2.623601198,2.071605921,2.739516735
5,203,draw,-0.013780,0.046465,0.970000,-0.083880603,-0.023664511,0.958770285,-0.270487663,1.0000,2.051384211,-1.419689417,-0.281595141,-2.407892227,2.623013258,2.064532995,2.740996599
5,204,draw,-0.013778,0.048965,0.970000,-0.083881108,-0.023664369,0.958770809,-0.270485663,1.0000,2.049611568,-1.413050532,-0.284333438,-2.407496691,2.622445822,2.057463884,2.742476225
5,205,draw,-0.013780,0.051465,0.970000,-0.083880545,-0.023664433,0.958770287,-0.270487680,1.0000,2.047849655,-1.406339765,-0.287026942,-2.407023668,2.621937752,2.050408602,2.743955851
5,206,draw,-0.013778,0.053965,0.970000,-0.083881134,-0.023664375,0.958770822,-0.270485606,1.0000,2.046091080,-1.399605989,-0.289706171,-2.406525850,2.621448994,2.043357372,2.745435715
5,207,draw,-0.013780,0.056465,0.970000,-0.083880464,-0.023664555,0.958770242,-0.270487855,1.0000,2.044344902,-1.392800808,-0.292339206,-2.405948877,2.621021032,2.036322594,2.746915340
5,208,draw,-0.013778,0.058965,0.970000,-0.083881142,-0.023664349,0.958770841,-0.270485539,1.0000,2.042602301,-1.385975003,-0.294958800,-2.405349016,2.620610952,2.029292822,2.748394966
5,209,draw,-0.013780,0.061464,0.970000,-0.083880338,-0.023664536,0.958770221,-0.270487970,1.0000,2.040873289,-1.379078627,-0.297530860,-2.404668331,2.620263100,2.022282124,2.749874830
5,210,draw,-0.013778,0.063965,0.970000,-0.083881138,-0.023664309,0.958770850,-0.270485511,1.0000,2.039148331,-1.372163534,-0.300090373,-2.403966427,2.619931698,2.015276670,2.751354456
5,211,draw,-0.013780,0.066464,0.970000,-0.083880210,-0.023664541,0.958770213,-0.270488038,1.0000,2.037438631,-1.365178943,-0.302601188,-2.403182030,2.619663715,2.008293390,2.752834082
5,212,draw,-0.013777,0.068965,0.970000,-0.083881140,-0.023664271,0.958770880,-0.270485409,1.0000,2.035732746,-1.358177781,-0.305100411,-2.402378321,2.619410753,2.001315594,2.754313946
5,213,draw,-0.013780,0.071464,0.970000,-0.083880162,-0.023664478,0.958770176,-0.270488188,1.0000,2.034044266,-1.351108313,-0.307549834,-2.401490450,2.619222164,1.994363308,2.755793571
5,214,draw,-0.013777,0.073965,0.970000,-0.083881113,-0.023664425,0.958770915,-0.270485280,1.0000,2.032359362,-1.344024181,-0.309988618,-2.400584698,2.619047642,1.987416387,2.757273197
5,215,draw,-0.013780,0.076464,0.970000,-0.083880047,-0.023664446,0.958770171,-0.270488246,1.0000,2.030693293,-1.336872816,-0.312376708,-2.399593592,2.618938208,1.980498433,2.758753061
5,216,draw,-0.013777,0.078965,0.970000,-0.083881177,-0.023664277,0.958770944,-0.270485171,1.0000,2.029031038,-1.329708815,-0.314755142,-2.398586273,2.618841410,1.973585963,2.760232687
5,217,draw,-0.013780,0.081464,0.970000,-0.083879879,-0.023664478,0.958770157,-0.270488345,1.0000,2.027389526,-1.322479248,-0.317082047,-2.397491932,2.618810892,1.966705680,2.761712313
5,218,draw,-0.013777,0.083965,0.970000,-0.083881216,-0.023664367,0.958770950,-0.270485128,1.0000,2.025751352,-1.315238595,-0.319400340,-2.396383047,2.618791342,1.959830761,2.763192177
5,219,draw,-0.013281,0.086385,0.970000,-0.083876388,-0.023665753,0.958770437,-0.270488322,1.0000,2.025278330,-1.308691025,-0.322702378,-2.394781828,2.617428780,1.953880310,2.764671803
5,220,draw,-0.012717,0.088793,0.970000,-0.083880559,-0.023664576,0.958771078,-0.270484859,1.0000,2.024974108,-1.302243829,-0.326146960,-2.393109322,2.615871191,1.948063850,2.766151428
5,221,draw,-0.011949,0.091168,0.970000,-0.083875252,-0.023666495,0.958770459,-0.270488534,1.0000,2.025166273,-1.296050429,-0.329992056,-2.391186476,2.613805771,1.942634106,2.767631292
5,222,draw,-0.011160,0.093540,0.970000,-0.083880460,-0.023664683,0.958771086,-0.270484853,1.0000,2.025419712,-1.289888382,-0.333886683,-2.389232874,2.611677408,1.937252283,2.769110918
5,223,draw,-0.010367,0.095912,0.970000,-0.083875057,-0.023666379,0.958770475,-0.270488544,1.0000,2.025709629,-1.283675313,-0.337767273,-2.387192249,2.609613895,1.931896806,2.770590544
5,224,draw,-0.009579,0.098284,0.970000,-0.083880613,-0.023664591,0.958771097,-0.270484773,1.0000,2.026003599,-1.277457118,-0.341646373,-2.385142565,2.607557058,1.926544070,2.772070408
5,225,draw,-0.008786,0.100655,0.970000,-0.083874849,-0.023666464,0.958770438,-0.270488734,1.0000,2.026336908,-1.271189094,-0.345511973,-2.383004665,2.605566263,1.921220064,2.773550034
5,226,draw,-0.007998,0.103027,0.970000,-0.083880782,-0.023664508,0.958771157,-0.270484516,1.0000,2.026673555,-1.264916897,-0.349376410,-2.380859375,2.603580952,1.915898681,2.775029659
5,227,draw,-0.007205,0.105399,0.970000,-0.083874672,-0.023666440,0.958770419,-0.270488860,1.0000,2.027052879,-1.258596420,-0.353228122,-2.378624678,2.601662636,1.910608530,2.776509523
5,228,draw,-0.006417,0.107771,0.970000,-0.083881034,-0.023664448,0.958771152,-0.270484463,1.0000,2.027435064,-1.252272844,-0.357078969,-2.376384258,2.599748611,1.905320525,2.777989149
5,229,draw,-0.005279,0.109843,0.970000,-0.083874507,-0.023667705,0.958770526,-0.270488421,1.0000,2.028607130,-1.247121930,-0.361419886,-2.373948812,2.596954584,1.901227355,2.779468775
5,230,draw,-0.004132,0.111904,0.970000,-0.083881203,-0.023664466,0.958771193,-0.270484264,1.0000,2.029815912,-1.242025614,-0.365783572,-2.371504545,2.594119549,1.897189856,2.780948400
5,231,draw,-0.001924,0.113039,0.970000,-0.083879465,-0.023672638,0.958769992,-0.270488343,1.0000,2.033362389,-1.240665317,-0.371667683,-2.368652821,2.588417292,1.896754384,2.782428265
5,232,draw,0.000309,0.114166,0.970000,-0.083881598,-0.023664521,0.958771206,-0.270484091,1.0000,2.036976099,-1.239412546,-0.377595454,-2.365789413,2.582632542,1.896422386,2.783907890
5,233,draw,0.002548,0.115274,0.970000,-0.083879528,-0.023672819,0.958769986,-0.270488329,1.0000,2.040651321,-1.238181591,-0.383498371,-2.362839937,2.576872587,1.896136165,2.785387516
5,234,draw,0.004782,0.116402,0.970000,-0.083881548,-0.023664373,0.958771220,-0.270484069,1.0000,2.044327497,-1.236950994,-0.389400870,-2.359889030,2.571113110,1.895850778,2.786867380
5,235,draw,0.007021,0.117510,0.970000,-0.083879567,-0.023672912,0.958769953,-0.270488425,1.0000,2.048067093,-1.235744596,-0.395277321,-2.356851816,2.565377712,1.895612359,2.788347006
5,236,draw,0.009256,0.118628,0.970000,-0.083881677,-0.023664672,0.958771183,-0.270484133,1.0000,2.051810265,-1.234566808,-0.401148200,-2.353817940,2.559637547,1.895398855,2.789826632
5,237,draw,0.011593,0.119306,0.970000,-0.083882870,-0.023672781,0.958769808,-0.270487929,1.0000,2.055717230,-1.234702706,-0.406763226,-2.350937366,2.553674936,1.896323323,2.791306496
5,238,draw,0.013937,0.119979,0.970000,-0.083882120,-0.023664967,0.958771114,-0.270484215,1.0000,2.059632778,-1.234919786,-0.412361711,-2.348067999,2.547697067,1.897317767,2.792786121
5,239,draw,0.016432,0.119966,0.970000,-0.083888215,-0.023672699,0.958769461,-0.270487506,1.0000,2.063764811,-1.237201214,-0.417538911,-2.345489740,2.541332722,1.900093436,2.794265747
5,240,draw,0.018936,0.119979,0.970000,-0.083882362,-0.023665125,0.958771032,-0.270484417,1.0000,2.067900181,-1.239484906,-0.422711819,-2.342906952,2.534967661,1.902873158,2.795745611
5,241,draw,0.021432,0.119966,0.970000,-0.083888460,-0.023672759,0.958769387,-0.270487689,1.0000,2.072092295,-1.241806388,-0.427809447,-2.340241194,2.528593302,1.905720711,2.797225237
5,242,draw,0.023936,0.119978,0.970000,-0.083882571,-0.023665484,0.958770993,-0.270484459,1.0000,2.076288700,-1.244130850,-0.432901204,-2.337569475,2.522218227,1.908573627,2.798704863
5,243,draw,0.026432,0.119966,0.970000,-0.083888681,-0.023672755,0.958769307,-0.270487903,1.0000,2.080542803,-1.246494651,-0.437916249,-2.334817171,2.515832663,1.911495090,2.800184727
5,244,draw,0.028936,0.119978,0.970000,-0.083882882,-0.023665764,0.958770916,-0.270484609,1.0000,2.084802389,-1.248862386,-0.442923844,-2.332056999,2.509445906,1.914423347,2.801664352
5,245,draw,0.031432,0.119966,0.970000,-0.083888958,-0.023672805,0.958769295,-0.270487855,1.0000,2.089120626,-1.251270771,-0.447853267,-2.329217911,2.503047705,1.917421103,2.803143978
5,246,draw,0.033930,0.119954,0.970000,-0.083883330,-0.023665785,0.958770812,-0.270484840,1.0000,2.093422890,-1.253739595,-0.452735782,-2.326395750,2.496665239,1.920469403,2.804623842
5,247,draw,0.036373,0.119721,0.970000,-0.083890103,-0.023672030,0.958769237,-0.270487775,1.0000,2.097586632,-1.256730676,-0.457212418,-2.323717833,2.490417957,1.923956633,2.806103468
5,248,draw,0.038799,0.119403,0.970000,-0.083884204,-0.023665329,0.958770731,-0.270484893,1.0000,2.101651669,-1.259984732,-0.461501062,-2.321149588,2.484247923,1.927652955,2.807583094
5,249,draw,0.041028,0.118276,0.970000,-0.083892633,-0.023668979,0.958769063,-0.270487874,1.0000,2.104992867,-1.265166998,-0.464411467,-2.319381952,2.478643656,1.932883382,2.809062958
5,250,draw,0.043271,0.117167,0.970000,-0.083884618,-0.023665523,0.958770647,-0.270485046,1.0000,2.108343840,-1.270351887,-0.467307597,-2.317602158,2.473034859,1.938125968,2.810542583
5,251,draw,0.045499,0.116040,0.970000,-0.083892941,-0.023668994,0.958769018,-0.270487934,1.0000,2.111756563,-1.275553346,-0.470113337,-2.315744162,2.467400074,1.943446040,2.812022209
5,252,draw,0.047743,0.114930,0.970000,-0.083885052,-0.023665619,0.958770522,-0.270485347,1.0000,2.115180969,-1.280757785,-0.472902477,-2.313872576,2.461760283,1.948779941,2.813502073
5,253,draw,0.049971,0.113804,0.970000,-0.083893226,-0.023669029,0.958768911,-0.270488223,1.0000,2.118668556,-1.285979390,-0.475599587,-2.311924219,2.456094027,1.954191566,2.814981699
5,254,draw,0.052188,0.112658,0.970000,-0.083885221,-0.023665429,0.958770530,-0.270485283,1.0000,2.122085094,-1.291264415,-0.478184879,-2.310024977,2.450501919,1.959653854,2.816461325
5,255,draw,0.054261,0.111317,0.970000,-0.083892698,-0.023667798,0.958768958,-0.270488329,1.0000,2.125153303,-1.296861410,-0.480221599,-2.308366299,2.445274830,1.965364695,2.817941189
5,256,draw,0.056290,0.109909,0.970000,-0.083884887,-0.023664841,0.958770472,-0.270485645,1.0000,2.128052235,-1.302590013,-0.482037455,-2.306831121,2.440217018,1.971168399,2.819420815
5,257,draw,0.058052,0.108137,0.970000,-0.083890916,-0.023665983,0.958769144,-0.270488382,1.0000,2.130209446,-1.308895946,-0.482885301,-2.305837631,2.435901642,1.977379084,2.820900440
5,258,draw,0.059825,0.106373,0.970000,-0.083885311,-0.023664958,0.958770400,-0.270485758,1.0000,2.132384300,-1.315199852,-0.483715445,-2.304825306,2.431580305,1.983607292,2.822380304
5,259,draw,0.061587,0.104601,0.970000,-0.083891204,-0.023665859,0.958769067,-0.270488575,1.0000,2.134629011,-1.321496248,-0.484475642,-2.303738594,2.427235365,1.989904761,2.823859930
5,260,draw,0.063360,0.102837,0.970000,-0.083885675,-0.023664968,0.958770323,-0.270485915,1.0000,2.136893511,-1.327790618,-0.485215813,-2.302631140,2.422883749,1.996221423,2.825339556
5,261,draw,0.065123,0.101066,0.970000,-0.083891481,-0.023665882,0.958768995,-0.270488743,1.0000,2.139228344,-1.334077120,-0.485884368,-2.301450968,2.418508530,2.002606392,2.826819420
5,262,draw,0.066895,0.099301,0.970000,-0.083886152,-0.023665030,0.958770193,-0.270486223,1.0000,2.141585112,-1.340361118,-0.486530364,-2.300248861,2.414126158,2.009011984,2.828299046
5,263,draw,0.068658,0.097530,0.970000,-0.083891739,-0.023665965,0.958768939,-0.270488852,1.0000,2.144012690,-1.346637130,-0.487103134,-2.298975468,2.409720421,2.015485287,2.829778671
5,264,draw,0.070430,0.095766,0.970000,-0.083886629,-0.023665013,0.958770087,-0.270486452,1.0000,2.146464348,-1.352910280,-0.487650722,-2.297678947,2.405306578,2.021981001,2.831258535
5,265,draw,0.072193,0.093995,0.970000,-0.083892067,-0.023665828,0.958768858,-0.270489049,1.0000,2.148987532,-1.359175086,-0.488123477,-2.296312809,2.400869608,2.028543472,2.832738161
5,266,draw,0.073965,0.092230,0.970000,-0.083887013,-0.023665051,0.958770006,-0.270486618,1.0000,2.151537180,-1.365436554,-0.488568276,-2.294921637,2.396424055,2.035130024,2.834217787
5,267,draw,0.075728,0.090459,0.970000,-0.083892400,-0.023665908,0.958768803,-0.270489135,1.0000,2.154158831,-1.371689439,-0.488936692,-2.293462753,2.391954899,2.041782379,2.835697651
5,268,draw,0.077500,0.088694,0.970000,-0.083887520,-0.023665058,0.958769887,-0.270486880,1.0000,2.156809568,-1.377938628,-0.489274174,-2.291977644,2.387476683,2.048460960,2.837177277
5,269,draw,0.079263,0.086923,0.970000,-0.083892667,-0.023665838,0.958768725,-0.270489335,1.0000,2.159533024,-1.384178877,-0.489533842,-2.290426493,2.382974863,2.055204391,2.838656902
6,0,travel,0.080520,0.085529,0.969348,-0.082841113,-0.023475775,0.959729600,-0.267404810,1.0000,2.156510592,-1.390614271,-0.489281207,-2.292877913,2.382761002,2.059894323,2.834857225
6,1,travel,0.080542,0.085007,0.967169,-0.079386668,-0.022832380,0.962839958,-0.257129645,1.0000,2.140135527,-1.397503495,-0.487838089,-2.304631233,2.392512321,2.059811592,2.818788767
6,2,travel,0.080548,0.084525,0.964974,-0.075938936,-0.022163178,0.965833865,-0.246793471,1.0000,2.123760462,-1.404392838,-0.486394972,-2.316384315,2.402263403,2.059728622,2.802720308
6,3,travel,0.080540,0.084086,0.962762,-0.072497961,-0.021467575,0.968710096,-0.236397839,1.0000,2.107385635,-1.411282063,-0.484951854,-2.328137636,2.412014484,2.059645891,2.786651850
6,4,travel,0.080519,0.083689,0.960534,-0.069063825,-0.020745811,0.971467566,-0.225943725,1.0000,2.091010571,-1.418171406,-0.483508736,-2.339890957,2.421765566,2.059563160,2.770583391
6,5,travel,0.080487,0.083336,0.958287,-0.065636563,-0.019997724,0.974105064,-0.215432720,1.0000,2.074635506,-1.425060630,-0.482065618,-2.351644278,2.431516886,2.059480429,2.754515171
6,6,travel,0.080446,0.083027,0.956023,-0.062216441,-0.019223356,0.976621519,-0.204865773,1.0000,2.058260441,-1.431949973,-0.480622500,-2.363397598,2.441267967,2.059397697,2.738446712
6,7,travel,0.080398,0.082763,0.953740,-0.058803489,-0.018422668,0.979015743,-0.194244512,1.0000,2.041885614,-1.438839197,-0.479179412,-2.375150919,2.451019049,2.059314728,2.722378254
6,8,travel,0.080344,0.082544,0.951438,-0.055397652,-0.017595503,0.981286666,-0.183570089,1.0000,2.025510550,-1.445728540,-0.477736294,-2.386904240,2.460770369,2.059231997,2.706309795
6,9,travel,0.080288,0.082370,0.949116,-0.051999254,-0.016741798,0.983433162,-0.172843877,1.0000,2.009135485,-1.452617764,-0.476293176,-2.398657560,2.470521450,2.059149265,2.690241337
6,10,travel,0.080230,0.082243,0.946775,-0.048608238,-0.015861653,0.985454117,-0.162067364,1.0000,1.992760539,-1.459507108,-0.474850059,-2.410410881,2.480272532,2.059066534,2.674172878
6,11,travel,0.080173,0.082162,0.944412,-0.045224726,-0.014955041,0.987348448,-0.151241900,1.0000,1.976385593,-1.466396332,-0.473406941,-2.422164202,2.490023613,2.058983564,2.658104420
6,12,travel,0.080118,0.082128,0.942029,-0.041848630,-0.014021774,0.989115088,-0.140368887,1.0000,1.960010529,-1.473285556,-0.471963823,-2.433917522,2.499774933,2.058900833,2.642035961
6,13,travel,0.080069,0.082140,0.939624,-0.038480201,-0.013062094,0.990752961,-0.129449706,1.0000,1.943635583,-1.480174899,-0.470520705,-2.445670605,2.509526014,2.058818102,2.625967503
6,14,travel,0.080025,0.082200,0.937197,-0.035119463,-0.012075682,0.992261004,-0.118485870,1.0000,1.927260518,-1.487064123,-0.469077587,-2.457423925,2.519277096,2.058735371,2.609899044
6,15,travel,0.079991,0.082307,0.934747,-0.031766432,-0.011062879,0.993638159,-0.107478911,1.0000,1.910885572,-1.493953466,-0.467634469,-2.469177246,2.529028177,2.058652401,2.593830585
6,16,travel,0.079967,0.082461,0.932275,-0.028421049,-0.010023343,0.994883401,-0.096430256,1.0000,1.894510508,-1.500842690,-0.466191351,-2.480930567,2.538779497,2.058569670,2.577762127
6,17,travel,0.079957,0.082662,0.929778,-0.025083535,-0.008957298,0.995995695,-0.085341418,1.0000,1.878135562,-1.507732034,-0.464748263,-2.492683887,2.548530579,2.058486938,2.561693668
6,18,travel,0.079961,0.082910,0.927258,-0.021753880,-0.007864662,0.996974030,-0.074213873,1.0000,1.861760497,-1.514621258,-0.463305146,-2.504437208,2.558281660,2.058404207,2.545625210
6,19,travel,0.079982,0.083204,0.924712,-0.018431968,-0.006745581,0.997817381,-0.063049462,1.0000,1.845385551,-1.521510601,-0.461862028,-2.516190529,2.568032980,2.058321476,2.529556990
6,20,travel,0.080022,0.083545,0.922142,-0.015118072,-0.005600070,0.998524779,-0.051849289,1.0000,1.829010487,-1.528399825,-0.460418910,-2.527943850,2.577784061,2.058238506,2.513488531
6,21,travel,0.080083,0.083932,0.919546,-0.011812057,-0.004428057,0.999095226,-0.040615235,1.0000,1.812635541,-1.535289168,-0.458975792,-2.539697170,2.587535143,2.058155775,2.497420073
6,22,travel,0.080168,0.084365,0.916924,-0.008513979,-0.003229585,0.999527752,-0.029348855,1.0000,1.796260595,-1.542178392,-0.457532674,-2.551450491,2.597286224,2.058073044,2.481351614
6,23,travel,0.080278,0.084842,0.914275,-0.005223718,-0.002004830,0.999821397,-0.018051779,1.0000,1.779885530,-1.549067736,-0.456089556,-2.563203812,2.607037544,2.057990313,2.465283155
6,24,travel,0.080415,0.085364,0.911599,-0.001941525,-0.000753833,0.999975213,-0.006725667,1.0000,1.763510585,-1.555956960,-0.454646438,-2.574957132,2.616788626,2.057907343,2.449214697
6,25,travel,0.080618,0.086789,0.910017,0.000003847,-0.000015209,1.000000000,-0.000011250,1.0000,1.760220051,-1.559499741,-0.455205142,-2.581070423,2.620973110,2.057674170,2.434435606
6,26,travel,0.080853,0.089499,0.910054,0.000012946,-0.000047918,0.999999998,-0.000035632,1.0000,1.775967121,-1.558173299,-0.458676428,-2.578978062,2.617058516,2.057221651,2.421532869
6,27,travel,0.081046,0.092241,0.910083,0.000021209,-0.000073920,0.999999996,-0.000055142,1.0000,1.791714191,-1.556846857,-0.462147683,-2.576885700,2.613143921,2.056769371,2.408630133
6,28,travel,0.081193,0.095013,0.910106,0.000028351,-0.000093479,0.999999993,-0.000069690,1.0000,1.807461262,-1.555520415,-0.465618968,-2.574793339,2.609229326,2.056316853,2.395727158
6,29,travel,0.081296,0.097815,0.910121,0.000034069,-0.000106526,0.999999991,-0.000079544,1.0000,1.823208332,-1.554193974,-0.469090253,-2.572700977,2.605314732,2.055864334,2.382824421
6,30,travel,0.081353,0.100646,0.910129,0.000037959,-0.000112992,0.999999989,-0.000084439,1.0000,1.838955402,-1.552867532,-0.472561538,-2.570608616,2.601399899,2.055412054,2.369921446
6,31,travel,0.081363,0.103505,0.910130,0.000039933,-0.000113185,0.999999989,-0.000084815,1.0000,1.854702592,-1.551541090,-0.476032823,-2.568516254,2.597485304,2.054959536,2.357018709
6,32,travel,0.081325,0.106392,0.910124,0.000039594,-0.000106995,0.999999990,-0.000080288,1.0000,1.870449662,-1.550214767,-0.479504079,-2.566423893,2.593570709,2.054507256,2.344115734
6,33,travel,0.081238,0.109306,0.910110,0.000036646,-0.000094620,0.999999992,-0.000071185,1.0000,1.886196733,-1.548888326,-0.482975364,-2.564331532,2.589656115,2.054054737,2.331212997
6,34,travel,0.081101,0.112245,0.910089,0.000030796,-0.000075975,0.999999995,-0.000057419,1.0000,1.901943803,-1.547561884,-0.486446649,-2.562239170,2.585741520,2.053602457,2.318310261
6,35,travel,0.080914,0.115209,0.910061,0.000021761,-0.000051396,0.999999998,-0.000038900,1.0000,1.917690873,-1.546235442,-0.489917934,-2.560146809,2.581826925,2.053149939,2.305407286
6,36,travel,0.080676,0.118198,0.910025,0.000009134,-0.000020887,1.000000000,-0.000015842,1.0000,1.933437943,-1.544909000,-0.493389189,-2.558054447,2.577912092,2.052697420,2.292504549
6,37,travel,0.080836,0.119887,0.912218,-0.000730829,0.000086482,0.999995472,0.002917799,1.0000,1.937350750,-1.537589431,-0.492596984,-2.550144196,2.577351809,2.052942276,2.286702871
6,38,travel,0.081523,0.119671,0.917671,-0.002551637,0.000284344,0.999946654,0.010004898,1.0000,1.924045086,-1.521549940,-0.485601455,-2.533769131,2.581671476,2.054201603,2.291233540
6,39,travel,0.082052,0.119480,0.923129,-0.004409082,0.000463622,0.999845952,0.016982852,1.0000,1.910739422,-1.505510330,-0.478605926,-2.517394304,2.585991383,2.055460691,2.295763969
6,40,travel,0.082426,0.119323,0.928591,-0.006302049,0.000626660,0.999695482,0.023850262,1.0000,1.897433639,-1.489470840,-0.471610397,-2.501019239,2.590311050,2.056720018,2.300294638
6,41,travel,0.082648,0.119206,0.934052,-0.008229062,0.000775770,0.999497359,0.030605719,1.0000,1.884127975,-1.473431349,-0.464614868,-2.484644175,2.594630957,2.057979107,2.304825068
6,42,travel,0.082719,0.119137,0.939509,-0.010188964,0.000913469,0.999253695,0.037247878,1.0000,1.870822310,-1.457391739,-0.457619339,-2.468269110,2.598950624,2.059238195,2.309355736
6,43,travel,0.082644,0.119124,0.944960,-0.012180056,0.001042169,0.998966594,0.043775623,1.0000,1.857516646,-1.441352248,-0.450623810,-2.451894283,2.603270531,2.060497522,2.313886166
6,44,travel,0.082427,0.119173,0.950400,-0.014200954,0.001163736,0.998638150,0.050187880,1.0000,1.844210863,-1.425312757,-0.443628281,-2.435519218,2.607590199,2.061756611,2.318416834
6,45,travel,0.082072,0.119291,0.955826,-0.016249863,0.001280761,0.998270458,0.056483577,1.0000,1.830905199,-1.409273148,-0.436632752,-2.419144154,2.611910105,2.063015938,2.322947264
6,46,travel,0.081582,0.119486,0.961235,-0.018325250,0.001395045,0.997865597,0.062661703,1.0000,1.817599535,-1.393233657,-0.429637223,-2.402769089,2.616229773,2.064275026,2.327477932
6,47,travel,0.080963,0.119762,0.966623,-0.020425145,0.001509074,0.997425629,0.068721538,1.0000,1.804293752,-1.377194166,-0.422641724,-2.386394262,2.620549679,2.065534353,2.332008362
6,48,draw,0.080509,0.119052,0.970000,-0.021757973,0.001581501,0.997132069,0.072468791,1.0000,1.796072125,-1.369655967,-0.417707473,-2.376220226,2.622867584,2.068801641,2.334857464
6,49,draw,0.080508,0.116552,0.970000,-0.021758192,0.001581509,0.997132140,0.072467753,1.0000,1.796464562,-1.376522422,-0.416265845,-2.376553059,2.621793509,2.075471163,2.334857464
6,50,draw,0.080508,0.114052,0.970000,-0.021758144,0.001581407,0.997132059,0.072468878,1.0000,1.796877623,-1.383367419,-0.414810061,-2.376847506,2.620728970,2.082159519,2.334857464
6,51,draw,0.080508,0.111552,0.970000,-0.021758362,0.001581468,0.997132136,0.072467760,1.0000,1.797325850,-1.390175939,-0.413330257,-2.377077103,2.619681120,2.088879824,2.334857464
6,52,draw,0.080508,0.109052,0.970000,-0.021758207,0.001581408,0.997132060,0.072468845,1.0000,1.797794342,-1.396961927,-0.411835641,-2.377268314,2.618643045,2.095618010,2.334857464
6,53,draw,0.080508,0.106552,0.970000,-0.021758514,0.001581395,0.997132130,0.072467792,1.0000,1.798297644,-1.403709769,-0.410315990,-2.377394438,2.617621660,2.102386713,2.334857464
6,54,draw,0.080513,0.104052,0.970000,-0.021757184,0.001581314,0.997132028,0.072469597,1.0000,1.797726512,-1.409997463,-0.408726633,-2.377598047,2.616880178,2.108633995,2.335735798
6,55,draw,0.080514,0.101552,0.970000,-0.021757080,0.001581427,0.997132078,0.072468949,1.0000,1.795335054,-1.415505648,-0.407019198,-2.377932787,2.616612911,2.113998413,2.338102102
6,56,draw,0.080519,0.099050,0.970000,-0.021756164,0.001581113,0.997131979,0.072470585,1.0000,1.790796518,-1.420140743,-0.405224353,-2.378460407,2.616854191,2.118313074,2.342225075
6,57,draw,0.080523,0.096550,0.970000,-0.021755569,0.001580970,0.997132009,0.072470361,1.0000,1.782619715,-1.423296332,-0.403281361,-2.379314661,2.617957592,2.120849371,2.349324226
6,58,draw,0.080521,0.094049,0.970000,-0.021756071,0.001580797,0.997131973,0.072470709,1.0000,1.773407578,-1.426037550,-0.401329845,-2.380245209,2.619268417,2.122886896,2.357301950
6,59,draw,0.080525,0.091548,0.970000,-0.021755457,0.001580694,0.997131997,0.072470559,1.0000,1.762441039,-1.428076744,-0.399363935,-2.381304979,2.620930433,2.124079943,2.366767406
6,60,draw,0.080521,0.089049,0.970000,-0.021756163,0.001580885,0.997131958,0.072470878,1.0000,1.751533031,-1.430135131,-0.397444636,-2.382325411,2.622529745,2.125309706,2.376233101
6,61,draw,0.080525,0.086548,0.970000,-0.021755545,0.001580765,0.997131995,0.072470561,1.0000,1.740724206,-1.432226181,-0.395604253,-2.383280039,2.624023438,2.126602173,2.385698795
6,62,draw,0.080521,0.084050,0.970000,-0.021756178,0.001580977,0.997131965,0.072470780,1.0000,1.729973197,-1.434333444,-0.393811047,-2.384195805,2.625454664,2.127928734,2.395164490
6,63,draw,0.080525,0.081549,0.970000,-0.021755650,0.001580880,0.997131979,0.072470750,1.0000,1.719320178,-1.436468482,-0.392097831,-2.385046244,2.626780033,2.129313469,2.404629946
6,64,draw,0.080520,0.079050,0.970000,-0.021756294,0.001580935,0.997131951,0.072470932,1.0000,1.708724499,-1.438617229,-0.390432239,-2.385858536,2.628043175,2.130729437,2.414095640
6,65,draw,0.080525,0.076549,0.970000,-0.021755748,0.001580831,0.997131978,0.072470737,1.0000,1.698225617,-1.440788984,-0.388847411,-2.386606455,2.629200935,2.132199049,2.423561335
6,66,draw,0.080520,0.074050,0.970000,-0.021756371,0.001581156,0.997131951,0.072470915,1.0000,1.687783360,-1.442971587,-0.387310565,-2.387316704,2.630296469,2.133697748,2.433027029
6,67,draw,0.080525,0.071549,0.970000,-0.021755887,0.001580989,0.997131964,0.072470873,1.0000,1.677436948,-1.445172787,-0.385855019,-2.387963057,2.631286860,2.135245323,2.442492485
6,68,draw,0.080520,0.069050,0.970000,-0.021756423,0.001581111,0.997131942,0.072471020,1.0000,1.667146325,-1.447382331,-0.384447694,-2.388572454,2.632215500,2.136819124,2.451958179
6,69,draw,0.080525,0.066550,0.970000,-0.021755999,0.001581068,0.997131964,0.072470848,1.0000,1.656950474,-1.449605942,-0.383121967,-2.389118910,2.633039236,2.138437748,2.461423874
6,70,draw,0.080520,0.064051,0.970000,-0.021756513,0.001581160,0.997131939,0.072471037,1.0000,1.646809697,-1.451835513,-0.381844550,-2.389628649,2.633801460,2.140080214,2.470889568
6,71,draw,0.080525,0.061550,0.970000,-0.021756084,0.001581055,0.997131955,0.072470941,1.0000,1.636762500,-1.454074860,-0.380648911,-2.390076637,2.634459496,2.141762733,2.480355024
6,72,draw,0.080520,0.059051,0.970000,-0.021756581,0.001581299,0.997131936,0.072471043,1.0000,1.626769781,-1.456317544,-0.379501492,-2.390488386,2.635056257,2.143466949,2.489820719
6,73,draw,0.080524,0.056550,0.970000,-0.021756208,0.001581095,0.997131956,0.072470885,1.0000,1.616869450,-1.458566070,-0.378435850,-2.390838861,2.635549307,2.145206928,2.499286413
6,74,draw,0.080520,0.054051,0.970000,-0.021756681,0.001581221,0.997131940,0.072470964,1.0000,1.607022882,-1.460815549,-0.377418309,-2.391153812,2.635981560,2.146965981,2.508752108
6,75,draw,0.080524,0.051550,0.970000,-0.021756376,0.001581247,0.997131950,0.072470913,1.0000,1.597267389,-1.463066936,-0.376482338,-2.391408443,2.636310577,2.148757219,2.518217802
6,76,draw,0.080520,0.049051,0.970000,-0.021756794,0.001581300,0.997131930,0.072471073,1.0000,1.587565064,-1.465317011,-0.375594229,-2.391628027,2.636579514,2.150564671,2.527683258
6,77,draw,0.080524,0.046551,0.970000,-0.021756437,0.001581190,0.997131944,0.072470982,1.0000,1.577952623,-1.467565179,-0.374787301,-2.391788006,2.636746168,2.152400255,2.537148952
6,78,draw,0.080520,0.044051,0.970000,-0.021756908,0.001581302,0.997131927,0.072471073,1.0000,1.568392634,-1.469809890,-0.374027938,-2.391913652,2.636852741,2.154249907,2.546614647
6,79,draw,0.080524,0.041551,0.970000,-0.021756570,0.001581301,0.997131949,0.072470875,1.0000,1.558921456,-1.472048879,-0.373349220,-2.391980648,2.636858225,2.156123638,2.556080341
6,80,draw,0.080520,0.039051,0.970000,-0.021757001,0.001581245,0.997131919,0.072471164,1.0000,1.549501777,-1.474282503,-0.372717708,-2.392013550,2.636804104,2.158009052,2.565545797
6,81,draw,0.080524,0.036551,0.970000,-0.021756792,0.001581324,0.997131935,0.072470996,1.0000,1.540169835,-1.476506829,-0.372166187,-2.391988993,2.636649609,2.159914732,2.575011492
6,82,draw,0.080520,0.034052,0.970000,-0.021757039,0.001581190,0.997131924,0.072471080,1.0000,1.530888677,-1.478723764,-0.371661395,-2.391930580,2.636436701,2.161829948,2.584477186
6,83,draw,0.080524,0.031551,0.970000,-0.021756854,0.001581304,0.997131936,0.072470961,1.0000,1.521693945,-1.480927944,-0.371235818,-2.391815662,2.636124134,2.163761616,2.593942881
6,84,draw,0.080519,0.029052,0.970000,-0.021757198,0.001581388,0.997131917,0.072471126,1.0000,1.512549520,-1.483122945,-0.370856464,-2.391667843,2.635753393,2.165700674,2.603408337
6,85,draw,0.080523,0.026552,0.970000,-0.021757009,0.001581426,0.997131930,0.072471006,1.0000,1.503490090,-1.485301971,-0.370555401,-2.391463995,2.635284662,2.167652369,2.612874031
6,86,draw,0.080519,0.024052,0.970000,-0.021757268,0.001581383,0.997131917,0.072471098,1.0000,1.494480252,-1.487469792,-0.370299995,-2.391227484,2.634758472,2.169609308,2.622339725
6,87,draw,0.080523,0.021552,0.970000,-0.021757112,0.001581346,0.997131934,0.072470914,1.0000,1.485554218,-1.489618778,-0.370121896,-2.390936375,2.634135485,2.171575069,2.631805420
6,88,draw,0.080519,0.019052,0.970000,-0.021757341,0.001581301,0.997131917,0.072471082,1.0000,1.476677060,-1.491754770,-0.369988769,-2.390613079,2.633455753,2.173544168,2.641270876
6,89,draw,0.080523,0.016552,0.970000,-0.021757315,0.001581298,0.997131922,0.072471018,1.0000,1.467882514,-1.493868828,-0.369931936,-2.390235662,2.632680178,2.175518751,2.650736570
6,90,draw,0.080519,0.014052,0.970000,-0.021757475,0.001581375,0.997131916,0.072471052,1.0000,1.459136009,-1.495968223,-0.369919360,-2.389827013,2.631849051,2.177494526,2.660202265
6,91,draw,0.080523,0.011552,0.970000,-0.021757381,0.001581392,0.997131928,0.072470916,1.0000,1.450470805,-1.498042941,-0.369981915,-2.389365196,2.630923748,2.179472208,2.669667959
6,92,draw,0.080519,0.009052,0.970000,-0.021757521,0.001581415,0.997131911,0.072471104,1.0000,1.441853046,-1.500101447,-0.370088041,-2.388872385,2.629943371,2.181449175,2.679133415
6,93,draw,0.080523,0.006552,0.970000,-0.021757541,0.001581353,0.997131922,0.072470954,1.0000,1.433315516,-1.502132535,-0.370268017,-2.388327122,2.628870249,2.183424711,2.688599110
6,94,draw,0.080519,0.004052,0.970000,-0.021757576,0.001581374,0.997131917,0.072471013,1.0000,1.424824476,-1.504145861,-0.370490849,-2.387751579,2.627743244,2.185397625,2.698064804
6,95,draw,0.080523,0.001553,0.970000,-0.021757639,0.001581421,0.997131923,0.072470911,1.0000,1.416412234,-1.506129265,-0.370786220,-2.387124777,2.626524925,2.187365770,2.707530499
6,96,travel,0.080665,-0.000179,0.968150,-0.020991621,0.001525839,0.997301433,0.070334029,1.0000,1.413157582,-1.512712359,-0.372275412,-2.392807961,2.625963211,2.188431978,2.713483095
6,97,travel,0.081037,-0.000554,0.963158,-0.018954172,0.001378617,0.997734302,0.064537597,1.0000,1.418641448,-1.527089238,-0.375787348,-2.409183025,2.626513958,2.187970400,2.713483095
6,98,travel,0.081342,-0.000850,0.958155,-0.016955616,0.001234542,0.998131710,0.058686213,1.0000,1.424125314,-1.541465998,-0.379299313,-2.425558090,2.627064705,2.187508821,2.713483095
6,99,travel,0.081579,-0.001069,0.953144,-0.014997019,0.001093424,0.998492913,0.052780642,1.0000,1.429609179,-1.555842876,-0.382811248,-2.441932917,2.627615690,2.187047482,2.713483095
6,100,travel,0.081746,-0.001213,0.948126,-0.013079756,0.000955357,0.998817167,0.046821738,1.0000,1.435093045,-1.570219755,-0.386323184,-2.458307981,2.628166437,2.186585903,2.713483095
6,101,travel,0.081839,-0.001284,0.943102,-0.011204740,0.000820273,0.999103750,0.040810253,1.0000,1.440576911,-1.584596515,-0.389835119,-2.474683046,2.628717422,2.186124325,2.713483095
6,102,travel,0.081859,-0.001281,0.938074,-0.009373270,0.000688070,0.999351942,0.034747140,1.0000,1.446060896,-1.598973393,-0.393347085,-2.491058111,2.629268169,2.185662746,2.713483095
6,103,travel,0.081801,-0.001209,0.933043,-0.007586397,0.000558659,0.999561035,0.028633396,1.0000,1.451544762,-1.613350153,-0.396859020,-2.507432938,2.629818916,2.185201168,2.713483095
6,104,travel,0.081666,-0.001067,0.928011,-0.005845114,0.000432029,0.999730343,0.022469732,1.0000,1.457028627,-1.627727032,-0.400370955,-2.523808002,2.630369902,2.184739590,2.713483095
6,105,travel,0.081450,-0.000857,0.922979,-0.004150698,0.000308123,0.999859179,0.016257289,1.0000,1.462512493,-1.642103910,-0.403882891,-2.540183067,2.630920649,2.184278011,2.713483095
6,106,travel,0.081152,-0.000583,0.917949,-0.002504125,0.000186767,0.999946875,0.009997033,1.0000,1.467996359,-1.656480670,-0.407394856,-2.556557894,2.631471395,2.183816433,2.713483095
